_source_system,_source_table,_extracted_at_utc,_snapshot_date,_snapshot_id,entity_id,trip_id,route_id,direction_id,start_time,start_date,vehicle_id,vehicle_label,license_plate,latitude,longitude,bearing,speed_mps,speed_kmh,current_stop_sequence,stop_id,current_status,timestamp_raw,timestamp_cdmx,congestion_level,occupancy_status
metrobus,metrobus_vehicle_positions,2026-08-17T22:43:47Z,2026-08-17,20260817T224342Z,bff652c1-b1e6-440a-af33-e848fd1c6b00,,19473,0.0,22:29:50,20260817,69379,2306,1240002,19.46721649169922,-99.0807113647461,238.0,18.0,64.8,,,,1787006611,2026-08-17 16:43:31-06:00,,
metrobus,metrobus_vehicle_positions,2026-08-17T22:43:47Z,2026-08-17,20260817T224342Z,b51c9fb0-c1c5-4f8f-8193-b53a339415c2,,19567,1.0,22:09:10,20260817,69378,2305,1240001,19.397764205932617,-99.10906219482422,101.0,0.0,0.0,,,,1787006614,2026-08-17 16:43:34-06:00,,
metrobus,metrobus_vehicle_positions,2026-08-17T22:43:47Z,2026-08-17,20260817T224342Z,3b7ec851-5e1c-4e1d-93d8-c029292b3b23,,19474,0.0,22:15:22,20260817,69377,2304,1230200,19.511655807495117,-99.1982650756836,227.0,0.0,0.0,,,,1787006611,2026-08-17 16:43:31-06:00,,
metrobus,metrobus_vehicle_positions,2026-08-17T22:43:47Z,2026-08-17,20260817T224342Z,c3bdc626-9576-41df-a783-c1b119a8cc8c,,19562,1.0,22:00:40,20260817,69376,2303,1230199,19.393978118896484,-99.09052276611328,123.0,0.0,0.0,,,,1787006611,2026-08-17 16:43:31-06:00,,
metrobus,metrobus_vehicle_positions,2026-08-17T22:43:47Z,2026-08-17,20260817T224342Z,c764a7fc-e99b-476c-9ed5-48598a6b2123,,19564,0.0,22:11:54,20260817,69375,2302,1230198,19.396974563598633,-99.1002426147461,273.0,4.0,14.4,,,,1787006612,2026-08-17 16:43:32-06:00,,
metrobus,metrobus_vehicle_positions,2026-08-17T22:43:47Z,2026-08-17,20260817T224342Z,23eefb2a-6950-4221-92af-428c2aae21b3,,,,,,70014,1210,001A196,19.49775505065918,-99.11951446533203,192.0,0.0,0.0,,,,1786985585,2026-08-17 10:53:05-06:00,,
metrobus,metrobus_vehicle_positions,2026-08-17T22:43:47Z,2026-08-17,20260817T224342Z,af498d3f-4f8b-494c-b6df-ceff5cee1210,,19470,0.0,21:45:02,20260817,69382,2309,1240005,19.505006790161133,-99.18880462646484,281.0,0.0,0.0,,,,1787006612,2026-08-17 16:43:32-06:00,,
metrobus,metrobus_vehicle_positions,2026-08-17T22:43:47Z,2026-08-17,20260817T224342Z,7fb39852-5e33-4b58-b710-4bc03acf4371,,19471,1.0,21:58:35,20260817,69381,2308,1240004,19.481351852416992,-99.10399627685547,114.0,43.0,154.8,,,,1787006612,2026-08-17 16:43:32-06:00,,
metrobus,metrobus_vehicle_positions,2026-08-17T22:43:47Z,2026-08-17,20260817T224342Z,a7c997b8-9f9e-4204-ba15-2d9baddbd334,,19473,0.0,22:39:20,20260817,69380,2307,1240003,19.47613525390625,-99.07167053222656,317.0,37.0,133.20000000000002,,,,1787006612,2026-08-17 16:43:32-06:00,,
metrobus,metrobus_vehicle_positions,2026-08-17T22:43:47Z,2026-08-17,20260817T224342Z,36f71573-d5d8-4f18-8fee-b1f6dc87e3b7,,19563,0.0,22:17:38,20260817,69393,2320,1230174,19.391807556152344,-99.08720397949219,305.0,0.0,0.0,,,,1787006610,2026-08-17 16:43:30-06:00,,
metrobus,metrobus_vehicle_positions,2026-08-17T22:43:47Z,2026-08-17,20260817T224342Z,ef76c629-0f3a-4161-b0a6-a39f1a864735,,19566,0.0,21:27:07,20260817,69390,2317,1240013,19.389270782470703,-99.05814361572266,125.0,0.0,0.0,,,,1787003504,2026-08-17 15:51:44-06:00,,
metrobus,metrobus_vehicle_positions,2026-08-17T22:43:47Z,2026-08-17,20260817T224342Z,37e87c86-a9cf-4877-8a95-64d65975b290,,19470,0.0,22:27:01,20260817,69389,2316,1240012,19.473236083984375,-99.08763122558594,331.0,45.0,162.0,,,,1787006615,2026-08-17 16:43:35-06:00,,
metrobus,metrobus_vehicle_positions,2026-08-17T22:43:47Z,2026-08-17,20260817T224342Z,16a5cc0b-ec52-4ca4-afc2-8d44d68ad21a,,19472,1.0,22:23:17,20260817,69388,2315,1240011,19.476524353027344,-99.09159851074219,112.0,34.0,122.4,,,,1787006617,2026-08-17 16:43:37-06:00,,
metrobus,metrobus_vehicle_positions,2026-08-17T22:43:47Z,2026-08-17,20260817T224342Z,74481562-5d47-467c-8e36-76c7a5df6ae7,,19475,1.0,22:24:44,20260817,69387,2314,1240010,19.494802474975586,-99.15286254882812,103.0,0.0,0.0,,,,1787006614,2026-08-17 16:43:34-06:00,,
metrobus,metrobus_vehicle_positions,2026-08-17T22:43:47Z,2026-08-17,20260817T224342Z,212d7ad2-058c-496e-9cb5-eee156201698,,,,,,69386,2313,1240009,19.389450073242188,-99.05789947509766,212.0,0.0,0.0,,,,1787006617,2026-08-17 16:43:37-06:00,,
metrobus,metrobus_vehicle_positions,2026-08-17T22:43:47Z,2026-08-17,20260817T224342Z,c4f5a34b-ce58-48f2-9165-e24dc25bd3be,,19474,0.0,22:37:37,20260817,69385,2312,1240008,19.49040412902832,-99.13233947753906,291.0,38.0,136.8,,,,1787006618,2026-08-17 16:43:38-06:00,,
metrobus,metrobus_vehicle_positions,2026-08-17T22:43:47Z,2026-08-17,20260817T224342Z,46ac4956-ac28-4aa5-9d3c-7bececd7a423,,19475,1.0,22:36:42,20260817,69383,2310,1240006,19.505775451660156,-99.19078063964844,158.0,19.0,68.4,,,,1787006609,2026-08-17 16:43:29-06:00,,
metrobus,metrobus_vehicle_positions,2026-08-17T22:43:47Z,2026-08-17,20260817T224342Z,987bbde5-df74-44e0-ba17-f271ba8385ee,,19473,0.0,22:36:28,20260817,69198,800,1320055,19.479904174804688,-99.07532501220703,317.0,0.0,0.0,,,,1787006610,2026-08-17 16:43:30-06:00,,
metrobus,metrobus_vehicle_positions,2026-08-17T22:43:47Z,2026-08-17,20260817T224342Z,243690e8-2e39-4562-8de8-150a5e242886,,,,,,69886,801,1280065,19.492759704589844,-99.12061309814453,325.0,0.0,0.0,,,,1787006613,2026-08-17 16:43:33-06:00,,
metrobus,metrobus_vehicle_positions,2026-08-17T22:43:47Z,2026-08-17,20260817T224342Z,5b5ff456-3399-4a9b-a844-99bf3133c938,,,,,,69887,802,1280066,19.49247932434082,-99.12046813964844,326.0,1.0,3.6,,,,1787006616,2026-08-17 16:43:36-06:00,,
metrobus,metrobus_vehicle_positions,2026-08-17T22:43:47Z,2026-08-17,20260817T224342Z,0b73f0a7-ae17-46bb-82bb-94e80f5abdb0,,,,,,69888,803,1280067,19.508333206176758,-99.1728744506836,0.0,0.0,0.0,,,,1783013862,2026-07-02 11:37:42-06:00,,
metrobus,metrobus_vehicle_positions,2026-08-17T22:43:47Z,2026-08-17,20260817T224342Z,bbdd5403-2c91-4faf-b05e-63ebb50f71c8,,,,,,69889,804,1280068,19.427173614501953,-99.20023345947266,279.0,0.0,0.0,,,,1787006619,2026-08-17 16:43:39-06:00,,
metrobus,metrobus_vehicle_positions,2026-08-17T22:43:47Z,2026-08-17,20260817T224342Z,5aba748c-0629-4cbc-8e5a-ed8e21556b13,,19579,1.0,21:58:24,20260817,69890,805,1280069,19.46112632751465,-99.12764739990234,216.0,0.0,0.0,,,,1787006615,2026-08-17 16:43:35-06:00,,
metrobus,metrobus_vehicle_positions,2026-08-17T22:43:47Z,2026-08-17,20260817T224342Z,0e552ec9-f134-428d-bb9a-8f0c343c404c,,19563,0.0,22:34:30,20260817,69392,2319,1230173,19.38875961303711,-99.05994415283203,187.0,0.0,0.0,,,,1787006613,2026-08-17 16:43:33-06:00,,
metrobus,metrobus_vehicle_positions,2026-08-17T22:43:47Z,2026-08-17,20260817T224342Z,b9d89659-9e92-4fac-a175-8fe939d14fcb,,19563,0.0,22:18:59,20260817,69391,2318,1230172,19.388795852661133,-99.08265686035156,304.0,45.0,162.0,,,,1787006615,2026-08-17 16:43:35-06:00,,
metrobus,metrobus_vehicle_positions,2026-08-17T22:43:47Z,2026-08-17,20260817T224342Z,eb858964-3d8b-4f35-b2c7-e94ed8503848,,19577,1.0,22:11:53,20260817,69892,807,1280071,19.44677734375,-99.13617706298828,466.0,32.0,115.2,,,,1787006610,2026-08-17 16:43:30-06:00,,
metrobus,metrobus_vehicle_positions,2026-08-17T22:43:47Z,2026-08-17,20260817T224342Z,a1053d11-6b1a-4499-9666-c45b887dd8ad,,19577,1.0,22:33:12,20260817,69893,808,1280072,19.423755645751953,-99.17507934570312,647.0,0.0,0.0,,,,1787006610,2026-08-17 16:43:30-06:00,,
metrobus,metrobus_vehicle_positions,2026-08-17T22:43:47Z,2026-08-17,20260817T224342Z,9ca98ce7-5dd7-455c-848c-241bfe1e7133,,19578,0.0,22:04:49,20260817,69894,809,1280073,19.43303871154785,-99.15534973144531,244.0,36.0,129.6,,,,1787006609,2026-08-17 16:43:29-06:00,,
metrobus,metrobus_vehicle_positions,2026-08-17T22:43:47Z,2026-08-17,20260817T224342Z,4daff806-d81b-47f7-96aa-09f406c9822c,,19563,0.0,22:16:33,20260817,69398,2325,1230182,19.39584732055664,-99.09317779541016,303.0,18.0,64.8,,,,1787006621,2026-08-17 16:43:41-06:00,,
metrobus,metrobus_vehicle_positions,2026-08-17T22:43:47Z,2026-08-17,20260817T224342Z,f967406b-31ab-4bcf-9643-9ab49ad35934,,19562,1.0,22:30:22,20260817,69397,2324,1230180,19.403470993041992,-99.17023468017578,894.0,0.0,0.0,,,,1787006606,2026-08-17 16:43:26-06:00,,
metrobus,metrobus_vehicle_positions,2026-08-17T22:43:47Z,2026-08-17,20260817T224342Z,9eefbf0c-e89f-47a3-89b3-48ca8da327f0,,19562,1.0,22:19:35,20260817,69395,2322,1230176,19.394325256347656,-99.14020538330078,981.0,9.0,32.4,,,,1787006615,2026-08-17 16:43:35-06:00,,
metrobus,metrobus_vehicle_positions,2026-08-17T22:43:47Z,2026-08-17,20260817T224342Z,52cf713a-da0a-4e25-8978-57f2fdada546,,19582,0.0,22:18:49,20260817,69895,810,1280074,19.455169677734375,-99.12998962402344,200.0,49.0,176.4,,,,1787006606,2026-08-17 16:43:26-06:00,,
metrobus,metrobus_vehicle_positions,2026-08-17T22:43:47Z,2026-08-17,20260817T224342Z,c65eb185-7d36-4a79-8c13-bb9870cac1e2,,19562,1.0,21:46:31,20260817,69394,2321,1230175,19.383140563964844,-99.06053924560547,910.0,18.0,64.8,,,,1787006611,2026-08-17 16:43:31-06:00,,
metrobus,metrobus_vehicle_positions,2026-08-17T22:43:47Z,2026-08-17,20260817T224342Z,629062c1-2b8e-46a6-82cd-bae6d72225d9,,19576,0.0,22:23:00,20260817,69896,811,1280075,19.455734252929688,-99.1297836303711,200.0,48.0,172.8,,,,1787006615,2026-08-17 16:43:35-06:00,,
metrobus,metrobus_vehicle_positions,2026-08-17T22:43:47Z,2026-08-17,20260817T224342Z,60ed01ef-107d-4ed1-b883-0114b7a62d9b,,19577,1.0,21:53:11,20260817,69897,812,1280076,19.46698760986328,-99.12542724609375,201.0,0.0,0.0,,,,1787006619,2026-08-17 16:43:39-06:00,,
metrobus,metrobus_vehicle_positions,2026-08-17T22:43:47Z,2026-08-17,20260817T224342Z,48880337-4da6-4e22-a2e7-f3ab67b1846a,,19583,1.0,22:09:47,20260817,69898,813,1280077,19.46466636657715,-99.12632751464844,203.0,0.0,0.0,,,,1787006606,2026-08-17 16:43:26-06:00,,
metrobus,metrobus_vehicle_positions,2026-08-17T22:43:47Z,2026-08-17,20260817T224342Z,3c7fb9b6-42d3-4fd3-9282-bcdc5b47d106,,,,,,69899,814,1280078,19.492521286010742,-99.1207046508789,0.0,0.0,0.0,,,,1787006615,2026-08-17 16:43:35-06:00,,
metrobus,metrobus_vehicle_positions,2026-08-17T22:43:47Z,2026-08-17,20260817T224342Z,814eef1b-7bc9-4ab4-b5d4-8d4ad6e1511a,,19583,1.0,22:13:47,20260817,69900,815,1280079,19.461687088012695,-99.12745666503906,198.0,0.0,0.0,,,,1787006616,2026-08-17 16:43:36-06:00,,
metrobus,metrobus_vehicle_positions,2026-08-17T22:43:47Z,2026-08-17,20260817T224342Z,4fc1ad9f-6a96-4500-9c62-776e36782ca8,,19578,0.0,21:08:53,20260817,69901,816,1280080,19.435657501220703,-99.14989471435547,237.0,0.0,0.0,,,,1787003810,2026-08-17 15:56:50-06:00,,
metrobus,metrobus_vehicle_positions,2026-08-17T22:43:47Z,2026-08-17,20260817T224342Z,983fe8c4-5650-4abb-845a-470516c4ca0f,,,,,,69902,817,1280081,19.508047103881836,-99.17213439941406,169.0,0.0,0.0,,,,1787005619,2026-08-17 16:26:59-06:00,,
metrobus,metrobus_vehicle_positions,2026-08-17T22:43:47Z,2026-08-17,20260817T224342Z,4eedebe4-9728-4a09-b0c6-0e2a9cc162d4,,19579,1.0,21:51:22,20260817,69903,818,1280082,19.4671630859375,-99.1253433227539,200.0,0.0,0.0,,,,1787006616,2026-08-17 16:43:36-06:00,,
metrobus,metrobus_vehicle_positions,2026-08-17T22:43:47Z,2026-08-17,20260817T224342Z,dcc0fed9-3544-4a99-b13f-5a52b78fb74c,,19576,0.0,22:38:07,20260817,69904,819,1280083,19.488561630249023,-99.11734771728516,195.0,30.0,108.0,,,,1787006604,2026-08-17 16:43:24-06:00,,
metrobus,metrobus_vehicle_positions,2026-08-17T22:43:47Z,2026-08-17,20260817T224342Z,b6d5dbf5-4d41-44ac-90c6-c93e105fede0,,19497,0.0,22:07:50,20260817,69957,1253,1230122,19.386653900146484,-99.17489624023438,195.0,14.0,50.4,,,,1787006583,2026-08-17 16:43:03-06:00,,
metrobus,metrobus_vehicle_positions,2026-08-17T22:43:47Z,2026-08-17,20260817T224342Z,7d033b6d-3774-47f2-99d1-d791d4fa8187,,19563,0.0,21:32:09,20260817,70106,2342,1250020,19.40801239013672,-99.18464660644531,272.0,33.0,118.8,,,,1787006606,2026-08-17 16:43:26-06:00,,
metrobus,metrobus_vehicle_positions,2026-08-17T22:43:47Z,2026-08-17,20260817T224342Z,c2c8480a-6e56-421c-a1e6-b179a4f60623,,,,,,70105,2341,1250019,19.396699905395508,-99.0966567993164,277.0,16.0,57.6,,,,1787006614,2026-08-17 16:43:34-06:00,,
metrobus,metrobus_vehicle_positions,2026-08-17T22:43:47Z,2026-08-17,20260817T224342Z,d88969bc-a458-4659-9316-7655c129d11a,,19500,1.0,21:51:34,20260817,69956,1252,1230120,19.399715423583984,-99.17056274414062,173.0,38.0,136.8,,,,1787006613,2026-08-17 16:43:33-06:00,,
metrobus,metrobus_vehicle_positions,2026-08-17T22:43:47Z,2026-08-17,20260817T224342Z,9c818d7d-388e-4f5f-9c22-5427059ca87d,,19564,0.0,21:58:04,20260817,70104,2340,1250018,19.39359474182129,-99.13499450683594,272.0,22.0,79.2,,,,1787006611,2026-08-17 16:43:31-06:00,,
metrobus,metrobus_vehicle_positions,2026-08-17T22:43:47Z,2026-08-17,20260817T224342Z,fa115250-8ede-4f28-956f-bc06d61c4a5b,,19497,0.0,21:28:04,20260817,69955,1251,1230119,19.287885665893555,-99.17476654052734,201.0,8.0,28.8,,,,1787006611,2026-08-17 16:43:31-06:00,,
metrobus,metrobus_vehicle_positions,2026-08-17T22:43:47Z,2026-08-17,20260817T224342Z,773b450a-bb1c-4a22-8ca3-41e2be09a606,,19563,0.0,21:43:32,20260817,70103,2339,1250017,19.402450561523438,-99.16837310791016,345.0,0.0,0.0,,,,1787006613,2026-08-17 16:43:33-06:00,,
metrobus,metrobus_vehicle_positions,2026-08-17T22:43:47Z,2026-08-17,20260817T224342Z,46522b44-d6a7-4c4b-a3f4-97e088449d28,,19563,0.0,22:42:05,20260817,69401,2337,1230170,19.387638092041016,-99.0504150390625,209.0,3.0,10.8,,,,1787006615,2026-08-17 16:43:35-06:00,,
metrobus,metrobus_vehicle_positions,2026-08-17T22:43:47Z,2026-08-17,20260817T224342Z,3ace5fb9-64bc-4d94-92d7-2d2ee6a3faad,,19563,0.0,21:28:49,20260817,69400,2336,1230187,19.40207862854004,-99.18672180175781,148.0,0.0,0.0,,,,1787006616,2026-08-17 16:43:36-06:00,,
metrobus,metrobus_vehicle_positions,2026-08-17T22:43:47Z,2026-08-17,20260817T224342Z,153408bf-c011-4435-8f96-9f1d22460473,,19562,1.0,22:14:52,20260817,69399,2335,1230184,19.397689819335938,-99.12959289550781,687.0,0.0,0.0,,,,1787006595,2026-08-17 16:43:15-06:00,,
metrobus,metrobus_vehicle_positions,2026-08-17T22:43:47Z,2026-08-17,20260817T224342Z,5dca9c1b-93d9-4e0e-a088-a288112bdf6c,,,,,,69905,820,1280084,19.4269962310791,-99.19915771484375,279.0,0.0,0.0,,,,1787006611,2026-08-17 16:43:31-06:00,,
metrobus,metrobus_vehicle_positions,2026-08-17T22:43:47Z,2026-08-17,20260817T224342Z,ed195401-d71a-4c14-90f2-e008b4b19f91,,19576,0.0,21:52:47,20260817,69906,821,1280085,19.424028396606445,-99.17426300048828,245.0,14.0,50.4,,,,1787006610,2026-08-17 16:43:30-06:00,,
metrobus,metrobus_vehicle_positions,2026-08-17T22:43:47Z,2026-08-17,20260817T224342Z,10681cc0-6db6-44a7-abec-4c696ac6a8b6,,19577,1.0,21:59:32,20260817,69907,822,1280086,19.461219787597656,-99.1275863647461,198.0,0.0,0.0,,,,1787006609,2026-08-17 16:43:29-06:00,,
metrobus,metrobus_vehicle_positions,2026-08-17T22:43:47Z,2026-08-17,20260817T224342Z,ce75b8f4-f621-4191-8efa-8ec691defa49,,19577,1.0,21:47:34,20260817,69908,823,1280087,19.470874786376953,-99.12393188476562,208.0,11.0,39.6,,,,1787006613,2026-08-17 16:43:33-06:00,,
metrobus,metrobus_vehicle_positions,2026-08-17T22:43:47Z,2026-08-17,20260817T224342Z,643a549f-f15f-4eed-ac25-953876a20f41,,19582,0.0,22:36:49,20260817,69909,824,1280088,19.47891616821289,-99.1209945678711,200.0,0.0,0.0,,,,1787006616,2026-08-17 16:43:36-06:00,,
metrobus,metrobus_vehicle_positions,2026-08-17T22:43:47Z,2026-08-17,20260817T224342Z,b9234887-e48d-4fec-941f-368cd13d297b,,19578,0.0,22:26:36,20260817,69910,825,1280089,19.464799880981445,-99.12629699707031,198.0,0.0,0.0,,,,1787006605,2026-08-17 16:43:25-06:00,,
metrobus,metrobus_vehicle_positions,2026-08-17T22:43:47Z,2026-08-17,20260817T224342Z,67201d58-32d7-465d-8959-4669166f9676,,19577,1.0,21:38:14,20260817,69911,826,1280090,19.483652114868164,-99.1138916015625,179.0,0.0,0.0,,,,1787006605,2026-08-17 16:43:25-06:00,,
metrobus,metrobus_vehicle_positions,2026-08-17T22:43:47Z,2026-08-17,20260817T224342Z,7f0af633-3855-4970-ab58-1a4e34473a46,,19576,0.0,22:30:49,20260817,69912,827,1280091,19.468631744384766,-99.12483215332031,195.0,2.0,7.2,,,,1787006618,2026-08-17 16:43:38-06:00,,
metrobus,metrobus_vehicle_positions,2026-08-17T22:43:47Z,2026-08-17,20260817T224342Z,7dfbb043-293b-49f1-ad48-e814df14a0d8,,19579,1.0,22:26:06,20260817,69913,828,1280092,19.429807662963867,-99.1614761352539,628.0,19.0,68.4,,,,1787006592,2026-08-17 16:43:12-06:00,,
metrobus,metrobus_vehicle_positions,2026-08-17T22:43:47Z,2026-08-17,20260817T224342Z,cbacb0ab-8194-43e0-9b98-6df67c5c9549,,19577,1.0,22:15:34,20260817,69914,829,1280093,19.436330795288086,-99.14811706542969,687.0,19.0,68.4,,,,1787006522,2026-08-17 16:42:02-06:00,,
metrobus,metrobus_vehicle_positions,2026-08-17T22:43:47Z,2026-08-17,20260817T224342Z,dae68e3d-ee6f-4fd4-b87c-1ae210246a09,,19563,0.0,22:37:28,20260817,69695,2353,1250032,19.388490676879883,-99.05726623535156,305.0,18.0,64.8,,,,1787006608,2026-08-17 16:43:28-06:00,,
metrobus,metrobus_vehicle_positions,2026-08-17T22:43:47Z,2026-08-17,20260817T224342Z,27631feb-8260-4ca3-b566-a37fbdcf44bd,,19499,0.0,21:39:49,20260817,69463,1022,1230063,19.355636596679688,-99.18490600585938,196.0,35.0,126.0,,,,1787006615,2026-08-17 16:43:35-06:00,,
metrobus,metrobus_vehicle_positions,2026-08-17T22:43:47Z,2026-08-17,20260817T224342Z,c6fe60b4-e3c2-4d6a-8f3c-87087c21973f,,19499,0.0,21:34:58,20260817,69968,1264,1230128,19.350595474243164,-99.18651580810547,197.0,0.0,0.0,,,,1787006611,2026-08-17 16:43:31-06:00,,
metrobus,metrobus_vehicle_positions,2026-08-17T22:43:47Z,2026-08-17,20260817T224342Z,0ba5cd5d-e937-4dd0-b4f6-0383cec686ab,,19499,0.0,19:53:22,20260817,69462,1021,1230062,19.499895095825195,-99.11973571777344,137.0,0.0,0.0,,,,1786997203,2026-08-17 14:06:43-06:00,,
metrobus,metrobus_vehicle_positions,2026-08-17T22:43:47Z,2026-08-17,20260817T224342Z,10ad43d3-36c5-40a5-bea5-15ccc31fd876,,19563,0.0,21:25:27,20260817,69694,2352,1250128,19.398300170898438,-99.11168670654297,984.0,34.0,122.4,,,,1787006612,2026-08-17 16:43:32-06:00,,
metrobus,metrobus_vehicle_positions,2026-08-17T22:43:47Z,2026-08-17,20260817T224342Z,c8cbaee0-1920-4630-aa5b-dd4b51aaaa9e,,19497,0.0,21:23:16,20260817,69967,1263,1230127,19.283199310302734,-99.17533111572266,149.0,0.0,0.0,,,,1787006612,2026-08-17 16:43:32-06:00,,
metrobus,metrobus_vehicle_positions,2026-08-17T22:43:47Z,2026-08-17,20260817T224342Z,04cc5c99-bf76-4739-8aab-83e2488b19ef,,19562,1.0,22:18:00,20260817,69693,2351,EXTRAVIADA,19.393707275390625,-99.13631439208984,984.0,42.0,151.20000000000002,,,,1787006613,2026-08-17 16:43:33-06:00,,
metrobus,metrobus_vehicle_positions,2026-08-17T22:43:47Z,2026-08-17,20260817T224342Z,b4bf787d-9279-475d-afce-e5ade3b4cab1,,19497,0.0,22:01:16,20260817,69461,1020,1230061,19.374048233032227,-99.17890167236328,196.0,0.0,0.0,,,,1787006608,2026-08-17 16:43:28-06:00,,
metrobus,metrobus_vehicle_positions,2026-08-17T22:43:47Z,2026-08-17,20260817T224342Z,d93689af-ae48-4e5f-9e87-338a966a9031,,19500,1.0,21:41:08,20260817,69966,1262,1230123,19.416805267333984,-99.16498565673828,186.0,0.0,0.0,,,,1787006619,2026-08-17 16:43:39-06:00,,
metrobus,metrobus_vehicle_positions,2026-08-17T22:43:47Z,2026-08-17,20260817T224342Z,e0ce5792-3ee2-4a4a-9648-ac13129a1e75,,19562,1.0,22:28:30,20260817,70111,2350,1250010,19.396760940551758,-99.16339874267578,103.0,0.0,0.0,,,,1787006614,2026-08-17 16:43:34-06:00,,
metrobus,metrobus_vehicle_positions,2026-08-17T22:43:47Z,2026-08-17,20260817T224342Z,b29e7735-53cc-4be3-ac55-00427d6a7645,,19499,0.0,21:53:33,20260817,69965,1261,1230116,19.385377883911133,-99.17533111572266,196.0,0.0,0.0,,,,1787006611,2026-08-17 16:43:31-06:00,,
metrobus,metrobus_vehicle_positions,2026-08-17T22:43:47Z,2026-08-17,20260817T224342Z,c689c391-6daf-4449-b16f-4f97e055931e,,19499,0.0,22:30:57,20260817,69964,1260,1230143,19.456979751586914,-99.14916229248047,233.0,3.0,10.8,,,,1787006530,2026-08-17 16:42:10-06:00,,
metrobus,metrobus_vehicle_positions,2026-08-17T22:43:47Z,2026-08-17,20260817T224342Z,95a34459-8fdd-48f7-9fdc-09ff767bec86,,19500,1.0,22:42:50,20260817,69460,1019,1230060,19.279237747192383,-99.16920471191406,339.0,0.0,0.0,,,,1787006615,2026-08-17 16:43:35-06:00,,
metrobus,metrobus_vehicle_positions,2026-08-17T22:43:47Z,2026-08-17,20260817T224342Z,8bccd2a0-f72a-45dd-b363-5e35bd471c21,,19497,0.0,22:18:08,20260817,69459,1018,1230059,19.402063369750977,-99.16985321044922,196.0,0.0,0.0,,,,1787006617,2026-08-17 16:43:37-06:00,,
metrobus,metrobus_vehicle_positions,2026-08-17T22:43:47Z,2026-08-17,20260817T224342Z,d85de9f9-dad7-4122-9d17-b5d375a39b4c,,19564,0.0,22:31:51,20260817,70110,2349,1250027,19.382368087768555,-99.06101989746094,193.0,27.0,97.2,,,,1787006604,2026-08-17 16:43:24-06:00,,
metrobus,metrobus_vehicle_positions,2026-08-17T22:43:47Z,2026-08-17,20260817T224342Z,ef94ec0e-872f-4afb-a3a5-a06db3ae2735,,19563,0.0,21:34:34,20260817,70109,2348,1250026,19.408082962036133,-99.18447875976562,278.0,33.0,118.8,,,,1787006618,2026-08-17 16:43:38-06:00,,
metrobus,metrobus_vehicle_positions,2026-08-17T22:43:47Z,2026-08-17,20260817T224342Z,daaf9676-3144-483d-9c0a-9a70e23bd2fa,,19497,0.0,21:48:49,20260817,69963,1259,1230142,19.348854064941406,-99.18711853027344,197.0,44.0,158.4,,,,1787006615,2026-08-17 16:43:35-06:00,,
metrobus,metrobus_vehicle_positions,2026-08-17T22:43:47Z,2026-08-17,20260817T224342Z,ad2d710f-475d-4db9-86f7-919fb59ecfde,,19563,0.0,21:57:42,20260817,70108,2347,1250025,19.39449119567871,-99.14051055908203,278.0,0.0,0.0,,,,1787006619,2026-08-17 16:43:39-06:00,,
metrobus,metrobus_vehicle_positions,2026-08-17T22:43:47Z,2026-08-17,20260817T224342Z,5c4e62bd-01ef-48a2-9a47-ab1ba34ed312,,19500,1.0,21:19:37,20260817,69962,1258,1230141,19.47840690612793,-99.1308822631836,360.0,52.0,187.20000000000002,,,,1787006615,2026-08-17 16:43:35-06:00,,
metrobus,metrobus_vehicle_positions,2026-08-17T22:43:47Z,2026-08-17,20260817T224342Z,b4a60a9f-0029-4464-8c12-cc0d196f97f3,,19562,1.0,22:25:43,20260817,70107,2346,1250024,19.396116256713867,-99.15800476074219,928.0,54.0,194.4,,,,1787006605,2026-08-17 16:43:25-06:00,,
metrobus,metrobus_vehicle_positions,2026-08-17T22:43:47Z,2026-08-17,20260817T224342Z,462d3418-fcbe-4ace-bce4-07e3ac1ab8d8,,,,,,69961,1257,1230132,19.49898338317871,-99.11860656738281,334.0,26.0,93.60000000000001,,,,1787006603,2026-08-17 16:43:23-06:00,,
metrobus,metrobus_vehicle_positions,2026-08-17T22:43:47Z,2026-08-17,20260817T224342Z,ad24a7cb-740b-44a3-a626-146dc173cfd7,,,,,,70002,1015,1210367,19.38536262512207,-99.04558563232422,0.0,0.0,0.0,,,,1786979784,2026-08-17 09:16:24-06:00,,
metrobus,metrobus_vehicle_positions,2026-08-17T22:43:47Z,2026-08-17,20260817T224342Z,e4f8269a-8db4-4a1d-9f51-196b301be968,,19497,0.0,22:02:36,20260817,69960,1256,1230130,19.382164001464844,-99.17630004882812,196.0,0.0,0.0,,,,1787006613,2026-08-17 16:43:33-06:00,,
metrobus,metrobus_vehicle_positions,2026-08-17T22:43:47Z,2026-08-17,20260817T224342Z,7ceca749-d684-4792-aa26-2066cef82d6c,,,,,,69915,830,1280094,19.493642807006836,-99.1475830078125,103.0,0.0,0.0,,,,1786958834,2026-08-17 03:27:14-06:00,,
metrobus,metrobus_vehicle_positions,2026-08-17T22:43:47Z,2026-08-17,20260817T224342Z,4aadd858-3a96-404f-a3b3-8c1a803d58b6,,19564,0.0,22:26:56,20260817,70079,2345,1250022,19.387685775756836,-99.07432556152344,298.0,0.0,0.0,,,,1787006611,2026-08-17 16:43:31-06:00,,
metrobus,metrobus_vehicle_positions,2026-08-17T22:43:47Z,2026-08-17,20260817T224342Z,f8195ebf-eaaf-40b6-a5ae-6c235f46e946,,19562,1.0,22:41:05,20260817,70078,2344,1250023,19.403833389282227,-99.18649291992188,277.0,41.0,147.6,,,,1787006616,2026-08-17 16:43:36-06:00,,
metrobus,metrobus_vehicle_positions,2026-08-17T22:43:47Z,2026-08-17,20260817T224342Z,8628739a-8675-4619-94f0-e5c6c0638a58,,,,,,69959,1255,1230125,19.446353912353516,-99.15123748779297,288.0,7.0,25.2,,,,1787006611,2026-08-17 16:43:31-06:00,,
metrobus,metrobus_vehicle_positions,2026-08-17T22:43:47Z,2026-08-17,20260817T224342Z,d836b912-b49a-4406-9054-a02a32c1a2a7,,,,,,69916,831,1280095,19.508258819580078,-99.17233276367188,0.0,0.0,0.0,,,,1783982889,2026-07-13 16:48:09-06:00,,
metrobus,metrobus_vehicle_positions,2026-08-17T22:43:47Z,2026-08-17,20260817T224342Z,8dd604c7-5619-4d0d-8426-32465157d055,,19563,0.0,22:07:16,20260817,70077,2343,1250021,19.398231506347656,-99.11927795410156,268.0,44.0,158.4,,,,1787006606,2026-08-17 16:43:26-06:00,,
metrobus,metrobus_vehicle_positions,2026-08-17T22:43:47Z,2026-08-17,20260817T224342Z,cbb6e03e-13e0-470d-aa87-f952232ae49a,,19577,1.0,21:34:08,20260817,69917,832,1280096,19.485794067382812,-99.1133041381836,178.0,5.0,18.0,,,,1787006609,2026-08-17 16:43:29-06:00,,
metrobus,metrobus_vehicle_positions,2026-08-17T22:43:47Z,2026-08-17,20260817T224342Z,0ee0a4fd-004a-4fe6-8efc-e2587f62cf5b,,19500,1.0,21:11:47,20260817,69958,1254,1230124,19.482505798339844,-99.12751770019531,378.0,20.0,72.0,,,,1787006610,2026-08-17 16:43:30-06:00,,
metrobus,metrobus_vehicle_positions,2026-08-17T22:43:47Z,2026-08-17,20260817T224342Z,47616feb-7b36-4038-98e0-1b5cce370907,,19582,0.0,22:03:22,20260817,69918,833,1280097,19.43282699584961,-99.15560913085938,243.0,0.0,0.0,,,,1787006613,2026-08-17 16:43:33-06:00,,
metrobus,metrobus_vehicle_positions,2026-08-17T22:43:47Z,2026-08-17,20260817T224342Z,6aa053d5-ab39-43b3-8583-d95de59808c0,,19576,0.0,22:28:49,20260817,69919,834,1280098,19.468429565429688,-99.12493133544922,198.0,9.0,32.4,,,,1787006618,2026-08-17 16:43:38-06:00,,
metrobus,metrobus_vehicle_positions,2026-08-17T22:43:47Z,2026-08-17,20260817T224342Z,dd857a50-6855-4885-a2b8-8aa4fb27dae5,,19583,1.0,21:54:52,20260817,69920,835,1280099,19.483598709106445,-99.11918640136719,203.0,0.0,0.0,,,,1787006615,2026-08-17 16:43:35-06:00,,
metrobus,metrobus_vehicle_positions,2026-08-17T22:43:47Z,2026-08-17,20260817T224342Z,9eb43d97-2b19-44fa-b2e0-8c715625f33a,,19577,1.0,21:42:10,20260817,69921,836,1280100,19.47566032409668,-99.12217712402344,202.0,0.0,0.0,,,,1787006607,2026-08-17 16:43:27-06:00,,
metrobus,metrobus_vehicle_positions,2026-08-17T22:43:47Z,2026-08-17,20260817T224342Z,a575aac2-a4db-4833-8ba4-afc614f9442c,,,,,,69922,837,1280101,19.508237838745117,-99.17214965820312,0.0,0.0,0.0,,,,1786739284,2026-08-14 14:28:04-06:00,,
metrobus,metrobus_vehicle_positions,2026-08-17T22:43:47Z,2026-08-17,20260817T224342Z,38a007d3-452a-420d-86f5-99e9a44dfe5b,,,,,,69923,838,1280152,19.5082950592041,-99.17259216308594,0.0,0.0,0.0,,,,1784918918,2026-07-24 12:48:38-06:00,,
metrobus,metrobus_vehicle_positions,2026-08-17T22:43:47Z,2026-08-17,20260817T224342Z,672d4eb3-354e-4b97-bf3d-ba0d71a6e62d,,19576,0.0,21:55:07,20260817,69924,839,1280153,19.42452621459961,-99.1729507446289,243.0,30.0,108.0,,,,1787006614,2026-08-17 16:43:34-06:00,,
metrobus,metrobus_vehicle_positions,2026-08-17T22:43:47Z,2026-08-17,20260817T224342Z,8eb6cd83-f60a-4628-b3d3-442801f81c94,,19491,1.0,22:24:42,20260817,69474,1033,1230074,19.377365112304688,-99.1777114868164,172.0,54.0,194.4,,,,1787006596,2026-08-17 16:43:16-06:00,,
metrobus,metrobus_vehicle_positions,2026-08-17T22:43:47Z,2026-08-17,20260817T224342Z,4746c75d-7fc3-4c43-856e-8ee749f12422,,19566,0.0,21:55:37,20260817,69706,2364,1250137,19.39488983154297,-99.143310546875,277.0,17.0,61.2,,,,1787006615,2026-08-17 16:43:35-06:00,,
metrobus,metrobus_vehicle_positions,2026-08-17T22:43:47Z,2026-08-17,20260817T224342Z,ecef3f5c-b462-4619-acb8-610ac0466e7b,,19562,1.0,21:49:13,20260817,69705,2363,1250121,19.382736206054688,-99.06053161621094,955.0,17.0,61.2,,,,1787006615,2026-08-17 16:43:35-06:00,,
metrobus,metrobus_vehicle_positions,2026-08-17T22:43:47Z,2026-08-17,20260817T224342Z,49abc008-d08a-4cbd-9046-dfbb7fce7ae8,,19499,0.0,21:31:12,20260817,69473,1032,1230073,19.340227127075195,-99.19031524658203,199.0,13.0,46.800000000000004,,,,1787006618,2026-08-17 16:43:38-06:00,,
metrobus,metrobus_vehicle_positions,2026-08-17T22:43:47Z,2026-08-17,20260817T224342Z,9a17612e-2721-44a9-a137-fe7d1a838379,,19565,1.0,22:42:19,20260817,69704,2362,1250120,19.395751953125,-99.15455627441406,945.0,0.0,0.0,,,,1787006615,2026-08-17 16:43:35-06:00,,
metrobus,metrobus_vehicle_positions,2026-08-17T22:43:47Z,2026-08-17,20260817T224342Z,56c8959c-2269-4d4f-9bbd-6f7ec0f29188,,19492,0.0,22:29:13,20260817,69472,1031,1230072,19.449472427368164,-99.15270233154297,189.0,50.0,180.0,,,,1787006612,2026-08-17 16:43:32-06:00,,
metrobus,metrobus_vehicle_positions,2026-08-17T22:43:47Z,2026-08-17,20260817T224342Z,ca99aebd-8cf3-4389-8041-49e9f4eda197,,19566,0.0,22:29:29,20260817,69703,2361,1250033,19.385223388671875,-99.069580078125,297.0,44.0,158.4,,,,1787006598,2026-08-17 16:43:18-06:00,,
metrobus,metrobus_vehicle_positions,2026-08-17T22:43:47Z,2026-08-17,20260817T224342Z,ae35932d-7baa-4699-9fc6-94618abde4d2,,19492,0.0,22:09:23,20260817,69471,1030,1230071,19.410924911499023,-99.16697692871094,197.0,37.0,133.20000000000002,,,,1787006611,2026-08-17 16:43:31-06:00,,
metrobus,metrobus_vehicle_positions,2026-08-17T22:43:47Z,2026-08-17,20260817T224342Z,19fffd16-34d2-4d35-ae6c-4b66c295fda5,,19563,0.0,22:41:14,20260817,69702,2360,1250136,19.385757446289062,-99.0515365600586,209.0,23.0,82.8,,,,1787006613,2026-08-17 16:43:33-06:00,,
metrobus,metrobus_vehicle_positions,2026-08-17T22:43:47Z,2026-08-17,20260817T224342Z,6b08892f-3c95-461c-a196-3fd247f16901,,19498,1.0,22:29:48,20260817,69470,1029,1230070,19.299484252929688,-99.185546875,353.0,6.0,21.6,,,,1787006616,2026-08-17 16:43:36-06:00,,
metrobus,metrobus_vehicle_positions,2026-08-17T22:43:47Z,2026-08-17,20260817T224342Z,51713b59-00ef-474f-a463-cd131810c617,,19499,0.0,21:28:01,20260817,69469,1028,1230069,19.319961547851562,-99.18816375732422,173.0,28.0,100.8,,,,1787006616,2026-08-17 16:43:36-06:00,,
metrobus,metrobus_vehicle_positions,2026-08-17T22:43:47Z,2026-08-17,20260817T224342Z,448493cd-91ad-471c-87ac-29659775f14d,,19562,1.0,21:53:17,20260817,69701,2359,1250135,19.38445281982422,-99.0763168334961,124.0,0.0,0.0,,,,1787006609,2026-08-17 16:43:29-06:00,,
metrobus,metrobus_vehicle_positions,2026-08-17T22:43:47Z,2026-08-17,20260817T224342Z,5948a3a0-4a8f-4049-b9f3-867b8d98fc7a,,19498,1.0,21:41:44,20260817,69468,1027,1230068,19.415998458862305,-99.16519165039062,174.0,35.0,126.0,,,,1787006607,2026-08-17 16:43:27-06:00,,
metrobus,metrobus_vehicle_positions,2026-08-17T22:43:47Z,2026-08-17,20260817T224342Z,f35e9b0d-dcab-4907-acf9-52e66d46c5a8,,19984,0.0,22:22:36,20260817,69700,2358,1250133,19.398351669311523,-99.11685943603516,268.0,0.0,0.0,,,,1787006607,2026-08-17 16:43:27-06:00,,
metrobus,metrobus_vehicle_positions,2026-08-17T22:43:47Z,2026-08-17,20260817T224342Z,82bc1254-6638-47ab-9d59-00eb2e2600bc,,19499,0.0,22:19:06,20260817,69467,1026,1230067,19.427898406982422,-99.16114807128906,203.0,0.0,0.0,,,,1787006576,2026-08-17 16:42:56-06:00,,
metrobus,metrobus_vehicle_positions,2026-08-17T22:43:47Z,2026-08-17,20260817T224342Z,3c6f3e2b-fcab-477f-86eb-b6749a7f6fa4,,,,,,69925,840,1280154,19.49266242980957,-99.120849609375,144.0,0.0,0.0,,,,1786999349,2026-08-17 14:42:29-06:00,,
metrobus,metrobus_vehicle_positions,2026-08-17T22:43:47Z,2026-08-17,20260817T224342Z,babd5c8f-1de9-4b61-905d-e6c7ee314bce,,19983,1.0,21:52:35,20260817,69699,2357,1250129,19.3939266204834,-99.1378402709961,104.0,44.0,158.4,,,,1787006614,2026-08-17 16:43:34-06:00,,
metrobus,metrobus_vehicle_positions,2026-08-17T22:43:47Z,2026-08-17,20260817T224342Z,b7b1e6b8-7f19-49eb-9671-d804cfe6eaff,,19576,0.0,22:00:44,20260817,69926,841,1280155,19.429306030273438,-99.1628646850586,243.0,41.0,147.6,,,,1787006605,2026-08-17 16:43:25-06:00,,
metrobus,metrobus_vehicle_positions,2026-08-17T22:43:47Z,2026-08-17,20260817T224342Z,cc92b700-dd15-4f6b-a4a8-57133fdc6e03,,19566,0.0,22:18:58,20260817,69698,2356,1250132,19.38993263244629,-99.08441162109375,305.0,0.0,0.0,,,,1787006614,2026-08-17 16:43:34-06:00,,
metrobus,metrobus_vehicle_positions,2026-08-17T22:43:47Z,2026-08-17,20260817T224342Z,8e121ea2-4297-4e7f-be06-0d2e47c81f53,,19491,1.0,22:34:27,20260817,69466,1025,1230066,19.3618106842041,-99.18280792236328,167.0,0.0,0.0,,,,1787006609,2026-08-17 16:43:29-06:00,,
metrobus,metrobus_vehicle_positions,2026-08-17T22:43:47Z,2026-08-17,20260817T224342Z,9191ea3e-ea31-42d6-bbd8-0a9b7c096455,,19497,0.0,21:51:03,20260817,69971,1267,1230131,19.354259490966797,-99.18535614013672,198.0,13.0,46.800000000000004,,,,1787006607,2026-08-17 16:43:27-06:00,,
metrobus,metrobus_vehicle_positions,2026-08-17T22:43:47Z,2026-08-17,20260817T224342Z,88345040-c68e-4000-b58a-9ab75d3a8402,,19499,0.0,22:38:44,20260817,69970,1266,1230113,19.47698211669922,-99.13240051269531,217.0,7.0,25.2,,,,1787006614,2026-08-17 16:43:34-06:00,,
metrobus,metrobus_vehicle_positions,2026-08-17T22:43:47Z,2026-08-17,20260817T224342Z,29e98e5e-0b55-47d3-9617-dde832b6c357,,19578,0.0,22:34:43,20260817,69927,842,1280156,19.473304748535156,-99.12310028076172,198.0,30.0,108.0,,,,1787006610,2026-08-17 16:43:30-06:00,,
metrobus,metrobus_vehicle_positions,2026-08-17T22:43:47Z,2026-08-17,20260817T224342Z,c5e3d8a8-e27f-43d4-ad87-def83f63bc1e,,19500,1.0,21:27:52,20260817,69465,1024,1230065,19.44025421142578,-99.15542602539062,224.0,0.0,0.0,,,,1787006607,2026-08-17 16:43:27-06:00,,
metrobus,metrobus_vehicle_positions,2026-08-17T22:43:47Z,2026-08-17,20260817T224342Z,26f721c9-26e2-4cd3-ab2c-893d7b6c6048,,19562,1.0,22:12:46,20260817,69697,2355,1250131,19.398229598999023,-99.11753845214844,887.0,28.0,100.8,,,,1787006619,2026-08-17 16:43:39-06:00,,
metrobus,metrobus_vehicle_positions,2026-08-17T22:43:47Z,2026-08-17,20260817T224342Z,24added3-29b9-49e2-b7f8-88f54964ec62,,19563,0.0,22:08:36,20260817,69696,2354,1250130,19.39832878112793,-99.11782836914062,263.0,40.0,144.0,,,,1787006616,2026-08-17 16:43:36-06:00,,
metrobus,metrobus_vehicle_positions,2026-08-17T22:43:47Z,2026-08-17,20260817T224342Z,81d8944b-033a-4b45-9404-1a7a454cc82b,,19559,0.0,21:36:13,20260817,69544,601,1280001,19.30087661743164,-99.11360931396484,195.0,2.0,7.2,,,,1787006611,2026-08-17 16:43:31-06:00,,
metrobus,metrobus_vehicle_positions,2026-08-17T22:43:47Z,2026-08-17,20260817T224342Z,0276ada4-de07-4b99-9427-cb43c0a752cd,,19493,1.0,22:28:36,20260817,69464,1023,1230064,19.455984115600586,-99.15035247802734,519.0,23.0,82.8,,,,1787006614,2026-08-17 16:43:34-06:00,,
metrobus,metrobus_vehicle_positions,2026-08-17T22:43:47Z,2026-08-17,20260817T224342Z,7d805674-a524-412a-a11a-e7b49aba658e,,,,,,69928,843,1280157,19.493669509887695,-99.14756774902344,103.0,0.0,0.0,,,,1787006611,2026-08-17 16:43:31-06:00,,
metrobus,metrobus_vehicle_positions,2026-08-17T22:43:47Z,2026-08-17,20260817T224342Z,d92f2f02-d3dc-4d21-a303-975048e517ef,,,,,,69545,602,1280002,19.371231079101562,-99.16120147705078,193.0,0.0,0.0,,,,1787006618,2026-08-17 16:43:38-06:00,,
metrobus,metrobus_vehicle_positions,2026-08-17T22:43:47Z,2026-08-17,20260817T224342Z,9b882fdf-0866-43e3-abb9-c702c5c6d67b,,19579,1.0,21:41:09,20260817,69929,844,1280158,19.482629776000977,-99.11408233642578,302.0,0.0,0.0,,,,1787006606,2026-08-17 16:43:26-06:00,,
metrobus,metrobus_vehicle_positions,2026-08-17T22:43:47Z,2026-08-17,20260817T224342Z,65f84e9b-d5f4-4caf-9fce-bd7322941475,,,,,,69930,845,1280159,19.50821876525879,-99.17251586914062,0.0,0.0,0.0,,,,1784540061,2026-07-20 03:34:21-06:00,,
metrobus,metrobus_vehicle_positions,2026-08-17T22:43:47Z,2026-08-17,20260817T224342Z,daaaa71d-981a-401e-8af7-b7c10d76986a,,19559,0.0,21:57:49,20260817,69546,603,1280003,19.374834060668945,-99.10810089111328,159.0,0.0,0.0,,,,1787006608,2026-08-17 16:43:28-06:00,,
metrobus,metrobus_vehicle_positions,2026-08-17T22:43:47Z,2026-08-17,20260817T224342Z,b70eed95-e173-4455-82de-f6d963914673,,,,,,69931,846,1280160,19.508106231689453,-99.17221069335938,0.0,0.0,0.0,,,,1784895458,2026-07-24 06:17:38-06:00,,
metrobus,metrobus_vehicle_positions,2026-08-17T22:43:47Z,2026-08-17,20260817T224342Z,36c77d01-1121-42ef-998e-bd133de55c6d,,19559,0.0,22:02:19,20260817,69548,605,1280005,19.386234283447266,-99.11175537109375,167.0,0.0,0.0,,,,1787006616,2026-08-17 16:43:36-06:00,,
metrobus,metrobus_vehicle_positions,2026-08-17T22:43:47Z,2026-08-17,20260817T224342Z,6d2c0afe-f772-4aeb-9ed2-fa085ac20fc7,,19577,1.0,20:49:51,20260817,69933,848,1280162,19.432842254638672,-99.15459442138672,722.0,10.0,36.0,,,,1787001560,2026-08-17 15:19:20-06:00,,
metrobus,metrobus_vehicle_positions,2026-08-17T22:43:47Z,2026-08-17,20260817T224342Z,ad65a9b6-adf1-4115-92e2-80913e0742c5,,19559,0.0,22:08:03,20260817,69549,606,1280006,19.399166107177734,-99.1136474609375,178.0,13.0,46.800000000000004,,,,1787006611,2026-08-17 16:43:31-06:00,,
metrobus,metrobus_vehicle_positions,2026-08-17T22:43:47Z,2026-08-17,20260817T224342Z,863b27fa-73e2-47c0-a9fe-92116fd8c950,,20212,1.0,21:44:03,20260817,69550,607,1280007,19.497201919555664,-99.08983612060547,221.0,0.0,0.0,,,,1787006614,2026-08-17 16:43:34-06:00,,
metrobus,metrobus_vehicle_positions,2026-08-17T22:43:47Z,2026-08-17,20260817T224342Z,948fc0af-b6a1-4dae-b7b9-5454a218bdaf,,19559,0.0,22:18:57,20260817,69552,609,1280009,19.43557357788086,-99.11471557617188,193.0,0.0,0.0,,,,1787006613,2026-08-17 16:43:33-06:00,,
metrobus,metrobus_vehicle_positions,2026-08-17T22:43:47Z,2026-08-17,20260817T224342Z,141e1a77-1869-4b14-8658-be4e5c865065,,19565,1.0,22:32:31,20260817,69717,2375,1250118,19.393280029296875,-99.13233947753906,733.0,17.0,61.2,,,,1787006614,2026-08-17 16:43:34-06:00,,
metrobus,metrobus_vehicle_positions,2026-08-17T22:43:47Z,2026-08-17,20260817T224342Z,6364b981-925c-45a4-97f8-594dae158061,,19500,1.0,21:14:15,20260817,69485,1044,1230085,19.462743759155273,-99.14378356933594,43.0,15.0,54.0,,,,1787006612,2026-08-17 16:43:32-06:00,,
metrobus,metrobus_vehicle_positions,2026-08-17T22:43:47Z,2026-08-17,20260817T224342Z,786f7865-baf6-4d3b-986e-6f305c1c56a4,,19565,1.0,21:58:03,20260817,69716,2374,1250039,19.397375106811523,-99.05827331542969,275.0,0.0,0.0,,,,1787006610,2026-08-17 16:43:30-06:00,,
metrobus,metrobus_vehicle_positions,2026-08-17T22:43:47Z,2026-08-17,20260817T224342Z,519eee8b-46f6-4d5b-ad0f-4f12ced29dbf,,19491,1.0,21:40:56,20260817,69484,1043,1230084,19.469026565551758,-99.13867950439453,382.0,4.0,14.4,,,,1787006607,2026-08-17 16:43:27-06:00,,
metrobus,metrobus_vehicle_positions,2026-08-17T22:43:47Z,2026-08-17,20260817T224342Z,ffce0980-9f6e-4fe9-bdfd-8229e39db599,,19497,0.0,21:36:56,20260817,69483,1042,1230083,19.30358123779297,-99.18612670898438,173.0,25.0,90.0,,,,1787006612,2026-08-17 16:43:32-06:00,,
metrobus,metrobus_vehicle_positions,2026-08-17T22:43:47Z,2026-08-17,20260817T224342Z,75236f41-49ce-4d0d-ad56-393c7b507a13,,19566,0.0,22:05:45,20260817,69715,2373,1250038,19.39817237854004,-99.12494659423828,268.0,0.0,0.0,,,,1787006606,2026-08-17 16:43:26-06:00,,
metrobus,metrobus_vehicle_positions,2026-08-17T22:43:47Z,2026-08-17,20260817T224342Z,4f15b761-5ea9-4079-9de3-cb39309a8a74,,19567,1.0,21:57:10,20260817,69714,2372,1250037,19.391103744506836,-99.08635711669922,123.0,0.0,0.0,,,,1787006608,2026-08-17 16:43:28-06:00,,
metrobus,metrobus_vehicle_positions,2026-08-17T22:43:47Z,2026-08-17,20260817T224342Z,1da9057c-b48f-4691-9144-f1b2c3962e71,,19498,1.0,21:36:54,20260817,69482,1041,1230082,19.42138671875,-99.16357421875,163.0,36.0,129.6,,,,1787006604,2026-08-17 16:43:24-06:00,,
metrobus,metrobus_vehicle_positions,2026-08-17T22:43:47Z,2026-08-17,20260817T224342Z,1cad164b-031c-4812-bc74-d6e6d3ae504a,,19563,0.0,21:42:52,20260817,69713,2371,1250036,19.404279708862305,-99.17327880859375,292.0,36.0,129.6,,,,1787006608,2026-08-17 16:43:28-06:00,,
metrobus,metrobus_vehicle_positions,2026-08-17T22:43:47Z,2026-08-17,20260817T224342Z,862dd88a-523f-4098-84d5-9a0def3d24e6,,19497,0.0,22:16:19,20260817,69481,1040,1230081,19.401763916015625,-99.16992950439453,196.0,0.0,0.0,,,,1787006617,2026-08-17 16:43:37-06:00,,
metrobus,metrobus_vehicle_positions,2026-08-17T22:43:47Z,2026-08-17,20260817T224342Z,7f3ffee2-2117-4dc6-87b5-f1ef80116f23,,19567,1.0,22:06:58,20260817,69712,2370,1250035,19.396562576293945,-99.09623718261719,935.0,38.0,136.8,,,,1787006605,2026-08-17 16:43:25-06:00,,
metrobus,metrobus_vehicle_positions,2026-08-17T22:43:47Z,2026-08-17,20260817T224342Z,2e6420b6-1493-4c03-9939-b5b901751135,,19498,1.0,22:10:41,20260817,69480,1039,1230080,19.365318298339844,-99.1816635131836,17.0,9.0,32.4,,,,1787006618,2026-08-17 16:43:38-06:00,,
metrobus,metrobus_vehicle_positions,2026-08-17T22:43:47Z,2026-08-17,20260817T224342Z,45368f83-4d7b-4249-b046-e3a1e0ac2f7a,,19500,1.0,22:34:47,20260817,69479,1038,1230079,19.289485931396484,-99.17401123046875,217.0,47.0,169.20000000000002,,,,1787006614,2026-08-17 16:43:34-06:00,,
metrobus,metrobus_vehicle_positions,2026-08-17T22:43:47Z,2026-08-17,20260817T224342Z,d4ee82ae-c9cf-44a5-ac3d-4bbc4887f32b,,19567,1.0,21:49:28,20260817,69711,2369,1250034,19.382524490356445,-99.06088256835938,102.0,23.0,82.8,,,,1787006613,2026-08-17 16:43:33-06:00,,
metrobus,metrobus_vehicle_positions,2026-08-17T22:43:47Z,2026-08-17,20260817T224342Z,0a740be9-323a-4b04-9335-cd9c3bd144ca,,19562,1.0,21:45:07,20260817,69710,2368,ConPermisovencido,19.385822296142578,-99.0603256225586,840.0,24.0,86.4,,,,1787006618,2026-08-17 16:43:38-06:00,,
metrobus,metrobus_vehicle_positions,2026-08-17T22:43:47Z,2026-08-17,20260817T224342Z,6bff27b2-2531-42b9-ae24-e8ece1351382,,19498,1.0,22:39:51,20260817,69478,1037,1230078,19.282941818237305,-99.1741714477539,842.0,17.0,61.2,,,,1787006617,2026-08-17 16:43:37-06:00,,
metrobus,metrobus_vehicle_positions,2026-08-17T22:43:47Z,2026-08-17,20260817T224342Z,11271229-cdd6-4a22-9a07-810f9c32d4ca,,19566,0.0,22:13:50,20260817,69709,2367,ConPermisovencido,19.39662742614746,-99.09612274169922,277.0,11.0,39.6,,,,1787006607,2026-08-17 16:43:27-06:00,,
metrobus,metrobus_vehicle_positions,2026-08-17T22:43:47Z,2026-08-17,20260817T224342Z,f05e5cc5-a506-4073-b772-2df8b163b62c,,19493,1.0,22:27:04,20260817,69477,1036,1230077,19.45419692993164,-99.15169525146484,151.0,51.0,183.6,,,,1787006453,2026-08-17 16:40:53-06:00,,
metrobus,metrobus_vehicle_positions,2026-08-17T22:43:47Z,2026-08-17,20260817T224342Z,fa32e14f-490c-4e4a-92a9-fb655b1b56c7,,,,,,69476,1035,1230076,19.498065948486328,-99.11869049072266,128.0,12.0,43.2,,,,1787006611,2026-08-17 16:43:31-06:00,,
metrobus,metrobus_vehicle_positions,2026-08-17T22:43:47Z,2026-08-17,20260817T224342Z,2504007e-7f38-44c4-ae63-562f27c53d05,,19559,0.0,22:26:48,20260817,69554,611,1280011,19.45655059814453,-99.10741424560547,200.0,0.0,0.0,,,,1787006617,2026-08-17 16:43:37-06:00,,
metrobus,metrobus_vehicle_positions,2026-08-17T22:43:47Z,2026-08-17,20260817T224342Z,71359d1a-9667-4437-8d43-5b3453b1df97,,19565,1.0,22:12:06,20260817,69708,2366,1250040,19.386308670043945,-99.07909393310547,125.0,36.0,129.6,,,,1787006609,2026-08-17 16:43:29-06:00,,
metrobus,metrobus_vehicle_positions,2026-08-17T22:43:47Z,2026-08-17,20260817T224342Z,7fadab9a-4fc0-43c4-a8c2-d54737f3b978,,,,,,69555,612,1280012,0.0,0.0,0.0,0.0,0.0,,,,1787000879,2026-08-17 15:07:59-06:00,,
metrobus,metrobus_vehicle_positions,2026-08-17T22:43:47Z,2026-08-17,20260817T224342Z,8e134e00-0710-4bc7-8408-0ffdc99b48d4,,19564,0.0,22:22:27,20260817,69707,2365,1250116,19.38709831237793,-99.08010864257812,305.0,15.0,54.0,,,,1787006613,2026-08-17 16:43:33-06:00,,
metrobus,metrobus_vehicle_positions,2026-08-17T22:43:47Z,2026-08-17,20260817T224342Z,0709ffb1-03b4-42b4-a36d-d72a92ca5493,,19499,0.0,22:26:20,20260817,69475,1034,1230075,19.436086654663086,-99.15735626220703,202.0,7.0,25.2,,,,1787006619,2026-08-17 16:43:39-06:00,,
metrobus,metrobus_vehicle_positions,2026-08-17T22:43:47Z,2026-08-17,20260817T224342Z,1d4d3f81-2fe1-41cd-a76b-949346c2b1a7,,19559,0.0,22:31:27,20260817,69557,614,1280014,19.472869873046875,-99.10066986083984,201.0,36.0,129.6,,,,1787006610,2026-08-17 16:43:30-06:00,,
metrobus,metrobus_vehicle_positions,2026-08-17T22:43:47Z,2026-08-17,20260817T224342Z,00ed276c-19f6-4bec-ba94-3d5997f4b666,,19559,0.0,22:36:49,20260817,69559,616,1280016,19.487594604492188,-99.09440612792969,201.0,0.0,0.0,,,,1787006616,2026-08-17 16:43:36-06:00,,
metrobus,metrobus_vehicle_positions,2026-08-17T22:43:47Z,2026-08-17,20260817T224342Z,9cae4ea7-f44f-4b16-b69f-246263ba77b5,,20211,0.0,21:59:02,20260817,69561,618,1280018,19.375600814819336,-99.10841369628906,161.0,49.0,176.4,,,,1787006614,2026-08-17 16:43:34-06:00,,
metrobus,metrobus_vehicle_positions,2026-08-17T22:43:47Z,2026-08-17,20260817T224342Z,b64f6175-80b1-46f7-a105-539ab87281b3,,20211,0.0,22:03:15,20260817,69562,619,1280019,19.390119552612305,-99.11270141601562,156.0,11.0,39.6,,,,1787006605,2026-08-17 16:43:25-06:00,,
metrobus,metrobus_vehicle_positions,2026-08-17T22:43:47Z,2026-08-17,20260817T224342Z,841bc237-1f21-4e1e-bc07-cc36768d021c,,19500,1.0,21:39:52,20260817,70131,1055,1230154,19.416728973388672,-99.16503143310547,161.0,23.0,82.8,,,,1787006617,2026-08-17 16:43:37-06:00,,
metrobus,metrobus_vehicle_positions,2026-08-17T22:43:47Z,2026-08-17,20260817T224342Z,b2a3786d-fd96-4568-af72-0634a1b9bb77,,19567,1.0,21:51:00,20260817,69608,2386,003A019,19.383420944213867,-99.06553649902344,100.0,0.0,0.0,,,,1787006609,2026-08-17 16:43:29-06:00,,
metrobus,metrobus_vehicle_positions,2026-08-17T22:43:47Z,2026-08-17,20260817T224342Z,ccd82a56-46a4-4131-a36e-d1e9d72b35ac,,19494,0.0,22:20:59,20260817,70130,1054,1230153,19.43265151977539,-99.1587905883789,202.0,0.0,0.0,,,,1787006616,2026-08-17 16:43:36-06:00,,
metrobus,metrobus_vehicle_positions,2026-08-17T22:43:47Z,2026-08-17,20260817T224342Z,855462de-db71-46b2-ad76-c03923e87e5d,,19566,0.0,21:52:03,20260817,69607,2385,003A023,19.395681381225586,-99.1520004272461,274.0,0.0,0.0,,,,1787006608,2026-08-17 16:43:28-06:00,,
metrobus,metrobus_vehicle_positions,2026-08-17T22:43:47Z,2026-08-17,20260817T224342Z,cf963398-b248-46b5-b5cf-3ea074856fe8,,19565,1.0,22:37:55,20260817,69606,2384,003A025,19.394779205322266,-99.14323425292969,998.0,25.0,90.0,,,,1787006621,2026-08-17 16:43:41-06:00,,
metrobus,metrobus_vehicle_positions,2026-08-17T22:43:47Z,2026-08-17,20260817T224342Z,63ab4e8f-c00e-4de6-9a92-9c8bf97f8216,,,,,,70129,1053,1230152,19.499704360961914,-99.11944580078125,0.0,0.0,0.0,,,,1787006548,2026-08-17 16:42:28-06:00,,
metrobus,metrobus_vehicle_positions,2026-08-17T22:43:47Z,2026-08-17,20260817T224342Z,64e4a8c6-c86c-4bb2-aecb-0880847e8c11,,19566,0.0,21:47:27,20260817,69722,2383,1250134,19.397993087768555,-99.1663818359375,300.0,50.0,180.0,,,,1787006607,2026-08-17 16:43:27-06:00,,
metrobus,metrobus_vehicle_positions,2026-08-17T22:43:47Z,2026-08-17,20260817T224342Z,74eede59-3847-4cba-8939-fb52cc0dd303,,19498,1.0,21:51:20,20260817,70128,1052,1230151,19.4031982421875,-99.16934204101562,164.0,0.0,0.0,,,,1787006613,2026-08-17 16:43:33-06:00,,
metrobus,metrobus_vehicle_positions,2026-08-17T22:43:47Z,2026-08-17,20260817T224342Z,ac9f83fd-054a-41d6-9b15-f1c90812d771,,19562,1.0,22:07:14,20260817,69721,2382,1250125,19.39747428894043,-99.10651397705078,963.0,40.0,144.0,,,,1787006618,2026-08-17 16:43:38-06:00,,
metrobus,metrobus_vehicle_positions,2026-08-17T22:43:47Z,2026-08-17,20260817T224342Z,75728f05-950d-4860-82bf-b0ace711c542,,19491,1.0,22:13:09,20260817,70127,1051,1230150,19.400434494018555,-99.1702880859375,177.0,40.0,144.0,,,,1787006612,2026-08-17 16:43:32-06:00,,
metrobus,metrobus_vehicle_positions,2026-08-17T22:43:47Z,2026-08-17,20260817T224342Z,c5cba964-1a9a-4ec9-be76-77681db71353,,19491,1.0,22:15:24,20260817,69491,1050,1230091,19.39410400390625,-99.17228698730469,173.0,33.0,118.8,,,,1787006611,2026-08-17 16:43:31-06:00,,
metrobus,metrobus_vehicle_positions,2026-08-17T22:43:47Z,2026-08-17,20260817T224342Z,ca55b713-3323-4436-a271-f2af9764fa90,,,,,,69720,2381,1250126,19.388723373413086,-99.059326171875,0.0,0.0,0.0,,,,1785820807,2026-08-03 23:20:07-06:00,,
metrobus,metrobus_vehicle_positions,2026-08-17T22:43:47Z,2026-08-17,20260817T224342Z,16a7d4b2-7e09-4986-b2dd-9e402c06878c,,19499,0.0,22:16:57,20260817,69490,1049,1230090,19.42184829711914,-99.16363525390625,195.0,23.0,82.8,,,,1787006605,2026-08-17 16:43:25-06:00,,
metrobus,metrobus_vehicle_positions,2026-08-17T22:43:47Z,2026-08-17,20260817T224342Z,ce4311d6-7699-4726-8dfb-3c6893d887d5,,19562,1.0,22:02:10,20260817,69718,2379,1250115,19.3957576751709,-99.0931625366211,123.0,17.0,61.2,,,,1787006616,2026-08-17 16:43:36-06:00,,
metrobus,metrobus_vehicle_positions,2026-08-17T22:43:47Z,2026-08-17,20260817T224342Z,6a3db8f8-c5ab-43b8-881a-4ae7926443fe,,19558,1.0,21:31:25,20260817,69563,620,1280020,19.493192672729492,-99.09154510498047,229.0,0.0,0.0,,,,1787006609,2026-08-17 16:43:29-06:00,,
metrobus,metrobus_vehicle_positions,2026-08-17T22:43:47Z,2026-08-17,20260817T224342Z,d6f201a8-add7-4ceb-ab94-8858bfa0e640,,19492,0.0,22:07:20,20260817,69489,1048,1230089,19.4080753326416,-99.16792297363281,197.0,38.0,136.8,,,,1787006609,2026-08-17 16:43:29-06:00,,
metrobus,metrobus_vehicle_positions,2026-08-17T22:43:47Z,2026-08-17,20260817T224342Z,3e88874e-fde7-4add-8cc1-fca936758150,,19500,1.0,22:39:40,20260817,69488,1047,1230088,19.2817440032959,-99.1730728149414,295.0,34.0,122.4,,,,1787006606,2026-08-17 16:43:26-06:00,,
metrobus,metrobus_vehicle_positions,2026-08-17T22:43:47Z,2026-08-17,20260817T224342Z,49c110d4-8658-4831-99e9-99a038d82abb,,20211,0.0,21:53:06,20260817,69564,621,1280021,19.351320266723633,-99.1111831665039,186.0,24.0,86.4,,,,1787006615,2026-08-17 16:43:35-06:00,,
metrobus,metrobus_vehicle_positions,2026-08-17T22:43:47Z,2026-08-17,20260817T224342Z,64d71689-3a54-4cab-bba7-43ed9ffdc3e7,,,,,,69605,2378,1250153,19.3889217376709,-99.05948638916016,0.0,0.0,0.0,,,,1786654431,2026-08-13 14:53:51-06:00,,
metrobus,metrobus_vehicle_positions,2026-08-17T22:43:47Z,2026-08-17,20260817T224342Z,e70a10c7-e0c4-4f42-9641-7e17eef5a438,,19558,1.0,22:06:54,20260817,69565,622,1260200,19.3836669921875,-99.11100006103516,346.0,37.0,133.20000000000002,,,,1787006607,2026-08-17 16:43:27-06:00,,
metrobus,metrobus_vehicle_positions,2026-08-17T22:43:47Z,2026-08-17,20260817T224342Z,6685711b-b9d5-4e60-98db-a6892e0825bd,,19497,0.0,21:43:40,20260817,69487,1046,1230087,19.328418731689453,-99.18914031982422,171.0,50.0,180.0,,,,1787006588,2026-08-17 16:43:08-06:00,,
metrobus,metrobus_vehicle_positions,2026-08-17T22:43:47Z,2026-08-17,20260817T224342Z,eff43404-0947-46c8-a6f2-760dc8fd53d7,,,,,,69604,2377,1250152,19.388879776000977,-99.05945587158203,0.0,0.0,0.0,,,,1786876638,2026-08-16 04:37:18-06:00,,
metrobus,metrobus_vehicle_positions,2026-08-17T22:43:47Z,2026-08-17,20260817T224342Z,de288758-1396-4fb2-8b21-5564a27efdac,,19558,1.0,22:29:11,20260817,69566,623,1260199,19.31199073791504,-99.11055755615234,122.0,0.0,0.0,,,,1787006614,2026-08-17 16:43:34-06:00,,
metrobus,metrobus_vehicle_positions,2026-08-17T22:43:47Z,2026-08-17,20260817T224342Z,a3830bc8-2f70-4168-801a-f8af3dec7fe1,,19500,1.0,21:59:29,20260817,69486,1045,1230086,19.37990951538086,-99.17691040039062,176.0,0.0,0.0,,,,1787006560,2026-08-17 16:42:40-06:00,,
metrobus,metrobus_vehicle_positions,2026-08-17T22:43:47Z,2026-08-17,20260817T224342Z,9cfe1e89-9df9-4e87-83ff-5634a67b898b,,19558,1.0,22:39:08,20260817,69567,624,002A971,19.285686492919922,-99.11529541015625,159.0,26.0,93.60000000000001,,,,1787006604,2026-08-17 16:43:24-06:00,,
metrobus,metrobus_vehicle_positions,2026-08-17T22:43:47Z,2026-08-17,20260817T224342Z,be5f1c6e-7379-431d-9ad2-4a7cd0d30624,,20211,0.0,16:54:15,20260817,69568,625,002A972,19.486589431762695,-99.09233093261719,114.0,0.0,0.0,,,,1786986378,2026-08-17 11:06:18-06:00,,
metrobus,metrobus_vehicle_positions,2026-08-17T22:43:47Z,2026-08-17,20260817T224342Z,9b3d33a4-7042-488e-ac34-7a34ba62b930,,,,,,69569,626,002A973,19.273225784301758,-99.12116241455078,261.0,0.0,0.0,,,,1787006611,2026-08-17 16:43:31-06:00,,
metrobus,metrobus_vehicle_positions,2026-08-17T22:43:47Z,2026-08-17,20260817T224342Z,5996d51d-72c5-42ef-8881-d4ffa2804420,,20211,0.0,22:19:07,20260817,69570,627,002A974,19.439626693725586,-99.11392974853516,192.0,0.0,0.0,,,,1787006608,2026-08-17 16:43:28-06:00,,
metrobus,metrobus_vehicle_positions,2026-08-17T22:43:47Z,2026-08-17,20260817T224342Z,b00071bb-e3a3-4ccf-93f6-9da457adebd8,,,,,,69571,628,002A975,19.486835479736328,-99.09185791015625,0.0,0.0,0.0,,,,1787001799,2026-08-17 15:23:19-06:00,,
metrobus,metrobus_vehicle_positions,2026-08-17T22:43:47Z,2026-08-17,20260817T224342Z,e6cbafeb-8029-4b98-aed7-ff8dd8dcab62,,,,,,69572,629,002A976,19.311960220336914,-99.1106185913086,191.0,17.0,61.2,,,,1787006618,2026-08-17 16:43:38-06:00,,
metrobus,metrobus_vehicle_positions,2026-08-17T22:43:47Z,2026-08-17,20260817T224342Z,d7a2ba66-afee-42fd-a3b4-fd42d1344d8b,,,,,,70142,1066,1300127,19.497467041015625,-99.12006378173828,191.0,24.0,86.4,,,,1787006614,2026-08-17 16:43:34-06:00,,
metrobus,metrobus_vehicle_positions,2026-08-17T22:43:47Z,2026-08-17,20260817T224342Z,75895bbf-dc6a-47c1-979a-f9c4ce5899d7,,19492,0.0,22:41:43,20260817,70141,1065,1300126,19.49786949157715,-99.12008666992188,187.0,4.0,14.4,,,,1787006609,2026-08-17 16:43:29-06:00,,
metrobus,metrobus_vehicle_positions,2026-08-17T22:43:47Z,2026-08-17,20260817T224342Z,64b2c62d-4e30-44c1-ab6a-688cb8ee1c25,,19498,1.0,22:28:09,20260817,70140,1064,1230163,19.321317672729492,-99.18824768066406,353.0,54.0,194.4,,,,1787006608,2026-08-17 16:43:28-06:00,,
metrobus,metrobus_vehicle_positions,2026-08-17T22:43:47Z,2026-08-17,20260817T224342Z,5031cfdc-fbc9-4f58-9cbd-b7468d8f6e9a,,19498,1.0,22:07:34,20260817,70139,1063,1230162,19.36878204345703,-99.18052673339844,164.0,16.0,57.6,,,,1787006608,2026-08-17 16:43:28-06:00,,
metrobus,metrobus_vehicle_positions,2026-08-17T22:43:47Z,2026-08-17,20260817T224342Z,9e2332bc-e663-4f0c-91aa-d1736e70a83d,,,,,,70138,1062,1230161,19.278921127319336,-99.1692123413086,332.0,0.0,0.0,,,,1787006615,2026-08-17 16:43:35-06:00,,
metrobus,metrobus_vehicle_positions,2026-08-17T22:43:47Z,2026-08-17,20260817T224342Z,d3f05536-931e-429a-b47a-0d58292e78ab,,,,,,70137,1061,1230160,19.500244140625,-99.1195068359375,0.0,0.0,0.0,,,,1787006617,2026-08-17 16:43:37-06:00,,
metrobus,metrobus_vehicle_positions,2026-08-17T22:43:47Z,2026-08-17,20260817T224342Z,9be229c3-4104-4c0a-ad02-988ed37e312f,,19497,0.0,21:20:35,20260817,70136,1060,1230159,19.2801456451416,-99.16975402832031,115.0,0.0,0.0,,,,1787006620,2026-08-17 16:43:40-06:00,,
metrobus,metrobus_vehicle_positions,2026-08-17T22:43:47Z,2026-08-17,20260817T224342Z,d8916857-b9b3-4a48-a9e3-376a4d578c95,,19984,0.0,21:53:39,20260817,69612,2390,003A021,19.40276527404785,-99.16844940185547,346.0,16.0,57.6,,,,1787006617,2026-08-17 16:43:37-06:00,,
metrobus,metrobus_vehicle_positions,2026-08-17T22:43:47Z,2026-08-17,20260817T224342Z,b6a057b6-cffb-4a8d-ad4d-674606c840d0,,,,,,69573,630,002A977,19.48659896850586,-99.09203338623047,125.0,0.0,0.0,,,,1786641538,2026-08-13 11:18:58-06:00,,
metrobus,metrobus_vehicle_positions,2026-08-17T22:43:47Z,2026-08-17,20260817T224342Z,4a5c1b60-eef5-4e54-9f2c-144306302ca8,,19493,1.0,22:38:31,20260817,70135,1059,1230158,19.435903549194336,-99.157470703125,229.0,26.0,93.60000000000001,,,,1787006612,2026-08-17 16:43:32-06:00,,
metrobus,metrobus_vehicle_positions,2026-08-17T22:43:47Z,2026-08-17,20260817T224342Z,95995faf-5e3f-459a-a671-0074170e4cae,,20212,1.0,22:04:46,20260817,69574,631,002A978,19.44050407409668,-99.11366271972656,125.0,0.0,0.0,,,,1787006606,2026-08-17 16:43:26-06:00,,
metrobus,metrobus_vehicle_positions,2026-08-17T22:43:47Z,2026-08-17,20260817T224342Z,8d303e4d-1b13-45b7-99e8-24e1969d31c6,,19564,0.0,22:34:08,20260817,69611,2389,003A024,19.386295318603516,-99.06033325195312,188.0,12.0,43.2,,,,1787006605,2026-08-17 16:43:25-06:00,,
metrobus,metrobus_vehicle_positions,2026-08-17T22:43:47Z,2026-08-17,20260817T224342Z,795d8c42-7427-4481-9652-a3c3b3e36390,,19491,1.0,21:45:23,20260817,70134,1058,1230157,19.44725227355957,-99.15302276611328,880.0,0.0,0.0,,,,1787006621,2026-08-17 16:43:41-06:00,,
metrobus,metrobus_vehicle_positions,2026-08-17T22:43:47Z,2026-08-17,20260817T224342Z,cd8da13b-9f8b-4c4e-91b7-477d578ae671,,20212,1.0,22:39:39,20260817,69575,632,002A979,19.324520111083984,-99.11392211914062,440.0,10.0,36.0,,,,1787006609,2026-08-17 16:43:29-06:00,,
metrobus,metrobus_vehicle_positions,2026-08-17T22:43:47Z,2026-08-17,20260817T224342Z,6c2d41ec-635e-4c26-8de3-17e9b80298bf,,20212,1.0,22:42:41,20260817,69576,633,002A980,19.316574096679688,-99.11168670654297,334.0,5.0,18.0,,,,1787006606,2026-08-17 16:43:26-06:00,,
metrobus,metrobus_vehicle_positions,2026-08-17T22:43:47Z,2026-08-17,20260817T224342Z,36728011-14a0-4ae4-9b57-ac87efe2e63b,,,,,,70133,1057,1230156,0.0,0.0,0.0,0.0,0.0,,,,1786975396,2026-08-17 08:03:16-06:00,,
metrobus,metrobus_vehicle_positions,2026-08-17T22:43:47Z,2026-08-17,20260817T224342Z,5f8243be-a4a0-4cea-8312-f0d48c00b716,,19563,0.0,22:15:31,20260817,69610,2388,003A022,19.3962459564209,-99.09403228759766,290.0,21.0,75.60000000000001,,,,1787006617,2026-08-17 16:43:37-06:00,,
metrobus,metrobus_vehicle_positions,2026-08-17T22:43:47Z,2026-08-17,20260817T224342Z,5640a55b-2438-4042-8ab8-be5564877fd0,,19565,1.0,22:32:05,20260817,69609,2387,003A020,19.393491744995117,-99.13178253173828,602.0,12.0,43.2,,,,1787006603,2026-08-17 16:43:23-06:00,,
metrobus,metrobus_vehicle_positions,2026-08-17T22:43:47Z,2026-08-17,20260817T224342Z,90240f1b-8b2f-4927-a1b1-7b0626562f1e,,19493,1.0,22:31:56,20260817,70132,1056,1230155,19.4466609954834,-99.15314483642578,980.0,15.0,54.0,,,,1787006609,2026-08-17 16:43:29-06:00,,
metrobus,metrobus_vehicle_positions,2026-08-17T22:43:47Z,2026-08-17,20260817T224342Z,c1165b20-4f71-479d-9824-213963269daf,,19497,0.0,21:24:48,20260817,70153,1077,1230020,19.285839080810547,-99.1754150390625,199.0,43.0,154.8,,,,1787006605,2026-08-17 16:43:25-06:00,,
metrobus,metrobus_vehicle_positions,2026-08-17T22:43:47Z,2026-08-17,20260817T224342Z,8faf2f62-07fb-4691-9b10-16792b7d3e47,,19499,0.0,22:28:36,20260817,70152,1076,1230002,19.446754455566406,-99.1531982421875,189.0,0.0,0.0,,,,1787006620,2026-08-17 16:43:40-06:00,,
metrobus,metrobus_vehicle_positions,2026-08-17T22:43:47Z,2026-08-17,20260817T224342Z,e07fed21-6580-47b0-a881-55ecb080a5f1,,19491,1.0,22:40:24,20260817,70151,1075,1230007,19.349960327148438,-99.18665313720703,167.0,23.0,82.8,,,,1787006619,2026-08-17 16:43:39-06:00,,
metrobus,metrobus_vehicle_positions,2026-08-17T22:43:47Z,2026-08-17,20260817T224342Z,b919d236-6e00-462f-a88e-083cefa7bdd3,,19491,1.0,21:51:16,20260817,70150,1074,1300135,19.439952850341797,-99.15554809570312,237.0,25.0,90.0,,,,1787006613,2026-08-17 16:43:33-06:00,,
metrobus,metrobus_vehicle_positions,2026-08-17T22:43:47Z,2026-08-17,20260817T224342Z,7b6e0016-0377-43d4-b6aa-b367d25e0630,,19494,0.0,22:41:47,20260817,70149,1073,1300134,19.487150192260742,-99.12396240234375,217.0,15.0,54.0,,,,1787006613,2026-08-17 16:43:33-06:00,,
metrobus,metrobus_vehicle_positions,2026-08-17T22:43:47Z,2026-08-17,20260817T224342Z,f8304cd2-6ee4-45a9-a400-35138138df37,,19493,1.0,22:33:40,20260817,70148,1072,1300133,19.444766998291016,-99.1537857055664,234.0,33.0,118.8,,,,1787006606,2026-08-17 16:43:26-06:00,,
metrobus,metrobus_vehicle_positions,2026-08-17T22:43:47Z,2026-08-17,20260817T224342Z,4f752d15-a898-4305-ac02-6060a3a62d8b,,19494,0.0,22:33:46,20260817,70147,1071,1300132,19.463748931884766,-99.14332580566406,217.0,13.0,46.800000000000004,,,,1787006524,2026-08-17 16:42:04-06:00,,
metrobus,metrobus_vehicle_positions,2026-08-17T22:43:47Z,2026-08-17,20260817T224342Z,9f71c129-b512-4aaa-bff4-4e75756764b5,,19497,0.0,22:42:22,20260817,70146,1070,1300131,19.446565628051758,-99.15300750732422,256.0,0.0,0.0,,,,1787006618,2026-08-17 16:43:38-06:00,,
metrobus,metrobus_vehicle_positions,2026-08-17T22:43:47Z,2026-08-17,20260817T224342Z,04a3b923-40b9-4f45-9f18-95d025ea0c9f,,19493,1.0,22:16:42,20260817,70145,1069,1300130,19.48643684387207,-99.12428283691406,37.0,11.0,39.6,,,,1787006616,2026-08-17 16:43:36-06:00,,
metrobus,metrobus_vehicle_positions,2026-08-17T22:43:47Z,2026-08-17,20260817T224342Z,39be1b9c-1738-4483-bd13-3f7efcd11e39,,19493,1.0,22:28:52,20260817,70144,1068,1300129,19.455223083496094,-99.15110778808594,336.0,36.0,129.6,,,,1787006606,2026-08-17 16:43:26-06:00,,
metrobus,metrobus_vehicle_positions,2026-08-17T22:43:47Z,2026-08-17,20260817T224342Z,6d190520-ce81-44cb-93e6-b12e51870880,,19491,1.0,21:35:34,20260817,70143,1067,1300128,19.485912322998047,-99.12467956542969,356.0,26.0,93.60000000000001,,,,1787006618,2026-08-17 16:43:38-06:00,,
metrobus,metrobus_vehicle_positions,2026-08-17T22:43:47Z,2026-08-17,20260817T224342Z,a5dccd68-fbb3-4abd-aaad-fdaebda65b7d,,,,,,70597,A9_TESTE,,-22.920101165771484,-43.644439697265625,0.0,0.0,0.0,,,,1786960907,2026-08-17 04:01:47-06:00,,
metrobus,metrobus_vehicle_positions,2026-08-17T22:43:47Z,2026-08-17,20260817T224342Z,1f7c773b-d2ab-44a8-8192-08e4cac84ba0,,19500,1.0,21:55:35,20260817,69945,1087,1230140,19.393564224243164,-99.17239379882812,168.0,0.0,0.0,,,,1787006612,2026-08-17 16:43:32-06:00,,
metrobus,metrobus_vehicle_positions,2026-08-17T22:43:47Z,2026-08-17,20260817T224342Z,80f93a98-befa-457d-aa13-621cd339cdab,,19498,1.0,21:54:40,20260817,69944,1086,1230139,19.417661666870117,-99.16472625732422,137.0,17.0,61.2,,,,1787006604,2026-08-17 16:43:24-06:00,,
metrobus,metrobus_vehicle_positions,2026-08-17T22:43:47Z,2026-08-17,20260817T224342Z,3a3184c8-0259-493a-9f27-5210d2c3ed56,,19500,1.0,21:23:57,20260817,69943,1085,1230138,19.440542221069336,-99.15528106689453,225.0,0.0,0.0,,,,1787006615,2026-08-17 16:43:35-06:00,,
metrobus,metrobus_vehicle_positions,2026-08-17T22:43:47Z,2026-08-17,20260817T224342Z,64d2f134-e00f-4fb8-88f4-8f835d861f9e,,19499,0.0,22:06:10,20260817,69942,1084,1230137,19.409273147583008,-99.1675033569336,197.0,30.0,108.0,,,,1787006616,2026-08-17 16:43:36-06:00,,
metrobus,metrobus_vehicle_positions,2026-08-17T22:43:47Z,2026-08-17,20260817T224342Z,3f254c31-09a9-4940-9cec-59a893b83f36,,19499,0.0,22:43:05,20260817,69941,1083,1230136,19.496952056884766,-99.12010955810547,358.0,24.0,86.4,,,,1787006615,2026-08-17 16:43:35-06:00,,
metrobus,metrobus_vehicle_positions,2026-08-17T22:43:47Z,2026-08-17,20260817T224342Z,3fda876a-ed52-417d-84bd-2ebbcbea3dcd,,19498,1.0,22:41:15,20260817,69940,1082,1230135,19.279491424560547,-99.1689453125,31.0,6.0,21.6,,,,1787006616,2026-08-17 16:43:36-06:00,,
metrobus,metrobus_vehicle_positions,2026-08-17T22:43:47Z,2026-08-17,20260817T224342Z,593732a3-614b-43f1-9247-3da6264bf423,,19497,0.0,21:40:36,20260817,69939,1081,1230134,19.308530807495117,-99.18669891357422,172.0,49.0,176.4,,,,1787006617,2026-08-17 16:43:37-06:00,,
metrobus,metrobus_vehicle_positions,2026-08-17T22:43:47Z,2026-08-17,20260817T224342Z,80cb0860-f402-44d8-af46-6d13208c33b4,,19498,1.0,21:23:28,20260817,70154,1078,1230003,19.443445205688477,-99.15437316894531,128.0,0.0,0.0,,,,1787006615,2026-08-17 16:43:35-06:00,,
metrobus,metrobus_vehicle_positions,2026-08-17T22:43:47Z,2026-08-17,20260817T224342Z,1f7197ae-6ddc-4508-95c1-0fea8ce6ccd2,,19500,1.0,21:26:02,20260817,69946,1091,1230144,19.441255569458008,-99.15499114990234,221.0,35.0,126.0,,,,1787006602,2026-08-17 16:43:22-06:00,,
metrobus,metrobus_vehicle_positions,2026-08-17T22:43:47Z,2026-08-17,20260817T224342Z,620fab4d-9626-48e2-b8bd-9251feba1305,,19497,0.0,22:38:35,20260817,69954,1099,1220118,19.436819076538086,-99.15703582763672,202.0,7.0,25.2,,,,1787006617,2026-08-17 16:43:37-06:00,,
metrobus,metrobus_vehicle_positions,2026-08-17T22:43:47Z,2026-08-17,20260817T224342Z,94dbf240-f3b3-455f-941f-7e74f6cedbd0,,19499,0.0,21:19:40,20260817,69953,1098,1210117,19.29391860961914,-99.18080139160156,113.0,0.0,0.0,,,,1787006615,2026-08-17 16:43:35-06:00,,
metrobus,metrobus_vehicle_positions,2026-08-17T22:43:47Z,2026-08-17,20260817T224342Z,d30ee153-6362-483b-9002-c8ee27e88ead,,19498,1.0,22:27:38,20260817,69952,1097,1230115,19.323280334472656,-99.18849182128906,354.0,20.0,72.0,,,,1787006617,2026-08-17 16:43:37-06:00,,
metrobus,metrobus_vehicle_positions,2026-08-17T22:43:47Z,2026-08-17,20260817T224342Z,6e66a461-510b-4223-b19e-f484f7dbe65b,,,,,,69951,1096,1230149,19.322843551635742,-99.17344665527344,0.0,0.0,0.0,,,,1786995975,2026-08-17 13:46:15-06:00,,
metrobus,metrobus_vehicle_positions,2026-08-17T22:43:47Z,2026-08-17,20260817T224342Z,09802596-72c6-4520-b8cc-486066a6ed4e,,19499,0.0,21:45:21,20260817,69950,1095,1230148,19.361486434936523,-99.18292999267578,195.0,0.0,0.0,,,,1787006616,2026-08-17 16:43:36-06:00,,
metrobus,metrobus_vehicle_positions,2026-08-17T22:43:47Z,2026-08-17,20260817T224342Z,11ee0f93-6ce7-4c9d-9e17-94e7aade144c,,,,,,69949,1094,1230147,19.278818130493164,-99.16804504394531,234.0,0.0,0.0,,,,1787006609,2026-08-17 16:43:29-06:00,,
metrobus,metrobus_vehicle_positions,2026-08-17T22:43:47Z,2026-08-17,20260817T224342Z,9052b712-e873-4ac1-8946-f73ca90cf820,,19499,0.0,22:28:19,20260817,69948,1093,1230146,19.44061279296875,-99.15536499023438,202.0,0.0,0.0,,,,1787006618,2026-08-17 16:43:38-06:00,,
metrobus,metrobus_vehicle_positions,2026-08-17T22:43:47Z,2026-08-17,20260817T224342Z,06cc522c-03dd-44f5-97e3-7ed0883994c5,,19498,1.0,22:15:20,20260817,69947,1092,1230145,19.35472297668457,-99.18508911132812,161.0,0.0,0.0,,,,1787006607,2026-08-17 16:43:27-06:00,,
metrobus,metrobus_vehicle_positions,2026-08-17T22:43:47Z,2026-08-17,20260817T224342Z,9f648ea2-45c3-4667-920f-d6d0fb47d6ea,,,,,,69995,681,1210391,19.490074157714844,-99.09182739257812,0.0,0.0,0.0,,,,1786985143,2026-08-17 10:45:43-06:00,,
metrobus,metrobus_vehicle_positions,2026-08-17T22:43:47Z,2026-08-17,20260817T224342Z,0f7d2d40-ebe8-4cf0-83f1-071e0662f56a,,19559,0.0,01:39:38,20260815,69997,683,1210396,19.490060806274414,-99.09156799316406,200.0,0.0,0.0,,,,1786762045,2026-08-14 20:47:25-06:00,,
metrobus,metrobus_vehicle_positions,2026-08-17T22:43:47Z,2026-08-17,20260817T224342Z,6d904d1c-d872-4a8c-b40d-0790b34132ea,,,,,,69999,685,1210392,19.49005699157715,-99.09154510498047,178.0,0.0,0.0,,,,1786761363,2026-08-14 20:36:03-06:00,,
metrobus,metrobus_vehicle_positions,2026-08-17T22:43:47Z,2026-08-17,20260817T224342Z,dd04d6e9-28d1-4035-a728-8623f9ac0ad8,,20212,1.0,21:48:25,20260817,71108,9601,,19.483749389648438,-99.09561920166016,212.0,18.0,64.8,,,,1787006604,2026-08-17 16:43:24-06:00,,
metrobus,metrobus_vehicle_positions,2026-08-17T22:43:47Z,2026-08-17,20260817T224342Z,5c90d43a-4ba7-4604-9fbd-f1bd96a9dd02,,19520,1.0,22:10:47,20260817,71180,5001,,19.43553352355957,-99.1161880493164,976.0,23.0,82.8,,,,1787006606,2026-08-17 16:43:26-06:00,,
metrobus,metrobus_vehicle_positions,2026-08-17T22:43:47Z,2026-08-17,20260817T224342Z,27b7fd4e-4f23-4eca-b20b-5ec72e7b1ecb,,,,,,71181,5002,,19.445444107055664,-99.15181732177734,205.0,0.0,0.0,,,,1787006601,2026-08-17 16:43:21-06:00,,
metrobus,metrobus_vehicle_positions,2026-08-17T22:43:47Z,2026-08-17,20260817T224342Z,43f1301f-4b9b-47e1-abbc-eed02824aaec,,19516,1.0,22:23:50,20260817,71148,5003,,19.438016891479492,-99.13462829589844,291.0,58.0,208.8,,,,1787006605,2026-08-17 16:43:25-06:00,,
metrobus,metrobus_vehicle_positions,2026-08-17T22:43:47Z,2026-08-17,20260817T224342Z,d0336e8e-9ea9-4927-859e-91cf8f58e249,,19519,0.0,20:31:37,20260817,72679,5004,,19.437435150146484,-99.1090316772461,310.0,39.0,140.4,,,,1786999284,2026-08-17 14:41:24-06:00,,
metrobus,metrobus_vehicle_positions,2026-08-17T22:43:47Z,2026-08-17,20260817T224342Z,21353e41-3054-4510-9bf9-f6e6584d95f5,,,,,,69973,214,1210395,19.38559341430664,-99.04568481445312,0.0,0.0,0.0,,,,1786948352,2026-08-17 00:32:32-06:00,,
metrobus,metrobus_vehicle_positions,2026-08-17T22:43:47Z,2026-08-17,20260817T224342Z,fc944f94-527e-4a29-bede-5d925688e439,,20296,1.0,22:23:37,20260817,73095,457,,19.422393798828125,-99.15391540527344,410.0,4.0,14.4,,,,1787006607,2026-08-17 16:43:27-06:00,,
metrobus,metrobus_vehicle_positions,2026-08-17T22:43:47Z,2026-08-17,20260817T224342Z,e757270b-305d-4107-bd7d-5416b3da8328,,19558,1.0,21:39:10,20260817,69977,218,001A212,19.478559494018555,-99.09778594970703,226.0,0.0,0.0,,,,1787006605,2026-08-17 16:43:25-06:00,,
metrobus,metrobus_vehicle_positions,2026-08-17T22:43:47Z,2026-08-17,20260817T224342Z,d71b9f08-1c95-4d63-9d57-9b7af8a21337,,,,,,69978,219,001A213,19.385629653930664,-99.04561614990234,165.0,0.0,0.0,,,,1786031640,2026-08-06 09:54:00-06:00,,
metrobus,metrobus_vehicle_positions,2026-08-17T22:43:47Z,2026-08-17,20260817T224342Z,56a9e183-5083-458a-90ba-c21ccb3f559e,,,,,,71171,5010,,19.44561767578125,-99.15229034423828,175.0,0.0,0.0,,,,1787006616,2026-08-17 16:43:36-06:00,,
metrobus,metrobus_vehicle_positions,2026-08-17T22:43:47Z,2026-08-17,20260817T224342Z,1ee939d8-8f4d-457b-b104-596bc4b4fdfa,,,,,,71178,5011,,19.43718910217285,-99.14568328857422,283.0,0.0,0.0,,,,1787000263,2026-08-17 14:57:43-06:00,,
metrobus,metrobus_vehicle_positions,2026-08-17T22:43:47Z,2026-08-17,20260817T224342Z,fddeb80e-2cd6-4347-b315-8ed6b91eb61b,,,,,,71173,5012,,19.43747329711914,-99.14799499511719,106.0,0.0,0.0,,,,1787006622,2026-08-17 16:43:42-06:00,,
metrobus,metrobus_vehicle_positions,2026-08-17T22:43:47Z,2026-08-17,20260817T224342Z,dc3b3bd1-d7e1-42ab-81be-f90f5aa59d6e,,19516,1.0,22:15:08,20260817,71156,5013,,19.438169479370117,-99.1373519897461,277.0,7.0,25.2,,,,1787006610,2026-08-17 16:43:30-06:00,,
metrobus,metrobus_vehicle_positions,2026-08-17T22:43:47Z,2026-08-17,20260817T224342Z,449da31c-ab93-47a6-a97a-46be59427f42,,19518,1.0,22:22:47,20260817,71182,5014,,19.4260196685791,-99.13570404052734,278.0,15.0,54.0,,,,1787006603,2026-08-17 16:43:23-06:00,,
metrobus,metrobus_vehicle_positions,2026-08-17T22:43:47Z,2026-08-17,20260817T224342Z,86691c83-d479-414e-9f40-8f0e0ac34625,,19583,1.0,22:28:40,20260817,72629,5015,,19.436729431152344,-99.14755249023438,56.0,0.0,0.0,,,,1787006615,2026-08-17 16:43:35-06:00,,
metrobus,metrobus_vehicle_positions,2026-08-17T22:43:47Z,2026-08-17,20260817T224342Z,bdba2103-5ec3-43f3-80ba-851a47c7ade4,,19456,1.0,22:15:21,20260817,69814,461,1260117,0.0,0.0,0.0,29.0,104.4,,,,1787006608,2026-08-17 16:43:28-06:00,,
metrobus,metrobus_vehicle_positions,2026-08-17T22:43:47Z,2026-08-17,20260817T224342Z,5fdb497b-9c4d-4fcd-95ce-79840c833c1f,,,,,,69815,462,1260118,19.52873992919922,-99.17018127441406,348.0,10.0,36.0,,,,1787006609,2026-08-17 16:43:29-06:00,,
metrobus,metrobus_vehicle_positions,2026-08-17T22:43:47Z,2026-08-17,20260817T224342Z,b591bf1c-73cd-4d82-b8d8-b24bc214d2c6,,19558,1.0,13:10:43,20260817,69979,220,001A214,19.48998260498047,-99.09164428710938,202.0,0.0,0.0,,,,1786976616,2026-08-17 08:23:36-06:00,,
metrobus,metrobus_vehicle_positions,2026-08-17T22:43:47Z,2026-08-17,20260817T224342Z,d3861e02-6be1-446d-b174-71f7858b8cee,,,,,,69816,463,1260119,19.5108699798584,-99.15728759765625,386.0,0.0,0.0,,,,1786985226,2026-08-17 10:47:06-06:00,,
metrobus,metrobus_vehicle_positions,2026-08-17T22:43:47Z,2026-08-17,20260817T224342Z,c8d1692e-a768-4311-bc01-487cdbfefc5a,,19567,1.0,21:50:59,20260817,69980,221,001A142,19.38370704650879,-99.07434844970703,772.0,45.0,162.0,,,,1787006607,2026-08-17 16:43:27-06:00,,
metrobus,metrobus_vehicle_positions,2026-08-17T22:43:47Z,2026-08-17,20260817T224342Z,228b4235-d177-46ad-802d-5ca191be6540,,19456,1.0,22:35:22,20260817,69817,464,1260120,19.45622444152832,-99.14490509033203,650.0,31.0,111.60000000000001,,,,1787006606,2026-08-17 16:43:26-06:00,,
metrobus,metrobus_vehicle_positions,2026-08-17T22:43:47Z,2026-08-17,20260817T224342Z,2a3490c3-ff56-4056-b501-01b8001d2f1d,,19564,0.0,22:16:36,20260817,69981,222,001A143,19.39198112487793,-99.08744812011719,304.0,0.0,0.0,,,,1787006609,2026-08-17 16:43:29-06:00,,
metrobus,metrobus_vehicle_positions,2026-08-17T22:43:47Z,2026-08-17,20260817T224342Z,49b84a62-7728-4fdb-b16b-423007c6d677,,19455,0.0,22:37:52,20260817,69818,465,1260121,19.508962631225586,-99.15937805175781,159.0,39.0,140.4,,,,1787006612,2026-08-17 16:43:32-06:00,,
metrobus,metrobus_vehicle_positions,2026-08-17T22:43:47Z,2026-08-17,20260817T224342Z,228b1445-4821-43fa-9dfc-3a9c1f806744,,19567,1.0,22:13:01,20260817,69982,223,001A144,19.398279190063477,-99.11650085449219,888.0,5.0,18.0,,,,1787006619,2026-08-17 16:43:39-06:00,,
metrobus,metrobus_vehicle_positions,2026-08-17T22:43:47Z,2026-08-17,20260817T224342Z,e6816c2e-17ab-4526-86f4-02ac980dd9a7,,19456,1.0,22:23:05,20260817,69819,466,1260122,19.491796493530273,-99.15278625488281,339.0,30.0,108.0,,,,1787006605,2026-08-17 16:43:25-06:00,,
metrobus,metrobus_vehicle_positions,2026-08-17T22:43:47Z,2026-08-17,20260817T224342Z,a986af4e-592d-45c0-b566-0ea6b6530a88,,,,,,69983,224,001A145,19.50728416442871,-99.0863037109375,250.0,13.0,46.800000000000004,,,,1787006615,2026-08-17 16:43:35-06:00,,
metrobus,metrobus_vehicle_positions,2026-08-17T22:43:47Z,2026-08-17,20260817T224342Z,b4737074-8bcf-437f-a172-55c0c49e9e17,,19455,0.0,22:32:06,20260817,69820,467,1260123,19.498046875,-99.15521240234375,160.0,51.0,183.6,,,,1787006605,2026-08-17 16:43:25-06:00,,
metrobus,metrobus_vehicle_positions,2026-08-17T22:43:47Z,2026-08-17,20260817T224342Z,40ef95a1-1f81-472e-804a-eed0bb0eff1b,,19567,1.0,22:21:05,20260817,69984,225,001A146,19.39472007751465,-99.14277648925781,993.0,12.0,43.2,,,,1787006606,2026-08-17 16:43:26-06:00,,
metrobus,metrobus_vehicle_positions,2026-08-17T22:43:47Z,2026-08-17,20260817T224342Z,aefbcde1-6cbc-4f20-8da8-9cfb273f5a0b,,19459,0.0,22:27:43,20260817,69821,468,1260124,19.48912239074707,-99.15185546875,160.0,0.0,0.0,,,,1787006612,2026-08-17 16:43:32-06:00,,
metrobus,metrobus_vehicle_positions,2026-08-17T22:43:47Z,2026-08-17,20260817T224342Z,fa44c8db-ceb7-4cdb-8701-1af1ab36416d,,19562,1.0,21:58:11,20260817,69985,226,001A147,19.393497467041016,-99.08979797363281,125.0,32.0,115.2,,,,1787006614,2026-08-17 16:43:34-06:00,,
metrobus,metrobus_vehicle_positions,2026-08-17T22:43:47Z,2026-08-17,20260817T224342Z,7077b65f-33e5-403f-9f4a-ac29d4f295fd,,,,,,69986,227,001A148,19.42986488342285,-99.11603546142578,0.0,0.0,0.0,,,,1787004372,2026-08-17 16:06:12-06:00,,
metrobus,metrobus_vehicle_positions,2026-08-17T22:43:47Z,2026-08-17,20260817T224342Z,803d84d5-aaf1-494b-9292-111ceda756f2,,,,,,69822,469,1260125,19.510818481445312,-99.15724182128906,706.0,0.0,0.0,,,,1786722448,2026-08-14 09:47:28-06:00,,
metrobus,metrobus_vehicle_positions,2026-08-17T22:43:47Z,2026-08-17,20260817T224342Z,c80a7501-49c2-4b5c-980d-ab37c293788d,,19518,1.0,22:00:26,20260817,71154,5005,,19.430374145507812,-99.14116668701172,282.0,8.0,28.8,,,,1787006617,2026-08-17 16:43:37-06:00,,
metrobus,metrobus_vehicle_positions,2026-08-17T22:43:47Z,2026-08-17,20260817T224342Z,2a01039e-695d-4445-8932-05e87e2a48c4,,,,,,69987,228,001A149,19.384157180786133,-99.17633819580078,0.0,0.0,0.0,,,,1787006605,2026-08-17 16:43:25-06:00,,
metrobus,metrobus_vehicle_positions,2026-08-17T22:43:47Z,2026-08-17,20260817T224342Z,ae7d99c2-51c0-4629-b574-95971f573db4,,,,,,69988,229,001A150,19.386295318603516,-99.04627227783203,0.0,0.0,0.0,,,,1786994029,2026-08-17 13:13:49-06:00,,
metrobus,metrobus_vehicle_positions,2026-08-17T22:43:47Z,2026-08-17,20260817T224342Z,e2347706-2ee0-4b3d-92f6-f3289db814dc,,19519,0.0,22:01:40,20260817,71223,5006,,19.437978744506836,-99.13563537597656,276.0,11.0,39.6,,,,1787006615,2026-08-17 16:43:35-06:00,,
metrobus,metrobus_vehicle_positions,2026-08-17T22:43:47Z,2026-08-17,20260817T224342Z,d1a2776a-1111-4dc9-b942-c501e78abb0e,,19515,0.0,21:34:28,20260817,71172,5007,,19.42687225341797,-99.1131362915039,957.0,26.0,93.60000000000001,,,,1787006611,2026-08-17 16:43:31-06:00,,
metrobus,metrobus_vehicle_positions,2026-08-17T22:43:47Z,2026-08-17,20260817T224342Z,bf61cb61-9cdc-40f8-94f2-721c49938027,,19517,0.0,22:00:20,20260817,71175,5008,,19.435470581054688,-99.11522674560547,956.0,0.0,0.0,,,,1787006611,2026-08-17 16:43:31-06:00,,
metrobus,metrobus_vehicle_positions,2026-08-17T22:43:47Z,2026-08-17,20260817T224342Z,4449d960-1c34-43af-bc7a-04a01d80a8b2,,19515,0.0,22:34:18,20260817,71184,5009,,19.433391571044922,-99.15186309814453,946.0,0.0,0.0,,,,1787006615,2026-08-17 16:43:35-06:00,,
metrobus,metrobus_vehicle_positions,2026-08-17T22:43:47Z,2026-08-17,20260817T224342Z,879ceeed-b924-41c1-9362-1ef38b23c2d3,,19515,0.0,22:02:18,20260817,72778,5020,,19.429092407226562,-99.13313293457031,97.0,0.0,0.0,,,,1787006616,2026-08-17 16:43:36-06:00,,
metrobus,metrobus_vehicle_positions,2026-08-17T22:43:47Z,2026-08-17,20260817T224342Z,2d24512e-b3b0-412f-8886-33cc2b3212be,,19518,1.0,21:56:07,20260817,71153,5021,,19.430435180664062,-99.14238739013672,279.0,0.0,0.0,,,,1787006614,2026-08-17 16:43:34-06:00,,
metrobus,metrobus_vehicle_positions,2026-08-17T22:43:47Z,2026-08-17,20260817T224342Z,5890c06a-ee43-4ba6-85d3-07264e1e8558,,19516,1.0,16:10:17,20260817,71152,5022,,19.436325073242188,-99.12327575683594,274.0,0.0,0.0,,,,1786983454,2026-08-17 10:17:34-06:00,,
metrobus,metrobus_vehicle_positions,2026-08-17T22:43:47Z,2026-08-17,20260817T224342Z,56ae0674-e165-45e5-8ac4-a5b62542a7ae,,19515,0.0,22:18:38,20260817,71176,5023,,19.430179595947266,-99.1407470703125,101.0,0.0,0.0,,,,1787006610,2026-08-17 16:43:30-06:00,,
metrobus,metrobus_vehicle_positions,2026-08-17T22:43:47Z,2026-08-17,20260817T224342Z,34148e8c-e981-4797-bdf8-929928d1389b,,,,,,71155,5024,,19.43744659423828,-99.1477279663086,110.0,0.0,0.0,,,,1787006605,2026-08-17 16:43:25-06:00,,
metrobus,metrobus_vehicle_positions,2026-08-17T22:43:47Z,2026-08-17,20260817T224342Z,1407d3b4-d514-4991-a46d-9bd673405611,,19516,1.0,21:58:01,20260817,71190,5025,,19.444957733154297,-99.1521987915039,580.0,0.0,0.0,,,,1787006608,2026-08-17 16:43:28-06:00,,
metrobus,metrobus_vehicle_positions,2026-08-17T22:43:47Z,2026-08-17,20260817T224342Z,51efdb68-aeb6-4271-995a-6a079e39b7ef,,19583,1.0,21:58:05,20260817,71191,5026,,19.473237991333008,-99.12310028076172,191.0,43.0,154.8,,,,1787006613,2026-08-17 16:43:33-06:00,,
metrobus,metrobus_vehicle_positions,2026-08-17T22:43:47Z,2026-08-17,20260817T224342Z,6cc369fe-c65b-42bf-8ccf-34e404edfda8,,19460,1.0,21:49:15,20260817,69823,470,1260126,19.476972579956055,-99.1471939086914,339.0,49.0,176.4,,,,1787006621,2026-08-17 16:43:41-06:00,,
metrobus,metrobus_vehicle_positions,2026-08-17T22:43:47Z,2026-08-17,20260817T224342Z,bfb32b5b-1f6a-46ca-99df-7bf09cf60c7b,,19459,0.0,22:41:55,20260817,69824,471,1260127,19.52252960205078,-99.1654281616211,140.0,9.0,32.4,,,,1787006620,2026-08-17 16:43:40-06:00,,
metrobus,metrobus_vehicle_positions,2026-08-17T22:43:47Z,2026-08-17,20260817T224342Z,dfa9f178-e31e-4578-9206-d4fd1c80da68,,,,,,69989,230,001A151,19.506731033325195,-99.0857162475586,198.0,0.0,0.0,,,,1787006619,2026-08-17 16:43:39-06:00,,
metrobus,metrobus_vehicle_positions,2026-08-17T22:43:47Z,2026-08-17,20260817T224342Z,c301ce99-a985-4ab6-9761-3c730845ea74,,,,,,69825,472,1260128,19.510772705078125,-99.15723419189453,703.0,0.0,0.0,,,,1786865009,2026-08-16 01:23:29-06:00,,
metrobus,metrobus_vehicle_positions,2026-08-17T22:43:47Z,2026-08-17,20260817T224342Z,4d9f5dc3-33f9-4aa0-859d-2030bb7347fd,,19566,0.0,22:37:59,20260817,69990,231,001A152,19.38590431213379,-99.05338287353516,305.0,16.0,57.6,,,,1787006610,2026-08-17 16:43:30-06:00,,
metrobus,metrobus_vehicle_positions,2026-08-17T22:43:47Z,2026-08-17,20260817T224342Z,38205817-c259-4b49-bf8f-c78c0c4adfae,,,,,,69991,232,001A153,19.38578224182129,-99.175048828125,163.0,6.0,21.6,,,,1787006612,2026-08-17 16:43:32-06:00,,
metrobus,metrobus_vehicle_positions,2026-08-17T22:43:47Z,2026-08-17,20260817T224342Z,d6a32c46-110a-4498-a8d2-aecc1abbeec9,,,,,,69992,233,001A154,19.49006462097168,-99.09172058105469,0.0,0.0,0.0,,,,1786962004,2026-08-17 04:20:04-06:00,,
metrobus,metrobus_vehicle_positions,2026-08-17T22:43:47Z,2026-08-17,20260817T224342Z,4449526f-901e-40ae-be67-7739d587e801,,,,,,69994,235,001A156,19.38551139831543,-99.0455322265625,0.0,0.0,0.0,,,,1787006612,2026-08-17 16:43:32-06:00,,
metrobus,metrobus_vehicle_positions,2026-08-17T22:43:47Z,2026-08-17,20260817T224342Z,724d2f9a-811d-4a53-b43b-007769f48713,,19518,1.0,22:02:49,20260817,71179,5016,,19.430225372314453,-99.14083099365234,276.0,0.0,0.0,,,,1787006609,2026-08-17 16:43:29-06:00,,
metrobus,metrobus_vehicle_positions,2026-08-17T22:43:47Z,2026-08-17,20260817T224342Z,50270b58-6e9c-43bc-928a-38d19ec4fed3,,19517,0.0,22:38:18,20260817,72777,5017,,19.437925338745117,-99.14984130859375,104.0,0.0,0.0,,,,1787006539,2026-08-17 16:42:19-06:00,,
metrobus,metrobus_vehicle_positions,2026-08-17T22:43:47Z,2026-08-17,20260817T224342Z,f3403da7-0612-4ab2-86bb-449aa56b5755,,,,,,71186,5018,,19.417139053344727,-99.07423400878906,275.0,0.0,0.0,,,,1787006617,2026-08-17 16:43:37-06:00,,
metrobus,metrobus_vehicle_positions,2026-08-17T22:43:47Z,2026-08-17,20260817T224342Z,b42d7eb5-71bb-4e95-9fe9-f379e1b214fa,,19515,0.0,22:10:38,20260817,71188,5019,,19.429420471191406,-99.13528442382812,102.0,0.0,0.0,,,,1787006612,2026-08-17 16:43:32-06:00,,
metrobus,metrobus_vehicle_positions,2026-08-17T22:43:47Z,2026-08-17,20260817T224342Z,b5579d14-a456-4003-9267-53b7ec4e7209,,19519,0.0,22:13:46,20260817,71195,5030,,19.437353134155273,-99.13101196289062,278.0,9.0,32.4,,,,1787006609,2026-08-17 16:43:29-06:00,,
metrobus,metrobus_vehicle_positions,2026-08-17T22:43:47Z,2026-08-17,20260817T224342Z,a3d585c1-6b80-47ce-a1b8-2acf87073b25,,,,,,71196,5031,,19.44569206237793,-99.15159606933594,156.0,0.0,0.0,,,,1786996075,2026-08-17 13:47:55-06:00,,
metrobus,metrobus_vehicle_positions,2026-08-17T22:43:47Z,2026-08-17,20260817T224342Z,f948df4e-f031-4df5-a881-62c97be795e5,,19515,0.0,22:06:59,20260817,71198,5032,,19.42931365966797,-99.1343994140625,977.0,4.0,14.4,,,,1787006619,2026-08-17 16:43:39-06:00,,
metrobus,metrobus_vehicle_positions,2026-08-17T22:43:47Z,2026-08-17,20260817T224342Z,502adec1-d448-43df-bb63-134c3e4b66ac,,19520,1.0,22:04:43,20260817,71202,5033,,19.41769790649414,-99.07642364501953,121.0,51.0,183.6,,,,1787006619,2026-08-17 16:43:39-06:00,,
metrobus,metrobus_vehicle_positions,2026-08-17T22:43:47Z,2026-08-17,20260817T224342Z,88a34f3d-06c4-446c-abe7-8915337cedbb,,19518,1.0,22:26:11,20260817,71203,5034,,19.423404693603516,-99.12918853759766,280.0,0.0,0.0,,,,1787006618,2026-08-17 16:43:38-06:00,,
metrobus,metrobus_vehicle_positions,2026-08-17T22:43:47Z,2026-08-17,20260817T224342Z,54b785e2-11a5-453e-9557-9400a2b9eea3,,19518,1.0,22:19:43,20260817,74948,5035,,19.426301956176758,-99.13426208496094,680.0,11.0,39.6,,,,1787006613,2026-08-17 16:43:33-06:00,,
metrobus,metrobus_vehicle_positions,2026-08-17T22:43:47Z,2026-08-17,20260817T224342Z,01658c56-8b10-4f19-9c95-d5101a7bccff,,19516,1.0,22:11:11,20260817,71205,5036,,19.438608169555664,-99.13993835449219,278.0,0.0,0.0,,,,1787006615,2026-08-17 16:43:35-06:00,,
metrobus,metrobus_vehicle_positions,2026-08-17T22:43:47Z,2026-08-17,20260817T224342Z,ff9abd38-e8b6-4328-bef5-157ad76c5090,,19518,1.0,22:07:04,20260817,71207,5037,,19.43021583557129,-99.14029693603516,278.0,0.0,0.0,,,,1787006609,2026-08-17 16:43:29-06:00,,
metrobus,metrobus_vehicle_positions,2026-08-17T22:43:47Z,2026-08-17,20260817T224342Z,5f9ddb37-ed40-430c-9f56-6964f4317802,,19515,0.0,22:32:24,20260817,71192,5027,,19.438766479492188,-99.13951873779297,985.0,14.0,50.4,,,,1787006607,2026-08-17 16:43:27-06:00,,
metrobus,metrobus_vehicle_positions,2026-08-17T22:43:47Z,2026-08-17,20260817T224342Z,850aa54f-2ab0-4772-a930-ae86ecff1e8a,,19519,0.0,22:15:26,20260817,71193,5028,,19.437070846557617,-99.12895965576172,280.0,16.0,57.6,,,,1787006614,2026-08-17 16:43:34-06:00,,
metrobus,metrobus_vehicle_positions,2026-08-17T22:43:47Z,2026-08-17,20260817T224342Z,3fad58c8-bd1e-49e3-8f0e-0f4a02209a90,,,,,,71194,5029,,19.41776466369629,-99.0781021118164,209.0,0.0,0.0,,,,1787006616,2026-08-17 16:43:36-06:00,,
metrobus,metrobus_vehicle_positions,2026-08-17T22:43:47Z,2026-08-17,20260817T224342Z,3fdea37c-5fbb-46a9-a48c-ef3c9239e9a1,,19516,1.0,22:27:50,20260817,71216,5042,,19.437551498413086,-99.1325912475586,280.0,22.0,79.2,,,,1787006619,2026-08-17 16:43:39-06:00,,
metrobus,metrobus_vehicle_positions,2026-08-17T22:43:47Z,2026-08-17,20260817T224342Z,4c068a81-32d2-406b-b624-f78c23faa31b,,19519,0.0,22:33:42,20260817,71218,5043,,19.430492401123047,-99.0995101928711,297.0,0.0,0.0,,,,1787006610,2026-08-17 16:43:30-06:00,,
metrobus,metrobus_vehicle_positions,2026-08-17T22:43:47Z,2026-08-17,20260817T224342Z,9ebb177c-5cbb-4cd3-8960-422a939f77d0,,,,,,71219,5044,,19.445125579833984,-99.15228271484375,188.0,0.0,0.0,,,,1787001568,2026-08-17 15:19:28-06:00,,
metrobus,metrobus_vehicle_positions,2026-08-17T22:43:47Z,2026-08-17,20260817T224342Z,84838f18-faa5-4ca0-bb92-35d24b1e5604,,,,,,71217,5045,,19.49289321899414,-99.12078094482422,327.0,0.0,0.0,,,,1787006614,2026-08-17 16:43:34-06:00,,
metrobus,metrobus_vehicle_positions,2026-08-17T22:43:47Z,2026-08-17,20260817T224342Z,d85d7a2a-307f-4092-84ab-bddcb7f16617,,19460,1.0,22:41:32,20260817,69828,9403,003A010,19.379180908203125,-99.15917205810547,16.0,0.0,0.0,,,,1787006615,2026-08-17 16:43:35-06:00,,
metrobus,metrobus_vehicle_positions,2026-08-17T22:43:47Z,2026-08-17,20260817T224342Z,852613a8-463c-4960-8a4a-2e6dd69ab884,,19519,0.0,22:31:22,20260817,71215,5046,,19.4376163482666,-99.11038208007812,274.0,0.0,0.0,,,,1787006606,2026-08-17 16:43:26-06:00,,
metrobus,metrobus_vehicle_positions,2026-08-17T22:43:47Z,2026-08-17,20260817T224342Z,4191edbf-9217-416d-8971-122196d884d7,,19457,0.0,22:27:16,20260817,69829,9404,003A011,19.481576919555664,-99.14905548095703,160.0,46.0,165.6,,,,1787006615,2026-08-17 16:43:35-06:00,,
metrobus,metrobus_vehicle_positions,2026-08-17T22:43:47Z,2026-08-17,20260817T224342Z,624cf2a9-1a68-469e-a7de-c0c3a2cb4e3e,,19519,0.0,22:23:39,20260817,71213,5047,,19.435819625854492,-99.11849212646484,276.0,6.0,21.6,,,,1787006610,2026-08-17 16:43:30-06:00,,
metrobus,metrobus_vehicle_positions,2026-08-17T22:43:47Z,2026-08-17,20260817T224342Z,b1f52baf-fb7e-4794-b5c3-d6ef9a6a14fc,,19457,0.0,22:22:03,20260817,69826,9401,TienepermisodeSEMOVI,19.46885108947754,-99.14419555664062,161.0,40.0,144.0,,,,1787006619,2026-08-17 16:43:39-06:00,,
metrobus,metrobus_vehicle_positions,2026-08-17T22:43:47Z,2026-08-17,20260817T224342Z,fdc52247-09b3-4f6f-a9fe-96fc08862683,,,,,,74963,5048,,19.42279052734375,-99.09264373779297,0.0,0.0,0.0,,,,1787005257,2026-08-17 16:20:57-06:00,,
metrobus,metrobus_vehicle_positions,2026-08-17T22:43:47Z,2026-08-17,20260817T224342Z,ec285b6d-2457-4210-9e69-ec14861bf224,,,,,,69827,9402,003A009,19.510751724243164,-99.15711975097656,702.0,0.0,0.0,,,,1787005642,2026-08-17 16:27:22-06:00,,
metrobus,metrobus_vehicle_positions,2026-08-17T22:43:47Z,2026-08-17,20260817T224342Z,4b6aa03f-302a-44cf-bb61-84bfabd38be8,,19519,0.0,22:35:27,20260817,71212,5040,,19.430431365966797,-99.09935760498047,297.0,0.0,0.0,,,,1787006610,2026-08-17 16:43:30-06:00,,
metrobus,metrobus_vehicle_positions,2026-08-17T22:43:47Z,2026-08-17,20260817T224342Z,f3da2be6-550e-4f5a-a589-693d9adc54da,,19520,1.0,22:18:41,20260817,71209,5038,,19.43649673461914,-99.1242904663086,998.0,0.0,0.0,,,,1787006613,2026-08-17 16:43:33-06:00,,
metrobus,metrobus_vehicle_positions,2026-08-17T22:43:47Z,2026-08-17,20260817T224342Z,7ecb5051-e235-4331-b104-d6d1e1be8084,,,,,,71211,5039,,19.44515037536621,-99.152099609375,274.0,0.0,0.0,,,,1787006617,2026-08-17 16:43:37-06:00,,
metrobus,metrobus_vehicle_positions,2026-08-17T22:43:47Z,2026-08-17,20260817T224342Z,e7cab4aa-3582-4c51-b1c0-d89bb0f860da,,,,,,69835,9410,003A017,19.528564453125,-99.17021942138672,170.0,0.0,0.0,,,,1787006616,2026-08-17 16:43:36-06:00,,
metrobus,metrobus_vehicle_positions,2026-08-17T22:43:47Z,2026-08-17,20260817T224342Z,48d86b12-d5f5-46e9-9924-8f4420ee0530,,19517,0.0,22:03:07,20260817,71200,5052,,19.43569564819336,-99.11723327636719,974.0,21.0,75.60000000000001,,,,1787006609,2026-08-17 16:43:29-06:00,,
metrobus,metrobus_vehicle_positions,2026-08-17T22:43:47Z,2026-08-17,20260817T224342Z,6a78a888-22c9-4e94-8673-179ee8ea2886,,19518,1.0,22:17:24,20260817,71199,5053,,19.42644500732422,-99.13597106933594,630.0,8.0,28.8,,,,1787006611,2026-08-17 16:43:31-06:00,,
metrobus,metrobus_vehicle_positions,2026-08-17T22:43:47Z,2026-08-17,20260817T224342Z,823288a9-95ad-4fd3-825b-687f67892028,,19459,0.0,22:00:24,20260817,69836,9411,,19.427858352661133,-99.14881134033203,189.0,0.0,0.0,,,,1787006603,2026-08-17 16:43:23-06:00,,
metrobus,metrobus_vehicle_positions,2026-08-17T22:43:47Z,2026-08-17,20260817T224342Z,f5570254-e37a-44c8-92cb-2c9e20ba58bc,,,,,,71197,5054,,19.417570114135742,-99.0720443725586,264.0,0.0,0.0,,,,1787006615,2026-08-17 16:43:35-06:00,,
metrobus,metrobus_vehicle_positions,2026-08-17T22:43:47Z,2026-08-17,20260817T224342Z,148b2e19-155b-4bc7-83a7-6fff7ebc532a,,,,,,69839,9414,,19.529727935791016,-99.17009735107422,203.0,6.0,21.6,,,,1787006610,2026-08-17 16:43:30-06:00,,
metrobus,metrobus_vehicle_positions,2026-08-17T22:43:47Z,2026-08-17,20260817T224342Z,db19fbc9-2cb1-4eec-a0c0-18a9374dbe41,,19517,0.0,22:16:27,20260817,72781,5056,,19.437366485595703,-99.13142395019531,994.0,0.0,0.0,,,,1787006616,2026-08-17 16:43:36-06:00,,
metrobus,metrobus_vehicle_positions,2026-08-17T22:43:47Z,2026-08-17,20260817T224342Z,f375bb07-7dae-4fd9-a4c3-f6976232e75a,,27054,0.0,21:48:40,20260817,74652,5057,,19.429304122924805,-99.13407135009766,983.0,0.0,0.0,,,,1787006619,2026-08-17 16:43:39-06:00,,
metrobus,metrobus_vehicle_positions,2026-08-17T22:43:47Z,2026-08-17,20260817T224342Z,7034d5d7-fb57-41d9-99d1-946b49f708b6,,19458,1.0,22:27:30,20260817,69840,9415,,19.45517349243164,-99.1451187133789,137.0,0.0,0.0,,,,1787006611,2026-08-17 16:43:31-06:00,,
metrobus,metrobus_vehicle_positions,2026-08-17T22:43:47Z,2026-08-17,20260817T224342Z,4a2cf1bf-e3be-4afe-8592-1de72f2023d4,,19458,1.0,22:19:26,20260817,69837,9412,,19.467666625976562,-99.14373016357422,218.0,31.0,111.60000000000001,,,,1787006581,2026-08-17 16:43:01-06:00,,
metrobus,metrobus_vehicle_positions,2026-08-17T22:43:47Z,2026-08-17,20260817T224342Z,ff54541a-1fe1-4e25-b5ed-26ba3d60b0f9,,27054,0.0,22:00:41,20260817,73391,5058,,19.42589569091797,-99.1280746459961,996.0,32.0,115.2,,,,1787006618,2026-08-17 16:43:38-06:00,,
metrobus,metrobus_vehicle_positions,2026-08-17T22:43:47Z,2026-08-17,20260817T224342Z,21760e17-e5a9-420c-aeae-020122d8cd5a,,19459,0.0,21:45:40,20260817,69838,9413,,19.40540313720703,-99.15526580810547,184.0,43.0,154.8,,,,1787006616,2026-08-17 16:43:36-06:00,,
metrobus,metrobus_vehicle_positions,2026-08-17T22:43:47Z,2026-08-17,20260817T224342Z,8e6d688b-0861-4e23-baa4-ab9cbec9d5c6,,27055,1.0,22:42:05,20260817,74648,5059,,19.438766479492188,-99.07788848876953,344.0,13.0,46.800000000000004,,,,1787006615,2026-08-17 16:43:35-06:00,,
metrobus,metrobus_vehicle_positions,2026-08-17T22:43:47Z,2026-08-17,20260817T224342Z,7094d891-58dc-46f5-af30-e931a77ab434,,,,,,71206,5050,,19.4279727935791,-99.11141967773438,300.0,27.0,97.2,,,,1787006612,2026-08-17 16:43:32-06:00,,
metrobus,metrobus_vehicle_positions,2026-08-17T22:43:47Z,2026-08-17,20260817T224342Z,a8042d98-84cf-4242-9b00-4ffce308cc6a,,,,,,71201,5051,,19.422744750976562,-99.09255981445312,198.0,0.0,0.0,,,,1786994709,2026-08-17 13:25:09-06:00,,
metrobus,metrobus_vehicle_positions,2026-08-17T22:43:47Z,2026-08-17,20260817T224342Z,afef7860-ad0f-44e6-9db0-965a699f3d62,,19517,0.0,22:20:51,20260817,71208,5049,,19.43784523010254,-99.13493347167969,982.0,11.0,39.6,,,,1787006608,2026-08-17 16:43:28-06:00,,
metrobus,metrobus_vehicle_positions,2026-08-17T22:43:47Z,2026-08-17,20260817T224342Z,2ec194ca-73bf-4ccc-b24b-1f3e1cebf3d7,,19457,0.0,22:40:30,20260817,69832,9407,003A014,19.51933479309082,-99.16366577148438,157.0,25.0,90.0,,,,1787006611,2026-08-17 16:43:31-06:00,,
metrobus,metrobus_vehicle_positions,2026-08-17T22:43:47Z,2026-08-17,20260817T224342Z,715f6c32-6ed6-4957-8935-ff23e3f1de8b,,19459,0.0,21:36:19,20260817,74084,9405,,19.383764266967773,-99.1578140258789,193.0,40.0,144.0,,,,1787006617,2026-08-17 16:43:37-06:00,,
metrobus,metrobus_vehicle_positions,2026-08-17T22:43:47Z,2026-08-17,20260817T224342Z,84f5f4b4-a7ba-44fe-a5e8-08ad37c42d91,,,,,,69831,9406,003A013,19.528200149536133,-99.16999816894531,150.0,26.0,93.60000000000001,,,,1787006614,2026-08-17 16:43:34-06:00,,
metrobus,metrobus_vehicle_positions,2026-08-17T22:43:47Z,2026-08-17,20260817T224342Z,515bc20b-6636-44ea-9152-abbc2695a94d,,19457,0.0,22:32:38,20260817,69834,9409,003A016,19.498722076416016,-99.15548706054688,161.0,37.0,133.20000000000002,,,,1787006606,2026-08-17 16:43:26-06:00,,
metrobus,metrobus_vehicle_positions,2026-08-17T22:43:47Z,2026-08-17,20260817T224342Z,7747b871-d2e5-4ed7-938b-a94dc7391342,,19429,0.0,22:38:45,20260817,67988,9421,,19.518722534179688,-99.16339874267578,149.0,33.0,118.8,,,,1787006611,2026-08-17 16:43:31-06:00,,
metrobus,metrobus_vehicle_positions,2026-08-17T22:43:47Z,2026-08-17,20260817T224342Z,42a62ca7-81c9-4bce-8402-2c35cec20ec3,,27055,1.0,22:29:22,20260817,74650,5063,,19.435083389282227,-99.08643341064453,272.0,29.0,104.4,,,,1787005943,2026-08-17 16:32:23-06:00,,
metrobus,metrobus_vehicle_positions,2026-08-17T22:43:47Z,2026-08-17,20260817T224342Z,c4f9cd82-fd8b-4a0c-a8c8-8b3ac11b422d,,27055,1.0,20:20:34,20260817,74659,5064,,19.422908782958984,-99.09239196777344,320.0,0.0,0.0,,,,1787000053,2026-08-17 14:54:13-06:00,,
metrobus,metrobus_vehicle_positions,2026-08-17T22:43:47Z,2026-08-17,20260817T224342Z,bd176d1f-2f4e-4303-a20e-b34160f730b9,,19429,0.0,22:20:38,20260817,67987,9422,,19.46750259399414,-99.14370727539062,160.0,0.0,0.0,,,,1787006610,2026-08-17 16:43:30-06:00,,
metrobus,metrobus_vehicle_positions,2026-08-17T22:43:47Z,2026-08-17,20260817T224342Z,75baff23-62ba-43ba-a176-d2fa3743afd7,,27054,0.0,22:42:30,20260817,74644,5065,,19.435283660888672,-99.15345764160156,610.0,17.0,61.2,,,,1787006610,2026-08-17 16:43:30-06:00,,
metrobus,metrobus_vehicle_positions,2026-08-17T22:43:47Z,2026-08-17,20260817T224342Z,9e790249-5c8f-41d2-833a-830b0606cda1,,19458,1.0,22:09:00,20260817,69845,9420,,19.49634552001953,-99.15448760986328,340.0,0.0,0.0,,,,1787006614,2026-08-17 16:43:34-06:00,,
metrobus,metrobus_vehicle_positions,2026-08-17T22:43:47Z,2026-08-17,20260817T224342Z,0662fafb-66b2-4e18-9854-bb7680d3f170,,,,,,74667,5066,,19.423025131225586,-99.0922622680664,0.0,0.0,0.0,,,,1786950118,2026-08-17 01:01:58-06:00,,
metrobus,metrobus_vehicle_positions,2026-08-17T22:43:47Z,2026-08-17,20260817T224342Z,eab84510-7d1b-48a9-8753-f90a86514d3d,,19460,1.0,22:06:12,20260817,69850,9425,,19.44084930419922,-99.14839935302734,233.0,0.0,0.0,,,,1787006617,2026-08-17 16:43:37-06:00,,
metrobus,metrobus_vehicle_positions,2026-08-17T22:43:47Z,2026-08-17,20260817T224342Z,2f2a4bd6-de15-42e3-9a87-032835b6dd2c,,27055,1.0,22:30:08,20260817,74647,5067,,19.420921325683594,-99.07828521728516,306.0,0.0,0.0,,,,1787006607,2026-08-17 16:43:27-06:00,,
metrobus,metrobus_vehicle_positions,2026-08-17T22:43:47Z,2026-08-17,20260817T224342Z,c68a9b15-26c6-47d3-bd72-0a153ffb8ab4,,19458,1.0,22:22:57,20260817,69851,9426,,19.456661224365234,-99.1447982788086,124.0,33.0,118.8,,,,1787006612,2026-08-17 16:43:32-06:00,,
metrobus,metrobus_vehicle_positions,2026-08-17T22:43:47Z,2026-08-17,20260817T224342Z,35e39d7e-caea-480e-acbf-f056b7d33dce,,27054,0.0,21:34:28,20260817,74669,5068,,19.430587768554688,-99.09980773925781,117.0,0.0,0.0,,,,1787006611,2026-08-17 16:43:31-06:00,,
metrobus,metrobus_vehicle_positions,2026-08-17T22:43:47Z,2026-08-17,20260817T224342Z,fddcce18-5d76-4896-afae-95cb954d83a2,,19457,0.0,22:11:33,20260817,69848,9423,,19.446170806884766,-99.147216796875,192.0,0.0,0.0,,,,1787006617,2026-08-17 16:43:37-06:00,,
metrobus,metrobus_vehicle_positions,2026-08-17T22:43:47Z,2026-08-17,20260817T224342Z,71a5cd78-e244-4403-b53b-0fad6f233c96,,19460,1.0,21:34:05,20260817,69849,9424,,19.51917839050293,-99.16351318359375,334.0,41.0,147.6,,,,1787006610,2026-08-17 16:43:30-06:00,,
metrobus,metrobus_vehicle_positions,2026-08-17T22:43:47Z,2026-08-17,20260817T224342Z,b5d650d7-bcac-45ba-892a-c4ac43c43fca,,27055,1.0,21:54:17,20260817,74651,5060,,19.42562484741211,-99.11965942382812,278.0,0.0,0.0,,,,1787006610,2026-08-17 16:43:30-06:00,,
metrobus,metrobus_vehicle_positions,2026-08-17T22:43:47Z,2026-08-17,20260817T224342Z,eb4fdbfb-b334-49e8-b6f2-927c839428a1,,27055,1.0,21:27:01,20260817,74646,5061,,19.426212310791016,-99.13459777832031,670.0,0.0,0.0,,,,1787006618,2026-08-17 16:43:38-06:00,,
metrobus,metrobus_vehicle_positions,2026-08-17T22:43:47Z,2026-08-17,20260817T224342Z,2c65de4f-c3d1-43a2-8985-6fb70d7eb000,,27054,0.0,21:40:26,20260817,74660,5062,,19.42681121826172,-99.11255645751953,878.0,43.0,154.8,,,,1787006607,2026-08-17 16:43:27-06:00,,
metrobus,metrobus_vehicle_positions,2026-08-17T22:43:47Z,2026-08-17,20260817T224342Z,585a117c-33ec-403e-9697-088240883812,,19457,0.0,22:08:35,20260817,69843,9418,,19.445791244506836,-99.14735412597656,191.0,10.0,36.0,,,,1787006609,2026-08-17 16:43:29-06:00,,
metrobus,metrobus_vehicle_positions,2026-08-17T22:43:47Z,2026-08-17,20260817T224342Z,74b8f4de-821c-425a-be0f-9aba55317aea,,19457,0.0,22:24:32,20260817,69844,9419,,19.47967529296875,-99.14830017089844,159.0,0.0,0.0,,,,1787006616,2026-08-17 16:43:36-06:00,,
metrobus,metrobus_vehicle_positions,2026-08-17T22:43:47Z,2026-08-17,20260817T224342Z,49fec8c6-8f7d-48a8-8ceb-bc3cb5004d41,,19459,0.0,22:11:21,20260817,69841,9416,,19.446077346801758,-99.147216796875,191.0,8.0,28.8,,,,1787006611,2026-08-17 16:43:31-06:00,,
metrobus,metrobus_vehicle_positions,2026-08-17T22:43:47Z,2026-08-17,20260817T224342Z,90224330-43f5-4c4c-9db1-b6b2b689f1cb,,19459,0.0,21:52:46,20260817,69842,9417,,19.42473602294922,-99.15386962890625,182.0,0.0,0.0,,,,1787006609,2026-08-17 16:43:29-06:00,,
metrobus,metrobus_vehicle_positions,2026-08-17T22:43:47Z,2026-08-17,20260817T224342Z,baf81a67-2403-49bf-8620-75a32e1d72c1,,,,,,69857,9432,,19.430522918701172,-99.14796447753906,860.0,23.0,82.8,,,,1787006614,2026-08-17 16:43:34-06:00,,
metrobus,metrobus_vehicle_positions,2026-08-17T22:43:47Z,2026-08-17,20260817T224342Z,150ed52e-d863-471b-8516-39f40743f73b,,19455,0.0,22:06:11,20260817,69858,9433,,19.445295333862305,-99.1475830078125,265.0,9.0,32.4,,,,1787006615,2026-08-17 16:43:35-06:00,,
metrobus,metrobus_vehicle_positions,2026-08-17T22:43:47Z,2026-08-17,20260817T224342Z,3d684604-dcc9-4474-8bb3-ce9913de79e0,,19458,1.0,22:31:07,20260817,69855,9430,,19.446653366088867,-99.14704132080078,102.0,0.0,0.0,,,,1787006615,2026-08-17 16:43:35-06:00,,
metrobus,metrobus_vehicle_positions,2026-08-17T22:43:47Z,2026-08-17,20260817T224342Z,0baac268-30a4-43c6-9bf5-56f73a73ba24,,,,,,69856,9431,,19.42556381225586,-99.15219116210938,942.0,0.0,0.0,,,,1787006604,2026-08-17 16:43:24-06:00,,
metrobus,metrobus_vehicle_positions,2026-08-17T22:43:47Z,2026-08-17,20260817T224342Z,be1d31ae-7c76-4dcb-9b9b-2939609de5db,,19460,1.0,22:19:58,20260817,69861,9436,,19.425556182861328,-99.15361022949219,490.0,0.0,0.0,,,,1787006614,2026-08-17 16:43:34-06:00,,
metrobus,metrobus_vehicle_positions,2026-08-17T22:43:47Z,2026-08-17,20260817T224342Z,013e7c51-fedd-4632-911f-b3683f6b52b7,,19460,1.0,22:37:43,20260817,69862,9437,,19.385501861572266,-99.15734100341797,131.0,32.0,115.2,,,,1787006605,2026-08-17 16:43:25-06:00,,
metrobus,metrobus_vehicle_positions,2026-08-17T22:43:47Z,2026-08-17,20260817T224342Z,9c2ddda9-5b50-4a8e-8f99-a6310eff2983,,19459,0.0,22:36:11,20260817,69859,9434,,19.5084228515625,-99.15919494628906,159.0,0.0,0.0,,,,1787006608,2026-08-17 16:43:28-06:00,,
metrobus,metrobus_vehicle_positions,2026-08-17T22:43:47Z,2026-08-17,20260817T224342Z,7d7a0801-8712-481e-830b-99eb51e38644,,,,,,69860,9435,,19.528854370117188,-99.17022705078125,175.0,0.0,0.0,,,,1787006614,2026-08-17 16:43:34-06:00,,
metrobus,metrobus_vehicle_positions,2026-08-17T22:43:47Z,2026-08-17,20260817T224342Z,d3bb13fa-00e2-465e-96da-067459b97db9,,,,,,73390,5070,,19.427005767822266,-99.111328125,793.0,19.0,68.4,,,,1787006606,2026-08-17 16:43:26-06:00,,
metrobus,metrobus_vehicle_positions,2026-08-17T22:43:47Z,2026-08-17,20260817T224342Z,39a9ea0b-45bf-44da-b990-8fae04bf9fd0,,27054,0.0,22:22:29,20260817,74668,5071,,19.4293155670166,-99.13523864746094,100.0,0.0,0.0,,,,1787006615,2026-08-17 16:43:35-06:00,,
metrobus,metrobus_vehicle_positions,2026-08-17T22:43:47Z,2026-08-17,20260817T224342Z,0fe4c0c8-d53c-4c3a-a308-d32198ec4a6d,,27055,1.0,21:57:11,20260817,74658,5072,,19.42694664001465,-99.11381530761719,934.0,38.0,136.8,,,,1787006606,2026-08-17 16:43:26-06:00,,
metrobus,metrobus_vehicle_positions,2026-08-17T22:43:47Z,2026-08-17,20260817T224342Z,b1219699-17f1-41e1-89b3-466b6d1e1b6f,,19455,0.0,22:22:11,20260817,70493,9429,,19.473976135253906,-99.14612579345703,160.0,0.0,0.0,,,,1787006611,2026-08-17 16:43:31-06:00,,
metrobus,metrobus_vehicle_positions,2026-08-17T22:43:47Z,2026-08-17,20260817T224342Z,b8f4ee2c-0b94-4938-8a58-7d1857544c9e,,19459,0.0,22:05:14,20260817,69852,9427,,19.439083099365234,-99.14886474609375,180.0,20.0,72.0,,,,1787006616,2026-08-17 16:43:36-06:00,,
metrobus,metrobus_vehicle_positions,2026-08-17T22:43:47Z,2026-08-17,20260817T224342Z,674a1097-062d-41f0-b960-0fec4df9ca22,,19457,0.0,22:13:41,20260817,69853,9428,,19.449377059936523,-99.14642333984375,191.0,39.0,140.4,,,,1787006614,2026-08-17 16:43:34-06:00,,
metrobus,metrobus_vehicle_positions,2026-08-17T22:43:47Z,2026-08-17,20260817T224342Z,709bdb5b-9386-43ed-ac87-de91b02ef737,,19457,0.0,22:38:05,20260817,69868,9443,,19.51788330078125,-99.16291046142578,159.0,41.0,147.6,,,,1787006616,2026-08-17 16:43:36-06:00,,
metrobus,metrobus_vehicle_positions,2026-08-17T22:43:47Z,2026-08-17,20260817T224342Z,de634f60-9054-40d8-bd56-29676b148e81,,19458,1.0,22:34:35,20260817,69869,9444,,19.440126419067383,-99.148681640625,119.0,46.0,165.6,,,,1787006480,2026-08-17 16:41:20-06:00,,
metrobus,metrobus_vehicle_positions,2026-08-17T22:43:47Z,2026-08-17,20260817T224342Z,b9a5a6ee-cfec-4936-83c3-fe52a99efe31,,19459,0.0,22:18:15,20260817,69866,9441,,19.456026077270508,-99.14498138427734,192.0,36.0,129.6,,,,1787006613,2026-08-17 16:43:33-06:00,,
metrobus,metrobus_vehicle_positions,2026-08-17T22:43:47Z,2026-08-17,20260817T224342Z,5b5ed897-991f-49d1-a7cb-6908cca552b0,,19430,1.0,22:30:11,20260817,69867,9442,,19.492416381835938,-99.15304565429688,340.0,35.0,126.0,,,,1787006614,2026-08-17 16:43:34-06:00,,
metrobus,metrobus_vehicle_positions,2026-08-17T22:43:47Z,2026-08-17,20260817T224342Z,5468357d-eeec-4f10-a9a3-bb68d3d8e43c,,19460,1.0,21:39:24,20260817,69872,9447,,19.503808975219727,-99.15727233886719,338.0,36.0,129.6,,,,1787006606,2026-08-17 16:43:26-06:00,,
metrobus,metrobus_vehicle_positions,2026-08-17T22:43:47Z,2026-08-17,20260817T224342Z,89ad0f26-967c-41fe-8b68-6f64e3a3a126,,19460,1.0,22:01:22,20260817,69873,9448,,19.446971893310547,-99.14697265625,117.0,0.0,0.0,,,,1787006613,2026-08-17 16:43:33-06:00,,
metrobus,metrobus_vehicle_positions,2026-08-17T22:43:47Z,2026-08-17,20260817T224342Z,27093319-824e-4006-a519-bc721b4e6c78,,,,,,69870,9445,,19.369369506835938,-99.16154479980469,142.0,23.0,82.8,,,,1787006614,2026-08-17 16:43:34-06:00,,
metrobus,metrobus_vehicle_positions,2026-08-17T22:43:47Z,2026-08-17,20260817T224342Z,a034e523-fa6b-492a-98a3-90eec752ac57,,19460,1.0,22:26:04,20260817,69871,9446,,19.413110733032227,-99.15465545654297,480.0,43.0,154.8,,,,1787006604,2026-08-17 16:43:24-06:00,,
metrobus,metrobus_vehicle_positions,2026-08-17T22:43:47Z,2026-08-17,20260817T224342Z,03b285e3-04b4-422d-a216-4c777d036dc3,,19455,0.0,22:15:27,20260817,69865,9440,,19.451152801513672,-99.14614868164062,190.0,26.0,93.60000000000001,,,,1787006615,2026-08-17 16:43:35-06:00,,
metrobus,metrobus_vehicle_positions,2026-08-17T22:43:47Z,2026-08-17,20260817T224342Z,7e3cc8c9-9792-4582-9048-0bbbf790fe61,,19458,1.0,22:32:22,20260817,69863,9438,,19.4462890625,-99.14713287353516,128.0,0.0,0.0,,,,1787006605,2026-08-17 16:43:25-06:00,,
metrobus,metrobus_vehicle_positions,2026-08-17T22:43:47Z,2026-08-17,20260817T224342Z,1edc6a5a-95f7-4926-8d63-a1924b998883,,19458,1.0,22:35:51,20260817,69864,9439,,19.434940338134766,-99.14668273925781,870.0,0.0,0.0,,,,1787006615,2026-08-17 16:43:35-06:00,,
metrobus,metrobus_vehicle_positions,2026-08-17T22:43:47Z,2026-08-17,20260817T224342Z,d06b0316-5c3f-4755-bf3d-381a44f5077b,,19457,0.0,21:53:17,20260817,69879,9454,,19.425207138061523,-99.15086364746094,878.0,33.0,118.8,,,,1787006617,2026-08-17 16:43:37-06:00,,
metrobus,metrobus_vehicle_positions,2026-08-17T22:43:47Z,2026-08-17,20260817T224342Z,789395f9-fd3f-4dc5-b14f-97c1ea3332f3,,19460,1.0,22:33:06,20260817,69880,9455,,19.40118980407715,-99.155517578125,520.0,0.0,0.0,,,,1787006603,2026-08-17 16:43:23-06:00,,
metrobus,metrobus_vehicle_positions,2026-08-17T22:43:47Z,2026-08-17,20260817T224342Z,93a6d497-ebde-4112-8a61-3a84a0e5e01a,,19456,1.0,22:39:27,20260817,69877,9452,,19.449928283691406,-99.14632415771484,126.0,0.0,0.0,,,,1787006608,2026-08-17 16:43:28-06:00,,
metrobus,metrobus_vehicle_positions,2026-08-17T22:43:47Z,2026-08-17,20260817T224342Z,7266fb87-9ef8-4329-86b0-98ad4795bb52,,19459,0.0,21:41:52,20260817,69878,9453,,19.396310806274414,-99.15599822998047,184.0,0.0,0.0,,,,1787006619,2026-08-17 16:43:39-06:00,,
metrobus,metrobus_vehicle_positions,2026-08-17T22:43:47Z,2026-08-17,20260817T224342Z,13f04a5e-0a5e-4694-b464-110c77e5f540,,19457,0.0,22:18:54,20260817,69883,9458,,19.46315574645996,-99.14437103271484,220.0,23.0,82.8,,,,1787006605,2026-08-17 16:43:25-06:00,,
metrobus,metrobus_vehicle_positions,2026-08-17T22:43:47Z,2026-08-17,20260817T224342Z,ade6c417-dc3c-4681-8a21-6fbcc40bc3bb,,19458,1.0,22:14:32,20260817,69884,9459,,19.48164939880371,-99.14898681640625,340.0,36.0,129.6,,,,1787006605,2026-08-17 16:43:25-06:00,,
metrobus,metrobus_vehicle_positions,2026-08-17T22:43:47Z,2026-08-17,20260817T224342Z,83b0de09-3aea-488a-88bc-04086a212b0b,,,,,,69881,9456,,19.428125381469727,-99.14875793457031,190.0,0.0,0.0,,,,1787006607,2026-08-17 16:43:27-06:00,,
metrobus,metrobus_vehicle_positions,2026-08-17T22:43:47Z,2026-08-17,20260817T224342Z,382aa898-f43e-4b83-a316-fe2a2555596e,,19460,1.0,21:49:44,20260817,69882,9457,,19.467147827148438,-99.14352416992188,340.0,6.0,21.6,,,,1787006617,2026-08-17 16:43:37-06:00,,
metrobus,metrobus_vehicle_positions,2026-08-17T22:43:47Z,2026-08-17,20260817T224342Z,78e8bbed-f67c-4419-a946-c1ea4b670459,,19459,0.0,22:24:11,20260817,69875,9450,,19.47446632385254,-99.14630889892578,163.0,29.0,104.4,,,,1787006612,2026-08-17 16:43:32-06:00,,
metrobus,metrobus_vehicle_positions,2026-08-17T22:43:47Z,2026-08-17,20260817T224342Z,ac00e218-b14f-4404-b1bc-9405a7701a62,,,,,,69876,9451,,19.510929107666016,-99.15727996826172,0.0,0.0,0.0,,,,1786988248,2026-08-17 11:37:28-06:00,,
metrobus,metrobus_vehicle_positions,2026-08-17T22:43:47Z,2026-08-17,20260817T224342Z,f666c2a4-ed7d-4e92-9594-05c81d5b1485,,19460,1.0,21:53:34,20260817,69874,9449,,19.455734252929688,-99.14498138427734,126.0,0.0,0.0,,,,1787006612,2026-08-17 16:43:32-06:00,,
metrobus,metrobus_vehicle_positions,2026-08-17T22:43:47Z,2026-08-17,20260817T224342Z,d5f3a3c3-dd3c-49d7-b6ec-3bf7cd419b16,,19460,1.0,22:15:02,20260817,69885,9460,,0.0,0.0,0.0,0.0,0.0,,,,1787006616,2026-08-17 16:43:36-06:00,,
metrobus,metrobus_vehicle_positions,2026-08-17T22:43:47Z,2026-08-17,20260817T224342Z,a861ff31-1f74-4b63-887d-2a44c2e80948,,19559,0.0,22:03:56,20260817,69615,2603,002A905,19.390432357788086,-99.11283111572266,154.0,42.0,151.20000000000002,,,,1787006612,2026-08-17 16:43:32-06:00,,
metrobus,metrobus_vehicle_positions,2026-08-17T22:43:47Z,2026-08-17,20260817T224342Z,6f2d2006-197f-421f-84be-e67901a11d7c,,20296,1.0,22:01:48,20260817,69614,2602,002A904,19.446063995361328,-99.14717864990234,113.0,0.0,0.0,,,,1787006609,2026-08-17 16:43:29-06:00,,
metrobus,metrobus_vehicle_positions,2026-08-17T22:43:47Z,2026-08-17,20260817T224342Z,9336ec49-43a0-422d-9ad5-12b59dbd2156,,19556,0.0,22:17:48,20260817,69613,2601,002A903,19.350189208984375,-99.11094665527344,168.0,15.0,54.0,,,,1787006619,2026-08-17 16:43:39-06:00,,
metrobus,metrobus_vehicle_positions,2026-08-17T22:43:47Z,2026-08-17,20260817T224342Z,53c0ddc8-8bff-444b-bab1-2b17d5679035,,,,,,74125,Maqueta_Carraci,,19.402490615844727,-99.17045593261719,272.0,0.0,0.0,,,,1784833476,2026-07-23 13:04:36-06:00,,
metrobus,metrobus_vehicle_positions,2026-08-17T22:43:47Z,2026-08-17,20260817T224342Z,7ed433fd-ff38-42d8-829e-44ec82bdf79f,,19559,0.0,21:39:45,20260817,69621,2609,002A911,19.306529998779297,-99.11190032958984,192.0,0.0,0.0,,,,1787006613,2026-08-17 16:43:33-06:00,,
metrobus,metrobus_vehicle_positions,2026-08-17T22:43:47Z,2026-08-17,20260817T224342Z,e1217edb-40ba-4da2-ab32-deee23fa68d2,,,,,,69620,2608,002A910,19.273174285888672,-99.1207046508789,533.0,0.0,0.0,,,,1787006611,2026-08-17 16:43:31-06:00,,
metrobus,metrobus_vehicle_positions,2026-08-17T22:43:47Z,2026-08-17,20260817T224342Z,e81f1fa0-275e-4591-b003-b6c2db528ae0,,20211,0.0,22:17:21,20260817,69619,2607,002A909,19.433242797851562,-99.11509704589844,187.0,24.0,86.4,,,,1787006608,2026-08-17 16:43:28-06:00,,
metrobus,metrobus_vehicle_positions,2026-08-17T22:43:47Z,2026-08-17,20260817T224342Z,f797d2ba-f660-4cfc-9f7c-b57692fa343e,,19559,0.0,22:11:02,20260817,69618,2606,002A908,19.40594482421875,-99.11357879638672,184.0,33.0,118.8,,,,1787006615,2026-08-17 16:43:35-06:00,,
metrobus,metrobus_vehicle_positions,2026-08-17T22:43:47Z,2026-08-17,20260817T224342Z,cbf06945-4a00-4d84-90f9-0a5a8c7bb675,,19558,1.0,21:59:13,20260817,69617,2605,002A907,19.42578887939453,-99.11139678955078,590.0,0.0,0.0,,,,1787006620,2026-08-17 16:43:40-06:00,,
metrobus,metrobus_vehicle_positions,2026-08-17T22:43:47Z,2026-08-17,20260817T224342Z,ef430027-9380-4e1c-9a70-7d57c498f3b0,,20211,0.0,22:30:04,20260817,69616,2604,002A906,19.467182159423828,-99.10304260253906,202.0,10.0,36.0,,,,1787006618,2026-08-17 16:43:38-06:00,,
metrobus,metrobus_vehicle_positions,2026-08-17T22:43:47Z,2026-08-17,20260817T224342Z,eb005073-285e-4dc7-a138-665a94dc3e34,,19557,1.0,22:34:11,20260817,69626,2614,002A916,19.300077438354492,-99.11375427246094,880.0,0.0,0.0,,,,1787006609,2026-08-17 16:43:29-06:00,,
metrobus,metrobus_vehicle_positions,2026-08-17T22:43:47Z,2026-08-17,20260817T224342Z,1bc551ac-845a-4358-965a-2864e87ae937,,20295,0.0,22:28:12,20260817,69625,2613,002A915,19.45534896850586,-99.14508819580078,192.0,0.0,0.0,,,,1787006611,2026-08-17 16:43:31-06:00,,
metrobus,metrobus_vehicle_positions,2026-08-17T22:43:47Z,2026-08-17,20260817T224342Z,dccfcf01-fb2e-4772-879b-513d7c9d227f,,20211,0.0,22:39:43,20260817,69623,2611,002A913,19.49395179748535,-99.09181213378906,201.0,0.0,0.0,,,,1787006609,2026-08-17 16:43:29-06:00,,
metrobus,metrobus_vehicle_positions,2026-08-17T22:43:47Z,2026-08-17,20260817T224342Z,3b6d0592-f76e-4c85-b14b-b402894fc2f0,,19558,1.0,22:26:36,20260817,69622,2610,002A912,19.33252716064453,-99.11322784423828,349.0,17.0,61.2,,,,1787006606,2026-08-17 16:43:26-06:00,,
metrobus,metrobus_vehicle_positions,2026-08-17T22:43:47Z,2026-08-17,20260817T224342Z,77276750-4778-4198-86fd-305d9545aaf3,,,,,,69631,2619,002A921,19.304271697998047,-99.10157775878906,360.0,0.0,0.0,,,,1785731595,2026-08-02 22:33:15-06:00,,
metrobus,metrobus_vehicle_positions,2026-08-17T22:43:47Z,2026-08-17,20260817T224342Z,5e0e91d0-135d-4b73-b1fe-3ed8c87bac22,,20212,1.0,21:48:02,20260817,69630,2618,002A920,19.483280181884766,-99.09581756591797,216.0,11.0,39.6,,,,1787006612,2026-08-17 16:43:32-06:00,,
metrobus,metrobus_vehicle_positions,2026-08-17T22:43:47Z,2026-08-17,20260817T224342Z,0adb1e85-8c1c-443d-8044-1eee60f25db7,,19559,0.0,22:01:41,20260817,69629,2617,002A919,19.3804988861084,-99.11016845703125,160.0,47.0,169.20000000000002,,,,1787006617,2026-08-17 16:43:37-06:00,,
metrobus,metrobus_vehicle_positions,2026-08-17T22:43:47Z,2026-08-17,20260817T224342Z,cc7060c8-1ba1-4994-a947-f057c375a481,,20211,0.0,22:01:49,20260817,69628,2616,002A918,19.38570785522461,-99.11162567138672,167.0,31.0,111.60000000000001,,,,1787006610,2026-08-17 16:43:30-06:00,,
metrobus,metrobus_vehicle_positions,2026-08-17T22:43:47Z,2026-08-17,20260817T224342Z,d215016d-8514-42ea-bc82-10157a8d9464,,20212,1.0,21:42:02,20260817,69627,2615,002A917,19.50440788269043,-99.08673095703125,214.0,29.0,104.4,,,,1787006613,2026-08-17 16:43:33-06:00,,
metrobus,metrobus_vehicle_positions,2026-08-17T22:43:47Z,2026-08-17,20260817T224342Z,cb8bc9d9-0aa4-4f54-a868-5dc809fd3afa,,19558,1.0,22:41:44,20260817,69637,2625,002A927,19.277339935302734,-99.11820983886719,208.0,0.0,0.0,,,,1787006611,2026-08-17 16:43:31-06:00,,
metrobus,metrobus_vehicle_positions,2026-08-17T22:43:47Z,2026-08-17,20260817T224342Z,2468b7b3-74c7-4e94-8ca7-fff223a7d8de,,,,,,69636,2624,002A926,19.27280616760254,-99.12115478515625,101.0,0.0,0.0,,,,1787006607,2026-08-17 16:43:27-06:00,,
metrobus,metrobus_vehicle_positions,2026-08-17T22:43:47Z,2026-08-17,20260817T224342Z,fe4cc293-91ed-4f6d-96c7-4f4cc65f1aad,,,,,,71770,2623,,19.30436897277832,-99.10135650634766,0.0,0.0,0.0,,,,1787001920,2026-08-17 15:25:20-06:00,,
metrobus,metrobus_vehicle_positions,2026-08-17T22:43:47Z,2026-08-17,20260817T224342Z,1b84c368-92ea-4169-b62b-24771b0fa888,,19558,1.0,21:56:35,20260817,69634,2622,002A924,19.428874969482422,-99.11346435546875,296.0,0.0,0.0,,,,1787006607,2026-08-17 16:43:27-06:00,,
metrobus,metrobus_vehicle_positions,2026-08-17T22:43:47Z,2026-08-17,20260817T224342Z,08d66a59-1ce3-49a5-a2e6-bbf57e398007,,20296,1.0,22:17:04,20260817,69633,2621,002A923,19.425798416137695,-99.15126037597656,937.0,27.0,97.2,,,,1787006620,2026-08-17 16:43:40-06:00,,
metrobus,metrobus_vehicle_positions,2026-08-17T22:43:47Z,2026-08-17,20260817T224342Z,e97ce2ea-98ad-4216-a513-1d61bcab6a8b,,19556,0.0,22:28:18,20260817,69632,2620,002A922,19.367717742919922,-99.10884857177734,192.0,47.0,169.20000000000002,,,,1787006617,2026-08-17 16:43:37-06:00,,
metrobus,metrobus_vehicle_positions,2026-08-17T22:43:47Z,2026-08-17,20260817T224342Z,fe19f837-76a0-489e-bbdf-727a783c55c4,,19559,0.0,21:56:08,20260817,69641,2629,002A931,19.351572036743164,-99.11112976074219,185.0,21.0,75.60000000000001,,,,1787006615,2026-08-17 16:43:35-06:00,,
metrobus,metrobus_vehicle_positions,2026-08-17T22:43:47Z,2026-08-17,20260817T224342Z,45205c0b-8096-4893-9289-3325def52ba2,,19557,1.0,22:09:02,20260817,69640,2628,002A930,19.366336822509766,-99.10912322998047,12.0,11.0,39.6,,,,1787006619,2026-08-17 16:43:39-06:00,,
metrobus,metrobus_vehicle_positions,2026-08-17T22:43:47Z,2026-08-17,20260817T224342Z,5efd6139-fdb3-408a-a614-66018ee1701f,,,,,,69639,2627,002A929,19.273447036743164,-99.1206283569336,233.0,0.0,0.0,,,,1787006610,2026-08-17 16:43:30-06:00,,
metrobus,metrobus_vehicle_positions,2026-08-17T22:43:47Z,2026-08-17,20260817T224342Z,c1e59d9e-7886-4392-81dd-8480bbdb3b06,,19558,1.0,22:19:21,20260817,69638,2626,002A928,19.343000411987305,-99.11244201660156,128.0,12.0,43.2,,,,1787006607,2026-08-17 16:43:27-06:00,,
metrobus,metrobus_vehicle_positions,2026-08-17T22:43:47Z,2026-08-17,20260817T224342Z,5cab9b87-7cba-45ed-9611-9cc11787972b,,,,,,69648,2636,002A938,19.304704666137695,-99.10138702392578,0.0,0.0,0.0,,,,1786977467,2026-08-17 08:37:47-06:00,,
metrobus,metrobus_vehicle_positions,2026-08-17T22:43:47Z,2026-08-17,20260817T224342Z,51a8f2ad-45c1-49fc-9fb3-39c94f6fde36,,19492,0.0,22:22:29,20260817,69364,1305,1240178,19.438325881958008,-99.1563720703125,203.0,0.0,0.0,,,,1787006539,2026-08-17 16:42:19-06:00,,
metrobus,metrobus_vehicle_positions,2026-08-17T22:43:47Z,2026-08-17,20260817T224342Z,0da133f6-9798-406a-af4a-0b5775f1d651,,20211,0.0,21:57:19,20260817,69647,2635,TienepermisodeSEMOVI,19.364547729492188,-99.10958862304688,191.0,45.0,162.0,,,,1787006611,2026-08-17 16:43:31-06:00,,
metrobus,metrobus_vehicle_positions,2026-08-17T22:43:47Z,2026-08-17,20260817T224342Z,d43ee19c-a387-4ec8-a317-f0cc4bd822a0,,19492,0.0,22:39:30,20260817,69363,1304,1240177,19.481475830078125,-99.12865447998047,217.0,34.0,122.4,,,,1787006612,2026-08-17 16:43:32-06:00,,
metrobus,metrobus_vehicle_positions,2026-08-17T22:43:47Z,2026-08-17,20260817T224342Z,5d03c2b3-5a38-4594-9e26-06dfa8ed0e32,,19492,0.0,22:33:42,20260817,74921,1303,1240176,19.462554931640625,-99.14415740966797,213.0,17.0,61.2,,,,1787006610,2026-08-17 16:43:30-06:00,,
metrobus,metrobus_vehicle_positions,2026-08-17T22:43:47Z,2026-08-17,20260817T224342Z,1a1c4ad6-1245-487c-b5f5-82317fa12673,,19559,0.0,22:30:38,20260817,69646,2634,002A936,19.471052169799805,-99.1014175415039,201.0,7.0,25.2,,,,1787006608,2026-08-17 16:43:28-06:00,,
metrobus,metrobus_vehicle_positions,2026-08-17T22:43:47Z,2026-08-17,20260817T224342Z,1c445c60-00b1-42ac-a8e7-4bde3f058d0f,,19492,0.0,21:58:11,20260817,69361,1302,1240175,19.393814086914062,-99.17256927490234,196.0,43.0,154.8,,,,1787006608,2026-08-17 16:43:28-06:00,,
metrobus,metrobus_vehicle_positions,2026-08-17T22:43:47Z,2026-08-17,20260817T224342Z,3b54985b-5416-4181-8e0f-d223fd904355,,20212,1.0,22:32:47,20260817,69645,2633,002A935,19.349952697753906,-99.11084747314453,141.0,26.0,93.60000000000001,,,,1787006614,2026-08-17 16:43:34-06:00,,
metrobus,metrobus_vehicle_positions,2026-08-17T22:43:47Z,2026-08-17,20260817T224342Z,7d47c4ed-cb23-4c12-ae4b-b11df3a8e974,,20212,1.0,21:58:59,20260817,69644,2632,002A934,19.452484130859375,-99.10871124267578,197.0,0.0,0.0,,,,1787006621,2026-08-17 16:43:41-06:00,,
metrobus,metrobus_vehicle_positions,2026-08-17T22:43:47Z,2026-08-17,20260817T224342Z,7c73e132-6e4d-4d41-b116-92f05f15533d,,19491,1.0,22:05:13,20260817,69360,1301,1240174,19.410085678100586,-99.16712188720703,172.0,5.0,18.0,,,,1787006603,2026-08-17 16:43:23-06:00,,
metrobus,metrobus_vehicle_positions,2026-08-17T22:43:47Z,2026-08-17,20260817T224342Z,2c28b535-c758-4405-88eb-27e2b5dda0b0,,20212,1.0,22:33:20,20260817,69643,2631,002A933,19.349485397338867,-99.11096954345703,134.0,0.0,0.0,,,,1787006618,2026-08-17 16:43:38-06:00,,
metrobus,metrobus_vehicle_positions,2026-08-17T22:43:47Z,2026-08-17,20260817T224342Z,4cf35bd0-3e5d-4789-a1cd-64be3418e9ca,,19559,0.0,21:31:50,20260817,69642,2630,002A932,19.29401206970215,-99.11473846435547,187.0,37.0,133.20000000000002,,,,1787006604,2026-08-17 16:43:24-06:00,,
metrobus,metrobus_vehicle_positions,2026-08-17T22:43:47Z,2026-08-17,20260817T224342Z,24938b53-0046-450a-b6c4-64d12cd42bbb,,19491,1.0,22:26:22,20260817,69368,1309,1240182,19.378061294555664,-99.17752075195312,175.0,43.0,154.8,,,,1787006606,2026-08-17 16:43:26-06:00,,
metrobus,metrobus_vehicle_positions,2026-08-17T22:43:47Z,2026-08-17,20260817T224342Z,b04bc86b-d7b0-41a7-8c2a-7cb96e6fba16,,20212,1.0,22:05:00,20260817,69651,2639,002A941,19.437681198120117,-99.1142807006836,920.0,0.0,0.0,,,,1787006611,2026-08-17 16:43:31-06:00,,
metrobus,metrobus_vehicle_positions,2026-08-17T22:43:47Z,2026-08-17,20260817T224342Z,96445bcd-459c-4d8a-aceb-ee15825b4d2a,,19491,1.0,22:35:23,20260817,69367,1308,1240181,19.35858154296875,-99.18385314941406,178.0,7.0,25.2,,,,1787006606,2026-08-17 16:43:26-06:00,,
metrobus,metrobus_vehicle_positions,2026-08-17T22:43:47Z,2026-08-17,20260817T224342Z,62c20aff-90f3-4329-9966-768f81b7a5f4,,19492,0.0,21:32:43,20260817,69366,1307,1240180,19.345266342163086,-99.1883773803711,200.0,39.0,140.4,,,,1787006612,2026-08-17 16:43:32-06:00,,
metrobus,metrobus_vehicle_positions,2026-08-17T22:43:47Z,2026-08-17,20260817T224342Z,eead2009-1b36-482e-9173-e5c018ca3bef,,19558,1.0,21:54:08,20260817,69650,2638,002A940,19.435138702392578,-99.11476135253906,960.0,9.0,32.4,,,,1787006617,2026-08-17 16:43:37-06:00,,
metrobus,metrobus_vehicle_positions,2026-08-17T22:43:47Z,2026-08-17,20260817T224342Z,730249ea-d864-4e20-8b7f-9f6369ad410e,,19492,0.0,22:18:45,20260817,69365,1306,1240179,19.424381256103516,-99.16271209716797,203.0,0.0,0.0,,,,1787006616,2026-08-17 16:43:36-06:00,,
metrobus,metrobus_vehicle_positions,2026-08-17T22:43:47Z,2026-08-17,20260817T224342Z,9004168a-2d8c-4255-80f5-85cf773a416b,,19559,0.0,22:34:14,20260817,69649,2637,002A939,19.474376678466797,-99.10005950927734,200.0,43.0,154.8,,,,1787006612,2026-08-17 16:43:32-06:00,,
metrobus,metrobus_vehicle_positions,2026-08-17T22:43:47Z,2026-08-17,20260817T224342Z,019c1411-e062-4fc0-b0b6-475089b1ac91,,20211,0.0,22:06:24,20260817,69662,2650,002A952,19.39278221130371,-99.11388397216797,178.0,39.0,140.4,,,,1787006613,2026-08-17 16:43:33-06:00,,
metrobus,metrobus_vehicle_positions,2026-08-17T22:43:47Z,2026-08-17,20260817T224342Z,89d33219-7e0a-4a2c-8f75-a058684fd653,,19557,1.0,22:01:34,20260817,69659,2647,002A949,19.413393020629883,-99.11270904541016,540.0,35.0,126.0,,,,1787006610,2026-08-17 16:43:30-06:00,,
metrobus,metrobus_vehicle_positions,2026-08-17T22:43:47Z,2026-08-17,20260817T224342Z,b067c937-9299-4603-9378-7e2bc3d7f122,,19559,0.0,22:22:02,20260817,69658,2646,002A948,19.44550323486328,-99.11189270019531,200.0,0.0,0.0,,,,1787006617,2026-08-17 16:43:37-06:00,,
metrobus,metrobus_vehicle_positions,2026-08-17T22:43:47Z,2026-08-17,20260817T224342Z,00f4c4a8-b405-4205-8cf2-f73089ae3c4c,,19492,0.0,22:10:07,20260817,69373,1314,TienepermisodeSEMOVI,19.41490936279297,-99.16565704345703,196.0,38.0,136.8,,,,1787006607,2026-08-17 16:43:27-06:00,,
metrobus,metrobus_vehicle_positions,2026-08-17T22:43:47Z,2026-08-17,20260817T224342Z,56cbba35-f815-494e-8222-8ee7ea3caac9,,19556,0.0,22:34:27,20260817,69657,2645,002A947,19.399003982543945,-99.11361694335938,177.0,26.0,93.60000000000001,,,,1787006550,2026-08-17 16:42:30-06:00,,
metrobus,metrobus_vehicle_positions,2026-08-17T22:43:47Z,2026-08-17,20260817T224342Z,2603f994-f9b2-43df-8d75-9e578457e4a0,,,,,,69656,2644,002A946,19.310100555419922,-99.11165618896484,133.0,0.0,0.0,,,,1787006611,2026-08-17 16:43:31-06:00,,
metrobus,metrobus_vehicle_positions,2026-08-17T22:43:47Z,2026-08-17,20260817T224342Z,a0ed7dba-ee4b-4e56-ac06-9e88215c852b,,19498,1.0,21:25:12,20260817,69372,1313,1240186,19.43352699279785,-99.1584243774414,245.0,18.0,64.8,,,,1787006611,2026-08-17 16:43:31-06:00,,
metrobus,metrobus_vehicle_positions,2026-08-17T22:43:47Z,2026-08-17,20260817T224342Z,e05a5c29-71a9-40c7-99bc-77f7829306d3,,19498,1.0,21:44:11,20260817,69371,1312,1240185,19.409746170043945,-99.16725158691406,168.0,3.0,10.8,,,,1787006609,2026-08-17 16:43:29-06:00,,
metrobus,metrobus_vehicle_positions,2026-08-17T22:43:47Z,2026-08-17,20260817T224342Z,27ac18ef-e71b-4270-8849-87b6eb22ff0a,,19556,0.0,22:02:28,20260817,69655,2643,002A945,19.294771194458008,-99.11457824707031,187.0,36.0,129.6,,,,1787006619,2026-08-17 16:43:39-06:00,,
metrobus,metrobus_vehicle_positions,2026-08-17T22:43:47Z,2026-08-17,20260817T224342Z,77f4b590-920f-4482-8eed-f731843e0ccf,,,,,,69370,1311,1240184,19.424184799194336,-99.1629409790039,261.0,0.0,0.0,,,,1787006614,2026-08-17 16:43:34-06:00,,
metrobus,metrobus_vehicle_positions,2026-08-17T22:43:47Z,2026-08-17,20260817T224342Z,ba14e79c-f348-4db4-9e71-1f339373c47e,,19558,1.0,21:29:02,20260817,74262,2642,002A947,19.497459411621094,-99.08971405029297,211.0,0.0,0.0,,,,1787006602,2026-08-17 16:43:22-06:00,,
metrobus,metrobus_vehicle_positions,2026-08-17T22:43:47Z,2026-08-17,20260817T224342Z,05573bf2-10f1-4336-8641-85ffd09a1523,,19559,0.0,22:41:01,20260817,69653,2641,002A943,19.50029945373535,-99.08917236328125,201.0,0.0,0.0,,,,1787006612,2026-08-17 16:43:32-06:00,,
metrobus,metrobus_vehicle_positions,2026-08-17T22:43:47Z,2026-08-17,20260817T224342Z,a5a2e962-47e3-46f6-b96b-1c7b14727fd7,,19491,1.0,22:12:50,20260817,74922,1310,1240183,19.402250289916992,-99.16961669921875,173.0,4.0,14.4,,,,1787006607,2026-08-17 16:43:27-06:00,,
metrobus,metrobus_vehicle_positions,2026-08-17T22:43:47Z,2026-08-17,20260817T224342Z,b290056d-0ac8-4b2f-8aa9-d18e2fc2869d,,19556,0.0,22:10:29,20260817,69661,2649,002A951,19.318984985351562,-99.11295318603516,157.0,51.0,183.6,,,,1787006617,2026-08-17 16:43:37-06:00,,
metrobus,metrobus_vehicle_positions,2026-08-17T22:43:47Z,2026-08-17,20260817T224342Z,5bcfcfad-228f-4cd0-badf-27920e1fe477,,20295,0.0,22:15:19,20260817,69660,2648,002A950,19.427839279174805,-99.1488037109375,197.0,0.0,0.0,,,,1787006615,2026-08-17 16:43:35-06:00,,
metrobus,metrobus_vehicle_positions,2026-08-17T22:43:47Z,2026-08-17,20260817T224342Z,c30ddec2-0511-42f0-8a85-7df83728848b,,,,,,69673,2661,002A963,19.303592681884766,-99.10147094726562,0.0,0.0,0.0,,,,1787005881,2026-08-17 16:31:21-06:00,,
metrobus,metrobus_vehicle_positions,2026-08-17T22:43:47Z,2026-08-17,20260817T224342Z,4085a0de-ce6c-455e-add3-91ffd67d9a8e,,20211,0.0,22:26:58,20260817,69672,2660,002A962,19.453100204467773,-99.10884094238281,200.0,0.0,0.0,,,,1787006612,2026-08-17 16:43:32-06:00,,
metrobus,metrobus_vehicle_positions,2026-08-17T22:43:47Z,2026-08-17,20260817T224342Z,56948a8a-2421-401b-8c57-94d3901c2f89,,20295,0.0,22:39:44,20260817,69670,2658,002A960,19.478694915771484,-99.13090515136719,219.0,48.0,172.8,,,,1787006715,2026-08-17 16:45:15-06:00,,
metrobus,metrobus_vehicle_positions,2026-08-17T22:43:47Z,2026-08-17,20260817T224342Z,61c4b483-8522-40df-8485-fd5d66b89ea2,,20211,0.0,21:45:47,20260817,69669,2657,002A959,19.34996223449707,-99.11093139648438,180.0,10.0,36.0,,,,1787006612,2026-08-17 16:43:32-06:00,,
metrobus,metrobus_vehicle_positions,2026-08-17T22:43:47Z,2026-08-17,20260817T224342Z,9acdbbb7-0a1f-4cdb-b0c0-94b10960ecfb,,19557,1.0,22:21:43,20260817,69668,2656,002A958,19.333906173706055,-99.11311340332031,430.0,21.0,75.60000000000001,,,,1787006614,2026-08-17 16:43:34-06:00,,
metrobus,metrobus_vehicle_positions,2026-08-17T22:43:47Z,2026-08-17,20260817T224342Z,5b020c75-dd49-42d7-b7f5-facbac83e5ac,,19556,0.0,22:42:56,20260817,69667,2655,002A957,19.4310245513916,-99.1152114868164,820.0,0.0,0.0,,,,1787006606,2026-08-17 16:43:26-06:00,,
metrobus,metrobus_vehicle_positions,2026-08-17T22:43:47Z,2026-08-17,20260817T224342Z,16d412e2-1482-4745-8b17-4190531eeae2,,19558,1.0,21:47:15,20260817,69666,2654,002A956,19.449922561645508,-99.11023712158203,163.0,0.0,0.0,,,,1787006610,2026-08-17 16:43:30-06:00,,
metrobus,metrobus_vehicle_positions,2026-08-17T22:43:47Z,2026-08-17,20260817T224342Z,17aee78c-4212-45d7-9871-6f6a0c32e2a1,,19557,1.0,22:29:03,20260817,69665,2653,002A955,19.3154296875,-99.11115264892578,335.0,45.0,162.0,,,,1787006617,2026-08-17 16:43:37-06:00,,
metrobus,metrobus_vehicle_positions,2026-08-17T22:43:47Z,2026-08-17,20260817T224342Z,9e0ad949-2886-4ca4-b3f3-a39677c42a79,,19559,0.0,21:29:30,20260817,69664,2652,002A954,19.292892456054688,-99.1148910522461,188.0,40.0,144.0,,,,1787006613,2026-08-17 16:43:33-06:00,,
metrobus,metrobus_vehicle_positions,2026-08-17T22:43:47Z,2026-08-17,20260817T224342Z,fbcb7f0c-e85f-4d2d-aaeb-bc6c785f016a,,19558,1.0,21:41:37,20260817,69663,2651,002A953,19.459394454956055,-99.10603332519531,209.0,0.0,0.0,,,,1787006604,2026-08-17 16:43:24-06:00,,
metrobus,metrobus_vehicle_positions,2026-08-17T22:43:47Z,2026-08-17,20260817T224342Z,fe6d41f3-a784-414d-a69b-42237640d353,,,,,,70035,901,1280163,19.487363815307617,-99.09266662597656,297.0,0.0,0.0,,,,1787004327,2026-08-17 16:05:27-06:00,,
metrobus,metrobus_vehicle_positions,2026-08-17T22:43:47Z,2026-08-17,20260817T224342Z,07f3dfad-b05f-44a0-bf84-bd12cb11e337,,19577,1.0,21:40:57,20260817,70036,902,1280164,19.47832679748535,-99.12115478515625,196.0,0.0,0.0,,,,1787006608,2026-08-17 16:43:28-06:00,,
metrobus,metrobus_vehicle_positions,2026-08-17T22:43:47Z,2026-08-17,20260817T224342Z,7973522c-b01d-49ed-ab7c-79d29a3b54cc,,19576,0.0,22:01:05,20260817,70037,903,1280165,19.430543899536133,-99.16031646728516,241.0,34.0,122.4,,,,1787006612,2026-08-17 16:43:32-06:00,,
metrobus,metrobus_vehicle_positions,2026-08-17T22:43:47Z,2026-08-17,20260817T224342Z,58b042c6-29c1-47d4-b254-5b9e1e5491fb,,,,,,70038,904,1280166,19.492633819580078,-99.1205825805664,326.0,0.0,0.0,,,,1787006602,2026-08-17 16:43:22-06:00,,
metrobus,metrobus_vehicle_positions,2026-08-17T22:43:47Z,2026-08-17,20260817T224342Z,eee70f21-e9d9-4d34-8251-071afbf9be43,,19577,1.0,21:35:07,20260817,70039,905,1280167,19.48444175720215,-99.11355590820312,339.0,0.0,0.0,,,,1787006605,2026-08-17 16:43:25-06:00,,
metrobus,metrobus_vehicle_positions,2026-08-17T22:43:47Z,2026-08-17,20260817T224342Z,083a6d59-4def-45f6-be88-a8aacc0e9c63,,19582,0.0,22:27:00,20260817,70040,906,1280168,19.457799911499023,-99.12895202636719,200.0,0.0,0.0,,,,1787006614,2026-08-17 16:43:34-06:00,,
metrobus,metrobus_vehicle_positions,2026-08-17T22:43:47Z,2026-08-17,20260817T224342Z,c38ff8e7-b880-478b-bd93-c96795d0b1f7,,19558,1.0,22:34:08,20260817,69671,2659,002A961,19.30046272277832,-99.11368560791016,163.0,0.0,0.0,,,,1787006606,2026-08-17 16:43:26-06:00,,
metrobus,metrobus_vehicle_positions,2026-08-17T22:43:47Z,2026-08-17,20260817T224342Z,1aed8c48-4cf2-4b7c-b078-58dd47a4a100,,19576,0.0,22:11:13,20260817,70041,907,1280169,19.435745239257812,-99.14954376220703,241.0,33.0,118.8,,,,1787006616,2026-08-17 16:43:36-06:00,,
metrobus,metrobus_vehicle_positions,2026-08-17T22:43:47Z,2026-08-17,20260817T224342Z,08374d27-136c-4773-a361-c6db9553cbeb,,19576,0.0,22:09:14,20260817,70042,908,1280170,19.43366813659668,-99.15380859375,244.0,8.0,28.8,,,,1787006603,2026-08-17 16:43:23-06:00,,
metrobus,metrobus_vehicle_positions,2026-08-17T22:43:47Z,2026-08-17,20260817T224342Z,57b0fc13-9095-484f-8701-8e99458fe3e8,,19582,0.0,22:28:28,20260817,70043,909,1280171,19.464885711669922,-99.12625885009766,199.0,0.0,0.0,,,,1787006612,2026-08-17 16:43:32-06:00,,
metrobus,metrobus_vehicle_positions,2026-08-17T22:43:47Z,2026-08-17,20260817T224342Z,eb7ca804-d9a4-4402-ab9b-e43557db06f6,,20212,1.0,22:27:59,20260817,69680,2668,002A970,19.36194610595703,-99.11009979248047,112.0,27.0,97.2,,,,1787006614,2026-08-17 16:43:34-06:00,,
metrobus,metrobus_vehicle_positions,2026-08-17T22:43:47Z,2026-08-17,20260817T224342Z,4aadab2f-1457-4da5-9546-10d04e7161d8,,19558,1.0,22:06:43,20260817,69679,2667,002A969,19.39333152770996,-99.11396026611328,355.0,38.0,136.8,,,,1787006617,2026-08-17 16:43:37-06:00,,
metrobus,metrobus_vehicle_positions,2026-08-17T22:43:47Z,2026-08-17,20260817T224342Z,54d563e7-3ccd-40e6-9c41-58017c284ed4,,19558,1.0,21:32:48,20260817,69678,2666,002A968,19.492679595947266,-99.09178161621094,229.0,29.0,104.4,,,,1787006616,2026-08-17 16:43:36-06:00,,
metrobus,metrobus_vehicle_positions,2026-08-17T22:43:47Z,2026-08-17,20260817T224342Z,3c1d5968-9905-4ca0-9e8d-30a1b12e1e77,,20295,0.0,22:04:23,20260817,69677,2665,002A967,19.424419403076172,-99.15380859375,183.0,0.0,0.0,,,,1787006614,2026-08-17 16:43:34-06:00,,
metrobus,metrobus_vehicle_positions,2026-08-17T22:43:47Z,2026-08-17,20260817T224342Z,74ab30c1-7e67-4872-999e-4f6fb89803c0,,19558,1.0,22:11:30,20260817,69676,2664,002A966,19.36603355407715,-99.10919189453125,118.0,5.0,18.0,,,,1787006603,2026-08-17 16:43:23-06:00,,
metrobus,metrobus_vehicle_positions,2026-08-17T22:43:47Z,2026-08-17,20260817T224342Z,2abe6677-9f80-44a8-b491-f0930d5188b5,,,,,,69675,2663,002A965,19.311601638793945,-99.11067199707031,191.0,3.0,10.8,,,,1787006612,2026-08-17 16:43:32-06:00,,
metrobus,metrobus_vehicle_positions,2026-08-17T22:43:47Z,2026-08-17,20260817T224342Z,30a05edf-430b-42ea-8e25-c4b3b2ab3ec3,,,,,,69674,2662,002A964,19.273513793945312,-99.12049865722656,234.0,8.0,28.8,,,,1787006617,2026-08-17 16:43:37-06:00,,
metrobus,metrobus_vehicle_positions,2026-08-17T22:43:47Z,2026-08-17,20260817T224342Z,ffb3738f-009d-4fbf-b826-e1fa49ddc01f,,19577,1.0,22:27:31,20260817,70044,910,1280172,19.420114517211914,-99.17768859863281,209.0,8.0,28.8,,,,1787006615,2026-08-17 16:43:35-06:00,,
metrobus,metrobus_vehicle_positions,2026-08-17T22:43:47Z,2026-08-17,20260817T224342Z,906d118e-a50e-457e-8eee-730cc7799416,,,,,,70045,911,1280173,19.50830841064453,-99.17268371582031,0.0,0.0,0.0,,,,1787001036,2026-08-17 15:10:36-06:00,,
metrobus,metrobus_vehicle_positions,2026-08-17T22:43:47Z,2026-08-17,20260817T224342Z,fb661799-03db-4da3-bdfa-0a170d919783,,19576,0.0,21:32:09,20260817,70046,912,1290114,19.425151824951172,-99.17118072509766,0.0,0.0,0.0,,,,1787006451,2026-08-17 16:40:51-06:00,,
metrobus,metrobus_vehicle_positions,2026-08-17T22:43:47Z,2026-08-17,20260817T224342Z,c45c670b-24db-4051-9b70-776802b0d4c7,,19577,1.0,22:40:27,20260817,70047,913,1290115,19.42567253112793,-99.19221496582031,999.0,33.0,118.8,,,,1787006608,2026-08-17 16:43:28-06:00,,
metrobus,metrobus_vehicle_positions,2026-08-17T22:43:47Z,2026-08-17,20260817T224342Z,12987215-c403-4d75-83bf-0f21bf90e95d,,19576,0.0,22:28:27,20260817,70048,914,1290116,19.46502685546875,-99.12621307373047,198.0,0.0,0.0,,,,1787006611,2026-08-17 16:43:31-06:00,,
metrobus,metrobus_vehicle_positions,2026-08-17T22:43:47Z,2026-08-17,20260817T224342Z,e5b0d962-bfd4-4eba-9a78-09e631768e6b,,,,,,70049,915,1290117,19.475664138793945,-99.12220764160156,199.0,0.0,0.0,,,,1787006618,2026-08-17 16:43:38-06:00,,
metrobus,metrobus_vehicle_positions,2026-08-17T22:43:47Z,2026-08-17,20260817T224342Z,3b0f1a36-50a1-4f01-b67c-a4b9365ecc09,,19576,0.0,22:17:11,20260817,70050,916,1290118,19.453327178955078,-99.13086700439453,215.0,0.0,0.0,,,,1787006613,2026-08-17 16:43:33-06:00,,
metrobus,metrobus_vehicle_positions,2026-08-17T22:43:47Z,2026-08-17,20260817T224342Z,25d0c909-8695-4612-a590-b9d7a6a6e6e3,,19577,1.0,21:44:26,20260817,70051,917,1290119,19.472087860107422,-99.1235122680664,209.0,28.0,100.8,,,,1787006607,2026-08-17 16:43:27-06:00,,
metrobus,metrobus_vehicle_positions,2026-08-17T22:43:47Z,2026-08-17,20260817T224342Z,a97764b8-3917-4780-b6c0-f910a77c9636,,,,,,70052,918,1290120,19.49333953857422,-99.12104797363281,323.0,3.0,10.8,,,,1787006534,2026-08-17 16:42:14-06:00,,
metrobus,metrobus_vehicle_positions,2026-08-17T22:43:47Z,2026-08-17,20260817T224342Z,258e4b60-c5e5-4d8d-a628-e14e9e921e70,,19577,1.0,22:27:10,20260817,70053,919,1290121,19.428695678710938,-99.16375732421875,71.0,0.0,0.0,,,,1787006610,2026-08-17 16:43:30-06:00,,
metrobus,metrobus_vehicle_positions,2026-08-17T22:43:47Z,2026-08-17,20260817T224342Z,ad9a5601-07c0-4127-9f88-64ed0de87a44,,,,,,69501,1110,1230101,19.49774742126465,-99.1192398071289,181.0,0.0,0.0,,,,1787006527,2026-08-17 16:42:07-06:00,,
metrobus,metrobus_vehicle_positions,2026-08-17T22:43:47Z,2026-08-17,20260817T224342Z,c4a38413-8b06-4453-9b59-c8f588584a4d,,,,,,69498,1107,1230098,19.499683380126953,-99.11956787109375,0.0,0.0,0.0,,,,1786992660,2026-08-17 12:51:00-06:00,,
metrobus,metrobus_vehicle_positions,2026-08-17T22:43:47Z,2026-08-17,20260817T224342Z,8ef0f5d7-e35c-4bea-8fa6-cfc5cec538c3,,19494,0.0,22:36:07,20260817,69497,1106,1230097,19.468746185302734,-99.13904571533203,217.0,0.0,0.0,,,,1787006604,2026-08-17 16:43:24-06:00,,
metrobus,metrobus_vehicle_positions,2026-08-17T22:43:47Z,2026-08-17,20260817T224342Z,104cf90d-5292-4a28-8802-03645c11fb59,,,,,,69496,1105,1230096,19.496517181396484,-99.11900329589844,116.0,19.0,68.4,,,,1787006604,2026-08-17 16:43:24-06:00,,
metrobus,metrobus_vehicle_positions,2026-08-17T22:43:47Z,2026-08-17,20260817T224342Z,997b1108-8521-4d6f-abe4-a50ffca2128e,,,,,,69495,1104,1230095,19.279491424560547,-99.16815185546875,119.0,34.0,122.4,,,,1787006604,2026-08-17 16:43:24-06:00,,
metrobus,metrobus_vehicle_positions,2026-08-17T22:43:47Z,2026-08-17,20260817T224342Z,3fcbe685-bc9c-4bf3-8dd1-3da3cea3356b,,,,,,69494,1103,1230094,19.498647689819336,-99.11972045898438,204.0,11.0,39.6,,,,1787006614,2026-08-17 16:43:34-06:00,,
metrobus,metrobus_vehicle_positions,2026-08-17T22:43:47Z,2026-08-17,20260817T224342Z,64608f8c-5160-497d-935c-9970d0c4319b,,19497,0.0,22:32:49,20260817,69493,1102,1230093,19.432788848876953,-99.15882110595703,202.0,0.0,0.0,,,,1787006618,2026-08-17 16:43:38-06:00,,
metrobus,metrobus_vehicle_positions,2026-08-17T22:43:47Z,2026-08-17,20260817T224342Z,e0748e47-e548-4964-87bf-1d69379ac4f5,,19492,0.0,22:27:50,20260817,69492,1101,1230092,19.444822311401367,-99.15385437011719,202.0,48.0,172.8,,,,1787006604,2026-08-17 16:43:24-06:00,,
metrobus,metrobus_vehicle_positions,2026-08-17T22:43:47Z,2026-08-17,20260817T224342Z,f4544e0d-120a-4ace-8344-6b88eec9d809,,,,,,70054,920,1290122,19.514902114868164,-99.14998626708984,0.0,0.0,0.0,,,,1786717257,2026-08-14 08:20:57-06:00,,
metrobus,metrobus_vehicle_positions,2026-08-17T22:43:47Z,2026-08-17,20260817T224342Z,cc806dfb-3eac-4ec0-bf11-2fa3d5bb384a,,19577,1.0,22:18:04,20260817,70055,921,1290123,19.435222625732422,-99.15015411376953,645.0,1.0,3.6,,,,1787006605,2026-08-17 16:43:25-06:00,,
metrobus,metrobus_vehicle_positions,2026-08-17T22:43:47Z,2026-08-17,20260817T224342Z,fbc11704-3c16-4232-bdde-270cc68d64d8,,19576,0.0,22:16:06,20260817,70056,922,1290124,19.49163818359375,-99.1200942993164,155.0,0.0,0.0,,,,1787006609,2026-08-17 16:43:29-06:00,,
metrobus,metrobus_vehicle_positions,2026-08-17T22:43:47Z,2026-08-17,20260817T224342Z,8a17f28e-31f9-47db-ac91-832b24982d94,,19582,0.0,22:34:38,20260817,70057,923,1290125,19.483474731445312,-99.11396789550781,169.0,0.0,0.0,,,,1787006605,2026-08-17 16:43:25-06:00,,
metrobus,metrobus_vehicle_positions,2026-08-17T22:43:47Z,2026-08-17,20260817T224342Z,eb6c20d6-2092-41c7-a8ce-c159b5512490,,,,,,70058,924,1290126,19.48787498474121,-99.09400939941406,292.0,0.0,0.0,,,,1787006615,2026-08-17 16:43:35-06:00,,
metrobus,metrobus_vehicle_positions,2026-08-17T22:43:47Z,2026-08-17,20260817T224342Z,38350034-32d5-419d-8bf2-665c8f10e83e,,19576,0.0,21:48:57,20260817,70059,925,1290127,19.42558479309082,-99.18990325927734,278.0,0.0,0.0,,,,1787006617,2026-08-17 16:43:37-06:00,,
metrobus,metrobus_vehicle_positions,2026-08-17T22:43:47Z,2026-08-17,20260817T224342Z,043c5db5-c07d-4cb6-b79e-4cdf20f23dcd,,19577,1.0,22:04:10,20260817,70060,926,1290128,19.461036682128906,-99.12769317626953,196.0,0.0,0.0,,,,1787006619,2026-08-17 16:43:39-06:00,,
metrobus,metrobus_vehicle_positions,2026-08-17T22:43:47Z,2026-08-17,20260817T224342Z,a05c1204-845b-4a3b-af19-c13387a541f3,,19492,0.0,21:46:20,20260817,69500,1109,1230100,19.364795684814453,-99.18192291259766,196.0,0.0,0.0,,,,1787006608,2026-08-17 16:43:28-06:00,,
metrobus,metrobus_vehicle_positions,2026-08-17T22:43:47Z,2026-08-17,20260817T224342Z,130587da-a1db-4b60-96d8-0a61e50df321,,19576,0.0,22:24:50,20260817,70061,927,1290129,19.45781707763672,-99.12899780273438,201.0,0.0,0.0,,,,1787006605,2026-08-17 16:43:25-06:00,,
metrobus,metrobus_vehicle_positions,2026-08-17T22:43:47Z,2026-08-17,20260817T224342Z,e8074e7a-9795-4fbe-bd4f-c66f9cfe8c54,,19500,1.0,22:32:26,20260817,69499,1108,1230099,19.294538497924805,-99.1820068359375,294.0,39.0,140.4,,,,1787006609,2026-08-17 16:43:29-06:00,,
metrobus,metrobus_vehicle_positions,2026-08-17T22:43:47Z,2026-08-17,20260817T224342Z,80552223-9285-47a6-9f15-fbf8eae0fc52,,19578,0.0,21:51:01,20260817,70062,928,1290130,19.42441177368164,-99.1822738647461,278.0,50.0,180.0,,,,1787006613,2026-08-17 16:43:33-06:00,,
metrobus,metrobus_vehicle_positions,2026-08-17T22:43:47Z,2026-08-17,20260817T224342Z,f369d8b5-b7e4-4759-b544-2f6e0bac952f,,,,,,70063,929,1290131,19.492197036743164,-99.12023162841797,324.0,0.0,0.0,,,,1787006611,2026-08-17 16:43:31-06:00,,
metrobus,metrobus_vehicle_positions,2026-08-17T22:43:47Z,2026-08-17,20260817T224342Z,ec381093-05e5-40a1-ab51-b1795c84cf8e,,19497,0.0,22:34:21,20260817,69512,1121,1230112,19.43449592590332,-99.15807342529297,202.0,0.0,0.0,,,,1787006617,2026-08-17 16:43:37-06:00,,
metrobus,metrobus_vehicle_positions,2026-08-17T22:43:47Z,2026-08-17,20260817T224342Z,41956c89-7ccd-4f08-bfc1-c4e1f0efec1b,,19491,1.0,21:48:19,20260817,69511,1120,1230111,19.44637680053711,-99.1531753540039,172.0,14.0,50.4,,,,1787006613,2026-08-17 16:43:33-06:00,,
metrobus,metrobus_vehicle_positions,2026-08-17T22:43:47Z,2026-08-17,20260817T224342Z,9bc47991-3476-42d1-b107-5398d7cced3b,,19499,0.0,22:42:43,20260817,69509,1118,1230109,19.49990463256836,-99.11943054199219,283.0,0.0,0.0,,,,1787006608,2026-08-17 16:43:28-06:00,,
metrobus,metrobus_vehicle_positions,2026-08-17T22:43:47Z,2026-08-17,20260817T224342Z,c63670c4-8939-442f-9a6d-a11f70eb0350,,19500,1.0,21:52:54,20260817,69508,1117,1230108,19.39717674255371,-99.17132568359375,171.0,30.0,108.0,,,,1787006617,2026-08-17 16:43:37-06:00,,
metrobus,metrobus_vehicle_positions,2026-08-17T22:43:47Z,2026-08-17,20260817T224342Z,9e07074d-a279-4d5d-b11c-1e17bdaafa6f,,,,,,69507,1116,1230107,19.4979305267334,-99.11973571777344,195.0,0.0,0.0,,,,1787006618,2026-08-17 16:43:38-06:00,,
metrobus,metrobus_vehicle_positions,2026-08-17T22:43:47Z,2026-08-17,20260817T224342Z,902646e1-40c5-42b1-a286-714128e7fb08,,19499,0.0,22:02:53,20260817,69506,1115,1230106,19.40031623840332,-99.17040252685547,197.0,30.0,108.0,,,,1787006614,2026-08-17 16:43:34-06:00,,
metrobus,metrobus_vehicle_positions,2026-08-17T22:43:47Z,2026-08-17,20260817T224342Z,23b20ddb-d963-47a7-aaed-13a0a7e12630,,19500,1.0,22:14:12,20260817,69505,1114,1230105,19.36484146118164,-99.18182373046875,174.0,22.0,79.2,,,,1787006615,2026-08-17 16:43:35-06:00,,
metrobus,metrobus_vehicle_positions,2026-08-17T22:43:47Z,2026-08-17,20260817T224342Z,8865d0ea-38a0-4fca-baae-5b45265ba723,,19491,1.0,22:01:29,20260817,69504,1113,1230104,19.41742706298828,-99.16473388671875,148.0,28.0,100.8,,,,1787006607,2026-08-17 16:43:27-06:00,,
metrobus,metrobus_vehicle_positions,2026-08-17T22:43:47Z,2026-08-17,20260817T224342Z,5024f4c3-060b-4117-adec-c8a8e233ec52,,19499,0.0,20:44:31,20260817,69503,1112,1230103,19.34042739868164,-99.19013977050781,183.0,0.0,0.0,,,,1787006610,2026-08-17 16:43:30-06:00,,
metrobus,metrobus_vehicle_positions,2026-08-17T22:43:47Z,2026-08-17,20260817T224342Z,137582a9-a746-409b-a8e2-599c67adf752,,19577,1.0,21:53:49,20260817,70064,930,1290132,19.464550018310547,-99.12632751464844,204.0,0.0,0.0,,,,1787006612,2026-08-17 16:43:32-06:00,,
metrobus,metrobus_vehicle_positions,2026-08-17T22:43:47Z,2026-08-17,20260817T224342Z,25e72eff-aca5-4d4a-86ac-58c29edbc960,,19577,1.0,21:50:12,20260817,70065,931,1290133,19.468053817749023,-99.1250228881836,202.0,0.0,0.0,,,,1787006606,2026-08-17 16:43:26-06:00,,
metrobus,metrobus_vehicle_positions,2026-08-17T22:43:47Z,2026-08-17,20260817T224342Z,13ac468c-ecc4-4fcb-a1cb-1fc5a685c5b3,,19498,1.0,21:48:05,20260817,69502,1111,1230102,19.4069881439209,-99.16815185546875,169.0,0.0,0.0,,,,1787006615,2026-08-17 16:43:35-06:00,,
metrobus,metrobus_vehicle_positions,2026-08-17T22:43:47Z,2026-08-17,20260817T224342Z,2501df10-2b3a-4953-af14-6551c4a1c61e,,19576,0.0,21:45:20,20260817,70066,932,1290134,19.491806030273438,-99.1202163696289,155.0,0.0,0.0,,,,1787006617,2026-08-17 16:43:37-06:00,,
metrobus,metrobus_vehicle_positions,2026-08-17T22:43:47Z,2026-08-17,20260817T224342Z,c0700905-07e3-4c45-b16a-f6b5e396406d,,,,,,70067,933,1290135,19.487377166748047,-99.09245300292969,292.0,0.0,0.0,,,,1787006164,2026-08-17 16:36:04-06:00,,
metrobus,metrobus_vehicle_positions,2026-08-17T22:43:47Z,2026-08-17,20260817T224342Z,1d8200d5-c8d7-41be-b66b-7c42f30c3434,,19583,1.0,22:00:51,20260817,70068,934,1290136,19.483449935913086,-99.11923217773438,228.0,0.0,0.0,,,,1787006612,2026-08-17 16:43:32-06:00,,
metrobus,metrobus_vehicle_positions,2026-08-17T22:43:47Z,2026-08-17,20260817T224342Z,a4df01a1-825e-41aa-ad9a-333c90bb9b05,,19576,0.0,22:38:47,20260817,70069,935,1290137,19.48345947265625,-99.11927795410156,200.0,0.0,0.0,,,,1787006613,2026-08-17 16:43:33-06:00,,
metrobus,metrobus_vehicle_positions,2026-08-17T22:43:47Z,2026-08-17,20260817T224342Z,293b65eb-9e9c-4dfe-9b29-5d5ca4472570,,,,,,70070,936,1290138,19.491975784301758,-99.12030792236328,143.0,0.0,0.0,,,,1787004549,2026-08-17 16:09:09-06:00,,
metrobus,metrobus_vehicle_positions,2026-08-17T22:43:47Z,2026-08-17,20260817T224342Z,c3dc11d6-b71e-4dd2-8e5f-c483aa174dd9,,19577,1.0,22:13:26,20260817,70071,937,1290139,19.439720153808594,-99.14388275146484,492.0,0.0,0.0,,,,1787006613,2026-08-17 16:43:33-06:00,,
metrobus,metrobus_vehicle_positions,2026-08-17T22:43:47Z,2026-08-17,20260817T224342Z,b5bc2acf-5f43-4d18-b7dc-0a5c880b926d,,,,,,70072,938,1290140,19.51490592956543,-99.14993286132812,0.0,0.0,0.0,,,,1786397200,2026-08-10 15:26:40-06:00,,
metrobus,metrobus_vehicle_positions,2026-08-17T22:43:47Z,2026-08-17,20260817T224342Z,22c0a7ff-2b42-4fd7-8066-96e67287e900,,19579,1.0,22:41:31,20260817,70073,939,1290141,19.42597770690918,-99.1937484741211,102.0,3.0,10.8,,,,1787006611,2026-08-17 16:43:31-06:00,,
metrobus,metrobus_vehicle_positions,2026-08-17T22:43:47Z,2026-08-17,20260817T224342Z,376a78d2-4005-4c22-93a7-b6be4cacb092,,19492,0.0,22:37:56,20260817,69510,1119,1230110,19.47670555114746,-99.13259887695312,216.0,7.0,25.2,,,,1787006608,2026-08-17 16:43:28-06:00,,
metrobus,metrobus_vehicle_positions,2026-08-17T22:43:47Z,2026-08-17,20260817T224342Z,c1c5e7fa-e477-4d54-9eaa-87ec8d21df9c,,20211,0.0,22:36:38,20260817,69411,3310,TienepermisodeSEMOVI,19.487321853637695,-99.09455871582031,204.0,9.0,32.4,,,,1787006605,2026-08-17 16:43:25-06:00,,
metrobus,metrobus_vehicle_positions,2026-08-17T22:43:47Z,2026-08-17,20260817T224342Z,40ba5b48-1c33-4bcb-9500-8f3e64861d27,,19494,0.0,22:43:28,20260817,69523,1132,1230026,19.496999740600586,-99.12005615234375,149.0,26.0,93.60000000000001,,,,1787006608,2026-08-17 16:43:28-06:00,,
metrobus,metrobus_vehicle_positions,2026-08-17T22:43:47Z,2026-08-17,20260817T224342Z,79adc5b8-dabf-456a-91b4-800cf31d7ad9,,19500,1.0,22:29:17,20260817,69522,1131,1230025,19.310203552246094,-99.1868896484375,353.0,46.0,165.6,,,,1787006616,2026-08-17 16:43:36-06:00,,
metrobus,metrobus_vehicle_positions,2026-08-17T22:43:47Z,2026-08-17,20260817T224342Z,c933a98f-bfaa-4a6c-a9c0-077bc5f76234,,19493,1.0,22:42:45,20260817,69521,1130,1230024,19.42643165588379,-99.16169738769531,221.0,0.0,0.0,,,,1787006610,2026-08-17 16:43:30-06:00,,
metrobus,metrobus_vehicle_positions,2026-08-17T22:43:47Z,2026-08-17,20260817T224342Z,a4f863f7-c984-4029-9692-e4fbe22a3870,,,,,,69408,3307,1230171,19.497676849365234,-99.11964416503906,0.0,0.0,0.0,,,,1786997601,2026-08-17 14:13:21-06:00,,
metrobus,metrobus_vehicle_positions,2026-08-17T22:43:47Z,2026-08-17,20260817T224342Z,865c39f9-62b5-4314-b7d9-e20858038735,,19498,1.0,21:57:20,20260817,69520,1129,1230022,19.385414123535156,-99.17516326904297,155.0,8.0,28.8,,,,1787006612,2026-08-17 16:43:32-06:00,,
metrobus,metrobus_vehicle_positions,2026-08-17T22:43:47Z,2026-08-17,20260817T224342Z,58205ef6-6a7f-4391-9289-d99bd154d3cb,,19567,1.0,21:39:22,20260817,69407,3306,1230185,19.392993927001953,-99.0500717163086,121.0,31.0,111.60000000000001,,,,1787006619,2026-08-17 16:43:39-06:00,,
metrobus,metrobus_vehicle_positions,2026-08-17T22:43:47Z,2026-08-17,20260817T224342Z,3f6f3e2c-7358-4226-8444-4ae2c9bcf5e1,,19497,0.0,22:30:29,20260817,69519,1128,003A008,19.424169540405273,-99.16316986083984,254.0,0.0,0.0,,,,1787006612,2026-08-17 16:43:32-06:00,,
metrobus,metrobus_vehicle_positions,2026-08-17T22:43:47Z,2026-08-17,20260817T224342Z,9266d9fe-00e8-4b26-a110-4d98791bb9f6,,19562,1.0,22:25:53,20260817,69406,3305,1230183,19.396072387695312,-99.15837097167969,938.0,39.0,140.4,,,,1787006608,2026-08-17 16:43:28-06:00,,
metrobus,metrobus_vehicle_positions,2026-08-17T22:43:47Z,2026-08-17,20260817T224342Z,4c8124bf-fced-40f7-833d-897fd6e52d95,,19492,0.0,22:43:06,20260817,69518,1127,003A007,19.494232177734375,-99.12004089355469,189.0,46.0,165.6,,,,1787006601,2026-08-17 16:43:21-06:00,,
metrobus,metrobus_vehicle_positions,2026-08-17T22:43:47Z,2026-08-17,20260817T224342Z,f09217aa-066f-41a7-ac9c-694c864fa753,,19566,0.0,21:35:35,20260817,69405,3304,1230189,19.39019775390625,-99.17369079589844,197.0,28.0,100.8,,,,1787006617,2026-08-17 16:43:37-06:00,,
metrobus,metrobus_vehicle_positions,2026-08-17T22:43:47Z,2026-08-17,20260817T224342Z,47e9dfc4-823a-48fa-bf90-9f983a04dd6f,,19492,0.0,21:56:19,20260817,69517,1126,003A006,19.42302703857422,-99.16295623779297,926.0,0.0,0.0,,,,1787006613,2026-08-17 16:43:33-06:00,,
metrobus,metrobus_vehicle_positions,2026-08-17T22:43:47Z,2026-08-17,20260817T224342Z,0495d797-f29a-46c0-b26f-f8101829740b,,19563,0.0,22:00:21,20260817,69404,3303,1230179,19.393531799316406,-99.13185119628906,199.0,45.0,162.0,,,,1787006613,2026-08-17 16:43:33-06:00,,
metrobus,metrobus_vehicle_positions,2026-08-17T22:43:47Z,2026-08-17,20260817T224342Z,37dcd35b-48a5-4d23-88ee-dccec05e1225,,19500,1.0,22:09:49,20260817,69516,1125,003A005,19.368391036987305,-99.1806411743164,158.0,27.0,97.2,,,,1787006613,2026-08-17 16:43:33-06:00,,
metrobus,metrobus_vehicle_positions,2026-08-17T22:43:47Z,2026-08-17,20260817T224342Z,16e38c2b-e31a-4b71-95a8-2ffa26cd5c2d,,19498,1.0,22:05:01,20260817,69515,1124,003A004,19.373855590820312,-99.17886352539062,174.0,10.0,36.0,,,,1787006593,2026-08-17 16:43:13-06:00,,
metrobus,metrobus_vehicle_positions,2026-08-17T22:43:47Z,2026-08-17,20260817T224342Z,35221011-3407-4149-97bd-6a7b008dc421,,19567,1.0,22:32:50,20260817,69403,3302,1230188,19.40346908569336,-99.16928100585938,173.0,0.0,0.0,,,,1787006603,2026-08-17 16:43:23-06:00,,
metrobus,metrobus_vehicle_positions,2026-08-17T22:43:47Z,2026-08-17,20260817T224342Z,f36c5d78-8350-4894-9d76-f878768e031e,,,,,,70074,940,1290142,19.48725128173828,-99.09233093261719,0.0,0.0,0.0,,,,1786961915,2026-08-17 04:18:35-06:00,,
metrobus,metrobus_vehicle_positions,2026-08-17T22:43:47Z,2026-08-17,20260817T224342Z,2968297e-ddca-4533-a16f-a600ff1652cd,,,,,,70075,941,1290143,19.480342864990234,-99.10133361816406,111.0,31.0,111.60000000000001,,,,1787006615,2026-08-17 16:43:35-06:00,,
metrobus,metrobus_vehicle_positions,2026-08-17T22:43:47Z,2026-08-17,20260817T224342Z,5e13c9e0-95c3-4c38-88af-0d4106db694f,,19493,1.0,22:37:47,20260817,69514,1123,003A003,19.43599510192871,-99.15727233886719,226.0,0.0,0.0,,,,1787006614,2026-08-17 16:43:34-06:00,,
metrobus,metrobus_vehicle_positions,2026-08-17T22:43:47Z,2026-08-17,20260817T224342Z,32d3d666-5374-4dae-ac92-0084da5e1c3f,,19566,0.0,22:00:07,20260817,69402,3301,1230186,19.392948150634766,-99.13211059570312,216.0,30.0,108.0,,,,1787006612,2026-08-17 16:43:32-06:00,,
metrobus,metrobus_vehicle_positions,2026-08-17T22:43:47Z,2026-08-17,20260817T224342Z,8044b6bd-5156-4658-8735-1fbba6061e43,,19494,0.0,22:26:25,20260817,69513,1122,003A002,19.44047737121582,-99.15542602539062,202.0,16.0,57.6,,,,1787006609,2026-08-17 16:43:29-06:00,,
metrobus,metrobus_vehicle_positions,2026-08-17T22:43:47Z,2026-08-17,20260817T224342Z,6e7d1e15-a770-4add-95e9-36ff7c3d2370,,,,,,70076,942,1290144,19.42704200744629,-99.19941711425781,279.0,0.0,0.0,,,,1787006616,2026-08-17 16:43:36-06:00,,
metrobus,metrobus_vehicle_positions,2026-08-17T22:43:47Z,2026-08-17,20260817T224342Z,a8123ce8-45e4-42ad-aaa6-dbe4c199ecf7,,19471,1.0,21:46:20,20260817,69324,701,1240014,19.47116470336914,-99.07088470458984,13.0,7.0,25.2,,,,1787006618,2026-08-17 16:43:38-06:00,,
metrobus,metrobus_vehicle_positions,2026-08-17T22:43:47Z,2026-08-17,20260817T224342Z,42f6e69f-7e30-46bb-bc2a-e19ae4f8b5d6,,19471,1.0,22:15:55,20260817,69325,702,1240015,19.48983383178711,-99.13092041015625,112.0,33.0,118.8,,,,1787006612,2026-08-17 16:43:32-06:00,,
metrobus,metrobus_vehicle_positions,2026-08-17T22:43:47Z,2026-08-17,20260817T224342Z,66da5cd7-3368-478c-bcf4-fe4cc0197d9f,,19473,0.0,22:11:03,20260817,69326,703,1240016,19.488752365112305,-99.11670684814453,290.0,0.0,0.0,,,,1787006612,2026-08-17 16:43:32-06:00,,
metrobus,metrobus_vehicle_positions,2026-08-17T22:43:47Z,2026-08-17,20260817T224342Z,1adf5803-261d-4995-bf5e-346c1086604f,,19471,1.0,22:00:56,20260817,69327,704,1240017,19.482669830322266,-99.10680389404297,113.0,6.0,21.6,,,,1787006617,2026-08-17 16:43:37-06:00,,
metrobus,metrobus_vehicle_positions,2026-08-17T22:43:47Z,2026-08-17,20260817T224342Z,66626981-f546-4d0f-8fc7-81fed0f81ecb,,19470,0.0,22:04:16,20260817,69328,705,1240018,19.488210678100586,-99.12653350830078,291.0,49.0,176.4,,,,1787006602,2026-08-17 16:43:22-06:00,,
metrobus,metrobus_vehicle_positions,2026-08-17T22:43:47Z,2026-08-17,20260817T224342Z,7e530d50-5298-4abc-9132-7b006258b8d0,,19472,1.0,22:08:58,20260817,69329,706,1240019,19.469018936157227,-99.06423950195312,133.0,0.0,0.0,,,,1787006617,2026-08-17 16:43:37-06:00,,
metrobus,metrobus_vehicle_positions,2026-08-17T22:43:47Z,2026-08-17,20260817T224342Z,8d7d4e66-a25a-4488-a28c-a8993afaebb5,,19563,0.0,21:51:09,20260817,69410,3309,1230181,19.396068572998047,-99.15719604492188,274.0,44.0,158.4,,,,1787006619,2026-08-17 16:43:39-06:00,,
metrobus,metrobus_vehicle_positions,2026-08-17T22:43:47Z,2026-08-17,20260817T224342Z,10ecd2e9-9529-472b-98c5-957eef6c9ef9,,19470,0.0,19:02:24,20260817,69330,707,1240020,19.510242462158203,-99.19871520996094,196.0,21.0,75.60000000000001,,,,1786996990,2026-08-17 14:03:10-06:00,,
metrobus,metrobus_vehicle_positions,2026-08-17T22:43:47Z,2026-08-17,20260817T224342Z,c9f2fbcd-ba27-4a88-9d74-a8fe9658dd70,,19471,1.0,22:35:57,20260817,69331,708,1240021,19.50387954711914,-99.18343353271484,100.0,0.0,0.0,,,,1787006609,2026-08-17 16:43:29-06:00,,
metrobus,metrobus_vehicle_positions,2026-08-17T22:43:47Z,2026-08-17,20260817T224342Z,0c62075a-b27d-4352-9402-2e10f90dc6fb,,19562,1.0,22:10:43,20260817,69409,3308,1230178,19.39827537536621,-99.11640167236328,887.0,16.0,57.6,,,,1787006616,2026-08-17 16:43:36-06:00,,
metrobus,metrobus_vehicle_positions,2026-08-17T22:43:47Z,2026-08-17,20260817T224342Z,fad432cc-046b-488b-b4f0-6313be70b42a,,,,,,69332,709,1240022,19.50739288330078,-99.19939422607422,181.0,0.0,0.0,,,,1787006604,2026-08-17 16:43:24-06:00,,
metrobus,metrobus_vehicle_positions,2026-08-17T22:43:47Z,2026-08-17,20260817T224342Z,85f8a17c-d55f-4165-81ca-4e3f5a28cd60,,19498,1.0,21:27:20,20260817,69534,1143,1230001,19.435792922973633,-99.15747833251953,204.0,10.0,36.0,,,,1787006602,2026-08-17 16:43:22-06:00,,
metrobus,metrobus_vehicle_positions,2026-08-17T22:43:47Z,2026-08-17,20260817T224342Z,0dbafcee-f372-4c0b-96fe-d6f6b178c2e8,,19492,0.0,21:56:35,20260817,69533,1142,1230004,19.389625549316406,-99.17385864257812,197.0,28.0,100.8,,,,1787006612,2026-08-17 16:43:32-06:00,,
metrobus,metrobus_vehicle_positions,2026-08-17T22:43:47Z,2026-08-17,20260817T224342Z,dc6d8bc5-49fa-411b-810e-49929f9dec32,,19562,1.0,22:04:20,20260817,69421,3320,1230192,19.396099090576172,-99.09381866455078,113.0,28.0,100.8,,,,1787006610,2026-08-17 16:43:30-06:00,,
metrobus,metrobus_vehicle_positions,2026-08-17T22:43:47Z,2026-08-17,20260817T224342Z,5d4265c0-61e3-415d-8b1b-6307631e2a9f,,19494,0.0,22:23:19,20260817,69532,1141,1230045,19.436769485473633,-99.15707397460938,202.0,20.0,72.0,,,,1787006604,2026-08-17 16:43:24-06:00,,
metrobus,metrobus_vehicle_positions,2026-08-17T22:43:47Z,2026-08-17,20260817T224342Z,f3a33f71-c09e-4b32-8f00-23b5cf91a6fe,,19499,0.0,21:16:04,20260817,69531,1140,1230044,19.287891387939453,-99.17475891113281,200.0,0.0,0.0,,,,1787006622,2026-08-17 16:43:42-06:00,,
metrobus,metrobus_vehicle_positions,2026-08-17T22:43:47Z,2026-08-17,20260817T224342Z,fbcbd72f-1b3d-4b9a-b76c-6c9a72a543d8,,,,,,69419,3318,1230190,19.390857696533203,-99.0471420288086,118.0,0.0,0.0,,,,1787006604,2026-08-17 16:43:24-06:00,,
metrobus,metrobus_vehicle_positions,2026-08-17T22:43:47Z,2026-08-17,20260817T224342Z,035ff370-9e99-4fc0-879c-6567e086bf13,,19499,0.0,21:09:08,20260817,69530,1139,1230040,19.281930923461914,-99.17373657226562,115.0,18.0,64.8,,,,1787006605,2026-08-17 16:43:25-06:00,,
metrobus,metrobus_vehicle_positions,2026-08-17T22:43:47Z,2026-08-17,20260817T224342Z,7c663e5c-93e2-47cd-bbad-6b9f67f9eb2c,,19558,1.0,21:47:13,20260817,69418,3317,TienepermisodeSEMOVI,19.450082778930664,-99.1101303100586,222.0,0.0,0.0,,,,1787006607,2026-08-17 16:43:27-06:00,,
metrobus,metrobus_vehicle_positions,2026-08-17T22:43:47Z,2026-08-17,20260817T224342Z,cad84993-e420-40bb-b255-ad16bc7e09e0,,20212,1.0,22:22:02,20260817,69417,3316,TienepermisodeSEMOVI,19.382898330688477,-99.1108169555664,348.0,0.0,0.0,,,,1787006618,2026-08-17 16:43:38-06:00,,
metrobus,metrobus_vehicle_positions,2026-08-17T22:43:47Z,2026-08-17,20260817T224342Z,cbdabcbc-c2a1-4c98-bc87-10f7d6732d7a,,,,,,69529,1138,1230038,19.500015258789062,-99.11909484863281,0.0,0.0,0.0,,,,1786508682,2026-08-11 22:24:42-06:00,,
metrobus,metrobus_vehicle_positions,2026-08-17T22:43:47Z,2026-08-17,20260817T224342Z,5be6dcbc-c228-46f8-a09b-24f7975edace,,20211,0.0,22:22:11,20260817,69416,3315,TienepermisodeSEMOVI,19.44911766052246,-99.11058044433594,196.0,0.0,0.0,,,,1787006611,2026-08-17 16:43:31-06:00,,
metrobus,metrobus_vehicle_positions,2026-08-17T22:43:47Z,2026-08-17,20260817T224342Z,2032c0c7-cc40-4060-a476-0d128a40550b,,19494,0.0,22:37:37,20260817,69528,1137,1230037,19.474878311157227,-99.1340560913086,217.0,30.0,108.0,,,,1787006619,2026-08-17 16:43:39-06:00,,
metrobus,metrobus_vehicle_positions,2026-08-17T22:43:47Z,2026-08-17,20260817T224342Z,12a337e6-8983-4662-8d54-127e4ead525b,,19500,1.0,21:49:25,20260817,69527,1136,1230031,19.406526565551758,-99.16827392578125,167.0,8.0,28.8,,,,1787006605,2026-08-17 16:43:25-06:00,,
metrobus,metrobus_vehicle_positions,2026-08-17T22:43:47Z,2026-08-17,20260817T224342Z,8227ebcf-0b95-4172-bc78-cde2c9943fe1,,,,,,69415,3314,TienepermisodeSEMOVI,19.273374557495117,-99.12044525146484,521.0,0.0,0.0,,,,1787006615,2026-08-17 16:43:35-06:00,,
metrobus,metrobus_vehicle_positions,2026-08-17T22:43:47Z,2026-08-17,20260817T224342Z,5223106b-25b3-4a76-bf55-19278a449bae,,19500,1.0,20:36:47,20260817,69526,1135,1230029,19.291563034057617,-99.17525482177734,113.0,46.0,165.6,,,,1787006616,2026-08-17 16:43:36-06:00,,
metrobus,metrobus_vehicle_positions,2026-08-17T22:43:47Z,2026-08-17,20260817T224342Z,94ff7efa-8e12-4eb1-9146-9c2a7e706bff,,20212,1.0,21:55:34,20260817,69414,3313,TienepermisodeSEMOVI,19.475547790527344,-99.09913635253906,219.0,24.0,86.4,,,,1787006611,2026-08-17 16:43:31-06:00,,
metrobus,metrobus_vehicle_positions,2026-08-17T22:43:47Z,2026-08-17,20260817T224342Z,41644074-9a76-41d3-a0c5-509f2486a489,,,,,,69525,1134,1230028,19.445920944213867,-99.15328216552734,191.0,17.0,61.2,,,,1787006617,2026-08-17 16:43:37-06:00,,
metrobus,metrobus_vehicle_positions,2026-08-17T22:43:47Z,2026-08-17,20260817T224342Z,94e742a1-c580-456c-8bed-b7d2222cbd04,,19470,0.0,21:55:49,20260817,69413,3312,TienepermisodeSEMOVI,19.494808197021484,-99.15238952636719,285.0,36.0,129.6,,,,1787006610,2026-08-17 16:43:30-06:00,,
metrobus,metrobus_vehicle_positions,2026-08-17T22:43:47Z,2026-08-17,20260817T224342Z,67354742-72a3-4c92-8ab0-47298c7af1e6,,19472,1.0,22:20:19,20260817,69333,710,1240023,19.468610763549805,-99.08467864990234,123.0,0.0,0.0,,,,1787006606,2026-08-17 16:43:26-06:00,,
metrobus,metrobus_vehicle_positions,2026-08-17T22:43:47Z,2026-08-17,20260817T224342Z,0ed25305-63e2-4851-ad3b-eb42dc44276b,,19470,0.0,22:06:57,20260817,69334,711,1240024,19.48694610595703,-99.12297058105469,291.0,28.0,100.8,,,,1787006616,2026-08-17 16:43:36-06:00,,
metrobus,metrobus_vehicle_positions,2026-08-17T22:43:47Z,2026-08-17,20260817T224342Z,262c3893-4407-4525-af2b-9578d7be5a59,,,,,,69412,3311,TienepermisodeSEMOVI,19.479442596435547,-99.06395721435547,329.0,0.0,0.0,,,,1787005907,2026-08-17 16:31:47-06:00,,
metrobus,metrobus_vehicle_positions,2026-08-17T22:43:47Z,2026-08-17,20260817T224342Z,0316fc9d-afea-40f9-9cef-aad9b45469a3,,19493,1.0,22:12:31,20260817,69524,1133,1230027,19.46360206604004,-99.14295196533203,375.0,41.0,147.6,,,,1787005894,2026-08-17 16:31:34-06:00,,
metrobus,metrobus_vehicle_positions,2026-08-17T22:43:47Z,2026-08-17,20260817T224342Z,1a0a527e-e6c5-470a-b354-75df8ddcc48c,,19473,0.0,22:15:18,20260817,69335,712,1240109,19.48228645324707,-99.10577392578125,292.0,0.0,0.0,,,,1787006609,2026-08-17 16:43:29-06:00,,
metrobus,metrobus_vehicle_positions,2026-08-17T22:43:47Z,2026-08-17,20260817T224342Z,a4f889a6-6e3a-4132-b4b5-7fef1233b155,,,,,,69336,713,1240110,19.464990615844727,-99.05960845947266,132.0,0.0,0.0,,,,1787006613,2026-08-17 16:43:33-06:00,,
metrobus,metrobus_vehicle_positions,2026-08-17T22:43:47Z,2026-08-17,20260817T224342Z,da844bd7-2762-4b9d-a741-222fca877dcb,,19471,1.0,22:20:17,20260817,69337,714,1240111,19.491214752197266,-99.13572692871094,103.0,35.0,126.0,,,,1787006618,2026-08-17 16:43:38-06:00,,
metrobus,metrobus_vehicle_positions,2026-08-17T22:43:47Z,2026-08-17,20260817T224342Z,195c2461-797e-4bc1-8148-4171eadcd36f,,19470,0.0,22:17:09,20260817,69338,715,1240112,19.48208236694336,-99.10527038574219,293.0,9.0,32.4,,,,1787006611,2026-08-17 16:43:31-06:00,,
metrobus,metrobus_vehicle_positions,2026-08-17T22:43:47Z,2026-08-17,20260817T224342Z,86f51f02-bf64-4490-8617-c37d5aed8ec9,,19471,1.0,21:48:00,20260817,69339,716,ConPermisovencido,19.466510772705078,-99.07390594482422,104.0,0.0,0.0,,,,1787006609,2026-08-17 16:43:29-06:00,,
metrobus,metrobus_vehicle_positions,2026-08-17T22:43:47Z,2026-08-17,20260817T224342Z,0228d248-d55c-4130-b296-0ab829d20784,,19472,1.0,22:39:06,20260817,69340,717,1240114,19.485389709472656,-99.11943054199219,106.0,5.0,18.0,,,,1787006617,2026-08-17 16:43:37-06:00,,
metrobus,metrobus_vehicle_positions,2026-08-17T22:43:47Z,2026-08-17,20260817T224342Z,eb129760-1a70-4e84-bc9f-2d926a39a792,,,,,,69341,718,1240115,19.464683532714844,-99.05925750732422,136.0,0.0,0.0,,,,1787006608,2026-08-17 16:43:28-06:00,,
metrobus,metrobus_vehicle_positions,2026-08-17T22:43:47Z,2026-08-17,20260817T224342Z,353fe419-c287-4b75-9b04-a2934d2645d4,,19470,0.0,22:14:35,20260817,69342,719,1240116,19.484119415283203,-99.11309814453125,282.0,0.0,0.0,,,,1787006608,2026-08-17 16:43:28-06:00,,
metrobus,metrobus_vehicle_positions,2026-08-17T22:43:47Z,2026-08-17,20260817T224342Z,0cf459ea-5b48-4029-b4d9-e0727fa1e7fe,,19565,1.0,22:02:00,20260817,69420,3319,1230191,19.38645362854004,-99.0602035522461,930.0,30.0,108.0,,,,1787006620,2026-08-17 16:43:40-06:00,,
metrobus,metrobus_vehicle_positions,2026-08-17T22:43:47Z,2026-08-17,20260817T224342Z,aae1d710-6353-4b57-a13b-8beafbfd07d8,,19500,1.0,22:17:24,20260817,69538,1147,1230030,19.346904754638672,-99.18763732910156,19.0,0.0,0.0,,,,1787006613,2026-08-17 16:43:33-06:00,,
metrobus,metrobus_vehicle_positions,2026-08-17T22:43:47Z,2026-08-17,20260817T224342Z,1e5f7d2e-0d83-41b2-b140-fbb94f8db572,,19472,1.0,22:40:07,20260817,69343,720,1240117,19.49076271057129,-99.13373565673828,103.0,0.0,0.0,,,,1787006602,2026-08-17 16:43:22-06:00,,
metrobus,metrobus_vehicle_positions,2026-08-17T22:43:47Z,2026-08-17,20260817T224342Z,a1d85e89-31be-400a-b7c1-df3cb23f870d,,19500,1.0,22:06:07,20260817,69537,1146,1230023,19.373741149902344,-99.17877960205078,181.0,0.0,0.0,,,,1787006612,2026-08-17 16:43:32-06:00,,
metrobus,metrobus_vehicle_positions,2026-08-17T22:43:47Z,2026-08-17,20260817T224342Z,b9e9c0ad-57e1-4416-8de0-9b2394d35810,,19498,1.0,22:17:41,20260817,69536,1145,1230041,19.34501075744629,-99.18839263916016,204.0,30.0,108.0,,,,1787006613,2026-08-17 16:43:33-06:00,,
metrobus,metrobus_vehicle_positions,2026-08-17T22:43:47Z,2026-08-17,20260817T224342Z,8f3bd945-1971-46c7-ac76-31ed07c480f5,,,,,,69344,721,1240118,19.47801399230957,-99.06378936767578,661.0,0.0,0.0,,,,1787006617,2026-08-17 16:43:37-06:00,,
metrobus,metrobus_vehicle_positions,2026-08-17T22:43:47Z,2026-08-17,20260817T224342Z,5431a4ff-9334-4deb-b2ba-7948f3da3235,,,,,,69345,722,1240159,19.465322494506836,-99.0598373413086,313.0,8.0,28.8,,,,1787006609,2026-08-17 16:43:29-06:00,,
metrobus,metrobus_vehicle_positions,2026-08-17T22:43:47Z,2026-08-17,20260817T224342Z,ee127e28-aaed-4ea8-8856-09d7e9b3bd90,,19492,0.0,22:16:09,20260817,69535,1144,1230047,19.420257568359375,-99.16414642333984,195.0,32.0,115.2,,,,1787006610,2026-08-17 16:43:30-06:00,,
metrobus,metrobus_vehicle_positions,2026-08-17T22:43:47Z,2026-08-17,20260817T224342Z,f9b7df26-74d1-449b-a129-1dc2da8a873e,,19473,0.0,22:22:44,20260817,69346,723,1240160,19.476762771606445,-99.09198760986328,293.0,34.0,122.4,,,,1787006611,2026-08-17 16:43:31-06:00,,
metrobus,metrobus_vehicle_positions,2026-08-17T22:43:47Z,2026-08-17,20260817T224342Z,94e44b15-e426-45d6-b264-844cc6614b44,,,,,,69347,724,1240161,19.464771270751953,-99.0592269897461,322.0,0.0,0.0,,,,1787005660,2026-08-17 16:27:40-06:00,,
metrobus,metrobus_vehicle_positions,2026-08-17T22:43:47Z,2026-08-17,20260817T224342Z,12318cc4-37be-40bf-ab5d-0122bf59c445,,,,,,69348,725,1240162,19.464811325073242,-99.05915832519531,309.0,0.0,0.0,,,,1787006611,2026-08-17 16:43:31-06:00,,
metrobus,metrobus_vehicle_positions,2026-08-17T22:43:47Z,2026-08-17,20260817T224342Z,76070341-f651-48ef-8326-d5e02c4a8d7c,,19471,1.0,22:40:36,20260817,69349,726,1240163,19.510892868041992,-99.19266510009766,102.0,0.0,0.0,,,,1787006617,2026-08-17 16:43:37-06:00,,
metrobus,metrobus_vehicle_positions,2026-08-17T22:43:47Z,2026-08-17,20260817T224342Z,15bd857e-707f-4d9c-82a9-22d0f1c823f6,,19470,0.0,22:38:09,20260817,69350,727,1240164,19.476768493652344,-99.07228088378906,317.0,47.0,169.20000000000002,,,,1787006609,2026-08-17 16:43:29-06:00,,
metrobus,metrobus_vehicle_positions,2026-08-17T22:43:47Z,2026-08-17,20260817T224342Z,b3fd9c62-47a2-4f71-974b-3cf0ab8eabbf,,19473,0.0,22:21:09,20260817,69351,728,1240165,19.479223251342773,-99.0980224609375,285.0,45.0,162.0,,,,1787006610,2026-08-17 16:43:30-06:00,,
metrobus,metrobus_vehicle_positions,2026-08-17T22:43:47Z,2026-08-17,20260817T224342Z,9ad34594-9430-4fe0-8f0b-1ec82378eaa3,,19472,1.0,22:21:12,20260817,69352,729,1240166,19.472171783447266,-99.08710479736328,149.0,33.0,118.8,,,,1787006613,2026-08-17 16:43:33-06:00,,
metrobus,metrobus_vehicle_positions,2026-08-17T22:43:47Z,2026-08-17,20260817T224342Z,7f921d84-4d17-4234-975f-339346c4e392,,19563,0.0,22:25:57,20260817,70117,3343,1250008,19.387842178344727,-99.0745849609375,298.0,0.0,0.0,,,,1787006610,2026-08-17 16:43:30-06:00,,
metrobus,metrobus_vehicle_positions,2026-08-17T22:43:47Z,2026-08-17,20260817T224342Z,7d4f9dc0-19e0-4485-b148-277d548604a4,,19564,0.0,22:00:25,20260817,70116,3342,1250009,19.397924423217773,-99.1279296875,265.0,45.0,162.0,,,,1787006602,2026-08-17 16:43:22-06:00,,
metrobus,metrobus_vehicle_positions,2026-08-17T22:43:47Z,2026-08-17,20260817T224342Z,58345d49-b259-4ee4-8f0a-59654442cd39,,19562,1.0,22:36:21,20260817,70115,3341,1250013,19.404884338378906,-99.1754379272461,110.0,0.0,0.0,,,,1787006607,2026-08-17 16:43:27-06:00,,
metrobus,metrobus_vehicle_positions,2026-08-17T22:43:47Z,2026-08-17,20260817T224342Z,f66265b2-eaa9-4119-a48a-785c1883de9c,,19565,1.0,22:24:06,20260817,70114,3340,1250014,19.39715003967285,-99.10346221923828,969.0,21.0,75.60000000000001,,,,1787006621,2026-08-17 16:43:41-06:00,,
metrobus,metrobus_vehicle_positions,2026-08-17T22:43:47Z,2026-08-17,20260817T224342Z,6bd6ba89-3b9c-4337-a496-56d1b42b7d01,,19563,0.0,21:46:13,20260817,70113,3339,1250012,19.400054931640625,-99.16779327392578,345.0,7.0,25.2,,,,1787006615,2026-08-17 16:43:35-06:00,,
metrobus,metrobus_vehicle_positions,2026-08-17T22:43:47Z,2026-08-17,20260817T224342Z,7b14013e-7fd1-49a6-a09a-628357f47d12,,19563,0.0,21:55:34,20260817,70112,3338,1250011,19.394807815551758,-99.14299011230469,279.0,0.0,0.0,,,,1787006611,2026-08-17 16:43:31-06:00,,
metrobus,metrobus_vehicle_positions,2026-08-17T22:43:47Z,2026-08-17,20260817T224342Z,875e29b0-a493-4d39-95f1-3247bde5062d,,19471,1.0,22:07:14,20260817,69353,730,1240167,19.483322143554688,-99.11397552490234,174.0,0.0,0.0,,,,1787006619,2026-08-17 16:43:39-06:00,,
metrobus,metrobus_vehicle_positions,2026-08-17T22:43:47Z,2026-08-17,20260817T224342Z,22d13147-944e-42f0-b620-477ff09beeab,,19471,1.0,21:53:56,20260817,69354,731,1240168,19.47368049621582,-99.0879898071289,150.0,33.0,118.8,,,,1787006619,2026-08-17 16:43:39-06:00,,
metrobus,metrobus_vehicle_positions,2026-08-17T22:43:47Z,2026-08-17,20260817T224342Z,674b3b30-cb68-4bf7-a3f9-d7ead7e5fde7,,19471,1.0,22:07:49,20260817,69355,732,1240169,19.48721694946289,-99.1240005493164,112.0,38.0,136.8,,,,1787006608,2026-08-17 16:43:28-06:00,,
metrobus,metrobus_vehicle_positions,2026-08-17T22:43:47Z,2026-08-17,20260817T224342Z,fc8f4220-5154-4b18-8555-e167c8cccc7c,,19471,1.0,21:55:41,20260817,69356,733,1240170,19.47793197631836,-99.09553527832031,113.0,46.0,165.6,,,,1787006619,2026-08-17 16:43:39-06:00,,
metrobus,metrobus_vehicle_positions,2026-08-17T22:43:47Z,2026-08-17,20260817T224342Z,1a926394-af57-4979-872c-d7005eb5d0cf,,19473,0.0,22:07:25,20260817,69357,734,1240171,19.485538482666016,-99.1197738647461,289.0,15.0,54.0,,,,1787006618,2026-08-17 16:43:38-06:00,,
metrobus,metrobus_vehicle_positions,2026-08-17T22:43:47Z,2026-08-17,20260817T224342Z,023313d6-345f-4bdc-9290-175a74c44229,,19473,0.0,22:30:23,20260817,69358,735,1240172,19.47078514099121,-99.07969665527344,190.0,0.0,0.0,,,,1787006606,2026-08-17 16:43:26-06:00,,
metrobus,metrobus_vehicle_positions,2026-08-17T22:43:47Z,2026-08-17,20260817T224342Z,3bd52e81-5ab9-403d-bbe4-819058e1c4b3,,19471,1.0,22:29:35,20260817,69359,736,1240173,19.497264862060547,-99.16397094726562,102.0,47.0,169.20000000000002,,,,1787006618,2026-08-17 16:43:38-06:00,,
metrobus,metrobus_vehicle_positions,2026-08-17T22:43:47Z,2026-08-17,20260817T224342Z,97841f20-9ef6-42ea-8d55-e1c6cdc7aaea,,19565,1.0,22:06:44,20260817,69725,3353,1250030,19.38385581970215,-99.06879425048828,100.0,0.0,0.0,,,,1787006607,2026-08-17 16:43:27-06:00,,
metrobus,metrobus_vehicle_positions,2026-08-17T22:43:47Z,2026-08-17,20260817T224342Z,aab396f0-002f-4005-9de4-5dde8061dfaa,,19566,0.0,22:39:34,20260817,69724,3352,1250029,19.384984970092773,-99.05206298828125,235.0,13.0,46.800000000000004,,,,1787006584,2026-08-17 16:43:04-06:00,,
metrobus,metrobus_vehicle_positions,2026-08-17T22:43:47Z,2026-08-17,20260817T224342Z,0346d0f7-0f7e-46dd-beb1-e85ae9145163,,19563,0.0,22:31:52,20260817,69723,3351,1250028,19.382600784301758,-99.0622329711914,281.0,28.0,100.8,,,,1787006620,2026-08-17 16:43:40-06:00,,
metrobus,metrobus_vehicle_positions,2026-08-17T22:43:47Z,2026-08-17,20260817T224342Z,5cb7cbc8-adcc-441d-be54-d57745f22f71,,,,,,70120,3346,003A018,19.38705062866211,-99.05996704101562,357.0,0.0,0.0,,,,1786672044,2026-08-13 19:47:24-06:00,,
metrobus,metrobus_vehicle_positions,2026-08-17T22:43:47Z,2026-08-17,20260817T224342Z,6966ba08-2087-49f1-bc1d-c0547ea638d7,,19566,0.0,22:35:16,20260817,70119,3345,1250007,19.38897705078125,-99.0599136352539,187.0,0.0,0.0,,,,1787006613,2026-08-17 16:43:33-06:00,,
metrobus,metrobus_vehicle_positions,2026-08-17T22:43:47Z,2026-08-17,20260817T224342Z,3a3903cd-64d9-4820-8b9a-1cf018b84a0f,,19567,1.0,22:04:18,20260817,70118,3344,1250006,19.3956241607666,-99.09294891357422,125.0,17.0,61.2,,,,1787006608,2026-08-17 16:43:28-06:00,,
metrobus,metrobus_vehicle_positions,2026-08-17T22:43:47Z,2026-08-17,20260817T224342Z,aba896be-d4e7-46b7-9828-935b4505ba99,,19515,0.0,21:28:33,20260817,69211,509,1260137,19.42721939086914,-99.11100769042969,406.0,18.0,64.8,,,,1787006618,2026-08-17 16:43:38-06:00,,
metrobus,metrobus_vehicle_positions,2026-08-17T22:43:47Z,2026-08-17,20260817T224342Z,5ff14802-198c-4b0b-8954-9a12bddf8646,,19472,1.0,22:42:36,20260817,69726,751,1280022,19.489837646484375,-99.13105773925781,111.0,29.0,104.4,,,,1787006617,2026-08-17 16:43:37-06:00,,
metrobus,metrobus_vehicle_positions,2026-08-17T22:43:47Z,2026-08-17,20260817T224342Z,9eb08d95-33c0-4131-b260-32a03b899045,,19474,0.0,22:32:46,20260817,69727,752,1280023,19.485206604003906,-99.11905670166016,288.0,25.0,90.0,,,,1787006614,2026-08-17 16:43:34-06:00,,
metrobus,metrobus_vehicle_positions,2026-08-17T22:43:47Z,2026-08-17,20260817T224342Z,a41ef53b-07ca-4f1b-8fb3-13468c6a92da,,20439,1.0,22:17:10,20260817,69212,510,1260138,19.43239974975586,-99.15604400634766,639.0,11.0,39.6,,,,1787006611,2026-08-17 16:43:31-06:00,,
metrobus,metrobus_vehicle_positions,2026-08-17T22:43:47Z,2026-08-17,20260817T224342Z,c5b2e459-ad90-4770-a860-2d39aab64987,,19473,0.0,22:12:27,20260817,69728,753,1280024,19.487138748168945,-99.11294555664062,211.0,27.0,97.2,,,,1787006615,2026-08-17 16:43:35-06:00,,
metrobus,metrobus_vehicle_positions,2026-08-17T22:43:47Z,2026-08-17,20260817T224342Z,1c33f2e3-97ef-4153-a5ff-4c46acfc1142,,,,,,69213,511,1260139,19.398710250854492,-99.0761489868164,0.0,0.0,0.0,,,,1785603127,2026-08-01 10:52:07-06:00,,
metrobus,metrobus_vehicle_positions,2026-08-17T22:43:47Z,2026-08-17,20260817T224342Z,b43ec2e0-6212-4c05-8483-f82558db7635,,19473,0.0,22:19:51,20260817,69729,754,1280025,19.480173110961914,-99.10047149658203,292.0,32.0,115.2,,,,1787006607,2026-08-17 16:43:27-06:00,,
metrobus,metrobus_vehicle_positions,2026-08-17T22:43:47Z,2026-08-17,20260817T224342Z,c94af0fc-33ae-42bd-aece-0f32a0870a5b,,,,,,69214,512,1260140,19.42326545715332,-99.09176635742188,358.0,0.0,0.0,,,,1783049743,2026-07-02 21:35:43-06:00,,
metrobus,metrobus_vehicle_positions,2026-08-17T22:43:47Z,2026-08-17,20260817T224342Z,80db647f-97c8-47f9-a412-af498ea7e6a4,,19471,1.0,22:24:23,20260817,69730,755,1280026,19.494794845581055,-99.15274047851562,104.0,21.0,75.60000000000001,,,,1787006608,2026-08-17 16:43:28-06:00,,
metrobus,metrobus_vehicle_positions,2026-08-17T22:43:47Z,2026-08-17,20260817T224342Z,91190a91-7c54-4055-94a1-6cb049f4e401,,19471,1.0,22:33:25,20260817,69731,756,1280027,19.49981117248535,-99.17364501953125,119.0,43.0,154.8,,,,1787006607,2026-08-17 16:43:27-06:00,,
metrobus,metrobus_vehicle_positions,2026-08-17T22:43:47Z,2026-08-17,20260817T224342Z,c8d23231-a74c-4759-b16a-fcf37b074d07,,,,,,69216,514,1260142,19.398664474487305,-99.076171875,0.0,0.0,0.0,,,,1786803560,2026-08-15 08:19:20-06:00,,
metrobus,metrobus_vehicle_positions,2026-08-17T22:43:47Z,2026-08-17,20260817T224342Z,7767493c-ace3-4bca-8aee-c3b258736756,,20296,1.0,22:43:16,20260817,69732,757,1280028,19.37258529663086,-99.1607437133789,123.0,25.0,90.0,,,,1787006606,2026-08-17 16:43:26-06:00,,
metrobus,metrobus_vehicle_positions,2026-08-17T22:43:47Z,2026-08-17,20260817T224342Z,fa09c968-b9ef-418b-a476-4b20f216df61,,20440,0.0,22:37:09,20260817,69217,515,1260143,19.43603515625,-99.14900970458984,245.0,0.0,0.0,,,,1787006606,2026-08-17 16:43:26-06:00,,
metrobus,metrobus_vehicle_positions,2026-08-17T22:43:47Z,2026-08-17,20260817T224342Z,df613aa3-4383-4c73-b8b4-856aee35d427,,20296,1.0,22:13:58,20260817,69733,758,1280029,19.4351806640625,-99.14764404296875,920.0,0.0,0.0,,,,1787006616,2026-08-17 16:43:36-06:00,,
metrobus,metrobus_vehicle_positions,2026-08-17T22:43:47Z,2026-08-17,20260817T224342Z,3b393465-5078-4cac-a7e3-06e2b489a314,,,,,,69218,516,1260144,19.398731231689453,-99.07625579833984,0.0,0.0,0.0,,,,1785603366,2026-08-01 10:56:06-06:00,,
metrobus,metrobus_vehicle_positions,2026-08-17T22:43:47Z,2026-08-17,20260817T224342Z,91e30880-13e2-4d02-9685-c473e54ed2c7,,20296,1.0,22:09:17,20260817,69734,759,1280030,19.440383911132812,-99.14860534667969,171.0,13.0,46.800000000000004,,,,1787006606,2026-08-17 16:43:26-06:00,,
metrobus,metrobus_vehicle_positions,2026-08-17T22:43:47Z,2026-08-17,20260817T224342Z,16963b29-b852-414c-a6d8-dbd4cf43c653,,,,,,69220,518,1260146,19.398725509643555,-99.07621002197266,0.0,0.0,0.0,,,,1786803417,2026-08-15 08:16:57-06:00,,
metrobus,metrobus_vehicle_positions,2026-08-17T22:43:47Z,2026-08-17,20260817T224342Z,32b7ca44-2541-4931-8930-3b8169dc140a,,,,,,69735,760,1280031,19.50715446472168,-99.1965103149414,185.0,0.0,0.0,,,,1786995759,2026-08-17 13:42:39-06:00,,
metrobus,metrobus_vehicle_positions,2026-08-17T22:43:47Z,2026-08-17,20260817T224342Z,13e80cf0-9aaa-4237-87da-2d9818b61f52,,19473,0.0,22:41:27,20260817,69736,761,1280032,19.468427658081055,-99.0633316040039,313.0,0.0,0.0,,,,1787006609,2026-08-17 16:43:29-06:00,,
metrobus,metrobus_vehicle_positions,2026-08-17T22:43:47Z,2026-08-17,20260817T224342Z,0a7ab1ff-4496-43c8-a83d-0bac22bef4be,,19475,1.0,22:42:12,20260817,69737,762,1280033,19.511316299438477,-99.19830322265625,194.0,0.0,0.0,,,,1787006607,2026-08-17 16:43:27-06:00,,
metrobus,metrobus_vehicle_positions,2026-08-17T22:43:47Z,2026-08-17,20260817T224342Z,73b223bd-b694-4a8e-bb99-fd09a3fd1400,,,,,,69222,520,1260148,19.491588592529297,-99.12005615234375,150.0,0.0,0.0,,,,1787006612,2026-08-17 16:43:32-06:00,,
metrobus,metrobus_vehicle_positions,2026-08-17T22:43:47Z,2026-08-17,20260817T224342Z,cf6ba6e4-d200-4522-af29-7bcc70828446,,,,,,69738,763,1280034,19.465261459350586,-99.05974578857422,309.0,0.0,0.0,,,,1787006616,2026-08-17 16:43:36-06:00,,
metrobus,metrobus_vehicle_positions,2026-08-17T22:43:47Z,2026-08-17,20260817T224342Z,09849c8d-74e6-4cb1-adb5-0a8d7c2a1b45,,19517,0.0,22:43:00,20260817,69223,521,1260149,19.442855834960938,-99.15242767333984,181.0,8.0,28.8,,,,1787006610,2026-08-17 16:43:30-06:00,,
metrobus,metrobus_vehicle_positions,2026-08-17T22:43:47Z,2026-08-17,20260817T224342Z,ca02b243-4fd0-4d63-a5a8-de4e6bfecd56,,20295,0.0,22:11:37,20260817,69739,764,1280035,19.425968170166016,-99.15321350097656,255.0,1.0,3.6,,,,1787006607,2026-08-17 16:43:27-06:00,,
metrobus,metrobus_vehicle_positions,2026-08-17T22:43:47Z,2026-08-17,20260817T224342Z,f9c56edc-3f11-404d-9aa6-4e868b5eebb0,,,,,,69224,522,1260150,19.433542251586914,-99.15399169921875,243.0,0.0,0.0,,,,1787006606,2026-08-17 16:43:26-06:00,,
metrobus,metrobus_vehicle_positions,2026-08-17T22:43:47Z,2026-08-17,20260817T224342Z,43ebad4a-effe-4bc5-b866-fed4540a5930,,19472,1.0,22:07:09,20260817,69740,765,1280036,19.46673011779785,-99.06151580810547,133.0,12.0,43.2,,,,1787006613,2026-08-17 16:43:33-06:00,,
metrobus,metrobus_vehicle_positions,2026-08-17T22:43:47Z,2026-08-17,20260817T224342Z,2f684170-f913-4f4e-a25e-919642c54f02,,20440,0.0,22:41:22,20260817,69225,523,1260151,19.44164276123047,-99.14212799072266,227.0,0.0,0.0,,,,1787006618,2026-08-17 16:43:38-06:00,,
metrobus,metrobus_vehicle_positions,2026-08-17T22:43:47Z,2026-08-17,20260817T224342Z,0a73a069-6eef-4d04-a629-8e050bc1599d,,19474,0.0,22:32:50,20260817,69741,766,1280037,19.496049880981445,-99.15817260742188,282.0,24.0,86.4,,,,1787006603,2026-08-17 16:43:23-06:00,,
metrobus,metrobus_vehicle_positions,2026-08-17T22:43:47Z,2026-08-17,20260817T224342Z,7f624b29-5508-4914-93c0-9ec4202147d1,,,,,,69226,524,1260152,19.398704528808594,-99.07632446289062,532.0,0.0,0.0,,,,1786803401,2026-08-15 08:16:41-06:00,,
metrobus,metrobus_vehicle_positions,2026-08-17T22:43:47Z,2026-08-17,20260817T224342Z,6a6120bb-8b62-49b3-a683-a145f375dfed,,20440,0.0,22:22:41,20260817,69227,525,1260153,19.426681518554688,-99.1686019897461,243.0,0.0,0.0,,,,1787006611,2026-08-17 16:43:31-06:00,,
metrobus,metrobus_vehicle_positions,2026-08-17T22:43:47Z,2026-08-17,20260817T224342Z,75c89d3c-5200-4cff-9534-33b3c22959b1,,19470,0.0,22:21:39,20260817,69742,767,1280038,19.47884178161621,-99.0971450805664,293.0,0.0,0.0,,,,1787006610,2026-08-17 16:43:30-06:00,,
metrobus,metrobus_vehicle_positions,2026-08-17T22:43:47Z,2026-08-17,20260817T224342Z,502ede49-d8f8-4c88-9c61-55f45371e6fc,,19470,0.0,22:30:45,20260817,69743,768,1280039,19.47104835510254,-99.07964324951172,190.0,15.0,54.0,,,,1787006614,2026-08-17 16:43:34-06:00,,
metrobus,metrobus_vehicle_positions,2026-08-17T22:43:47Z,2026-08-17,20260817T224342Z,bccc6019-ad56-4606-8ae1-f92d56492826,,20439,1.0,21:48:00,20260817,69228,526,1260154,19.444782257080078,-99.1385498046875,226.0,48.0,172.8,,,,1787006610,2026-08-17 16:43:30-06:00,,
metrobus,metrobus_vehicle_positions,2026-08-17T22:43:47Z,2026-08-17,20260817T224342Z,8b6a3449-8c9c-4a80-8c44-3a0e1d01335a,,19470,0.0,22:23:34,20260817,69744,769,1280040,19.476015090942383,-99.09015655517578,294.0,20.0,72.0,,,,1787006611,2026-08-17 16:43:31-06:00,,
metrobus,metrobus_vehicle_positions,2026-08-17T22:43:47Z,2026-08-17,20260817T224342Z,c6da1eda-f71a-4756-8b78-8bbf1274c913,,19518,1.0,22:15:42,20260817,69229,527,1260155,19.429378509521484,-99.13420104980469,277.0,7.0,25.2,,,,1787006615,2026-08-17 16:43:35-06:00,,
metrobus,metrobus_vehicle_positions,2026-08-17T22:43:47Z,2026-08-17,20260817T224342Z,272cdce2-664d-497e-84c4-9fbded1fe579,,19470,0.0,22:03:38,20260817,69745,770,1280041,19.49108123779297,-99.1347885131836,284.0,38.0,136.8,,,,1787006614,2026-08-17 16:43:34-06:00,,
metrobus,metrobus_vehicle_positions,2026-08-17T22:43:47Z,2026-08-17,20260817T224342Z,32c09ee9-1363-4a4f-b756-3c971ec3ff14,,20295,0.0,21:58:41,20260817,69746,771,1280042,19.39661407470703,-99.15596771240234,185.0,0.0,0.0,,,,1787006618,2026-08-17 16:43:38-06:00,,
metrobus,metrobus_vehicle_positions,2026-08-17T22:43:47Z,2026-08-17,20260817T224342Z,23107961-95f0-4468-a0d8-8069911b3542,,19474,0.0,22:38:37,20260817,69747,772,1280043,19.48289680480957,-99.11404418945312,165.0,0.0,0.0,,,,1787006618,2026-08-17 16:43:38-06:00,,
metrobus,metrobus_vehicle_positions,2026-08-17T22:43:47Z,2026-08-17,20260817T224342Z,452814fd-e695-41ac-8258-ad9698a1f775,,,,,,69232,530,1260158,19.42343521118164,-99.09175109863281,0.0,0.0,0.0,,,,1783893582,2026-07-12 15:59:42-06:00,,
metrobus,metrobus_vehicle_positions,2026-08-17T22:43:47Z,2026-08-17,20260817T224342Z,25067b5b-210f-4ed5-98e5-e6637d334103,,19471,1.0,22:22:40,20260817,69748,773,TienepermisodeSEMOVI,19.49419403076172,-99.14997100830078,103.0,38.0,136.8,,,,1787006610,2026-08-17 16:43:30-06:00,,
metrobus,metrobus_vehicle_positions,2026-08-17T22:43:47Z,2026-08-17,20260817T224342Z,fe4ff629-e1c7-45e3-baa9-6d54bb657b3d,,,,,,69749,774,1280045,19.50713539123535,-99.1964340209961,0.0,0.0,0.0,,,,1787006403,2026-08-17 16:40:03-06:00,,
metrobus,metrobus_vehicle_positions,2026-08-17T22:43:47Z,2026-08-17,20260817T224342Z,afc57064-99cd-4783-a4a8-cbc8f4541e2c,,20440,0.0,22:41:29,20260817,69234,532,1260160,19.444326400756836,-99.13954162597656,230.0,0.0,0.0,,,,1787006610,2026-08-17 16:43:30-06:00,,
metrobus,metrobus_vehicle_positions,2026-08-17T22:43:47Z,2026-08-17,20260817T224342Z,a730610d-431e-433b-a4ca-3191c9e89d8d,,19470,0.0,22:40:40,20260817,69750,775,1280046,19.468589782714844,-99.0634994506836,312.0,0.0,0.0,,,,1787006620,2026-08-17 16:43:40-06:00,,
metrobus,metrobus_vehicle_positions,2026-08-17T22:43:47Z,2026-08-17,20260817T224342Z,71599703-33b5-41c7-a3ba-362dd6777bb1,,20439,1.0,22:27:39,20260817,69236,534,1260162,19.427833557128906,-99.16555786132812,647.0,19.0,68.4,,,,1787006608,2026-08-17 16:43:28-06:00,,
metrobus,metrobus_vehicle_positions,2026-08-17T22:43:47Z,2026-08-17,20260817T224342Z,76145d50-9c6e-4fb6-914a-04db8d737cb2,,19472,1.0,22:15:56,20260817,69751,776,1320053,19.46687126159668,-99.07678985595703,826.0,39.0,140.4,,,,1787006607,2026-08-17 16:43:27-06:00,,
metrobus,metrobus_vehicle_positions,2026-08-17T22:43:47Z,2026-08-17,20260817T224342Z,2057d43f-e64f-45c7-a201-579e8b42cdea,,19470,0.0,22:16:59,20260817,69752,777,1320051,19.4821834564209,-99.10556030273438,293.0,0.0,0.0,,,,1787006612,2026-08-17 16:43:32-06:00,,
metrobus,metrobus_vehicle_positions,2026-08-17T22:43:47Z,2026-08-17,20260817T224342Z,b29a0520-a6fd-4996-945c-4264debb1946,,19475,1.0,22:29:25,20260817,69753,778,1320052,19.496959686279297,-99.16246795654297,103.0,48.0,172.8,,,,1787006608,2026-08-17 16:43:28-06:00,,
metrobus,metrobus_vehicle_positions,2026-08-17T22:43:47Z,2026-08-17,20260817T224342Z,85a3adc6-2a87-4d9d-b1ca-ceea8ee0b3a2,,,,,,69238,536,1260164,19.448833465576172,-99.13507080078125,248.0,0.0,0.0,,,,1787006611,2026-08-17 16:43:31-06:00,,
metrobus,metrobus_vehicle_positions,2026-08-17T22:43:47Z,2026-08-17,20260817T224342Z,967810c5-ce40-47a6-b919-3e41d5418041,,,,,,69239,537,1260165,19.40149688720703,-99.18603515625,275.0,0.0,0.0,,,,1787006619,2026-08-17 16:43:39-06:00,,
metrobus,metrobus_vehicle_positions,2026-08-17T22:43:47Z,2026-08-17,20260817T224342Z,c719dd61-b0c1-4926-abe6-e9e1152af559,,,,,,69240,538,1260166,19.437776565551758,-99.14957427978516,103.0,0.0,0.0,,,,1787006620,2026-08-17 16:43:40-06:00,,
metrobus,metrobus_vehicle_positions,2026-08-17T22:43:47Z,2026-08-17,20260817T224342Z,f3231493-44d1-40b2-bba9-01d2b7e55cbe,,,,,,69241,539,1260167,19.42296600341797,-99.09231567382812,0.0,0.0,0.0,,,,1787005975,2026-08-17 16:32:55-06:00,,
metrobus,metrobus_vehicle_positions,2026-08-17T22:43:47Z,2026-08-17,20260817T224342Z,e6b8b9fc-cfcf-4212-a783-523b2cc89d9e,,,,,,69179,781,1280047,19.506547927856445,-99.19989013671875,200.0,11.0,39.6,,,,1787006608,2026-08-17 16:43:28-06:00,,
metrobus,metrobus_vehicle_positions,2026-08-17T22:43:47Z,2026-08-17,20260817T224342Z,4633bb44-f56b-43c0-9634-125050a1e9a0,,20296,1.0,22:35:12,20260817,69180,782,1280048,19.39107322692871,-99.15637969970703,700.0,43.0,154.8,,,,1787006615,2026-08-17 16:43:35-06:00,,
metrobus,metrobus_vehicle_positions,2026-08-17T22:43:47Z,2026-08-17,20260817T224342Z,9fa84190-75e7-48ab-b2f5-e6209305f00b,,19473,0.0,22:10:44,20260817,69181,783,1280049,19.487224578857422,-99.11793518066406,197.0,32.0,115.2,,,,1787006614,2026-08-17 16:43:34-06:00,,
metrobus,metrobus_vehicle_positions,2026-08-17T22:43:47Z,2026-08-17,20260817T224342Z,e42716b9-ee6e-4f1d-badd-c689e96e9ae6,,,,,,69243,541,1260169,19.40146827697754,-99.18580627441406,275.0,7.0,25.2,,,,1787006605,2026-08-17 16:43:25-06:00,,
metrobus,metrobus_vehicle_positions,2026-08-17T22:43:47Z,2026-08-17,20260817T224342Z,7369fd61-58c2-4230-9178-3a70699054a4,,19472,1.0,22:42:13,20260817,69182,784,1280050,19.491058349609375,-99.13441467285156,287.0,6.0,21.6,,,,1787006608,2026-08-17 16:43:28-06:00,,
metrobus,metrobus_vehicle_positions,2026-08-17T22:43:47Z,2026-08-17,20260817T224342Z,1b5cc3d7-29bd-4eab-b270-25d971f90bd1,,19471,1.0,21:43:46,20260817,69183,785,1280051,19.472829818725586,-99.06831359863281,137.0,39.0,140.4,,,,1787006611,2026-08-17 16:43:31-06:00,,
metrobus,metrobus_vehicle_positions,2026-08-17T22:43:47Z,2026-08-17,20260817T224342Z,9d889efa-07e6-49fc-bcfc-4ab0c334ef90,,,,,,69230,543,,19.426443099975586,-99.16873168945312,639.0,24.0,86.4,,,,1787006609,2026-08-17 16:43:29-06:00,,
metrobus,metrobus_vehicle_positions,2026-08-17T22:43:47Z,2026-08-17,20260817T224342Z,9c3ba0bc-2863-46c8-bf2e-7fe45e6c4674,,19471,1.0,21:52:11,20260817,69184,786,1280052,19.466880798339844,-99.075439453125,107.0,0.0,0.0,,,,1787006605,2026-08-17 16:43:25-06:00,,
metrobus,metrobus_vehicle_positions,2026-08-17T22:43:47Z,2026-08-17,20260817T224342Z,2abd6bcd-e52b-4a26-8a7d-f1f56909bc60,,,,,,69246,544,1260172,19.423320770263672,-99.09197235107422,0.0,0.0,0.0,,,,1786991224,2026-08-17 12:27:04-06:00,,
metrobus,metrobus_vehicle_positions,2026-08-17T22:43:47Z,2026-08-17,20260817T224342Z,6843cd04-2333-400c-9b0e-0d836262b72c,,19471,1.0,22:03:29,20260817,69185,787,1280053,19.482810974121094,-99.10718536376953,103.0,0.0,0.0,,,,1787006604,2026-08-17 16:43:24-06:00,,
metrobus,metrobus_vehicle_positions,2026-08-17T22:43:47Z,2026-08-17,20260817T224342Z,58db1e07-c6e2-409d-bc51-05f886ee7d19,,,,,,69186,788,1280054,19.506858825683594,-99.1958999633789,0.0,0.0,0.0,,,,1787006614,2026-08-17 16:43:34-06:00,,
metrobus,metrobus_vehicle_positions,2026-08-17T22:43:47Z,2026-08-17,20260817T224342Z,636feafb-9649-4ef9-9f75-a7074e0bbe56,,20439,1.0,22:15:16,20260817,69248,546,1260174,19.436647415161133,-99.1476058959961,555.0,0.0,0.0,,,,1787006603,2026-08-17 16:43:23-06:00,,
metrobus,metrobus_vehicle_positions,2026-08-17T22:43:47Z,2026-08-17,20260817T224342Z,5809d1cc-652f-4105-b8fc-17c6054c4b90,,,,,,69187,789,TienepermisodeSEMOVI,19.50686264038086,-99.19556427001953,0.0,0.0,0.0,,,,1786999284,2026-08-17 14:41:24-06:00,,
metrobus,metrobus_vehicle_positions,2026-08-17T22:43:47Z,2026-08-17,20260817T224342Z,6885bd92-72c0-4c96-80e0-a1019f98e5fb,,19983,1.0,21:32:31,20260817,69304,305,TienepermisodeSEMOVI,19.38895606994629,-99.08304595947266,125.0,16.0,57.6,,,,1787006617,2026-08-17 16:43:37-06:00,,
metrobus,metrobus_vehicle_positions,2026-08-17T22:43:47Z,2026-08-17,20260817T224342Z,b0a0d2ed-6b12-4996-a661-611faa604fd0,,20440,0.0,22:16:38,20260817,69249,547,1260175,19.409976959228516,-99.18335723876953,208.0,14.0,50.4,,,,1787006610,2026-08-17 16:43:30-06:00,,
metrobus,metrobus_vehicle_positions,2026-08-17T22:43:47Z,2026-08-17,20260817T224342Z,bea7eb3e-6bec-44cd-8a30-5fc889365157,,,,,,69250,548,1260176,19.47834587097168,-99.12113189697266,205.0,0.0,0.0,,,,1787006608,2026-08-17 16:43:28-06:00,,
metrobus,metrobus_vehicle_positions,2026-08-17T22:43:47Z,2026-08-17,20260817T224342Z,8140cf28-4d5f-4213-a5a1-f8637935e8b7,,19983,1.0,22:33:23,20260817,69305,306,TienepermisodeSEMOVI,19.363492965698242,-99.18231201171875,175.0,12.0,43.2,,,,1787006620,2026-08-17 16:43:40-06:00,,
metrobus,metrobus_vehicle_positions,2026-08-17T22:43:47Z,2026-08-17,20260817T224342Z,66cd6e3e-ff97-4b1c-bba5-08dc6bae1af6,,19983,1.0,22:42:28,20260817,69306,307,TienepermisodeSEMOVI,19.33530044555664,-99.19022369384766,223.0,20.0,72.0,,,,1787006609,2026-08-17 16:43:29-06:00,,
metrobus,metrobus_vehicle_positions,2026-08-17T22:43:47Z,2026-08-17,20260817T224342Z,26caf0ee-ac20-4438-b961-fc19ff2b1476,,,,,,69251,549,1260177,19.42249870300293,-99.09190368652344,148.0,0.0,0.0,,,,1786755567,2026-08-14 18:59:27-06:00,,
metrobus,metrobus_vehicle_positions,2026-08-17T22:43:47Z,2026-08-17,20260817T224342Z,232cd7e2-9815-4831-b3b4-a8d31ab37b52,,19983,1.0,22:29:24,20260817,69307,308,TienepermisodeSEMOVI,19.36916732788086,-99.18040466308594,171.0,20.0,72.0,,,,1787006607,2026-08-17 16:43:27-06:00,,
metrobus,metrobus_vehicle_positions,2026-08-17T22:43:47Z,2026-08-17,20260817T224342Z,c8ba8815-793a-40ee-8830-7b9e190d988d,,,,,,74819,9701,,19.469547271728516,-99.06486511230469,0.0,0.0,0.0,,,,1786817830,2026-08-15 12:17:10-06:00,,
metrobus,metrobus_vehicle_positions,2026-08-17T22:43:47Z,2026-08-17,20260817T224342Z,09820506-9eba-450a-89c9-ff88dd7ab9c0,,20296,1.0,21:57:12,20260817,69188,790,1280056,19.455421447753906,-99.14507293701172,116.0,3.0,10.8,,,,1787006603,2026-08-17 16:43:23-06:00,,
metrobus,metrobus_vehicle_positions,2026-08-17T22:43:47Z,2026-08-17,20260817T224342Z,a6b66b6d-e7f6-4a68-9fb0-5a22e9ce5e56,,19471,1.0,22:11:31,20260817,69189,791,1280057,19.48893928527832,-99.12870025634766,111.0,0.0,0.0,,,,1787006605,2026-08-17 16:43:25-06:00,,
metrobus,metrobus_vehicle_positions,2026-08-17T22:43:47Z,2026-08-17,20260817T224342Z,aa763b0e-0165-4d0a-b8b9-ff01064d27c1,,19471,1.0,22:17:23,20260817,69190,792,1280058,19.490337371826172,-99.13236236572266,111.0,11.0,39.6,,,,1787006610,2026-08-17 16:43:30-06:00,,
metrobus,metrobus_vehicle_positions,2026-08-17T22:43:47Z,2026-08-17,20260817T224342Z,30b4cce0-1ebd-4323-b204-9428160b27a7,,20440,0.0,22:32:04,20260817,69253,551,1260179,19.433292388916016,-99.15422058105469,245.0,4.0,14.4,,,,1787006617,2026-08-17 16:43:37-06:00,,
metrobus,metrobus_vehicle_positions,2026-08-17T22:43:47Z,2026-08-17,20260817T224342Z,29c43d7b-bc12-4283-ab90-85a0b8e06f99,,19471,1.0,22:41:34,20260817,69192,794,1280060,19.5115909576416,-99.1971206665039,865.0,0.0,0.0,,,,1787006614,2026-08-17 16:43:34-06:00,,
metrobus,metrobus_vehicle_positions,2026-08-17T22:43:47Z,2026-08-17,20260817T224342Z,473a343a-8beb-4a05-a864-5164f7f403c5,,19471,1.0,05:44:37,20260815,69193,795,1280061,19.50739288330078,-99.19731140136719,191.0,0.0,0.0,,,,1786774997,2026-08-15 00:23:17-06:00,,
metrobus,metrobus_vehicle_positions,2026-08-17T22:43:47Z,2026-08-17,20260817T224342Z,2070439a-49a2-4004-9cf9-a201a710aa9e,,,,,,69194,796,1280062,19.46500587463379,-99.05943298339844,0.0,1.0,3.6,,,,1787006607,2026-08-17 16:43:27-06:00,,
metrobus,metrobus_vehicle_positions,2026-08-17T22:43:47Z,2026-08-17,20260817T224342Z,cd2c050d-a909-4763-baa4-b02ec756530b,,20439,1.0,22:21:54,20260817,69256,554,1260182,19.430530548095703,-99.16001892089844,629.0,26.0,93.60000000000001,,,,1787006608,2026-08-17 16:43:28-06:00,,
metrobus,metrobus_vehicle_positions,2026-08-17T22:43:47Z,2026-08-17,20260817T224342Z,4cb8861c-41e4-4a89-a23e-c55c88c3675b,,19471,1.0,21:56:33,20260817,69195,797,1280063,19.47921371459961,-99.09867858886719,113.0,32.0,115.2,,,,1787006610,2026-08-17 16:43:30-06:00,,
metrobus,metrobus_vehicle_positions,2026-08-17T22:43:47Z,2026-08-17,20260817T224342Z,42dd719a-d239-4fa8-94ad-2ab4579dd846,,,,,,69258,556,1260184,19.448787689208984,-99.13519287109375,237.0,0.0,0.0,,,,1787006604,2026-08-17 16:43:24-06:00,,
metrobus,metrobus_vehicle_positions,2026-08-17T22:43:47Z,2026-08-17,20260817T224342Z,45d99416-ff80-4f41-bc6e-a54c713beae4,,19983,1.0,21:56:20,20260817,69312,314,TienepermisodeSEMOVI,19.394287109375,-99.14004516601562,100.0,18.0,64.8,,,,1787006613,2026-08-17 16:43:33-06:00,,
metrobus,metrobus_vehicle_positions,2026-08-17T22:43:47Z,2026-08-17,20260817T224342Z,c92c36da-feab-4e00-b3ad-7feaafefdc96,,20296,1.0,21:59:48,20260817,69196,798,1280064,19.45499610900879,-99.1451644897461,136.0,0.0,0.0,,,,1787006609,2026-08-17 16:43:29-06:00,,
metrobus,metrobus_vehicle_positions,2026-08-17T22:43:47Z,2026-08-17,20260817T224342Z,0fbc669c-9cb5-47e7-a6f9-c93531dc6615,,19472,1.0,22:33:05,20260817,69197,799,1320054,19.4831485748291,-99.11405944824219,169.0,0.0,0.0,,,,1787006603,2026-08-17 16:43:23-06:00,,
metrobus,metrobus_vehicle_positions,2026-08-17T22:43:47Z,2026-08-17,20260817T224342Z,74f8a783-4eed-464d-b1ce-58abad94865e,,,,,,69259,557,1260185,19.447444915771484,-99.13577270507812,224.0,0.0,0.0,,,,1787006611,2026-08-17 16:43:31-06:00,,
metrobus,metrobus_vehicle_positions,2026-08-17T22:43:47Z,2026-08-17,20260817T224342Z,e7a5eafb-2826-46a1-8e01-c606f2568d50,,19518,1.0,22:39:59,20260817,69260,558,1260186,19.424997329711914,-99.11488342285156,285.0,0.0,0.0,,,,1787006609,2026-08-17 16:43:29-06:00,,
metrobus,metrobus_vehicle_positions,2026-08-17T22:43:47Z,2026-08-17,20260817T224342Z,1c1e256e-1082-4302-843f-41986f41cf87,,19520,1.0,22:41:28,20260817,69261,559,1260187,19.43601417541504,-99.14065551757812,118.0,0.0,0.0,,,,1787006608,2026-08-17 16:43:28-06:00,,
metrobus,metrobus_vehicle_positions,2026-08-17T22:43:47Z,2026-08-17,20260817T224342Z,a291d71a-e9d9-4458-b065-e0f8b173ada3,,,,,,69262,560,1260188,19.416820526123047,-99.07286071777344,101.0,0.0,0.0,,,,1787006617,2026-08-17 16:43:37-06:00,,
metrobus,metrobus_vehicle_positions,2026-08-17T22:43:47Z,2026-08-17,20260817T224342Z,98a46b4c-5469-4b7e-a3ab-58316a24b777,,19515,0.0,21:46:55,20260817,69263,561,1260189,19.42560386657715,-99.12857818603516,999.0,9.0,32.4,,,,1787006605,2026-08-17 16:43:25-06:00,,
metrobus,metrobus_vehicle_positions,2026-08-17T22:43:47Z,2026-08-17,20260817T224342Z,ca711b8f-3111-4d5b-acc6-2cbd2c3ccd52,,20439,1.0,22:40:28,20260817,69264,562,1260190,19.407333374023438,-99.18451690673828,272.0,0.0,0.0,,,,1787006609,2026-08-17 16:43:29-06:00,,
metrobus,metrobus_vehicle_positions,2026-08-17T22:43:47Z,2026-08-17,20260817T224342Z,f50dc0e5-3f43-4a59-bf23-838d8ceb756b,,,,,,69316,320,TienepermisodeSEMOVI,19.38909912109375,-99.057861328125,0.0,0.0,0.0,,,,1786979568,2026-08-17 09:12:48-06:00,,
metrobus,metrobus_vehicle_positions,2026-08-17T22:43:47Z,2026-08-17,20260817T224342Z,498b102a-34fd-4cad-a1f9-362751458d62,,19583,1.0,22:20:01,20260817,69265,563,1260191,19.458471298217773,-99.12869262695312,198.0,33.0,118.8,,,,1787006618,2026-08-17 16:43:38-06:00,,
metrobus,metrobus_vehicle_positions,2026-08-17T22:43:47Z,2026-08-17,20260817T224342Z,c9a271d3-541c-40a9-a63b-17a96736cde9,,19516,1.0,22:18:54,20260817,69266,564,1260192,19.43787384033203,-99.13495635986328,279.0,0.0,0.0,,,,1787006611,2026-08-17 16:43:31-06:00,,
metrobus,metrobus_vehicle_positions,2026-08-17T22:43:47Z,2026-08-17,20260817T224342Z,a9de835f-5991-4771-bc5d-53be2737f214,,19517,0.0,22:08:40,20260817,69267,565,1260193,19.436420440673828,-99.12425231933594,992.0,0.0,0.0,,,,1787006614,2026-08-17 16:43:34-06:00,,
metrobus,metrobus_vehicle_positions,2026-08-17T22:43:47Z,2026-08-17,20260817T224342Z,8d71a12a-8b04-4f23-a240-314f50fbf72b,,20439,1.0,22:38:11,20260817,69268,566,1260194,19.40745735168457,-99.1844253540039,254.0,0.0,0.0,,,,1787006608,2026-08-17 16:43:28-06:00,,
metrobus,metrobus_vehicle_positions,2026-08-17T22:43:47Z,2026-08-17,20260817T224342Z,e1182d29-dcd5-4b2f-9c3e-1aa6d42379f8,,19520,1.0,22:34:36,20260817,69269,567,1260195,19.437946319580078,-99.13581085205078,987.0,0.0,0.0,,,,1787006603,2026-08-17 16:43:23-06:00,,
metrobus,metrobus_vehicle_positions,2026-08-17T22:43:47Z,2026-08-17,20260817T224342Z,6b06a0f2-0469-4fc1-84e2-854b1637ec7d,,19516,1.0,22:41:28,20260817,69270,568,1260196,19.435199737548828,-99.11465454101562,750.0,0.0,0.0,,,,1787006608,2026-08-17 16:43:28-06:00,,
metrobus,metrobus_vehicle_positions,2026-08-17T22:43:47Z,2026-08-17,20260817T224342Z,93a6d85e-c1bc-441f-992c-98f30a769c0f,,19523,1.0,22:10:52,20260817,69271,569,1260197,19.435470581054688,-99.11539459228516,973.0,0.0,0.0,,,,1787006611,2026-08-17 16:43:31-06:00,,
metrobus,metrobus_vehicle_positions,2026-08-17T22:43:47Z,2026-08-17,20260817T224342Z,6be23b01-9d54-49ff-816c-9423fbe887c3,,19470,0.0,22:19:39,20260817,74821,9704,,19.480419158935547,-99.10099029541016,293.0,37.0,133.20000000000002,,,,1787006614,2026-08-17 16:43:34-06:00,,
metrobus,metrobus_vehicle_positions,2026-08-17T22:43:47Z,2026-08-17,20260817T224342Z,df90ac06-4930-4f39-aff8-05f84e89a71f,,19472,1.0,22:30:04,20260817,74820,9702,,19.483854293823242,-99.11227416992188,101.0,18.0,64.8,,,,1787006618,2026-08-17 16:43:38-06:00,,
metrobus,metrobus_vehicle_positions,2026-08-17T22:43:47Z,2026-08-17,20260817T224342Z,0d102325-9565-4b4b-b8dc-2bc02470787e,,19470,0.0,22:36:08,20260817,74830,9703,,19.480186462402344,-99.07555389404297,317.0,20.0,72.0,,,,1787006619,2026-08-17 16:43:39-06:00,,
metrobus,metrobus_vehicle_positions,2026-08-17T22:43:47Z,2026-08-17,20260817T224342Z,57584f3c-15a6-4ec2-ba4b-0cec471c2364,,19520,1.0,22:42:43,20260817,69274,572,002A981,19.437063217163086,-99.14481353759766,103.0,27.0,97.2,,,,1787006608,2026-08-17 16:43:28-06:00,,
metrobus,metrobus_vehicle_positions,2026-08-17T22:43:47Z,2026-08-17,20260817T224342Z,fa87c483-594d-47eb-8410-41e58572ded3,,19523,1.0,21:51:08,20260817,69275,573,002A982,19.42081069946289,-99.06290435791016,894.0,49.0,176.4,,,,1787006611,2026-08-17 16:43:31-06:00,,
metrobus,metrobus_vehicle_positions,2026-08-17T22:43:47Z,2026-08-17,20260817T224342Z,8b0b9049-f253-4305-8fe2-6fb3c72ebdc7,,19523,1.0,22:08:44,20260817,69277,575,002A983,19.437686920166016,-99.11419677734375,830.0,5.0,18.0,,,,1787006618,2026-08-17 16:43:38-06:00,,
metrobus,metrobus_vehicle_positions,2026-08-17T22:43:47Z,2026-08-17,20260817T224342Z,b5a15fd9-c87c-45fc-bfdc-4dc5c9de2250,,,,,,69278,576,002A984,19.430747985839844,-99.05307006835938,285.0,0.0,0.0,,,,1787005654,2026-08-17 16:27:34-06:00,,
metrobus,metrobus_vehicle_positions,2026-08-17T22:43:47Z,2026-08-17,20260817T224342Z,d93f2c1c-2064-4c14-ac35-78589a957a70,,,,,,69279,577,002A985,19.4306640625,-99.052734375,283.0,0.0,0.0,,,,1787006611,2026-08-17 16:43:31-06:00,,
metrobus,metrobus_vehicle_positions,2026-08-17T22:43:47Z,2026-08-17,20260817T224342Z,1a831110-f7b0-482a-907c-7a7151512aa7,,,,,,69280,578,002A986,19.423025131225586,-99.09217071533203,314.0,0.0,0.0,,,,1787003585,2026-08-17 15:53:05-06:00,,
metrobus,metrobus_vehicle_positions,2026-08-17T22:43:47Z,2026-08-17,20260817T224342Z,e158fe30-bfe7-42c8-9628-be0709d28d22,,19564,0.0,21:52:06,20260817,70089,338,1250003,19.395662307739258,-99.15225219726562,269.0,0.0,0.0,,,,1787006617,2026-08-17 16:43:37-06:00,,
metrobus,metrobus_vehicle_positions,2026-08-17T22:43:47Z,2026-08-17,20260817T224342Z,63a70b19-ea46-4b2d-9c0b-fe5f84f5df8b,,19566,0.0,21:31:00,20260817,70090,339,1250004,19.388742446899414,-99.17402648925781,197.0,32.0,115.2,,,,1787006613,2026-08-17 16:43:33-06:00,,
metrobus,metrobus_vehicle_positions,2026-08-17T22:43:47Z,2026-08-17,20260817T224342Z,80f0e207-151a-4dae-b908-1c3f232654b2,,,,,,69282,580,TienepermisodeSEMOVI,19.43753433227539,-99.14788818359375,102.0,0.0,0.0,,,,1787006618,2026-08-17 16:43:38-06:00,,
metrobus,metrobus_vehicle_positions,2026-08-17T22:43:47Z,2026-08-17,20260817T224342Z,4b22363b-5abf-40bc-81cd-c9b4c0c70679,,19520,1.0,22:13:01,20260817,69283,581,002A989,19.435791015625,-99.11882019042969,971.0,0.0,0.0,,,,1787006618,2026-08-17 16:43:38-06:00,,
metrobus,metrobus_vehicle_positions,2026-08-17T22:43:47Z,2026-08-17,20260817T224342Z,e73695ca-c9b1-4c2f-9c97-463f37ada685,,19983,1.0,22:07:33,20260817,70091,340,1250005,19.400772094726562,-99.16802215576172,166.0,0.0,0.0,,,,1787006615,2026-08-17 16:43:35-06:00,,
metrobus,metrobus_vehicle_positions,2026-08-17T22:43:47Z,2026-08-17,20260817T224342Z,8ba75fe0-253c-483b-9292-b368b6a5b5f6,,19522,0.0,22:18:31,20260817,69284,582,002A990,19.420106887817383,-99.08763122558594,352.0,11.0,39.6,,,,1787006617,2026-08-17 16:43:37-06:00,,
metrobus,metrobus_vehicle_positions,2026-08-17T22:43:47Z,2026-08-17,20260817T224342Z,f7495e78-a0b1-4d06-8019-90e6d9f5a36c,,19523,1.0,22:30:24,20260817,69285,583,002A991,19.437156677246094,-99.12959289550781,976.0,17.0,61.2,,,,1787006622,2026-08-17 16:43:42-06:00,,
metrobus,metrobus_vehicle_positions,2026-08-17T22:43:47Z,2026-08-17,20260817T224342Z,e0fc1ea1-eede-45be-a82b-cf0cac4e52f5,,,,,,70093,342,TienepermisodeSEMOVI,19.386737823486328,-99.0599136352539,188.0,5.0,18.0,,,,1787001031,2026-08-17 15:10:31-06:00,,
metrobus,metrobus_vehicle_positions,2026-08-17T22:43:47Z,2026-08-17,20260817T224342Z,917cbba6-8a27-49c3-97cd-d1c6600f18b4,,,,,,69286,584,002A992,19.43065071105957,-99.14360809326172,981.0,8.0,28.8,,,,1787006610,2026-08-17 16:43:30-06:00,,
metrobus,metrobus_vehicle_positions,2026-08-17T22:43:47Z,2026-08-17,20260817T224342Z,40694fe0-087e-418c-998a-0568a3e6dc48,,19522,0.0,22:26:28,20260817,69287,585,002A993,19.418500900268555,-99.07978057861328,306.0,47.0,169.20000000000002,,,,1787006612,2026-08-17 16:43:32-06:00,,
metrobus,metrobus_vehicle_positions,2026-08-17T22:43:47Z,2026-08-17,20260817T224342Z,c06935d0-bff2-45b5-8047-5947a7f8ece6,,19984,0.0,21:39:53,20260817,70095,344,TienepermisodeSEMOVI,19.386024475097656,-99.17506408691406,198.0,25.0,90.0,,,,1787006617,2026-08-17 16:43:37-06:00,,
metrobus,metrobus_vehicle_positions,2026-08-17T22:43:47Z,2026-08-17,20260817T224342Z,cfb06fc8-f0c3-4b9b-abaf-84e9247dde1e,,19523,1.0,22:36:35,20260817,69288,586,002A994,19.437965393066406,-99.13597869873047,100.0,0.0,0.0,,,,1787006617,2026-08-17 16:43:37-06:00,,
metrobus,metrobus_vehicle_positions,2026-08-17T22:43:47Z,2026-08-17,20260817T224342Z,37a4e39b-8b10-4ff1-91dc-b37f8af5652d,,19983,1.0,21:38:30,20260817,70096,345,TienepermisodeSEMOVI,19.394123077392578,-99.0906982421875,102.0,0.0,0.0,,,,1787006561,2026-08-17 16:42:41-06:00,,
metrobus,metrobus_vehicle_positions,2026-08-17T22:43:47Z,2026-08-17,20260817T224342Z,c82617e6-fda0-41e7-9aed-ea2be0a23c17,,,,,,69289,587,002A995,19.41718864440918,-99.0726089477539,211.0,0.0,0.0,,,,1787006605,2026-08-17 16:43:25-06:00,,
metrobus,metrobus_vehicle_positions,2026-08-17T22:43:47Z,2026-08-17,20260817T224342Z,340525f6-5c56-4e4d-ad2b-254c6d962fac,,19520,1.0,22:36:52,20260817,69290,588,002A996,19.438228607177734,-99.13784790039062,996.0,6.0,21.6,,,,1787006619,2026-08-17 16:43:39-06:00,,
metrobus,metrobus_vehicle_positions,2026-08-17T22:43:47Z,2026-08-17,20260817T224342Z,ef1be8e1-d6a8-48bf-9dca-42426b921397,,19523,1.0,22:02:50,20260817,69291,589,002A997,19.417085647583008,-99.07447052001953,991.0,0.0,0.0,,,,1787006610,2026-08-17 16:43:30-06:00,,
metrobus,metrobus_vehicle_positions,2026-08-17T22:43:47Z,2026-08-17,20260817T224342Z,c1ea384e-51d3-4593-94e3-46c587d0e99d,,,,,,70100,349,TienepermisodeSEMOVI,19.340625762939453,-99.1900405883789,201.0,0.0,0.0,,,,1787006615,2026-08-17 16:43:35-06:00,,
metrobus,metrobus_vehicle_positions,2026-08-17T22:43:47Z,2026-08-17,20260817T224342Z,87fa0dd3-2167-4239-8c33-0daa59a5fd39,,19522,0.0,22:32:26,20260817,69294,592,002A998,19.41733169555664,-99.07223510742188,259.0,0.0,0.0,,,,1787006609,2026-08-17 16:43:29-06:00,,
metrobus,metrobus_vehicle_positions,2026-08-17T22:43:47Z,2026-08-17,20260817T224342Z,f7569d0f-f9aa-4f49-bac2-f68197270e6d,,19567,1.0,21:46:53,20260817,70101,350,1250015,19.38681411743164,-99.06013488769531,890.0,30.0,108.0,,,,1787006618,2026-08-17 16:43:38-06:00,,
metrobus,metrobus_vehicle_positions,2026-08-17T22:43:47Z,2026-08-17,20260817T224342Z,205043a0-3787-4f3f-801d-f1b14e62773f,,19520,1.0,22:08:37,20260817,69298,597,002A999,19.433504104614258,-99.10582733154297,109.0,7.0,25.2,,,,1787006611,2026-08-17 16:43:31-06:00,,
metrobus,metrobus_vehicle_positions,2026-08-17T22:43:47Z,2026-08-17,20260817T224342Z,eeb93dd1-22d2-426c-9cec-1650a465c68d,,19522,0.0,22:22:06,20260817,69299,598,003A001,19.423463821411133,-99.08659362792969,301.0,53.0,190.8,,,,1787006607,2026-08-17 16:43:27-06:00,,
metrobus,metrobus_vehicle_positions,2026-08-17T22:43:47Z,2026-08-17,20260817T224342Z,2b00b6ff-36de-4141-91c2-c3aba7f562b1,,,,,,75093,9756,,19.506792068481445,-99.19583129882812,0.0,0.0,0.0,,,,1786521390,2026-08-12 01:56:30-06:00,,
metrobus,metrobus_vehicle_positions,2026-08-17T22:43:47Z,2026-08-17,20260817T224342Z,307fab9c-4a6d-4c1d-a184-2b2238c4af53,,,,,,69439,120,1230033,19.49753189086914,-99.1195297241211,573.0,0.0,0.0,,,,1787006617,2026-08-17 16:43:37-06:00,,
metrobus,metrobus_vehicle_positions,2026-08-17T22:43:47Z,2026-08-17,20260817T224342Z,660d7069-0a41-4cb5-83a1-e7e87a57969c,,,,,,69440,121,1230034,19.499767303466797,-99.11942291259766,0.0,0.0,0.0,,,,1786996134,2026-08-17 13:48:54-06:00,,
metrobus,metrobus_vehicle_positions,2026-08-17T22:43:47Z,2026-08-17,20260817T224342Z,18484ba8-6dba-4812-a455-da50ffffe93e,,,,,,69687,364,ConPermisovencido,19.38850212097168,-99.05963134765625,0.0,0.0,0.0,,,,1785951541,2026-08-05 11:39:01-06:00,,
metrobus,metrobus_vehicle_positions,2026-08-17T22:43:47Z,2026-08-17,20260817T224342Z,970c405f-c2ca-4c8f-88af-54a7252f1d59,,19493,1.0,22:21:10,20260817,69442,123,1230036,19.481096267700195,-99.1286849975586,377.0,36.0,129.6,,,,1787006611,2026-08-17 16:43:31-06:00,,
metrobus,metrobus_vehicle_positions,2026-08-17T22:43:47Z,2026-08-17,20260817T224342Z,cb898edf-4ac3-415f-bdd7-e301cd5bc14b,,,,,,69688,366,1250117,19.38920021057129,-99.0593490600586,630.0,0.0,0.0,,,,1787006610,2026-08-17 16:43:30-06:00,,
metrobus,metrobus_vehicle_positions,2026-08-17T22:43:47Z,2026-08-17,20260817T224342Z,22724f72-4750-4a10-9bcd-b9afb6f3c264,,19983,1.0,22:37:34,20260817,70324,367,,19.33654022216797,-99.19004821777344,854.0,0.0,0.0,,,,1787006616,2026-08-17 16:43:36-06:00,,
metrobus,metrobus_vehicle_positions,2026-08-17T22:43:47Z,2026-08-17,20260817T224342Z,a5ecbe60-f63a-4f5e-9c0a-e649b5772d15,,19515,0.0,22:26:21,20260817,74672,9521,,19.43154525756836,-99.15110778808594,100.0,12.0,43.2,,,,1787006620,2026-08-17 16:43:40-06:00,,
metrobus,metrobus_vehicle_positions,2026-08-17T22:43:47Z,2026-08-17,20260817T224342Z,aa303070-c1d1-4277-b642-3b4fee9ac335,,,,,,74993,9525,,19.388662338256836,-99.05926513671875,153.0,0.0,0.0,,,,1787005733,2026-08-17 16:28:53-06:00,,
metrobus,metrobus_vehicle_positions,2026-08-17T22:43:47Z,2026-08-17,20260817T224342Z,d7053c75-93b9-4253-89ac-e4f2a6dd416e,,,,,,74671,9522,,19.431346893310547,-99.14827728271484,986.0,0.0,0.0,,,,1787006609,2026-08-17 16:43:29-06:00,,
metrobus,metrobus_vehicle_positions,2026-08-17T22:43:47Z,2026-08-17,20260817T224342Z,ec1f6376-c7c2-4085-8120-5dc0459ec1ad,,,,,,74805,9523,,19.47783088684082,-99.06343841552734,0.0,0.0,0.0,,,,1786991743,2026-08-17 12:35:43-06:00,,
metrobus,metrobus_vehicle_positions,2026-08-17T22:43:47Z,2026-08-17,20260817T224342Z,2edb6a93-7b54-4ce8-ba90-e635d00fd8b3,,,,,,69690,372,1250123,19.384681701660156,-99.07664489746094,124.0,45.0,162.0,,,,1787006618,2026-08-17 16:43:38-06:00,,
metrobus,metrobus_vehicle_positions,2026-08-17T22:43:47Z,2026-08-17,20260817T224342Z,201d9192-1127-4926-a543-6a106e99e9e8,,,,,,69691,373,1250124,19.388378143310547,-99.05928802490234,0.0,0.0,0.0,,,,1786581376,2026-08-12 18:36:16-06:00,,
metrobus,metrobus_vehicle_positions,2026-08-17T22:43:47Z,2026-08-17,20260817T224342Z,145eaa74-33da-45d5-9397-856b1ccd432a,,19493,1.0,22:43:13,20260817,73164,139,12300139,19.42397117614746,-99.1623306274414,345.0,27.0,97.2,,,,1787006608,2026-08-17 16:43:28-06:00,,
metrobus,metrobus_vehicle_positions,2026-08-17T22:43:47Z,2026-08-17,20260817T224342Z,647696a4-bd9a-41f8-a275-d88f8e3766a1,,,,,,75094,9759,,19.506954193115234,-99.19588470458984,0.0,0.0,0.0,,,,1786522091,2026-08-12 02:08:11-06:00,,
metrobus,metrobus_vehicle_positions,2026-08-17T22:43:47Z,2026-08-17,20260817T224342Z,e4761cf9-afec-4ba0-9750-f1099055f3c8,,,,,,72536,9515,,19.38625717163086,-99.0599365234375,177.0,0.0,0.0,,,,1787006162,2026-08-17 16:36:02-06:00,,
metrobus,metrobus_vehicle_positions,2026-08-17T22:43:47Z,2026-08-17,20260817T224342Z,302391f5-d9bd-4d18-b579-8971f5b3305a,,,,,,75125,9757,,19.50691795349121,-99.19561004638672,0.0,0.0,0.0,,,,1786521933,2026-08-12 02:05:33-06:00,,
metrobus,metrobus_vehicle_positions,2026-08-17T22:43:47Z,2026-08-17,20260817T224342Z,7416ba24-797b-4e5c-a32b-63af43035a82,,,,,,75096,9758,,19.50697135925293,-99.19573974609375,0.0,0.0,0.0,,,,1786521986,2026-08-12 02:06:26-06:00,,
metrobus,metrobus_vehicle_positions,2026-08-17T22:43:47Z,2026-08-17,20260817T224342Z,a255ece8-4ec0-4415-8f31-31814807f03c,,,,,,74699,9519,,19.428300857543945,-99.16087341308594,233.0,0.0,0.0,,,,1787006608,2026-08-17 16:43:28-06:00,,
metrobus,metrobus_vehicle_positions,2026-08-17T22:43:47Z,2026-08-17,20260817T224342Z,b3835a56-7e51-4e8f-88e0-e0ef1cd0f8e8,,19492,0.0,21:40:18,20260817,69451,143,1230056,19.35651397705078,-99.18460845947266,197.0,18.0,64.8,,,,1787006614,2026-08-17 16:43:34-06:00,,
metrobus,metrobus_vehicle_positions,2026-08-17T22:43:47Z,2026-08-17,20260817T224342Z,52cca59b-a1cb-4a0f-a2c4-eb123a1e1309,,,,,,69452,144,1230057,19.499509811401367,-99.11903381347656,185.0,0.0,0.0,,,,1787006613,2026-08-17 16:43:33-06:00,,
metrobus,metrobus_vehicle_positions,2026-08-17T22:43:47Z,2026-08-17,20260817T224342Z,ffc1c345-9a6f-4197-8e77-1e2bf21e2355,,,,,,69454,146,1230005,19.499431610107422,-99.11908721923828,192.0,0.0,0.0,,,,1786976596,2026-08-17 08:23:16-06:00,,
metrobus,metrobus_vehicle_positions,2026-08-17T22:43:47Z,2026-08-17,20260817T224342Z,c4ce6a42-7c6c-475d-b87d-ecfaecb8e911,,,,,,75062,9529,,19.697580337524414,-99.09303283691406,534.0,47.0,169.20000000000002,,,,1787006576,2026-08-17 16:42:56-06:00,,
metrobus,metrobus_vehicle_positions,2026-08-17T22:43:47Z,2026-08-17,20260817T224342Z,2339cf36-37c8-4ed3-b2e5-92b53ccd2a70,,19518,1.0,21:53:47,20260817,75057,9527,,19.430606842041016,-99.14324951171875,278.0,12.0,43.2,,,,1787006607,2026-08-17 16:43:27-06:00,,
metrobus,metrobus_vehicle_positions,2026-08-17T22:43:47Z,2026-08-17,20260817T224342Z,2c05ddfd-6995-4895-be74-5cd0ce8b5677,,27054,0.0,21:52:25,20260817,74680,9542,,19.423137664794922,-99.12541961669922,975.0,26.0,93.60000000000001,,,,1787006616,2026-08-17 16:43:36-06:00,,
metrobus,metrobus_vehicle_positions,2026-08-17T22:43:47Z,2026-08-17,20260817T224342Z,0b704bd3-bd4f-4299-80a4-a6207c14faa8,,,,,,74681,9543,,19.402782440185547,-99.06148529052734,0.0,0.0,0.0,,,,1787006001,2026-08-17 16:33:21-06:00,,
metrobus,metrobus_vehicle_positions,2026-08-17T22:43:47Z,2026-08-17,20260817T224342Z,f8237aed-b4a7-4f4d-b1a5-027e30002f91,,27372,1.0,22:40:21,20260817,74679,9541,,19.438283920288086,-99.07916259765625,238.0,45.0,162.0,,,,1787006617,2026-08-17 16:43:37-06:00,,
metrobus,metrobus_vehicle_positions,2026-08-17T22:43:47Z,2026-08-17,20260817T224342Z,2e7a4272-3cc4-4602-8c8d-029c1e01732c,,19567,1.0,22:27:23,20260817,74915,9304,,19.396873474121094,-99.16375732421875,101.0,0.0,0.0,,,,1787006608,2026-08-17 16:43:28-06:00,,
metrobus,metrobus_vehicle_positions,2026-08-17T22:43:47Z,2026-08-17,20260817T224342Z,902cdaba-5c69-4e93-8239-f1bb02633e3d,,19566,0.0,21:55:40,20260817,74546,9305,,19.39459991455078,-99.1413345336914,278.0,41.0,147.6,,,,1787006613,2026-08-17 16:43:33-06:00,,
metrobus,metrobus_vehicle_positions,2026-08-17T22:43:47Z,2026-08-17,20260817T224342Z,2c323bee-bc05-44bb-ac7d-24cf4f53f1fd,,19566,0.0,22:25:07,20260817,74518,9303,,19.38443946838379,-99.07572174072266,193.0,0.0,0.0,,,,1787006610,2026-08-17 16:43:30-06:00,,
metrobus,metrobus_vehicle_positions,2026-08-17T22:43:47Z,2026-08-17,20260817T224342Z,3ab218a0-1268-45ca-9518-13f579283c70,,,,,,69598,392,1250146,19.38901138305664,-99.0595932006836,0.0,0.0,0.0,,,,1780357248,2026-06-01 17:40:48-06:00,,
metrobus,metrobus_vehicle_positions,2026-08-17T22:43:47Z,2026-08-17,20260817T224342Z,448d5bcc-f06e-467c-bdea-82a5da6afd12,,19470,0.0,21:53:01,20260817,74141,9781,,19.49618911743164,-99.15878295898438,286.0,7.0,25.2,,,,1787006609,2026-08-17 16:43:29-06:00,,
metrobus,metrobus_vehicle_positions,2026-08-17T22:43:47Z,2026-08-17,20260817T224342Z,7b3c3071-2ead-472b-a744-a7b771b01527,,19983,1.0,22:41:49,20260817,69599,394,1250147,19.336584091186523,-99.1902084350586,850.0,0.0,0.0,,,,1787006614,2026-08-17 16:43:34-06:00,,
metrobus,metrobus_vehicle_positions,2026-08-17T22:43:47Z,2026-08-17,20260817T224342Z,62df1986-5176-44aa-a7a6-3498ffc1ac5d,,,,,,70122,152,1230165,19.500165939331055,-99.11968994140625,0.0,0.0,0.0,,,,1786995257,2026-08-17 13:34:17-06:00,,
metrobus,metrobus_vehicle_positions,2026-08-17T22:43:47Z,2026-08-17,20260817T224342Z,97df5317-70e5-4a3d-9f3c-796cc1f81a63,,,,,,70123,153,1230166,19.5004825592041,-99.119384765625,0.0,0.0,0.0,,,,1785339679,2026-07-29 09:41:19-06:00,,
metrobus,metrobus_vehicle_positions,2026-08-17T22:43:47Z,2026-08-17,20260817T224342Z,d5755bd7-9717-4b98-a20a-4e64444ee879,,19983,1.0,21:41:39,20260817,69601,398,TienepermisodeSEMOVI,19.396753311157227,-99.09760284423828,972.0,46.0,165.6,,,,1787006604,2026-08-17 16:43:24-06:00,,
metrobus,metrobus_vehicle_positions,2026-08-17T22:43:47Z,2026-08-17,20260817T224342Z,80392d22-ff68-4b78-a729-ffc4e4be23e2,,,,,,70126,156,1230169,19.50007438659668,-99.11914825439453,0.0,0.0,0.0,,,,1786984937,2026-08-17 10:42:17-06:00,,
metrobus,metrobus_vehicle_positions,2026-08-17T22:43:47Z,2026-08-17,20260817T224342Z,1be89c5f-ff5a-4030-b9f6-4c0ffb8ead61,,,,,,69602,399,1250150,19.390827178955078,-99.05951690673828,890.0,39.0,140.4,,,,1787006611,2026-08-17 16:43:31-06:00,,
metrobus,metrobus_vehicle_positions,2026-08-17T22:43:47Z,2026-08-17,20260817T224342Z,8ee8436e-5bc0-48ce-9499-138f4aee3cb2,,19566,0.0,21:21:46,20260817,74547,9306,,19.398086547851562,-99.17140197753906,124.0,58.0,208.8,,,,1787006610,2026-08-17 16:43:30-06:00,,
metrobus,metrobus_vehicle_positions,2026-08-17T22:43:47Z,2026-08-17,20260817T224342Z,7b320eb7-67c5-467d-b4b2-d2523473eab8,,19567,1.0,22:27:13,20260817,74465,9379,,19.396169662475586,-99.15967559814453,937.0,34.0,122.4,,,,1787006608,2026-08-17 16:43:28-06:00,,
metrobus,metrobus_vehicle_positions,2026-08-17T22:43:47Z,2026-08-17,20260817T224342Z,df373f88-6b44-4263-be5b-0ef76e9386bd,,19567,1.0,22:16:59,20260817,74191,9382,,19.39816665649414,-99.12088775634766,889.0,39.0,140.4,,,,1787006616,2026-08-17 16:43:36-06:00,,
metrobus,metrobus_vehicle_positions,2026-08-17T22:43:47Z,2026-08-17,20260817T224342Z,73e93024-8110-48b2-82f2-d32a958f8edc,,,,,,69580,2504,TienepermisodeSEMOVI,19.430803298950195,-99.05349731445312,284.0,0.0,0.0,,,,1786984133,2026-08-17 10:28:53-06:00,,
metrobus,metrobus_vehicle_positions,2026-08-17T22:43:47Z,2026-08-17,20260817T224342Z,23e2ada3-d68f-4d7c-86d6-4a0c740f0566,,19522,0.0,22:30:07,20260817,69579,2503,TienepermisodeSEMOVI,19.417102813720703,-99.07388305664062,280.0,0.0,0.0,,,,1787006606,2026-08-17 16:43:26-06:00,,
metrobus,metrobus_vehicle_positions,2026-08-17T22:43:47Z,2026-08-17,20260817T224342Z,b00afd58-1ace-42c0-b296-026bfafc64f5,,19523,1.0,21:52:44,20260817,69578,2502,TienepermisodeSEMOVI,19.421419143676758,-99.05608367919922,461.0,21.0,75.60000000000001,,,,1787006608,2026-08-17 16:43:28-06:00,,
metrobus,metrobus_vehicle_positions,2026-08-17T22:43:47Z,2026-08-17,20260817T224342Z,0882cf3d-2fdb-42e0-b626-a9372d197cfa,,19523,1.0,21:58:42,20260817,69577,2501,TienepermisodeSEMOVI,19.41599464416504,-99.072509765625,926.0,3.0,10.8,,,,1787006619,2026-08-17 16:43:39-06:00,,
metrobus,metrobus_vehicle_positions,2026-08-17T22:43:47Z,2026-08-17,20260817T224342Z,f270db66-3244-47bf-8f91-453e0fc321c3,,,,,,69585,2509,TienepermisodeSEMOVI,19.43764877319336,-99.14815521240234,101.0,0.0,0.0,,,,1787006613,2026-08-17 16:43:33-06:00,,
metrobus,metrobus_vehicle_positions,2026-08-17T22:43:47Z,2026-08-17,20260817T224342Z,3c2dbbb6-25db-4a57-92dd-42b5946f86f2,,,,,,69584,2508,TienepermisodeSEMOVI,19.42300796508789,-99.09154510498047,187.0,0.0,0.0,,,,1786965851,2026-08-17 05:24:11-06:00,,
metrobus,metrobus_vehicle_positions,2026-08-17T22:43:47Z,2026-08-17,20260817T224342Z,80633527-053e-45e7-9ac3-42468ed9a335,,19519,0.0,22:03:19,20260817,69583,2507,TienepermisodeSEMOVI,19.43791961669922,-99.13520050048828,277.0,0.0,0.0,,,,1787006606,2026-08-17 16:43:26-06:00,,
metrobus,metrobus_vehicle_positions,2026-08-17T22:43:47Z,2026-08-17,20260817T224342Z,7fb90e69-d804-465e-b8b1-e9a47614dc24,,19523,1.0,22:38:39,20260817,69582,2506,TienepermisodeSEMOVI,19.438648223876953,-99.13903045654297,104.0,0.0,0.0,,,,1787006613,2026-08-17 16:43:33-06:00,,
metrobus,metrobus_vehicle_positions,2026-08-17T22:43:47Z,2026-08-17,20260817T224342Z,02e6d9b7-0634-40fb-bbcf-8ae057440106,,19519,0.0,22:38:48,20260817,69581,2505,TienepermisodeSEMOVI,19.425188064575195,-99.08951568603516,302.0,49.0,176.4,,,,1787006619,2026-08-17 16:43:39-06:00,,
metrobus,metrobus_vehicle_positions,2026-08-17T22:43:47Z,2026-08-17,20260817T224342Z,3205a914-fb76-4ae8-9e3b-67df5ccf536b,,19520,1.0,22:29:58,20260817,69591,2515,TienepermisodeSEMOVI,19.436450958251953,-99.1246337890625,994.0,0.0,0.0,,,,1787006611,2026-08-17 16:43:31-06:00,,
metrobus,metrobus_vehicle_positions,2026-08-17T22:43:47Z,2026-08-17,20260817T224342Z,6de97243-14bb-4246-a7ba-97288652a3f8,,,,,,69590,2514,TienepermisodeSEMOVI,0.0,0.0,0.0,0.0,0.0,,,,1787006535,2026-08-17 16:42:15-06:00,,
metrobus,metrobus_vehicle_positions,2026-08-17T22:43:47Z,2026-08-17,20260817T224342Z,d4a01f3b-76b6-46f2-ab82-4066ed710e42,,,,,,69589,2513,TienepermisodeSEMOVI,19.416988372802734,-99.07361602783203,989.0,0.0,0.0,,,,1787006611,2026-08-17 16:43:31-06:00,,
metrobus,metrobus_vehicle_positions,2026-08-17T22:43:47Z,2026-08-17,20260817T224342Z,c019d290-5b05-40e4-87fc-65cf64fba1d5,,19519,0.0,22:18:01,20260817,69588,2512,TienepermisodeSEMOVI,19.436792373657227,-99.12688446044922,277.0,16.0,57.6,,,,1787006609,2026-08-17 16:43:29-06:00,,
metrobus,metrobus_vehicle_positions,2026-08-17T22:43:47Z,2026-08-17,20260817T224342Z,c04f0d55-b16a-4b2b-b595-a72d46151e7c,,19523,1.0,22:17:52,20260817,69587,2511,TienepermisodeSEMOVI,19.436485290527344,-99.12448120117188,971.0,0.0,0.0,,,,1787006609,2026-08-17 16:43:29-06:00,,
metrobus,metrobus_vehicle_positions,2026-08-17T22:43:47Z,2026-08-17,20260817T224342Z,07e96cdd-b8f7-491a-be58-81edf432e0c4,,19522,0.0,21:48:19,20260817,69586,2510,TienepermisodeSEMOVI,19.436405181884766,-99.14190673828125,280.0,0.0,0.0,,,,1787006614,2026-08-17 16:43:34-06:00,,
metrobus,metrobus_vehicle_positions,2026-08-17T22:43:47Z,2026-08-17,20260817T224342Z,bfc04984-ffdd-489f-9c34-c12d2549d293,,,,,,70010,1206,001A191,19.38571548461914,-99.04540252685547,0.0,0.0,0.0,,,,1787006613,2026-08-17 16:43:33-06:00,,
metrobus,metrobus_vehicle_positions,2026-08-17T22:43:47Z,2026-08-17,20260817T224342Z,8e619680-e615-46c9-b268-987427b6ecb6,,19492,0.0,19:08:29,20260817,70009,1205,001A192,19.43549346923828,-99.15771484375,202.0,0.0,0.0,,,,1786998003,2026-08-17 14:20:03-06:00,,
metrobus,metrobus_vehicle_positions,2026-08-17T22:43:47Z,2026-08-17,20260817T224342Z,2c6d1ca7-ec36-4bc4-a057-05341b2e33e2,,19491,1.0,22:19:35,20260817,70008,1204,001A190,19.387500762939453,-99.17449951171875,163.0,47.0,169.20000000000002,,,,1787006615,2026-08-17 16:43:35-06:00,,
metrobus,metrobus_vehicle_positions,2026-08-17T22:43:47Z,2026-08-17,20260817T224342Z,57934a6a-8e24-428c-a347-b9f8a0efc717,,,,,,70007,1203,001A189,19.360254287719727,-99.18346405029297,196.0,40.0,144.0,,,,1787006610,2026-08-17 16:43:30-06:00,,
metrobus,metrobus_vehicle_positions,2026-08-17T22:43:47Z,2026-08-17,20260817T224342Z,480d1a5e-d13d-40f5-884d-f6682d552259,,19492,0.0,22:01:13,20260817,70006,1202,001A188,19.395315170288086,-99.17208862304688,196.0,32.0,115.2,,,,1787006604,2026-08-17 16:43:24-06:00,,
metrobus,metrobus_vehicle_positions,2026-08-17T22:43:47Z,2026-08-17,20260817T224342Z,cb717362-3252-4b68-8a77-ca7da00c68ab,,,,,,70013,1209,001A195,19.467500686645508,-99.14012908935547,217.0,41.0,147.6,,,,1787006611,2026-08-17 16:43:31-06:00,,
metrobus,metrobus_vehicle_positions,2026-08-17T22:43:47Z,2026-08-17,20260817T224342Z,4c955f8d-e720-43ff-8d6d-287742ea5430,,,,,,70012,1208,001A194,19.385461807250977,-99.04584503173828,125.0,0.0,0.0,,,,1786963577,2026-08-17 04:46:17-06:00,,
metrobus,metrobus_vehicle_positions,2026-08-17T22:43:47Z,2026-08-17,20260817T224342Z,d0c85b4e-9570-4fdb-9952-f9bf0542b16b,,19491,1.0,22:36:38,20260817,70011,1207,001A193,19.33759880065918,-99.19007110595703,345.0,0.0,0.0,,,,1787006605,2026-08-17 16:43:25-06:00,,
