_source_system,_source_table,_extracted_at_utc,_snapshot_date,_snapshot_id,entity_id,trip_id,route_id,direction_id,start_time,start_date,vehicle_id,vehicle_label,license_plate,latitude,longitude,bearing,speed_mps,speed_kmh,current_stop_sequence,stop_id,current_status,timestamp_raw,timestamp_cdmx,congestion_level,occupancy_status
metrobus,metrobus_vehicle_positions,2026-07-22T06:41:34Z,2026-07-22,20260722T064115Z,ae36f654-cf0b-4040-a8d2-9a96d80d3f54,,,,,,69379,2306,1240002,19.479406356811523,-99.06401062011719,325.0,0.0,0.0,,,,1784702470,2026-07-22 00:41:10-06:00,,
metrobus,metrobus_vehicle_positions,2026-07-22T06:41:34Z,2026-07-22,20260722T064115Z,3de8b84e-5243-4672-886f-bd21dfeea157,,19563,0.0,04:15:53,20260722,69378,2305,1240001,19.38920783996582,-99.05741882324219,0.0,0.0,0.0,,,,1784700487,2026-07-22 00:08:07-06:00,,
metrobus,metrobus_vehicle_positions,2026-07-22T06:41:34Z,2026-07-22,20260722T064115Z,60cac739-3523-4edd-af76-095b9a96a5c7,,,,,,69377,2304,1230200,19.477907180786133,-99.06394958496094,813.0,0.0,0.0,,,,1784702470,2026-07-22 00:41:10-06:00,,
metrobus,metrobus_vehicle_positions,2026-07-22T06:41:34Z,2026-07-22,20260722T064115Z,ec1785a0-2d97-4311-baba-00fa5c02d97b,,19563,0.0,04:02:38,20260722,69376,2303,1230199,19.389257431030273,-99.05805969238281,124.0,0.0,0.0,,,,1784696701,2026-07-21 23:05:01-06:00,,
metrobus,metrobus_vehicle_positions,2026-07-22T06:41:34Z,2026-07-22,20260722T064115Z,5818f9d4-06a4-49af-811d-a15eb8f17ba1,,19564,0.0,04:31:48,20260722,69375,2302,1230198,19.38979148864746,-99.05859375,0.0,0.0,0.0,,,,1784700555,2026-07-22 00:09:15-06:00,,
metrobus,metrobus_vehicle_positions,2026-07-22T06:41:34Z,2026-07-22,20260722T064115Z,e135ac02-b0da-4069-9c03-403026fdf8e8,,,,,,70014,1210,001A196,19.386302947998047,-99.04623413085938,0.0,0.0,0.0,,,,1784486398,2026-07-19 12:39:58-06:00,,
metrobus,metrobus_vehicle_positions,2026-07-22T06:41:34Z,2026-07-22,20260722T064115Z,ac9a01e4-ff7a-40e5-bc42-3a7045435c04,,,,,,69382,2309,1240005,19.478090286254883,-99.06475830078125,0.0,0.0,0.0,,,,1784702478,2026-07-22 00:41:18-06:00,,
metrobus,metrobus_vehicle_positions,2026-07-22T06:41:34Z,2026-07-22,20260722T064115Z,e5f3c45a-91ef-49b1-bcfd-9c1a02af11c8,,,,,,69381,2308,1240004,19.479450225830078,-99.06388092041016,0.0,0.0,0.0,,,,1784699981,2026-07-21 23:59:41-06:00,,
metrobus,metrobus_vehicle_positions,2026-07-22T06:41:34Z,2026-07-22,20260722T064115Z,923df1ef-8fba-4603-a4ba-8878c2b2103b,,,,,,69380,2307,1240003,19.477882385253906,-99.06375885009766,681.0,0.0,0.0,,,,1784696159,2026-07-21 22:55:59-06:00,,
metrobus,metrobus_vehicle_positions,2026-07-22T06:41:34Z,2026-07-22,20260722T064115Z,4c539f4c-8027-42a4-950d-0193c9a8d9d2,,19563,0.0,05:18:52,20260722,69393,2320,1230174,19.38934326171875,-99.05818939208984,0.0,0.0,0.0,,,,1784701881,2026-07-22 00:31:21-06:00,,
metrobus,metrobus_vehicle_positions,2026-07-22T06:41:34Z,2026-07-22,20260722T064115Z,008e1f90-5ddc-42ba-b193-bb337e65bdf4,,,,,,69390,2317,1240013,19.389789581298828,-99.05880737304688,0.0,0.0,0.0,,,,1784702473,2026-07-22 00:41:13-06:00,,
metrobus,metrobus_vehicle_positions,2026-07-22T06:41:34Z,2026-07-22,20260722T064115Z,c0e5124b-bb3a-449f-bb5e-2db3e6e1745d,,,,,,69389,2316,1240012,19.478130340576172,-99.06385803222656,674.0,0.0,0.0,,,,1784695626,2026-07-21 22:47:06-06:00,,
metrobus,metrobus_vehicle_positions,2026-07-22T06:41:34Z,2026-07-22,20260722T064115Z,81dc630c-25f2-4f63-8254-71f54bbd9aa0,,,,,,69388,2315,1240011,19.478261947631836,-99.0648422241211,281.0,0.0,0.0,,,,1784700845,2026-07-22 00:14:05-06:00,,
metrobus,metrobus_vehicle_positions,2026-07-22T06:41:34Z,2026-07-22,20260722T064115Z,df2eab5f-e056-4f6e-97e6-8527d9dd4345,,,,,,69387,2314,1240010,19.478160858154297,-99.06489562988281,280.0,0.0,0.0,,,,1784702482,2026-07-22 00:41:22-06:00,,
metrobus,metrobus_vehicle_positions,2026-07-22T06:41:34Z,2026-07-22,20260722T064115Z,6441ced6-4f66-4a73-994e-8a18f778008a,,19563,0.0,06:24:53,20260722,69386,2313,1240009,19.38996124267578,-99.05906677246094,122.0,0.0,0.0,,,,1784702472,2026-07-22 00:41:12-06:00,,
metrobus,metrobus_vehicle_positions,2026-07-22T06:41:34Z,2026-07-22,20260722T064115Z,f6401e56-18be-4c7e-913a-aac8b60b4ace,,,,,,69385,2312,1240008,19.47808837890625,-99.06489562988281,280.0,0.0,0.0,,,,1784699848,2026-07-21 23:57:28-06:00,,
metrobus,metrobus_vehicle_positions,2026-07-22T06:41:34Z,2026-07-22,20260722T064115Z,6a1e628f-3d5c-4ef4-af25-b5fe4c3e23ca,,,,,,69383,2310,1240006,19.47783088684082,-99.0637435913086,701.0,0.0,0.0,,,,1784700512,2026-07-22 00:08:32-06:00,,
metrobus,metrobus_vehicle_positions,2026-07-22T06:41:34Z,2026-07-22,20260722T064115Z,d2b0d0b1-fb0d-43d7-af8a-764415beae11,,,,,,69198,800,1320055,19.507402420043945,-99.19743347167969,192.0,0.0,0.0,,,,1784699996,2026-07-21 23:59:56-06:00,,
metrobus,metrobus_vehicle_positions,2026-07-22T06:41:34Z,2026-07-22,20260722T064115Z,55d92fb4-966a-4ab1-9ac4-f32de16e41b5,,,,,,69886,801,1280065,19.50826072692871,-99.17255401611328,256.0,0.0,0.0,,,,1784701518,2026-07-22 00:25:18-06:00,,
metrobus,metrobus_vehicle_positions,2026-07-22T06:41:34Z,2026-07-22,20260722T064115Z,b9ae3198-6c83-42d9-bf4e-0b69fd2af481,,,,,,69887,802,1280066,19.508268356323242,-99.17264556884766,720.0,0.0,0.0,,,,1784700171,2026-07-22 00:02:51-06:00,,
metrobus,metrobus_vehicle_positions,2026-07-22T06:41:34Z,2026-07-22,20260722T064115Z,0b73f0a7-ae17-46bb-82bb-94e80f5abdb0,,,,,,69888,803,1280067,19.508333206176758,-99.1728744506836,0.0,0.0,0.0,,,,1783013862,2026-07-02 11:37:42-06:00,,
metrobus,metrobus_vehicle_positions,2026-07-22T06:41:34Z,2026-07-22,20260722T064115Z,29a0449a-d261-4023-a5e0-2bbf71fed411,,,,,,69889,804,1280068,19.508081436157227,-99.17240142822266,321.0,0.0,0.0,,,,1784701432,2026-07-22 00:23:52-06:00,,
metrobus,metrobus_vehicle_positions,2026-07-22T06:41:34Z,2026-07-22,20260722T064115Z,0c91ef5a-3651-43b9-9c8f-4ac47c90b1f9,,,,,,69890,805,1280069,19.507890701293945,-99.17220306396484,0.0,0.0,0.0,,,,1784702484,2026-07-22 00:41:24-06:00,,
metrobus,metrobus_vehicle_positions,2026-07-22T06:41:34Z,2026-07-22,20260722T064115Z,3caf5a4e-7c43-4487-a738-ab91834fbafb,,19563,0.0,05:09:22,20260722,69392,2319,1230173,19.389358520507812,-99.05827331542969,0.0,0.0,0.0,,,,1784702477,2026-07-22 00:41:17-06:00,,
metrobus,metrobus_vehicle_positions,2026-07-22T06:41:34Z,2026-07-22,20260722T064115Z,11ecb138-546b-4372-940b-cab5e0b98f1e,,19564,0.0,05:51:42,20260722,69391,2318,1230172,19.3890438079834,-99.05781555175781,181.0,0.0,0.0,,,,1784701913,2026-07-22 00:31:53-06:00,,
metrobus,metrobus_vehicle_positions,2026-07-22T06:41:34Z,2026-07-22,20260722T064115Z,fdc16ddd-0443-48f0-850f-a614dbbd1f18,,,,,,69892,807,1280071,19.495088577270508,-99.15373229980469,283.0,0.0,0.0,,,,1784702473,2026-07-22 00:41:13-06:00,,
metrobus,metrobus_vehicle_positions,2026-07-22T06:41:34Z,2026-07-22,20260722T064115Z,77c69f23-84f6-4462-b9fc-46579d6a87dd,,,,,,69893,808,1280072,19.50807762145996,-99.17234802246094,316.0,0.0,0.0,,,,1784702330,2026-07-22 00:38:50-06:00,,
metrobus,metrobus_vehicle_positions,2026-07-22T06:41:34Z,2026-07-22,20260722T064115Z,a118ad04-ce9d-4c8e-a58c-492c173c6ddb,,,,,,69894,809,1280073,19.508281707763672,-99.17247772216797,0.0,0.0,0.0,,,,1784682654,2026-07-21 19:10:54-06:00,,
metrobus,metrobus_vehicle_positions,2026-07-22T06:41:34Z,2026-07-22,20260722T064115Z,fc218c54-f7ed-4fe4-8217-4a781ed2d049,,19563,0.0,05:27:55,20260722,69398,2325,1230182,19.389726638793945,-99.05839538574219,338.0,0.0,0.0,,,,1784702471,2026-07-22 00:41:11-06:00,,
metrobus,metrobus_vehicle_positions,2026-07-22T06:41:34Z,2026-07-22,20260722T064115Z,2ae53dc3-87e8-46f2-ba0f-4d986c2d4c43,,19563,0.0,05:14:16,20260722,69397,2324,1230180,19.389245986938477,-99.05754089355469,0.0,0.0,0.0,,,,1784702477,2026-07-22 00:41:17-06:00,,
metrobus,metrobus_vehicle_positions,2026-07-22T06:41:34Z,2026-07-22,20260722T064115Z,927a75a9-32ed-4e53-8e8c-f98952cfd31e,,19563,0.0,04:04:12,20260722,69395,2322,1230176,19.389951705932617,-99.05890655517578,297.0,0.0,0.0,,,,1784699335,2026-07-21 23:48:55-06:00,,
metrobus,metrobus_vehicle_positions,2026-07-22T06:41:34Z,2026-07-22,20260722T064115Z,fc42a397-8c05-4cd1-a889-ebf079798417,,19577,1.0,05:56:08,20260722,69895,810,1280074,19.484130859375,-99.11897277832031,232.0,13.0,46.800000000000004,,,,1784702479,2026-07-22 00:41:19-06:00,,
metrobus,metrobus_vehicle_positions,2026-07-22T06:41:34Z,2026-07-22,20260722T064115Z,3b9f1106-04b9-4fe1-9403-29409c62ac4c,,19563,0.0,04:14:19,20260722,69394,2321,1230175,19.389970779418945,-99.05890655517578,0.0,0.0,0.0,,,,1784699044,2026-07-21 23:44:04-06:00,,
metrobus,metrobus_vehicle_positions,2026-07-22T06:41:34Z,2026-07-22,20260722T064115Z,089c4264-01b9-4052-a46f-72d5e130960e,,,,,,69896,811,1280075,19.50786781311035,-99.1717529296875,289.0,0.0,0.0,,,,1784702480,2026-07-22 00:41:20-06:00,,
metrobus,metrobus_vehicle_positions,2026-07-22T06:41:34Z,2026-07-22,20260722T064115Z,131d7085-8bce-4273-9932-0152a73c77e8,,,,,,69897,812,1280076,19.507949829101562,-99.1714096069336,292.0,0.0,0.0,,,,1784702469,2026-07-22 00:41:09-06:00,,
metrobus,metrobus_vehicle_positions,2026-07-22T06:41:34Z,2026-07-22,20260722T064115Z,b4d56333-ccef-47af-accd-e934a4f881eb,,19576,0.0,06:35:23,20260722,69898,813,1280077,19.492645263671875,-99.14237976074219,283.0,29.0,104.4,,,,1784702470,2026-07-22 00:41:10-06:00,,
metrobus,metrobus_vehicle_positions,2026-07-22T06:41:34Z,2026-07-22,20260722T064115Z,3869b2cd-8069-4b30-8b22-0959d522de43,,,,,,69899,814,1280078,19.508235931396484,-99.17267608642578,0.0,0.0,0.0,,,,1784701987,2026-07-22 00:33:07-06:00,,
metrobus,metrobus_vehicle_positions,2026-07-22T06:41:34Z,2026-07-22,20260722T064115Z,074413b2-1bc3-4848-a94d-d0c57292cac4,,,,,,69900,815,1280079,19.5078067779541,-99.17143249511719,301.0,0.0,0.0,,,,1784699200,2026-07-21 23:46:40-06:00,,
metrobus,metrobus_vehicle_positions,2026-07-22T06:41:34Z,2026-07-22,20260722T064115Z,57403379-3cbc-4021-8293-2b1ff5426f67,,,,,,69901,816,1280080,19.507862091064453,-99.1716079711914,0.0,0.0,0.0,,,,1784699816,2026-07-21 23:56:56-06:00,,
metrobus,metrobus_vehicle_positions,2026-07-22T06:41:34Z,2026-07-22,20260722T064115Z,e25a1d00-e9f8-4392-9fba-acb4cff1131d,,19577,1.0,06:06:38,20260722,69902,817,1280081,19.45686149597168,-99.1292953491211,204.0,28.0,100.8,,,,1784702476,2026-07-22 00:41:16-06:00,,
metrobus,metrobus_vehicle_positions,2026-07-22T06:41:34Z,2026-07-22,20260722T064115Z,41eb645d-8b19-447d-8fff-0b82e4e5be6a,,,,,,69903,818,1280082,19.50803565979004,-99.17179107666016,245.0,7.0,25.2,,,,1784702482,2026-07-22 00:41:22-06:00,,
metrobus,metrobus_vehicle_positions,2026-07-22T06:41:34Z,2026-07-22,20260722T064115Z,2d7b3063-7bee-4fe2-8035-f335ca84168c,,,,,,69904,819,1280083,19.50790786743164,-99.17176055908203,0.0,0.0,0.0,,,,1784699886,2026-07-21 23:58:06-06:00,,
metrobus,metrobus_vehicle_positions,2026-07-22T06:41:34Z,2026-07-22,20260722T064115Z,ed735026-3c49-47a7-8ce9-b22d82437f71,,,,,,69957,1253,1230122,19.32062530517578,-99.17245483398438,350.0,0.0,0.0,,,,1784702483,2026-07-22 00:41:23-06:00,,
metrobus,metrobus_vehicle_positions,2026-07-22T06:41:34Z,2026-07-22,20260722T064115Z,613e13d1-0ec9-46b0-b3c7-783e0e59275c,,19562,1.0,05:51:38,20260722,70106,2342,1250020,19.382577896118164,-99.06110382080078,100.0,0.0,0.0,,,,1784702480,2026-07-22 00:41:20-06:00,,
metrobus,metrobus_vehicle_positions,2026-07-22T06:41:34Z,2026-07-22,20260722T064115Z,f18b96f8-be0f-4515-b754-808dea612355,,,,,,70105,2341,1250019,19.38671112060547,-99.05976104736328,0.0,0.0,0.0,,,,1784702121,2026-07-22 00:35:21-06:00,,
metrobus,metrobus_vehicle_positions,2026-07-22T06:41:34Z,2026-07-22,20260722T064115Z,01bdf526-2e33-4811-92f1-56c5edc419f3,,,,,,69956,1252,1230120,19.321313858032227,-99.17259216308594,340.0,0.0,0.0,,,,1784702472,2026-07-22 00:41:12-06:00,,
metrobus,metrobus_vehicle_positions,2026-07-22T06:41:34Z,2026-07-22,20260722T064115Z,f4b13aa3-66cb-4676-aec2-21571ab7fba3,,19566,0.0,06:14:15,20260722,70104,2340,1250018,19.386966705322266,-99.05976104736328,193.0,4.0,14.4,,,,1784702467,2026-07-22 00:41:07-06:00,,
metrobus,metrobus_vehicle_positions,2026-07-22T06:41:34Z,2026-07-22,20260722T064115Z,9ca8a539-5a0c-436b-98f1-cc4c6fe277fe,,,,,,69955,1251,1230119,19.32280158996582,-99.17312622070312,861.0,0.0,0.0,,,,1784698910,2026-07-21 23:41:50-06:00,,
metrobus,metrobus_vehicle_positions,2026-07-22T06:41:34Z,2026-07-22,20260722T064115Z,e1888b4b-8417-4252-855c-6fc42ea50b81,,19563,0.0,06:12:12,20260722,70103,2339,1250017,19.387073516845703,-99.06013488769531,890.0,0.0,0.0,,,,1784702480,2026-07-22 00:41:20-06:00,,
metrobus,metrobus_vehicle_positions,2026-07-22T06:41:34Z,2026-07-22,20260722T064115Z,9f3a54ae-6d87-4649-b44f-f46288243f96,,,,,,69401,2337,1230170,19.389888763427734,-99.0587387084961,0.0,0.0,0.0,,,,1784701795,2026-07-22 00:29:55-06:00,,
metrobus,metrobus_vehicle_positions,2026-07-22T06:41:34Z,2026-07-22,20260722T064115Z,26e1a28d-dc36-49cf-b83f-26ffe5da341d,,19564,0.0,05:23:22,20260722,69400,2336,1230187,19.389677047729492,-99.05864715576172,0.0,0.0,0.0,,,,1784702482,2026-07-22 00:41:22-06:00,,
metrobus,metrobus_vehicle_positions,2026-07-22T06:41:34Z,2026-07-22,20260722T064115Z,87a5c518-ce5c-4679-99a8-9df2b17f1142,,,,,,69399,2335,1230184,19.38988494873047,-99.05894470214844,0.0,0.0,0.0,,,,1784698866,2026-07-21 23:41:06-06:00,,
metrobus,metrobus_vehicle_positions,2026-07-22T06:41:34Z,2026-07-22,20260722T064115Z,529fd61c-4cb4-44d4-9d4e-cd6b007c9d32,,,,,,69905,820,1280084,19.50810432434082,-99.17217254638672,231.0,0.0,0.0,,,,1784700876,2026-07-22 00:14:36-06:00,,
metrobus,metrobus_vehicle_positions,2026-07-22T06:41:34Z,2026-07-22,20260722T064115Z,5623b8a9-98bf-4f4d-a839-6508fb45f904,,,,,,69906,821,1280085,19.507919311523438,-99.17227935791016,0.0,0.0,0.0,,,,1784683908,2026-07-21 19:31:48-06:00,,
metrobus,metrobus_vehicle_positions,2026-07-22T06:41:34Z,2026-07-22,20260722T064115Z,d75fe200-0faa-4b58-a926-3e17370f9306,,19577,1.0,06:28:51,20260722,69907,822,1280086,19.428577423095703,-99.1639175415039,917.0,27.0,97.2,,,,1784702469,2026-07-22 00:41:09-06:00,,
metrobus,metrobus_vehicle_positions,2026-07-22T06:41:34Z,2026-07-22,20260722T064115Z,c590edc2-5430-4dc2-b104-ca01e4ab427d,,,,,,69908,823,1280087,19.508207321166992,-99.1728286743164,314.0,0.0,0.0,,,,1784698002,2026-07-21 23:26:42-06:00,,
metrobus,metrobus_vehicle_positions,2026-07-22T06:41:34Z,2026-07-22,20260722T064115Z,38fb8f6b-b06a-4b37-a4ee-73084e7f3323,,,,,,69909,824,1280088,19.50826644897461,-99.17304992675781,0.0,0.0,0.0,,,,1784698831,2026-07-21 23:40:31-06:00,,
metrobus,metrobus_vehicle_positions,2026-07-22T06:41:34Z,2026-07-22,20260722T064115Z,a947b9d3-7651-4a78-805d-e5d770507d8c,,,,,,69910,825,1280089,19.508255004882812,-99.17286682128906,0.0,0.0,0.0,,,,1784702479,2026-07-22 00:41:19-06:00,,
metrobus,metrobus_vehicle_positions,2026-07-22T06:41:34Z,2026-07-22,20260722T064115Z,a887ea89-e34e-459c-8546-c00d01747ab0,,,,,,69911,826,1280090,19.508159637451172,-99.17255401611328,302.0,0.0,0.0,,,,1784701985,2026-07-22 00:33:05-06:00,,
metrobus,metrobus_vehicle_positions,2026-07-22T06:41:34Z,2026-07-22,20260722T064115Z,51fed64b-774c-46e0-8dbb-2a06cdefc747,,,,,,69912,827,1280091,19.508283615112305,-99.17298126220703,0.0,0.0,0.0,,,,1784700361,2026-07-22 00:06:01-06:00,,
metrobus,metrobus_vehicle_positions,2026-07-22T06:41:34Z,2026-07-22,20260722T064115Z,de011f3a-8b28-4024-846a-4a03e02ca4bf,,,,,,69913,828,1280092,19.50558853149414,-99.16564178466797,289.0,37.0,133.20000000000002,,,,1784702475,2026-07-22 00:41:15-06:00,,
metrobus,metrobus_vehicle_positions,2026-07-22T06:41:34Z,2026-07-22,20260722T064115Z,04bc6705-a750-437f-a1c0-59e58e1eae67,,,,,,69914,829,1280093,19.508129119873047,-99.1727066040039,0.0,0.0,0.0,,,,1784702473,2026-07-22 00:41:13-06:00,,
metrobus,metrobus_vehicle_positions,2026-07-22T06:41:34Z,2026-07-22,20260722T064115Z,c97b180d-a2c9-4dd4-a321-0bbd349e37c5,,,,,,69695,2353,1250032,19.38871192932129,-99.059326171875,0.0,0.0,0.0,,,,1784701073,2026-07-22 00:17:53-06:00,,
metrobus,metrobus_vehicle_positions,2026-07-22T06:41:34Z,2026-07-22,20260722T064115Z,dd8b85b6-4d6e-46e8-9ed1-ddbfdf5d5a21,,,,,,69463,1022,1230063,19.499183654785156,-99.11915588378906,0.0,0.0,0.0,,,,1784702478,2026-07-22 00:41:18-06:00,,
metrobus,metrobus_vehicle_positions,2026-07-22T06:41:34Z,2026-07-22,20260722T064115Z,d22c577c-348a-46d6-a924-46bd314880c2,,19499,0.0,06:15:29,20260722,69968,1264,1230128,19.418563842773438,-99.16452026367188,195.0,26.0,93.60000000000001,,,,1784702481,2026-07-22 00:41:21-06:00,,
metrobus,metrobus_vehicle_positions,2026-07-22T06:41:34Z,2026-07-22,20260722T064115Z,a3f2133a-af65-43d3-9f12-66dda4bf590c,,19494,0.0,04:51:11,20260722,69462,1021,1230062,19.499462127685547,-99.11958312988281,187.0,0.0,0.0,,,,1784698380,2026-07-21 23:33:00-06:00,,
metrobus,metrobus_vehicle_positions,2026-07-22T06:41:34Z,2026-07-22,20260722T064115Z,f32150df-107d-42f3-a8e9-300f67911648,,,,,,69694,2352,1250128,19.38844871520996,-99.05970764160156,0.0,0.0,0.0,,,,1783664078,2026-07-10 00:14:38-06:00,,
metrobus,metrobus_vehicle_positions,2026-07-22T06:41:34Z,2026-07-22,20260722T064115Z,07cbc4a1-3070-4709-a4af-f6ab364729e2,,,,,,69967,1263,1230127,19.32343292236328,-99.17317199707031,210.0,0.0,0.0,,,,1784697497,2026-07-21 23:18:17-06:00,,
metrobus,metrobus_vehicle_positions,2026-07-22T06:41:34Z,2026-07-22,20260722T064115Z,f6a1cbf7-7bb4-4029-8683-1beaea449c68,,19564,0.0,04:41:11,20260722,69693,2351,EXTRAVIADA,19.388927459716797,-99.05933380126953,203.0,0.0,0.0,,,,1784697200,2026-07-21 23:13:20-06:00,,
metrobus,metrobus_vehicle_positions,2026-07-22T06:41:34Z,2026-07-22,20260722T064115Z,09efd8aa-9820-43f4-9df5-45ab643465c8,,19499,0.0,06:26:12,20260722,69461,1020,1230061,19.499225616455078,-99.1194076538086,0.0,0.0,0.0,,,,1784702024,2026-07-22 00:33:44-06:00,,
metrobus,metrobus_vehicle_positions,2026-07-22T06:41:34Z,2026-07-22,20260722T064115Z,56d4e398-fa8c-4466-88d0-747efcb6ab73,,,,,,69966,1262,1230123,19.319303512573242,-99.17324829101562,127.0,0.0,0.0,,,,1784697341,2026-07-21 23:15:41-06:00,,
metrobus,metrobus_vehicle_positions,2026-07-22T06:41:34Z,2026-07-22,20260722T064115Z,8bcb5cff-e216-446b-8c38-e75aa3d89c74,,19567,1.0,05:51:39,20260722,70111,2350,1250010,19.383548736572266,-99.06651306152344,917.0,36.0,129.6,,,,1784702482,2026-07-22 00:41:22-06:00,,
metrobus,metrobus_vehicle_positions,2026-07-22T06:41:34Z,2026-07-22,20260722T064115Z,3bff0140-597a-4c8d-ae5a-cb7bf75e159a,,19499,0.0,05:47:37,20260722,69965,1261,1230116,19.337961196899414,-99.19035339355469,173.0,34.0,122.4,,,,1784702480,2026-07-22 00:41:20-06:00,,
metrobus,metrobus_vehicle_positions,2026-07-22T06:41:34Z,2026-07-22,20260722T064115Z,d78beae1-4f43-4968-a01b-3c694da8492a,,,,,,69964,1260,1230143,19.3225154876709,-99.17278289794922,347.0,0.0,0.0,,,,1784676642,2026-07-21 17:30:42-06:00,,
metrobus,metrobus_vehicle_positions,2026-07-22T06:41:34Z,2026-07-22,20260722T064115Z,717bc4dc-2f61-4c47-98ad-edf357f9f64d,,19492,0.0,05:12:56,20260722,69460,1019,1230060,19.49964714050293,-99.1191635131836,244.0,0.0,0.0,,,,1784702481,2026-07-22 00:41:21-06:00,,
metrobus,metrobus_vehicle_positions,2026-07-22T06:41:34Z,2026-07-22,20260722T064115Z,5677d06d-6b56-4e6c-838a-474a01a00590,,19500,1.0,04:03:50,20260721,69459,1018,1230059,19.481409072875977,-99.12842559814453,375.0,55.0,198.0,,,,1784611432,2026-07-20 23:23:52-06:00,,
metrobus,metrobus_vehicle_positions,2026-07-22T06:41:34Z,2026-07-22,20260722T064115Z,23dab33f-4c69-40df-9a18-0defad04fabf,,19564,0.0,05:41:46,20260722,70110,2349,1250027,19.38674545288086,-99.05995178222656,341.0,0.0,0.0,,,,1784702341,2026-07-22 00:39:01-06:00,,
metrobus,metrobus_vehicle_positions,2026-07-22T06:41:34Z,2026-07-22,20260722T064115Z,27a1923d-6cad-434c-82e6-b2030f226934,,19566,0.0,05:00:00,20260722,70109,2348,1250026,19.38688850402832,-99.0597915649414,650.0,0.0,0.0,,,,1784700378,2026-07-22 00:06:18-06:00,,
metrobus,metrobus_vehicle_positions,2026-07-22T06:41:34Z,2026-07-22,20260722T064115Z,566d2dfd-4a5d-4ec5-a0d0-e615bb667cbb,,,,,,69963,1259,1230142,19.322444915771484,-99.17281341552734,0.0,0.0,0.0,,,,1784702480,2026-07-22 00:41:20-06:00,,
metrobus,metrobus_vehicle_positions,2026-07-22T06:41:34Z,2026-07-22,20260722T064115Z,868b7d2f-50ab-4a76-82b5-b58bcda83da6,,19564,0.0,05:05:52,20260722,70108,2347,1250025,19.386987686157227,-99.05976867675781,129.0,0.0,0.0,,,,1784700189,2026-07-22 00:03:09-06:00,,
metrobus,metrobus_vehicle_positions,2026-07-22T06:41:34Z,2026-07-22,20260722T064115Z,57d63183-1baa-46a9-924b-44a95f22d5ab,,19499,0.0,05:59:24,20260722,69962,1258,1230141,19.382125854492188,-99.17630767822266,196.0,0.0,0.0,,,,1784702479,2026-07-22 00:41:19-06:00,,
metrobus,metrobus_vehicle_positions,2026-07-22T06:41:34Z,2026-07-22,20260722T064115Z,7fb77a1a-650a-4f6d-8023-217fe7ff42dd,,19563,0.0,05:06:46,20260722,70107,2346,1250024,19.386995315551758,-99.05989074707031,358.0,0.0,0.0,,,,1784699895,2026-07-21 23:58:15-06:00,,
metrobus,metrobus_vehicle_positions,2026-07-22T06:41:34Z,2026-07-22,20260722T064115Z,6aade638-d4be-40cd-b746-e168e48be156,,,,,,69961,1257,1230132,19.320629119873047,-99.1731948852539,350.0,0.0,0.0,,,,1784697085,2026-07-21 23:11:25-06:00,,
metrobus,metrobus_vehicle_positions,2026-07-22T06:41:34Z,2026-07-22,20260722T064115Z,1aa0575d-1a0d-4355-b1ca-1cc30f34597e,,,,,,70002,1015,1210367,19.38547134399414,-99.04580688476562,0.0,0.0,0.0,,,,1784701293,2026-07-22 00:21:33-06:00,,
metrobus,metrobus_vehicle_positions,2026-07-22T06:41:34Z,2026-07-22,20260722T064115Z,a82567da-e49e-463e-91c8-bc09039583dd,,,,,,69960,1256,1230130,19.31928062438965,-99.17247772216797,357.0,0.0,0.0,,,,1784701292,2026-07-22 00:21:32-06:00,,
metrobus,metrobus_vehicle_positions,2026-07-22T06:41:34Z,2026-07-22,20260722T064115Z,d5a66edb-25be-4221-8cf3-a3e693b8f67c,,,,,,69915,830,1280094,19.508129119873047,-99.17263793945312,0.0,0.0,0.0,,,,1784701931,2026-07-22 00:32:11-06:00,,
metrobus,metrobus_vehicle_positions,2026-07-22T06:41:34Z,2026-07-22,20260722T064115Z,ee61eae8-7e03-4309-aa27-111697c9d950,,19563,0.0,06:12:15,20260722,70079,2345,1250022,19.38689422607422,-99.0601806640625,820.0,0.0,0.0,,,,1784702468,2026-07-22 00:41:08-06:00,,
metrobus,metrobus_vehicle_positions,2026-07-22T06:41:34Z,2026-07-22,20260722T064115Z,37d36efa-4f02-4047-82d0-2bcfa023c824,,,,,,70078,2344,1250023,19.386598587036133,-99.05996704101562,0.0,0.0,0.0,,,,1784577050,2026-07-20 13:50:50-06:00,,
metrobus,metrobus_vehicle_positions,2026-07-22T06:41:34Z,2026-07-22,20260722T064115Z,4ac8668a-97c7-493b-bcef-93289fce30dd,,,,,,69959,1255,1230125,19.321701049804688,-99.17277526855469,347.0,0.0,0.0,,,,1784702475,2026-07-22 00:41:15-06:00,,
metrobus,metrobus_vehicle_positions,2026-07-22T06:41:34Z,2026-07-22,20260722T064115Z,d836b912-b49a-4406-9054-a02a32c1a2a7,,,,,,69916,831,1280095,19.508258819580078,-99.17233276367188,0.0,0.0,0.0,,,,1783982889,2026-07-13 16:48:09-06:00,,
metrobus,metrobus_vehicle_positions,2026-07-22T06:41:34Z,2026-07-22,20260722T064115Z,b8a850ba-fe05-420c-86e2-9eef22342f19,,19563,0.0,04:49:24,20260722,70077,2343,1250021,19.386964797973633,-99.05992126464844,345.0,0.0,0.0,,,,1784699441,2026-07-21 23:50:41-06:00,,
metrobus,metrobus_vehicle_positions,2026-07-22T06:41:34Z,2026-07-22,20260722T064115Z,198864ba-6736-4287-9d3f-bb4ba5bfcfde,,,,,,69917,832,1280096,19.50800132751465,-99.1722412109375,513.0,0.0,0.0,,,,1784657631,2026-07-21 12:13:51-06:00,,
metrobus,metrobus_vehicle_positions,2026-07-22T06:41:34Z,2026-07-22,20260722T064115Z,d32f84d3-5119-4877-b6be-82ecae4612d7,,,,,,69958,1254,1230124,19.32097816467285,-99.1724624633789,342.0,0.0,0.0,,,,1784702472,2026-07-22 00:41:12-06:00,,
metrobus,metrobus_vehicle_positions,2026-07-22T06:41:34Z,2026-07-22,20260722T064115Z,2a66cbc4-270a-4761-b483-fd20adb77baf,,,,,,69918,833,1280097,19.507835388183594,-99.17208099365234,0.0,0.0,0.0,,,,1784635944,2026-07-21 06:12:24-06:00,,
metrobus,metrobus_vehicle_positions,2026-07-22T06:41:34Z,2026-07-22,20260722T064115Z,0e562919-74f1-4bfd-9028-6469be2ea773,,,,,,69919,834,1280098,19.508211135864258,-99.17281341552734,0.0,0.0,0.0,,,,1784701217,2026-07-22 00:20:17-06:00,,
metrobus,metrobus_vehicle_positions,2026-07-22T06:41:34Z,2026-07-22,20260722T064115Z,701b885f-b1e7-48aa-879b-bd7048964bee,,,,,,69920,835,1280099,19.50791358947754,-99.17227935791016,219.0,0.0,0.0,,,,1784696908,2026-07-21 23:08:28-06:00,,
metrobus,metrobus_vehicle_positions,2026-07-22T06:41:34Z,2026-07-22,20260722T064115Z,760408ff-61d9-4b9d-9a96-b5a0984a3f33,,,,,,69921,836,1280100,19.507976531982422,-99.1720962524414,204.0,0.0,0.0,,,,1784670341,2026-07-21 15:45:41-06:00,,
metrobus,metrobus_vehicle_positions,2026-07-22T06:41:34Z,2026-07-22,20260722T064115Z,2059c6d2-cbf4-44cf-afcb-8fbb493fae44,,,,,,69922,837,1280101,19.508146286010742,-99.17256164550781,292.0,0.0,0.0,,,,1784702477,2026-07-22 00:41:17-06:00,,
metrobus,metrobus_vehicle_positions,2026-07-22T06:41:34Z,2026-07-22,20260722T064115Z,9d288597-ff35-440f-a882-a24b391d47fb,,,,,,69923,838,1280152,19.508390426635742,-99.172607421875,0.0,0.0,0.0,,,,1779906830,2026-05-27 12:33:50-06:00,,
metrobus,metrobus_vehicle_positions,2026-07-22T06:41:34Z,2026-07-22,20260722T064115Z,23c5fdeb-64be-4fa3-81bc-cd84c8daef62,,,,,,69924,839,1280153,19.50825309753418,-99.17291259765625,0.0,0.0,0.0,,,,1784701994,2026-07-22 00:33:14-06:00,,
metrobus,metrobus_vehicle_positions,2026-07-22T06:41:34Z,2026-07-22,20260722T064115Z,8eb97b47-7b9b-4312-9c3b-1d9c0152feec,,19499,0.0,05:33:46,20260722,69474,1033,1230074,19.500503540039062,-99.11907958984375,0.0,0.0,0.0,,,,1784702470,2026-07-22 00:41:10-06:00,,
metrobus,metrobus_vehicle_positions,2026-07-22T06:41:34Z,2026-07-22,20260722T064115Z,bca115b8-cc15-48fa-89b0-ca3167172250,,,,,,69706,2364,1250137,19.388553619384766,-99.05937957763672,320.0,0.0,0.0,,,,1784701478,2026-07-22 00:24:38-06:00,,
metrobus,metrobus_vehicle_positions,2026-07-22T06:41:34Z,2026-07-22,20260722T064115Z,a8290da9-2e53-4c0d-972d-2f31df51673e,,19566,0.0,03:13:13,20260722,69705,2363,1250121,19.389522552490234,-99.05929565429688,990.0,0.0,0.0,,,,1784692584,2026-07-21 21:56:24-06:00,,
metrobus,metrobus_vehicle_positions,2026-07-22T06:41:34Z,2026-07-22,20260722T064115Z,9d0e69aa-0b76-43bb-b171-9107064fc3ea,,,,,,69473,1032,1230073,19.49863624572754,-99.1194839477539,204.0,0.0,0.0,,,,1784702475,2026-07-22 00:41:15-06:00,,
metrobus,metrobus_vehicle_positions,2026-07-22T06:41:34Z,2026-07-22,20260722T064115Z,7aa5a341-5821-44fe-bf05-8c6963e53e21,,19563,0.0,04:28:30,20260722,69704,2362,1250120,19.38905906677246,-99.059326171875,930.0,0.0,0.0,,,,1784697162,2026-07-21 23:12:42-06:00,,
metrobus,metrobus_vehicle_positions,2026-07-22T06:41:34Z,2026-07-22,20260722T064115Z,2d090f63-6cd2-4d95-a623-9cd3b69e2770,,,,,,69472,1031,1230072,19.498043060302734,-99.11959075927734,191.0,0.0,0.0,,,,1784702475,2026-07-22 00:41:15-06:00,,
metrobus,metrobus_vehicle_positions,2026-07-22T06:41:34Z,2026-07-22,20260722T064115Z,a1b1d65a-401c-446b-8257-b2510adcbac4,,19566,0.0,06:17:10,20260722,69703,2361,1250033,19.38972282409668,-99.05928039550781,274.0,0.0,0.0,,,,1784702476,2026-07-22 00:41:16-06:00,,
metrobus,metrobus_vehicle_positions,2026-07-22T06:41:34Z,2026-07-22,20260722T064115Z,c71dc8c0-d038-445b-86a1-10cff2866561,,,,,,69471,1030,1230071,19.499067306518555,-99.11897277832031,203.0,0.0,0.0,,,,1784702486,2026-07-22 00:41:26-06:00,,
metrobus,metrobus_vehicle_positions,2026-07-22T06:41:34Z,2026-07-22,20260722T064115Z,79fb93f4-48b0-46ec-b5a8-a4d245bd8964,,19564,0.0,06:22:32,20260722,69702,2360,1250136,19.389347076416016,-99.05931091308594,262.0,0.0,0.0,,,,1784702467,2026-07-22 00:41:07-06:00,,
metrobus,metrobus_vehicle_positions,2026-07-22T06:41:34Z,2026-07-22,20260722T064115Z,877e3d26-f114-4a19-af17-7eeadf8d2d8b,,19499,0.0,05:57:06,20260722,69470,1029,1230070,19.500343322753906,-99.11907196044922,988.0,0.0,0.0,,,,1784700459,2026-07-22 00:07:39-06:00,,
metrobus,metrobus_vehicle_positions,2026-07-22T06:41:34Z,2026-07-22,20260722T064115Z,65f39876-2e93-4af1-a0f0-64b5a21dd453,,19500,1.0,05:35:37,20260722,69469,1028,1230069,19.45991325378418,-99.14617919921875,35.0,13.0,46.800000000000004,,,,1784702472,2026-07-22 00:41:12-06:00,,
metrobus,metrobus_vehicle_positions,2026-07-22T06:41:34Z,2026-07-22,20260722T064115Z,d41b06ff-af12-4d76-a7f9-5e310d1e17e0,,19562,1.0,06:09:20,20260722,69701,2359,1250135,19.397184371948242,-99.10370635986328,96.0,15.0,54.0,,,,1784702477,2026-07-22 00:41:17-06:00,,
metrobus,metrobus_vehicle_positions,2026-07-22T06:41:34Z,2026-07-22,20260722T064115Z,51832033-cccf-41a7-b5c3-68369b09a83c,,,,,,69468,1027,1230068,19.49918556213379,-99.11925506591797,0.0,0.0,0.0,,,,1784702470,2026-07-22 00:41:10-06:00,,
metrobus,metrobus_vehicle_positions,2026-07-22T06:41:34Z,2026-07-22,20260722T064115Z,1191ca12-6b05-41f7-bd1d-d4ce688a15a9,,19566,0.0,22:02:02,20260721,69700,2358,1250133,19.39110565185547,-99.04834747314453,253.0,19.0,68.4,,,,1784671336,2026-07-21 16:02:16-06:00,,
metrobus,metrobus_vehicle_positions,2026-07-22T06:41:34Z,2026-07-22,20260722T064115Z,e11a3b91-a3ed-4c45-a60a-605c62c9039e,,,,,,69467,1026,1230067,19.497783660888672,-99.11880493164062,125.0,0.0,0.0,,,,1784702480,2026-07-22 00:41:20-06:00,,
metrobus,metrobus_vehicle_positions,2026-07-22T06:41:34Z,2026-07-22,20260722T064115Z,509eaa1b-7d4f-428c-98bb-0a7db1454883,,,,,,69925,840,1280154,19.50797462463379,-99.17219543457031,212.0,0.0,0.0,,,,1784697766,2026-07-21 23:22:46-06:00,,
metrobus,metrobus_vehicle_positions,2026-07-22T06:41:34Z,2026-07-22,20260722T064115Z,4685584d-5531-442c-a480-d779f3f8443d,,19566,0.0,05:26:37,20260722,69699,2357,1250129,19.38929557800293,-99.05928039550781,188.0,0.0,0.0,,,,1784702472,2026-07-22 00:41:12-06:00,,
metrobus,metrobus_vehicle_positions,2026-07-22T06:41:34Z,2026-07-22,20260722T064115Z,d2c07899-3309-47e9-b26b-a49c35be07ad,,,,,,69926,841,1280155,19.508129119873047,-99.17256927490234,299.0,0.0,0.0,,,,1784701536,2026-07-22 00:25:36-06:00,,
metrobus,metrobus_vehicle_positions,2026-07-22T06:41:34Z,2026-07-22,20260722T064115Z,9b805bbc-33fa-455a-a41f-1a62195b391c,,19567,1.0,05:55:19,20260722,69698,2356,1250132,19.38422393798828,-99.0760269165039,125.0,0.0,0.0,,,,1784702475,2026-07-22 00:41:15-06:00,,
metrobus,metrobus_vehicle_positions,2026-07-22T06:41:34Z,2026-07-22,20260722T064115Z,4c783bd4-fd11-4d78-8476-e14d88a98d2f,,,,,,69466,1025,1230066,19.49892807006836,-99.11932373046875,101.0,0.0,0.0,,,,1784701558,2026-07-22 00:25:58-06:00,,
metrobus,metrobus_vehicle_positions,2026-07-22T06:41:34Z,2026-07-22,20260722T064115Z,46bfabcc-42d5-40f2-884c-9c0e0b49f33d,,,,,,69971,1267,1230131,19.321680068969727,-99.17262268066406,346.0,0.0,0.0,,,,1784702482,2026-07-22 00:41:22-06:00,,
metrobus,metrobus_vehicle_positions,2026-07-22T06:41:34Z,2026-07-22,20260722T064115Z,88d811db-1cfb-467e-b596-6e5bf24bfc2f,,,,,,69970,1266,1230113,19.32172203063965,-99.17282104492188,346.0,0.0,0.0,,,,1784700944,2026-07-22 00:15:44-06:00,,
metrobus,metrobus_vehicle_positions,2026-07-22T06:41:34Z,2026-07-22,20260722T064115Z,7a6d4efd-df4d-44ed-9e6b-205c03baffee,,,,,,69927,842,1280156,19.50794219970703,-99.17169189453125,287.0,4.0,14.4,,,,1784702479,2026-07-22 00:41:19-06:00,,
metrobus,metrobus_vehicle_positions,2026-07-22T06:41:34Z,2026-07-22,20260722T064115Z,828fbd5c-d673-4186-a139-cc77efdfbe63,,19492,0.0,06:14:26,20260722,69465,1024,1230065,19.49968910217285,-99.11985778808594,195.0,0.0,0.0,,,,1784702478,2026-07-22 00:41:18-06:00,,
metrobus,metrobus_vehicle_positions,2026-07-22T06:41:34Z,2026-07-22,20260722T064115Z,af3dd387-bf2d-4c15-8166-7cf81cea1002,,19564,0.0,05:20:55,20260722,69697,2355,1250131,19.388776779174805,-99.05948638916016,273.0,0.0,0.0,,,,1784700095,2026-07-22 00:01:35-06:00,,
metrobus,metrobus_vehicle_positions,2026-07-22T06:41:34Z,2026-07-22,20260722T064115Z,84ff6408-4476-4b7a-bf42-d1daff057420,,,,,,69696,2354,1250130,19.389202117919922,-99.05925750732422,0.0,0.0,0.0,,,,1784695165,2026-07-21 22:39:25-06:00,,
metrobus,metrobus_vehicle_positions,2026-07-22T06:41:34Z,2026-07-22,20260722T064115Z,4fcb567a-e1ac-4b5a-b092-ff9561926338,,,,,,69544,601,1280001,19.487150192260742,-99.09308624267578,249.0,0.0,0.0,,,,1784697233,2026-07-21 23:13:53-06:00,,
metrobus,metrobus_vehicle_positions,2026-07-22T06:41:34Z,2026-07-22,20260722T064115Z,f891fcb8-1a5a-4f15-98b9-b305b9c6089b,,,,,,69464,1023,1230064,19.497493743896484,-99.12003326416016,214.0,0.0,0.0,,,,1784702470,2026-07-22 00:41:10-06:00,,
metrobus,metrobus_vehicle_positions,2026-07-22T06:41:34Z,2026-07-22,20260722T064115Z,604ddd49-b921-473a-a01e-f0435848f298,,19576,0.0,06:34:24,20260722,69928,843,1280157,19.492788314819336,-99.14347076416016,282.0,43.0,154.8,,,,1784702471,2026-07-22 00:41:11-06:00,,
metrobus,metrobus_vehicle_positions,2026-07-22T06:41:34Z,2026-07-22,20260722T064115Z,d1de618c-1b98-4414-bc9e-2602ccc884c3,,19559,0.0,03:52:50,20260722,69545,602,1280002,19.48736572265625,-99.09330749511719,0.0,0.0,0.0,,,,1784695576,2026-07-21 22:46:16-06:00,,
metrobus,metrobus_vehicle_positions,2026-07-22T06:41:34Z,2026-07-22,20260722T064115Z,da6944f1-022a-428b-bca5-32476358f445,,19582,0.0,06:37:18,20260722,69929,844,1280158,19.491186141967773,-99.13532257080078,283.0,23.0,82.8,,,,1784702479,2026-07-22 00:41:19-06:00,,
metrobus,metrobus_vehicle_positions,2026-07-22T06:41:34Z,2026-07-22,20260722T064115Z,65f84e9b-d5f4-4caf-9fce-bd7322941475,,,,,,69930,845,1280159,19.50821876525879,-99.17251586914062,0.0,0.0,0.0,,,,1784540061,2026-07-20 03:34:21-06:00,,
metrobus,metrobus_vehicle_positions,2026-07-22T06:41:34Z,2026-07-22,20260722T064115Z,e105f033-87bc-4d4e-ae51-8b16dfb5a278,,20211,0.0,05:44:43,20260722,69546,603,1280003,19.487260818481445,-99.0931167602539,0.0,0.0,0.0,,,,1784700195,2026-07-22 00:03:15-06:00,,
metrobus,metrobus_vehicle_positions,2026-07-22T06:41:34Z,2026-07-22,20260722T064115Z,9f84ac4e-4adf-479c-9372-c8a4e5b2c119,,,,,,69931,846,1280160,19.508148193359375,-99.17225646972656,0.0,0.0,0.0,,,,1784696329,2026-07-21 22:58:49-06:00,,
metrobus,metrobus_vehicle_positions,2026-07-22T06:41:34Z,2026-07-22,20260722T064115Z,638bd1bb-2a40-40a1-b7e3-7266a281f1b9,,19558,1.0,06:02:22,20260722,69548,605,1280005,19.4041748046875,-99.1136474609375,570.0,44.0,158.4,,,,1784702465,2026-07-22 00:41:05-06:00,,
metrobus,metrobus_vehicle_positions,2026-07-22T06:41:34Z,2026-07-22,20260722T064115Z,03a88221-54c1-44d1-9405-12576f69b695,,,,,,69933,848,1280162,19.508159637451172,-99.17289733886719,0.0,0.0,0.0,,,,1784701937,2026-07-22 00:32:17-06:00,,
metrobus,metrobus_vehicle_positions,2026-07-22T06:41:34Z,2026-07-22,20260722T064115Z,d5c66326-c95c-4a07-a610-e33478a7eee1,,19558,1.0,05:51:50,20260722,69549,606,1280006,19.45473861694336,-99.10784912109375,206.0,48.0,172.8,,,,1784702478,2026-07-22 00:41:18-06:00,,
metrobus,metrobus_vehicle_positions,2026-07-22T06:41:34Z,2026-07-22,20260722T064115Z,4361b80c-2c0f-45f6-ac30-6e6c488a3275,,19558,1.0,05:43:55,20260722,69550,607,1280007,19.46148681640625,-99.1051025390625,216.0,0.0,0.0,,,,1784702471,2026-07-22 00:41:11-06:00,,
metrobus,metrobus_vehicle_positions,2026-07-22T06:41:34Z,2026-07-22,20260722T064115Z,90a8a775-d881-46cd-b965-ca0b40a30d03,,19558,1.0,05:40:47,20260722,69552,609,1280009,19.44054412841797,-99.11365509033203,139.0,0.0,0.0,,,,1784701906,2026-07-22 00:31:46-06:00,,
metrobus,metrobus_vehicle_positions,2026-07-22T06:41:34Z,2026-07-22,20260722T064115Z,2d046ea4-fa3b-435d-95af-e5235f0258dd,,19564,0.0,05:57:58,20260722,69717,2375,1250118,19.389493942260742,-99.05883026123047,305.0,0.0,0.0,,,,1784701806,2026-07-22 00:30:06-06:00,,
metrobus,metrobus_vehicle_positions,2026-07-22T06:41:34Z,2026-07-22,20260722T064115Z,bb355e2a-1516-4fac-a524-f353fe7efa01,,19500,1.0,05:59:30,20260722,69485,1044,1230085,19.403779983520508,-99.1691665649414,171.0,38.0,136.8,,,,1784702481,2026-07-22 00:41:21-06:00,,
metrobus,metrobus_vehicle_positions,2026-07-22T06:41:34Z,2026-07-22,20260722T064115Z,81133d2b-e8b8-4198-a66b-f513a0e51020,,19564,0.0,05:15:10,20260722,69716,2374,1250039,19.38925552368164,-99.05926513671875,210.0,0.0,0.0,,,,1784699620,2026-07-21 23:53:40-06:00,,
metrobus,metrobus_vehicle_positions,2026-07-22T06:41:34Z,2026-07-22,20260722T064115Z,2780df96-df9a-473e-b560-60d7a310e1c6,,,,,,69484,1043,1230084,19.497549057006836,-99.11884307861328,125.0,0.0,0.0,,,,1784702479,2026-07-22 00:41:19-06:00,,
metrobus,metrobus_vehicle_positions,2026-07-22T06:41:34Z,2026-07-22,20260722T064115Z,d1742821-9f9f-43f4-86ac-92b3e9e8becd,,19499,0.0,05:16:20,20260722,69483,1042,1230083,19.499439239501953,-99.11921691894531,0.0,0.0,0.0,,,,1784701954,2026-07-22 00:32:34-06:00,,
metrobus,metrobus_vehicle_positions,2026-07-22T06:41:34Z,2026-07-22,20260722T064115Z,fb7f653f-5ae3-49e1-92bc-246996e5abff,,19566,0.0,04:08:04,20260722,69715,2373,1250038,19.389192581176758,-99.05928039550781,720.0,0.0,0.0,,,,1784695409,2026-07-21 22:43:29-06:00,,
metrobus,metrobus_vehicle_positions,2026-07-22T06:41:34Z,2026-07-22,20260722T064115Z,000913ed-bc9a-4fbd-a95c-f386ee7d321d,,,,,,69714,2372,1250037,19.389114379882812,-99.05924987792969,0.0,0.0,0.0,,,,1784702471,2026-07-22 00:41:11-06:00,,
metrobus,metrobus_vehicle_positions,2026-07-22T06:41:34Z,2026-07-22,20260722T064115Z,f1957779-0722-4b47-be39-33ddd34928c9,,19492,0.0,04:40:04,20260722,69482,1041,1230082,19.500429153442383,-99.11903381347656,999.0,0.0,0.0,,,,1784699407,2026-07-21 23:50:07-06:00,,
metrobus,metrobus_vehicle_positions,2026-07-22T06:41:34Z,2026-07-22,20260722T064115Z,5a4c587d-a527-47f4-842d-6b12e805dd77,,19566,0.0,05:48:12,20260722,69713,2371,1250036,19.38916015625,-99.059326171875,186.0,0.0,0.0,,,,1784702485,2026-07-22 00:41:25-06:00,,
metrobus,metrobus_vehicle_positions,2026-07-22T06:41:34Z,2026-07-22,20260722T064115Z,227ead25-ac22-4d24-ab79-d4e8841a3540,,,,,,69481,1040,1230081,19.49966049194336,-99.11919403076172,145.0,0.0,0.0,,,,1784702483,2026-07-22 00:41:23-06:00,,
metrobus,metrobus_vehicle_positions,2026-07-22T06:41:34Z,2026-07-22,20260722T064115Z,22fc5936-e067-4a1c-b86f-3cd31478eabf,,19563,0.0,04:41:29,20260722,69712,2370,1250035,19.388866424560547,-99.05937194824219,139.0,0.0,0.0,,,,1784697955,2026-07-21 23:25:55-06:00,,
metrobus,metrobus_vehicle_positions,2026-07-22T06:41:34Z,2026-07-22,20260722T064115Z,ab63d673-daf3-4774-8698-35aa0338e867,,19499,0.0,04:47:14,20260722,69480,1039,1230080,19.50050163269043,-99.1190414428711,179.0,0.0,0.0,,,,1784702250,2026-07-22 00:37:30-06:00,,
metrobus,metrobus_vehicle_positions,2026-07-22T06:41:34Z,2026-07-22,20260722T064115Z,32cd117c-7a08-4c69-9919-2199012e55ce,,,,,,69479,1038,1230079,19.498319625854492,-99.11953735351562,188.0,0.0,0.0,,,,1784702478,2026-07-22 00:41:18-06:00,,
metrobus,metrobus_vehicle_positions,2026-07-22T06:41:34Z,2026-07-22,20260722T064115Z,5c904c8b-5bbc-46e5-bcc1-437fa8c918cb,,19563,0.0,06:03:51,20260722,69711,2369,1250034,19.394851684570312,-99.14320373535156,278.0,6.0,21.6,,,,1784702476,2026-07-22 00:41:16-06:00,,
metrobus,metrobus_vehicle_positions,2026-07-22T06:41:34Z,2026-07-22,20260722T064115Z,22426cd0-6a24-4d84-ac3a-7ca9ad797524,,19566,0.0,03:54:36,20260722,69710,2368,ConPermisovencido,19.389095306396484,-99.05924224853516,0.0,0.0,0.0,,,,1784695557,2026-07-21 22:45:57-06:00,,
metrobus,metrobus_vehicle_positions,2026-07-22T06:41:34Z,2026-07-22,20260722T064115Z,ce034212-624f-41e0-9f1c-7a89936d0266,,,,,,69478,1037,1230078,19.499177932739258,-99.11927795410156,0.0,0.0,0.0,,,,1784702478,2026-07-22 00:41:18-06:00,,
metrobus,metrobus_vehicle_positions,2026-07-22T06:41:34Z,2026-07-22,20260722T064115Z,edaf1b6a-89ec-400c-aae8-b863b0d21525,,19566,0.0,05:45:22,20260722,69709,2367,ConPermisovencido,19.388870239257812,-99.05937194824219,770.0,0.0,0.0,,,,1784702301,2026-07-22 00:38:21-06:00,,
metrobus,metrobus_vehicle_positions,2026-07-22T06:41:34Z,2026-07-22,20260722T064115Z,07b2a13e-567d-4a6a-b65a-0fd35df053f9,,19499,0.0,06:38:37,20260722,69477,1036,1230077,19.498647689819336,-99.11866760253906,356.0,0.0,0.0,,,,1784702468,2026-07-22 00:41:08-06:00,,
metrobus,metrobus_vehicle_positions,2026-07-22T06:41:34Z,2026-07-22,20260722T064115Z,0603fb92-d560-422c-afba-86dd84602fa5,,19492,0.0,06:31:15,20260722,69476,1035,1230076,19.499937057495117,-99.11956024169922,294.0,12.0,43.2,,,,1784702477,2026-07-22 00:41:17-06:00,,
metrobus,metrobus_vehicle_positions,2026-07-22T06:41:34Z,2026-07-22,20260722T064115Z,c136d4c3-130d-468f-b299-b62192742600,,19559,0.0,06:33:08,20260722,69554,611,1280011,19.486419677734375,-99.09335327148438,113.0,0.0,0.0,,,,1784702470,2026-07-22 00:41:10-06:00,,
metrobus,metrobus_vehicle_positions,2026-07-22T06:41:34Z,2026-07-22,20260722T064115Z,56162ba5-66c1-436f-9947-156f759d6684,,,,,,69708,2366,1250040,19.389068603515625,-99.05934143066406,320.0,0.0,0.0,,,,1784696188,2026-07-21 22:56:28-06:00,,
metrobus,metrobus_vehicle_positions,2026-07-22T06:41:34Z,2026-07-22,20260722T064115Z,d460deec-0582-4716-9847-d9cc3ea42828,,19559,0.0,06:28:44,20260722,69555,612,1280012,19.487030029296875,-99.09294891357422,130.0,0.0,0.0,,,,1784702477,2026-07-22 00:41:17-06:00,,
metrobus,metrobus_vehicle_positions,2026-07-22T06:41:34Z,2026-07-22,20260722T064115Z,48cf84d4-206a-4dc1-919b-04fb7e88c58e,,,,,,69707,2365,1250116,19.388912200927734,-99.05933380126953,570.0,0.0,0.0,,,,1784702485,2026-07-22 00:41:25-06:00,,
metrobus,metrobus_vehicle_positions,2026-07-22T06:41:34Z,2026-07-22,20260722T064115Z,a6b88030-4fe8-42f6-881b-95382e755485,,,,,,69475,1034,1230075,19.49744415283203,-99.1196517944336,575.0,0.0,0.0,,,,1784702482,2026-07-22 00:41:22-06:00,,
metrobus,metrobus_vehicle_positions,2026-07-22T06:41:34Z,2026-07-22,20260722T064115Z,07876951-455b-4a61-a4b4-87f33ad1acdc,,19559,0.0,06:26:41,20260722,69557,614,1280014,19.48699188232422,-99.0928955078125,116.0,0.0,0.0,,,,1784702475,2026-07-22 00:41:15-06:00,,
metrobus,metrobus_vehicle_positions,2026-07-22T06:41:34Z,2026-07-22,20260722T064115Z,bc5b488b-75ac-40e8-80ea-c7466dc47ce2,,,,,,69559,616,1280016,19.487152099609375,-99.09210968017578,337.0,6.0,21.6,,,,1784690708,2026-07-21 21:25:08-06:00,,
metrobus,metrobus_vehicle_positions,2026-07-22T06:41:34Z,2026-07-22,20260722T064115Z,257fd026-5aab-45f8-938c-d9fc64533766,,,,,,69561,618,1280018,19.48681640625,-99.09253692626953,248.0,0.0,0.0,,,,1784701356,2026-07-22 00:22:36-06:00,,
metrobus,metrobus_vehicle_positions,2026-07-22T06:41:34Z,2026-07-22,20260722T064115Z,1713c0f0-3c31-4e14-a6d2-38e182f97027,,,,,,69562,619,1280019,19.487131118774414,-99.09265899658203,248.0,0.0,0.0,,,,1784695852,2026-07-21 22:50:52-06:00,,
metrobus,metrobus_vehicle_positions,2026-07-22T06:41:34Z,2026-07-22,20260722T064115Z,0c6246da-4df7-47f9-acac-b2397fd18db2,,19500,1.0,05:52:21,20260722,70131,1055,1230154,19.417051315307617,-99.16487884521484,182.0,16.0,57.6,,,,1784702478,2026-07-22 00:41:18-06:00,,
metrobus,metrobus_vehicle_positions,2026-07-22T06:41:34Z,2026-07-22,20260722T064115Z,00fea11f-3633-4d69-919b-796641e6bc7d,,19563,0.0,05:23:45,20260722,69608,2386,003A019,19.387985229492188,-99.05999755859375,147.0,0.0,0.0,,,,1784699090,2026-07-21 23:44:50-06:00,,
metrobus,metrobus_vehicle_positions,2026-07-22T06:41:34Z,2026-07-22,20260722T064115Z,2a30aa52-9cdb-4663-b0b5-ec565fa2f161,,,,,,70130,1054,1230153,19.49979019165039,-99.1187515258789,0.0,0.0,0.0,,,,1784702472,2026-07-22 00:41:12-06:00,,
metrobus,metrobus_vehicle_positions,2026-07-22T06:41:34Z,2026-07-22,20260722T064115Z,b703337c-738c-4015-b4b9-bc35725ddfcb,,,,,,69607,2385,003A023,19.388092041015625,-99.05938720703125,0.0,0.0,0.0,,,,1784598120,2026-07-20 19:42:00-06:00,,
metrobus,metrobus_vehicle_positions,2026-07-22T06:41:34Z,2026-07-22,20260722T064115Z,650eb8fa-2e1c-40ea-982b-055df4144e9a,,19563,0.0,03:46:51,20260722,69606,2384,003A025,19.38835906982422,-99.05945587158203,351.0,0.0,0.0,,,,1784693547,2026-07-21 22:12:27-06:00,,
metrobus,metrobus_vehicle_positions,2026-07-22T06:41:34Z,2026-07-22,20260722T064115Z,948c17e3-68c7-4cac-89e1-8e92cfab6e30,,,,,,70129,1053,1230152,19.500646591186523,-99.11905670166016,0.0,0.0,0.0,,,,1784702471,2026-07-22 00:41:11-06:00,,
metrobus,metrobus_vehicle_positions,2026-07-22T06:41:34Z,2026-07-22,20260722T064115Z,bf31745f-05ec-4d13-8e45-5caf3afd2d0a,,19566,0.0,06:19:53,20260722,69722,2383,1250134,19.38963508605957,-99.05899810791016,304.0,0.0,0.0,,,,1784701841,2026-07-22 00:30:41-06:00,,
metrobus,metrobus_vehicle_positions,2026-07-22T06:41:34Z,2026-07-22,20260722T064115Z,1c5fa47b-51cb-4366-bdcb-0932e9de38d3,,,,,,70128,1052,1230151,19.49951934814453,-99.11882781982422,0.0,0.0,0.0,,,,1784702347,2026-07-22 00:39:07-06:00,,
metrobus,metrobus_vehicle_positions,2026-07-22T06:41:34Z,2026-07-22,20260722T064115Z,811b5d1a-dd8c-4191-ae6a-5ebe5d9cce66,,19566,0.0,05:22:20,20260722,69721,2382,1250125,19.38857650756836,-99.05945587158203,0.0,0.0,0.0,,,,1784702470,2026-07-22 00:41:10-06:00,,
metrobus,metrobus_vehicle_positions,2026-07-22T06:41:34Z,2026-07-22,20260722T064115Z,1586eed1-3a74-4828-9e41-966f7ed404b3,,,,,,70127,1051,1230150,19.499160766601562,-99.11915588378906,0.0,0.0,0.0,,,,1784702478,2026-07-22 00:41:18-06:00,,
metrobus,metrobus_vehicle_positions,2026-07-22T06:41:34Z,2026-07-22,20260722T064115Z,04021d2e-4ac2-4569-8ff3-0448d27c2475,,,,,,69491,1050,1230091,19.500585556030273,-99.1190414428711,0.0,0.0,0.0,,,,1784702483,2026-07-22 00:41:23-06:00,,
metrobus,metrobus_vehicle_positions,2026-07-22T06:41:34Z,2026-07-22,20260722T064115Z,eca35ea5-89ea-45d2-89c8-ca7ac50c00c0,,,,,,69720,2381,1250126,19.388551712036133,-99.05951690673828,0.0,0.0,0.0,,,,1784676549,2026-07-21 17:29:09-06:00,,
metrobus,metrobus_vehicle_positions,2026-07-22T06:41:34Z,2026-07-22,20260722T064115Z,0176632a-df9b-439e-80fa-fad3c0cc80b6,,,,,,69490,1049,1230090,19.498884201049805,-99.11888885498047,313.0,0.0,0.0,,,,1784702479,2026-07-22 00:41:19-06:00,,
metrobus,metrobus_vehicle_positions,2026-07-22T06:41:34Z,2026-07-22,20260722T064115Z,a1c03094-77f7-460e-b9c7-c2642fc97cff,,19564,0.0,05:34:37,20260722,69718,2379,1250115,19.38861846923828,-99.0594482421875,191.0,0.0,0.0,,,,1784702480,2026-07-22 00:41:20-06:00,,
metrobus,metrobus_vehicle_positions,2026-07-22T06:41:34Z,2026-07-22,20260722T064115Z,c5ea5843-fcbb-4ddd-8df6-1e05ef466c94,,,,,,69563,620,1280020,19.486787796020508,-99.09229278564453,0.0,0.0,0.0,,,,1784701732,2026-07-22 00:28:52-06:00,,
metrobus,metrobus_vehicle_positions,2026-07-22T06:41:34Z,2026-07-22,20260722T064115Z,962c1071-a36a-4e22-b340-b43c2c12c818,,,,,,69489,1048,1230089,19.499217987060547,-99.11930847167969,0.0,0.0,0.0,,,,1784700850,2026-07-22 00:14:10-06:00,,
metrobus,metrobus_vehicle_positions,2026-07-22T06:41:34Z,2026-07-22,20260722T064115Z,9e7e0e6d-73c3-4453-810f-4849f3525426,,19499,0.0,06:26:54,20260722,69488,1047,1230088,19.49924659729004,-99.11953735351562,184.0,0.0,0.0,,,,1784702292,2026-07-22 00:38:12-06:00,,
metrobus,metrobus_vehicle_positions,2026-07-22T06:41:34Z,2026-07-22,20260722T064115Z,d2a26c64-6237-49df-9c09-44f25778de69,,,,,,69564,621,1280021,19.48692512512207,-99.09205627441406,0.0,0.0,0.0,,,,1784691343,2026-07-21 21:35:43-06:00,,
metrobus,metrobus_vehicle_positions,2026-07-22T06:41:34Z,2026-07-22,20260722T064115Z,7b8fce85-0da7-4e1e-8575-0fd1f943c58f,,,,,,69605,2378,1250153,19.388912200927734,-99.05941009521484,0.0,0.0,0.0,,,,1782325700,2026-06-24 12:28:20-06:00,,
metrobus,metrobus_vehicle_positions,2026-07-22T06:41:34Z,2026-07-22,20260722T064115Z,92eea0c5-96b0-462b-ae82-8b9880849756,,19559,0.0,06:05:36,20260722,69565,622,1260200,19.48670196533203,-99.09200286865234,110.0,0.0,0.0,,,,1784701812,2026-07-22 00:30:12-06:00,,
metrobus,metrobus_vehicle_positions,2026-07-22T06:41:34Z,2026-07-22,20260722T064115Z,e6bd6863-1c78-434a-bd2a-aee5b6635e67,,19499,0.0,05:40:17,20260722,69487,1046,1230087,19.50045394897461,-99.1189956665039,101.0,0.0,0.0,,,,1784699449,2026-07-21 23:50:49-06:00,,
metrobus,metrobus_vehicle_positions,2026-07-22T06:41:34Z,2026-07-22,20260722T064115Z,c092514a-efc7-4ef9-b20e-6851755b7acc,,,,,,69604,2377,1250152,19.38886260986328,-99.0594482421875,0.0,0.0,0.0,,,,1784630908,2026-07-21 04:48:28-06:00,,
metrobus,metrobus_vehicle_positions,2026-07-22T06:41:34Z,2026-07-22,20260722T064115Z,4b86ea5f-6956-4d88-8229-c3ef6518e95f,,19559,0.0,05:51:45,20260722,69566,623,1260199,19.486955642700195,-99.09246826171875,247.0,0.0,0.0,,,,1784701047,2026-07-22 00:17:27-06:00,,
metrobus,metrobus_vehicle_positions,2026-07-22T06:41:34Z,2026-07-22,20260722T064115Z,329fd415-c8c2-4ea4-bba7-59f6bf63e4ca,,,,,,69486,1045,1230086,19.497806549072266,-99.11963653564453,190.0,0.0,0.0,,,,1784702473,2026-07-22 00:41:13-06:00,,
metrobus,metrobus_vehicle_positions,2026-07-22T06:41:34Z,2026-07-22,20260722T064115Z,da2b241c-17da-4e0e-9f2e-95c4f0fa393f,,20211,0.0,04:42:57,20260722,69567,624,002A971,19.487091064453125,-99.092529296875,248.0,0.0,0.0,,,,1784698044,2026-07-21 23:27:24-06:00,,
metrobus,metrobus_vehicle_positions,2026-07-22T06:41:34Z,2026-07-22,20260722T064115Z,18af6bcf-a940-48fe-92c7-cb8a8065718e,,19559,0.0,05:26:29,20260722,69568,625,002A972,19.486860275268555,-99.09214782714844,110.0,0.0,0.0,,,,1784699285,2026-07-21 23:48:05-06:00,,
metrobus,metrobus_vehicle_positions,2026-07-22T06:41:34Z,2026-07-22,20260722T064115Z,d4e0948b-72db-44aa-93c4-c335bad7f105,,20211,0.0,04:15:46,20260722,69569,626,002A973,19.487573623657227,-99.09358215332031,214.0,0.0,0.0,,,,1784694766,2026-07-21 22:32:46-06:00,,
metrobus,metrobus_vehicle_positions,2026-07-22T06:41:34Z,2026-07-22,20260722T064115Z,43456c86-942b-4575-becb-a5ca80a259b3,,20211,0.0,05:07:19,20260722,69570,627,002A974,19.487037658691406,-99.09193420410156,244.0,0.0,0.0,,,,1784698361,2026-07-21 23:32:41-06:00,,
metrobus,metrobus_vehicle_positions,2026-07-22T06:41:34Z,2026-07-22,20260722T064115Z,ab128fb4-1a5f-46f2-b3e5-719934969233,,20211,0.0,03:40:37,20260722,69571,628,002A975,19.4871883392334,-99.09292602539062,247.0,0.0,0.0,,,,1784693521,2026-07-21 22:12:01-06:00,,
metrobus,metrobus_vehicle_positions,2026-07-22T06:41:34Z,2026-07-22,20260722T064115Z,e08d36b7-b813-4586-9608-526ce304f667,,20211,0.0,04:27:21,20260722,69572,629,002A976,19.487150192260742,-99.09309387207031,244.0,0.0,0.0,,,,1784695333,2026-07-21 22:42:13-06:00,,
metrobus,metrobus_vehicle_positions,2026-07-22T06:41:34Z,2026-07-22,20260722T064115Z,99e9dde7-964c-4f4a-8a5c-6fb3e9fe9c93,,,,,,70142,1066,1300127,19.49976348876953,-99.1188735961914,192.0,0.0,0.0,,,,1784702470,2026-07-22 00:41:10-06:00,,
metrobus,metrobus_vehicle_positions,2026-07-22T06:41:34Z,2026-07-22,20260722T064115Z,2d0dab14-e555-487b-b430-6f442c2d569e,,,,,,70141,1065,1300126,19.498886108398438,-99.11959838867188,929.0,0.0,0.0,,,,1784701819,2026-07-22 00:30:19-06:00,,
metrobus,metrobus_vehicle_positions,2026-07-22T06:41:34Z,2026-07-22,20260722T064115Z,3fa2aa11-8bb8-43d1-9cc2-ce90892206e7,,,,,,70140,1064,1230163,19.498821258544922,-99.11909484863281,0.0,0.0,0.0,,,,1784700632,2026-07-22 00:10:32-06:00,,
metrobus,metrobus_vehicle_positions,2026-07-22T06:41:34Z,2026-07-22,20260722T064115Z,234a2987-300c-44dc-a910-5806ecc49273,,19499,0.0,06:29:23,20260722,70139,1063,1230162,19.499330520629883,-99.11894989013672,142.0,0.0,0.0,,,,1784702471,2026-07-22 00:41:11-06:00,,
metrobus,metrobus_vehicle_positions,2026-07-22T06:41:34Z,2026-07-22,20260722T064115Z,418f956b-d68c-435a-b8c8-d8ea8369b81a,,19499,0.0,05:24:42,20260722,70138,1062,1230161,19.499921798706055,-99.11949157714844,282.0,0.0,0.0,,,,1784702253,2026-07-22 00:37:33-06:00,,
metrobus,metrobus_vehicle_positions,2026-07-22T06:41:34Z,2026-07-22,20260722T064115Z,b38ee126-f43a-4a72-829e-b966ba7efe69,,19499,0.0,04:34:27,20260722,70137,1061,1230160,19.50054359436035,-99.11903381347656,0.0,0.0,0.0,,,,1784702475,2026-07-22 00:41:15-06:00,,
metrobus,metrobus_vehicle_positions,2026-07-22T06:41:34Z,2026-07-22,20260722T064115Z,8bfd83ce-757e-4ba9-a904-4d9a43b41a86,,,,,,70136,1060,1230159,19.499725341796875,-99.1192398071289,176.0,0.0,0.0,,,,1784680563,2026-07-21 18:36:03-06:00,,
metrobus,metrobus_vehicle_positions,2026-07-22T06:41:34Z,2026-07-22,20260722T064115Z,e1b3bcfa-ec8f-437c-919d-c3265b4d38c0,,,,,,69612,2390,003A021,19.388439178466797,-99.05941009521484,0.0,0.0,0.0,,,,1784699806,2026-07-21 23:56:46-06:00,,
metrobus,metrobus_vehicle_positions,2026-07-22T06:41:34Z,2026-07-22,20260722T064115Z,8cf80528-dab4-4175-9683-d83bc90ea436,,20211,0.0,04:47:41,20260722,69573,630,002A977,19.487232208251953,-99.09274291992188,247.0,0.0,0.0,,,,1784697574,2026-07-21 23:19:34-06:00,,
metrobus,metrobus_vehicle_positions,2026-07-22T06:41:34Z,2026-07-22,20260722T064115Z,85275d37-2037-44af-9fe9-baa3d3f7b073,,,,,,70135,1059,1230158,19.499237060546875,-99.11898803710938,850.0,0.0,0.0,,,,1784702118,2026-07-22 00:35:18-06:00,,
metrobus,metrobus_vehicle_positions,2026-07-22T06:41:34Z,2026-07-22,20260722T064115Z,e143ca8f-83bd-4a7c-844a-741ce7d06c3d,,,,,,69574,631,002A978,19.487586975097656,-99.09371185302734,397.0,0.0,0.0,,,,1784687938,2026-07-21 20:38:58-06:00,,
metrobus,metrobus_vehicle_positions,2026-07-22T06:41:34Z,2026-07-22,20260722T064115Z,6ad90100-19f1-4534-94ea-0ab5dd4ce4fd,,19564,0.0,05:39:16,20260722,69611,2389,003A024,19.38802719116211,-99.0594253540039,106.0,0.0,0.0,,,,1784702478,2026-07-22 00:41:18-06:00,,
metrobus,metrobus_vehicle_positions,2026-07-22T06:41:34Z,2026-07-22,20260722T064115Z,5af6842c-e8a0-4af3-bf97-fe4a643fc2e9,,19491,1.0,18:09:05,20260721,70134,1058,1230157,19.44392967224121,-99.1541748046875,219.0,18.0,64.8,,,,1784610266,2026-07-20 23:04:26-06:00,,
metrobus,metrobus_vehicle_positions,2026-07-22T06:41:34Z,2026-07-22,20260722T064115Z,e0c282d6-a8e8-4a19-9941-d6a1ffb27b91,,19559,0.0,05:36:36,20260722,69575,632,002A979,19.486881256103516,-99.09243774414062,244.0,0.0,0.0,,,,1784699802,2026-07-21 23:56:42-06:00,,
metrobus,metrobus_vehicle_positions,2026-07-22T06:41:34Z,2026-07-22,20260722T064115Z,d94d2ea4-95de-402e-9e45-6c6b3e00715d,,19559,0.0,03:42:10,20260722,69576,633,002A980,19.487329483032227,-99.0931396484375,233.0,0.0,0.0,,,,1784693357,2026-07-21 22:09:17-06:00,,
metrobus,metrobus_vehicle_positions,2026-07-22T06:41:34Z,2026-07-22,20260722T064115Z,909a2c2b-2175-4e57-9c58-97000e2a28b8,,,,,,70133,1057,1230156,19.498279571533203,-99.11865234375,930.0,0.0,0.0,,,,1784702474,2026-07-22 00:41:14-06:00,,
metrobus,metrobus_vehicle_positions,2026-07-22T06:41:34Z,2026-07-22,20260722T064115Z,038a402e-6538-4884-a8ef-e95cf7f0e49a,,19563,0.0,04:48:18,20260722,69610,2388,003A022,19.387590408325195,-99.06005096435547,108.0,0.0,0.0,,,,1784696785,2026-07-21 23:06:25-06:00,,
metrobus,metrobus_vehicle_positions,2026-07-22T06:41:34Z,2026-07-22,20260722T064115Z,0617d134-1055-4f87-bea9-ed8cf3d366e0,,19563,0.0,04:55:51,20260722,69609,2387,003A020,19.387800216674805,-99.06000518798828,560.0,0.0,0.0,,,,1784697492,2026-07-21 23:18:12-06:00,,
metrobus,metrobus_vehicle_positions,2026-07-22T06:41:34Z,2026-07-22,20260722T064115Z,35597c6e-3ea8-4aac-bee4-141b30aa4dce,,,,,,70132,1056,1230155,19.49907875061035,-99.119140625,282.0,0.0,0.0,,,,1784702472,2026-07-22 00:41:12-06:00,,
metrobus,metrobus_vehicle_positions,2026-07-22T06:41:34Z,2026-07-22,20260722T064115Z,f5c09316-bb1a-44f2-8b9a-995fd7838da5,,,,,,70153,1077,1230020,19.50060272216797,-99.11922454833984,0.0,0.0,0.0,,,,1784702479,2026-07-22 00:41:19-06:00,,
metrobus,metrobus_vehicle_positions,2026-07-22T06:41:34Z,2026-07-22,20260722T064115Z,1fa2a29a-90d2-43df-aee2-7b70bcf587f8,,,,,,70152,1076,1230002,19.49786949157715,-99.11939239501953,0.0,0.0,0.0,,,,1784702053,2026-07-22 00:34:13-06:00,,
metrobus,metrobus_vehicle_positions,2026-07-22T06:41:34Z,2026-07-22,20260722T064115Z,f24c75e6-1322-4823-85a8-cf059e64f23e,,,,,,70151,1075,1230007,19.499422073364258,-99.11907958984375,0.0,0.0,0.0,,,,1784702476,2026-07-22 00:41:16-06:00,,
metrobus,metrobus_vehicle_positions,2026-07-22T06:41:34Z,2026-07-22,20260722T064115Z,8208ff92-66f8-4366-92c1-2fcab78068d7,,19499,0.0,06:12:33,20260722,70150,1074,1300135,19.499223709106445,-99.11943817138672,0.0,0.0,0.0,,,,1784702454,2026-07-22 00:40:54-06:00,,
metrobus,metrobus_vehicle_positions,2026-07-22T06:41:34Z,2026-07-22,20260722T064115Z,87a4151b-0294-4680-9cd7-050ad4ab4203,,19492,0.0,06:05:03,20260722,70149,1073,1300134,19.499181747436523,-99.11969757080078,194.0,0.0,0.0,,,,1784702472,2026-07-22 00:41:12-06:00,,
metrobus,metrobus_vehicle_positions,2026-07-22T06:41:34Z,2026-07-22,20260722T064115Z,a18f1da1-590d-4ef5-92c1-f800445b2c76,,,,,,70148,1072,1300133,19.499252319335938,-99.11893463134766,0.0,0.0,0.0,,,,1784702474,2026-07-22 00:41:14-06:00,,
metrobus,metrobus_vehicle_positions,2026-07-22T06:41:34Z,2026-07-22,20260722T064115Z,520266fe-8f37-444c-8472-3d18235442bf,,19494,0.0,05:37:03,20260722,70147,1071,1300132,19.499359130859375,-99.11905670166016,0.0,0.0,0.0,,,,1784701713,2026-07-22 00:28:33-06:00,,
metrobus,metrobus_vehicle_positions,2026-07-22T06:41:34Z,2026-07-22,20260722T064115Z,5f27a9d9-4eb8-4f82-a688-a9e8ce42924c,,19499,0.0,06:28:54,20260722,70146,1070,1300131,19.49947166442871,-99.11888122558594,160.0,0.0,0.0,,,,1784702473,2026-07-22 00:41:13-06:00,,
metrobus,metrobus_vehicle_positions,2026-07-22T06:41:34Z,2026-07-22,20260722T064115Z,b63c7ce2-61f5-460f-a84f-89cc42d7267f,,19491,1.0,20:46:48,20260721,70145,1069,1300130,19.485973358154297,-99.12462615966797,201.0,0.0,0.0,,,,1784670926,2026-07-21 15:55:26-06:00,,
metrobus,metrobus_vehicle_positions,2026-07-22T06:41:34Z,2026-07-22,20260722T064115Z,0787966e-03f2-43eb-ace2-2bad8d449784,,19499,0.0,05:02:39,20260722,70144,1068,1300129,19.499755859375,-99.11943054199219,0.0,0.0,0.0,,,,1784702476,2026-07-22 00:41:16-06:00,,
metrobus,metrobus_vehicle_positions,2026-07-22T06:41:34Z,2026-07-22,20260722T064115Z,dc95e845-b32a-4128-a196-22e4726602a8,,,,,,70143,1067,1300128,19.49871826171875,-99.11919403076172,101.0,0.0,0.0,,,,1784698469,2026-07-21 23:34:29-06:00,,
metrobus,metrobus_vehicle_positions,2026-07-22T06:41:34Z,2026-07-22,20260722T064115Z,655f5e15-4148-40a9-9700-9ff0478ec998,,,,,,70597,A9_TESTE,,-22.92736053466797,-43.677703857421875,305.0,0.0,0.0,,,,1784711490,2026-07-22 03:11:30-06:00,,
metrobus,metrobus_vehicle_positions,2026-07-22T06:41:34Z,2026-07-22,20260722T064115Z,4f8fe750-ced6-4ab8-b9c2-b82bb029e8a1,,,,,,69945,1087,1230140,19.322956085205078,-99.17313385009766,0.0,0.0,0.0,,,,1784702477,2026-07-22 00:41:17-06:00,,
metrobus,metrobus_vehicle_positions,2026-07-22T06:41:34Z,2026-07-22,20260722T064115Z,61e42592-24ef-4dff-9b9b-29c19c180d8a,,,,,,69944,1086,1230139,19.322969436645508,-99.17295837402344,349.0,0.0,0.0,,,,1784699703,2026-07-21 23:55:03-06:00,,
metrobus,metrobus_vehicle_positions,2026-07-22T06:41:34Z,2026-07-22,20260722T064115Z,028ae092-cd3f-4a4c-93fe-cc112f89b292,,,,,,69943,1085,1230138,19.321773529052734,-99.1727294921875,340.0,0.0,0.0,,,,1784702479,2026-07-22 00:41:19-06:00,,
metrobus,metrobus_vehicle_positions,2026-07-22T06:41:34Z,2026-07-22,20260722T064115Z,7fa3e7ef-679b-4a81-97d7-5d06958b07a6,,,,,,69942,1084,1230137,19.322603225708008,-99.17337036132812,0.0,0.0,0.0,,,,1784702474,2026-07-22 00:41:14-06:00,,
metrobus,metrobus_vehicle_positions,2026-07-22T06:41:34Z,2026-07-22,20260722T064115Z,55d92fdf-5332-4137-b839-efa548e7a15d,,,,,,69941,1083,1230136,19.322587966918945,-99.17264556884766,345.0,0.0,0.0,,,,1784695536,2026-07-21 22:45:36-06:00,,
metrobus,metrobus_vehicle_positions,2026-07-22T06:41:34Z,2026-07-22,20260722T064115Z,ad64bf17-c972-46a6-a929-3d82be563911,,,,,,69940,1082,1230135,0.0,0.0,0.0,0.0,0.0,,,,1784666505,2026-07-21 14:41:45-06:00,,
metrobus,metrobus_vehicle_positions,2026-07-22T06:41:34Z,2026-07-22,20260722T064115Z,20e51330-23fa-4e10-aa6f-8a05f574024c,,,,,,69939,1081,1230134,19.323646545410156,-99.17547607421875,354.0,0.0,0.0,,,,1784701493,2026-07-22 00:24:53-06:00,,
metrobus,metrobus_vehicle_positions,2026-07-22T06:41:34Z,2026-07-22,20260722T064115Z,bb898be8-c658-4475-9323-29f73d324655,,,,,,70154,1078,1230003,19.497636795043945,-99.11983489990234,247.0,0.0,0.0,,,,1784702479,2026-07-22 00:41:19-06:00,,
metrobus,metrobus_vehicle_positions,2026-07-22T06:41:34Z,2026-07-22,20260722T064115Z,0a76c11b-5020-4ac8-85bf-026f606b1450,,,,,,69946,1091,1230144,19.320276260375977,-99.17279052734375,343.0,0.0,0.0,,,,1784695655,2026-07-21 22:47:35-06:00,,
metrobus,metrobus_vehicle_positions,2026-07-22T06:41:34Z,2026-07-22,20260722T064115Z,5d45390e-468a-44df-9459-06e1b7d8858d,,,,,,69954,1099,1220118,19.320629119873047,-99.17234802246094,349.0,0.0,0.0,,,,1784697449,2026-07-21 23:17:29-06:00,,
metrobus,metrobus_vehicle_positions,2026-07-22T06:41:34Z,2026-07-22,20260722T064115Z,4a69f79f-7280-4d06-b4bb-89fb1caf0d6a,,19500,1.0,06:28:39,20260722,69953,1098,1210117,19.309755325317383,-99.17484283447266,653.0,31.0,111.60000000000001,,,,1784702472,2026-07-22 00:41:12-06:00,,
metrobus,metrobus_vehicle_positions,2026-07-22T06:41:34Z,2026-07-22,20260722T064115Z,61851478-963c-4b0d-a4bb-eb83d21b7770,,,,,,69952,1097,1230115,19.31879425048828,-99.17682647705078,354.0,0.0,0.0,,,,1784700693,2026-07-22 00:11:33-06:00,,
metrobus,metrobus_vehicle_positions,2026-07-22T06:41:34Z,2026-07-22,20260722T064115Z,ef090e56-f065-41f4-ab7e-044d0b332163,,19499,0.0,05:33:19,20260722,69951,1096,1230149,19.281164169311523,-99.17204284667969,115.0,49.0,176.4,,,,1784702467,2026-07-22 00:41:07-06:00,,
metrobus,metrobus_vehicle_positions,2026-07-22T06:41:34Z,2026-07-22,20260722T064115Z,2a63fa2b-82f0-44e1-b039-282c6105d6b9,,,,,,69950,1095,1230148,19.3209285736084,-99.17280578613281,352.0,0.0,0.0,,,,1784697942,2026-07-21 23:25:42-06:00,,
metrobus,metrobus_vehicle_positions,2026-07-22T06:41:34Z,2026-07-22,20260722T064115Z,9dc8b4c2-3c6b-49a2-8b02-889d9f5804ed,,19500,1.0,06:27:38,20260722,69949,1094,1230147,19.311756134033203,-99.17094421386719,495.0,24.0,86.4,,,,1784702471,2026-07-22 00:41:11-06:00,,
metrobus,metrobus_vehicle_positions,2026-07-22T06:41:34Z,2026-07-22,20260722T064115Z,eff758a5-947e-4144-b0e1-7d53c6c62c48,,,,,,69948,1093,1230146,19.32276153564453,-99.17333984375,0.0,0.0,0.0,,,,1784686481,2026-07-21 20:14:41-06:00,,
metrobus,metrobus_vehicle_positions,2026-07-22T06:41:34Z,2026-07-22,20260722T064115Z,c02c0c1a-ac1e-47d1-8ad8-d86e55700317,,,,,,69947,1092,1230145,19.32141876220703,-99.17264556884766,348.0,0.0,0.0,,,,1784661799,2026-07-21 13:23:19-06:00,,
metrobus,metrobus_vehicle_positions,2026-07-22T06:41:34Z,2026-07-22,20260722T064115Z,52729089-b470-4ae3-8a68-c3ace9295598,,,,,,69995,681,1210391,19.48925018310547,-99.09259033203125,305.0,0.0,0.0,,,,1784674683,2026-07-21 16:58:03-06:00,,
metrobus,metrobus_vehicle_positions,2026-07-22T06:41:34Z,2026-07-22,20260722T064115Z,df17eac8-e125-43a2-8c4a-01acfa29c053,,,,,,69997,683,1210396,19.490114212036133,-99.09158325195312,0.0,0.0,0.0,,,,1784671529,2026-07-21 16:05:29-06:00,,
metrobus,metrobus_vehicle_positions,2026-07-22T06:41:34Z,2026-07-22,20260722T064115Z,c3f6b2bd-8c84-4436-81ed-dd92729705c2,,,,,,69999,685,1210392,19.490081787109375,-99.09159088134766,0.0,0.0,0.0,,,,1784332603,2026-07-17 17:56:43-06:00,,
metrobus,metrobus_vehicle_positions,2026-07-22T06:41:34Z,2026-07-22,20260722T064115Z,5b09f4d0-1150-44a6-a668-920271f4e7e5,,19559,0.0,23:20:35,20260721,71108,9601,,19.48687744140625,-99.09296417236328,248.0,0.0,0.0,,,,1784676547,2026-07-21 17:29:07-06:00,,
metrobus,metrobus_vehicle_positions,2026-07-22T06:41:34Z,2026-07-22,20260722T064115Z,f9fb0579-a693-465c-b7c6-0d6acb77a56f,,,,,,71180,5001,,19.423131942749023,-99.09173583984375,564.0,0.0,0.0,,,,1784699583,2026-07-21 23:53:03-06:00,,
metrobus,metrobus_vehicle_positions,2026-07-22T06:41:34Z,2026-07-22,20260722T064115Z,d9822de1-4ef4-4cff-8b59-d083b6fe4700,,,,,,71181,5002,,19.422983169555664,-99.0918197631836,174.0,0.0,0.0,,,,1784702468,2026-07-22 00:41:08-06:00,,
metrobus,metrobus_vehicle_positions,2026-07-22T06:41:34Z,2026-07-22,20260722T064115Z,fc8cf6aa-0a67-47fe-9739-cbb71d8b2c5a,,,,,,71148,5003,,19.423002243041992,-99.09246063232422,202.0,0.0,0.0,,,,1784701072,2026-07-22 00:17:52-06:00,,
metrobus,metrobus_vehicle_positions,2026-07-22T06:41:34Z,2026-07-22,20260722T064115Z,d99709b6-2189-48ee-bbae-7b8456d9c9e5,,,,,,72679,5004,,19.42311668395996,-99.09156036376953,0.0,0.0,0.0,,,,1784702395,2026-07-22 00:39:55-06:00,,
metrobus,metrobus_vehicle_positions,2026-07-22T06:41:34Z,2026-07-22,20260722T064115Z,2ec8a539-21a0-4442-ae8d-e71b223ebdd1,,,,,,69973,214,1210395,19.38549041748047,-99.04554748535156,120.0,0.0,0.0,,,,1784635511,2026-07-21 06:05:11-06:00,,
metrobus,metrobus_vehicle_positions,2026-07-22T06:41:34Z,2026-07-22,20260722T064115Z,55f5a8cd-283a-4ff0-988b-83d958fa4fe1,,,,,,73095,457,,19.51070213317871,-99.15718078613281,781.0,0.0,0.0,,,,1784691934,2026-07-21 21:45:34-06:00,,
metrobus,metrobus_vehicle_positions,2026-07-22T06:41:34Z,2026-07-22,20260722T064115Z,72aa7b10-4341-438f-9979-5f783c8b230a,,19559,0.0,06:03:41,20260722,69977,218,001A212,19.489944458007812,-99.09180450439453,197.0,0.0,0.0,,,,1784702475,2026-07-22 00:41:15-06:00,,
metrobus,metrobus_vehicle_positions,2026-07-22T06:41:34Z,2026-07-22,20260722T064115Z,d94dcf29-8fce-48ef-a169-74747ea092d1,,,,,,69978,219,001A213,19.38575553894043,-99.04544830322266,0.0,0.0,0.0,,,,1783718849,2026-07-10 15:27:29-06:00,,
metrobus,metrobus_vehicle_positions,2026-07-22T06:41:34Z,2026-07-22,20260722T064115Z,dbe94555-110a-44bf-b6d8-675dc33638d3,,,,,,71171,5010,,19.42262840270996,-99.09268188476562,0.0,0.0,0.0,,,,1784699588,2026-07-21 23:53:08-06:00,,
metrobus,metrobus_vehicle_positions,2026-07-22T06:41:34Z,2026-07-22,20260722T064115Z,e927622c-0953-4355-8904-5a8965ed6652,,,,,,71178,5011,,19.42286491394043,-99.09249877929688,213.0,0.0,0.0,,,,1784695323,2026-07-21 22:42:03-06:00,,
metrobus,metrobus_vehicle_positions,2026-07-22T06:41:34Z,2026-07-22,20260722T064115Z,ce449c1a-bff5-4b08-94e5-eb384fdaf8f0,,,,,,71173,5012,,19.417402267456055,-99.09111022949219,300.0,0.0,0.0,,,,1784702473,2026-07-22 00:41:13-06:00,,
metrobus,metrobus_vehicle_positions,2026-07-22T06:41:34Z,2026-07-22,20260722T064115Z,14300f87-c3ba-4e72-b7ca-e5ea5033c8c3,,,,,,71156,5013,,19.419286727905273,-99.09310150146484,324.0,0.0,0.0,,,,1784702482,2026-07-22 00:41:22-06:00,,
metrobus,metrobus_vehicle_positions,2026-07-22T06:41:34Z,2026-07-22,20260722T064115Z,7828c8e9-79b3-420a-adab-29a493d90c58,,19520,1.0,04:19:57,20260722,71182,5014,,19.4228572845459,-99.09243774414062,211.0,0.0,0.0,,,,1784697132,2026-07-21 23:12:12-06:00,,
metrobus,metrobus_vehicle_positions,2026-07-22T06:41:34Z,2026-07-22,20260722T064115Z,ad901692-9d42-4a37-ba25-fe321daaa351,,,,,,72629,5015,,19.422775268554688,-99.0924301147461,211.0,0.0,0.0,,,,1784698011,2026-07-21 23:26:51-06:00,,
metrobus,metrobus_vehicle_positions,2026-07-22T06:41:34Z,2026-07-22,20260722T064115Z,202e4a7c-96e6-406c-9f36-072b19ee5bd8,,,,,,69814,461,1260117,19.45137596130371,-99.14219665527344,103.0,32.0,115.2,,,,1784328816,2026-07-17 16:53:36-06:00,,
metrobus,metrobus_vehicle_positions,2026-07-22T06:41:34Z,2026-07-22,20260722T064115Z,d305c9bc-2844-444d-8cd4-5a32491b6750,,,,,,69815,462,1260118,19.507631301879883,-99.17150115966797,109.0,0.0,0.0,,,,1784701373,2026-07-22 00:22:53-06:00,,
metrobus,metrobus_vehicle_positions,2026-07-22T06:41:34Z,2026-07-22,20260722T064115Z,5cf86fce-41b3-4893-96e4-2c607f9dbd6f,,,,,,69979,220,001A214,19.490047454833984,-99.09159851074219,186.0,0.0,0.0,,,,1784670594,2026-07-21 15:49:54-06:00,,
metrobus,metrobus_vehicle_positions,2026-07-22T06:41:34Z,2026-07-22,20260722T064115Z,0c004f4f-5594-4411-b506-2bb3a874c2ee,,,,,,69816,463,1260119,19.47994041442871,-99.15130615234375,111.0,0.0,0.0,,,,1784686790,2026-07-21 20:19:50-06:00,,
metrobus,metrobus_vehicle_positions,2026-07-22T06:41:34Z,2026-07-22,20260722T064115Z,58bdc8f1-77d6-4fea-9bbc-6a555d7010b6,,,,,,69980,221,001A142,19.385400772094727,-99.0455322265625,0.0,0.0,0.0,,,,1784702005,2026-07-22 00:33:25-06:00,,
metrobus,metrobus_vehicle_positions,2026-07-22T06:41:34Z,2026-07-22,20260722T064115Z,12fb1be5-4981-4d51-ac84-1a78c384dbfe,,,,,,69817,464,1260120,19.50772476196289,-99.17156982421875,106.0,0.0,0.0,,,,1784702478,2026-07-22 00:41:18-06:00,,
metrobus,metrobus_vehicle_positions,2026-07-22T06:41:34Z,2026-07-22,20260722T064115Z,40c0b341-ef8e-425f-a34c-e05411e0cca4,,,,,,69981,222,001A143,19.351476669311523,-99.03755187988281,301.0,0.0,0.0,,,,1784660942,2026-07-21 13:09:02-06:00,,
metrobus,metrobus_vehicle_positions,2026-07-22T06:41:34Z,2026-07-22,20260722T064115Z,53b463d4-a17d-42d8-abf6-4412056bd11c,,19456,1.0,06:23:02,20260722,69818,465,1260121,19.489810943603516,-99.15204620361328,341.0,11.0,39.6,,,,1784702480,2026-07-22 00:41:20-06:00,,
metrobus,metrobus_vehicle_positions,2026-07-22T06:41:34Z,2026-07-22,20260722T064115Z,2875fbc9-6be0-48ff-8018-825697547cb4,,,,,,69982,223,001A144,19.3856201171875,-99.04570007324219,0.0,0.0,0.0,,,,1782198684,2026-06-23 01:11:24-06:00,,
metrobus,metrobus_vehicle_positions,2026-07-22T06:41:34Z,2026-07-22,20260722T064115Z,5f7841be-757c-4530-8c9f-d5380749c66e,,,,,,69819,466,1260122,19.510786056518555,-99.15739440917969,238.0,0.0,0.0,,,,1784526897,2026-07-19 23:54:57-06:00,,
metrobus,metrobus_vehicle_positions,2026-07-22T06:41:34Z,2026-07-22,20260722T064115Z,e8da1bdd-9cd8-474f-84f8-adf4b935b063,,,,,,69983,224,001A145,19.490068435668945,-99.09178161621094,0.0,0.0,0.0,,,,1784699990,2026-07-21 23:59:50-06:00,,
metrobus,metrobus_vehicle_positions,2026-07-22T06:41:34Z,2026-07-22,20260722T064115Z,8e618238-92e3-4d4b-b91a-766f1930fbf8,,,,,,69820,467,1260123,19.507673263549805,-99.17158508300781,105.0,0.0,0.0,,,,1784702299,2026-07-22 00:38:19-06:00,,
metrobus,metrobus_vehicle_positions,2026-07-22T06:41:34Z,2026-07-22,20260722T064115Z,ece059ac-8b54-441b-a600-c0302cfb30f9,,19564,0.0,05:43:42,20260722,69984,225,001A146,19.385658264160156,-99.04572296142578,0.0,0.0,0.0,,,,1784702207,2026-07-22 00:36:47-06:00,,
metrobus,metrobus_vehicle_positions,2026-07-22T06:41:34Z,2026-07-22,20260722T064115Z,a63e3c06-5486-4239-9f2f-ae8746ca4093,,,,,,69821,468,1260124,19.51072120666504,-99.15763092041016,0.0,0.0,0.0,,,,1784697343,2026-07-21 23:15:43-06:00,,
metrobus,metrobus_vehicle_positions,2026-07-22T06:41:34Z,2026-07-22,20260722T064115Z,918aa442-6d22-4811-ad32-87dcd93089f2,,19564,0.0,05:47:16,20260722,69985,226,001A147,19.385520935058594,-99.04574584960938,0.0,0.0,0.0,,,,1784702025,2026-07-22 00:33:45-06:00,,
metrobus,metrobus_vehicle_positions,2026-07-22T06:41:34Z,2026-07-22,20260722T064115Z,8deabaec-c9d9-4a6f-99e9-58a2410efc54,,,,,,69986,227,001A148,19.490005493164062,-99.09169006347656,167.0,0.0,0.0,,,,1784702473,2026-07-22 00:41:13-06:00,,
metrobus,metrobus_vehicle_positions,2026-07-22T06:41:34Z,2026-07-22,20260722T064115Z,7247ece2-7e97-4e9d-89ba-e905c6c93f69,,19460,1.0,05:44:33,20260722,69822,469,1260125,19.511205673217773,-99.16018676757812,340.0,50.0,180.0,,,,1784702478,2026-07-22 00:41:18-06:00,,
metrobus,metrobus_vehicle_positions,2026-07-22T06:41:34Z,2026-07-22,20260722T064115Z,168ad5c8-4651-47c3-b2f2-2ef322829fe1,,,,,,71154,5005,,19.422836303710938,-99.09263610839844,212.0,0.0,0.0,,,,1784699636,2026-07-21 23:53:56-06:00,,
metrobus,metrobus_vehicle_positions,2026-07-22T06:41:34Z,2026-07-22,20260722T064115Z,fe7f4e12-7fab-42c9-b606-27789e77a37e,,,,,,69987,228,001A149,19.385452270507812,-99.04554748535156,0.0,0.0,0.0,,,,1784699875,2026-07-21 23:57:55-06:00,,
metrobus,metrobus_vehicle_positions,2026-07-22T06:41:34Z,2026-07-22,20260722T064115Z,85cee049-0f78-43ef-bc7c-e2264ce6fc19,,19563,0.0,06:12:14,20260722,69988,229,001A150,19.385482788085938,-99.04573822021484,121.0,0.0,0.0,,,,1784702323,2026-07-22 00:38:43-06:00,,
metrobus,metrobus_vehicle_positions,2026-07-22T06:41:34Z,2026-07-22,20260722T064115Z,19eafd85-bc4b-4a90-a27e-f5a16f08a732,,,,,,71223,5006,,19.41942024230957,-99.09295654296875,343.0,0.0,0.0,,,,1784702481,2026-07-22 00:41:21-06:00,,
metrobus,metrobus_vehicle_positions,2026-07-22T06:41:34Z,2026-07-22,20260722T064115Z,4b57fa57-962e-47d6-b18a-e30dfc782a95,,,,,,71172,5007,,19.422521591186523,-99.0926284790039,207.0,0.0,0.0,,,,1784699042,2026-07-21 23:44:02-06:00,,
metrobus,metrobus_vehicle_positions,2026-07-22T06:41:34Z,2026-07-22,20260722T064115Z,dd3f0420-098a-4f6c-9c88-32e22530fe44,,,,,,71175,5008,,19.42275047302246,-99.09246826171875,209.0,0.0,0.0,,,,1784696918,2026-07-21 23:08:38-06:00,,
metrobus,metrobus_vehicle_positions,2026-07-22T06:41:34Z,2026-07-22,20260722T064115Z,7d9bf8b7-46e1-4b0d-bde1-f7c27369d49d,,,,,,71184,5009,,19.42284393310547,-99.09253692626953,209.0,0.0,0.0,,,,1784700908,2026-07-22 00:15:08-06:00,,
metrobus,metrobus_vehicle_positions,2026-07-22T06:41:34Z,2026-07-22,20260722T064115Z,33f60d3d-c383-47ca-af3a-d8d7645bf020,,,,,,72778,5020,,19.423011779785156,-99.0916519165039,0.0,0.0,0.0,,,,1784688893,2026-07-21 20:54:53-06:00,,
metrobus,metrobus_vehicle_positions,2026-07-22T06:41:34Z,2026-07-22,20260722T064115Z,ce4a25ae-4605-40b8-9e97-d13b49213c7b,,,,,,71153,5021,,19.42265510559082,-99.09227752685547,295.0,0.0,0.0,,,,1784702451,2026-07-22 00:40:51-06:00,,
metrobus,metrobus_vehicle_positions,2026-07-22T06:41:34Z,2026-07-22,20260722T064115Z,2df7893c-dcb9-42e8-9b1f-7c42e535dc50,,,,,,71152,5022,,19.42287254333496,-99.09254455566406,213.0,0.0,0.0,,,,1784700293,2026-07-22 00:04:53-06:00,,
metrobus,metrobus_vehicle_positions,2026-07-22T06:41:34Z,2026-07-22,20260722T064115Z,7fbbd9f8-d7fe-471f-af42-d9b16010c1c2,,,,,,71176,5023,,19.418249130249023,-99.09255981445312,302.0,0.0,0.0,,,,1784702476,2026-07-22 00:41:16-06:00,,
metrobus,metrobus_vehicle_positions,2026-07-22T06:41:34Z,2026-07-22,20260722T064115Z,76f14c8e-accf-4fb9-ae57-993f2e8d60d9,,,,,,71155,5024,,19.42258071899414,-99.0919189453125,210.0,0.0,0.0,,,,1784702480,2026-07-22 00:41:20-06:00,,
metrobus,metrobus_vehicle_positions,2026-07-22T06:41:34Z,2026-07-22,20260722T064115Z,2ed96398-b6b7-4e79-8d09-2d0d3c0cbb74,,,,,,71190,5025,,19.418325424194336,-99.09268951416016,302.0,0.0,0.0,,,,1784702475,2026-07-22 00:41:15-06:00,,
metrobus,metrobus_vehicle_positions,2026-07-22T06:41:34Z,2026-07-22,20260722T064115Z,3e0cff9c-7292-468f-8435-fe26149ccc3f,,,,,,71191,5026,,19.42281723022461,-99.09202575683594,0.0,0.0,0.0,,,,1784698656,2026-07-21 23:37:36-06:00,,
metrobus,metrobus_vehicle_positions,2026-07-22T06:41:34Z,2026-07-22,20260722T064115Z,2a40a272-8fbf-43dc-9af7-aeea63b60ce6,,19459,0.0,06:18:28,20260722,69823,470,1260126,19.510543823242188,-99.15795135498047,310.0,3.0,10.8,,,,1784702479,2026-07-22 00:41:19-06:00,,
metrobus,metrobus_vehicle_positions,2026-07-22T06:41:34Z,2026-07-22,20260722T064115Z,49f6f40f-9218-4415-a877-816baa9b135e,,,,,,69824,471,1260127,19.507740020751953,-99.17174530029297,113.0,0.0,0.0,,,,1784701787,2026-07-22 00:29:47-06:00,,
metrobus,metrobus_vehicle_positions,2026-07-22T06:41:34Z,2026-07-22,20260722T064115Z,21f432b2-39a1-4274-a5c3-5331c4c3d89e,,,,,,69989,230,001A151,19.490060806274414,-99.09184265136719,200.0,0.0,0.0,,,,1784701801,2026-07-22 00:30:01-06:00,,
metrobus,metrobus_vehicle_positions,2026-07-22T06:41:34Z,2026-07-22,20260722T064115Z,55ee9923-531b-414e-82aa-529881054ad9,,,,,,69825,472,1260128,19.5101261138916,-99.15955352783203,272.0,0.0,0.0,,,,1784702485,2026-07-22 00:41:25-06:00,,
metrobus,metrobus_vehicle_positions,2026-07-22T06:41:34Z,2026-07-22,20260722T064115Z,1b737226-2697-44a0-9cf4-08c5cf0fa8e7,,,,,,69990,231,001A152,19.385446548461914,-99.04553985595703,0.0,0.0,0.0,,,,1784702458,2026-07-22 00:40:58-06:00,,
metrobus,metrobus_vehicle_positions,2026-07-22T06:41:34Z,2026-07-22,20260722T064115Z,a76f9c39-fc1a-46da-923e-4e248c67c9f9,,19563,0.0,05:49:58,20260722,69991,232,001A153,19.40352439880371,-99.1708755493164,269.0,0.0,0.0,,,,1784702473,2026-07-22 00:41:13-06:00,,
metrobus,metrobus_vehicle_positions,2026-07-22T06:41:34Z,2026-07-22,20260722T064115Z,b9db5e02-e1fe-4ba5-908a-4c32d00262a2,,,,,,69992,233,001A154,19.490007400512695,-99.09174346923828,206.0,0.0,0.0,,,,1784702484,2026-07-22 00:41:24-06:00,,
metrobus,metrobus_vehicle_positions,2026-07-22T06:41:34Z,2026-07-22,20260722T064115Z,21f1ef77-d95a-49b1-a860-d036381460f1,,19567,1.0,06:07:49,20260722,69994,235,001A156,19.393844604492188,-99.09033203125,124.0,0.0,0.0,,,,1784702478,2026-07-22 00:41:18-06:00,,
metrobus,metrobus_vehicle_positions,2026-07-22T06:41:34Z,2026-07-22,20260722T064115Z,c379e527-dc92-4ebb-88d4-a2819dc7eab9,,,,,,71179,5016,,19.422752380371094,-99.09207153320312,292.0,0.0,0.0,,,,1784702480,2026-07-22 00:41:20-06:00,,
metrobus,metrobus_vehicle_positions,2026-07-22T06:41:34Z,2026-07-22,20260722T064115Z,bc833490-7eef-423e-be2e-3a35cbcff352,,,,,,72777,5017,,19.422752380371094,-99.09249114990234,205.0,0.0,0.0,,,,1784699427,2026-07-21 23:50:27-06:00,,
metrobus,metrobus_vehicle_positions,2026-07-22T06:41:34Z,2026-07-22,20260722T064115Z,6975e18c-b3dc-4f6e-b33f-e1cb9ff32ab8,,,,,,71186,5018,,19.42279815673828,-99.09203338623047,306.0,0.0,0.0,,,,1784699612,2026-07-21 23:53:32-06:00,,
metrobus,metrobus_vehicle_positions,2026-07-22T06:41:34Z,2026-07-22,20260722T064115Z,240c69bf-9c27-4c72-bd3a-73dffb9990d1,,,,,,71188,5019,,19.42255973815918,-99.09263610839844,0.0,0.0,0.0,,,,1784700449,2026-07-22 00:07:29-06:00,,
metrobus,metrobus_vehicle_positions,2026-07-22T06:41:34Z,2026-07-22,20260722T064115Z,ae5204d4-d57d-430c-9c9d-33f5ffa93c70,,,,,,71195,5030,,19.397445678710938,-99.0134506225586,0.0,0.0,0.0,,,,1784702370,2026-07-22 00:39:30-06:00,,
metrobus,metrobus_vehicle_positions,2026-07-22T06:41:34Z,2026-07-22,20260722T064115Z,d33d2e27-9a05-40a9-be96-785640d95355,,,,,,71196,5031,,19.42279052734375,-99.09211730957031,0.0,0.0,0.0,,,,1784702177,2026-07-22 00:36:17-06:00,,
metrobus,metrobus_vehicle_positions,2026-07-22T06:41:34Z,2026-07-22,20260722T064115Z,204749b4-1211-4874-9e1e-bfe603ce4a81,,,,,,71198,5032,,19.416759490966797,-99.076416015625,206.0,0.0,0.0,,,,1784700083,2026-07-22 00:01:23-06:00,,
metrobus,metrobus_vehicle_positions,2026-07-22T06:41:34Z,2026-07-22,20260722T064115Z,0d71f02a-e8b2-4a25-a7e9-f161eb3311f6,,,,,,71202,5033,,19.445598602294922,-99.15218353271484,355.0,0.0,0.0,,,,1784667470,2026-07-21 14:57:50-06:00,,
metrobus,metrobus_vehicle_positions,2026-07-22T06:41:34Z,2026-07-22,20260722T064115Z,be7b2bfb-1f70-4ca9-b91a-eeddd1c570dc,,,,,,71203,5034,,19.42324447631836,-99.09183502197266,0.0,0.0,0.0,,,,1784699075,2026-07-21 23:44:35-06:00,,
metrobus,metrobus_vehicle_positions,2026-07-22T06:41:34Z,2026-07-22,20260722T064115Z,400dd4d8-d580-4fe1-9e87-b420a0b23d0a,,,,,,74948,5035,,19.420543670654297,-99.09223937988281,316.0,0.0,0.0,,,,1784702470,2026-07-22 00:41:10-06:00,,
metrobus,metrobus_vehicle_positions,2026-07-22T06:41:34Z,2026-07-22,20260722T064115Z,6178073f-cba5-400c-9357-41234924f270,,,,,,71205,5036,,19.42310905456543,-99.09246826171875,212.0,0.0,0.0,,,,1784701212,2026-07-22 00:20:12-06:00,,
metrobus,metrobus_vehicle_positions,2026-07-22T06:41:34Z,2026-07-22,20260722T064115Z,d47c6d24-8606-4543-aaa8-365a9ff1cefa,,,,,,71207,5037,,19.422666549682617,-99.09223937988281,288.0,0.0,0.0,,,,1784701355,2026-07-22 00:22:35-06:00,,
metrobus,metrobus_vehicle_positions,2026-07-22T06:41:34Z,2026-07-22,20260722T064115Z,65e1afe8-47b3-42dc-98cf-57451420754c,,,,,,71192,5027,,19.42302894592285,-99.0938491821289,0.0,0.0,0.0,,,,1784702238,2026-07-22 00:37:18-06:00,,
metrobus,metrobus_vehicle_positions,2026-07-22T06:41:34Z,2026-07-22,20260722T064115Z,fd0ead38-192b-4650-b230-1eeec27d2b65,,,,,,71193,5028,,19.423179626464844,-99.09215545654297,320.0,0.0,0.0,,,,1784699838,2026-07-21 23:57:18-06:00,,
metrobus,metrobus_vehicle_positions,2026-07-22T06:41:34Z,2026-07-22,20260722T064115Z,c857b8a7-ad38-4d95-9942-8fcd8013abf9,,,,,,71194,5029,,19.42287254333496,-99.09197998046875,185.0,0.0,0.0,,,,1784702249,2026-07-22 00:37:29-06:00,,
metrobus,metrobus_vehicle_positions,2026-07-22T06:41:34Z,2026-07-22,20260722T064115Z,d6077c07-709c-4014-b557-134c6d4b9384,,,,,,71216,5042,,19.42290687561035,-99.0923080444336,230.0,0.0,0.0,,,,1784698676,2026-07-21 23:37:56-06:00,,
metrobus,metrobus_vehicle_positions,2026-07-22T06:41:34Z,2026-07-22,20260722T064115Z,bc8d3324-61c8-43fc-9b6d-480a2c1b4daf,,,,,,71218,5043,,19.422645568847656,-99.09248352050781,207.0,0.0,0.0,,,,1784697646,2026-07-21 23:20:46-06:00,,
metrobus,metrobus_vehicle_positions,2026-07-22T06:41:34Z,2026-07-22,20260722T064115Z,01a236c7-cd62-401d-9702-3160c766b179,,,,,,71219,5044,,19.422544479370117,-99.0923843383789,256.0,0.0,0.0,,,,1784702480,2026-07-22 00:41:20-06:00,,
metrobus,metrobus_vehicle_positions,2026-07-22T06:41:34Z,2026-07-22,20260722T064115Z,71e5c6de-19e8-452c-874b-5322f05d96b2,,,,,,71217,5045,,19.423315048217773,-99.09224700927734,303.0,0.0,0.0,,,,1784702480,2026-07-22 00:41:20-06:00,,
metrobus,metrobus_vehicle_positions,2026-07-22T06:41:34Z,2026-07-22,20260722T064115Z,4ea4d679-72b3-402e-851f-60cc0bb40cc3,,19459,0.0,05:46:40,20260722,69828,9403,003A010,19.510391235351562,-99.15845489501953,219.0,0.0,0.0,,,,1784700556,2026-07-22 00:09:16-06:00,,
metrobus,metrobus_vehicle_positions,2026-07-22T06:41:34Z,2026-07-22,20260722T064115Z,14e9aff2-86de-4867-9072-93ebcedb162b,,,,,,71215,5046,,19.418066024780273,-99.09229278564453,301.0,0.0,0.0,,,,1784702478,2026-07-22 00:41:18-06:00,,
metrobus,metrobus_vehicle_positions,2026-07-22T06:41:34Z,2026-07-22,20260722T064115Z,57803e4e-4966-4f76-8d1a-b1a585592902,,19457,0.0,04:09:41,20260722,69829,9404,003A011,19.510461807250977,-99.15804290771484,258.0,0.0,0.0,,,,1784694752,2026-07-21 22:32:32-06:00,,
metrobus,metrobus_vehicle_positions,2026-07-22T06:41:34Z,2026-07-22,20260722T064115Z,a0c4bb1c-15d8-4a2d-a15d-cf0f9168a08c,,,,,,71213,5047,,19.4227294921875,-99.09215545654297,292.0,0.0,0.0,,,,1784697214,2026-07-21 23:13:34-06:00,,
metrobus,metrobus_vehicle_positions,2026-07-22T06:41:34Z,2026-07-22,20260722T064115Z,123391f5-e482-4069-ad19-788cf883bf91,,,,,,69826,9401,TienepermisodeSEMOVI,19.51011085510254,-99.15909576416016,0.0,0.0,0.0,,,,1784702470,2026-07-22 00:41:10-06:00,,
metrobus,metrobus_vehicle_positions,2026-07-22T06:41:34Z,2026-07-22,20260722T064115Z,feb277ee-0a2b-431e-9c64-d682f659885b,,,,,,74963,5048,,19.422874450683594,-99.09197235107422,0.0,0.0,0.0,,,,1784531189,2026-07-20 01:06:29-06:00,,
metrobus,metrobus_vehicle_positions,2026-07-22T06:41:34Z,2026-07-22,20260722T064115Z,dea96958-8fb9-42dd-a7f7-453203a1d816,,19457,0.0,04:16:11,20260722,69827,9402,003A009,19.510560989379883,-99.1579818725586,0.0,0.0,0.0,,,,1784696031,2026-07-21 22:53:51-06:00,,
metrobus,metrobus_vehicle_positions,2026-07-22T06:41:34Z,2026-07-22,20260722T064115Z,30d3e85d-5ea8-429d-864b-ca109250ca53,,,,,,71212,5040,,19.4229736328125,-99.0924072265625,217.0,0.0,0.0,,,,1784701578,2026-07-22 00:26:18-06:00,,
metrobus,metrobus_vehicle_positions,2026-07-22T06:41:34Z,2026-07-22,20260722T064115Z,df8f1618-1170-412e-9fb9-1cf5f3b15b18,,,,,,71209,5038,,19.419748306274414,-99.09278106689453,329.0,0.0,0.0,,,,1784702469,2026-07-22 00:41:09-06:00,,
metrobus,metrobus_vehicle_positions,2026-07-22T06:41:34Z,2026-07-22,20260722T064115Z,85ec83e6-fcb2-41cb-a0d8-c72faa16d0f3,,,,,,71211,5039,,19.422548294067383,-99.09256744384766,209.0,0.0,0.0,,,,1784697555,2026-07-21 23:19:15-06:00,,
metrobus,metrobus_vehicle_positions,2026-07-22T06:41:34Z,2026-07-22,20260722T064115Z,081ab762-b268-49c6-9cbd-cb71b041949e,,19460,1.0,05:59:56,20260722,69835,9410,003A017,19.474393844604492,-99.14622497558594,340.0,10.0,36.0,,,,1784702469,2026-07-22 00:41:09-06:00,,
metrobus,metrobus_vehicle_positions,2026-07-22T06:41:34Z,2026-07-22,20260722T064115Z,b1f483c7-6e30-4584-b6e6-b1b71a6c7722,,,,,,71200,5052,,19.422775268554688,-99.09211730957031,283.0,0.0,0.0,,,,1784701148,2026-07-22 00:19:08-06:00,,
metrobus,metrobus_vehicle_positions,2026-07-22T06:41:34Z,2026-07-22,20260722T064115Z,b33a60c0-9c9d-4da2-84ac-8d8ce21766ad,,,,,,71199,5053,,19.418838500976562,-99.09359741210938,301.0,0.0,0.0,,,,1784702471,2026-07-22 00:41:11-06:00,,
metrobus,metrobus_vehicle_positions,2026-07-22T06:41:34Z,2026-07-22,20260722T064115Z,c3a54ef5-a67f-450f-9445-d9998336f6b7,,,,,,69836,9411,,19.510295867919922,-99.15878295898438,0.0,0.0,0.0,,,,1784702466,2026-07-22 00:41:06-06:00,,
metrobus,metrobus_vehicle_positions,2026-07-22T06:41:34Z,2026-07-22,20260722T064115Z,f3c973bb-f895-4cdc-a631-4e236ca620fa,,,,,,71197,5054,,19.422739028930664,-99.09262084960938,212.0,0.0,0.0,,,,1784700441,2026-07-22 00:07:21-06:00,,
metrobus,metrobus_vehicle_positions,2026-07-22T06:41:34Z,2026-07-22,20260722T064115Z,a030b8a0-4821-44d3-b8f2-0a755ea58ced,,19457,0.0,04:44:46,20260722,69839,9414,,19.510395050048828,-99.1583251953125,217.0,0.0,0.0,,,,1784696450,2026-07-21 23:00:50-06:00,,
metrobus,metrobus_vehicle_positions,2026-07-22T06:41:34Z,2026-07-22,20260722T064115Z,735e2567-f050-421d-ac87-992687e49278,,,,,,72781,5056,,19.422597885131836,-99.09254455566406,209.0,0.0,0.0,,,,1784695938,2026-07-21 22:52:18-06:00,,
metrobus,metrobus_vehicle_positions,2026-07-22T06:41:34Z,2026-07-22,20260722T064115Z,362b42f1-8e4d-4429-a8f8-7ad3904d3899,,,,,,74652,5057,,19.422428131103516,-99.09201049804688,210.0,0.0,0.0,,,,1784702476,2026-07-22 00:41:16-06:00,,
metrobus,metrobus_vehicle_positions,2026-07-22T06:41:34Z,2026-07-22,20260722T064115Z,db605dc6-ad55-453c-8b9b-31b2cd60a7ec,,19457,0.0,05:47:55,20260722,69840,9415,,19.510189056396484,-99.1590347290039,284.0,0.0,0.0,,,,1784700631,2026-07-22 00:10:31-06:00,,
metrobus,metrobus_vehicle_positions,2026-07-22T06:41:34Z,2026-07-22,20260722T064115Z,1a429121-4cd6-4cc4-aea3-24dbcc861044,,19457,0.0,05:13:22,20260722,69837,9412,,19.510353088378906,-99.15900421142578,238.0,0.0,0.0,,,,1784698965,2026-07-21 23:42:45-06:00,,
metrobus,metrobus_vehicle_positions,2026-07-22T06:41:34Z,2026-07-22,20260722T064115Z,e1ce65f0-fe71-4f8d-b967-9003c9a0339d,,,,,,73391,5058,,19.41855239868164,-99.09317779541016,300.0,0.0,0.0,,,,1784702474,2026-07-22 00:41:14-06:00,,
metrobus,metrobus_vehicle_positions,2026-07-22T06:41:34Z,2026-07-22,20260722T064115Z,b6d9da70-7a93-4810-bd38-7acc3a141cf4,,19457,0.0,05:27:40,20260722,69838,9413,,19.510393142700195,-99.15845489501953,258.0,0.0,0.0,,,,1784699310,2026-07-21 23:48:30-06:00,,
metrobus,metrobus_vehicle_positions,2026-07-22T06:41:34Z,2026-07-22,20260722T064115Z,2e76ea67-637a-4090-b242-0d12c8885697,,,,,,74648,5059,,19.418437957763672,-99.09281158447266,306.0,0.0,0.0,,,,1784702470,2026-07-22 00:41:10-06:00,,
metrobus,metrobus_vehicle_positions,2026-07-22T06:41:34Z,2026-07-22,20260722T064115Z,fa241a14-eb48-4627-bfa4-57a1bccf787c,,,,,,71206,5050,,19.42313003540039,-99.0939712524414,292.0,0.0,0.0,,,,1784697362,2026-07-21 23:16:02-06:00,,
metrobus,metrobus_vehicle_positions,2026-07-22T06:41:34Z,2026-07-22,20260722T064115Z,08974845-9312-4940-9a20-67d4ff85e46e,,,,,,71201,5051,,19.423128128051758,-99.09164428710938,0.0,0.0,0.0,,,,1784699037,2026-07-21 23:43:57-06:00,,
metrobus,metrobus_vehicle_positions,2026-07-22T06:41:34Z,2026-07-22,20260722T064115Z,35153d0d-3b4d-4fdd-bd08-f5b7772f05a8,,,,,,71208,5049,,19.41783905029297,-99.09188079833984,300.0,0.0,0.0,,,,1784702473,2026-07-22 00:41:13-06:00,,
metrobus,metrobus_vehicle_positions,2026-07-22T06:41:34Z,2026-07-22,20260722T064115Z,e724f097-5a1f-4d04-81c8-c8e9ea55b47d,,19457,0.0,05:18:20,20260722,69832,9407,003A014,19.510330200195312,-99.15837097167969,230.0,0.0,0.0,,,,1784699037,2026-07-21 23:43:57-06:00,,
metrobus,metrobus_vehicle_positions,2026-07-22T06:41:34Z,2026-07-22,20260722T064115Z,83073b0a-6bf4-493f-89ce-e18becdd97da,,19459,0.0,05:45:00,20260722,74084,9405,,19.5103816986084,-99.15850067138672,0.0,0.0,0.0,,,,1784702475,2026-07-22 00:41:15-06:00,,
metrobus,metrobus_vehicle_positions,2026-07-22T06:41:34Z,2026-07-22,20260722T064115Z,4b49f27c-daa2-4e25-a4ae-27c735128778,,19457,0.0,05:14:40,20260722,69831,9406,003A013,19.510438919067383,-99.15830993652344,254.0,0.0,0.0,,,,1784698486,2026-07-21 23:34:46-06:00,,
metrobus,metrobus_vehicle_positions,2026-07-22T06:41:34Z,2026-07-22,20260722T064115Z,580e43aa-79ef-4458-bbc1-f1e222ecba25,,19457,0.0,05:58:58,20260722,69834,9409,003A016,19.510263442993164,-99.15859985351562,277.0,0.0,0.0,,,,1784701686,2026-07-22 00:28:06-06:00,,
metrobus,metrobus_vehicle_positions,2026-07-22T06:41:34Z,2026-07-22,20260722T064115Z,7ddf2ab5-c419-40c0-a77d-b9d5279338c0,,19459,0.0,05:13:42,20260722,67988,9421,,19.51041030883789,-99.15824127197266,262.0,0.0,0.0,,,,1784698231,2026-07-21 23:30:31-06:00,,
metrobus,metrobus_vehicle_positions,2026-07-22T06:41:34Z,2026-07-22,20260722T064115Z,cef85152-c765-4e7c-b047-7fa691109174,,27054,0.0,04:12:04,20260722,74650,5063,,19.42242431640625,-99.09199523925781,191.0,0.0,0.0,,,,1784697094,2026-07-21 23:11:34-06:00,,
metrobus,metrobus_vehicle_positions,2026-07-22T06:41:34Z,2026-07-22,20260722T064115Z,2b99891b-f47a-46f4-bb36-36e25fde5e4c,,27056,0.0,06:40:38,20260722,74659,5064,,19.445432662963867,-99.14799499511719,978.0,34.0,122.4,,,,1784702483,2026-07-22 00:41:23-06:00,,
metrobus,metrobus_vehicle_positions,2026-07-22T06:41:34Z,2026-07-22,20260722T064115Z,83143858-1608-4fe0-9ac9-2b4b4d1619ae,,,,,,67987,9422,,19.510263442993164,-99.1586685180664,250.0,0.0,0.0,,,,1784701330,2026-07-22 00:22:10-06:00,,
metrobus,metrobus_vehicle_positions,2026-07-22T06:41:34Z,2026-07-22,20260722T064115Z,7c6b1ede-067c-4335-8c70-f828d8335067,,,,,,74644,5065,,19.422414779663086,-99.09198760986328,0.0,0.0,0.0,,,,1784694569,2026-07-21 22:29:29-06:00,,
metrobus,metrobus_vehicle_positions,2026-07-22T06:41:34Z,2026-07-22,20260722T064115Z,a6817aff-1a95-4a8f-8f53-0a11afb803e9,,19429,0.0,06:11:32,20260722,69845,9420,,19.51038360595703,-99.15850830078125,255.0,0.0,0.0,,,,1784701943,2026-07-22 00:32:23-06:00,,
metrobus,metrobus_vehicle_positions,2026-07-22T06:41:34Z,2026-07-22,20260722T064115Z,372a41ed-576e-40fa-9875-f33836ec996d,,,,,,74667,5066,,19.41751480102539,-99.0911636352539,305.0,0.0,0.0,,,,1784702483,2026-07-22 00:41:23-06:00,,
metrobus,metrobus_vehicle_positions,2026-07-22T06:41:34Z,2026-07-22,20260722T064115Z,275ca916-734b-4678-951e-c9be8b1ea16b,,19457,0.0,04:55:52,20260722,69850,9425,,19.51014518737793,-99.15908813476562,219.0,0.0,0.0,,,,1784697297,2026-07-21 23:14:57-06:00,,
metrobus,metrobus_vehicle_positions,2026-07-22T06:41:34Z,2026-07-22,20260722T064115Z,2823b799-f0b4-444e-bafa-ebe556017f33,,,,,,74647,5067,,19.41739273071289,-99.09107971191406,301.0,0.0,0.0,,,,1784702475,2026-07-22 00:41:15-06:00,,
metrobus,metrobus_vehicle_positions,2026-07-22T06:41:34Z,2026-07-22,20260722T064115Z,e59656b4-700b-4847-baa6-46af24b2c19d,,19459,0.0,05:51:57,20260722,69851,9426,,19.51019287109375,-99.15899658203125,280.0,0.0,0.0,,,,1784700722,2026-07-22 00:12:02-06:00,,
metrobus,metrobus_vehicle_positions,2026-07-22T06:41:34Z,2026-07-22,20260722T064115Z,9ed82db4-7e61-4161-9a61-e1fd81c0e88a,,,,,,74669,5068,,19.467195510864258,-99.15271759033203,108.0,0.0,0.0,,,,1784690551,2026-07-21 21:22:31-06:00,,
metrobus,metrobus_vehicle_positions,2026-07-22T06:41:34Z,2026-07-22,20260722T064115Z,f5c335ef-7910-431d-b4de-33fd8bf21813,,19455,0.0,06:31:29,20260722,69848,9423,,19.510480880737305,-99.15812683105469,725.0,0.0,0.0,,,,1784702476,2026-07-22 00:41:16-06:00,,
metrobus,metrobus_vehicle_positions,2026-07-22T06:41:34Z,2026-07-22,20260722T064115Z,aa048066-9cfe-44f4-a5db-c04b52f401e6,,19459,0.0,06:41:04,20260722,69849,9424,,19.527854919433594,-99.1697006225586,142.0,36.0,129.6,,,,1784702479,2026-07-22 00:41:19-06:00,,
metrobus,metrobus_vehicle_positions,2026-07-22T06:41:34Z,2026-07-22,20260722T064115Z,a4257db4-c5a4-4530-bffe-1b1ab2cc1114,,,,,,74651,5060,,19.419973373413086,-99.09268951416016,316.0,0.0,0.0,,,,1784702475,2026-07-22 00:41:15-06:00,,
metrobus,metrobus_vehicle_positions,2026-07-22T06:41:34Z,2026-07-22,20260722T064115Z,0939b4bc-ac10-4681-9fb0-472626a314e4,,,,,,74646,5061,,19.422555923461914,-99.09211730957031,918.0,0.0,0.0,,,,1784701125,2026-07-22 00:18:45-06:00,,
metrobus,metrobus_vehicle_positions,2026-07-22T06:41:34Z,2026-07-22,20260722T064115Z,a810f2e0-bce7-4366-918c-c0b14c9d2dd4,,27055,1.0,04:51:57,20260722,74660,5062,,19.422420501708984,-99.09198760986328,197.0,0.0,0.0,,,,1784697409,2026-07-21 23:16:49-06:00,,
metrobus,metrobus_vehicle_positions,2026-07-22T06:41:34Z,2026-07-22,20260722T064115Z,260dc96f-d547-44f3-b5b7-104a1b611ff3,,19459,0.0,05:57:03,20260722,69843,9418,,19.510303497314453,-99.15864562988281,287.0,0.0,0.0,,,,1784701450,2026-07-22 00:24:10-06:00,,
metrobus,metrobus_vehicle_positions,2026-07-22T06:41:34Z,2026-07-22,20260722T064115Z,460b4160-61a6-4b56-9e67-6eac2967a398,,19457,0.0,04:26:00,20260722,69844,9419,,19.510417938232422,-99.15814971923828,221.0,0.0,0.0,,,,1784695339,2026-07-21 22:42:19-06:00,,
metrobus,metrobus_vehicle_positions,2026-07-22T06:41:34Z,2026-07-22,20260722T064115Z,811814a9-c532-43c4-abca-452fbe2e406e,,,,,,69841,9416,,19.510845184326172,-99.15718078613281,0.0,0.0,0.0,,,,1784038530,2026-07-14 08:15:30-06:00,,
metrobus,metrobus_vehicle_positions,2026-07-22T06:41:34Z,2026-07-22,20260722T064115Z,34ae5e15-d003-4c99-b90e-e4dab795d343,,19459,0.0,06:17:12,20260722,69842,9417,,19.510404586791992,-99.15829467773438,270.0,0.0,0.0,,,,1784702222,2026-07-22 00:37:02-06:00,,
metrobus,metrobus_vehicle_positions,2026-07-22T06:41:34Z,2026-07-22,20260722T064115Z,9c229f06-efac-4e56-b57f-cbb765046da8,,19459,0.0,05:40:09,20260722,69857,9432,,19.510831832885742,-99.15699768066406,0.0,0.0,0.0,,,,1784700154,2026-07-22 00:02:34-06:00,,
metrobus,metrobus_vehicle_positions,2026-07-22T06:41:34Z,2026-07-22,20260722T064115Z,936730ab-090a-442e-90c9-74feb8d2d407,,19429,0.0,05:52:24,20260722,69858,9433,,19.51027488708496,-99.1588134765625,286.0,0.0,0.0,,,,1784701307,2026-07-22 00:21:47-06:00,,
metrobus,metrobus_vehicle_positions,2026-07-22T06:41:34Z,2026-07-22,20260722T064115Z,1ca37cd0-15d0-4ee5-aa6b-45c80279cf81,,19459,0.0,06:22:47,20260722,69855,9430,,19.510364532470703,-99.1583251953125,258.0,0.0,0.0,,,,1784702482,2026-07-22 00:41:22-06:00,,
metrobus,metrobus_vehicle_positions,2026-07-22T06:41:34Z,2026-07-22,20260722T064115Z,11292306-cb66-4341-8eca-d263e256a16d,,19457,0.0,05:49:32,20260722,69856,9431,,19.510242462158203,-99.15904998779297,269.0,0.0,0.0,,,,1784700969,2026-07-22 00:16:09-06:00,,
metrobus,metrobus_vehicle_positions,2026-07-22T06:41:34Z,2026-07-22,20260722T064115Z,7f9dc3c0-3e2b-4991-8846-28ba0e35baa3,,19429,0.0,05:27:35,20260722,69861,9436,,19.51032066345215,-99.15872955322266,229.0,0.0,0.0,,,,1784699456,2026-07-21 23:50:56-06:00,,
metrobus,metrobus_vehicle_positions,2026-07-22T06:41:34Z,2026-07-22,20260722T064115Z,a6bd9e21-1326-46b9-984e-39ddd2688385,,19459,0.0,04:51:38,20260722,69862,9437,,19.510791778564453,-99.15702819824219,708.0,0.0,0.0,,,,1784697648,2026-07-21 23:20:48-06:00,,
metrobus,metrobus_vehicle_positions,2026-07-22T06:41:34Z,2026-07-22,20260722T064115Z,871b73a1-fda6-402b-a62e-2f8b7feb4f21,,19459,0.0,05:21:07,20260722,69859,9434,,19.5102481842041,-99.15880584716797,0.0,0.0,0.0,,,,1784702053,2026-07-22 00:34:13-06:00,,
metrobus,metrobus_vehicle_positions,2026-07-22T06:41:34Z,2026-07-22,20260722T064115Z,88b9d71e-2bfe-4659-aaff-8bcb26ae9db4,,,,,,69860,9435,,19.51011848449707,-99.15933227539062,0.0,0.0,0.0,,,,1784695537,2026-07-21 22:45:37-06:00,,
metrobus,metrobus_vehicle_positions,2026-07-22T06:41:34Z,2026-07-22,20260722T064115Z,356b6c0c-bcc9-45e8-95f6-9df38f630224,,,,,,73390,5070,,19.4201602935791,-99.09249114990234,315.0,0.0,0.0,,,,1784702480,2026-07-22 00:41:20-06:00,,
metrobus,metrobus_vehicle_positions,2026-07-22T06:41:34Z,2026-07-22,20260722T064115Z,90832c72-6421-4f59-8438-334c93920262,,,,,,74668,5071,,19.420421600341797,-99.09233093261719,307.0,0.0,0.0,,,,1784702472,2026-07-22 00:41:12-06:00,,
metrobus,metrobus_vehicle_positions,2026-07-22T06:41:34Z,2026-07-22,20260722T064115Z,0f7b4efd-a87b-495a-9a14-4fb95c490069,,27055,1.0,06:06:43,20260722,74658,5072,,19.429777145385742,-99.13627624511719,279.0,24.0,86.4,,,,1784702471,2026-07-22 00:41:11-06:00,,
metrobus,metrobus_vehicle_positions,2026-07-22T06:41:34Z,2026-07-22,20260722T064115Z,688aac3d-49f3-46e2-a86c-01c0ebdd0de2,,19459,0.0,06:40:49,20260722,70493,9429,,19.526103973388672,-99.16827392578125,142.0,35.0,126.0,,,,1784702479,2026-07-22 00:41:19-06:00,,
metrobus,metrobus_vehicle_positions,2026-07-22T06:41:34Z,2026-07-22,20260722T064115Z,d746ed5a-5cc0-40b3-b81d-4b02b291b1a3,,19455,0.0,05:43:01,20260722,69852,9427,,19.51022720336914,-99.15880584716797,218.0,0.0,0.0,,,,1784700096,2026-07-22 00:01:36-06:00,,
metrobus,metrobus_vehicle_positions,2026-07-22T06:41:34Z,2026-07-22,20260722T064115Z,626d86ee-32e5-4df8-a8fc-3b4b2f4e2b7a,,19455,0.0,06:01:17,20260722,69853,9428,,19.510292053222656,-99.15873718261719,269.0,0.0,0.0,,,,1784701568,2026-07-22 00:26:08-06:00,,
metrobus,metrobus_vehicle_positions,2026-07-22T06:41:34Z,2026-07-22,20260722T064115Z,d556a8ed-9d67-49bf-b716-61997b7ca9f7,,,,,,69868,9443,,19.395740509033203,-99.1560287475586,440.0,0.0,0.0,,,,1784702479,2026-07-22 00:41:19-06:00,,
metrobus,metrobus_vehicle_positions,2026-07-22T06:41:34Z,2026-07-22,20260722T064115Z,7541196d-b61d-4871-a68a-978edca58fa3,,19457,0.0,05:45:02,20260722,69869,9444,,19.51036262512207,-99.15859985351562,212.0,0.0,0.0,,,,1784700187,2026-07-22 00:03:07-06:00,,
metrobus,metrobus_vehicle_positions,2026-07-22T06:41:34Z,2026-07-22,20260722T064115Z,2899492d-50bf-4a50-a1d0-2440df55516c,,19457,0.0,04:47:31,20260722,69866,9441,,19.51007080078125,-99.15930938720703,223.0,0.0,0.0,,,,1784696675,2026-07-21 23:04:35-06:00,,
metrobus,metrobus_vehicle_positions,2026-07-22T06:41:34Z,2026-07-22,20260722T064115Z,7863a089-baf0-4047-96a0-4fc04e6d61a9,,19457,0.0,04:45:12,20260722,69867,9442,,19.510122299194336,-99.1592025756836,223.0,0.0,0.0,,,,1784696913,2026-07-21 23:08:33-06:00,,
metrobus,metrobus_vehicle_positions,2026-07-22T06:41:34Z,2026-07-22,20260722T064115Z,34a4fddc-0c0b-44cc-a381-7560a4540546,,19455,0.0,06:07:01,20260722,69872,9447,,19.510345458984375,-99.15856170654297,267.0,0.0,0.0,,,,1784701792,2026-07-22 00:29:52-06:00,,
metrobus,metrobus_vehicle_positions,2026-07-22T06:41:34Z,2026-07-22,20260722T064115Z,a7e0c609-e39a-4605-baf9-03dd0f0bfc8b,,,,,,69873,9448,,19.400367736816406,-99.15570068359375,180.0,20.0,72.0,,,,1784702481,2026-07-22 00:41:21-06:00,,
metrobus,metrobus_vehicle_positions,2026-07-22T06:41:34Z,2026-07-22,20260722T064115Z,1f782f89-1f39-438e-a3a1-61c495477ee8,,19459,0.0,06:19:57,20260722,69870,9445,,19.510414123535156,-99.15837860107422,251.0,0.0,0.0,,,,1784702402,2026-07-22 00:40:02-06:00,,
metrobus,metrobus_vehicle_positions,2026-07-22T06:41:34Z,2026-07-22,20260722T064115Z,7ce19c7c-4926-4d56-9f78-72b05525eee0,,19457,0.0,05:55:02,20260722,69871,9446,,19.510269165039062,-99.1589584350586,291.0,0.0,0.0,,,,1784701133,2026-07-22 00:18:53-06:00,,
metrobus,metrobus_vehicle_positions,2026-07-22T06:41:34Z,2026-07-22,20260722T064115Z,a2d60d76-09e4-404d-b2ce-b1681e69da45,,19455,0.0,06:34:36,20260722,69865,9440,,19.509958267211914,-99.15929412841797,774.0,11.0,39.6,,,,1784702468,2026-07-22 00:41:08-06:00,,
metrobus,metrobus_vehicle_positions,2026-07-22T06:41:34Z,2026-07-22,20260722T064115Z,594bbddb-674c-4d40-8c2c-21b5b5f286c0,,19457,0.0,04:54:31,20260722,69863,9438,,19.510133743286133,-99.15914916992188,247.0,0.0,0.0,,,,1784697246,2026-07-21 23:14:06-06:00,,
metrobus,metrobus_vehicle_positions,2026-07-22T06:41:34Z,2026-07-22,20260722T064115Z,ab49ebaf-5234-47df-9326-a9e5d3e8f884,,19460,1.0,05:34:27,20260722,69864,9439,,19.524105072021484,-99.16666412353516,322.0,35.0,126.0,,,,1784702473,2026-07-22 00:41:13-06:00,,
metrobus,metrobus_vehicle_positions,2026-07-22T06:41:34Z,2026-07-22,20260722T064115Z,55e25956-f30b-4ff0-84ef-fd78fa33bde6,,19455,0.0,06:14:23,20260722,69879,9454,,19.510387420654297,-99.15840911865234,276.0,0.0,0.0,,,,1784702122,2026-07-22 00:35:22-06:00,,
metrobus,metrobus_vehicle_positions,2026-07-22T06:41:34Z,2026-07-22,20260722T064115Z,db1ab084-18a6-4ba9-b176-ebf0f7a1db55,,19457,0.0,05:04:07,20260722,69880,9455,,19.51019859313965,-99.1590576171875,0.0,0.0,0.0,,,,1784699679,2026-07-21 23:54:39-06:00,,
metrobus,metrobus_vehicle_positions,2026-07-22T06:41:34Z,2026-07-22,20260722T064115Z,3eb09691-4e29-4402-ae96-a77eddd947d8,,,,,,69877,9452,,19.371570587158203,-99.16104125976562,192.0,0.0,0.0,,,,1784702476,2026-07-22 00:41:16-06:00,,
metrobus,metrobus_vehicle_positions,2026-07-22T06:41:34Z,2026-07-22,20260722T064115Z,5eadc1d2-b946-43fe-8790-d1d27734122a,,19460,1.0,06:04:00,20260722,69878,9453,,19.45594024658203,-99.14491271972656,133.0,19.0,68.4,,,,1784702470,2026-07-22 00:41:10-06:00,,
metrobus,metrobus_vehicle_positions,2026-07-22T06:41:34Z,2026-07-22,20260722T064115Z,79839325-c263-40f6-a181-3bef8b59a0ae,,19459,0.0,05:01:34,20260722,69883,9458,,19.51014518737793,-99.15906524658203,224.0,0.0,0.0,,,,1784697609,2026-07-21 23:20:09-06:00,,
metrobus,metrobus_vehicle_positions,2026-07-22T06:41:34Z,2026-07-22,20260722T064115Z,8e7b8f7a-2be7-49db-a707-db4ba73ad18e,,19459,0.0,05:43:14,20260722,69884,9459,,19.51047134399414,-99.1584701538086,246.0,0.0,0.0,,,,1784700034,2026-07-22 00:00:34-06:00,,
metrobus,metrobus_vehicle_positions,2026-07-22T06:41:34Z,2026-07-22,20260722T064115Z,afad2c7d-c982-4e85-a3c6-3af9345a9f8c,,19459,0.0,06:13:01,20260722,69881,9456,,19.510379791259766,-99.15838623046875,281.0,0.0,0.0,,,,1784701987,2026-07-22 00:33:07-06:00,,
metrobus,metrobus_vehicle_positions,2026-07-22T06:41:34Z,2026-07-22,20260722T064115Z,6f2347ac-63d5-4247-bc62-3aa59d1451e3,,19459,0.0,05:43:01,20260722,69882,9457,,19.51819610595703,-99.1629867553711,338.0,42.0,151.20000000000002,,,,1784702477,2026-07-22 00:41:17-06:00,,
metrobus,metrobus_vehicle_positions,2026-07-22T06:41:34Z,2026-07-22,20260722T064115Z,91edb31d-c25a-4a06-9543-3b2eda308cb8,,19457,0.0,04:42:31,20260722,69875,9450,,19.510150909423828,-99.15926361083984,0.0,0.0,0.0,,,,1784697899,2026-07-21 23:24:59-06:00,,
metrobus,metrobus_vehicle_positions,2026-07-22T06:41:34Z,2026-07-22,20260722T064115Z,95295287-5f7d-431f-89c0-6fd85ab0ddc6,,,,,,69876,9451,,19.425527572631836,-99.15364837646484,360.0,0.0,0.0,,,,1784702478,2026-07-22 00:41:18-06:00,,
metrobus,metrobus_vehicle_positions,2026-07-22T06:41:34Z,2026-07-22,20260722T064115Z,8ebf9cc5-4b72-4e0b-83b2-cd6466037219,,19429,0.0,05:36:04,20260722,69874,9449,,19.5102481842041,-99.15880584716797,255.0,0.0,0.0,,,,1784700193,2026-07-22 00:03:13-06:00,,
metrobus,metrobus_vehicle_positions,2026-07-22T06:41:34Z,2026-07-22,20260722T064115Z,76135535-545d-4f69-80bc-ea5ca6b27b32,,19460,1.0,05:42:26,20260722,69885,9460,,19.52188491821289,-99.16483306884766,326.0,44.0,158.4,,,,1784702479,2026-07-22 00:41:19-06:00,,
metrobus,metrobus_vehicle_positions,2026-07-22T06:41:34Z,2026-07-22,20260722T064115Z,77fdff81-0df7-459c-b3c1-63490aef3f72,,,,,,69615,2603,002A905,19.304351806640625,-99.10102081298828,0.0,0.0,0.0,,,,1784699547,2026-07-21 23:52:27-06:00,,
metrobus,metrobus_vehicle_positions,2026-07-22T06:41:34Z,2026-07-22,20260722T064115Z,42603997-0bb4-4fb8-a588-af31498084f9,,,,,,69614,2602,002A904,19.313467025756836,-99.11048126220703,173.0,48.0,172.8,,,,1784702481,2026-07-22 00:41:21-06:00,,
metrobus,metrobus_vehicle_positions,2026-07-22T06:41:34Z,2026-07-22,20260722T064115Z,41402697-abc8-49ce-866c-e28659466a0b,,,,,,69613,2601,002A903,19.30431365966797,-99.10089874267578,0.0,0.0,0.0,,,,1784699963,2026-07-21 23:59:23-06:00,,
metrobus,metrobus_vehicle_positions,2026-07-22T06:41:34Z,2026-07-22,20260722T064115Z,8b070178-224f-4206-a77c-9c9fdb6451fe,,,,,,74125,Maqueta_Carraci,,19.374475479125977,-99.17911529541016,0.0,0.0,0.0,,,,1783611014,2026-07-09 09:30:14-06:00,,
metrobus,metrobus_vehicle_positions,2026-07-22T06:41:34Z,2026-07-22,20260722T064115Z,264a4248-d7f0-47f3-ab6c-c5bd01ee1cc2,,,,,,69621,2609,002A911,19.3046817779541,-99.10081481933594,185.0,0.0,0.0,,,,1784698585,2026-07-21 23:36:25-06:00,,
metrobus,metrobus_vehicle_positions,2026-07-22T06:41:34Z,2026-07-22,20260722T064115Z,3552415a-37c3-445d-9141-d5f907bddf7e,,,,,,69620,2608,002A910,19.304662704467773,-99.1009750366211,187.0,0.0,0.0,,,,1784693437,2026-07-21 22:10:37-06:00,,
metrobus,metrobus_vehicle_positions,2026-07-22T06:41:34Z,2026-07-22,20260722T064115Z,481bc46c-a6fa-4a74-9d54-8a4182b11377,,,,,,69619,2607,002A909,19.304954528808594,-99.10096740722656,188.0,0.0,0.0,,,,1784691277,2026-07-21 21:34:37-06:00,,
metrobus,metrobus_vehicle_positions,2026-07-22T06:41:34Z,2026-07-22,20260722T064115Z,4167e2c8-6301-4155-9086-a676940b902b,,,,,,69618,2606,002A908,19.304309844970703,-99.1014175415039,0.0,0.0,0.0,,,,1784700849,2026-07-22 00:14:09-06:00,,
metrobus,metrobus_vehicle_positions,2026-07-22T06:41:34Z,2026-07-22,20260722T064115Z,f321e48e-90dd-4449-8615-33b22404185a,,,,,,69617,2605,002A907,19.30429458618164,-99.10125732421875,183.0,0.0,0.0,,,,1784699615,2026-07-21 23:53:35-06:00,,
metrobus,metrobus_vehicle_positions,2026-07-22T06:41:34Z,2026-07-22,20260722T064115Z,5b223287-d488-484c-927d-5fd6636e3725,,,,,,69616,2604,002A906,19.30517578125,-99.10078430175781,279.0,0.0,0.0,,,,1784702474,2026-07-22 00:41:14-06:00,,
metrobus,metrobus_vehicle_positions,2026-07-22T06:41:34Z,2026-07-22,20260722T064115Z,7bfe65db-2695-4e72-9b85-ca7a89da090e,,,,,,69626,2614,002A916,19.306013107299805,-99.10033416748047,185.0,25.0,90.0,,,,1784702477,2026-07-22 00:41:17-06:00,,
metrobus,metrobus_vehicle_positions,2026-07-22T06:41:34Z,2026-07-22,20260722T064115Z,eeab0939-f35f-401b-bba9-7fdd76622445,,,,,,69625,2613,002A915,19.304386138916016,-99.10138702392578,184.0,0.0,0.0,,,,1784689672,2026-07-21 21:07:52-06:00,,
metrobus,metrobus_vehicle_positions,2026-07-22T06:41:34Z,2026-07-22,20260722T064115Z,c0266be3-c89e-43ba-931e-e4c513fa2900,,,,,,69623,2611,002A913,19.304853439331055,-99.10099792480469,185.0,0.0,0.0,,,,1784701641,2026-07-22 00:27:21-06:00,,
metrobus,metrobus_vehicle_positions,2026-07-22T06:41:34Z,2026-07-22,20260722T064115Z,7c6359ac-84e3-4aa5-b1a2-1cf6e5c481c2,,,,,,69622,2610,002A912,19.304601669311523,-99.10143280029297,183.0,0.0,0.0,,,,1784691024,2026-07-21 21:30:24-06:00,,
metrobus,metrobus_vehicle_positions,2026-07-22T06:41:34Z,2026-07-22,20260722T064115Z,ac5ac35c-802e-48f0-9efb-a2aa643d4115,,,,,,69631,2619,002A921,19.304153442382812,-99.100830078125,185.0,0.0,0.0,,,,1784702477,2026-07-22 00:41:17-06:00,,
metrobus,metrobus_vehicle_positions,2026-07-22T06:41:34Z,2026-07-22,20260722T064115Z,dee96688-e099-4e45-b243-a83927f0eee6,,,,,,69630,2618,002A920,19.30412483215332,-99.10142517089844,164.0,0.0,0.0,,,,1784702175,2026-07-22 00:36:15-06:00,,
metrobus,metrobus_vehicle_positions,2026-07-22T06:41:34Z,2026-07-22,20260722T064115Z,78ea0079-0c41-4d29-a26d-db54264d58c4,,,,,,69629,2617,002A919,19.304683685302734,-99.10090637207031,187.0,0.0,0.0,,,,1784696535,2026-07-21 23:02:15-06:00,,
metrobus,metrobus_vehicle_positions,2026-07-22T06:41:34Z,2026-07-22,20260722T064115Z,d38fdf0a-1a22-4a1d-a909-a375bd2f6fc4,,,,,,69628,2616,002A918,19.304353713989258,-99.10107421875,185.0,0.0,0.0,,,,1784699385,2026-07-21 23:49:45-06:00,,
metrobus,metrobus_vehicle_positions,2026-07-22T06:41:34Z,2026-07-22,20260722T064115Z,00071549-09a8-40f0-a57c-5f9a1d04485b,,,,,,69627,2615,002A917,19.304874420166016,-99.10089874267578,189.0,0.0,0.0,,,,1784702175,2026-07-22 00:36:15-06:00,,
metrobus,metrobus_vehicle_positions,2026-07-22T06:41:34Z,2026-07-22,20260722T064115Z,8af1a97c-91ef-41ff-bfb0-2dcbe37758ea,,,,,,69637,2625,002A927,19.304880142211914,-99.10096740722656,185.0,0.0,0.0,,,,1784701743,2026-07-22 00:29:03-06:00,,
metrobus,metrobus_vehicle_positions,2026-07-22T06:41:34Z,2026-07-22,20260722T064115Z,f1840cf5-9879-4d95-a60b-743d89838f4a,,,,,,69636,2624,002A926,19.304290771484375,-99.10107421875,0.0,0.0,0.0,,,,1784699175,2026-07-21 23:46:15-06:00,,
metrobus,metrobus_vehicle_positions,2026-07-22T06:41:34Z,2026-07-22,20260722T064115Z,6f8683f2-054d-40c5-a164-2eddac7fbf64,,,,,,71770,2623,,19.304426193237305,-99.100830078125,0.0,0.0,0.0,,,,1784700548,2026-07-22 00:09:08-06:00,,
metrobus,metrobus_vehicle_positions,2026-07-22T06:41:34Z,2026-07-22,20260722T064115Z,5f074c48-f535-4238-aa87-5cb55757be65,,,,,,69634,2622,002A924,19.30453109741211,-99.10112762451172,185.0,0.0,0.0,,,,1784700649,2026-07-22 00:10:49-06:00,,
metrobus,metrobus_vehicle_positions,2026-07-22T06:41:34Z,2026-07-22,20260722T064115Z,1178fa09-5f37-46a9-b00f-f430245d2bf6,,,,,,69633,2621,002A923,19.304365158081055,-99.10114288330078,0.0,0.0,0.0,,,,1784702474,2026-07-22 00:41:14-06:00,,
metrobus,metrobus_vehicle_positions,2026-07-22T06:41:34Z,2026-07-22,20260722T064115Z,328a317b-1204-49b2-bc48-84052726bf31,,,,,,69632,2620,002A922,19.30442237854004,-99.1009750366211,187.0,0.0,0.0,,,,1784694424,2026-07-21 22:27:04-06:00,,
metrobus,metrobus_vehicle_positions,2026-07-22T06:41:34Z,2026-07-22,20260722T064115Z,b4999297-835e-4eb2-982d-fe0150d19326,,,,,,69641,2629,002A931,19.304325103759766,-99.10088348388672,0.0,0.0,0.0,,,,1784700479,2026-07-22 00:07:59-06:00,,
metrobus,metrobus_vehicle_positions,2026-07-22T06:41:34Z,2026-07-22,20260722T064115Z,e90ec90a-3039-4e6d-b115-d3019767a194,,,,,,69640,2628,002A930,19.304840087890625,-99.1009292602539,187.0,0.0,0.0,,,,1784695298,2026-07-21 22:41:38-06:00,,
metrobus,metrobus_vehicle_positions,2026-07-22T06:41:34Z,2026-07-22,20260722T064115Z,f78789ad-3077-4b3e-831c-ec2cda130461,,,,,,69639,2627,002A929,19.30449676513672,-99.10090637207031,0.0,0.0,0.0,,,,1784701073,2026-07-22 00:17:53-06:00,,
metrobus,metrobus_vehicle_positions,2026-07-22T06:41:34Z,2026-07-22,20260722T064115Z,017d59ab-edfe-4c8b-bade-e1b2004a840b,,19558,1.0,06:33:41,20260722,69638,2626,002A928,19.305879592895508,-99.1119613647461,158.0,0.0,0.0,,,,1784702473,2026-07-22 00:41:13-06:00,,
metrobus,metrobus_vehicle_positions,2026-07-22T06:41:34Z,2026-07-22,20260722T064115Z,9a095b4e-6a2a-4874-93d7-2017cda7079d,,,,,,69648,2636,002A938,19.30491828918457,-99.10092163085938,157.0,0.0,0.0,,,,1784702002,2026-07-22 00:33:22-06:00,,
metrobus,metrobus_vehicle_positions,2026-07-22T06:41:34Z,2026-07-22,20260722T064115Z,894f8b5d-9faa-4d09-b52e-289c4b84a96c,,20016,0.0,06:01:59,20260722,69364,1305,1240178,19.388931274414062,-99.05762481689453,142.0,0.0,0.0,,,,1784702002,2026-07-22 00:33:22-06:00,,
metrobus,metrobus_vehicle_positions,2026-07-22T06:41:34Z,2026-07-22,20260722T064115Z,fb76f7f3-5c12-409c-bb67-ba288825f67f,,,,,,69647,2635,TienepermisodeSEMOVI,19.304462432861328,-99.1009292602539,187.0,0.0,0.0,,,,1784696234,2026-07-21 22:57:14-06:00,,
metrobus,metrobus_vehicle_positions,2026-07-22T06:41:34Z,2026-07-22,20260722T064115Z,3ba37bcc-81ad-494b-b2a4-b931caae3b04,,20016,0.0,06:23:04,20260722,69363,1304,1240177,19.38994026184082,-99.05865478515625,302.0,0.0,0.0,,,,1784702484,2026-07-22 00:41:24-06:00,,
metrobus,metrobus_vehicle_positions,2026-07-22T06:41:34Z,2026-07-22,20260722T064115Z,20d16a9d-f986-44b5-a8e6-3c656785b1ae,,20016,0.0,05:51:02,20260722,74921,1303,1240176,19.390121459960938,-99.05882263183594,0.0,0.0,0.0,,,,1784702224,2026-07-22 00:37:04-06:00,,
metrobus,metrobus_vehicle_positions,2026-07-22T06:41:34Z,2026-07-22,20260722T064115Z,0fad5fc1-ac56-46e7-8b1c-a5f49709314f,,19559,0.0,05:55:04,20260722,69646,2634,002A936,19.356576919555664,-99.11141204833984,191.0,0.0,0.0,,,,1784702476,2026-07-22 00:41:16-06:00,,
metrobus,metrobus_vehicle_positions,2026-07-22T06:41:34Z,2026-07-22,20260722T064115Z,c3516fff-99a4-4c43-9592-291c25c777c2,,20016,0.0,06:23:36,20260722,69361,1302,1240175,19.38987159729004,-99.05828857421875,300.0,6.0,21.6,,,,1784702470,2026-07-22 00:41:10-06:00,,
metrobus,metrobus_vehicle_positions,2026-07-22T06:41:34Z,2026-07-22,20260722T064115Z,e199d620-f710-42e9-8698-b70c6b4d5b64,,,,,,69645,2633,002A935,19.304523468017578,-99.1009750366211,187.0,0.0,0.0,,,,1784692751,2026-07-21 21:59:11-06:00,,
metrobus,metrobus_vehicle_positions,2026-07-22T06:41:34Z,2026-07-22,20260722T064115Z,f6a68a3e-bb99-4d3a-8e58-1458ec31a218,,,,,,69644,2632,002A934,19.30433464050293,-99.10084533691406,185.0,0.0,0.0,,,,1784694910,2026-07-21 22:35:10-06:00,,
metrobus,metrobus_vehicle_positions,2026-07-22T06:41:34Z,2026-07-22,20260722T064115Z,1ec255a1-7c5b-41ff-9025-1852bbbeeaa3,,20016,0.0,05:38:24,20260722,69360,1301,1240174,19.390085220336914,-99.0588607788086,0.0,0.0,0.0,,,,1784702284,2026-07-22 00:38:04-06:00,,
metrobus,metrobus_vehicle_positions,2026-07-22T06:41:34Z,2026-07-22,20260722T064115Z,0a98ef5a-6547-4e2e-bad5-cc9b25fd414f,,19558,1.0,17:40:14,20260721,69643,2631,002A933,19.29351234436035,-99.11474609375,750.0,48.0,172.8,,,,1784655840,2026-07-21 11:44:00-06:00,,
metrobus,metrobus_vehicle_positions,2026-07-22T06:41:34Z,2026-07-22,20260722T064115Z,d129201f-ec59-4778-9683-e1c4ba10a805,,,,,,69642,2630,002A932,19.30450439453125,-99.10082244873047,185.0,0.0,0.0,,,,1784695013,2026-07-21 22:36:53-06:00,,
metrobus,metrobus_vehicle_positions,2026-07-22T06:41:34Z,2026-07-22,20260722T064115Z,79f5bb60-ef72-40e4-a780-7311de895cc7,,,,,,69368,1309,1240182,19.38919448852539,-99.05809020996094,0.0,0.0,0.0,,,,1784692460,2026-07-21 21:54:20-06:00,,
metrobus,metrobus_vehicle_positions,2026-07-22T06:41:34Z,2026-07-22,20260722T064115Z,ea788f1b-cfdb-421a-811a-79653247c849,,,,,,69651,2639,002A941,19.30486488342285,-99.100830078125,183.0,0.0,0.0,,,,1784702303,2026-07-22 00:38:23-06:00,,
metrobus,metrobus_vehicle_positions,2026-07-22T06:41:34Z,2026-07-22,20260722T064115Z,8d2439dc-f762-4367-a2ec-1e6d83b101b2,,,,,,69367,1308,1240181,19.389989852905273,-99.0586166381836,330.0,0.0,0.0,,,,1784702469,2026-07-22 00:41:09-06:00,,
metrobus,metrobus_vehicle_positions,2026-07-22T06:41:34Z,2026-07-22,20260722T064115Z,93f5b947-3c47-4932-94bc-19ce44b68536,,20016,0.0,06:12:32,20260722,69366,1307,1240180,19.38996124267578,-99.05863952636719,300.0,0.0,0.0,,,,1784702394,2026-07-22 00:39:54-06:00,,
metrobus,metrobus_vehicle_positions,2026-07-22T06:41:34Z,2026-07-22,20260722T064115Z,5d474f72-9340-474a-b4c4-fdee46ebc1ab,,,,,,69650,2638,002A940,19.304262161254883,-99.10135650634766,185.0,0.0,0.0,,,,1784702475,2026-07-22 00:41:15-06:00,,
metrobus,metrobus_vehicle_positions,2026-07-22T06:41:34Z,2026-07-22,20260722T064115Z,61e1ec94-dd81-4724-90b6-c14e1018137b,,20016,0.0,06:26:22,20260722,69365,1306,1240179,19.389284133911133,-99.05803680419922,127.0,0.0,0.0,,,,1784702471,2026-07-22 00:41:11-06:00,,
metrobus,metrobus_vehicle_positions,2026-07-22T06:41:34Z,2026-07-22,20260722T064115Z,428834a5-2a6f-4c67-9c31-2671129ca58a,,19559,0.0,06:02:55,20260722,69649,2637,002A939,19.371801376342773,-99.10795593261719,192.0,0.0,0.0,,,,1784702480,2026-07-22 00:41:20-06:00,,
metrobus,metrobus_vehicle_positions,2026-07-22T06:41:34Z,2026-07-22,20260722T064115Z,d01011fd-fb63-4d79-a59c-20882fe69b22,,,,,,69662,2650,002A952,19.30449104309082,-99.10086059570312,186.0,0.0,0.0,,,,1784697679,2026-07-21 23:21:19-06:00,,
metrobus,metrobus_vehicle_positions,2026-07-22T06:41:34Z,2026-07-22,20260722T064115Z,6baf5788-b170-40f8-8d74-83acec23253e,,,,,,69659,2647,002A949,19.304311752319336,-99.10096740722656,0.0,0.0,0.0,,,,1784698930,2026-07-21 23:42:10-06:00,,
metrobus,metrobus_vehicle_positions,2026-07-22T06:41:34Z,2026-07-22,20260722T064115Z,3c2d18f0-ed22-4214-b079-ff91438a5120,,19558,1.0,06:37:26,20260722,69658,2646,002A948,19.281400680541992,-99.11665344238281,152.0,30.0,108.0,,,,1784702472,2026-07-22 00:41:12-06:00,,
metrobus,metrobus_vehicle_positions,2026-07-22T06:41:34Z,2026-07-22,20260722T064115Z,3dd500e3-b304-4f30-8a53-4e8d0f66e3b5,,20016,0.0,06:25:25,20260722,69373,1314,TienepermisodeSEMOVI,19.390066146850586,-99.0586166381836,301.0,0.0,0.0,,,,1784702474,2026-07-22 00:41:14-06:00,,
metrobus,metrobus_vehicle_positions,2026-07-22T06:41:34Z,2026-07-22,20260722T064115Z,a9298ba8-abb4-4467-bace-16f202a6d0ae,,,,,,69657,2645,002A947,19.304283142089844,-99.10087585449219,0.0,0.0,0.0,,,,1784701934,2026-07-22 00:32:14-06:00,,
metrobus,metrobus_vehicle_positions,2026-07-22T06:41:34Z,2026-07-22,20260722T064115Z,988b3a7f-abfd-4109-b7d0-58a182de037c,,,,,,69656,2644,002A946,19.304515838623047,-99.10125732421875,185.0,0.0,0.0,,,,1784700079,2026-07-22 00:01:19-06:00,,
metrobus,metrobus_vehicle_positions,2026-07-22T06:41:34Z,2026-07-22,20260722T064115Z,d576ce27-7ad9-467e-b5bf-884c15ceb9b6,,,,,,69372,1313,1240186,19.478286743164062,-99.06472778320312,0.0,0.0,0.0,,,,1784702472,2026-07-22 00:41:12-06:00,,
metrobus,metrobus_vehicle_positions,2026-07-22T06:41:34Z,2026-07-22,20260722T064115Z,819f1d0f-682c-4092-a06a-909f75bf8145,,,,,,69371,1312,1240185,19.478046417236328,-99.06388854980469,676.0,0.0,0.0,,,,1784699736,2026-07-21 23:55:36-06:00,,
metrobus,metrobus_vehicle_positions,2026-07-22T06:41:34Z,2026-07-22,20260722T064115Z,0d9e9d1a-d210-4dd8-8a8d-6fe5268661db,,,,,,69655,2643,002A945,19.305261611938477,-99.10092163085938,998.0,0.0,0.0,,,,1784702476,2026-07-22 00:41:16-06:00,,
metrobus,metrobus_vehicle_positions,2026-07-22T06:41:34Z,2026-07-22,20260722T064115Z,8e4ad93b-7dc7-48d0-8ca5-3855d0275280,,,,,,69370,1311,1240184,19.477901458740234,-99.06371307373047,0.0,0.0,0.0,,,,1784702473,2026-07-22 00:41:13-06:00,,
metrobus,metrobus_vehicle_positions,2026-07-22T06:41:34Z,2026-07-22,20260722T064115Z,c9d4a748-c57b-4e5b-8738-d0ef65650ba3,,,,,,74262,2642,002A947,19.30474281311035,-99.10128784179688,186.0,0.0,0.0,,,,1784696400,2026-07-21 23:00:00-06:00,,
metrobus,metrobus_vehicle_positions,2026-07-22T06:41:34Z,2026-07-22,20260722T064115Z,9aaac773-36db-4ec5-ab37-f9fdd986aca5,,,,,,69653,2641,002A943,19.304668426513672,-99.100830078125,0.0,0.0,0.0,,,,1784702477,2026-07-22 00:41:17-06:00,,
metrobus,metrobus_vehicle_positions,2026-07-22T06:41:34Z,2026-07-22,20260722T064115Z,a72fb5b3-a4d1-40be-b1cd-57c8f64bde30,,20016,0.0,05:26:52,20260722,74922,1310,1240183,19.390060424804688,-99.05886840820312,0.0,0.0,0.0,,,,1784702473,2026-07-22 00:41:13-06:00,,
metrobus,metrobus_vehicle_positions,2026-07-22T06:41:34Z,2026-07-22,20260722T064115Z,dce568cd-665e-43dc-ad3f-549c71fed44f,,,,,,69661,2649,002A951,19.304332733154297,-99.10116577148438,0.0,0.0,0.0,,,,1784701783,2026-07-22 00:29:43-06:00,,
metrobus,metrobus_vehicle_positions,2026-07-22T06:41:34Z,2026-07-22,20260722T064115Z,a6146b3d-feea-4ed6-a2e7-ebd335ab6ebd,,,,,,69660,2648,002A950,19.341224670410156,-99.11278533935547,186.0,48.0,172.8,,,,1784702480,2026-07-22 00:41:20-06:00,,
metrobus,metrobus_vehicle_positions,2026-07-22T06:41:34Z,2026-07-22,20260722T064115Z,8e68284a-bc5e-428a-ac26-02842e5c7c5a,,19558,1.0,06:35:04,20260722,69673,2661,002A963,19.283496856689453,-99.11602783203125,164.0,50.0,180.0,,,,1784702480,2026-07-22 00:41:20-06:00,,
metrobus,metrobus_vehicle_positions,2026-07-22T06:41:34Z,2026-07-22,20260722T064115Z,7b59d08c-d79e-4bc6-8e64-2550d61a160c,,,,,,69672,2660,002A962,19.30451011657715,-99.10102081298828,186.0,0.0,0.0,,,,1784690416,2026-07-21 21:20:16-06:00,,
metrobus,metrobus_vehicle_positions,2026-07-22T06:41:34Z,2026-07-22,20260722T064115Z,8238752b-4c92-4ee2-ae9b-ab84ef73d7bc,,,,,,69670,2658,002A960,19.304752349853516,-99.10140991210938,186.0,0.0,0.0,,,,1784695689,2026-07-21 22:48:09-06:00,,
metrobus,metrobus_vehicle_positions,2026-07-22T06:41:34Z,2026-07-22,20260722T064115Z,2a5da690-d0bd-4157-95bf-9ec94869829c,,,,,,69669,2657,002A959,19.304582595825195,-99.10138702392578,185.0,0.0,0.0,,,,1784691034,2026-07-21 21:30:34-06:00,,
metrobus,metrobus_vehicle_positions,2026-07-22T06:41:34Z,2026-07-22,20260722T064115Z,1455efed-9058-4821-9616-7b8face710f9,,,,,,69668,2656,002A958,19.30425262451172,-99.1014175415039,0.0,0.0,0.0,,,,1784097791,2026-07-15 00:43:11-06:00,,
metrobus,metrobus_vehicle_positions,2026-07-22T06:41:34Z,2026-07-22,20260722T064115Z,0fbcc099-fdff-48ce-83c7-643fbca29060,,,,,,69667,2655,002A957,19.30379867553711,-99.1013412475586,0.0,0.0,0.0,,,,1784702470,2026-07-22 00:41:10-06:00,,
metrobus,metrobus_vehicle_positions,2026-07-22T06:41:34Z,2026-07-22,20260722T064115Z,3d925204-e029-47e5-8e9e-d24d88e6c409,,,,,,69666,2654,002A956,19.304386138916016,-99.10126495361328,0.0,0.0,0.0,,,,1784702360,2026-07-22 00:39:20-06:00,,
metrobus,metrobus_vehicle_positions,2026-07-22T06:41:34Z,2026-07-22,20260722T064115Z,d3b05321-eff9-41e8-837c-28fb1f07dca8,,,,,,69665,2653,002A955,19.304664611816406,-99.10088348388672,185.0,0.0,0.0,,,,1784696975,2026-07-21 23:09:35-06:00,,
metrobus,metrobus_vehicle_positions,2026-07-22T06:41:34Z,2026-07-22,20260722T064115Z,edd3a492-3eeb-40f4-8147-1bf33ed63233,,,,,,69664,2652,002A954,19.30451011657715,-99.10128021240234,0.0,0.0,0.0,,,,1784702455,2026-07-22 00:40:55-06:00,,
metrobus,metrobus_vehicle_positions,2026-07-22T06:41:34Z,2026-07-22,20260722T064115Z,34aae29f-f49d-489a-9759-4f9180ca5bd2,,,,,,69663,2651,002A953,19.305387496948242,-99.1012191772461,933.0,0.0,0.0,,,,1784702479,2026-07-22 00:41:19-06:00,,
metrobus,metrobus_vehicle_positions,2026-07-22T06:41:34Z,2026-07-22,20260722T064115Z,19302d33-b5c4-4250-af6e-99a9ef889a9b,,,,,,70035,901,1280163,19.48737335205078,-99.09364318847656,0.0,0.0,0.0,,,,1784699968,2026-07-21 23:59:28-06:00,,
metrobus,metrobus_vehicle_positions,2026-07-22T06:41:34Z,2026-07-22,20260722T064115Z,f733a8bd-cde2-4089-a63d-732116b20b7b,,,,,,70036,902,1280164,19.508283615112305,-99.17285919189453,0.0,0.0,0.0,,,,1784702481,2026-07-22 00:41:21-06:00,,
metrobus,metrobus_vehicle_positions,2026-07-22T06:41:34Z,2026-07-22,20260722T064115Z,9bc5e899-9ddd-4475-b51f-9103fc16278b,,,,,,70037,903,1280165,19.487300872802734,-99.0931167602539,145.0,0.0,0.0,,,,1784700985,2026-07-22 00:16:25-06:00,,
metrobus,metrobus_vehicle_positions,2026-07-22T06:41:34Z,2026-07-22,20260722T064115Z,b429b877-25e3-4a4d-ab65-87eb2122f1d4,,,,,,70038,904,1280166,19.487201690673828,-99.09199523925781,291.0,0.0,0.0,,,,1784699142,2026-07-21 23:45:42-06:00,,
metrobus,metrobus_vehicle_positions,2026-07-22T06:41:34Z,2026-07-22,20260722T064115Z,1775d4f4-9775-4559-ba6d-ad88547c9809,,,,,,70039,905,1280167,19.487152099609375,-99.09234619140625,293.0,0.0,0.0,,,,1784700635,2026-07-22 00:10:35-06:00,,
metrobus,metrobus_vehicle_positions,2026-07-22T06:41:34Z,2026-07-22,20260722T064115Z,54dcf58f-24d9-414e-9dd8-6c8c5d75209e,,,,,,70040,906,1280168,19.487314224243164,-99.09320068359375,122.0,0.0,0.0,,,,1784702477,2026-07-22 00:41:17-06:00,,
metrobus,metrobus_vehicle_positions,2026-07-22T06:41:34Z,2026-07-22,20260722T064115Z,e5b1460d-3a07-419f-90cb-d0061425cce3,,,,,,69671,2659,002A961,19.305171966552734,-99.10115051269531,275.0,0.0,0.0,,,,1784702470,2026-07-22 00:41:10-06:00,,
metrobus,metrobus_vehicle_positions,2026-07-22T06:41:34Z,2026-07-22,20260722T064115Z,a0cb7436-f0da-4159-b190-17ca7d5f34d7,,,,,,70041,907,1280169,19.487281799316406,-99.0936508178711,0.0,0.0,0.0,,,,1784700583,2026-07-22 00:09:43-06:00,,
metrobus,metrobus_vehicle_positions,2026-07-22T06:41:34Z,2026-07-22,20260722T064115Z,0b45c770-473f-472c-bfe1-323d774edc62,,,,,,70042,908,1280170,19.508289337158203,-99.17269134521484,0.0,0.0,0.0,,,,1784608071,2026-07-20 22:27:51-06:00,,
metrobus,metrobus_vehicle_positions,2026-07-22T06:41:34Z,2026-07-22,20260722T064115Z,304834e8-baf4-410e-9e62-3ef0b33bf1bb,,,,,,70043,909,1280171,19.487295150756836,-99.09376525878906,0.0,0.0,0.0,,,,1784699806,2026-07-21 23:56:46-06:00,,
metrobus,metrobus_vehicle_positions,2026-07-22T06:41:34Z,2026-07-22,20260722T064115Z,d5edba91-d9f1-499c-be97-aa742d5e292b,,19559,0.0,05:40:56,20260722,69680,2668,002A970,19.295501708984375,-99.11450958251953,187.0,8.0,28.8,,,,1784702473,2026-07-22 00:41:13-06:00,,
metrobus,metrobus_vehicle_positions,2026-07-22T06:41:34Z,2026-07-22,20260722T064115Z,92530d78-a057-4f68-a184-186973172f06,,,,,,69679,2667,002A969,19.305009841918945,-99.10073852539062,161.0,0.0,0.0,,,,1784702236,2026-07-22 00:37:16-06:00,,
metrobus,metrobus_vehicle_positions,2026-07-22T06:41:34Z,2026-07-22,20260722T064115Z,88c9e33d-43f4-4eab-8676-9873fc5ea701,,,,,,69678,2666,002A968,19.304706573486328,-99.10124969482422,187.0,0.0,0.0,,,,1784701229,2026-07-22 00:20:29-06:00,,
metrobus,metrobus_vehicle_positions,2026-07-22T06:41:34Z,2026-07-22,20260722T064115Z,26ef4d16-4af9-4b0f-b11d-19cdb0aeb4c7,,,,,,69677,2665,002A967,19.30458641052246,-99.10137939453125,189.0,0.0,0.0,,,,1784694066,2026-07-21 22:21:06-06:00,,
metrobus,metrobus_vehicle_positions,2026-07-22T06:41:34Z,2026-07-22,20260722T064115Z,25c5e03f-b2ad-4cd2-98a5-4ea322780f88,,,,,,69676,2664,002A966,19.304716110229492,-99.1012191772461,185.0,0.0,0.0,,,,1784700563,2026-07-22 00:09:23-06:00,,
metrobus,metrobus_vehicle_positions,2026-07-22T06:41:34Z,2026-07-22,20260722T064115Z,02b8520b-443d-4300-8d4c-2ed4075238fb,,,,,,69675,2663,002A965,19.304691314697266,-99.1008529663086,186.0,0.0,0.0,,,,1784698055,2026-07-21 23:27:35-06:00,,
metrobus,metrobus_vehicle_positions,2026-07-22T06:41:34Z,2026-07-22,20260722T064115Z,ef0f1eb4-fbc8-4d67-8fb3-65675a78bbdb,,,,,,69674,2662,002A964,19.304309844970703,-99.10136413574219,0.0,0.0,0.0,,,,1784702471,2026-07-22 00:41:11-06:00,,
metrobus,metrobus_vehicle_positions,2026-07-22T06:41:34Z,2026-07-22,20260722T064115Z,8f230f0f-0ac1-4ae0-a126-6fbef45407ab,,,,,,70044,910,1280172,19.487247467041016,-99.0932388305664,114.0,0.0,0.0,,,,1784702470,2026-07-22 00:41:10-06:00,,
metrobus,metrobus_vehicle_positions,2026-07-22T06:41:34Z,2026-07-22,20260722T064115Z,f57d41e7-9486-47d9-a46c-41520aa0de8f,,,,,,70045,911,1280173,19.487401962280273,-99.09275817871094,0.0,0.0,0.0,,,,1784701702,2026-07-22 00:28:22-06:00,,
metrobus,metrobus_vehicle_positions,2026-07-22T06:41:34Z,2026-07-22,20260722T064115Z,cacfb0ac-1bcb-48b6-8b8d-9a7b684e810b,,,,,,70046,912,1290114,19.48699951171875,-99.09205627441406,0.0,0.0,0.0,,,,1784702467,2026-07-22 00:41:07-06:00,,
metrobus,metrobus_vehicle_positions,2026-07-22T06:41:34Z,2026-07-22,20260722T064115Z,acdf2cc4-a7da-4f2a-b56b-854f8d042013,,,,,,70047,913,1290115,19.486967086791992,-99.09410858154297,241.0,0.0,0.0,,,,1784700733,2026-07-22 00:12:13-06:00,,
metrobus,metrobus_vehicle_positions,2026-07-22T06:41:34Z,2026-07-22,20260722T064115Z,4b94cfbf-f225-44bd-8e4c-8526de031e34,,19577,1.0,06:19:39,20260722,70048,914,1290116,19.436315536499023,-99.14807891845703,552.0,44.0,158.4,,,,1784702475,2026-07-22 00:41:15-06:00,,
metrobus,metrobus_vehicle_positions,2026-07-22T06:41:34Z,2026-07-22,20260722T064115Z,b037fdde-8fe6-4300-b030-456f21235241,,,,,,70049,915,1290117,19.48714256286621,-99.09212493896484,292.0,0.0,0.0,,,,1784702094,2026-07-22 00:34:54-06:00,,
metrobus,metrobus_vehicle_positions,2026-07-22T06:41:34Z,2026-07-22,20260722T064115Z,9008dcb1-a1a5-4cf7-a9ee-51667df0093d,,,,,,70050,916,1290118,19.487062454223633,-99.0927963256836,292.0,0.0,0.0,,,,1784701864,2026-07-22 00:31:04-06:00,,
metrobus,metrobus_vehicle_positions,2026-07-22T06:41:34Z,2026-07-22,20260722T064115Z,96c22492-4f95-4fd7-ba3e-78869ec94682,,,,,,70051,917,1290119,19.514659881591797,-99.15010070800781,0.0,0.0,0.0,,,,1784664824,2026-07-21 14:13:44-06:00,,
metrobus,metrobus_vehicle_positions,2026-07-22T06:41:34Z,2026-07-22,20260722T064115Z,c95a9dd2-c1a7-4d0d-a5f8-9b1a7e085f49,,,,,,70052,918,1290120,19.487560272216797,-99.0936050415039,318.0,0.0,0.0,,,,1784702479,2026-07-22 00:41:19-06:00,,
metrobus,metrobus_vehicle_positions,2026-07-22T06:41:34Z,2026-07-22,20260722T064115Z,150434df-82c6-46b2-a19e-c15c81f835db,,,,,,70053,919,1290121,0.0,0.0,0.0,0.0,0.0,,,,1784701628,2026-07-22 00:27:08-06:00,,
metrobus,metrobus_vehicle_positions,2026-07-22T06:41:34Z,2026-07-22,20260722T064115Z,5f2b72b4-9988-47d2-84f1-b142dd4faaab,,,,,,69501,1110,1230101,19.499359130859375,-99.11917114257812,194.0,0.0,0.0,,,,1784702476,2026-07-22 00:41:16-06:00,,
metrobus,metrobus_vehicle_positions,2026-07-22T06:41:34Z,2026-07-22,20260722T064115Z,e744209b-64dc-4a32-a2bb-83df75e4ea30,,,,,,69498,1107,1230098,19.49901008605957,-99.11825561523438,0.0,0.0,0.0,,,,1784702475,2026-07-22 00:41:15-06:00,,
metrobus,metrobus_vehicle_positions,2026-07-22T06:41:34Z,2026-07-22,20260722T064115Z,e778bb34-8aa8-4ae6-bbc7-ef746962fcd5,,,,,,69497,1106,1230097,19.500646591186523,-99.11905670166016,0.0,0.0,0.0,,,,1784702476,2026-07-22 00:41:16-06:00,,
metrobus,metrobus_vehicle_positions,2026-07-22T06:41:34Z,2026-07-22,20260722T064115Z,860719db-acd4-4267-8a66-f1f8fec4d52a,,,,,,69496,1105,1230096,19.500585556030273,-99.11898040771484,0.0,0.0,0.0,,,,1784702484,2026-07-22 00:41:24-06:00,,
metrobus,metrobus_vehicle_positions,2026-07-22T06:41:34Z,2026-07-22,20260722T064115Z,0abd98c6-02e7-4358-b4c8-1275e03eebfa,,,,,,69495,1104,1230095,19.497840881347656,-99.11941528320312,139.0,0.0,0.0,,,,1784702469,2026-07-22 00:41:09-06:00,,
metrobus,metrobus_vehicle_positions,2026-07-22T06:41:34Z,2026-07-22,20260722T064115Z,0cf01b3d-6aff-442a-b323-94ba6709d5ff,,,,,,69494,1103,1230094,19.498580932617188,-99.11924743652344,166.0,0.0,0.0,,,,1784702472,2026-07-22 00:41:12-06:00,,
metrobus,metrobus_vehicle_positions,2026-07-22T06:41:34Z,2026-07-22,20260722T064115Z,eac6a41a-2fc3-40b9-a91b-ec46f4e57dd5,,,,,,69493,1102,1230093,19.49942970275879,-99.11917114257812,0.0,0.0,0.0,,,,1784702475,2026-07-22 00:41:15-06:00,,
metrobus,metrobus_vehicle_positions,2026-07-22T06:41:34Z,2026-07-22,20260722T064115Z,52cd91f1-f3e3-49b2-a306-e545c91d44cc,,,,,,69492,1101,1230092,19.498790740966797,-99.11940002441406,236.0,0.0,0.0,,,,1784702470,2026-07-22 00:41:10-06:00,,
metrobus,metrobus_vehicle_positions,2026-07-22T06:41:34Z,2026-07-22,20260722T064115Z,aa934964-10fc-44d3-b604-740cf5a6d224,,,,,,70054,920,1290122,19.487741470336914,-99.09414672851562,116.0,0.0,0.0,,,,1784702478,2026-07-22 00:41:18-06:00,,
metrobus,metrobus_vehicle_positions,2026-07-22T06:41:34Z,2026-07-22,20260722T064115Z,c78ccfa2-fa2c-4879-9f92-db371b3e69db,,,,,,70055,921,1290123,19.487415313720703,-99.09285736083984,290.0,0.0,0.0,,,,1784699605,2026-07-21 23:53:25-06:00,,
metrobus,metrobus_vehicle_positions,2026-07-22T06:41:34Z,2026-07-22,20260722T064115Z,457b234c-62ae-469f-b8f5-5699d8ce5b8d,,,,,,70057,923,1290125,19.48699951171875,-99.0927505493164,117.0,0.0,0.0,,,,1784702470,2026-07-22 00:41:10-06:00,,
metrobus,metrobus_vehicle_positions,2026-07-22T06:41:34Z,2026-07-22,20260722T064115Z,36d0d85c-b3af-4e72-a533-209eadd9f764,,19579,1.0,05:58:33,20260722,70058,924,1290126,19.483144760131836,-99.11937713623047,202.0,0.0,0.0,,,,1784702475,2026-07-22 00:41:15-06:00,,
metrobus,metrobus_vehicle_positions,2026-07-22T06:41:34Z,2026-07-22,20260722T064115Z,ee7c6743-4529-4316-a6c6-0e9e6eb0e1bb,,,,,,70059,925,1290127,19.487577438354492,-99.09325408935547,285.0,0.0,0.0,,,,1784699522,2026-07-21 23:52:02-06:00,,
metrobus,metrobus_vehicle_positions,2026-07-22T06:41:34Z,2026-07-22,20260722T064115Z,aeb880f2-f396-469d-b7e3-947044034d13,,,,,,70060,926,1290128,0.0,0.0,0.0,0.0,0.0,,,,1784699913,2026-07-21 23:58:33-06:00,,
metrobus,metrobus_vehicle_positions,2026-07-22T06:41:34Z,2026-07-22,20260722T064115Z,5284bfbf-a221-4c43-a7db-17128b07ad58,,19494,0.0,05:48:06,20260722,69500,1109,1230100,19.500444412231445,-99.11912536621094,956.0,0.0,0.0,,,,1784699964,2026-07-21 23:59:24-06:00,,
metrobus,metrobus_vehicle_positions,2026-07-22T06:41:34Z,2026-07-22,20260722T064115Z,70f895b8-f52c-4ba0-9a8e-f0b673c7f84d,,,,,,70061,927,1290129,19.487316131591797,-99.09408569335938,349.0,0.0,0.0,,,,1784697085,2026-07-21 23:11:25-06:00,,
metrobus,metrobus_vehicle_positions,2026-07-22T06:41:34Z,2026-07-22,20260722T064115Z,50f450ef-a20d-4764-80f9-7ae11e8fcc3f,,19499,0.0,06:27:54,20260722,69499,1108,1230099,19.499813079833984,-99.11959838867188,278.0,0.0,0.0,,,,1784702473,2026-07-22 00:41:13-06:00,,
metrobus,metrobus_vehicle_positions,2026-07-22T06:41:34Z,2026-07-22,20260722T064115Z,d37b338d-c54d-48d9-a8ba-5f4915fa3cde,,,,,,70062,928,1290130,19.487253189086914,-99.09247589111328,297.0,0.0,0.0,,,,1784695138,2026-07-21 22:38:58-06:00,,
metrobus,metrobus_vehicle_positions,2026-07-22T06:41:34Z,2026-07-22,20260722T064115Z,96d5ad6e-e18f-4755-b765-2fdf04a4d45b,,,,,,70063,929,1290131,19.487857818603516,-99.09324645996094,203.0,0.0,0.0,,,,1784702479,2026-07-22 00:41:19-06:00,,
metrobus,metrobus_vehicle_positions,2026-07-22T06:41:34Z,2026-07-22,20260722T064115Z,c02feb7d-30ff-4815-8577-d542f4f0e7b5,,19500,1.0,06:04:20,20260722,69512,1121,1230112,19.382444381713867,-99.17608642578125,175.0,6.0,21.6,,,,1784702473,2026-07-22 00:41:13-06:00,,
metrobus,metrobus_vehicle_positions,2026-07-22T06:41:34Z,2026-07-22,20260722T064115Z,2dd21c12-6bda-4c7a-aa3f-999bfa8c7d5f,,,,,,69511,1120,1230111,19.498231887817383,-99.11934661865234,840.0,0.0,0.0,,,,1784702479,2026-07-22 00:41:19-06:00,,
metrobus,metrobus_vehicle_positions,2026-07-22T06:41:34Z,2026-07-22,20260722T064115Z,d8cc56c3-c8b5-4c77-a99f-725001a40e8e,,,,,,69509,1118,1230109,0.0,0.0,0.0,0.0,0.0,,,,1784687976,2026-07-21 20:39:36-06:00,,
metrobus,metrobus_vehicle_positions,2026-07-22T06:41:34Z,2026-07-22,20260722T064115Z,0d58dd1f-0e4a-40dc-bea8-f1f22d1e433d,,19492,0.0,06:20:11,20260722,69508,1117,1230108,19.499237060546875,-99.11951446533203,197.0,0.0,0.0,,,,1784701648,2026-07-22 00:27:28-06:00,,
metrobus,metrobus_vehicle_positions,2026-07-22T06:41:34Z,2026-07-22,20260722T064115Z,e5e0e9ad-2e20-4ea1-998d-5e2840301608,,19499,0.0,05:47:35,20260722,69507,1116,1230107,19.500417709350586,-99.11910247802734,0.0,0.0,0.0,,,,1784701502,2026-07-22 00:25:02-06:00,,
metrobus,metrobus_vehicle_positions,2026-07-22T06:41:34Z,2026-07-22,20260722T064115Z,d9440539-f5eb-43de-8a16-7d34a0e3602f,,,,,,69506,1115,1230106,19.49921989440918,-99.11935424804688,0.0,0.0,0.0,,,,1784701744,2026-07-22 00:29:04-06:00,,
metrobus,metrobus_vehicle_positions,2026-07-22T06:41:34Z,2026-07-22,20260722T064115Z,d05cd669-99b9-4ea8-9c41-5026c2ded3e4,,,,,,69505,1114,1230105,19.499921798706055,-99.11907958984375,272.0,10.0,36.0,,,,1784702479,2026-07-22 00:41:19-06:00,,
metrobus,metrobus_vehicle_positions,2026-07-22T06:41:34Z,2026-07-22,20260722T064115Z,c00e90e0-8c7f-413c-9f40-7fa8f2023b15,,,,,,69504,1113,1230104,19.498071670532227,-99.11936950683594,176.0,0.0,0.0,,,,1784702131,2026-07-22 00:35:31-06:00,,
metrobus,metrobus_vehicle_positions,2026-07-22T06:41:34Z,2026-07-22,20260722T064115Z,b51e8083-bf79-4185-ac12-90d1c85661cc,,,,,,69503,1112,1230103,19.498048782348633,-99.11940002441406,143.0,0.0,0.0,,,,1784702475,2026-07-22 00:41:15-06:00,,
metrobus,metrobus_vehicle_positions,2026-07-22T06:41:34Z,2026-07-22,20260722T064115Z,b2bc2151-6b74-4cca-a412-b59c42502a60,,,,,,70064,930,1290132,19.487138748168945,-99.0921859741211,287.0,0.0,0.0,,,,1784701228,2026-07-22 00:20:28-06:00,,
metrobus,metrobus_vehicle_positions,2026-07-22T06:41:34Z,2026-07-22,20260722T064115Z,f3c47699-a0dc-4c1e-b9c7-9525c95f4cf9,,,,,,70065,931,1290133,19.48729133605957,-99.09234619140625,297.0,0.0,0.0,,,,1784697258,2026-07-21 23:14:18-06:00,,
metrobus,metrobus_vehicle_positions,2026-07-22T06:41:34Z,2026-07-22,20260722T064115Z,6591d63d-b66e-4a2e-9740-db13a3d84b55,,,,,,69502,1111,1230102,19.497983932495117,-99.11953735351562,190.0,0.0,0.0,,,,1784694701,2026-07-21 22:31:41-06:00,,
metrobus,metrobus_vehicle_positions,2026-07-22T06:41:34Z,2026-07-22,20260722T064115Z,c04e2fff-5db8-4753-a9d8-2e5118526148,,,,,,70066,932,1290134,19.508188247680664,-99.17274475097656,0.0,0.0,0.0,,,,1784485568,2026-07-19 12:26:08-06:00,,
metrobus,metrobus_vehicle_positions,2026-07-22T06:41:34Z,2026-07-22,20260722T064115Z,d0192c20-e0b3-41bc-8e2b-8fb65f4b8ebe,,,,,,70067,933,1290135,19.487276077270508,-99.09359741210938,115.0,0.0,0.0,,,,1784702468,2026-07-22 00:41:08-06:00,,
metrobus,metrobus_vehicle_positions,2026-07-22T06:41:34Z,2026-07-22,20260722T064115Z,bc29ca7d-dc28-49ba-829f-50813eef5a9e,,,,,,70068,934,1290136,19.48720359802246,-99.09322357177734,110.0,0.0,0.0,,,,1784702477,2026-07-22 00:41:17-06:00,,
metrobus,metrobus_vehicle_positions,2026-07-22T06:41:34Z,2026-07-22,20260722T064115Z,5001c05a-a086-45c1-8d65-04dd911ef55c,,,,,,70069,935,1290137,19.48607063293457,-99.0932846069336,153.0,0.0,0.0,,,,1784690872,2026-07-21 21:27:52-06:00,,
metrobus,metrobus_vehicle_positions,2026-07-22T06:41:34Z,2026-07-22,20260722T064115Z,77b8ce68-eb59-4a3f-a927-10041b2d85c6,,,,,,70070,936,1290138,19.492271423339844,-99.12032318115234,634.0,26.0,93.60000000000001,,,,1784697830,2026-07-21 23:23:50-06:00,,
metrobus,metrobus_vehicle_positions,2026-07-22T06:41:34Z,2026-07-22,20260722T064115Z,e98089c3-314b-40cf-bde3-b6e1bb2ca039,,,,,,70071,937,1290139,19.487680435180664,-99.0936508178711,303.0,0.0,0.0,,,,1784695858,2026-07-21 22:50:58-06:00,,
metrobus,metrobus_vehicle_positions,2026-07-22T06:41:34Z,2026-07-22,20260722T064115Z,98b964de-7839-4201-8818-b8dadc98b8b5,,,,,,70072,938,1290140,19.515024185180664,-99.14991760253906,0.0,0.0,0.0,,,,1782341461,2026-06-24 16:51:01-06:00,,
metrobus,metrobus_vehicle_positions,2026-07-22T06:41:34Z,2026-07-22,20260722T064115Z,46ca927a-92a2-47c9-a51f-58925456bf54,,,,,,70073,939,1290141,19.487672805786133,-99.09337615966797,293.0,0.0,0.0,,,,1784698179,2026-07-21 23:29:39-06:00,,
metrobus,metrobus_vehicle_positions,2026-07-22T06:41:34Z,2026-07-22,20260722T064115Z,686d6c7e-9918-490a-810a-184c43efbf01,,19500,1.0,05:46:23,20260722,69510,1119,1230110,19.418258666992188,-99.16454315185547,153.0,0.0,0.0,,,,1784702467,2026-07-22 00:41:07-06:00,,
metrobus,metrobus_vehicle_positions,2026-07-22T06:41:34Z,2026-07-22,20260722T064115Z,85ded458-e416-4f3a-81dc-f416449df287,,,,,,69411,3310,TienepermisodeSEMOVI,19.479190826416016,-99.06401824951172,340.0,0.0,0.0,,,,1784702478,2026-07-22 00:41:18-06:00,,
metrobus,metrobus_vehicle_positions,2026-07-22T06:41:34Z,2026-07-22,20260722T064115Z,26217914-21bb-40d4-ae46-c25be402ba21,,,,,,69523,1132,1230026,19.499267578125,-99.11894226074219,0.0,0.0,0.0,,,,1784702475,2026-07-22 00:41:15-06:00,,
metrobus,metrobus_vehicle_positions,2026-07-22T06:41:34Z,2026-07-22,20260722T064115Z,267cb2f6-b29e-4dac-92aa-02816b7137e0,,,,,,69522,1131,1230025,19.49777603149414,-99.1192398071289,283.0,0.0,0.0,,,,1784702481,2026-07-22 00:41:21-06:00,,
metrobus,metrobus_vehicle_positions,2026-07-22T06:41:34Z,2026-07-22,20260722T064115Z,d34d76bb-7628-493e-9519-b1b184885ac8,,19500,1.0,06:09:15,20260722,69521,1130,1230024,19.382217407226562,-99.17620849609375,165.0,0.0,0.0,,,,1784702468,2026-07-22 00:41:08-06:00,,
metrobus,metrobus_vehicle_positions,2026-07-22T06:41:34Z,2026-07-22,20260722T064115Z,0bea01bf-cfa6-4d41-83af-085db62bf55e,,,,,,69408,3307,1230171,19.389907836914062,-99.05892181396484,0.0,0.0,0.0,,,,1784698848,2026-07-21 23:40:48-06:00,,
metrobus,metrobus_vehicle_positions,2026-07-22T06:41:34Z,2026-07-22,20260722T064115Z,2665a44a-a8a6-4932-abcd-983d04c2133c,,19499,0.0,04:16:28,20260722,69520,1129,1230022,19.499723434448242,-99.11941528320312,0.0,0.0,0.0,,,,1784698844,2026-07-21 23:40:44-06:00,,
metrobus,metrobus_vehicle_positions,2026-07-22T06:41:34Z,2026-07-22,20260722T064115Z,11950d27-4900-495e-96da-47ab7ef2bda3,,19563,0.0,05:28:36,20260722,69407,3306,1230185,19.38907814025879,-99.05754852294922,0.0,0.0,0.0,,,,1784701410,2026-07-22 00:23:30-06:00,,
metrobus,metrobus_vehicle_positions,2026-07-22T06:41:34Z,2026-07-22,20260722T064115Z,81da2f7d-dd1b-41eb-ade7-782cc6fcbde5,,19499,0.0,06:28:58,20260722,69519,1128,003A008,19.499845504760742,-99.11962890625,278.0,0.0,0.0,,,,1784702476,2026-07-22 00:41:16-06:00,,
metrobus,metrobus_vehicle_positions,2026-07-22T06:41:34Z,2026-07-22,20260722T064115Z,e551b3f4-27a5-446e-9d02-477606d5d5fa,,19566,0.0,04:24:55,20260722,69406,3305,1230183,19.38990592956543,-99.05873107910156,301.0,0.0,0.0,,,,1784700066,2026-07-22 00:01:06-06:00,,
metrobus,metrobus_vehicle_positions,2026-07-22T06:41:34Z,2026-07-22,20260722T064115Z,d40aa23a-dbd8-4a04-923e-753865acf721,,19499,0.0,06:15:43,20260722,69518,1127,003A007,19.499486923217773,-99.11985778808594,210.0,0.0,0.0,,,,1784702465,2026-07-22 00:41:05-06:00,,
metrobus,metrobus_vehicle_positions,2026-07-22T06:41:34Z,2026-07-22,20260722T064115Z,9229ae37-a46a-46d6-8b98-2a96b3e78b97,,19563,0.0,05:13:15,20260722,69405,3304,1230189,19.389768600463867,-99.05860900878906,0.0,0.0,0.0,,,,1784702473,2026-07-22 00:41:13-06:00,,
metrobus,metrobus_vehicle_positions,2026-07-22T06:41:34Z,2026-07-22,20260722T064115Z,6bf2b510-753f-48ea-8036-673e93ec6c37,,,,,,69517,1126,003A006,19.498746871948242,-99.11910247802734,0.0,0.0,0.0,,,,1784699931,2026-07-21 23:58:51-06:00,,
metrobus,metrobus_vehicle_positions,2026-07-22T06:41:34Z,2026-07-22,20260722T064115Z,02e5a4c8-d6b2-4055-86a4-fc0eaed06a81,,,,,,69404,3303,1230179,19.389808654785156,-99.05876922607422,0.0,0.0,0.0,,,,1784702475,2026-07-22 00:41:15-06:00,,
metrobus,metrobus_vehicle_positions,2026-07-22T06:41:34Z,2026-07-22,20260722T064115Z,0dcce639-1a3e-4ff2-bbe9-08561864f11d,,,,,,69516,1125,003A005,19.49919319152832,-99.11907196044922,984.0,0.0,0.0,,,,1784702483,2026-07-22 00:41:23-06:00,,
metrobus,metrobus_vehicle_positions,2026-07-22T06:41:34Z,2026-07-22,20260722T064115Z,a13f548a-b7d5-4597-82bf-21812a74a942,,,,,,69515,1124,003A004,19.49888801574707,-99.11933135986328,103.0,0.0,0.0,,,,1784702082,2026-07-22 00:34:42-06:00,,
metrobus,metrobus_vehicle_positions,2026-07-22T06:41:34Z,2026-07-22,20260722T064115Z,92d4d143-0f47-478e-b9ce-f9840bea8014,,19566,0.0,04:56:25,20260722,69403,3302,1230188,19.38896942138672,-99.05741119384766,0.0,0.0,0.0,,,,1784701362,2026-07-22 00:22:42-06:00,,
metrobus,metrobus_vehicle_positions,2026-07-22T06:41:34Z,2026-07-22,20260722T064115Z,59a28cf2-8caf-4f48-bf08-bb79a2b678ee,,,,,,70074,940,1290142,19.508222579956055,-99.17276000976562,109.0,0.0,0.0,,,,1784702469,2026-07-22 00:41:09-06:00,,
metrobus,metrobus_vehicle_positions,2026-07-22T06:41:34Z,2026-07-22,20260722T064115Z,fba53071-0237-4dae-9f96-2ffe2c62fbdb,,,,,,70075,941,1290143,19.487573623657227,-99.09322357177734,290.0,0.0,0.0,,,,1784701643,2026-07-22 00:27:23-06:00,,
metrobus,metrobus_vehicle_positions,2026-07-22T06:41:34Z,2026-07-22,20260722T064115Z,6d4f37c0-ee19-4fc0-88db-2acde6120400,,,,,,69514,1123,003A003,19.499191284179688,-99.11921691894531,0.0,0.0,0.0,,,,1784702098,2026-07-22 00:34:58-06:00,,
metrobus,metrobus_vehicle_positions,2026-07-22T06:41:34Z,2026-07-22,20260722T064115Z,d52259ab-6754-4425-8c62-8ee2e3109c39,,19563,0.0,05:01:01,20260722,69402,3301,1230186,19.38983726501465,-99.05858612060547,0.0,0.0,0.0,,,,1784700241,2026-07-22 00:04:01-06:00,,
metrobus,metrobus_vehicle_positions,2026-07-22T06:41:34Z,2026-07-22,20260722T064115Z,2fda3b1f-09b5-4156-a951-2188ea73490d,,,,,,69513,1122,003A002,19.49974822998047,-99.11878967285156,0.0,0.0,0.0,,,,1784702473,2026-07-22 00:41:13-06:00,,
metrobus,metrobus_vehicle_positions,2026-07-22T06:41:34Z,2026-07-22,20260722T064115Z,cb47b9bd-43d8-4028-9f5f-3a00c197aa55,,,,,,70076,942,1290144,19.48735809326172,-99.09263610839844,312.0,0.0,0.0,,,,1784700565,2026-07-22 00:09:25-06:00,,
metrobus,metrobus_vehicle_positions,2026-07-22T06:41:34Z,2026-07-22,20260722T064115Z,325cb29e-219b-43c8-a9f0-2cf31aefeeb7,,,,,,69324,701,1240014,19.479154586791992,-99.0638427734375,337.0,0.0,0.0,,,,1784702483,2026-07-22 00:41:23-06:00,,
metrobus,metrobus_vehicle_positions,2026-07-22T06:41:34Z,2026-07-22,20260722T064115Z,54fde395-143c-4c0c-bacc-6bb79033bc14,,,,,,69325,702,1240015,19.47945213317871,-99.06393432617188,0.0,0.0,0.0,,,,1784445682,2026-07-19 01:21:22-06:00,,
metrobus,metrobus_vehicle_positions,2026-07-22T06:41:34Z,2026-07-22,20260722T064115Z,08fdd345-f320-4620-af3c-af4a64fc2807,,,,,,69326,703,1240016,19.479419708251953,-99.06396484375,338.0,0.0,0.0,,,,1784702467,2026-07-22 00:41:07-06:00,,
metrobus,metrobus_vehicle_positions,2026-07-22T06:41:34Z,2026-07-22,20260722T064115Z,8d161573-6bba-4f12-9198-4c6d9d7d1de6,,,,,,69327,704,1240017,19.479143142700195,-99.063720703125,337.0,0.0,0.0,,,,1784702476,2026-07-22 00:41:16-06:00,,
metrobus,metrobus_vehicle_positions,2026-07-22T06:41:34Z,2026-07-22,20260722T064115Z,fba1d9b0-6618-486d-b30d-c7cd8c4b8ceb,,19471,1.0,05:55:02,20260722,69328,705,1240018,19.47099494934082,-99.07091522216797,136.0,19.0,68.4,,,,1784702471,2026-07-22 00:41:11-06:00,,
metrobus,metrobus_vehicle_positions,2026-07-22T06:41:34Z,2026-07-22,20260722T064115Z,96d06209-1072-49b1-b1d8-a6af2bbeb37d,,,,,,69329,706,1240019,19.478431701660156,-99.06487274169922,279.0,0.0,0.0,,,,1784671502,2026-07-21 16:05:02-06:00,,
metrobus,metrobus_vehicle_positions,2026-07-22T06:41:34Z,2026-07-22,20260722T064115Z,74a07783-90ef-49e7-8f83-64448d83657c,,,,,,69410,3309,1230181,19.389848709106445,-99.05876159667969,0.0,0.0,0.0,,,,1784702473,2026-07-22 00:41:13-06:00,,
metrobus,metrobus_vehicle_positions,2026-07-22T06:41:34Z,2026-07-22,20260722T064115Z,4ee2c927-23a0-41b5-83f5-90be99f1df13,,,,,,69330,707,1240020,19.479103088378906,-99.06377410888672,335.0,0.0,0.0,,,,1784702481,2026-07-22 00:41:21-06:00,,
metrobus,metrobus_vehicle_positions,2026-07-22T06:41:34Z,2026-07-22,20260722T064115Z,a9aeda70-3e92-4f36-97dd-89d17e783256,,,,,,69331,708,1240021,19.479476928710938,-99.06378173828125,337.0,0.0,0.0,,,,1784702476,2026-07-22 00:41:16-06:00,,
metrobus,metrobus_vehicle_positions,2026-07-22T06:41:34Z,2026-07-22,20260722T064115Z,3c0fbb78-3edb-41c3-97ed-7054aa893c11,,19566,0.0,05:12:40,20260722,69409,3308,1230178,19.38971710205078,-99.05860137939453,0.0,0.0,0.0,,,,1784701581,2026-07-22 00:26:21-06:00,,
metrobus,metrobus_vehicle_positions,2026-07-22T06:41:34Z,2026-07-22,20260722T064115Z,0c2617c7-e5c7-4ab5-b62b-ca74e3f7921e,,,,,,69332,709,1240022,19.47800636291504,-99.06381225585938,687.0,0.0,0.0,,,,1784702473,2026-07-22 00:41:13-06:00,,
metrobus,metrobus_vehicle_positions,2026-07-22T06:41:34Z,2026-07-22,20260722T064115Z,6b1fed66-9968-4371-83b0-b967aaa334ef,,19499,0.0,04:11:58,20260722,69534,1143,1230001,19.499727249145508,-99.11923217773438,0.0,0.0,0.0,,,,1784701150,2026-07-22 00:19:10-06:00,,
metrobus,metrobus_vehicle_positions,2026-07-22T06:41:34Z,2026-07-22,20260722T064115Z,e8f3a4d9-3849-4ee4-8f61-7f6aeb60bced,,,,,,69533,1142,1230004,19.498748779296875,-99.11931610107422,100.0,0.0,0.0,,,,1784701777,2026-07-22 00:29:37-06:00,,
metrobus,metrobus_vehicle_positions,2026-07-22T06:41:34Z,2026-07-22,20260722T064115Z,db0c7911-fbb1-4d0e-9eec-f07e66b1c873,,,,,,69421,3320,1230192,19.389991760253906,-99.05889892578125,0.0,0.0,0.0,,,,1784702474,2026-07-22 00:41:14-06:00,,
metrobus,metrobus_vehicle_positions,2026-07-22T06:41:34Z,2026-07-22,20260722T064115Z,b74e6410-3509-427e-8f57-9a49cefcdc79,,,,,,69532,1141,1230045,19.499427795410156,-99.11914825439453,0.0,0.0,0.0,,,,1784700553,2026-07-22 00:09:13-06:00,,
metrobus,metrobus_vehicle_positions,2026-07-22T06:41:34Z,2026-07-22,20260722T064115Z,011388fc-53af-4f88-b858-e2027b2fdf24,,,,,,69531,1140,1230044,19.497289657592773,-99.11983489990234,104.0,0.0,0.0,,,,1784702471,2026-07-22 00:41:11-06:00,,
metrobus,metrobus_vehicle_positions,2026-07-22T06:41:34Z,2026-07-22,20260722T064115Z,6aad94c8-b4fc-42e0-a567-777542af12e9,,,,,,69419,3318,1230190,19.38912010192871,-99.05792999267578,0.0,0.0,0.0,,,,1784701639,2026-07-22 00:27:19-06:00,,
metrobus,metrobus_vehicle_positions,2026-07-22T06:41:34Z,2026-07-22,20260722T064115Z,fea3ba2c-7127-4655-9849-7f15b2fa0919,,19500,1.0,05:28:06,20260722,69530,1139,1230040,19.474653244018555,-99.13396453857422,382.0,47.0,169.20000000000002,,,,1784702470,2026-07-22 00:41:10-06:00,,
metrobus,metrobus_vehicle_positions,2026-07-22T06:41:34Z,2026-07-22,20260722T064115Z,09466d4f-a432-4bb7-a64d-2152f4df1728,,,,,,69418,3317,TienepermisodeSEMOVI,19.479156494140625,-99.06399536132812,338.0,0.0,0.0,,,,1784702482,2026-07-22 00:41:22-06:00,,
metrobus,metrobus_vehicle_positions,2026-07-22T06:41:34Z,2026-07-22,20260722T064115Z,13d0def3-7f96-4a00-9e80-05506e291ac9,,,,,,69417,3316,TienepermisodeSEMOVI,19.479389190673828,-99.06407928466797,0.0,0.0,0.0,,,,1784701877,2026-07-22 00:31:17-06:00,,
metrobus,metrobus_vehicle_positions,2026-07-22T06:41:34Z,2026-07-22,20260722T064115Z,863972b1-6e74-4361-9413-b0baae819dfd,,19492,0.0,06:04:38,20260722,69529,1138,1230038,19.499698638916016,-99.11985778808594,193.0,0.0,0.0,,,,1784702478,2026-07-22 00:41:18-06:00,,
metrobus,metrobus_vehicle_positions,2026-07-22T06:41:34Z,2026-07-22,20260722T064115Z,e958a501-6f5c-417d-9651-f4beca9b55ec,,,,,,69416,3315,TienepermisodeSEMOVI,19.478225708007812,-99.06370544433594,173.0,0.0,0.0,,,,1784700474,2026-07-22 00:07:54-06:00,,
metrobus,metrobus_vehicle_positions,2026-07-22T06:41:34Z,2026-07-22,20260722T064115Z,7aae135a-19f9-43dd-9aa6-5d256cc4f8e6,,,,,,69528,1137,1230037,19.497814178466797,-99.11946105957031,117.0,0.0,0.0,,,,1784702471,2026-07-22 00:41:11-06:00,,
metrobus,metrobus_vehicle_positions,2026-07-22T06:41:34Z,2026-07-22,20260722T064115Z,9eba9092-8590-47f1-9963-284a2e6013c6,,,,,,69527,1136,1230031,19.498046875,-99.11873626708984,115.0,0.0,0.0,,,,1784702485,2026-07-22 00:41:25-06:00,,
metrobus,metrobus_vehicle_positions,2026-07-22T06:41:34Z,2026-07-22,20260722T064115Z,20514031-119c-4391-a294-68c90955a8c7,,,,,,69415,3314,TienepermisodeSEMOVI,19.47934913635254,-99.06397247314453,0.0,0.0,0.0,,,,1784701464,2026-07-22 00:24:24-06:00,,
metrobus,metrobus_vehicle_positions,2026-07-22T06:41:34Z,2026-07-22,20260722T064115Z,aeac9e6e-6de4-4373-9936-0bac1c48c3fd,,19499,0.0,06:15:31,20260722,69526,1135,1230029,19.49954605102539,-99.11978912353516,184.0,0.0,0.0,,,,1784702468,2026-07-22 00:41:08-06:00,,
metrobus,metrobus_vehicle_positions,2026-07-22T06:41:34Z,2026-07-22,20260722T064115Z,5016c704-f4b1-406f-aae3-277a821e3a91,,,,,,69414,3313,TienepermisodeSEMOVI,19.478174209594727,-99.06383514404297,0.0,0.0,0.0,,,,1784671871,2026-07-21 16:11:11-06:00,,
metrobus,metrobus_vehicle_positions,2026-07-22T06:41:34Z,2026-07-22,20260722T064115Z,d110845d-6b1f-45e3-88fd-de3263a891ac,,,,,,69525,1134,1230028,19.497499465942383,-99.11908721923828,0.0,0.0,0.0,,,,1784702479,2026-07-22 00:41:19-06:00,,
metrobus,metrobus_vehicle_positions,2026-07-22T06:41:34Z,2026-07-22,20260722T064115Z,61dcf571-d5ab-4585-9cb9-d46df6df0651,,19471,1.0,05:48:54,20260722,69413,3312,TienepermisodeSEMOVI,19.466825485229492,-99.06167602539062,133.0,0.0,0.0,,,,1784702483,2026-07-22 00:41:23-06:00,,
metrobus,metrobus_vehicle_positions,2026-07-22T06:41:34Z,2026-07-22,20260722T064115Z,916054f4-10a9-406f-b3ab-4ce7418e4778,,,,,,69333,710,1240023,19.479312896728516,-99.06366729736328,336.0,0.0,0.0,,,,1784701514,2026-07-22 00:25:14-06:00,,
metrobus,metrobus_vehicle_positions,2026-07-22T06:41:34Z,2026-07-22,20260722T064115Z,f8ae260b-a66d-421b-abb7-c7427a509860,,19471,1.0,05:51:54,20260722,69334,711,1240024,19.471580505371094,-99.06724548339844,137.0,43.0,154.8,,,,1784702467,2026-07-22 00:41:07-06:00,,
metrobus,metrobus_vehicle_positions,2026-07-22T06:41:34Z,2026-07-22,20260722T064115Z,6264ffbf-680f-46d1-bab9-9a786aee7f00,,,,,,69412,3311,TienepermisodeSEMOVI,19.4794864654541,-99.06414031982422,337.0,0.0,0.0,,,,1784701324,2026-07-22 00:22:04-06:00,,
metrobus,metrobus_vehicle_positions,2026-07-22T06:41:34Z,2026-07-22,20260722T064115Z,28c3720e-3b66-491d-84b5-60b09da68252,,,,,,69524,1133,1230027,19.499515533447266,-99.11894226074219,0.0,0.0,0.0,,,,1784701316,2026-07-22 00:21:56-06:00,,
metrobus,metrobus_vehicle_positions,2026-07-22T06:41:34Z,2026-07-22,20260722T064115Z,c4e61a68-c963-4521-bb8c-9ba8195ee707,,,,,,69335,712,1240109,19.479461669921875,-99.0637435913086,338.0,0.0,0.0,,,,1784702314,2026-07-22 00:38:34-06:00,,
metrobus,metrobus_vehicle_positions,2026-07-22T06:41:34Z,2026-07-22,20260722T064115Z,a395730b-bd74-4d62-b848-ff605564380c,,,,,,69336,713,1240110,19.478239059448242,-99.0648422241211,281.0,0.0,0.0,,,,1784698278,2026-07-21 23:31:18-06:00,,
metrobus,metrobus_vehicle_positions,2026-07-22T06:41:34Z,2026-07-22,20260722T064115Z,433b45f0-08c0-40fc-b825-fe55a5c3e724,,,,,,69337,714,1240111,19.477991104125977,-99.0635986328125,0.0,0.0,0.0,,,,1784701331,2026-07-22 00:22:11-06:00,,
metrobus,metrobus_vehicle_positions,2026-07-22T06:41:34Z,2026-07-22,20260722T064115Z,c98a3460-6626-45e3-9322-556e562d51a9,,,,,,69338,715,1240112,19.478057861328125,-99.06360626220703,0.0,0.0,0.0,,,,1784702475,2026-07-22 00:41:15-06:00,,
metrobus,metrobus_vehicle_positions,2026-07-22T06:41:34Z,2026-07-22,20260722T064115Z,998ef962-e422-46fa-9bf6-fcc358c556ac,,,,,,69339,716,ConPermisovencido,19.479084014892578,-99.06378936767578,336.0,0.0,0.0,,,,1784702475,2026-07-22 00:41:15-06:00,,
metrobus,metrobus_vehicle_positions,2026-07-22T06:41:34Z,2026-07-22,20260722T064115Z,b4d4a708-7ae9-4154-8039-f302598de29f,,,,,,69340,717,1240114,19.47821044921875,-99.06356048583984,156.0,0.0,0.0,,,,1784702481,2026-07-22 00:41:21-06:00,,
metrobus,metrobus_vehicle_positions,2026-07-22T06:41:34Z,2026-07-22,20260722T064115Z,41ac17b1-1cf6-4881-abde-9b287ab70f53,,,,,,69341,718,1240115,19.479455947875977,-99.0638427734375,336.0,0.0,0.0,,,,1784702472,2026-07-22 00:41:12-06:00,,
metrobus,metrobus_vehicle_positions,2026-07-22T06:41:34Z,2026-07-22,20260722T064115Z,5a017297-e25b-447d-b6bf-55a43b1d0f01,,19471,1.0,06:07:22,20260722,69342,719,1240116,19.482158660888672,-99.10592651367188,102.0,27.0,97.2,,,,1784702476,2026-07-22 00:41:16-06:00,,
metrobus,metrobus_vehicle_positions,2026-07-22T06:41:34Z,2026-07-22,20260722T064115Z,9d86b197-2a0b-4769-8d74-1bab8c32596a,,,,,,69420,3319,1230191,19.38970184326172,-99.05844116210938,302.0,0.0,0.0,,,,1784701256,2026-07-22 00:20:56-06:00,,
metrobus,metrobus_vehicle_positions,2026-07-22T06:41:34Z,2026-07-22,20260722T064115Z,9a7c4497-6aaf-44cf-9112-3434e3f32546,,19499,0.0,06:36:33,20260722,69538,1147,1230030,19.49951171875,-99.11962890625,136.0,0.0,0.0,,,,1784702480,2026-07-22 00:41:20-06:00,,
metrobus,metrobus_vehicle_positions,2026-07-22T06:41:34Z,2026-07-22,20260722T064115Z,e3a5a187-9b53-4611-aabf-5c0889bfef88,,,,,,69343,720,1240117,19.477941513061523,-99.06353759765625,0.0,0.0,0.0,,,,1784699033,2026-07-21 23:43:53-06:00,,
metrobus,metrobus_vehicle_positions,2026-07-22T06:41:34Z,2026-07-22,20260722T064115Z,f638da79-3915-4426-b651-51eab239a934,,19499,0.0,05:50:16,20260722,69537,1146,1230023,19.499549865722656,-99.11970520019531,134.0,0.0,0.0,,,,1784702476,2026-07-22 00:41:16-06:00,,
metrobus,metrobus_vehicle_positions,2026-07-22T06:41:34Z,2026-07-22,20260722T064115Z,bffee137-6089-46ec-acfb-48dd7abecf3f,,19499,0.0,04:35:41,20260722,69536,1145,1230041,19.49995994567871,-99.11925506591797,198.0,0.0,0.0,,,,1784701421,2026-07-22 00:23:41-06:00,,
metrobus,metrobus_vehicle_positions,2026-07-22T06:41:34Z,2026-07-22,20260722T064115Z,a312a0a7-514b-46da-99fc-decc1ffb32a6,,,,,,69344,721,1240118,19.477598190307617,-99.06465911865234,231.0,0.0,0.0,,,,1784702479,2026-07-22 00:41:19-06:00,,
metrobus,metrobus_vehicle_positions,2026-07-22T06:41:34Z,2026-07-22,20260722T064115Z,b7854bc2-d0cc-40b9-b079-add05367fa9f,,,,,,69345,722,1240159,19.47926139831543,-99.06388092041016,338.0,0.0,0.0,,,,1784702471,2026-07-22 00:41:11-06:00,,
metrobus,metrobus_vehicle_positions,2026-07-22T06:41:34Z,2026-07-22,20260722T064115Z,0bd34084-e94c-4cc5-9895-872f04787fb7,,,,,,69535,1144,1230047,19.50048828125,-99.11823272705078,0.0,0.0,0.0,,,,1784567245,2026-07-20 11:07:25-06:00,,
metrobus,metrobus_vehicle_positions,2026-07-22T06:41:34Z,2026-07-22,20260722T064115Z,251968e8-35d3-4a8d-81a6-1d48756e48a2,,,,,,69346,723,1240160,19.47945213317871,-99.06390380859375,0.0,0.0,0.0,,,,1784698005,2026-07-21 23:26:45-06:00,,
metrobus,metrobus_vehicle_positions,2026-07-22T06:41:34Z,2026-07-22,20260722T064115Z,2da7b31c-60df-42f5-9a5b-6fe585b53351,,,,,,69347,724,1240161,19.479246139526367,-99.06390380859375,0.0,0.0,0.0,,,,1784702471,2026-07-22 00:41:11-06:00,,
metrobus,metrobus_vehicle_positions,2026-07-22T06:41:34Z,2026-07-22,20260722T064115Z,d24d7951-e30a-4b3c-a411-cfb8a7571bd5,,,,,,69348,725,1240162,19.478342056274414,-99.0648422241211,274.0,0.0,0.0,,,,1784702468,2026-07-22 00:41:08-06:00,,
metrobus,metrobus_vehicle_positions,2026-07-22T06:41:34Z,2026-07-22,20260722T064115Z,5aa35232-352d-4ffd-a239-af646c9d7266,,,,,,69349,726,1240163,19.47804832458496,-99.06389617919922,678.0,0.0,0.0,,,,1784702324,2026-07-22 00:38:44-06:00,,
metrobus,metrobus_vehicle_positions,2026-07-22T06:41:34Z,2026-07-22,20260722T064115Z,ebf6a97c-1494-4a6b-b71c-834eedc422e5,,,,,,69350,727,1240164,19.47785186767578,-99.06480407714844,232.0,0.0,0.0,,,,1784702472,2026-07-22 00:41:12-06:00,,
metrobus,metrobus_vehicle_positions,2026-07-22T06:41:34Z,2026-07-22,20260722T064115Z,f2de72f2-c249-456b-8130-a650f4fe4c1f,,,,,,69351,728,1240165,19.477951049804688,-99.06375885009766,695.0,0.0,0.0,,,,1784693717,2026-07-21 22:15:17-06:00,,
metrobus,metrobus_vehicle_positions,2026-07-22T06:41:34Z,2026-07-22,20260722T064115Z,6f89e3d3-a5ea-4382-90eb-118c39d11995,,,,,,69352,729,1240166,19.479341506958008,-99.06401062011719,337.0,0.0,0.0,,,,1784702482,2026-07-22 00:41:22-06:00,,
metrobus,metrobus_vehicle_positions,2026-07-22T06:41:34Z,2026-07-22,20260722T064115Z,b9c8ff2c-70cd-4036-9ec0-12a6a52e0e43,,19566,0.0,06:07:51,20260722,70117,3343,1250008,19.38657569885254,-99.05989074707031,311.0,0.0,0.0,,,,1784702475,2026-07-22 00:41:15-06:00,,
metrobus,metrobus_vehicle_positions,2026-07-22T06:41:34Z,2026-07-22,20260722T064115Z,9425a990-58a7-455d-ad59-1a8a88f370d5,,19563,0.0,06:04:00,20260722,70116,3342,1250009,19.38707160949707,-99.05970764160156,196.0,0.0,0.0,,,,1784702470,2026-07-22 00:41:10-06:00,,
metrobus,metrobus_vehicle_positions,2026-07-22T06:41:34Z,2026-07-22,20260722T064115Z,42f40539-a891-471e-a159-d1bd051a5349,,,,,,70115,3341,1250013,19.386526107788086,-99.05985260009766,0.0,0.0,0.0,,,,1784702477,2026-07-22 00:41:17-06:00,,
metrobus,metrobus_vehicle_positions,2026-07-22T06:41:34Z,2026-07-22,20260722T064115Z,5208fc74-6e97-425e-b792-d379b39fad7d,,,,,,70114,3340,1250014,19.386716842651367,-99.05979919433594,0.0,0.0,0.0,,,,1784701768,2026-07-22 00:29:28-06:00,,
metrobus,metrobus_vehicle_positions,2026-07-22T06:41:34Z,2026-07-22,20260722T064115Z,edd6f04a-4c68-40ce-8932-8803a220ccba,,,,,,70113,3339,1250012,19.386674880981445,-99.0597915649414,0.0,0.0,0.0,,,,1784702476,2026-07-22 00:41:16-06:00,,
metrobus,metrobus_vehicle_positions,2026-07-22T06:41:34Z,2026-07-22,20260722T064115Z,418b9fdb-e099-4e6a-aced-4f3b6a4c3b93,,19567,1.0,05:51:30,20260722,70112,3338,1250011,19.382715225219727,-99.06192016601562,100.0,22.0,79.2,,,,1784702472,2026-07-22 00:41:12-06:00,,
metrobus,metrobus_vehicle_positions,2026-07-22T06:41:34Z,2026-07-22,20260722T064115Z,b10966a1-2d0b-4bbd-b7b3-c8e63c28cba6,,,,,,69353,730,1240167,19.47930145263672,-99.06382751464844,0.0,0.0,0.0,,,,1784702244,2026-07-22 00:37:24-06:00,,
metrobus,metrobus_vehicle_positions,2026-07-22T06:41:34Z,2026-07-22,20260722T064115Z,3f873f99-4a0a-4760-87ac-de30473be537,,,,,,69354,731,1240168,19.47763442993164,-99.06468963623047,230.0,0.0,0.0,,,,1784702473,2026-07-22 00:41:13-06:00,,
metrobus,metrobus_vehicle_positions,2026-07-22T06:41:34Z,2026-07-22,20260722T064115Z,b428902c-09f6-452c-9643-bac159d3921b,,19470,0.0,06:40:37,20260722,69355,732,1240169,19.468101501464844,-99.06293487548828,312.0,48.0,172.8,,,,1784702482,2026-07-22 00:41:22-06:00,,
metrobus,metrobus_vehicle_positions,2026-07-22T06:41:34Z,2026-07-22,20260722T064115Z,1aff098a-d921-4170-8b0b-8946e41e0b99,,,,,,69356,733,1240170,19.479209899902344,-99.06399536132812,337.0,0.0,0.0,,,,1784702479,2026-07-22 00:41:19-06:00,,
metrobus,metrobus_vehicle_positions,2026-07-22T06:41:34Z,2026-07-22,20260722T064115Z,d4e9e1b2-e8b0-4266-939a-924d28390411,,,,,,69357,734,1240171,19.479228973388672,-99.06393432617188,337.0,0.0,0.0,,,,1784702477,2026-07-22 00:41:17-06:00,,
metrobus,metrobus_vehicle_positions,2026-07-22T06:41:34Z,2026-07-22,20260722T064115Z,49fd6375-110d-4c12-ad8b-e371ff8ab5c7,,,,,,69358,735,1240172,19.479276657104492,-99.06381225585938,0.0,0.0,0.0,,,,1784702470,2026-07-22 00:41:10-06:00,,
metrobus,metrobus_vehicle_positions,2026-07-22T06:41:34Z,2026-07-22,20260722T064115Z,8928d2f2-bf15-4484-8308-5bf07a0f499a,,,,,,69359,736,1240173,19.478885650634766,-99.06404876708984,157.0,0.0,0.0,,,,1784702479,2026-07-22 00:41:19-06:00,,
metrobus,metrobus_vehicle_positions,2026-07-22T06:41:34Z,2026-07-22,20260722T064115Z,4e9f0ff6-6c34-4944-9723-eb1c7539295f,,,,,,69725,3353,1250030,19.38926124572754,-99.05926513671875,117.0,0.0,0.0,,,,1784702484,2026-07-22 00:41:24-06:00,,
metrobus,metrobus_vehicle_positions,2026-07-22T06:41:34Z,2026-07-22,20260722T064115Z,2ac1f363-32ef-40e1-a37c-dc1daa4f19d1,,19562,1.0,06:32:27,20260722,69724,3352,1250029,19.396421432495117,-99.161865234375,104.0,17.0,61.2,,,,1784702479,2026-07-22 00:41:19-06:00,,
metrobus,metrobus_vehicle_positions,2026-07-22T06:41:34Z,2026-07-22,20260722T064115Z,a549a58b-690e-4d04-a4db-a12bc24a892d,,19562,1.0,06:32:36,20260722,69723,3351,1250028,19.39647674560547,-99.16239166259766,104.0,0.0,0.0,,,,1784702468,2026-07-22 00:41:08-06:00,,
metrobus,metrobus_vehicle_positions,2026-07-22T06:41:34Z,2026-07-22,20260722T064115Z,597c6801-bbf0-4fc9-962d-39236a1af1e5,,19566,0.0,05:11:16,20260722,70120,3346,003A018,19.38673210144043,-99.05989837646484,0.0,0.0,0.0,,,,1784700083,2026-07-22 00:01:23-06:00,,
metrobus,metrobus_vehicle_positions,2026-07-22T06:41:34Z,2026-07-22,20260722T064115Z,467549db-4bae-40e6-9f82-5d5874100113,,19564,0.0,04:20:55,20260722,70119,3345,1250007,19.386510848999023,-99.05982208251953,0.0,0.0,0.0,,,,1784698915,2026-07-21 23:41:55-06:00,,
metrobus,metrobus_vehicle_positions,2026-07-22T06:41:34Z,2026-07-22,20260722T064115Z,828ab5e2-041c-49e5-9f28-bead68a05f8f,,19566,0.0,03:59:19,20260722,70118,3344,1250006,19.38650894165039,-99.05980682373047,0.0,0.0,0.0,,,,1784698543,2026-07-21 23:35:43-06:00,,
metrobus,metrobus_vehicle_positions,2026-07-22T06:41:34Z,2026-07-22,20260722T064115Z,5d5d3953-809f-4944-a4ca-6f89f828e289,,,,,,69211,509,1260137,19.419086456298828,-99.09318542480469,322.0,0.0,0.0,,,,1784702475,2026-07-22 00:41:15-06:00,,
metrobus,metrobus_vehicle_positions,2026-07-22T06:41:34Z,2026-07-22,20260722T064115Z,a9367905-b3ca-49c2-b838-ce00c5d8063c,,,,,,69726,751,1280022,19.507177352905273,-99.19647216796875,204.0,0.0,0.0,,,,1784690281,2026-07-21 21:18:01-06:00,,
metrobus,metrobus_vehicle_positions,2026-07-22T06:41:34Z,2026-07-22,20260722T064115Z,92d6e320-6b05-4fac-ac92-2d7a5e0e07f7,,19471,1.0,06:15:03,20260722,69727,752,1280023,19.506946563720703,-99.19641876220703,286.0,0.0,0.0,,,,1784702470,2026-07-22 00:41:10-06:00,,
metrobus,metrobus_vehicle_positions,2026-07-22T06:41:34Z,2026-07-22,20260722T064115Z,b0835d67-6fc3-414e-b018-c604e6bc033c,,,,,,69212,510,1260138,19.422386169433594,-99.09111022949219,0.0,0.0,0.0,,,,1784702479,2026-07-22 00:41:19-06:00,,
metrobus,metrobus_vehicle_positions,2026-07-22T06:41:34Z,2026-07-22,20260722T064115Z,e42849f3-3bc2-45a7-8267-65b2f783561d,,19471,1.0,05:20:08,20260722,69728,753,1280024,19.50698471069336,-99.19656372070312,147.0,0.0,0.0,,,,1784700772,2026-07-22 00:12:52-06:00,,
metrobus,metrobus_vehicle_positions,2026-07-22T06:41:34Z,2026-07-22,20260722T064115Z,490571fb-2149-46fe-a1aa-5c667612e4dc,,,,,,69213,511,1260139,19.398639678955078,-99.07612609863281,194.0,0.0,0.0,,,,1781973478,2026-06-20 10:37:58-06:00,,
metrobus,metrobus_vehicle_positions,2026-07-22T06:41:34Z,2026-07-22,20260722T064115Z,a7371fce-ee7b-441f-bf63-f2e0f556fb2a,,,,,,69729,754,1280025,19.50676155090332,-99.19598388671875,0.0,0.0,0.0,,,,1784698135,2026-07-21 23:28:55-06:00,,
metrobus,metrobus_vehicle_positions,2026-07-22T06:41:34Z,2026-07-22,20260722T064115Z,c94af0fc-33ae-42bd-aece-0f32a0870a5b,,,,,,69214,512,1260140,19.42326545715332,-99.09176635742188,358.0,0.0,0.0,,,,1783049743,2026-07-02 21:35:43-06:00,,
metrobus,metrobus_vehicle_positions,2026-07-22T06:41:34Z,2026-07-22,20260722T064115Z,06495eb0-cb1e-45cd-ada5-74aa654e6d69,,19471,1.0,05:49:01,20260722,69730,755,1280026,19.506916046142578,-99.19646453857422,145.0,0.0,0.0,,,,1784701270,2026-07-22 00:21:10-06:00,,
metrobus,metrobus_vehicle_positions,2026-07-22T06:41:34Z,2026-07-22,20260722T064115Z,a3550db5-60f8-4888-a408-44fc8ccc04b1,,,,,,69731,756,1280027,19.507150650024414,-99.19639587402344,190.0,0.0,0.0,,,,1784690010,2026-07-21 21:13:30-06:00,,
metrobus,metrobus_vehicle_positions,2026-07-22T06:41:34Z,2026-07-22,20260722T064115Z,ca31abe3-9efe-4de5-a28b-f2ba402d7052,,,,,,69216,514,1260142,19.39864158630371,-99.076171875,175.0,0.0,0.0,,,,1781973398,2026-06-20 10:36:38-06:00,,
metrobus,metrobus_vehicle_positions,2026-07-22T06:41:34Z,2026-07-22,20260722T064115Z,f2c0ff12-7d28-464e-9b9b-a43d54a73bfb,,,,,,69732,757,1280028,19.505020141601562,-99.1890640258789,281.0,32.0,115.2,,,,1784702476,2026-07-22 00:41:16-06:00,,
metrobus,metrobus_vehicle_positions,2026-07-22T06:41:34Z,2026-07-22,20260722T064115Z,1f2e52da-0fa6-4068-b065-7f873e641bb7,,,,,,69217,515,1260143,19.422374725341797,-99.09248352050781,184.0,0.0,0.0,,,,1784702486,2026-07-22 00:41:26-06:00,,
metrobus,metrobus_vehicle_positions,2026-07-22T06:41:34Z,2026-07-22,20260722T064115Z,47dd2d9b-804a-43b8-9ce0-920e06814f88,,,,,,69733,758,1280029,19.497976303100586,-99.16708374023438,283.0,47.0,169.20000000000002,,,,1784702470,2026-07-22 00:41:10-06:00,,
metrobus,metrobus_vehicle_positions,2026-07-22T06:41:34Z,2026-07-22,20260722T064115Z,2acab178-b1ce-4d1a-acbf-e9663b98823b,,,,,,69218,516,1260144,19.398656845092773,-99.07621765136719,215.0,0.0,0.0,,,,1781973302,2026-06-20 10:35:02-06:00,,
metrobus,metrobus_vehicle_positions,2026-07-22T06:41:34Z,2026-07-22,20260722T064115Z,4c3106dc-4932-49d9-8dda-77c79af44ae0,,,,,,69734,759,1280030,19.507173538208008,-99.1965103149414,195.0,0.0,0.0,,,,1784694402,2026-07-21 22:26:42-06:00,,
metrobus,metrobus_vehicle_positions,2026-07-22T06:41:34Z,2026-07-22,20260722T064115Z,d867254e-e7fc-486e-8654-a3cbe51a5fc3,,,,,,69220,518,1260146,19.398685455322266,-99.07622528076172,232.0,0.0,0.0,,,,1781973061,2026-06-20 10:31:01-06:00,,
metrobus,metrobus_vehicle_positions,2026-07-22T06:41:34Z,2026-07-22,20260722T064115Z,c8772b13-06cc-4b86-929c-9b73dc49633d,,19471,1.0,06:29:42,20260722,69735,760,1280031,19.507110595703125,-99.19741821289062,105.0,0.0,0.0,,,,1784702474,2026-07-22 00:41:14-06:00,,
metrobus,metrobus_vehicle_positions,2026-07-22T06:41:34Z,2026-07-22,20260722T064115Z,37413b43-125a-4c6c-a26d-fd1422cfebeb,,,,,,69736,761,1280032,19.507156372070312,-99.19645690917969,197.0,0.0,0.0,,,,1784690191,2026-07-21 21:16:31-06:00,,
metrobus,metrobus_vehicle_positions,2026-07-22T06:41:34Z,2026-07-22,20260722T064115Z,d48fbf2b-d90e-4586-aeec-aac7f86d5706,,19471,1.0,05:56:58,20260722,69737,762,1280033,19.506912231445312,-99.19645690917969,116.0,0.0,0.0,,,,1784701325,2026-07-22 00:22:05-06:00,,
metrobus,metrobus_vehicle_positions,2026-07-22T06:41:34Z,2026-07-22,20260722T064115Z,def7e4c3-1398-4540-bbfa-5c16b12e1518,,,,,,69222,520,1260148,19.423154830932617,-99.09225463867188,968.0,0.0,0.0,,,,1784700304,2026-07-22 00:05:04-06:00,,
metrobus,metrobus_vehicle_positions,2026-07-22T06:41:34Z,2026-07-22,20260722T064115Z,7594f240-6a54-483c-b636-01a0cc5f43b5,,19471,1.0,06:26:06,20260722,69738,763,1280034,19.5071964263916,-99.19677734375,841.0,0.0,0.0,,,,1784702471,2026-07-22 00:41:11-06:00,,
metrobus,metrobus_vehicle_positions,2026-07-22T06:41:34Z,2026-07-22,20260722T064115Z,d8d877ff-6e73-4bfa-9e4a-e18c86faf21f,,,,,,69223,521,1260149,19.419891357421875,-99.09270477294922,210.0,0.0,0.0,,,,1784697053,2026-07-21 23:10:53-06:00,,
metrobus,metrobus_vehicle_positions,2026-07-22T06:41:34Z,2026-07-22,20260722T064115Z,19f689fb-2e33-49ad-94b9-fefd2a0b3b4d,,,,,,69739,764,1280035,19.506900787353516,-99.19637298583984,181.0,0.0,0.0,,,,1784702003,2026-07-22 00:33:23-06:00,,
metrobus,metrobus_vehicle_positions,2026-07-22T06:41:34Z,2026-07-22,20260722T064115Z,5e92a26e-89b4-4dba-9658-b3779211a5e4,,,,,,69224,522,1260150,19.422903060913086,-99.09075927734375,0.0,0.0,0.0,,,,1784702478,2026-07-22 00:41:18-06:00,,
metrobus,metrobus_vehicle_positions,2026-07-22T06:41:34Z,2026-07-22,20260722T064115Z,865a0338-05c9-46e3-965c-9a937cae2ac0,,19471,1.0,04:46:59,20260722,69740,765,1280036,19.507190704345703,-99.19668579101562,194.0,0.0,0.0,,,,1784696855,2026-07-21 23:07:35-06:00,,
metrobus,metrobus_vehicle_positions,2026-07-22T06:41:34Z,2026-07-22,20260722T064115Z,2b63cc96-8e8f-4686-bb11-58d2a586e0ad,,,,,,69225,523,1260151,19.42086410522461,-99.0920181274414,317.0,0.0,0.0,,,,1784702471,2026-07-22 00:41:11-06:00,,
metrobus,metrobus_vehicle_positions,2026-07-22T06:41:34Z,2026-07-22,20260722T064115Z,8194485d-9fe5-4382-9ae9-ee7813200206,,19471,1.0,06:40:24,20260722,69741,766,1280037,19.510637283325195,-99.19853973388672,177.0,39.0,140.4,,,,1784702469,2026-07-22 00:41:09-06:00,,
metrobus,metrobus_vehicle_positions,2026-07-22T06:41:34Z,2026-07-22,20260722T064115Z,95169526-fa52-4cb2-bcc3-a980f4c16a75,,,,,,69226,524,1260152,19.398670196533203,-99.07628631591797,233.0,0.0,0.0,,,,1781972942,2026-06-20 10:29:02-06:00,,
metrobus,metrobus_vehicle_positions,2026-07-22T06:41:34Z,2026-07-22,20260722T064115Z,0c3d05e6-fa43-46b8-8536-6a19e5834ef2,,,,,,69227,525,1260153,19.42259407043457,-99.09242248535156,208.0,0.0,0.0,,,,1784702472,2026-07-22 00:41:12-06:00,,
metrobus,metrobus_vehicle_positions,2026-07-22T06:41:34Z,2026-07-22,20260722T064115Z,542017be-9001-457e-97a2-8a0fcfc76b5b,,,,,,69742,767,1280038,19.50713348388672,-99.19630432128906,0.0,0.0,0.0,,,,1784700249,2026-07-22 00:04:09-06:00,,
metrobus,metrobus_vehicle_positions,2026-07-22T06:41:34Z,2026-07-22,20260722T064115Z,6c96d420-0e31-4371-bec5-884971a50395,,19471,1.0,04:57:56,20260722,69743,768,1280039,19.507219314575195,-99.19670867919922,195.0,0.0,0.0,,,,1784698371,2026-07-21 23:32:51-06:00,,
metrobus,metrobus_vehicle_positions,2026-07-22T06:41:34Z,2026-07-22,20260722T064115Z,54d0b8fe-d007-4760-ad95-dc3e8de8285f,,,,,,69228,526,1260154,19.422597885131836,-99.09098815917969,0.0,0.0,0.0,,,,1784702471,2026-07-22 00:41:11-06:00,,
metrobus,metrobus_vehicle_positions,2026-07-22T06:41:34Z,2026-07-22,20260722T064115Z,f44ca1dd-e4a0-4115-843a-412e35b6f241,,19470,0.0,06:05:56,20260722,69744,769,1280040,19.493215560913086,-99.14527893066406,282.0,13.0,46.800000000000004,,,,1784702480,2026-07-22 00:41:20-06:00,,
metrobus,metrobus_vehicle_positions,2026-07-22T06:41:34Z,2026-07-22,20260722T064115Z,59133fc4-a648-465d-9054-436f612528ce,,,,,,69229,527,1260155,19.420024871826172,-99.09269714355469,211.0,0.0,0.0,,,,1784694340,2026-07-21 22:25:40-06:00,,
metrobus,metrobus_vehicle_positions,2026-07-22T06:41:34Z,2026-07-22,20260722T064115Z,c028fa12-6dfe-4f41-bf34-ec0b45df906e,,,,,,69745,770,1280041,19.50713539123535,-99.19636535644531,0.0,0.0,0.0,,,,1784702478,2026-07-22 00:41:18-06:00,,
metrobus,metrobus_vehicle_positions,2026-07-22T06:41:34Z,2026-07-22,20260722T064115Z,32aa0a4d-27aa-45f5-9f12-67a0e4915ed1,,,,,,69746,771,1280042,19.507190704345703,-99.19661712646484,0.0,0.0,0.0,,,,1784702468,2026-07-22 00:41:08-06:00,,
metrobus,metrobus_vehicle_positions,2026-07-22T06:41:34Z,2026-07-22,20260722T064115Z,143aec83-5014-4ac3-ac2f-8da069028a04,,19471,1.0,05:31:44,20260722,69747,772,1280043,19.506933212280273,-99.19650268554688,0.0,0.0,0.0,,,,1784702471,2026-07-22 00:41:11-06:00,,
metrobus,metrobus_vehicle_positions,2026-07-22T06:41:34Z,2026-07-22,20260722T064115Z,452814fd-e695-41ac-8258-ad9698a1f775,,,,,,69232,530,1260158,19.42343521118164,-99.09175109863281,0.0,0.0,0.0,,,,1783893582,2026-07-12 15:59:42-06:00,,
metrobus,metrobus_vehicle_positions,2026-07-22T06:41:34Z,2026-07-22,20260722T064115Z,9e9359d6-50cb-4904-a53e-b3030b2b79c6,,19475,1.0,05:34:34,20260722,69748,773,TienepermisodeSEMOVI,19.50695037841797,-99.19652557373047,209.0,0.0,0.0,,,,1784700845,2026-07-22 00:14:05-06:00,,
metrobus,metrobus_vehicle_positions,2026-07-22T06:41:34Z,2026-07-22,20260722T064115Z,5f17ec79-56f4-4dc0-a353-6de8821f86f4,,19471,1.0,05:18:21,20260722,69749,774,1280045,19.50722885131836,-99.19673156738281,156.0,0.0,0.0,,,,1784699444,2026-07-21 23:50:44-06:00,,
metrobus,metrobus_vehicle_positions,2026-07-22T06:41:34Z,2026-07-22,20260722T064115Z,db1ef9d2-6375-4ce9-bcc9-6ed1a51a559a,,,,,,69234,532,1260160,19.422359466552734,-99.09111022949219,0.0,0.0,0.0,,,,1784696182,2026-07-21 22:56:22-06:00,,
metrobus,metrobus_vehicle_positions,2026-07-22T06:41:34Z,2026-07-22,20260722T064115Z,a962cb52-b071-4877-9142-50732ff2fc38,,19471,1.0,06:10:10,20260722,69750,775,1280046,19.506914138793945,-99.19640350341797,144.0,0.0,0.0,,,,1784701875,2026-07-22 00:31:15-06:00,,
metrobus,metrobus_vehicle_positions,2026-07-22T06:41:34Z,2026-07-22,20260722T064115Z,a3191d32-3252-40a3-a36c-f794055f715f,,,,,,69236,534,1260162,19.4222412109375,-99.09117126464844,0.0,0.0,0.0,,,,1784702483,2026-07-22 00:41:23-06:00,,
metrobus,metrobus_vehicle_positions,2026-07-22T06:41:34Z,2026-07-22,20260722T064115Z,a742deb1-940b-4545-b7f5-b8c534c05aa9,,,,,,69751,776,1320053,19.507198333740234,-99.1966323852539,0.0,0.0,0.0,,,,1784702479,2026-07-22 00:41:19-06:00,,
metrobus,metrobus_vehicle_positions,2026-07-22T06:41:34Z,2026-07-22,20260722T064115Z,ee4671cc-010f-44dd-911f-5690475073d9,,,,,,69752,777,1320051,19.507179260253906,-99.19657135009766,0.0,0.0,0.0,,,,1784702469,2026-07-22 00:41:09-06:00,,
metrobus,metrobus_vehicle_positions,2026-07-22T06:41:34Z,2026-07-22,20260722T064115Z,37986cca-8932-42eb-8db1-669d8c783565,,,,,,69753,778,1320052,19.507179260253906,-99.19658660888672,173.0,0.0,0.0,,,,1784702479,2026-07-22 00:41:19-06:00,,
metrobus,metrobus_vehicle_positions,2026-07-22T06:41:34Z,2026-07-22,20260722T064115Z,f3ca3c29-398b-43bc-a3f0-395a5718b2f5,,,,,,69238,536,1260164,19.423137664794922,-99.09175872802734,212.0,0.0,0.0,,,,1783624876,2026-07-09 13:21:16-06:00,,
metrobus,metrobus_vehicle_positions,2026-07-22T06:41:34Z,2026-07-22,20260722T064115Z,0d8be29a-d765-439c-8cca-40aad4b5ad58,,,,,,69239,537,1260165,19.422470092773438,-99.09100341796875,211.0,0.0,0.0,,,,1784700936,2026-07-22 00:15:36-06:00,,
metrobus,metrobus_vehicle_positions,2026-07-22T06:41:34Z,2026-07-22,20260722T064115Z,5c6bd72b-c334-4d91-b30b-92b283f756ca,,,,,,69240,538,1260166,19.422502517700195,-99.0918960571289,113.0,0.0,0.0,,,,1784682168,2026-07-21 19:02:48-06:00,,
metrobus,metrobus_vehicle_positions,2026-07-22T06:41:34Z,2026-07-22,20260722T064115Z,e1a0bdcc-a934-4d21-9512-559222afd033,,,,,,69241,539,1260167,19.419538497924805,-99.0928955078125,308.0,0.0,0.0,,,,1784702472,2026-07-22 00:41:12-06:00,,
metrobus,metrobus_vehicle_positions,2026-07-22T06:41:34Z,2026-07-22,20260722T064115Z,b639852f-9896-4fc2-aca4-3e254792d0ff,,,,,,69179,781,1280047,19.507417678833008,-99.19733428955078,0.0,0.0,0.0,,,,1784702480,2026-07-22 00:41:20-06:00,,
metrobus,metrobus_vehicle_positions,2026-07-22T06:41:34Z,2026-07-22,20260722T064115Z,ee9b2979-91c4-4bc0-bc67-686a09137723,,,,,,69180,782,1280048,19.50734519958496,-99.19738006591797,0.0,0.0,0.0,,,,1784702141,2026-07-22 00:35:41-06:00,,
metrobus,metrobus_vehicle_positions,2026-07-22T06:41:34Z,2026-07-22,20260722T064115Z,29197427-2d7d-40e6-89cf-fe316f5d2c71,,19471,1.0,03:52:58,20260722,69181,783,1280049,19.507404327392578,-99.1973876953125,197.0,0.0,0.0,,,,1784697741,2026-07-21 23:22:21-06:00,,
metrobus,metrobus_vehicle_positions,2026-07-22T06:41:34Z,2026-07-22,20260722T064115Z,bbd72042-ca1d-4d63-a75d-e7ed14a3a28c,,,,,,69243,541,1260169,19.417890548706055,-99.09198760986328,300.0,0.0,0.0,,,,1784702485,2026-07-22 00:41:25-06:00,,
metrobus,metrobus_vehicle_positions,2026-07-22T06:41:34Z,2026-07-22,20260722T064115Z,43542dc7-b17a-42f2-b567-b199e4e59fa6,,19470,0.0,05:52:50,20260722,69182,784,1280050,19.508581161499023,-99.19125366210938,351.0,51.0,183.6,,,,1784702476,2026-07-22 00:41:16-06:00,,
metrobus,metrobus_vehicle_positions,2026-07-22T06:41:34Z,2026-07-22,20260722T064115Z,724c3dbc-10ee-4a97-a358-be230e880c5f,,19471,1.0,05:58:47,20260722,69183,785,1280051,19.50676727294922,-99.1959457397461,110.0,0.0,0.0,,,,1784702473,2026-07-22 00:41:13-06:00,,
metrobus,metrobus_vehicle_positions,2026-07-22T06:41:34Z,2026-07-22,20260722T064115Z,b6bac8e5-6828-4703-95b1-255dab892d61,,,,,,69230,543,,19.418216705322266,-99.09251403808594,302.0,0.0,0.0,,,,1784702482,2026-07-22 00:41:22-06:00,,
metrobus,metrobus_vehicle_positions,2026-07-22T06:41:34Z,2026-07-22,20260722T064115Z,7f917ee8-89aa-47b2-a4c3-ad672127891a,,,,,,69184,786,1280052,19.507402420043945,-99.19733428955078,340.0,0.0,0.0,,,,1784695511,2026-07-21 22:45:11-06:00,,
metrobus,metrobus_vehicle_positions,2026-07-22T06:41:34Z,2026-07-22,20260722T064115Z,e004dbab-5101-4654-b4fe-f6de0906b2a8,,,,,,69246,544,1260172,19.425413131713867,-99.17090606689453,455.0,0.0,0.0,,,,1784686863,2026-07-21 20:21:03-06:00,,
metrobus,metrobus_vehicle_positions,2026-07-22T06:41:34Z,2026-07-22,20260722T064115Z,d89c4cce-4847-4bb5-83b5-1eeddc1e880d,,,,,,69185,787,1280053,19.507362365722656,-99.19725036621094,0.0,0.0,0.0,,,,1784701497,2026-07-22 00:24:57-06:00,,
metrobus,metrobus_vehicle_positions,2026-07-22T06:41:34Z,2026-07-22,20260722T064115Z,0285a825-8146-4c19-8260-69d838826e2a,,19475,1.0,03:51:56,20260722,69186,788,1280054,19.507360458374023,-99.19723510742188,184.0,0.0,0.0,,,,1784695118,2026-07-21 22:38:38-06:00,,
metrobus,metrobus_vehicle_positions,2026-07-22T06:41:34Z,2026-07-22,20260722T064115Z,14db7223-3e4f-4c2f-a4aa-df35bb910dc3,,,,,,69248,546,1260174,19.42220115661621,-99.09121704101562,197.0,0.0,0.0,,,,1784702484,2026-07-22 00:41:24-06:00,,
metrobus,metrobus_vehicle_positions,2026-07-22T06:41:34Z,2026-07-22,20260722T064115Z,9e2956f2-e3fa-4096-a33d-0c0a9f222bbc,,,,,,69187,789,TienepermisodeSEMOVI,19.50734519958496,-99.19717407226562,192.0,0.0,0.0,,,,1784695996,2026-07-21 22:53:16-06:00,,
metrobus,metrobus_vehicle_positions,2026-07-22T06:41:34Z,2026-07-22,20260722T064115Z,e2cec9e4-fe93-416c-aad1-f60297f413e4,,,,,,69304,305,TienepermisodeSEMOVI,19.389659881591797,-99.05804443359375,124.0,0.0,0.0,,,,1784702473,2026-07-22 00:41:13-06:00,,
metrobus,metrobus_vehicle_positions,2026-07-22T06:41:34Z,2026-07-22,20260722T064115Z,f3089cd9-f65a-40af-94ca-a93860d4fafa,,,,,,69249,547,1260175,19.422779083251953,-99.09082794189453,208.0,0.0,0.0,,,,1784698484,2026-07-21 23:34:44-06:00,,
metrobus,metrobus_vehicle_positions,2026-07-22T06:41:34Z,2026-07-22,20260722T064115Z,8fe95896-b435-4823-96ee-fd812655a698,,,,,,69250,548,1260176,19.422700881958008,-99.09089660644531,211.0,0.0,0.0,,,,1784698027,2026-07-21 23:27:07-06:00,,
metrobus,metrobus_vehicle_positions,2026-07-22T06:41:34Z,2026-07-22,20260722T064115Z,3c77d527-78f9-409b-b9fa-522317add7ae,,,,,,69305,306,TienepermisodeSEMOVI,19.38981056213379,-99.0582046508789,0.0,0.0,0.0,,,,1784702483,2026-07-22 00:41:23-06:00,,
metrobus,metrobus_vehicle_positions,2026-07-22T06:41:34Z,2026-07-22,20260722T064115Z,427fa92a-7f14-4ac1-afe5-09614a606307,,,,,,69306,307,TienepermisodeSEMOVI,19.38920021057129,-99.0579833984375,0.0,0.0,0.0,,,,1784702473,2026-07-22 00:41:13-06:00,,
metrobus,metrobus_vehicle_positions,2026-07-22T06:41:34Z,2026-07-22,20260722T064115Z,62b08a40-7bbf-4e69-8669-3e19fd706842,,,,,,69251,549,1260177,19.420316696166992,-99.09239196777344,311.0,0.0,0.0,,,,1784702483,2026-07-22 00:41:23-06:00,,
metrobus,metrobus_vehicle_positions,2026-07-22T06:41:34Z,2026-07-22,20260722T064115Z,8b4d2910-256e-46f0-ab69-2845089b0485,,,,,,69307,308,TienepermisodeSEMOVI,19.389039993286133,-99.05757904052734,0.0,0.0,0.0,,,,1784701760,2026-07-22 00:29:20-06:00,,
metrobus,metrobus_vehicle_positions,2026-07-22T06:41:34Z,2026-07-22,20260722T064115Z,ce684f06-0306-419f-8613-438af9316336,,,,,,74819,9701,,19.479272842407227,-99.06450653076172,904.0,0.0,0.0,,,,1784694606,2026-07-21 22:30:06-06:00,,
metrobus,metrobus_vehicle_positions,2026-07-22T06:41:34Z,2026-07-22,20260722T064115Z,64d4f956-0ea4-4343-bd30-eb05a08759d3,,,,,,69188,790,1280056,19.506860733032227,-99.19580078125,575.0,0.0,0.0,,,,1784702473,2026-07-22 00:41:13-06:00,,
metrobus,metrobus_vehicle_positions,2026-07-22T06:41:34Z,2026-07-22,20260722T064115Z,530ba0df-4d7f-4d32-a127-a71b5095f1d3,,19471,1.0,05:50:58,20260722,69189,791,1280057,19.507307052612305,-99.19709014892578,192.0,0.0,0.0,,,,1784702471,2026-07-22 00:41:11-06:00,,
metrobus,metrobus_vehicle_positions,2026-07-22T06:41:34Z,2026-07-22,20260722T064115Z,ef40c1e8-ae16-4cd3-93a9-c378af10e891,,,,,,69190,792,1280058,19.50666046142578,-99.19576263427734,917.0,0.0,0.0,,,,1784693206,2026-07-21 22:06:46-06:00,,
metrobus,metrobus_vehicle_positions,2026-07-22T06:41:34Z,2026-07-22,20260722T064115Z,848b8d1c-a868-475b-9b71-83bf7691e457,,,,,,69253,551,1260179,19.419462203979492,-99.09293365478516,326.0,0.0,0.0,,,,1784702481,2026-07-22 00:41:21-06:00,,
metrobus,metrobus_vehicle_positions,2026-07-22T06:41:34Z,2026-07-22,20260722T064115Z,ef93003f-d006-46cd-a10a-057719dbae97,,,,,,69192,794,1280060,19.5073299407959,-99.1971206665039,195.0,0.0,0.0,,,,1784695262,2026-07-21 22:41:02-06:00,,
metrobus,metrobus_vehicle_positions,2026-07-22T06:41:34Z,2026-07-22,20260722T064115Z,83290f2b-ef86-4cf4-8f39-1c5ad492906e,,19471,1.0,06:26:02,20260722,69193,795,1280061,19.50701332092285,-99.19749450683594,112.0,0.0,0.0,,,,1784702481,2026-07-22 00:41:21-06:00,,
metrobus,metrobus_vehicle_positions,2026-07-22T06:41:34Z,2026-07-22,20260722T064115Z,1a4c723a-673e-4d23-bd02-ae57bc444fba,,19471,1.0,06:24:07,20260722,69194,796,1280062,19.50684356689453,-99.196044921875,107.0,0.0,0.0,,,,1784702471,2026-07-22 00:41:11-06:00,,
metrobus,metrobus_vehicle_positions,2026-07-22T06:41:34Z,2026-07-22,20260722T064115Z,04af8d0d-cc99-4399-9543-9ed83975352c,,,,,,69256,554,1260182,19.42298698425293,-99.09069061279297,211.0,0.0,0.0,,,,1784702151,2026-07-22 00:35:51-06:00,,
metrobus,metrobus_vehicle_positions,2026-07-22T06:41:34Z,2026-07-22,20260722T064115Z,b646ca44-691e-4da4-904b-d1373b4d2815,,,,,,69195,797,1280063,19.507017135620117,-99.19694519042969,0.0,0.0,0.0,,,,1784702472,2026-07-22 00:41:12-06:00,,
metrobus,metrobus_vehicle_positions,2026-07-22T06:41:34Z,2026-07-22,20260722T064115Z,c3d25bda-0f5c-44e6-882e-58e5b4a53281,,,,,,69258,556,1260184,19.423269271850586,-99.0915756225586,506.0,0.0,0.0,,,,1784702471,2026-07-22 00:41:11-06:00,,
metrobus,metrobus_vehicle_positions,2026-07-22T06:41:34Z,2026-07-22,20260722T064115Z,f2ba6c29-d387-4421-bb25-51a0456d2969,,,,,,69312,314,TienepermisodeSEMOVI,19.390012741088867,-99.05885314941406,0.0,0.0,0.0,,,,1784701943,2026-07-22 00:32:23-06:00,,
metrobus,metrobus_vehicle_positions,2026-07-22T06:41:34Z,2026-07-22,20260722T064115Z,05d8c0c3-da35-4d50-9f04-aacdb048537d,,,,,,69196,798,1280064,19.506977081298828,-99.19694519042969,0.0,0.0,0.0,,,,1784702477,2026-07-22 00:41:17-06:00,,
metrobus,metrobus_vehicle_positions,2026-07-22T06:41:34Z,2026-07-22,20260722T064115Z,c0aa63e6-aea2-41d0-97ac-4344f6c7db1f,,19470,0.0,05:54:03,20260722,69197,799,1320054,19.497209548950195,-99.16385650634766,280.0,42.0,151.20000000000002,,,,1784702475,2026-07-22 00:41:15-06:00,,
metrobus,metrobus_vehicle_positions,2026-07-22T06:41:34Z,2026-07-22,20260722T064115Z,84b21786-cf52-4a52-84f1-08f3a754b500,,,,,,69259,557,1260185,19.422069549560547,-99.0923080444336,304.0,0.0,0.0,,,,1784702478,2026-07-22 00:41:18-06:00,,
metrobus,metrobus_vehicle_positions,2026-07-22T06:41:34Z,2026-07-22,20260722T064115Z,0fe16f17-61f9-4579-bdf2-f9db28e74026,,,,,,69260,558,1260186,19.42237663269043,-99.09111022949219,337.0,0.0,0.0,,,,1784696679,2026-07-21 23:04:39-06:00,,
metrobus,metrobus_vehicle_positions,2026-07-22T06:41:34Z,2026-07-22,20260722T064115Z,8c106562-bae4-44a2-b017-af312319995f,,19523,1.0,14:58:32,20260721,69261,559,1260187,19.427364349365234,-99.0932846069336,120.0,39.0,140.4,,,,1784647825,2026-07-21 09:30:25-06:00,,
metrobus,metrobus_vehicle_positions,2026-07-22T06:41:34Z,2026-07-22,20260722T064115Z,e9fb7daf-7df8-469c-bac2-a30b2947ef6a,,,,,,69262,560,1260188,19.42198371887207,-99.09124755859375,294.0,0.0,0.0,,,,1784700415,2026-07-22 00:06:55-06:00,,
metrobus,metrobus_vehicle_positions,2026-07-22T06:41:34Z,2026-07-22,20260722T064115Z,53a3a361-8a83-4e2f-bf0b-39b4e6ca844c,,,,,,69263,561,1260189,19.422155380249023,-99.0913314819336,0.0,0.0,0.0,,,,1784702470,2026-07-22 00:41:10-06:00,,
metrobus,metrobus_vehicle_positions,2026-07-22T06:41:34Z,2026-07-22,20260722T064115Z,626e4ac4-77f1-4074-9abc-ab32392f5377,,,,,,69264,562,1260190,19.421009063720703,-99.0919418334961,308.0,0.0,0.0,,,,1784702484,2026-07-22 00:41:24-06:00,,
metrobus,metrobus_vehicle_positions,2026-07-22T06:41:34Z,2026-07-22,20260722T064115Z,0574d937-312a-4075-887d-9601b5da6208,,,,,,69316,320,TienepermisodeSEMOVI,19.389894485473633,-99.05873107910156,0.0,0.0,0.0,,,,1784702481,2026-07-22 00:41:21-06:00,,
metrobus,metrobus_vehicle_positions,2026-07-22T06:41:34Z,2026-07-22,20260722T064115Z,806bec52-8b81-443f-9e6d-359ab1a02e3a,,,,,,69265,563,1260191,19.420106887817383,-99.0926284790039,0.0,0.0,0.0,,,,1784701434,2026-07-22 00:23:54-06:00,,
metrobus,metrobus_vehicle_positions,2026-07-22T06:41:34Z,2026-07-22,20260722T064115Z,a4bdac6c-002a-4927-8640-b4d2c5cd1580,,,,,,69266,564,1260192,19.42186737060547,-99.0914306640625,0.0,0.0,0.0,,,,1784702475,2026-07-22 00:41:15-06:00,,
metrobus,metrobus_vehicle_positions,2026-07-22T06:41:34Z,2026-07-22,20260722T064115Z,4dd4465e-34a4-41db-a25b-5c3e052110e6,,,,,,69267,565,1260193,19.419837951660156,-99.0928726196289,0.0,0.0,0.0,,,,1784699692,2026-07-21 23:54:52-06:00,,
metrobus,metrobus_vehicle_positions,2026-07-22T06:41:34Z,2026-07-22,20260722T064115Z,3bd1f4bb-0b18-4a06-8655-b18990e518eb,,,,,,69268,566,1260194,19.420663833618164,-99.09211730957031,0.0,0.0,0.0,,,,1784702323,2026-07-22 00:38:43-06:00,,
metrobus,metrobus_vehicle_positions,2026-07-22T06:41:34Z,2026-07-22,20260722T064115Z,168f97fe-1cec-4a04-8565-992abacc297a,,,,,,69269,567,1260195,19.422046661376953,-99.09143829345703,0.0,0.0,0.0,,,,1784702480,2026-07-22 00:41:20-06:00,,
metrobus,metrobus_vehicle_positions,2026-07-22T06:41:34Z,2026-07-22,20260722T064115Z,ecae3ded-20be-40f1-9c7f-e987207b5a6d,,,,,,69270,568,1260196,19.419763565063477,-99.09286499023438,212.0,0.0,0.0,,,,1784693438,2026-07-21 22:10:38-06:00,,
metrobus,metrobus_vehicle_positions,2026-07-22T06:41:34Z,2026-07-22,20260722T064115Z,b70b4e65-b11d-484f-a412-cd022addebee,,,,,,69271,569,1260197,19.422101974487305,-99.0911865234375,278.0,0.0,0.0,,,,1784697826,2026-07-21 23:23:46-06:00,,
metrobus,metrobus_vehicle_positions,2026-07-22T06:41:34Z,2026-07-22,20260722T064115Z,558eaa6d-5da9-49ee-bff9-0ae5f9aa60ab,,,,,,74821,9704,,19.47925567626953,-99.06449127197266,867.0,0.0,0.0,,,,1784698798,2026-07-21 23:39:58-06:00,,
metrobus,metrobus_vehicle_positions,2026-07-22T06:41:34Z,2026-07-22,20260722T064115Z,dd3fa2ef-e0bd-4d29-b4b1-50bef9887947,,,,,,74820,9702,,19.47937774658203,-99.06450653076172,0.0,0.0,0.0,,,,1784700750,2026-07-22 00:12:30-06:00,,
metrobus,metrobus_vehicle_positions,2026-07-22T06:41:34Z,2026-07-22,20260722T064115Z,3f7613b4-8cf1-4bb7-8172-9dc2a92152d0,,,,,,74830,9703,,19.479366302490234,-99.06450653076172,195.0,0.0,0.0,,,,1784700592,2026-07-22 00:09:52-06:00,,
metrobus,metrobus_vehicle_positions,2026-07-22T06:41:34Z,2026-07-22,20260722T064115Z,906a70cb-146a-452f-92e8-2d1a763eba60,,,,,,69274,572,002A981,19.422243118286133,-99.09246063232422,299.0,0.0,0.0,,,,1784702444,2026-07-22 00:40:44-06:00,,
metrobus,metrobus_vehicle_positions,2026-07-22T06:41:34Z,2026-07-22,20260722T064115Z,4f306a98-1d08-4261-8069-9aef057ec3ad,,,,,,69275,573,002A982,19.423065185546875,-99.0921630859375,340.0,0.0,0.0,,,,1784702258,2026-07-22 00:37:38-06:00,,
metrobus,metrobus_vehicle_positions,2026-07-22T06:41:34Z,2026-07-22,20260722T064115Z,ab9c786c-e478-4be7-a7b4-7a1fda57edf1,,,,,,69277,575,002A983,19.4228572845459,-99.09178924560547,202.0,0.0,0.0,,,,1784702480,2026-07-22 00:41:20-06:00,,
metrobus,metrobus_vehicle_positions,2026-07-22T06:41:34Z,2026-07-22,20260722T064115Z,d413fc53-7b2e-4619-882a-240a2ec4cb72,,,,,,69278,576,002A984,19.41902732849121,-99.09331512451172,185.0,0.0,0.0,,,,1784702474,2026-07-22 00:41:14-06:00,,
metrobus,metrobus_vehicle_positions,2026-07-22T06:41:34Z,2026-07-22,20260722T064115Z,f6cb154f-f850-4e3a-979f-9e85d581ecdd,,,,,,69279,577,002A985,19.42296028137207,-99.09160614013672,216.0,0.0,0.0,,,,1784699450,2026-07-21 23:50:50-06:00,,
metrobus,metrobus_vehicle_positions,2026-07-22T06:41:34Z,2026-07-22,20260722T064115Z,d8d28949-eeba-4aa9-83af-6f57aa08209e,,,,,,69280,578,002A986,19.41859245300293,-99.09320068359375,299.0,0.0,0.0,,,,1784702475,2026-07-22 00:41:15-06:00,,
metrobus,metrobus_vehicle_positions,2026-07-22T06:41:34Z,2026-07-22,20260722T064115Z,0017223b-93f8-4824-95bb-0e6b3048b69f,,19563,0.0,05:33:12,20260722,70089,338,1250003,19.386978149414062,-99.05995178222656,210.0,0.0,0.0,,,,1784702476,2026-07-22 00:41:16-06:00,,
metrobus,metrobus_vehicle_positions,2026-07-22T06:41:34Z,2026-07-22,20260722T064115Z,f6f2aa33-00a5-408e-87d3-986262e23f8b,,19566,0.0,06:28:27,20260722,70090,339,1250004,19.38726806640625,-99.05968475341797,158.0,10.0,36.0,,,,1784702475,2026-07-22 00:41:15-06:00,,
metrobus,metrobus_vehicle_positions,2026-07-22T06:41:34Z,2026-07-22,20260722T064115Z,e45cb824-d916-4fac-8142-6484a628ce82,,,,,,69282,580,TienepermisodeSEMOVI,19.422748565673828,-99.09185791015625,209.0,0.0,0.0,,,,1784700577,2026-07-22 00:09:37-06:00,,
metrobus,metrobus_vehicle_positions,2026-07-22T06:41:34Z,2026-07-22,20260722T064115Z,e2604bef-de01-4002-956a-d666e185c1dd,,,,,,69283,581,002A989,19.422109603881836,-99.0921859741211,301.0,0.0,0.0,,,,1784702472,2026-07-22 00:41:12-06:00,,
metrobus,metrobus_vehicle_positions,2026-07-22T06:41:34Z,2026-07-22,20260722T064115Z,0641ecf9-d6ef-4fbb-bc00-29a7cd4198b9,,,,,,70091,340,1250005,19.38654136657715,-99.06001281738281,0.0,0.0,0.0,,,,1784702469,2026-07-22 00:41:09-06:00,,
metrobus,metrobus_vehicle_positions,2026-07-22T06:41:34Z,2026-07-22,20260722T064115Z,b768e266-9d83-4a71-bcbe-ec95837aee31,,,,,,69284,582,002A990,19.42142677307129,-99.09159088134766,387.0,0.0,0.0,,,,1784702474,2026-07-22 00:41:14-06:00,,
metrobus,metrobus_vehicle_positions,2026-07-22T06:41:34Z,2026-07-22,20260722T064115Z,94476b89-6320-45ef-acc4-c480dd5bc6f3,,,,,,69285,583,002A991,19.422988891601562,-99.09175872802734,342.0,0.0,0.0,,,,1784702482,2026-07-22 00:41:22-06:00,,
metrobus,metrobus_vehicle_positions,2026-07-22T06:41:34Z,2026-07-22,20260722T064115Z,17cb7f03-84cc-4745-bd00-c74667a46f59,,,,,,70093,342,TienepermisodeSEMOVI,19.386587142944336,-99.05985260009766,0.0,0.0,0.0,,,,1784702473,2026-07-22 00:41:13-06:00,,
metrobus,metrobus_vehicle_positions,2026-07-22T06:41:34Z,2026-07-22,20260722T064115Z,48932084-3eb9-497e-a58c-a504a916ed17,,,,,,69286,584,002A992,19.42304229736328,-99.09162139892578,0.0,0.0,0.0,,,,1784700112,2026-07-22 00:01:52-06:00,,
metrobus,metrobus_vehicle_positions,2026-07-22T06:41:34Z,2026-07-22,20260722T064115Z,b989fa72-8bec-4ac0-adbd-9d9a3957f505,,,,,,69287,585,002A993,19.422971725463867,-99.09172058105469,0.0,0.0,0.0,,,,1784702476,2026-07-22 00:41:16-06:00,,
metrobus,metrobus_vehicle_positions,2026-07-22T06:41:34Z,2026-07-22,20260722T064115Z,0e5bf133-29d7-4a0b-9750-c6bb45cc5903,,,,,,70095,344,TienepermisodeSEMOVI,19.386817932128906,-99.05995178222656,680.0,0.0,0.0,,,,1784699760,2026-07-21 23:56:00-06:00,,
metrobus,metrobus_vehicle_positions,2026-07-22T06:41:34Z,2026-07-22,20260722T064115Z,c6da2885-2386-4d51-96ef-0d19d7f52350,,,,,,69288,586,002A994,19.423046112060547,-99.0918197631836,486.0,0.0,0.0,,,,1784702471,2026-07-22 00:41:11-06:00,,
metrobus,metrobus_vehicle_positions,2026-07-22T06:41:34Z,2026-07-22,20260722T064115Z,d67a381b-037f-4034-9217-0c47e45cd81b,,,,,,70096,345,TienepermisodeSEMOVI,19.38709259033203,-99.05995178222656,0.0,0.0,0.0,,,,1784702474,2026-07-22 00:41:14-06:00,,
metrobus,metrobus_vehicle_positions,2026-07-22T06:41:34Z,2026-07-22,20260722T064115Z,994075d2-760b-4767-bf4c-cfb2b918b8e2,,,,,,69289,587,002A995,19.417987823486328,-99.0921630859375,301.0,0.0,0.0,,,,1784702478,2026-07-22 00:41:18-06:00,,
metrobus,metrobus_vehicle_positions,2026-07-22T06:41:34Z,2026-07-22,20260722T064115Z,6e78ce40-879c-4310-889e-01db88bae971,,,,,,69290,588,002A996,19.422821044921875,-99.09185028076172,225.0,0.0,0.0,,,,1784701972,2026-07-22 00:32:52-06:00,,
metrobus,metrobus_vehicle_positions,2026-07-22T06:41:34Z,2026-07-22,20260722T064115Z,f19a5e74-d28d-4102-aa16-827bd11be8f0,,,,,,69291,589,002A997,19.422739028930664,-99.09184265136719,225.0,0.0,0.0,,,,1784702471,2026-07-22 00:41:11-06:00,,
metrobus,metrobus_vehicle_positions,2026-07-22T06:41:34Z,2026-07-22,20260722T064115Z,c1e14b9d-007f-4472-8a49-f5c8332af986,,,,,,70100,349,TienepermisodeSEMOVI,19.386751174926758,-99.05999755859375,0.0,0.0,0.0,,,,1784702474,2026-07-22 00:41:14-06:00,,
metrobus,metrobus_vehicle_positions,2026-07-22T06:41:34Z,2026-07-22,20260722T064115Z,52cfc4b0-316c-462d-a91c-93be4233556b,,,,,,69294,592,002A998,19.422727584838867,-99.09222412109375,414.0,0.0,0.0,,,,1784702481,2026-07-22 00:41:21-06:00,,
metrobus,metrobus_vehicle_positions,2026-07-22T06:41:34Z,2026-07-22,20260722T064115Z,f3f1f42b-bda5-4b3a-9c87-c196664bb10e,,19566,0.0,05:18:27,20260722,70101,350,1250015,19.386550903320312,-99.06001281738281,0.0,0.0,0.0,,,,1784702469,2026-07-22 00:41:09-06:00,,
metrobus,metrobus_vehicle_positions,2026-07-22T06:41:34Z,2026-07-22,20260722T064115Z,68ec630c-e28b-4151-8672-81f1f4e43383,,,,,,69298,597,002A999,19.420141220092773,-99.09248352050781,323.0,0.0,0.0,,,,1784702477,2026-07-22 00:41:17-06:00,,
metrobus,metrobus_vehicle_positions,2026-07-22T06:41:34Z,2026-07-22,20260722T064115Z,9f001c5d-ff69-47a2-8120-4bca1e8ae54e,,,,,,69299,598,003A001,19.42255973815918,-99.09194946289062,215.0,0.0,0.0,,,,1784702467,2026-07-22 00:41:07-06:00,,
metrobus,metrobus_vehicle_positions,2026-07-22T06:41:34Z,2026-07-22,20260722T064115Z,e7f507c4-e419-4d49-8f53-0eb7da946b81,,,,,,75093,9756,,19.506961822509766,-99.19586944580078,319.0,0.0,0.0,,,,1784233487,2026-07-16 14:24:47-06:00,,
metrobus,metrobus_vehicle_positions,2026-07-22T06:41:34Z,2026-07-22,20260722T064115Z,392e649d-9402-4561-88fa-1cb229058f57,,20295,0.0,05:30:14,20260722,69439,120,1230033,19.49997329711914,-99.11941528320312,119.0,0.0,0.0,,,,1784700324,2026-07-22 00:05:24-06:00,,
metrobus,metrobus_vehicle_positions,2026-07-22T06:41:34Z,2026-07-22,20260722T064115Z,63b26f22-6219-404e-aef1-842060d5f05d,,,,,,69440,121,1230034,19.50019073486328,-99.11959075927734,0.0,0.0,0.0,,,,1784130396,2026-07-15 09:46:36-06:00,,
metrobus,metrobus_vehicle_positions,2026-07-22T06:41:34Z,2026-07-22,20260722T064115Z,2da2a4a9-542c-43bb-b46e-15296004c14c,,,,,,69687,364,ConPermisovencido,19.388885498046875,-99.05931091308594,334.0,0.0,0.0,,,,1784693256,2026-07-21 22:07:36-06:00,,
metrobus,metrobus_vehicle_positions,2026-07-22T06:41:34Z,2026-07-22,20260722T064115Z,0300a0cb-65ca-43af-afe6-d1c9d7045722,,,,,,69442,123,1230036,19.50009536743164,-99.11949920654297,0.0,0.0,0.0,,,,1784702477,2026-07-22 00:41:17-06:00,,
metrobus,metrobus_vehicle_positions,2026-07-22T06:41:34Z,2026-07-22,20260722T064115Z,2b86ab24-2610-4d38-94d1-bb5cc3c24f6a,,,,,,69688,366,1250117,19.389177322387695,-99.0593490600586,0.0,0.0,0.0,,,,1784702156,2026-07-22 00:35:56-06:00,,
metrobus,metrobus_vehicle_positions,2026-07-22T06:41:34Z,2026-07-22,20260722T064115Z,b878a242-35ba-46e7-a5a2-83c041be0993,,,,,,70324,367,,19.388460159301758,-99.05965423583984,0.0,0.0,0.0,,,,1784702482,2026-07-22 00:41:22-06:00,,
metrobus,metrobus_vehicle_positions,2026-07-22T06:41:34Z,2026-07-22,20260722T064115Z,d94076f3-afd8-4077-96f1-f58b362c87e5,,,,,,74672,9521,,19.423118591308594,-99.09390258789062,0.0,0.0,0.0,,,,1784700529,2026-07-22 00:08:49-06:00,,
metrobus,metrobus_vehicle_positions,2026-07-22T06:41:34Z,2026-07-22,20260722T064115Z,58f2ebf4-c701-4f0c-86a8-e614c4034b66,,,,,,74993,9525,,19.388803482055664,-99.05934143066406,114.0,0.0,0.0,,,,1784671170,2026-07-21 15:59:30-06:00,,
metrobus,metrobus_vehicle_positions,2026-07-22T06:41:34Z,2026-07-22,20260722T064115Z,8e7ee3a4-9276-40fd-94a8-a446a28308d4,,,,,,74671,9522,,19.422924041748047,-99.09237670898438,191.0,0.0,0.0,,,,1784696271,2026-07-21 22:57:51-06:00,,
metrobus,metrobus_vehicle_positions,2026-07-22T06:41:34Z,2026-07-22,20260722T064115Z,549a3a8a-06f5-4d4e-a4bf-af2aebed7f95,,,,,,74805,9523,,19.479095458984375,-99.06425476074219,107.0,0.0,0.0,,,,1784702478,2026-07-22 00:41:18-06:00,,
metrobus,metrobus_vehicle_positions,2026-07-22T06:41:34Z,2026-07-22,20260722T064115Z,46bc6af5-dec7-4b7a-80e2-a9a6953b2aab,,,,,,69690,372,1250123,19.388883590698242,-99.05933380126953,0.0,0.0,0.0,,,,1784698890,2026-07-21 23:41:30-06:00,,
metrobus,metrobus_vehicle_positions,2026-07-22T06:41:34Z,2026-07-22,20260722T064115Z,a9ae0116-b605-49fd-8d46-c8fbd483d417,,19562,1.0,06:13:43,20260722,69691,373,1250124,19.394453048706055,-99.0912094116211,125.0,34.0,122.4,,,,1784702480,2026-07-22 00:41:20-06:00,,
metrobus,metrobus_vehicle_positions,2026-07-22T06:41:34Z,2026-07-22,20260722T064115Z,38854107-ae6d-4d6d-bb25-13447ceb46d2,,,,,,73164,139,12300139,19.50000762939453,-99.11935424804688,194.0,0.0,0.0,,,,1784685886,2026-07-21 20:04:46-06:00,,
metrobus,metrobus_vehicle_positions,2026-07-22T06:41:34Z,2026-07-22,20260722T064115Z,e6a32ff6-0d42-4868-bc72-3b0d3b8d0258,,,,,,75094,9759,,19.506879806518555,-99.19591522216797,287.0,0.0,0.0,,,,1784690673,2026-07-21 21:24:33-06:00,,
metrobus,metrobus_vehicle_positions,2026-07-22T06:41:34Z,2026-07-22,20260722T064115Z,d8473e79-6330-4164-9b18-1f90a95ad4eb,,,,,,72536,9515,,19.385818481445312,-99.05997467041016,212.0,0.0,0.0,,,,1784673750,2026-07-21 16:42:30-06:00,,
metrobus,metrobus_vehicle_positions,2026-07-22T06:41:34Z,2026-07-22,20260722T064115Z,f52fd564-3b21-4dcb-9880-0b7741af9c53,,,,,,75096,9758,,19.50687026977539,-99.19587707519531,343.0,0.0,0.0,,,,1784234649,2026-07-16 14:44:09-06:00,,
metrobus,metrobus_vehicle_positions,2026-07-22T06:41:34Z,2026-07-22,20260722T064115Z,3a5d8b4a-33d4-4bec-83f9-418ca9150d0b,,,,,,74699,9519,,19.479297637939453,-99.06438446044922,115.0,0.0,0.0,,,,1784697513,2026-07-21 23:18:33-06:00,,
metrobus,metrobus_vehicle_positions,2026-07-22T06:41:34Z,2026-07-22,20260722T064115Z,0d4ce05d-3574-4523-be0f-8633fdcefce0,,,,,,69451,143,1230056,19.499727249145508,-99.11949157714844,356.0,0.0,0.0,,,,1784573447,2026-07-20 12:50:47-06:00,,
metrobus,metrobus_vehicle_positions,2026-07-22T06:41:34Z,2026-07-22,20260722T064115Z,e438968d-9fc1-48f8-88f5-11aef170effd,,,,,,69452,144,1230057,19.500043869018555,-99.11941528320312,0.0,0.0,0.0,,,,1784699477,2026-07-21 23:51:17-06:00,,
metrobus,metrobus_vehicle_positions,2026-07-22T06:41:34Z,2026-07-22,20260722T064115Z,a684ba6e-64be-494b-84af-c04fd0d2f7fb,,,,,,69454,146,1230005,19.500219345092773,-99.11958312988281,0.0,0.0,0.0,,,,1784649392,2026-07-21 09:56:32-06:00,,
metrobus,metrobus_vehicle_positions,2026-07-22T06:41:34Z,2026-07-22,20260722T064115Z,86a51d8e-7faf-45b7-b1fd-735b4f790b87,,,,,,75062,9529,,19.650432586669922,-99.1328353881836,0.0,0.0,0.0,,,,1784673833,2026-07-21 16:43:53-06:00,,
metrobus,metrobus_vehicle_positions,2026-07-22T06:41:34Z,2026-07-22,20260722T064115Z,b6e9cc8b-8aea-4993-93f3-bf23838a215e,,,,,,75057,9527,,19.42300033569336,-99.0920639038086,0.0,1.0,3.6,,,,1784702454,2026-07-22 00:40:54-06:00,,
metrobus,metrobus_vehicle_positions,2026-07-22T06:41:34Z,2026-07-22,20260722T064115Z,a52d931f-8a74-4a4d-96a1-454155c3aed4,,,,,,74680,9542,,19.402938842773438,-99.06175994873047,113.0,0.0,0.0,,,,1784694857,2026-07-21 22:34:17-06:00,,
metrobus,metrobus_vehicle_positions,2026-07-22T06:41:34Z,2026-07-22,20260722T064115Z,4556c8b5-c379-4165-9247-cedac4d53733,,,,,,74681,9543,,19.40289306640625,-99.06172943115234,590.0,0.0,0.0,,,,1784698662,2026-07-21 23:37:42-06:00,,
metrobus,metrobus_vehicle_positions,2026-07-22T06:41:34Z,2026-07-22,20260722T064115Z,56693a78-558f-4157-942c-dfd007280770,,,,,,74679,9541,,19.402881622314453,-99.0634994506836,177.0,9.0,32.4,,,,1784702475,2026-07-22 00:41:15-06:00,,
metrobus,metrobus_vehicle_positions,2026-07-22T06:41:34Z,2026-07-22,20260722T064115Z,d3e8ff49-0cb7-4e78-8744-8424ad8d6d6d,,19564,0.0,05:10:25,20260722,74915,9304,,19.389324188232422,-99.05775451660156,193.0,0.0,0.0,,,,1784700205,2026-07-22 00:03:25-06:00,,
metrobus,metrobus_vehicle_positions,2026-07-22T06:41:34Z,2026-07-22,20260722T064115Z,81bc78f1-ea4a-4832-a6f6-22231b3dfa78,,19564,0.0,05:05:22,20260722,74546,9305,,19.38934326171875,-99.05767822265625,204.0,0.0,0.0,,,,1784697837,2026-07-21 23:23:57-06:00,,
metrobus,metrobus_vehicle_positions,2026-07-22T06:41:34Z,2026-07-22,20260722T064115Z,1338cc84-a9a4-4846-b1b8-e4c62d195f77,,19564,0.0,05:20:01,20260722,74518,9303,,19.3893985748291,-99.0577621459961,206.0,0.0,0.0,,,,1784698897,2026-07-21 23:41:37-06:00,,
metrobus,metrobus_vehicle_positions,2026-07-22T06:41:34Z,2026-07-22,20260722T064115Z,3ab218a0-1268-45ca-9518-13f579283c70,,,,,,69598,392,1250146,19.38901138305664,-99.0595932006836,0.0,0.0,0.0,,,,1780357248,2026-06-01 17:40:48-06:00,,
metrobus,metrobus_vehicle_positions,2026-07-22T06:41:34Z,2026-07-22,20260722T064115Z,c6ddf45b-77cf-4d9e-b527-2b91b1fadf0e,,,,,,74141,9781,,19.50735092163086,-99.19698333740234,0.0,0.0,0.0,,,,1784702476,2026-07-22 00:41:16-06:00,,
metrobus,metrobus_vehicle_positions,2026-07-22T06:41:34Z,2026-07-22,20260722T064115Z,bb111ab1-0cc5-4ae6-b084-5e6ffbc152e1,,,,,,69599,394,1250147,19.38833236694336,-99.05941009521484,0.0,0.0,0.0,,,,1784701286,2026-07-22 00:21:26-06:00,,
metrobus,metrobus_vehicle_positions,2026-07-22T06:41:34Z,2026-07-22,20260722T064115Z,f6dbccbc-c8fb-4e59-b48d-d1a9bfd2a2a4,,,,,,70122,152,1230165,19.499847412109375,-99.11924743652344,0.0,0.0,0.0,,,,1784658923,2026-07-21 12:35:23-06:00,,
metrobus,metrobus_vehicle_positions,2026-07-22T06:41:34Z,2026-07-22,20260722T064115Z,6a2b35b3-35ef-4fbd-9f72-9318f0999620,,,,,,70123,153,1230166,19.50048065185547,-99.119384765625,814.0,0.0,0.0,,,,1784232785,2026-07-16 14:13:05-06:00,,
metrobus,metrobus_vehicle_positions,2026-07-22T06:41:34Z,2026-07-22,20260722T064115Z,7bcd385d-b253-4fb5-80f0-dd959a0db75e,,,,,,69601,398,TienepermisodeSEMOVI,19.38825035095215,-99.05948638916016,0.0,0.0,0.0,,,,1784698638,2026-07-21 23:37:18-06:00,,
metrobus,metrobus_vehicle_positions,2026-07-22T06:41:34Z,2026-07-22,20260722T064115Z,72762b94-32af-4e61-8352-9757de11a89d,,,,,,70126,156,1230169,19.499990463256836,-99.11921691894531,0.0,0.0,0.0,,,,1784560469,2026-07-20 09:14:29-06:00,,
metrobus,metrobus_vehicle_positions,2026-07-22T06:41:34Z,2026-07-22,20260722T064115Z,594dee46-ad98-4c6e-b65d-0948c45e49a7,,,,,,69602,399,1250150,19.388200759887695,-99.0594253540039,0.0,0.0,0.0,,,,1784702480,2026-07-22 00:41:20-06:00,,
metrobus,metrobus_vehicle_positions,2026-07-22T06:41:34Z,2026-07-22,20260722T064115Z,8278259b-0d25-444a-9ecc-90cc641084d4,,19564,0.0,04:38:48,20260722,74547,9306,,19.389392852783203,-99.05763244628906,0.0,0.0,0.0,,,,1784698262,2026-07-21 23:31:02-06:00,,
metrobus,metrobus_vehicle_positions,2026-07-22T06:41:34Z,2026-07-22,20260722T064115Z,3a4bc928-aceb-4f8b-9932-aedc78b02d90,,19566,0.0,05:16:46,20260722,74465,9379,,19.388324737548828,-99.05950927734375,934.0,0.0,0.0,,,,1784698416,2026-07-21 23:33:36-06:00,,
metrobus,metrobus_vehicle_positions,2026-07-22T06:41:34Z,2026-07-22,20260722T064115Z,4a1197e4-dbd7-495d-98b7-f9b4a63ed3ca,,19562,1.0,05:55:18,20260722,74191,9382,,19.38422393798828,-99.0709228515625,992.0,0.0,0.0,,,,1784702481,2026-07-22 00:41:21-06:00,,
metrobus,metrobus_vehicle_positions,2026-07-22T06:41:34Z,2026-07-22,20260722T064115Z,9392d07a-89d4-4d72-9fcf-f4610019d693,,,,,,69580,2504,TienepermisodeSEMOVI,19.42302703857422,-99.09151458740234,0.0,0.0,0.0,,,,1784699308,2026-07-21 23:48:28-06:00,,
metrobus,metrobus_vehicle_positions,2026-07-22T06:41:34Z,2026-07-22,20260722T064115Z,f89350f2-a2b2-4ba0-b7c1-97aaca53dd09,,,,,,69579,2503,TienepermisodeSEMOVI,19.42247772216797,-99.09191131591797,0.0,0.0,0.0,,,,1784702350,2026-07-22 00:39:10-06:00,,
metrobus,metrobus_vehicle_positions,2026-07-22T06:41:34Z,2026-07-22,20260722T064115Z,cb1646f5-08c0-45d6-a1ba-70716a7463af,,,,,,69578,2502,TienepermisodeSEMOVI,19.430408477783203,-99.0532455444336,0.0,0.0,0.0,,,,1784034716,2026-07-14 07:11:56-06:00,,
metrobus,metrobus_vehicle_positions,2026-07-22T06:41:34Z,2026-07-22,20260722T064115Z,a58a5a2e-4f52-4591-8b44-9c31dd2b3c86,,,,,,69577,2501,TienepermisodeSEMOVI,19.422908782958984,-99.09159088134766,0.0,0.0,0.0,,,,1784701543,2026-07-22 00:25:43-06:00,,
metrobus,metrobus_vehicle_positions,2026-07-22T06:41:34Z,2026-07-22,20260722T064115Z,4c940750-0d53-4117-8c9b-035544b5d6ce,,,,,,69585,2509,TienepermisodeSEMOVI,19.422983169555664,-99.09161376953125,0.0,0.0,0.0,,,,1784702423,2026-07-22 00:40:23-06:00,,
metrobus,metrobus_vehicle_positions,2026-07-22T06:41:34Z,2026-07-22,20260722T064115Z,49b61d2e-01d0-4991-ba1e-6810fab1d562,,,,,,69584,2508,TienepermisodeSEMOVI,19.42266273498535,-99.09182739257812,299.0,0.0,0.0,,,,1784701803,2026-07-22 00:30:03-06:00,,
metrobus,metrobus_vehicle_positions,2026-07-22T06:41:34Z,2026-07-22,20260722T064115Z,28a60ed7-3173-4868-a4ac-5dd4b27ecdf9,,,,,,69583,2507,TienepermisodeSEMOVI,19.42268180847168,-99.09176635742188,0.0,0.0,0.0,,,,1784699540,2026-07-21 23:52:20-06:00,,
metrobus,metrobus_vehicle_positions,2026-07-22T06:41:34Z,2026-07-22,20260722T064115Z,b92edce1-ddc5-4fbd-88a9-da30fb41be37,,,,,,69582,2506,TienepermisodeSEMOVI,19.423095703125,-99.09153747558594,317.0,0.0,0.0,,,,1784697779,2026-07-21 23:22:59-06:00,,
metrobus,metrobus_vehicle_positions,2026-07-22T06:41:34Z,2026-07-22,20260722T064115Z,86e86637-5e11-49f3-ad6b-f5516bbc41e3,,,,,,69581,2505,TienepermisodeSEMOVI,19.42267417907715,-99.09182739257812,223.0,0.0,0.0,,,,1784701617,2026-07-22 00:26:57-06:00,,
metrobus,metrobus_vehicle_positions,2026-07-22T06:41:34Z,2026-07-22,20260722T064115Z,b8014517-2cde-4408-bc0d-58ec36439b5e,,19523,1.0,03:34:12,20260722,69591,2515,TienepermisodeSEMOVI,19.422710418701172,-99.09175109863281,215.0,0.0,0.0,,,,1784696134,2026-07-21 22:55:34-06:00,,
metrobus,metrobus_vehicle_positions,2026-07-22T06:41:34Z,2026-07-22,20260722T064115Z,b2c85992-e827-4b2f-b24f-91a51b903dd3,,,,,,69590,2514,TienepermisodeSEMOVI,19.42279815673828,-99.0916748046875,0.0,0.0,0.0,,,,1784702484,2026-07-22 00:41:24-06:00,,
metrobus,metrobus_vehicle_positions,2026-07-22T06:41:34Z,2026-07-22,20260722T064115Z,94e3de3d-f935-4290-af07-57dc3d03da6a,,,,,,69589,2513,TienepermisodeSEMOVI,19.42076873779297,-99.06181335449219,898.0,48.0,172.8,,,,1784702474,2026-07-22 00:41:14-06:00,,
metrobus,metrobus_vehicle_positions,2026-07-22T06:41:34Z,2026-07-22,20260722T064115Z,b92647e2-7d02-4afa-969a-b5c3481fb58c,,,,,,69588,2512,TienepermisodeSEMOVI,19.422779083251953,-99.0916976928711,0.0,0.0,0.0,,,,1784702466,2026-07-22 00:41:06-06:00,,
metrobus,metrobus_vehicle_positions,2026-07-22T06:41:34Z,2026-07-22,20260722T064115Z,fd071283-da33-4f3b-999e-67cc09233798,,,,,,69587,2511,TienepermisodeSEMOVI,19.423095703125,-99.09156799316406,0.0,0.0,0.0,,,,1784698397,2026-07-21 23:33:17-06:00,,
metrobus,metrobus_vehicle_positions,2026-07-22T06:41:34Z,2026-07-22,20260722T064115Z,acef315f-86ad-48a9-ad9a-72653fec94f6,,,,,,69586,2510,TienepermisodeSEMOVI,19.422649383544922,-99.09182739257812,291.0,0.0,0.0,,,,1784700989,2026-07-22 00:16:29-06:00,,
metrobus,metrobus_vehicle_positions,2026-07-22T06:41:34Z,2026-07-22,20260722T064115Z,5dbc4cb1-cfe6-434d-934c-c0d402f94e27,,20016,0.0,05:37:31,20260722,70010,1206,001A191,19.385120391845703,-99.04548645019531,202.0,0.0,0.0,,,,1784700956,2026-07-22 00:15:56-06:00,,
metrobus,metrobus_vehicle_positions,2026-07-22T06:41:34Z,2026-07-22,20260722T064115Z,29b6c7b3-749e-41da-98ca-7db82656348d,,,,,,70009,1205,001A192,19.385269165039062,-99.045654296875,120.0,0.0,0.0,,,,1784702476,2026-07-22 00:41:16-06:00,,
metrobus,metrobus_vehicle_positions,2026-07-22T06:41:34Z,2026-07-22,20260722T064115Z,a9c2670d-7c0c-4b61-96f1-18d34f00ffe8,,,,,,70008,1204,001A190,19.384859085083008,-99.0464096069336,300.0,0.0,0.0,,,,1784679036,2026-07-21 18:10:36-06:00,,
metrobus,metrobus_vehicle_positions,2026-07-22T06:41:34Z,2026-07-22,20260722T064115Z,ff5be07b-e9dd-4504-b6d1-4f346ff54a4e,,20016,0.0,04:44:47,20260722,70007,1203,001A189,19.385284423828125,-99.04560852050781,0.0,0.0,0.0,,,,1784701015,2026-07-22 00:16:55-06:00,,
metrobus,metrobus_vehicle_positions,2026-07-22T06:41:34Z,2026-07-22,20260722T064115Z,03912500-2aed-4662-ba48-004c88aa8685,,,,,,70006,1202,001A188,19.38534164428711,-99.04558563232422,0.0,0.0,0.0,,,,1784701494,2026-07-22 00:24:54-06:00,,
metrobus,metrobus_vehicle_positions,2026-07-22T06:41:34Z,2026-07-22,20260722T064115Z,e7495c78-c565-494c-b38b-af0f61cf727a,,,,,,70013,1209,001A195,19.3853816986084,-99.04581451416016,0.0,0.0,0.0,,,,1784702472,2026-07-22 00:41:12-06:00,,
metrobus,metrobus_vehicle_positions,2026-07-22T06:41:34Z,2026-07-22,20260722T064115Z,a4bebd1a-5569-4939-b3fb-615eb40b55c5,,20016,0.0,05:44:14,20260722,70012,1208,001A194,19.385385513305664,-99.04583740234375,0.0,0.0,0.0,,,,1784702473,2026-07-22 00:41:13-06:00,,
metrobus,metrobus_vehicle_positions,2026-07-22T06:41:34Z,2026-07-22,20260722T064115Z,71f7b620-389a-49e6-a5e1-f848ec7038c6,,,,,,70011,1207,001A193,19.38532829284668,-99.04558563232422,0.0,0.0,0.0,,,,1784701630,2026-07-22 00:27:10-06:00,,
