_source_system,_source_table,_extracted_at_utc,_snapshot_date,_snapshot_id,entity_id,trip_id,route_id,direction_id,start_time,start_date,vehicle_id,vehicle_label,license_plate,latitude,longitude,bearing,speed_mps,speed_kmh,current_stop_sequence,stop_id,current_status,timestamp_raw,timestamp_cdmx,congestion_level,occupancy_status
metrobus,metrobus_vehicle_positions,2026-07-23T20:32:04Z,2026-07-23,20260723T203146Z,0209369c-71e4-4694-b88a-d08b8da1ec30,,19470,0.0,19:58:39,20260723,69379,2306,1240002,19.48859977722168,-99.11651611328125,248.0,0.0,0.0,,,,1784838708,2026-07-23 14:31:48-06:00,,
metrobus,metrobus_vehicle_positions,2026-07-23T20:32:04Z,2026-07-23,20260723T203146Z,b77583ba-a426-4261-afc5-7d83ec233225,,,,,,69378,2305,1240001,19.39006805419922,-99.05842590332031,0.0,0.0,0.0,,,,1784838711,2026-07-23 14:31:51-06:00,,
metrobus,metrobus_vehicle_positions,2026-07-23T20:32:04Z,2026-07-23,20260723T203146Z,3b162f1c-29d1-42a3-a7d0-ac59f82f4423,,19471,1.0,20:16:32,20260723,69377,2304,1230200,19.493898391723633,-99.14883422851562,103.0,0.0,0.0,,,,1784838711,2026-07-23 14:31:51-06:00,,
metrobus,metrobus_vehicle_positions,2026-07-23T20:32:04Z,2026-07-23,20260723T203146Z,eb9d4c68-be3f-498d-a202-ed800d53c495,,19562,1.0,20:28:18,20260723,69376,2303,1230199,19.40747833251953,-99.18444061279297,278.0,0.0,0.0,,,,1784838709,2026-07-23 14:31:49-06:00,,
metrobus,metrobus_vehicle_positions,2026-07-23T20:32:04Z,2026-07-23,20260723T203146Z,0f58e73f-a6e3-4418-b118-df509bcb5671,,19563,0.0,20:02:00,20260723,69375,2302,1230198,19.39649772644043,-99.09510803222656,278.0,5.0,18.0,,,,1784838713,2026-07-23 14:31:53-06:00,,
metrobus,metrobus_vehicle_positions,2026-07-23T20:32:04Z,2026-07-23,20260723T203146Z,e135ac02-b0da-4069-9c03-403026fdf8e8,,,,,,70014,1210,001A196,19.386302947998047,-99.04623413085938,0.0,0.0,0.0,,,,1784486398,2026-07-19 12:39:58-06:00,,
metrobus,metrobus_vehicle_positions,2026-07-23T20:32:04Z,2026-07-23,20260723T203146Z,79b78209-78fa-4d6f-abc3-c0b248e18795,,,,,,69382,2309,1240005,19.478214263916016,-99.06387329101562,671.0,0.0,0.0,,,,1784838094,2026-07-23 14:21:34-06:00,,
metrobus,metrobus_vehicle_positions,2026-07-23T20:32:04Z,2026-07-23,20260723T203146Z,07dd2a56-fb07-4bf7-8f8d-0fe7af493b4e,,19472,1.0,20:15:02,20260723,69381,2308,1240004,19.479202270507812,-99.09870147705078,113.0,24.0,86.4,,,,1784838718,2026-07-23 14:31:58-06:00,,
metrobus,metrobus_vehicle_positions,2026-07-23T20:32:04Z,2026-07-23,20260723T203146Z,b4bd1d6d-e6da-4357-abf1-0f87d9fc230a,,19472,1.0,20:25:25,20260723,69380,2307,1240003,19.491201400756836,-99.13579559326172,100.0,17.0,61.2,,,,1784838717,2026-07-23 14:31:57-06:00,,
metrobus,metrobus_vehicle_positions,2026-07-23T20:32:04Z,2026-07-23,20260723T203146Z,f7d8a833-7d53-4135-9103-311261b25ced,,19562,1.0,19:38:42,20260723,69393,2320,1230174,19.3853702545166,-99.0604019165039,860.0,6.0,21.6,,,,1784838716,2026-07-23 14:31:56-06:00,,
metrobus,metrobus_vehicle_positions,2026-07-23T20:32:04Z,2026-07-23,20260723T203146Z,d8c50ca7-fb2a-4bf4-9e59-0e9098678fb3,,,,,,69390,2317,1240013,19.389511108398438,-99.058349609375,0.0,1.0,3.6,,,,1784838716,2026-07-23 14:31:56-06:00,,
metrobus,metrobus_vehicle_positions,2026-07-23T20:32:04Z,2026-07-23,20260723T203146Z,ab9c555b-e276-4702-a67b-6284fcf3ef61,,19475,1.0,20:03:23,20260723,69389,2316,1240012,19.488771438598633,-99.12833404541016,111.0,24.0,86.4,,,,1784838707,2026-07-23 14:31:47-06:00,,
metrobus,metrobus_vehicle_positions,2026-07-23T20:32:04Z,2026-07-23,20260723T203146Z,98235c84-fc18-4123-86f4-ee0fc1342ca1,,19471,1.0,19:43:31,20260723,69388,2315,1240011,19.475114822387695,-99.08888244628906,143.0,11.0,39.6,,,,1784838717,2026-07-23 14:31:57-06:00,,
metrobus,metrobus_vehicle_positions,2026-07-23T20:32:04Z,2026-07-23,20260723T203146Z,4ac5a568-9f25-479e-a9f9-d6a5cc1a7bee,,19475,1.0,20:18:05,20260723,69387,2314,1240010,19.494979858398438,-99.15350341796875,102.0,36.0,129.6,,,,1784838713,2026-07-23 14:31:53-06:00,,
metrobus,metrobus_vehicle_positions,2026-07-23T20:32:04Z,2026-07-23,20260723T203146Z,912bda39-17eb-4742-a0e2-608b5b7a51b9,,19563,0.0,19:54:35,20260723,69386,2313,1240009,19.398141860961914,-99.11066436767578,282.0,36.0,129.6,,,,1784838705,2026-07-23 14:31:45-06:00,,
metrobus,metrobus_vehicle_positions,2026-07-23T20:32:04Z,2026-07-23,20260723T203146Z,e6577aed-f7e1-47f0-a0fc-32d7ccb7d527,,19470,0.0,19:55:00,20260723,69385,2312,1240008,19.49061393737793,-99.13297271728516,291.0,0.0,0.0,,,,1784838715,2026-07-23 14:31:55-06:00,,
metrobus,metrobus_vehicle_positions,2026-07-23T20:32:04Z,2026-07-23,20260723T203146Z,9750f353-1bdc-411a-ae58-5347a7837755,,19474,0.0,20:18:45,20260723,69383,2310,1240006,19.48565101623535,-99.1201171875,289.0,10.0,36.0,,,,1784838709,2026-07-23 14:31:49-06:00,,
metrobus,metrobus_vehicle_positions,2026-07-23T20:32:04Z,2026-07-23,20260723T203146Z,aff770ac-3dd1-43db-bbe6-da9d4ea156f7,,19470,0.0,19:58:15,20260723,69198,800,1320055,19.48542022705078,-99.11860656738281,198.0,12.0,43.2,,,,1784838714,2026-07-23 14:31:54-06:00,,
metrobus,metrobus_vehicle_positions,2026-07-23T20:32:04Z,2026-07-23,20260723T203146Z,09b18abf-6c19-4498-9fff-7fd90e972dcd,,19576,0.0,19:24:11,20260723,69886,801,1280065,19.434106826782227,-99.15249633789062,619.0,14.0,50.4,,,,1784838703,2026-07-23 14:31:43-06:00,,
metrobus,metrobus_vehicle_positions,2026-07-23T20:32:04Z,2026-07-23,20260723T203146Z,f88e5719-5c82-4909-8021-fa57b6ed6403,,19576,0.0,20:11:10,20260723,69887,802,1280066,19.453821182250977,-99.13056945800781,209.0,0.0,0.0,,,,1784838705,2026-07-23 14:31:45-06:00,,
metrobus,metrobus_vehicle_positions,2026-07-23T20:32:04Z,2026-07-23,20260723T203146Z,0b73f0a7-ae17-46bb-82bb-94e80f5abdb0,,,,,,69888,803,1280067,19.508333206176758,-99.1728744506836,0.0,0.0,0.0,,,,1783013862,2026-07-02 11:37:42-06:00,,
metrobus,metrobus_vehicle_positions,2026-07-23T20:32:04Z,2026-07-23,20260723T203146Z,dbe9f7df-456c-4489-9f83-ed61e8cdcb00,,,,,,69889,804,1280068,19.49226188659668,-99.12026977539062,326.0,0.0,0.0,,,,1784838713,2026-07-23 14:31:53-06:00,,
metrobus,metrobus_vehicle_positions,2026-07-23T20:32:04Z,2026-07-23,20260723T203146Z,29da2ae7-2d3e-4a31-b321-8bb66ab08b72,,,,,,69890,805,1280069,19.43347930908203,-99.15422821044922,245.0,0.0,0.0,,,,1784838714,2026-07-23 14:31:54-06:00,,
metrobus,metrobus_vehicle_positions,2026-07-23T20:32:04Z,2026-07-23,20260723T203146Z,f2ec6b1b-8bef-4fa4-86fd-e8407a27bde8,,19563,0.0,19:49:56,20260723,69392,2319,1230173,19.398284912109375,-99.11814880371094,266.0,28.0,100.8,,,,1784838716,2026-07-23 14:31:56-06:00,,
metrobus,metrobus_vehicle_positions,2026-07-23T20:32:04Z,2026-07-23,20260723T203146Z,1668d8c2-8797-479b-8e5b-a1373849486b,,19563,0.0,05:28:59,20260723,69391,2318,1230172,19.389793395996094,-99.05860137939453,301.0,0.0,0.0,,,,1784786332,2026-07-22 23:58:52-06:00,,
metrobus,metrobus_vehicle_positions,2026-07-23T20:32:04Z,2026-07-23,20260723T203146Z,c50c1f96-b31e-4ea8-9b77-8bf877e6b631,,19582,0.0,20:14:48,20260723,69892,807,1280071,19.468149185180664,-99.12500762939453,203.0,28.0,100.8,,,,1784838712,2026-07-23 14:31:52-06:00,,
metrobus,metrobus_vehicle_positions,2026-07-23T20:32:04Z,2026-07-23,20260723T203146Z,80a09bc3-dbf9-4bba-9ccf-de840179903b,,19579,1.0,20:03:31,20260723,69893,808,1280072,19.433876037597656,-99.15286254882812,670.0,3.0,10.8,,,,1784838714,2026-07-23 14:31:54-06:00,,
metrobus,metrobus_vehicle_positions,2026-07-23T20:32:04Z,2026-07-23,20260723T203146Z,34f0159c-a19a-4eb3-9722-6923503ec971,,,,,,69894,809,1280073,19.50830078125,-99.17247009277344,359.0,0.0,0.0,,,,1784838046,2026-07-23 14:20:46-06:00,,
metrobus,metrobus_vehicle_positions,2026-07-23T20:32:04Z,2026-07-23,20260723T203146Z,e0cfb6bb-254f-4b27-9763-49f21bd89346,,19567,1.0,20:26:02,20260723,69398,2325,1230182,19.39829444885254,-99.17091369628906,174.0,28.0,100.8,,,,1784838709,2026-07-23 14:31:49-06:00,,
metrobus,metrobus_vehicle_positions,2026-07-23T20:32:04Z,2026-07-23,20260723T203146Z,7fa65e3e-f4c8-46e2-ab9b-d458bdac10c5,,,,,,69397,2324,1230180,19.389921188354492,-99.05880737304688,302.0,0.0,0.0,,,,1784837448,2026-07-23 14:10:48-06:00,,
metrobus,metrobus_vehicle_positions,2026-07-23T20:32:04Z,2026-07-23,20260723T203146Z,0be098ed-66c4-452e-93a2-9c727be79592,,19563,0.0,20:25:25,20260723,69395,2322,1230176,19.38960838317871,-99.05896759033203,304.0,0.0,0.0,,,,1784838717,2026-07-23 14:31:57-06:00,,
metrobus,metrobus_vehicle_positions,2026-07-23T20:32:04Z,2026-07-23,20260723T203146Z,7a27671d-1fd5-4093-92b4-c0eef17fc19d,,19576,0.0,19:52:16,20260723,69895,810,1280074,19.43597412109375,-99.1491470336914,242.0,8.0,28.8,,,,1784838716,2026-07-23 14:31:56-06:00,,
metrobus,metrobus_vehicle_positions,2026-07-23T20:32:04Z,2026-07-23,20260723T203146Z,e468bde5-e25b-4b3c-b70e-081c56e5b36f,,19567,1.0,20:30:30,20260723,69394,2321,1230175,19.383386611938477,-99.176025390625,121.0,12.0,43.2,,,,1784838705,2026-07-23 14:31:45-06:00,,
metrobus,metrobus_vehicle_positions,2026-07-23T20:32:04Z,2026-07-23,20260723T203146Z,19ca6f5f-2dd0-4590-a32a-455431323fe0,,,,,,69896,811,1280075,19.49312973022461,-99.12095642089844,325.0,0.0,0.0,,,,1784838705,2026-07-23 14:31:45-06:00,,
metrobus,metrobus_vehicle_positions,2026-07-23T20:32:04Z,2026-07-23,20260723T203146Z,de5f37af-20ed-410b-a620-fb989b089e77,,19577,1.0,20:29:36,20260723,69897,812,1280076,19.425912857055664,-99.19358825683594,995.0,0.0,0.0,,,,1784838711,2026-07-23 14:31:51-06:00,,
metrobus,metrobus_vehicle_positions,2026-07-23T20:32:04Z,2026-07-23,20260723T203146Z,971bab5a-8b1b-4f65-ab5f-4112c6e27d1f,,19576,0.0,20:05:05,20260723,69898,813,1280077,19.449024200439453,-99.13424682617188,219.0,0.0,0.0,,,,1784838718,2026-07-23 14:31:58-06:00,,
metrobus,metrobus_vehicle_positions,2026-07-23T20:32:04Z,2026-07-23,20260723T203146Z,061485ce-0313-4fd5-95ac-a6eaf99a2387,,19576,0.0,19:28:21,20260723,69899,814,1280078,19.42474937438965,-99.18439483642578,280.0,0.0,0.0,,,,1784838713,2026-07-23 14:31:53-06:00,,
metrobus,metrobus_vehicle_positions,2026-07-23T20:32:04Z,2026-07-23,20260723T203146Z,0b52860a-f822-441e-9d96-6aa17e1720bf,,19576,0.0,19:10:19,20260723,69900,815,1280079,19.478391647338867,-99.12113952636719,206.0,0.0,0.0,,,,1784838715,2026-07-23 14:31:55-06:00,,
metrobus,metrobus_vehicle_positions,2026-07-23T20:32:04Z,2026-07-23,20260723T203146Z,dffe1ee3-a84b-47da-84a6-fe9b27655f2d,,,,,,69901,816,1280080,19.49245262145996,-99.12039947509766,326.0,0.0,0.0,,,,1784838706,2026-07-23 14:31:46-06:00,,
metrobus,metrobus_vehicle_positions,2026-07-23T20:32:04Z,2026-07-23,20260723T203146Z,1afa5a72-81bc-4fe2-8ed7-4555924571d7,,19576,0.0,20:06:53,20260723,69902,817,1280081,19.4525089263916,-99.1314926147461,218.0,33.0,118.8,,,,1784838718,2026-07-23 14:31:58-06:00,,
metrobus,metrobus_vehicle_positions,2026-07-23T20:32:04Z,2026-07-23,20260723T203146Z,9865c650-371b-4b38-b46a-c2dcb0089572,,,,,,69903,818,1280082,19.45053482055664,-99.13276672363281,37.0,0.0,0.0,,,,1784838717,2026-07-23 14:31:57-06:00,,
metrobus,metrobus_vehicle_positions,2026-07-23T20:32:04Z,2026-07-23,20260723T203146Z,3055b87f-8941-4400-aa39-720f9d9acd3c,,19577,1.0,19:39:57,20260723,69904,819,1280083,19.47509765625,-99.12235260009766,207.0,24.0,86.4,,,,1784838713,2026-07-23 14:31:53-06:00,,
metrobus,metrobus_vehicle_positions,2026-07-23T20:32:04Z,2026-07-23,20260723T203146Z,589fadde-8943-4950-982b-a145e72837a5,,19498,1.0,19:33:44,20260723,69957,1253,1230122,19.416770935058594,-99.1649398803711,179.0,9.0,32.4,,,,1784838716,2026-07-23 14:31:56-06:00,,
metrobus,metrobus_vehicle_positions,2026-07-23T20:32:04Z,2026-07-23,20260723T203146Z,2a3039fc-1c5e-48ad-80a2-4054d6825ca3,,,,,,70106,2342,1250020,19.38710594177246,-99.05985260009766,870.0,0.0,0.0,,,,1784838711,2026-07-23 14:31:51-06:00,,
metrobus,metrobus_vehicle_positions,2026-07-23T20:32:04Z,2026-07-23,20260723T203146Z,cfc9d600-cb70-45ce-9866-a43ab5b74944,,19563,0.0,20:02:28,20260723,70105,2341,1250019,19.391632080078125,-99.08695220947266,304.0,32.0,115.2,,,,1784838711,2026-07-23 14:31:51-06:00,,
metrobus,metrobus_vehicle_positions,2026-07-23T20:32:04Z,2026-07-23,20260723T203146Z,64b0ef2b-e9a2-4cf3-8573-8e9e0219ea93,,19500,1.0,19:53:32,20260723,69956,1252,1230120,19.374080657958984,-99.17857360839844,192.0,0.0,0.0,,,,1784838717,2026-07-23 14:31:57-06:00,,
metrobus,metrobus_vehicle_positions,2026-07-23T20:32:04Z,2026-07-23,20260723T203146Z,b598c9a9-610b-4f9a-96bf-d4fede238155,,,,,,70104,2340,1250018,19.390830993652344,-99.0475082397461,296.0,8.0,28.8,,,,1784838704,2026-07-23 14:31:44-06:00,,
metrobus,metrobus_vehicle_positions,2026-07-23T20:32:04Z,2026-07-23,20260723T203146Z,23e65158-69e6-402f-9961-b88645c6b5e5,,19500,1.0,19:20:16,20260723,69955,1251,1230119,19.4356632232666,-99.15745544433594,222.0,0.0,0.0,,,,1784838710,2026-07-23 14:31:50-06:00,,
metrobus,metrobus_vehicle_positions,2026-07-23T20:32:04Z,2026-07-23,20260723T203146Z,ad109d29-d10d-4179-80f9-6bad0df3b8a5,,,,,,70103,2339,1250017,19.386659622192383,-99.05988311767578,0.0,0.0,0.0,,,,1784828613,2026-07-23 11:43:33-06:00,,
metrobus,metrobus_vehicle_positions,2026-07-23T20:32:04Z,2026-07-23,20260723T203146Z,e86f2ef5-7d1a-4a20-be7d-667c3b7221b6,,19563,0.0,19:29:21,20260723,69401,2337,1230170,19.4078311920166,-99.18388366699219,290.0,0.0,0.0,,,,1784838715,2026-07-23 14:31:55-06:00,,
metrobus,metrobus_vehicle_positions,2026-07-23T20:32:04Z,2026-07-23,20260723T203146Z,1ac94561-0a19-4f5e-9bab-787612965157,,19565,1.0,20:01:48,20260723,69400,2336,1230187,19.384197235107422,-99.07052612304688,982.0,28.0,100.8,,,,1784838716,2026-07-23 14:31:56-06:00,,
metrobus,metrobus_vehicle_positions,2026-07-23T20:32:04Z,2026-07-23,20260723T203146Z,3d933531-dae0-405b-a5e8-59e85bbf0aac,,19563,0.0,19:48:08,20260723,69399,2335,1230184,19.394916534423828,-99.14379119873047,277.0,17.0,61.2,,,,1784838708,2026-07-23 14:31:48-06:00,,
metrobus,metrobus_vehicle_positions,2026-07-23T20:32:04Z,2026-07-23,20260723T203146Z,6b7a76d3-98f5-4405-be94-f6d998422de3,,19576,0.0,20:02:45,20260723,69905,820,1280084,19.44170379638672,-99.14209747314453,226.0,8.0,28.8,,,,1784838713,2026-07-23 14:31:53-06:00,,
metrobus,metrobus_vehicle_positions,2026-07-23T20:32:04Z,2026-07-23,20260723T203146Z,a422a33a-7851-4e40-8f22-ee36557cce68,,19576,0.0,19:26:29,20260723,69906,821,1280085,19.42679214477539,-99.19795989990234,278.0,18.0,64.8,,,,1784838662,2026-07-23 14:31:02-06:00,,
metrobus,metrobus_vehicle_positions,2026-07-23T20:32:04Z,2026-07-23,20260723T203146Z,972ecae9-899c-46ad-80e2-fd518904fcc3,,19579,1.0,19:34:34,20260723,69907,822,1280086,19.48313331604004,-99.11937713623047,196.0,0.0,0.0,,,,1784838709,2026-07-23 14:31:49-06:00,,
metrobus,metrobus_vehicle_positions,2026-07-23T20:32:04Z,2026-07-23,20260723T203146Z,78924978-12c7-43e3-8c60-1a0a59d16f36,,,,,,69908,823,1280087,19.42646598815918,-99.16864776611328,643.0,0.0,0.0,,,,1784838713,2026-07-23 14:31:53-06:00,,
metrobus,metrobus_vehicle_positions,2026-07-23T20:32:04Z,2026-07-23,20260723T203146Z,dbcee073-35cd-44ba-972a-1cb0c9fcb468,,,,,,69909,824,1280088,19.507966995239258,-99.17205047607422,0.0,0.0,0.0,,,,1784794429,2026-07-23 02:13:49-06:00,,
metrobus,metrobus_vehicle_positions,2026-07-23T20:32:04Z,2026-07-23,20260723T203146Z,9c2ce779-7cc0-4c71-976a-79908467834a,,19583,1.0,19:52:48,20260723,69910,825,1280089,19.47566795349121,-99.12215423583984,199.0,2.0,7.2,,,,1784838718,2026-07-23 14:31:58-06:00,,
metrobus,metrobus_vehicle_positions,2026-07-23T20:32:04Z,2026-07-23,20260723T203146Z,48e058db-9ac3-4ab6-9511-cabfc2bfba4d,,,,,,69911,826,1280090,19.49500846862793,-99.09539794921875,195.0,30.0,108.0,,,,1784838718,2026-07-23 14:31:58-06:00,,
metrobus,metrobus_vehicle_positions,2026-07-23T20:32:04Z,2026-07-23,20260723T203146Z,c7143b93-4762-4e18-a851-ba5af8bec702,,19576,0.0,19:38:15,20260723,69912,827,1280091,19.424022674560547,-99.18064880371094,279.0,13.0,46.800000000000004,,,,1784838718,2026-07-23 14:31:58-06:00,,
metrobus,metrobus_vehicle_positions,2026-07-23T20:32:04Z,2026-07-23,20260723T203146Z,3133e80b-8c6c-4bd6-b2df-e2d65edd2a15,,,,,,69913,828,1280092,19.43404197692871,-99.15261840820312,65.0,0.0,0.0,,,,1784838719,2026-07-23 14:31:59-06:00,,
metrobus,metrobus_vehicle_positions,2026-07-23T20:32:04Z,2026-07-23,20260723T203146Z,07ae451e-7a18-4be2-ad51-40bc1203c357,,,,,,69914,829,1280093,19.424680709838867,-99.17228698730469,657.0,0.0,0.0,,,,1784838712,2026-07-23 14:31:52-06:00,,
metrobus,metrobus_vehicle_positions,2026-07-23T20:32:04Z,2026-07-23,20260723T203146Z,8a1f8b2f-b8cd-4f7f-8129-5d0c56c4e3b6,,,,,,69695,2353,1250032,19.3889217376709,-99.059814453125,840.0,0.0,0.0,,,,1784838707,2026-07-23 14:31:47-06:00,,
metrobus,metrobus_vehicle_positions,2026-07-23T20:32:04Z,2026-07-23,20260723T203146Z,f1504216-869c-474f-93aa-3d084203278c,,19500,1.0,19:33:05,20260723,69463,1022,1230063,19.420019149780273,-99.16400909423828,155.0,0.0,0.0,,,,1784838710,2026-07-23 14:31:50-06:00,,
metrobus,metrobus_vehicle_positions,2026-07-23T20:32:04Z,2026-07-23,20260723T203146Z,686b8db9-267e-4756-a646-dfaba4d50f41,,,,,,69968,1264,1230128,19.322778701782227,-99.17338562011719,162.0,0.0,0.0,,,,1784813197,2026-07-23 07:26:37-06:00,,
metrobus,metrobus_vehicle_positions,2026-07-23T20:32:04Z,2026-07-23,20260723T203146Z,52511315-cc45-46cf-ad0f-8f9a3f132b6a,,19493,1.0,19:32:37,20260723,69462,1021,1230062,19.434091567993164,-99.15824890136719,202.0,0.0,0.0,,,,1784838711,2026-07-23 14:31:51-06:00,,
metrobus,metrobus_vehicle_positions,2026-07-23T20:32:04Z,2026-07-23,20260723T203146Z,f32150df-107d-42f3-a8e9-300f67911648,,,,,,69694,2352,1250128,19.38844871520996,-99.05970764160156,0.0,0.0,0.0,,,,1783664078,2026-07-10 00:14:38-06:00,,
metrobus,metrobus_vehicle_positions,2026-07-23T20:32:04Z,2026-07-23,20260723T203146Z,2981347d-4052-4c0f-9286-4d7d1f45824d,,19498,1.0,19:48:05,20260723,69967,1263,1230127,19.38408660888672,-99.17550659179688,168.0,30.0,108.0,,,,1784838706,2026-07-23 14:31:46-06:00,,
metrobus,metrobus_vehicle_positions,2026-07-23T20:32:04Z,2026-07-23,20260723T203146Z,07c71511-5e9f-4e82-af80-468367adeebb,,19983,1.0,19:33:54,20260723,69693,2351,EXTRAVIADA,19.396869659423828,-99.10000610351562,924.0,0.0,0.0,,,,1784838714,2026-07-23 14:31:54-06:00,,
metrobus,metrobus_vehicle_positions,2026-07-23T20:32:04Z,2026-07-23,20260723T203146Z,68d02f29-502b-45d9-8022-c3eb2eee9425,,19498,1.0,19:39:01,20260723,69461,1020,1230061,19.4057674407959,-99.16853332519531,171.0,0.0,0.0,,,,1784838720,2026-07-23 14:32:00-06:00,,
metrobus,metrobus_vehicle_positions,2026-07-23T20:32:04Z,2026-07-23,20260723T203146Z,48ae7b71-ea78-4191-bb47-50f8fc4de856,,19498,1.0,20:07:34,20260723,69966,1262,1230123,19.350177764892578,-99.18658447265625,172.0,0.0,0.0,,,,1784838716,2026-07-23 14:31:56-06:00,,
metrobus,metrobus_vehicle_positions,2026-07-23T20:32:04Z,2026-07-23,20260723T203146Z,41c88aed-3e5b-42a7-be19-790f0669bee2,,19567,1.0,20:19:19,20260723,70111,2350,1250010,19.400741577148438,-99.16801452636719,167.0,0.0,0.0,,,,1784838713,2026-07-23 14:31:53-06:00,,
metrobus,metrobus_vehicle_positions,2026-07-23T20:32:04Z,2026-07-23,20260723T203146Z,79101d32-bc3c-4ba0-8657-68dd3a74c6aa,,,,,,69965,1261,1230116,0.0,0.0,0.0,0.0,0.0,,,,1784837712,2026-07-23 14:15:12-06:00,,
metrobus,metrobus_vehicle_positions,2026-07-23T20:32:04Z,2026-07-23,20260723T203146Z,664397cd-6c00-411e-aba7-e3bbf8c5cc09,,19499,0.0,20:00:27,20260723,69964,1260,1230143,19.44095230102539,-99.15520477294922,203.0,9.0,32.4,,,,1784838710,2026-07-23 14:31:50-06:00,,
metrobus,metrobus_vehicle_positions,2026-07-23T20:32:04Z,2026-07-23,20260723T203146Z,cc74bc11-175f-461b-947c-23331018cfe9,,19497,0.0,19:45:21,20260723,69460,1019,1230060,19.36347770690918,-99.18236541748047,196.0,0.0,0.0,,,,1784838711,2026-07-23 14:31:51-06:00,,
metrobus,metrobus_vehicle_positions,2026-07-23T20:32:04Z,2026-07-23,20260723T203146Z,da619dab-6f51-4916-8703-ace400345bdd,,19498,1.0,19:51:31,20260723,69459,1018,1230059,19.38201332092285,-99.17623138427734,171.0,22.0,79.2,,,,1784838717,2026-07-23 14:31:57-06:00,,
metrobus,metrobus_vehicle_positions,2026-07-23T20:32:04Z,2026-07-23,20260723T203146Z,46269ed5-4727-452e-a7a8-aeffbb38ac25,,19564,0.0,16:55:23,20260723,70110,2349,1250027,19.389816284179688,-99.04911041259766,210.0,33.0,118.8,,,,1784825753,2026-07-23 10:55:53-06:00,,
metrobus,metrobus_vehicle_positions,2026-07-23T20:32:04Z,2026-07-23,20260723T203146Z,5ea1e27c-c152-44db-8aef-098dac2767ad,,19566,0.0,19:35:25,20260723,70109,2348,1250026,19.403564453125,-99.16879272460938,314.0,31.0,111.60000000000001,,,,1784838715,2026-07-23 14:31:55-06:00,,
metrobus,metrobus_vehicle_positions,2026-07-23T20:32:04Z,2026-07-23,20260723T203146Z,7a566111-6574-421b-96b8-00c210901d8b,,19497,0.0,19:29:40,20260723,69963,1259,1230142,19.30797004699707,-99.18666076660156,173.0,48.0,172.8,,,,1784838716,2026-07-23 14:31:56-06:00,,
metrobus,metrobus_vehicle_positions,2026-07-23T20:32:04Z,2026-07-23,20260723T203146Z,478ae6ba-dfd5-41d1-a2b0-9d12446569e2,,19567,1.0,19:28:09,20260723,70108,2347,1250025,19.39110565185547,-99.04666137695312,121.0,18.0,64.8,,,,1784838716,2026-07-23 14:31:56-06:00,,
metrobus,metrobus_vehicle_positions,2026-07-23T20:32:04Z,2026-07-23,20260723T203146Z,82f410b1-12ab-488c-a04d-ea52d398d6d5,,19500,1.0,20:21:52,20260723,69962,1258,1230141,19.28923988342285,-99.17410278320312,204.0,45.0,162.0,,,,1784838714,2026-07-23 14:31:54-06:00,,
metrobus,metrobus_vehicle_positions,2026-07-23T20:32:04Z,2026-07-23,20260723T203146Z,03929e4f-ec60-44b2-b785-9820f0c7ade2,,19563,0.0,19:29:37,20260723,70107,2346,1250024,19.40791893005371,-99.18716430664062,271.0,19.0,68.4,,,,1784838713,2026-07-23 14:31:53-06:00,,
metrobus,metrobus_vehicle_positions,2026-07-23T20:32:04Z,2026-07-23,20260723T203146Z,bf71e287-6d99-4eb1-9fb7-a53df8fb1a7a,,19498,1.0,19:56:51,20260723,69961,1257,1230132,19.3690128326416,-99.18045043945312,171.0,0.0,0.0,,,,1784838706,2026-07-23 14:31:46-06:00,,
metrobus,metrobus_vehicle_positions,2026-07-23T20:32:04Z,2026-07-23,20260723T203146Z,a455cdd2-d823-42c5-ad24-55c3b1a0488c,,,,,,70002,1015,1210367,19.497982025146484,-99.11947631835938,0.0,0.0,0.0,,,,1784818066,2026-07-23 08:47:46-06:00,,
metrobus,metrobus_vehicle_positions,2026-07-23T20:32:04Z,2026-07-23,20260723T203146Z,d6b8ce9c-1d44-45fd-b763-15ee557fd60f,,19499,0.0,20:26:03,20260723,69960,1256,1230130,19.471811294555664,-99.13654327392578,221.0,51.0,183.6,,,,1784838710,2026-07-23 14:31:50-06:00,,
metrobus,metrobus_vehicle_positions,2026-07-23T20:32:04Z,2026-07-23,20260723T203146Z,76501724-ed48-4671-a777-e73de2183154,,,,,,69915,830,1280094,19.491931915283203,-99.1200180053711,324.0,0.0,0.0,,,,1784805821,2026-07-23 05:23:41-06:00,,
metrobus,metrobus_vehicle_positions,2026-07-23T20:32:04Z,2026-07-23,20260723T203146Z,d6da87ba-48cd-4bb3-b5d3-89b90d966892,,,,,,70079,2345,1250022,19.3865909576416,-99.05987548828125,0.0,0.0,0.0,,,,1784838703,2026-07-23 14:31:43-06:00,,
metrobus,metrobus_vehicle_positions,2026-07-23T20:32:04Z,2026-07-23,20260723T203146Z,37d36efa-4f02-4047-82d0-2bcfa023c824,,,,,,70078,2344,1250023,19.386598587036133,-99.05996704101562,0.0,0.0,0.0,,,,1784577050,2026-07-20 13:50:50-06:00,,
metrobus,metrobus_vehicle_positions,2026-07-23T20:32:04Z,2026-07-23,20260723T203146Z,b684aa82-b9bb-4f94-aa3d-eadc4639ebcf,,19499,0.0,19:42:19,20260723,69959,1255,1230125,19.37471580505371,-99.17869567871094,196.0,2.0,7.2,,,,1784838708,2026-07-23 14:31:48-06:00,,
metrobus,metrobus_vehicle_positions,2026-07-23T20:32:04Z,2026-07-23,20260723T203146Z,d836b912-b49a-4406-9054-a02a32c1a2a7,,,,,,69916,831,1280095,19.508258819580078,-99.17233276367188,0.0,0.0,0.0,,,,1783982889,2026-07-13 16:48:09-06:00,,
metrobus,metrobus_vehicle_positions,2026-07-23T20:32:04Z,2026-07-23,20260723T203146Z,01ba1fde-1df0-4003-954f-eb4c49b798da,,19562,1.0,20:17:44,20260723,70077,2343,1250021,19.397117614746094,-99.16487121582031,113.0,0.0,0.0,,,,1784838716,2026-07-23 14:31:56-06:00,,
metrobus,metrobus_vehicle_positions,2026-07-23T20:32:04Z,2026-07-23,20260723T203146Z,35dfe543-eaab-4111-b15d-02c18f12ec39,,19577,1.0,20:05:18,20260723,69917,832,1280096,19.43106460571289,-99.15856170654297,526.0,0.0,0.0,,,,1784838713,2026-07-23 14:31:53-06:00,,
metrobus,metrobus_vehicle_positions,2026-07-23T20:32:04Z,2026-07-23,20260723T203146Z,7d8912fd-fc0d-4d66-8cf5-540919330fe7,,19500,1.0,19:14:13,20260723,69958,1254,1230124,19.460838317871094,-99.14541625976562,368.0,38.0,136.8,,,,1784838711,2026-07-23 14:31:51-06:00,,
metrobus,metrobus_vehicle_positions,2026-07-23T20:32:04Z,2026-07-23,20260723T203146Z,7d17ef6c-824a-4063-adb5-6745eacc197f,,,,,,69918,833,1280097,19.507938385009766,-99.17214965820312,0.0,0.0,0.0,,,,1784796152,2026-07-23 02:42:32-06:00,,
metrobus,metrobus_vehicle_positions,2026-07-23T20:32:04Z,2026-07-23,20260723T203146Z,0ee5426e-4520-4224-972c-f83f45a3f934,,,,,,69919,834,1280098,19.424732208251953,-99.18428039550781,280.0,0.0,0.0,,,,1784838715,2026-07-23 14:31:55-06:00,,
metrobus,metrobus_vehicle_positions,2026-07-23T20:32:04Z,2026-07-23,20260723T203146Z,15efde31-2926-4d4e-bf4f-f3e924a26bc8,,19579,1.0,20:24:13,20260723,69920,835,1280099,19.423704147338867,-99.17469024658203,633.0,0.0,0.0,,,,1784838709,2026-07-23 14:31:49-06:00,,
metrobus,metrobus_vehicle_positions,2026-07-23T20:32:04Z,2026-07-23,20260723T203146Z,ee071534-9757-4493-9416-5f1f54d7b772,,19576,0.0,19:58:26,20260723,69921,836,1280100,19.441619873046875,-99.1421890258789,227.0,0.0,0.0,,,,1784838710,2026-07-23 14:31:50-06:00,,
metrobus,metrobus_vehicle_positions,2026-07-23T20:32:04Z,2026-07-23,20260723T203146Z,1258a5cc-3379-47e8-a618-1b4b6f1c6e3d,,19576,0.0,20:25:00,20260723,69922,837,1280101,19.478952407836914,-99.1209716796875,201.0,0.0,0.0,,,,1784838707,2026-07-23 14:31:47-06:00,,
metrobus,metrobus_vehicle_positions,2026-07-23T20:32:04Z,2026-07-23,20260723T203146Z,607b6b47-edac-4a3f-8cba-83238061c0a9,,,,,,69923,838,1280152,19.508331298828125,-99.17280578613281,0.0,0.0,0.0,,,,1784820555,2026-07-23 09:29:15-06:00,,
metrobus,metrobus_vehicle_positions,2026-07-23T20:32:04Z,2026-07-23,20260723T203146Z,abd5785f-c7b8-4e86-96cc-051e9e0c3aa6,,,,,,69924,839,1280153,19.507780075073242,-99.1724624633789,285.0,7.0,25.2,,,,1784838715,2026-07-23 14:31:55-06:00,,
metrobus,metrobus_vehicle_positions,2026-07-23T20:32:04Z,2026-07-23,20260723T203146Z,9ec3b56b-99a5-4be2-af9a-caa8db56cce3,,19499,0.0,19:49:51,20260723,69474,1033,1230074,19.39383316040039,-99.17259979248047,196.0,25.0,90.0,,,,1784838715,2026-07-23 14:31:55-06:00,,
metrobus,metrobus_vehicle_positions,2026-07-23T20:32:04Z,2026-07-23,20260723T203146Z,2abe77b0-5880-4898-9f7f-20da3cb6ec1b,,19566,0.0,19:43:21,20260723,69706,2364,1250137,19.395734786987305,-99.1527099609375,274.0,26.0,93.60000000000001,,,,1784838713,2026-07-23 14:31:53-06:00,,
metrobus,metrobus_vehicle_positions,2026-07-23T20:32:04Z,2026-07-23,20260723T203146Z,190e5d40-230e-4d4b-9f0e-c19aa331f642,,19566,0.0,20:00:52,20260723,69705,2363,1250121,19.396549224853516,-99.0956039428711,277.0,0.0,0.0,,,,1784838616,2026-07-23 14:30:16-06:00,,
metrobus,metrobus_vehicle_positions,2026-07-23T20:32:04Z,2026-07-23,20260723T203146Z,ead1e25c-4ecf-4c39-bfe8-28c3520ec5be,,19497,0.0,19:35:28,20260723,69473,1032,1230073,19.353681564331055,-99.18555450439453,196.0,24.0,86.4,,,,1784838715,2026-07-23 14:31:55-06:00,,
metrobus,metrobus_vehicle_positions,2026-07-23T20:32:04Z,2026-07-23,20260723T203146Z,fa2dc537-2eac-4293-a93e-3e06ee148617,,19564,0.0,19:59:39,20260723,69704,2362,1250120,19.397249221801758,-99.10359954833984,280.0,28.0,100.8,,,,1784838710,2026-07-23 14:31:50-06:00,,
metrobus,metrobus_vehicle_positions,2026-07-23T20:32:04Z,2026-07-23,20260723T203146Z,2660e319-d1b4-436f-967a-8d37ddc9ea1f,,19494,0.0,20:06:11,20260723,69472,1031,1230072,19.427907943725586,-99.16110229492188,201.0,0.0,0.0,,,,1784838708,2026-07-23 14:31:48-06:00,,
metrobus,metrobus_vehicle_positions,2026-07-23T20:32:04Z,2026-07-23,20260723T203146Z,41bd2fd6-a8e5-419d-ad0a-e3d996de3464,,,,,,69703,2361,1250033,19.389564514160156,-99.05926513671875,730.0,0.0,0.0,,,,1784838718,2026-07-23 14:31:58-06:00,,
metrobus,metrobus_vehicle_positions,2026-07-23T20:32:04Z,2026-07-23,20260723T203146Z,25423472-bb9b-4beb-9ce6-a4a5a95fd2e9,,,,,,69471,1030,1230071,19.340972900390625,-99.19004821777344,198.0,0.0,0.0,,,,1784838708,2026-07-23 14:31:48-06:00,,
metrobus,metrobus_vehicle_positions,2026-07-23T20:32:04Z,2026-07-23,20260723T203146Z,b6b70e49-0ef5-48a8-9876-0903f7f7adac,,19564,0.0,20:16:04,20260723,69702,2360,1250136,19.38636016845703,-99.07177734375,298.0,33.0,118.8,,,,1784838714,2026-07-23 14:31:54-06:00,,
metrobus,metrobus_vehicle_positions,2026-07-23T20:32:04Z,2026-07-23,20260723T203146Z,8e43c063-153a-4d1f-9588-c437dcbf0ce5,,19497,0.0,20:18:38,20260723,69470,1029,1230070,19.42280387878418,-99.16339874267578,174.0,12.0,43.2,,,,1784838717,2026-07-23 14:31:57-06:00,,
metrobus,metrobus_vehicle_positions,2026-07-23T20:32:04Z,2026-07-23,20260723T203146Z,d55787c2-5364-44bd-9b68-2e17a2543569,,19500,1.0,20:12:39,20260723,69469,1028,1230069,19.33869743347168,-99.1903305053711,349.0,32.0,115.2,,,,1784838719,2026-07-23 14:31:59-06:00,,
metrobus,metrobus_vehicle_positions,2026-07-23T20:32:04Z,2026-07-23,20260723T203146Z,f5cfb97b-1612-481f-bc1d-3e2dfac27dd2,,19563,0.0,19:23:28,20260723,69701,2359,1250135,19.407512664794922,-99.18975830078125,155.0,16.0,57.6,,,,1784838704,2026-07-23 14:31:44-06:00,,
metrobus,metrobus_vehicle_positions,2026-07-23T20:32:04Z,2026-07-23,20260723T203146Z,e7b9cb97-f3e3-4364-8a58-959e6d574ecc,,19497,0.0,19:50:58,20260723,69468,1027,1230068,19.373607635498047,-99.17908477783203,197.0,0.0,0.0,,,,1784838714,2026-07-23 14:31:54-06:00,,
metrobus,metrobus_vehicle_positions,2026-07-23T20:32:04Z,2026-07-23,20260723T203146Z,c9641e84-0b2e-4a05-a1c2-561fa7081eb3,,19983,1.0,19:58:40,20260723,69700,2358,1250133,19.39674186706543,-99.16337585449219,103.0,0.0,0.0,,,,1784838710,2026-07-23 14:31:50-06:00,,
metrobus,metrobus_vehicle_positions,2026-07-23T20:32:04Z,2026-07-23,20260723T203146Z,23d70947-5266-421a-8985-79c9294abd68,,,,,,69467,1026,1230067,19.499149322509766,-99.1194076538086,0.0,0.0,0.0,,,,1784838712,2026-07-23 14:31:52-06:00,,
metrobus,metrobus_vehicle_positions,2026-07-23T20:32:04Z,2026-07-23,20260723T203146Z,79e79fd4-3028-40cf-8c95-b18ab9ff9a5f,,19582,0.0,20:02:58,20260723,69925,840,1280154,19.446521759033203,-99.13674926757812,226.0,0.0,0.0,,,,1784838710,2026-07-23 14:31:50-06:00,,
metrobus,metrobus_vehicle_positions,2026-07-23T20:32:04Z,2026-07-23,20260723T203146Z,f0f8046e-9700-4c73-bdd2-897f3c8715cf,,,,,,69699,2357,1250129,19.388601303100586,-99.05948638916016,0.0,0.0,0.0,,,,1784838011,2026-07-23 14:20:11-06:00,,
metrobus,metrobus_vehicle_positions,2026-07-23T20:32:04Z,2026-07-23,20260723T203146Z,2591f88b-a7bf-4e6e-b2f4-14249830dccf,,19579,1.0,17:36:01,20260723,69926,841,1280155,19.482749938964844,-99.11505126953125,112.0,43.0,154.8,,,,1784838709,2026-07-23 14:31:49-06:00,,
metrobus,metrobus_vehicle_positions,2026-07-23T20:32:04Z,2026-07-23,20260723T203146Z,6752d209-14ac-4baf-b848-3466170a1b1b,,19567,1.0,20:31:05,20260723,69698,2356,1250132,19.38969612121582,-99.1737289428711,165.0,0.0,0.0,,,,1784838710,2026-07-23 14:31:50-06:00,,
metrobus,metrobus_vehicle_positions,2026-07-23T20:32:04Z,2026-07-23,20260723T203146Z,e0ec7b33-6caa-4ac8-9144-cf102ca64291,,,,,,69466,1025,1230066,19.499868392944336,-99.11943817138672,0.0,0.0,0.0,,,,1784838094,2026-07-23 14:21:34-06:00,,
metrobus,metrobus_vehicle_positions,2026-07-23T20:32:04Z,2026-07-23,20260723T203146Z,55db8d7a-0df3-44c4-816f-c55bdb69cb76,,19499,0.0,19:32:09,20260723,69971,1267,1230131,19.361295700073242,-99.18310546875,196.0,17.0,61.2,,,,1784838719,2026-07-23 14:31:59-06:00,,
metrobus,metrobus_vehicle_positions,2026-07-23T20:32:04Z,2026-07-23,20260723T203146Z,46a2cbb9-5e52-4d72-8433-80687fbe9096,,19500,1.0,20:08:01,20260723,69970,1266,1230113,19.346900939941406,-99.1876220703125,198.0,0.0,0.0,,,,1784838712,2026-07-23 14:31:52-06:00,,
metrobus,metrobus_vehicle_positions,2026-07-23T20:32:04Z,2026-07-23,20260723T203146Z,1f15c7a7-14c2-4fa6-8892-999ecde7461d,,19576,0.0,20:18:55,20260723,69927,842,1280156,19.46848487854004,-99.12494659423828,199.0,11.0,39.6,,,,1784838719,2026-07-23 14:31:59-06:00,,
metrobus,metrobus_vehicle_positions,2026-07-23T20:32:04Z,2026-07-23,20260723T203146Z,8e9a0fe0-e0f1-4baf-95e2-629b2f7920c0,,19498,1.0,19:59:50,20260723,69465,1024,1230065,19.365192413330078,-99.1816635131836,163.0,0.0,0.0,,,,1784838717,2026-07-23 14:31:57-06:00,,
metrobus,metrobus_vehicle_positions,2026-07-23T20:32:04Z,2026-07-23,20260723T203146Z,00755b09-972e-4dda-9708-1552775c6dcc,,19566,0.0,20:03:42,20260723,69697,2355,1250131,19.391029357910156,-99.08607482910156,305.0,36.0,129.6,,,,1784838709,2026-07-23 14:31:49-06:00,,
metrobus,metrobus_vehicle_positions,2026-07-23T20:32:04Z,2026-07-23,20260723T203146Z,ef88500f-a9c3-4d48-9f18-07d976131575,,19566,0.0,20:23:02,20260723,69696,2354,1250130,19.389856338500977,-99.0595703125,262.0,0.0,0.0,,,,1784838709,2026-07-23 14:31:49-06:00,,
metrobus,metrobus_vehicle_positions,2026-07-23T20:32:04Z,2026-07-23,20260723T203146Z,b3ac8319-3868-4f26-ba93-af4e7cf2e3f1,,19558,1.0,20:02:50,20260723,69544,601,1280001,19.352767944335938,-99.11054229736328,430.0,39.0,140.4,,,,1784838718,2026-07-23 14:31:58-06:00,,
metrobus,metrobus_vehicle_positions,2026-07-23T20:32:04Z,2026-07-23,20260723T203146Z,6a244f7d-e41f-43af-863f-776590a107a1,,19493,1.0,20:25:10,20260723,69464,1023,1230064,19.440526962280273,-99.15528106689453,224.0,0.0,0.0,,,,1784838717,2026-07-23 14:31:57-06:00,,
metrobus,metrobus_vehicle_positions,2026-07-23T20:32:04Z,2026-07-23,20260723T203146Z,72b116e6-e77a-4de5-85d1-6bcc426b3941,,19577,1.0,19:23:28,20260723,69928,843,1280157,19.491191864013672,-99.11957550048828,313.0,0.0,0.0,,,,1784838721,2026-07-23 14:32:01-06:00,,
metrobus,metrobus_vehicle_positions,2026-07-23T20:32:04Z,2026-07-23,20260723T203146Z,0dd6b319-2c1c-449a-8c00-8ec5eaaf9b08,,,,,,69545,602,1280002,19.31109619140625,-99.11083221435547,192.0,0.0,0.0,,,,1784838715,2026-07-23 14:31:55-06:00,,
metrobus,metrobus_vehicle_positions,2026-07-23T20:32:04Z,2026-07-23,20260723T203146Z,9a55093b-9700-4e9f-a291-ca2dce346230,,19577,1.0,20:22:03,20260723,69929,844,1280158,19.423782348632812,-99.17435455322266,666.0,0.0,0.0,,,,1784838711,2026-07-23 14:31:51-06:00,,
metrobus,metrobus_vehicle_positions,2026-07-23T20:32:04Z,2026-07-23,20260723T203146Z,65f84e9b-d5f4-4caf-9fce-bd7322941475,,,,,,69930,845,1280159,19.50821876525879,-99.17251586914062,0.0,0.0,0.0,,,,1784540061,2026-07-20 03:34:21-06:00,,
metrobus,metrobus_vehicle_positions,2026-07-23T20:32:04Z,2026-07-23,20260723T203146Z,11a63dbf-16c8-4278-8934-13f957fe4af1,,19558,1.0,20:22:44,20260723,69546,603,1280003,19.29429817199707,-99.11463165283203,780.0,0.0,0.0,,,,1784838706,2026-07-23 14:31:46-06:00,,
metrobus,metrobus_vehicle_positions,2026-07-23T20:32:04Z,2026-07-23,20260723T203146Z,21550baf-36df-4de8-a2d9-8163d7f01e93,,,,,,69931,846,1280160,19.508060455322266,-99.17213439941406,0.0,0.0,0.0,,,,1784827893,2026-07-23 11:31:33-06:00,,
metrobus,metrobus_vehicle_positions,2026-07-23T20:32:04Z,2026-07-23,20260723T203146Z,3accee92-ea8c-440b-abe8-f8c381f3d6f4,,19559,0.0,19:26:39,20260723,69548,605,1280005,19.306167602539062,-99.11201477050781,193.0,0.0,0.0,,,,1784838716,2026-07-23 14:31:56-06:00,,
metrobus,metrobus_vehicle_positions,2026-07-23T20:32:04Z,2026-07-23,20260723T203146Z,c1635fed-ff44-47dc-bbbb-230ad5021421,,,,,,69933,848,1280162,19.439767837524414,-99.14385223388672,493.0,0.0,0.0,,,,1784838707,2026-07-23 14:31:47-06:00,,
metrobus,metrobus_vehicle_positions,2026-07-23T20:32:04Z,2026-07-23,20260723T203146Z,5372fba8-eae2-4897-89bc-57854956ab87,,19559,0.0,19:40:00,20260723,69549,606,1280006,19.36394691467285,-99.10972595214844,192.0,40.0,144.0,,,,1784838715,2026-07-23 14:31:55-06:00,,
metrobus,metrobus_vehicle_positions,2026-07-23T20:32:04Z,2026-07-23,20260723T203146Z,b4c7592f-e4f5-4ad2-a100-94ebf2956da7,,20211,0.0,19:45:21,20260723,69550,607,1280007,19.370393753051758,-99.10824584960938,189.0,42.0,151.20000000000002,,,,1784838708,2026-07-23 14:31:48-06:00,,
metrobus,metrobus_vehicle_positions,2026-07-23T20:32:04Z,2026-07-23,20260723T203146Z,83a0963e-0b06-4b98-a768-daad2f902fdf,,19558,1.0,18:37:01,20260723,69552,609,1280009,19.379518508911133,-99.10950469970703,340.0,0.0,0.0,,,,1784835881,2026-07-23 13:44:41-06:00,,
metrobus,metrobus_vehicle_positions,2026-07-23T20:32:04Z,2026-07-23,20260723T203146Z,137d4dd5-ede9-470c-90e1-64032af8fe4a,,19563,0.0,19:44:05,20260723,69717,2375,1250118,19.39535140991211,-99.14727783203125,269.0,22.0,79.2,,,,1784838707,2026-07-23 14:31:47-06:00,,
metrobus,metrobus_vehicle_positions,2026-07-23T20:32:04Z,2026-07-23,20260723T203146Z,c73d75d3-4f86-4a57-9731-55f1079a7f54,,19499,0.0,19:29:31,20260723,69485,1044,1230085,19.357683181762695,-99.18424987792969,196.0,29.0,104.4,,,,1784838721,2026-07-23 14:32:01-06:00,,
metrobus,metrobus_vehicle_positions,2026-07-23T20:32:04Z,2026-07-23,20260723T203146Z,51ca055e-7535-4834-8428-245fdd2d2a40,,,,,,69716,2374,1250039,19.388803482055664,-99.05931854248047,0.0,0.0,0.0,,,,1784838710,2026-07-23 14:31:50-06:00,,
metrobus,metrobus_vehicle_positions,2026-07-23T20:32:04Z,2026-07-23,20260723T203146Z,f9cb93d2-7069-4acd-b3c2-3ab5c3456714,,19491,1.0,19:38:40,20260723,69484,1043,1230084,19.442184448242188,-99.15461730957031,119.0,35.0,126.0,,,,1784838714,2026-07-23 14:31:54-06:00,,
metrobus,metrobus_vehicle_positions,2026-07-23T20:32:04Z,2026-07-23,20260723T203146Z,04481f25-bc54-4c59-9deb-50be4117316b,,19498,1.0,19:17:10,20260723,69483,1042,1230083,19.443225860595703,-99.15440368652344,115.0,16.0,57.6,,,,1784838719,2026-07-23 14:31:59-06:00,,
metrobus,metrobus_vehicle_positions,2026-07-23T20:32:04Z,2026-07-23,20260723T203146Z,d63326c2-d90b-42c3-939b-1be4b874aa76,,19567,1.0,19:40:07,20260723,69715,2373,1250038,19.382802963256836,-99.06230926513672,100.0,38.0,136.8,,,,1784838710,2026-07-23 14:31:50-06:00,,
metrobus,metrobus_vehicle_positions,2026-07-23T20:32:04Z,2026-07-23,20260723T203146Z,4f4fb013-124d-4011-ab66-4615b2e9cac4,,19567,1.0,20:16:40,20260723,69714,2372,1250037,19.396066665649414,-99.15808868408203,941.0,40.0,144.0,,,,1784838704,2026-07-23 14:31:44-06:00,,
metrobus,metrobus_vehicle_positions,2026-07-23T20:32:04Z,2026-07-23,20260723T203146Z,55708cc8-b929-4ba9-a195-66b8e51384d9,,19491,1.0,19:59:48,20260723,69482,1041,1230082,19.407745361328125,-99.16787719726562,173.0,0.0,0.0,,,,1784838716,2026-07-23 14:31:56-06:00,,
metrobus,metrobus_vehicle_positions,2026-07-23T20:32:04Z,2026-07-23,20260723T203146Z,19092e6a-5b8b-4949-a5d3-420a70cd8468,,19566,0.0,20:31:03,20260723,69713,2371,1250036,19.389572143554688,-99.04924774169922,208.0,27.0,97.2,,,,1784838708,2026-07-23 14:31:48-06:00,,
metrobus,metrobus_vehicle_positions,2026-07-23T20:32:04Z,2026-07-23,20260723T203146Z,4c6376b7-2736-4f1e-a6dd-9a0662eb5b5f,,,,,,69481,1040,1230081,19.497608184814453,-99.11963653564453,147.0,16.0,57.6,,,,1784838713,2026-07-23 14:31:53-06:00,,
metrobus,metrobus_vehicle_positions,2026-07-23T20:32:04Z,2026-07-23,20260723T203146Z,c4661a31-9f11-4bcf-9379-1d256695e9e5,,19562,1.0,20:02:12,20260723,69712,2370,1250035,19.398273468017578,-99.11647033691406,881.0,0.0,0.0,,,,1784838708,2026-07-23 14:31:48-06:00,,
metrobus,metrobus_vehicle_positions,2026-07-23T20:32:04Z,2026-07-23,20260723T203146Z,5f8fe2da-357b-4376-99b3-adfba846f973,,19497,0.0,20:12:40,20260723,69480,1039,1230080,19.40724754333496,-99.16818237304688,198.0,0.0,0.0,,,,1784838713,2026-07-23 14:31:53-06:00,,
metrobus,metrobus_vehicle_positions,2026-07-23T20:32:04Z,2026-07-23,20260723T203146Z,d31343b0-457b-4e3f-a34b-9021aa0bf189,,19500,1.0,19:27:39,20260723,69479,1038,1230079,19.430505752563477,-99.15985107421875,265.0,0.0,0.0,,,,1784838715,2026-07-23 14:31:55-06:00,,
metrobus,metrobus_vehicle_positions,2026-07-23T20:32:04Z,2026-07-23,20260723T203146Z,d1f11255-998a-479c-8b58-15ebca8674bc,,19563,0.0,20:10:18,20260723,69711,2369,1250034,19.384769439697266,-99.07662963867188,306.0,16.0,57.6,,,,1784838714,2026-07-23 14:31:54-06:00,,
metrobus,metrobus_vehicle_positions,2026-07-23T20:32:04Z,2026-07-23,20260723T203146Z,6bf66447-2972-4c5c-aa83-d78d0d8e02e3,,19566,0.0,20:25:23,20260723,69710,2368,ConPermisovencido,19.389814376831055,-99.05931854248047,293.0,0.0,0.0,,,,1784838715,2026-07-23 14:31:55-06:00,,
metrobus,metrobus_vehicle_positions,2026-07-23T20:32:04Z,2026-07-23,20260723T203146Z,03251984-a71c-4a27-8d35-4eaadb06e409,,,,,,69478,1037,1230078,19.44637107849121,-99.15179443359375,285.0,0.0,0.0,,,,1784838714,2026-07-23 14:31:54-06:00,,
metrobus,metrobus_vehicle_positions,2026-07-23T20:32:04Z,2026-07-23,20260723T203146Z,ee3720be-5bac-4acf-b53e-04de71590b5d,,19565,1.0,20:26:06,20260723,69709,2367,ConPermisovencido,19.394067764282227,-99.1384506225586,989.0,52.0,187.20000000000002,,,,1784838712,2026-07-23 14:31:52-06:00,,
metrobus,metrobus_vehicle_positions,2026-07-23T20:32:04Z,2026-07-23,20260723T203146Z,564e52b0-4ff2-402e-a415-b0482f7f54e7,,19492,0.0,20:30:23,20260723,69477,1036,1230077,19.496679306030273,-99.12020874023438,946.0,0.0,0.0,,,,1784838710,2026-07-23 14:31:50-06:00,,
metrobus,metrobus_vehicle_positions,2026-07-23T20:32:04Z,2026-07-23,20260723T203146Z,a2965318-c664-4d4a-857b-d190bc4b4c35,,19498,1.0,20:04:40,20260723,69476,1035,1230076,19.351137161254883,-99.18624877929688,17.0,0.0,0.0,,,,1784838718,2026-07-23 14:31:58-06:00,,
metrobus,metrobus_vehicle_positions,2026-07-23T20:32:04Z,2026-07-23,20260723T203146Z,d9dd7efc-457d-44ca-914e-9f32bbcb51ec,,,,,,69554,611,1280011,19.48728370666504,-99.09303283691406,248.0,0.0,0.0,,,,1784837815,2026-07-23 14:16:55-06:00,,
metrobus,metrobus_vehicle_positions,2026-07-23T20:32:04Z,2026-07-23,20260723T203146Z,e277a8fb-3441-4356-95a7-08602cc5c71b,,19984,0.0,20:26:28,20260723,69708,2366,1250040,19.39455223083496,-99.09121704101562,304.0,21.0,75.60000000000001,,,,1784838719,2026-07-23 14:31:59-06:00,,
metrobus,metrobus_vehicle_positions,2026-07-23T20:32:04Z,2026-07-23,20260723T203146Z,17872dac-4082-4605-9798-2de6b24faf7a,,19559,0.0,20:05:05,20260723,69555,612,1280012,19.430967330932617,-99.11528778076172,188.0,0.0,0.0,,,,1784838706,2026-07-23 14:31:46-06:00,,
metrobus,metrobus_vehicle_positions,2026-07-23T20:32:04Z,2026-07-23,20260723T203146Z,a9a58a4c-e0e0-4a65-b42e-b9e5510d612c,,19566,0.0,18:03:15,20260723,69707,2365,1250116,19.388914108276367,-99.05919647216797,320.0,0.0,0.0,,,,1784831060,2026-07-23 12:24:20-06:00,,
metrobus,metrobus_vehicle_positions,2026-07-23T20:32:04Z,2026-07-23,20260723T203146Z,8ee29e9b-536e-4b97-821a-ccfe4531f8c1,,19492,0.0,20:19:18,20260723,69475,1034,1230075,19.446941375732422,-99.15318298339844,189.0,11.0,39.6,,,,1784838711,2026-07-23 14:31:51-06:00,,
metrobus,metrobus_vehicle_positions,2026-07-23T20:32:04Z,2026-07-23,20260723T203146Z,5c96821c-a1e4-4ef8-a26d-a5f663c29df0,,,,,,69557,614,1280014,19.451929092407227,-99.1092529296875,198.0,41.0,147.6,,,,1784838708,2026-07-23 14:31:48-06:00,,
metrobus,metrobus_vehicle_positions,2026-07-23T20:32:04Z,2026-07-23,20260723T203146Z,92320328-3da5-49dc-98a6-b4f3d0600ff7,,19559,0.0,19:32:56,20260723,69559,616,1280016,19.31317901611328,-99.11046600341797,177.0,53.0,190.8,,,,1784838716,2026-07-23 14:31:56-06:00,,
metrobus,metrobus_vehicle_positions,2026-07-23T20:32:04Z,2026-07-23,20260723T203146Z,7f969620-4c80-49bf-8f2b-b42eacae0c65,,20295,0.0,19:35:53,20260723,69561,618,1280018,19.374361038208008,-99.16041564941406,193.0,0.0,0.0,,,,1784838712,2026-07-23 14:31:52-06:00,,
metrobus,metrobus_vehicle_positions,2026-07-23T20:32:04Z,2026-07-23,20260723T203146Z,c252c7a8-f273-4243-9aba-27f2c71801da,,20295,0.0,19:42:54,20260723,69562,619,1280019,19.382949829101562,-99.15805053710938,194.0,46.0,165.6,,,,1784838705,2026-07-23 14:31:45-06:00,,
metrobus,metrobus_vehicle_positions,2026-07-23T20:32:04Z,2026-07-23,20260723T203146Z,d9916e38-192e-4cb9-bd70-576821ea49b7,,,,,,70131,1055,1230154,19.393821716308594,-99.17250061035156,199.0,0.0,0.0,,,,1784838691,2026-07-23 14:31:31-06:00,,
metrobus,metrobus_vehicle_positions,2026-07-23T20:32:04Z,2026-07-23,20260723T203146Z,7c0abdd4-c94f-4a38-9c44-9017e541e7d0,,19563,0.0,19:49:22,20260723,69608,2386,003A019,19.398151397705078,-99.1224594116211,268.0,0.0,0.0,,,,1784838716,2026-07-23 14:31:56-06:00,,
metrobus,metrobus_vehicle_positions,2026-07-23T20:32:04Z,2026-07-23,20260723T203146Z,df317188-ca39-4ee9-bc63-cca1bbaa1694,,,,,,70130,1054,1230153,19.498920440673828,-99.1196517944336,105.0,0.0,0.0,,,,1784838708,2026-07-23 14:31:48-06:00,,
metrobus,metrobus_vehicle_positions,2026-07-23T20:32:04Z,2026-07-23,20260723T203146Z,b6b1e499-20a7-4648-b681-12e0d37ebbff,,,,,,69607,2385,003A023,19.387943267822266,-99.05937194824219,0.0,0.0,0.0,,,,1784744784,2026-07-22 12:26:24-06:00,,
metrobus,metrobus_vehicle_positions,2026-07-23T20:32:04Z,2026-07-23,20260723T203146Z,cb085f1f-2784-40f7-95aa-e87808b2b5bd,,19562,1.0,20:09:18,20260723,69606,2384,003A025,19.39569854736328,-99.15303039550781,933.0,35.0,126.0,,,,1784838714,2026-07-23 14:31:54-06:00,,
metrobus,metrobus_vehicle_positions,2026-07-23T20:32:04Z,2026-07-23,20260723T203146Z,d3254e11-70aa-4583-8a50-31c8c09435cd,,,,,,70129,1053,1230152,19.498844146728516,-99.11959838867188,103.0,0.0,0.0,,,,1784838715,2026-07-23 14:31:55-06:00,,
metrobus,metrobus_vehicle_positions,2026-07-23T20:32:04Z,2026-07-23,20260723T203146Z,e84fd993-ab94-4ab4-9a0e-e98aceb2856d,,19566,0.0,16:29:41,20260723,69722,2383,1250134,19.389455795288086,-99.0591812133789,108.0,0.0,0.0,,,,1784825357,2026-07-23 10:49:17-06:00,,
metrobus,metrobus_vehicle_positions,2026-07-23T20:32:04Z,2026-07-23,20260723T203146Z,d13eebac-3eb2-498b-8ebe-57bf331523ec,,19494,0.0,20:31:28,20260723,70128,1052,1230151,19.49929428100586,-99.11875915527344,319.0,27.0,97.2,,,,1784838703,2026-07-23 14:31:43-06:00,,
metrobus,metrobus_vehicle_positions,2026-07-23T20:32:04Z,2026-07-23,20260723T203146Z,b7b087fa-68c8-4692-a811-8fff05d7415d,,19566,0.0,19:56:26,20260723,69721,2382,1250125,19.397300720214844,-99.1041259765625,276.0,8.0,28.8,,,,1784838712,2026-07-23 14:31:52-06:00,,
metrobus,metrobus_vehicle_positions,2026-07-23T20:32:04Z,2026-07-23,20260723T203146Z,3a713e19-d20b-4262-af33-79bb609a5c0d,,,,,,70127,1051,1230150,19.497539520263672,-99.1201400756836,201.0,0.0,0.0,,,,1784838718,2026-07-23 14:31:58-06:00,,
metrobus,metrobus_vehicle_positions,2026-07-23T20:32:04Z,2026-07-23,20260723T203146Z,d96af42a-e9a3-4282-95e1-c3055e3f4d4f,,19499,0.0,19:58:32,20260723,69491,1050,1230091,19.413190841674805,-99.16622924804688,197.0,0.0,0.0,,,,1784838715,2026-07-23 14:31:55-06:00,,
metrobus,metrobus_vehicle_positions,2026-07-23T20:32:04Z,2026-07-23,20260723T203146Z,9d04adc9-890b-4a61-a95d-7f645631e937,,,,,,69720,2381,1250126,19.38858985900879,-99.05937194824219,0.0,0.0,0.0,,,,1784712074,2026-07-22 03:21:14-06:00,,
metrobus,metrobus_vehicle_positions,2026-07-23T20:32:04Z,2026-07-23,20260723T203146Z,527fac66-c04f-467f-a234-d6752c948621,,19492,0.0,19:55:24,20260723,69490,1049,1230090,19.40601921081543,-99.16854858398438,197.0,0.0,0.0,,,,1784838719,2026-07-23 14:31:59-06:00,,
metrobus,metrobus_vehicle_positions,2026-07-23T20:32:04Z,2026-07-23,20260723T203146Z,247c3b70-cd30-46c7-9a4c-48014ee0a1ba,,19566,0.0,20:20:45,20260723,69718,2379,1250115,19.38292694091797,-99.06095123291016,189.0,0.0,0.0,,,,1784838710,2026-07-23 14:31:50-06:00,,
metrobus,metrobus_vehicle_positions,2026-07-23T20:32:04Z,2026-07-23,20260723T203146Z,b0e86fbb-2b63-47d6-97f6-4473e55a8a08,,19559,0.0,20:13:54,20260723,69563,620,1280020,19.486968994140625,-99.09239196777344,113.0,0.0,0.0,,,,1784838493,2026-07-23 14:28:13-06:00,,
metrobus,metrobus_vehicle_positions,2026-07-23T20:32:04Z,2026-07-23,20260723T203146Z,373004a9-9637-4c1c-939a-cb65bc0bed0d,,19492,0.0,19:12:31,20260723,69489,1048,1230089,19.499282836914062,-99.11969757080078,192.0,0.0,0.0,,,,1784838713,2026-07-23 14:31:53-06:00,,
metrobus,metrobus_vehicle_positions,2026-07-23T20:32:04Z,2026-07-23,20260723T203146Z,fea69bd1-3a89-46ce-b392-7a8b6694217e,,,,,,69488,1047,1230088,19.499744415283203,-99.11946105957031,0.0,0.0,0.0,,,,1784830604,2026-07-23 12:16:44-06:00,,
metrobus,metrobus_vehicle_positions,2026-07-23T20:32:04Z,2026-07-23,20260723T203146Z,cb5c5770-6c08-4585-a208-64b8e09755c2,,,,,,69564,621,1280021,19.486671447753906,-99.09198760986328,107.0,0.0,0.0,,,,1784749178,2026-07-22 13:39:38-06:00,,
metrobus,metrobus_vehicle_positions,2026-07-23T20:32:04Z,2026-07-23,20260723T203146Z,7b8fce85-0da7-4e1e-8575-0fd1f943c58f,,,,,,69605,2378,1250153,19.388912200927734,-99.05941009521484,0.0,0.0,0.0,,,,1782325700,2026-06-24 12:28:20-06:00,,
metrobus,metrobus_vehicle_positions,2026-07-23T20:32:04Z,2026-07-23,20260723T203146Z,27c8be72-2b04-48c1-91a0-a3dde7781ab8,,19559,0.0,20:22:03,20260723,69565,622,1260200,19.4768009185791,-99.09906768798828,202.0,45.0,162.0,,,,1784838714,2026-07-23 14:31:54-06:00,,
metrobus,metrobus_vehicle_positions,2026-07-23T20:32:04Z,2026-07-23,20260723T203146Z,4c999759-c973-4bf2-86c0-6457e7a4638f,,19498,1.0,19:26:59,20260723,69487,1046,1230087,19.42790412902832,-99.16101837158203,24.0,0.0,0.0,,,,1784838710,2026-07-23 14:31:50-06:00,,
metrobus,metrobus_vehicle_positions,2026-07-23T20:32:04Z,2026-07-23,20260723T203146Z,88227dc1-eebe-4808-842d-756b09ba67e0,,,,,,69604,2377,1250152,19.38892364501953,-99.05940246582031,0.0,0.0,0.0,,,,1784801328,2026-07-23 04:08:48-06:00,,
metrobus,metrobus_vehicle_positions,2026-07-23T20:32:04Z,2026-07-23,20260723T203146Z,f184bac1-b628-41c3-baac-652acbd2e11b,,19559,0.0,20:24:10,20260723,69566,623,1260199,19.486970901489258,-99.09468841552734,201.0,25.0,90.0,,,,1784838717,2026-07-23 14:31:57-06:00,,
metrobus,metrobus_vehicle_positions,2026-07-23T20:32:04Z,2026-07-23,20260723T203146Z,8d4ab239-9b92-4be4-be23-289615a8deab,,,,,,69486,1045,1230086,19.279216766357422,-99.16922760009766,332.0,6.0,21.6,,,,1784838712,2026-07-23 14:31:52-06:00,,
metrobus,metrobus_vehicle_positions,2026-07-23T20:32:04Z,2026-07-23,20260723T203146Z,97249b8d-c5e1-47b9-ade2-ee7e8e11de21,,20211,0.0,16:53:41,20260723,69567,624,002A971,19.486989974975586,-99.09296417236328,246.0,0.0,0.0,,,,1784826781,2026-07-23 11:13:01-06:00,,
metrobus,metrobus_vehicle_positions,2026-07-23T20:32:04Z,2026-07-23,20260723T203146Z,616516ad-2a8d-4926-b56f-7a311889c079,,,,,,69568,625,002A972,19.48703384399414,-99.09215545654297,181.0,0.0,0.0,,,,1784825726,2026-07-23 10:55:26-06:00,,
metrobus,metrobus_vehicle_positions,2026-07-23T20:32:04Z,2026-07-23,20260723T203146Z,f676ff50-771c-4a8f-b5f3-1043b5981e4c,,20211,0.0,19:25:08,20260723,69569,626,002A973,19.500396728515625,-99.08914947509766,201.0,14.0,50.4,,,,1784838708,2026-07-23 14:31:48-06:00,,
metrobus,metrobus_vehicle_positions,2026-07-23T20:32:04Z,2026-07-23,20260723T203146Z,935c9db6-3a16-491a-958e-9208a77ec8b4,,19558,1.0,19:12:42,20260723,69570,627,002A974,19.49319839477539,-99.09153747558594,222.0,0.0,0.0,,,,1784838708,2026-07-23 14:31:48-06:00,,
metrobus,metrobus_vehicle_positions,2026-07-23T20:32:04Z,2026-07-23,20260723T203146Z,275dcc0a-c22a-49b3-b1bf-1411fa55c879,,19558,1.0,19:15:15,20260723,69571,628,002A975,19.492416381835938,-99.09186553955078,225.0,39.0,140.4,,,,1784838713,2026-07-23 14:31:53-06:00,,
metrobus,metrobus_vehicle_positions,2026-07-23T20:32:04Z,2026-07-23,20260723T203146Z,9c0a17ae-5eda-48ea-b460-1aedf906e9cc,,19558,1.0,19:22:50,20260723,69572,629,002A976,19.479381561279297,-99.09744262695312,227.0,0.0,0.0,,,,1784838696,2026-07-23 14:31:36-06:00,,
metrobus,metrobus_vehicle_positions,2026-07-23T20:32:04Z,2026-07-23,20260723T203146Z,3bdab31c-1e7f-48bb-9ba8-c423195b7c65,,,,,,70142,1066,1300127,19.499168395996094,-99.11932373046875,193.0,0.0,0.0,,,,1784838718,2026-07-23 14:31:58-06:00,,
metrobus,metrobus_vehicle_positions,2026-07-23T20:32:04Z,2026-07-23,20260723T203146Z,6ed9f1cb-99e1-440a-bb91-fcd745f6e2b2,,19491,1.0,20:11:01,20260723,70141,1065,1300126,19.385448455810547,-99.17516326904297,174.0,0.0,0.0,,,,1784838711,2026-07-23 14:31:51-06:00,,
metrobus,metrobus_vehicle_positions,2026-07-23T20:32:04Z,2026-07-23,20260723T203146Z,18eaec2d-a956-49e2-8658-995834115aa1,,19497,0.0,19:55:09,20260723,70140,1064,1230163,19.37672996520996,-99.17804718017578,196.0,0.0,0.0,,,,1784838717,2026-07-23 14:31:57-06:00,,
metrobus,metrobus_vehicle_positions,2026-07-23T20:32:04Z,2026-07-23,20260723T203146Z,1d208865-72b0-4f53-97a3-1f94acb5bace,,19497,0.0,20:24:28,20260723,70139,1063,1230162,19.435880661010742,-99.15746307373047,202.0,0.0,0.0,,,,1784838705,2026-07-23 14:31:45-06:00,,
metrobus,metrobus_vehicle_positions,2026-07-23T20:32:04Z,2026-07-23,20260723T203146Z,bd445165-f858-42b7-98ca-1641e6cbc736,,19500,1.0,19:39:31,20260723,70138,1062,1230161,19.4034423828125,-99.16926574707031,168.0,0.0,0.0,,,,1784838704,2026-07-23 14:31:44-06:00,,
metrobus,metrobus_vehicle_positions,2026-07-23T20:32:04Z,2026-07-23,20260723T203146Z,78d9c0c9-1df9-4dfe-8908-7bd9e0aed989,,19499,0.0,19:00:34,20260723,70137,1061,1230160,19.27968978881836,-99.16864013671875,115.0,25.0,90.0,,,,1784838718,2026-07-23 14:31:58-06:00,,
metrobus,metrobus_vehicle_positions,2026-07-23T20:32:04Z,2026-07-23,20260723T203146Z,e4c29d82-8367-4dae-9240-657ad63cef40,,19498,1.0,19:53:53,20260723,70136,1060,1230159,19.372514724731445,-99.17902374267578,196.0,0.0,0.0,,,,1784838707,2026-07-23 14:31:47-06:00,,
metrobus,metrobus_vehicle_positions,2026-07-23T20:32:04Z,2026-07-23,20260723T203146Z,5b37b63a-b39e-4899-a202-2e70fb2431e0,,19983,1.0,20:10:27,20260723,69612,2390,003A021,19.385570526123047,-99.17514038085938,167.0,2.0,7.2,,,,1784838708,2026-07-23 14:31:48-06:00,,
metrobus,metrobus_vehicle_positions,2026-07-23T20:32:04Z,2026-07-23,20260723T203146Z,84af633a-cec2-4270-b677-17a08302d2df,,19558,1.0,20:12:42,20260723,69573,630,002A977,19.329486846923828,-99.11347198486328,560.0,11.0,39.6,,,,1784838705,2026-07-23 14:31:45-06:00,,
metrobus,metrobus_vehicle_positions,2026-07-23T20:32:04Z,2026-07-23,20260723T203146Z,b37f56c8-0f1d-43e1-9c66-e9f67dd8d826,,19494,0.0,20:11:48,20260723,70135,1059,1230158,19.438398361206055,-99.15623474121094,201.0,21.0,75.60000000000001,,,,1784838713,2026-07-23 14:31:53-06:00,,
metrobus,metrobus_vehicle_positions,2026-07-23T20:32:04Z,2026-07-23,20260723T203146Z,30e04421-d65e-44b9-bca7-5edfed0ee3e5,,20211,0.0,19:50:05,20260723,69574,631,002A978,19.3938045501709,-99.11373901367188,189.0,0.0,0.0,,,,1784838712,2026-07-23 14:31:52-06:00,,
metrobus,metrobus_vehicle_positions,2026-07-23T20:32:04Z,2026-07-23,20260723T203146Z,32625452-8834-4a10-91a3-b5c401726c18,,19562,1.0,20:21:59,20260723,69611,2389,003A024,19.403488159179688,-99.17034149169922,873.0,13.0,46.800000000000004,,,,1784838722,2026-07-23 14:32:02-06:00,,
metrobus,metrobus_vehicle_positions,2026-07-23T20:32:04Z,2026-07-23,20260723T203146Z,e8460aba-4cd1-443d-88ed-0ac3a455d42d,,19492,0.0,19:32:50,20260723,70134,1058,1230157,19.365976333618164,-99.18157196044922,195.0,49.0,176.4,,,,1784838666,2026-07-23 14:31:06-06:00,,
metrobus,metrobus_vehicle_positions,2026-07-23T20:32:04Z,2026-07-23,20260723T203146Z,96605ef9-7a29-4298-a95f-0cd634e74760,,,,,,69575,632,002A979,19.48565673828125,-99.102783203125,256.0,12.0,43.2,,,,1784830582,2026-07-23 12:16:22-06:00,,
metrobus,metrobus_vehicle_positions,2026-07-23T20:32:04Z,2026-07-23,20260723T203146Z,69c4e7e2-bbf1-4ea5-90a8-f5ca6e075870,,20211,0.0,20:03:18,20260723,69576,633,002A980,19.427867889404297,-99.11223602294922,117.0,18.0,64.8,,,,1784838715,2026-07-23 14:31:55-06:00,,
metrobus,metrobus_vehicle_positions,2026-07-23T20:32:04Z,2026-07-23,20260723T203146Z,07d6fea3-319e-436f-a374-fdb0e9a9a3b3,,,,,,70133,1057,1230156,19.447145462036133,-99.15316009521484,191.0,11.0,39.6,,,,1784838713,2026-07-23 14:31:53-06:00,,
metrobus,metrobus_vehicle_positions,2026-07-23T20:32:04Z,2026-07-23,20260723T203146Z,550f0e46-fcd8-4c42-a348-9bd5aa5411d4,,,,,,69610,2388,003A022,19.391328811645508,-99.04790496826172,119.0,0.0,0.0,,,,1784838712,2026-07-23 14:31:52-06:00,,
metrobus,metrobus_vehicle_positions,2026-07-23T20:32:04Z,2026-07-23,20260723T203146Z,5a8188cc-be6b-4f48-9915-86d89fc47bc6,,19563,0.0,20:12:33,20260723,69609,2387,003A020,19.38437843322754,-99.07572174072266,192.0,0.0,0.0,,,,1784838712,2026-07-23 14:31:52-06:00,,
metrobus,metrobus_vehicle_positions,2026-07-23T20:32:04Z,2026-07-23,20260723T203146Z,7226540f-df14-45eb-8ad0-384a36320d28,,19500,1.0,19:26:19,20260723,70132,1056,1230155,19.43329620361328,-99.1585464477539,222.0,5.0,18.0,,,,1784838717,2026-07-23 14:31:57-06:00,,
metrobus,metrobus_vehicle_positions,2026-07-23T20:32:04Z,2026-07-23,20260723T203146Z,37632e04-7fa3-4bb9-8ad4-84d7c07590f0,,19498,1.0,19:28:21,20260723,70153,1077,1230020,19.423538208007812,-99.16230010986328,360.0,0.0,0.0,,,,1784838709,2026-07-23 14:31:49-06:00,,
metrobus,metrobus_vehicle_positions,2026-07-23T20:32:04Z,2026-07-23,20260723T203146Z,f8182433-c2dd-42da-9bf1-edbc9fded570,,19493,1.0,20:22:14,20260723,70152,1076,1230002,19.444080352783203,-99.15411376953125,219.0,28.0,100.8,,,,1784838707,2026-07-23 14:31:47-06:00,,
metrobus,metrobus_vehicle_positions,2026-07-23T20:32:04Z,2026-07-23,20260723T203146Z,51de2fd5-c0b6-497b-a6b9-fc94f03cde72,,,,,,70151,1075,1230007,19.499149322509766,-99.11919403076172,192.0,0.0,0.0,,,,1784814352,2026-07-23 07:45:52-06:00,,
metrobus,metrobus_vehicle_positions,2026-07-23T20:32:04Z,2026-07-23,20260723T203146Z,ff5ad7c4-983c-43a2-afb5-009405faafee,,19494,0.0,20:20:43,20260723,70150,1074,1300135,19.452144622802734,-99.15216827392578,189.0,47.0,169.20000000000002,,,,1784838716,2026-07-23 14:31:56-06:00,,
metrobus,metrobus_vehicle_positions,2026-07-23T20:32:04Z,2026-07-23,20260723T203146Z,021ba3b8-d561-4bf7-aef1-830e3a68467f,,,,,,70149,1073,1300134,19.49983787536621,-99.11896514892578,138.0,0.0,0.0,,,,1784838716,2026-07-23 14:31:56-06:00,,
metrobus,metrobus_vehicle_positions,2026-07-23T20:32:04Z,2026-07-23,20260723T203146Z,0d9dcaaf-0be8-41ca-86e0-da192756373d,,,,,,70148,1072,1300133,19.499082565307617,-99.1190185546875,0.0,0.0,0.0,,,,1784838705,2026-07-23 14:31:45-06:00,,
metrobus,metrobus_vehicle_positions,2026-07-23T20:32:04Z,2026-07-23,20260723T203146Z,b2d3bc83-cb14-4f65-a272-491384fda22a,,19492,0.0,20:04:51,20260723,70147,1071,1300132,19.427221298217773,-99.16138458251953,199.0,0.0,0.0,,,,1784838718,2026-07-23 14:31:58-06:00,,
metrobus,metrobus_vehicle_positions,2026-07-23T20:32:04Z,2026-07-23,20260723T203146Z,c9d73519-a62c-4b33-bb7f-e7c1d0e1ef9f,,19498,1.0,20:14:33,20260723,70146,1070,1300131,19.324201583862305,-99.1885986328125,356.0,41.0,147.6,,,,1784838712,2026-07-23 14:31:52-06:00,,
metrobus,metrobus_vehicle_positions,2026-07-23T20:32:04Z,2026-07-23,20260723T203146Z,3bcf4005-e866-416a-a90b-ec5d3bd27699,,19492,0.0,19:25:19,20260723,70145,1069,1300130,19.354305267333984,-99.18541717529297,198.0,0.0,0.0,,,,1784838713,2026-07-23 14:31:53-06:00,,
metrobus,metrobus_vehicle_positions,2026-07-23T20:32:04Z,2026-07-23,20260723T203146Z,13364b76-97ba-4814-b961-8861e8aa7201,,19497,0.0,20:05:57,20260723,70144,1068,1300129,19.401029586791992,-99.17015075683594,198.0,6.0,21.6,,,,1784838719,2026-07-23 14:31:59-06:00,,
metrobus,metrobus_vehicle_positions,2026-07-23T20:32:04Z,2026-07-23,20260723T203146Z,30ac9ce0-edba-4a9d-aafd-f8e3b61a5046,,19499,0.0,19:36:58,20260723,70143,1067,1300128,19.370323181152344,-99.18016052246094,196.0,0.0,0.0,,,,1784838720,2026-07-23 14:32:00-06:00,,
metrobus,metrobus_vehicle_positions,2026-07-23T20:32:04Z,2026-07-23,20260723T203146Z,8973e949-64a0-4259-8b4d-212f9428a32d,,,,,,70597,A9_TESTE,,-23.000873565673828,-43.36735916137695,0.0,0.0,0.0,,,,1784843555,2026-07-23 15:52:35-06:00,,
metrobus,metrobus_vehicle_positions,2026-07-23T20:32:04Z,2026-07-23,20260723T203146Z,6dee66d5-1f84-4e89-8af1-dfe0983cdb64,,,,,,69945,1087,1230140,19.497844696044922,-99.11886596679688,103.0,8.0,28.8,,,,1784838713,2026-07-23 14:31:53-06:00,,
metrobus,metrobus_vehicle_positions,2026-07-23T20:32:04Z,2026-07-23,20260723T203146Z,d3da0a72-c8db-4660-a673-8704e9a45c12,,19499,0.0,19:47:37,20260723,69944,1086,1230139,19.384191513061523,-99.17572021484375,198.0,43.0,154.8,,,,1784838710,2026-07-23 14:31:50-06:00,,
metrobus,metrobus_vehicle_positions,2026-07-23T20:32:04Z,2026-07-23,20260723T203146Z,34ea4422-ab57-438d-9fa2-f2481d934e5c,,19499,0.0,20:12:26,20260723,69943,1085,1230138,19.44063949584961,-99.15535736083984,204.0,0.0,0.0,,,,1784838706,2026-07-23 14:31:46-06:00,,
metrobus,metrobus_vehicle_positions,2026-07-23T20:32:04Z,2026-07-23,20260723T203146Z,96e79b23-c85d-47b1-93a4-a45824a12ff0,,19497,0.0,20:16:21,20260723,69942,1084,1230137,19.415523529052734,-99.16548156738281,196.0,36.0,129.6,,,,1784838712,2026-07-23 14:31:52-06:00,,
metrobus,metrobus_vehicle_positions,2026-07-23T20:32:04Z,2026-07-23,20260723T203146Z,c8dc8dca-fca4-4fcc-aa07-c37bd318b191,,19498,1.0,19:21:45,20260723,69941,1083,1230136,19.433805465698242,-99.15827178955078,23.0,0.0,0.0,,,,1784838716,2026-07-23 14:31:56-06:00,,
metrobus,metrobus_vehicle_positions,2026-07-23T20:32:04Z,2026-07-23,20260723T203146Z,dec879ab-aca5-4678-88aa-ba9ff1c9f6b1,,,,,,69940,1082,1230135,19.278553009033203,-99.16883087158203,274.0,3.0,10.8,,,,1784838720,2026-07-23 14:32:00-06:00,,
metrobus,metrobus_vehicle_positions,2026-07-23T20:32:04Z,2026-07-23,20260723T203146Z,473d952f-08f6-42b8-9798-f4e4948fd22e,,19500,1.0,20:31:32,20260723,69939,1081,1230134,19.2794132232666,-99.1689682006836,338.0,16.0,57.6,,,,1784838707,2026-07-23 14:31:47-06:00,,
metrobus,metrobus_vehicle_positions,2026-07-23T20:32:04Z,2026-07-23,20260723T203146Z,9bd4f1b8-65dd-45d0-a3b3-256e6784ec15,,19497,0.0,19:34:42,20260723,70154,1078,1230003,19.351778030395508,-99.1861343383789,197.0,0.0,0.0,,,,1784838717,2026-07-23 14:31:57-06:00,,
metrobus,metrobus_vehicle_positions,2026-07-23T20:32:04Z,2026-07-23,20260723T203146Z,5499c8cd-f2db-4f70-84b1-9ec7be83a251,,,,,,69946,1091,1230144,19.322538375854492,-99.17303466796875,358.0,3.0,10.8,,,,1784722792,2026-07-22 06:19:52-06:00,,
metrobus,metrobus_vehicle_positions,2026-07-23T20:32:04Z,2026-07-23,20260723T203146Z,d9911789-548a-42c5-b33c-75cf2e117c23,,19498,1.0,20:21:12,20260723,69954,1099,1220118,19.29536247253418,-99.18388366699219,283.0,38.0,136.8,,,,1784838720,2026-07-23 14:32:00-06:00,,
metrobus,metrobus_vehicle_positions,2026-07-23T20:32:04Z,2026-07-23,20260723T203146Z,0c87aced-8b4c-40a6-8ba0-0926ece44ae4,,19499,0.0,20:00:43,20260723,69953,1098,1210117,19.41884422302246,-99.16441345214844,194.0,36.0,129.6,,,,1784838711,2026-07-23 14:31:51-06:00,,
metrobus,metrobus_vehicle_positions,2026-07-23T20:32:04Z,2026-07-23,20260723T203146Z,846b4e0d-9a71-4256-b98f-7eff54555c15,,19500,1.0,20:04:31,20260723,69952,1097,1230115,19.360851287841797,-99.18309783935547,176.0,39.0,140.4,,,,1784838711,2026-07-23 14:31:51-06:00,,
metrobus,metrobus_vehicle_positions,2026-07-23T20:32:04Z,2026-07-23,20260723T203146Z,ba3e3f13-a080-488b-a4ae-76ee361aefb1,,19499,0.0,19:02:30,20260723,69951,1096,1230149,19.281606674194336,-99.17302703857422,114.0,39.0,140.4,,,,1784838713,2026-07-23 14:31:53-06:00,,
metrobus,metrobus_vehicle_positions,2026-07-23T20:32:04Z,2026-07-23,20260723T203146Z,c251d8e0-db00-441a-b23f-36af4e70bfda,,,,,,69950,1095,1230148,19.289216995239258,-99.17420959472656,200.0,8.0,28.8,,,,1784838708,2026-07-23 14:31:48-06:00,,
metrobus,metrobus_vehicle_positions,2026-07-23T20:32:04Z,2026-07-23,20260723T203146Z,fc0ff147-494a-4ffd-a427-93fdfeb8d867,,,,,,69949,1094,1230147,19.3361759185791,-99.17547607421875,273.0,0.0,0.0,,,,1784838721,2026-07-23 14:32:01-06:00,,
metrobus,metrobus_vehicle_positions,2026-07-23T20:32:04Z,2026-07-23,20260723T203146Z,9b158fc6-5c95-4637-bb27-f075c61d98ea,,19500,1.0,19:48:46,20260723,69948,1093,1230146,19.389169692993164,-99.17388153076172,168.0,21.0,75.60000000000001,,,,1784838717,2026-07-23 14:31:57-06:00,,
metrobus,metrobus_vehicle_positions,2026-07-23T20:32:04Z,2026-07-23,20260723T203146Z,93e277bd-5322-4951-914f-609b87780b08,,19500,1.0,19:54:48,20260723,69947,1092,1230145,19.368074417114258,-99.18074035644531,166.0,38.0,136.8,,,,1784838658,2026-07-23 14:30:58-06:00,,
metrobus,metrobus_vehicle_positions,2026-07-23T20:32:04Z,2026-07-23,20260723T203146Z,1e4ae290-ca8b-4a43-b6c8-ef9cc4d8d76a,,,,,,69995,681,1210391,19.490083694458008,-99.09174346923828,228.0,0.0,0.0,,,,1784836645,2026-07-23 13:57:25-06:00,,
metrobus,metrobus_vehicle_positions,2026-07-23T20:32:04Z,2026-07-23,20260723T203146Z,80267068-45dd-477e-a017-a3c9224fd30f,,,,,,69997,683,1210396,19.490095138549805,-99.09152221679688,165.0,0.0,0.0,,,,1784758901,2026-07-22 16:21:41-06:00,,
metrobus,metrobus_vehicle_positions,2026-07-23T20:32:04Z,2026-07-23,20260723T203146Z,c3f6b2bd-8c84-4436-81ed-dd92729705c2,,,,,,69999,685,1210392,19.490081787109375,-99.09159088134766,0.0,0.0,0.0,,,,1784332603,2026-07-17 17:56:43-06:00,,
metrobus,metrobus_vehicle_positions,2026-07-23T20:32:04Z,2026-07-23,20260723T203146Z,5b09f4d0-1150-44a6-a668-920271f4e7e5,,19559,0.0,23:20:35,20260721,71108,9601,,19.48687744140625,-99.09296417236328,248.0,0.0,0.0,,,,1784676547,2026-07-21 17:29:07-06:00,,
metrobus,metrobus_vehicle_positions,2026-07-23T20:32:04Z,2026-07-23,20260723T203146Z,d1fbe0cd-3790-4637-b857-8559572712df,,,,,,71180,5001,,19.41702651977539,-99.07389068603516,979.0,0.0,0.0,,,,1784838715,2026-07-23 14:31:55-06:00,,
metrobus,metrobus_vehicle_positions,2026-07-23T20:32:04Z,2026-07-23,20260723T203146Z,82729d23-b1b2-4099-8bb6-6e7e8e53835c,,19515,0.0,20:29:00,20260723,71181,5002,,19.439098358154297,-99.15324401855469,200.0,0.0,0.0,,,,1784838712,2026-07-23 14:31:52-06:00,,
metrobus,metrobus_vehicle_positions,2026-07-23T20:32:04Z,2026-07-23,20260723T203146Z,837e65aa-2e1a-4ed7-a202-2ce9c017278d,,,,,,71148,5003,,19.417102813720703,-99.07364654541016,276.0,2.0,7.2,,,,1784838706,2026-07-23 14:31:46-06:00,,
metrobus,metrobus_vehicle_positions,2026-07-23T20:32:04Z,2026-07-23,20260723T203146Z,a84ccdaa-e178-4a71-97ff-94fba4c1690c,,,,,,72679,5004,,19.43720245361328,-99.14579772949219,281.0,6.0,21.6,,,,1784838717,2026-07-23 14:31:57-06:00,,
metrobus,metrobus_vehicle_positions,2026-07-23T20:32:04Z,2026-07-23,20260723T203146Z,71e94242-7cd5-431f-9519-45c6d2b68012,,,,,,69973,214,1210395,19.384157180786133,-99.17609405517578,0.0,0.0,0.0,,,,1784832367,2026-07-23 12:46:07-06:00,,
metrobus,metrobus_vehicle_positions,2026-07-23T20:32:04Z,2026-07-23,20260723T203146Z,1ccace1b-d454-4c67-bf00-b25bdaca0c1d,,,,,,73095,457,,19.497512817382812,-99.11951446533203,575.0,0.0,0.0,,,,1784838712,2026-07-23 14:31:52-06:00,,
metrobus,metrobus_vehicle_positions,2026-07-23T20:32:04Z,2026-07-23,20260723T203146Z,b68512b6-211c-4a09-8df9-47cc3826820a,,,,,,69977,218,001A212,19.490066528320312,-99.09184265136719,170.0,0.0,0.0,,,,1784803207,2026-07-23 04:40:07-06:00,,
metrobus,metrobus_vehicle_positions,2026-07-23T20:32:04Z,2026-07-23,20260723T203146Z,a4369b6f-234d-40fe-b499-8bf76d485755,,,,,,69978,219,001A213,19.38570785522461,-99.04548645019531,0.0,0.0,0.0,,,,1784838703,2026-07-23 14:31:43-06:00,,
metrobus,metrobus_vehicle_positions,2026-07-23T20:32:04Z,2026-07-23,20260723T203146Z,269caa84-8d15-4065-bae5-27e14a29bbc6,,,,,,71171,5010,,19.429502487182617,-99.13566589355469,997.0,0.0,0.0,,,,1784838705,2026-07-23 14:31:45-06:00,,
metrobus,metrobus_vehicle_positions,2026-07-23T20:32:04Z,2026-07-23,20260723T203146Z,f056246a-5336-451a-b100-acb551ee62f9,,,,,,71178,5011,,19.445383071899414,-99.15131378173828,195.0,0.0,0.0,,,,1784838708,2026-07-23 14:31:48-06:00,,
metrobus,metrobus_vehicle_positions,2026-07-23T20:32:04Z,2026-07-23,20260723T203146Z,ed5afa1d-45dc-4158-b6a8-127add3c59de,,19516,1.0,19:47:19,20260723,71173,5012,,19.440765380859375,-99.15253448486328,165.0,0.0,0.0,,,,1784838720,2026-07-23 14:32:00-06:00,,
metrobus,metrobus_vehicle_positions,2026-07-23T20:32:04Z,2026-07-23,20260723T203146Z,7da6be0c-36fd-4e5d-a98c-7185b8df8503,,19516,1.0,20:26:57,20260723,71156,5013,,19.435911178588867,-99.11821746826172,275.0,0.0,0.0,,,,1784838719,2026-07-23 14:31:59-06:00,,
metrobus,metrobus_vehicle_positions,2026-07-23T20:32:04Z,2026-07-23,20260723T203146Z,b1a68739-3eae-42af-9345-f6720bf19c4b,,19520,1.0,20:24:55,20260723,71182,5014,,19.438566207885742,-99.1391830444336,104.0,10.0,36.0,,,,1784838717,2026-07-23 14:31:57-06:00,,
metrobus,metrobus_vehicle_positions,2026-07-23T20:32:04Z,2026-07-23,20260723T203146Z,046b4f8d-0d76-4f03-8d09-bd43970b27e3,,,,,,72629,5015,,19.48304557800293,-99.11943817138672,19.0,0.0,0.0,,,,1784838714,2026-07-23 14:31:54-06:00,,
metrobus,metrobus_vehicle_positions,2026-07-23T20:32:04Z,2026-07-23,20260723T203146Z,202e4a7c-96e6-406c-9f36-072b19ee5bd8,,,,,,69814,461,1260117,19.45137596130371,-99.14219665527344,103.0,32.0,115.2,,,,1784328816,2026-07-17 16:53:36-06:00,,
metrobus,metrobus_vehicle_positions,2026-07-23T20:32:04Z,2026-07-23,20260723T203146Z,58015e44-8522-47a3-af62-5d5ea732a6c8,,19455,0.0,20:01:56,20260723,69815,462,1260118,19.45528793334961,-99.14517211914062,192.0,6.0,21.6,,,,1784838709,2026-07-23 14:31:49-06:00,,
metrobus,metrobus_vehicle_positions,2026-07-23T20:32:04Z,2026-07-23,20260723T203146Z,38135412-d993-4afe-8326-6e4866c6c3d0,,,,,,69979,220,001A214,19.49005889892578,-99.09162139892578,197.0,0.0,0.0,,,,1784759309,2026-07-22 16:28:29-06:00,,
metrobus,metrobus_vehicle_positions,2026-07-23T20:32:04Z,2026-07-23,20260723T203146Z,6a42888d-59de-46f6-912b-1eced4f46581,,,,,,69816,463,1260119,19.51033592224121,-99.15862274169922,242.0,0.0,0.0,,,,1784835217,2026-07-23 13:33:37-06:00,,
metrobus,metrobus_vehicle_positions,2026-07-23T20:32:04Z,2026-07-23,20260723T203146Z,4fd37e1d-5028-43e2-9db5-9e5a41622756,,,,,,69980,221,001A142,19.397014617919922,-99.15595245361328,185.0,0.0,0.0,,,,1784838716,2026-07-23 14:31:56-06:00,,
metrobus,metrobus_vehicle_positions,2026-07-23T20:32:04Z,2026-07-23,20260723T203146Z,36da49bb-0caf-49e0-af78-20d639b88ce8,,19455,0.0,20:27:51,20260723,69817,464,1260120,19.521198272705078,-99.16455078125,155.0,37.0,133.20000000000002,,,,1784838712,2026-07-23 14:31:52-06:00,,
metrobus,metrobus_vehicle_positions,2026-07-23T20:32:04Z,2026-07-23,20260723T203146Z,40c0b341-ef8e-425f-a34c-e05411e0cca4,,,,,,69981,222,001A143,19.351476669311523,-99.03755187988281,301.0,0.0,0.0,,,,1784660942,2026-07-21 13:09:02-06:00,,
metrobus,metrobus_vehicle_positions,2026-07-23T20:32:04Z,2026-07-23,20260723T203146Z,9d7781a9-0a85-43a1-b8a0-366b4c61a479,,19456,1.0,20:31:21,20260723,69818,465,1260121,19.445829391479492,-99.15059661865234,993.0,0.0,0.0,,,,1784838711,2026-07-23 14:31:51-06:00,,
metrobus,metrobus_vehicle_positions,2026-07-23T20:32:04Z,2026-07-23,20260723T203146Z,2875fbc9-6be0-48ff-8018-825697547cb4,,,,,,69982,223,001A144,19.3856201171875,-99.04570007324219,0.0,0.0,0.0,,,,1782198684,2026-06-23 01:11:24-06:00,,
metrobus,metrobus_vehicle_positions,2026-07-23T20:32:04Z,2026-07-23,20260723T203146Z,5f7841be-757c-4530-8c9f-d5380749c66e,,,,,,69819,466,1260122,19.510786056518555,-99.15739440917969,238.0,0.0,0.0,,,,1784526897,2026-07-19 23:54:57-06:00,,
metrobus,metrobus_vehicle_positions,2026-07-23T20:32:04Z,2026-07-23,20260723T203146Z,de056275-dadc-4430-9f95-cb27fb9c4955,,,,,,69983,224,001A145,19.506561279296875,-99.08668518066406,0.0,0.0,0.0,,,,1784835564,2026-07-23 13:39:24-06:00,,
metrobus,metrobus_vehicle_positions,2026-07-23T20:32:04Z,2026-07-23,20260723T203146Z,6c1dc1fe-b950-4e2d-952e-84a6be13f4a0,,19455,0.0,20:18:17,20260723,69820,467,1260123,19.495460510253906,-99.15431213378906,158.0,9.0,32.4,,,,1784838711,2026-07-23 14:31:51-06:00,,
metrobus,metrobus_vehicle_positions,2026-07-23T20:32:04Z,2026-07-23,20260723T203146Z,7bc48bf3-4e71-4047-af87-602a52a2d79e,,,,,,69984,225,001A146,19.38550567626953,-99.04550170898438,0.0,0.0,0.0,,,,1784829816,2026-07-23 12:03:36-06:00,,
metrobus,metrobus_vehicle_positions,2026-07-23T20:32:04Z,2026-07-23,20260723T203146Z,adb54f4b-5e98-412a-a9c8-588096623ff0,,19460,1.0,20:09:28,20260723,69821,468,1260124,19.425695419311523,-99.15118408203125,947.0,19.0,68.4,,,,1784838709,2026-07-23 14:31:49-06:00,,
metrobus,metrobus_vehicle_positions,2026-07-23T20:32:04Z,2026-07-23,20260723T203146Z,45d02e44-1a3c-401a-94b7-64cd9988fa72,,19563,0.0,20:21:13,20260723,69985,226,001A147,19.383207321166992,-99.06084442138672,189.0,0.0,0.0,,,,1784838721,2026-07-23 14:32:01-06:00,,
metrobus,metrobus_vehicle_positions,2026-07-23T20:32:04Z,2026-07-23,20260723T203146Z,3a1f635f-14ea-4772-aef0-e635699868e8,,19559,0.0,19:13:04,20260723,69986,227,001A148,19.276517868041992,-99.11864471435547,201.0,27.0,97.2,,,,1784838716,2026-07-23 14:31:56-06:00,,
metrobus,metrobus_vehicle_positions,2026-07-23T20:32:04Z,2026-07-23,20260723T203146Z,b3f65e9a-ac9e-4a78-aa9a-1088d43f5cd6,,19455,0.0,20:12:05,20260723,69822,469,1260125,19.47403335571289,-99.14615631103516,160.0,10.0,36.0,,,,1784838716,2026-07-23 14:31:56-06:00,,
metrobus,metrobus_vehicle_positions,2026-07-23T20:32:04Z,2026-07-23,20260723T203146Z,7596da81-b62e-45d5-a11f-c5afd50f503f,,,,,,71154,5005,,19.44513511657715,-99.15165710449219,270.0,10.0,36.0,,,,1784838712,2026-07-23 14:31:52-06:00,,
metrobus,metrobus_vehicle_positions,2026-07-23T20:32:04Z,2026-07-23,20260723T203146Z,5d8c3d25-a9f5-46ad-9947-5421e385b25d,,19565,1.0,19:53:34,20260723,69987,228,001A149,19.38834571838379,-99.05989837646484,9.0,0.0,0.0,,,,1784838717,2026-07-23 14:31:57-06:00,,
metrobus,metrobus_vehicle_positions,2026-07-23T20:32:04Z,2026-07-23,20260723T203146Z,a421339f-d99f-467d-8ed7-0cc94ca7cc0a,,,,,,69988,229,001A150,19.391000747680664,-99.04669189453125,120.0,12.0,43.2,,,,1784838717,2026-07-23 14:31:57-06:00,,
metrobus,metrobus_vehicle_positions,2026-07-23T20:32:04Z,2026-07-23,20260723T203146Z,9f731bc3-af9c-470f-a828-fe6158595dad,,,,,,71223,5006,,19.41714096069336,-99.073486328125,0.0,0.0,0.0,,,,1784838394,2026-07-23 14:26:34-06:00,,
metrobus,metrobus_vehicle_positions,2026-07-23T20:32:04Z,2026-07-23,20260723T203146Z,4a77ae29-0417-455a-8b6a-c0bb937da7e8,,19518,1.0,20:25:33,20260723,71172,5007,,19.42434310913086,-99.11408233642578,280.0,17.0,61.2,,,,1784838710,2026-07-23 14:31:50-06:00,,
metrobus,metrobus_vehicle_positions,2026-07-23T20:32:04Z,2026-07-23,20260723T203146Z,aca70e37-f3c2-48d9-953b-2a8c10358869,,19518,1.0,20:08:08,20260723,71175,5008,,19.42613983154297,-99.12925720214844,965.0,0.0,0.0,,,,1784838720,2026-07-23 14:32:00-06:00,,
metrobus,metrobus_vehicle_positions,2026-07-23T20:32:04Z,2026-07-23,20260723T203146Z,e037af8e-633f-4217-8080-5f2ecdc7416a,,19515,0.0,19:34:06,20260723,71184,5009,,19.429513931274414,-99.13540649414062,959.0,0.0,0.0,,,,1784838711,2026-07-23 14:31:51-06:00,,
metrobus,metrobus_vehicle_positions,2026-07-23T20:32:04Z,2026-07-23,20260723T203146Z,65e03816-910a-4ce0-9f1f-20bbda054e4e,,,,,,72778,5020,,19.445079803466797,-99.15150451660156,242.0,0.0,0.0,,,,1784838708,2026-07-23 14:31:48-06:00,,
metrobus,metrobus_vehicle_positions,2026-07-23T20:32:04Z,2026-07-23,20260723T203146Z,ce63e6f1-40f9-4f61-96d9-5ca7d929160c,,,,,,71153,5021,,19.438068389892578,-99.13623809814453,995.0,33.0,118.8,,,,1784838716,2026-07-23 14:31:56-06:00,,
metrobus,metrobus_vehicle_positions,2026-07-23T20:32:04Z,2026-07-23,20260723T203146Z,498c3d1f-8d04-4f26-9ea0-8f9e3826ce13,,19519,0.0,20:07:05,20260723,71152,5022,,19.436342239379883,-99.12340545654297,275.0,8.0,28.8,,,,1784838716,2026-07-23 14:31:56-06:00,,
metrobus,metrobus_vehicle_positions,2026-07-23T20:32:04Z,2026-07-23,20260723T203146Z,bb8244bf-bb01-44b9-873d-2aa2eeceda64,,19518,1.0,19:44:04,20260723,71176,5023,,19.42620086669922,-99.135986328125,278.0,0.0,0.0,,,,1784838721,2026-07-23 14:32:01-06:00,,
metrobus,metrobus_vehicle_positions,2026-07-23T20:32:04Z,2026-07-23,20260723T203146Z,293281f5-9201-4329-9549-3beb10fce388,,19520,1.0,20:28:41,20260723,71155,5024,,19.43629264831543,-99.14077758789062,991.0,0.0,0.0,,,,1784838717,2026-07-23 14:31:57-06:00,,
metrobus,metrobus_vehicle_positions,2026-07-23T20:32:04Z,2026-07-23,20260723T203146Z,80953160-6238-46d1-b4b4-81dc933fe217,,19518,1.0,20:29:19,20260723,71190,5025,,19.42689323425293,-99.11349487304688,97.0,0.0,0.0,,,,1784838719,2026-07-23 14:31:59-06:00,,
metrobus,metrobus_vehicle_positions,2026-07-23T20:32:04Z,2026-07-23,20260723T203146Z,24f3cb1d-dd1a-4c1d-8f5f-5fce25824dd4,,,,,,71191,5026,,19.43645477294922,-99.12425231933594,997.0,4.0,14.4,,,,1784838718,2026-07-23 14:31:58-06:00,,
metrobus,metrobus_vehicle_positions,2026-07-23T20:32:04Z,2026-07-23,20260723T203146Z,710aa13c-ed95-46f9-9924-dafe27d130bf,,,,,,69823,470,1260126,19.447792053222656,-99.14677429199219,122.0,39.0,140.4,,,,1784838716,2026-07-23 14:31:56-06:00,,
metrobus,metrobus_vehicle_positions,2026-07-23T20:32:04Z,2026-07-23,20260723T203146Z,c6bb1f96-0f54-412e-a865-c3570cd77a94,,,,,,69824,471,1260127,19.510364532470703,-99.157958984375,977.0,0.0,0.0,,,,1784832584,2026-07-23 12:49:44-06:00,,
metrobus,metrobus_vehicle_positions,2026-07-23T20:32:04Z,2026-07-23,20260723T203146Z,08f52249-2075-4588-a827-cbb671575e61,,,,,,69989,230,001A151,19.431306838989258,-99.11500549316406,0.0,0.0,0.0,,,,1784838704,2026-07-23 14:31:44-06:00,,
metrobus,metrobus_vehicle_positions,2026-07-23T20:32:04Z,2026-07-23,20260723T203146Z,32bf9137-98e6-4ef0-a626-99826f75a50f,,19460,1.0,19:18:13,20260723,69825,472,1260128,19.520183563232422,-99.1639633178711,337.0,7.0,25.2,,,,1784838708,2026-07-23 14:31:48-06:00,,
metrobus,metrobus_vehicle_positions,2026-07-23T20:32:04Z,2026-07-23,20260723T203146Z,40484282-d37c-4fca-a6f0-bdfcf189044d,,,,,,69990,231,001A152,19.390792846679688,-99.04730987548828,119.0,0.0,0.0,,,,1784837479,2026-07-23 14:11:19-06:00,,
metrobus,metrobus_vehicle_positions,2026-07-23T20:32:04Z,2026-07-23,20260723T203146Z,48eb6df6-877c-4519-8344-ce35076d1b0f,,,,,,69991,232,001A153,19.386123657226562,-99.04627227783203,0.0,0.0,0.0,,,,1784829950,2026-07-23 12:05:50-06:00,,
metrobus,metrobus_vehicle_positions,2026-07-23T20:32:04Z,2026-07-23,20260723T203146Z,07c84bf5-6d4e-4666-86ec-e974af481ced,,20212,1.0,20:24:28,20260723,69992,233,001A154,19.332521438598633,-99.11319732666016,540.0,19.0,68.4,,,,1784838720,2026-07-23 14:32:00-06:00,,
metrobus,metrobus_vehicle_positions,2026-07-23T20:32:04Z,2026-07-23,20260723T203146Z,fdf3e57a-e015-4ae0-9c14-3e3471022242,,19566,0.0,19:35:58,20260723,69994,235,001A156,19.39708709716797,-99.16458129882812,282.0,0.0,0.0,,,,1784838719,2026-07-23 14:31:59-06:00,,
metrobus,metrobus_vehicle_positions,2026-07-23T20:32:04Z,2026-07-23,20260723T203146Z,8bdbc21e-5bb4-4ae8-b296-0251ed62e93b,,,,,,71179,5016,,19.445783615112305,-99.15156555175781,178.0,0.0,0.0,,,,1784838705,2026-07-23 14:31:45-06:00,,
metrobus,metrobus_vehicle_positions,2026-07-23T20:32:04Z,2026-07-23,20260723T203146Z,06628f05-b3ac-4d96-a4c6-80107262fb5b,,19516,1.0,20:21:36,20260723,72777,5017,,19.43637466430664,-99.12353515625,275.0,5.0,18.0,,,,1784838714,2026-07-23 14:31:54-06:00,,
metrobus,metrobus_vehicle_positions,2026-07-23T20:32:04Z,2026-07-23,20260723T203146Z,8e26907f-49a1-424d-96ce-809344f6ac68,,,,,,71186,5018,,19.44516944885254,-99.15135955810547,199.0,0.0,0.0,,,,1784838707,2026-07-23 14:31:47-06:00,,
metrobus,metrobus_vehicle_positions,2026-07-23T20:32:04Z,2026-07-23,20260723T203146Z,a6b60435-654c-478d-befc-de9596a123b4,,,,,,71188,5019,,19.437686920166016,-99.14835357666016,103.0,0.0,0.0,,,,1784838711,2026-07-23 14:31:51-06:00,,
metrobus,metrobus_vehicle_positions,2026-07-23T20:32:04Z,2026-07-23,20260723T203146Z,3184900e-07ff-437d-9436-0c4f78465122,,19515,0.0,19:27:48,20260723,71195,5030,,19.429466247558594,-99.13494873046875,970.0,0.0,0.0,,,,1784838708,2026-07-23 14:31:48-06:00,,
metrobus,metrobus_vehicle_positions,2026-07-23T20:32:04Z,2026-07-23,20260723T203146Z,32aedd92-7a3e-4228-a3e3-325fa187abc0,,19516,1.0,20:24:20,20260723,71196,5031,,19.436111450195312,-99.12104034423828,276.0,0.0,0.0,,,,1784838712,2026-07-23 14:31:52-06:00,,
metrobus,metrobus_vehicle_positions,2026-07-23T20:32:04Z,2026-07-23,20260723T203146Z,ebf70c52-8ac3-470a-848f-7efebed3b1db,,,,,,71198,5032,,19.438344955444336,-99.13832092285156,279.0,34.0,122.4,,,,1784838710,2026-07-23 14:31:50-06:00,,
metrobus,metrobus_vehicle_positions,2026-07-23T20:32:04Z,2026-07-23,20260723T203146Z,b600f2c0-b4dd-4b8b-b764-240a1a44543e,,19517,0.0,18:30:04,20260723,71202,5033,,19.436487197875977,-99.12467193603516,997.0,10.0,36.0,,,,1784833982,2026-07-23 13:13:02-06:00,,
metrobus,metrobus_vehicle_positions,2026-07-23T20:32:04Z,2026-07-23,20260723T203146Z,b162e5b0-e576-47ec-b4d5-88f188d79f4a,,19518,1.0,20:09:44,20260723,71203,5034,,19.42585563659668,-99.13070678710938,342.0,0.0,0.0,,,,1784838710,2026-07-23 14:31:50-06:00,,
metrobus,metrobus_vehicle_positions,2026-07-23T20:32:04Z,2026-07-23,20260723T203146Z,31968baf-776c-4c0c-bb2e-dea09a30b31c,,,,,,74948,5035,,19.445247650146484,-99.15179443359375,908.0,0.0,0.0,,,,1784838704,2026-07-23 14:31:44-06:00,,
metrobus,metrobus_vehicle_positions,2026-07-23T20:32:04Z,2026-07-23,20260723T203146Z,9c6ef422-dbf8-486b-8fd8-47270207b427,,,,,,71205,5036,,19.44572639465332,-99.15099334716797,180.0,0.0,0.0,,,,1784838709,2026-07-23 14:31:49-06:00,,
metrobus,metrobus_vehicle_positions,2026-07-23T20:32:04Z,2026-07-23,20260723T203146Z,d0bc2239-fba9-405a-ae8e-c2438e23e9e6,,,,,,71207,5037,,19.428340911865234,-99.09512329101562,296.0,39.0,140.4,,,,1784838722,2026-07-23 14:32:02-06:00,,
metrobus,metrobus_vehicle_positions,2026-07-23T20:32:04Z,2026-07-23,20260723T203146Z,3f789143-d8de-4248-90d0-26abd86dcb44,,,,,,71192,5027,,19.44490623474121,-99.15229034423828,188.0,0.0,0.0,,,,1784838711,2026-07-23 14:31:51-06:00,,
metrobus,metrobus_vehicle_positions,2026-07-23T20:32:04Z,2026-07-23,20260723T203146Z,71f208e1-6ac8-4755-98bb-cd5bdda4ce3a,,19515,0.0,19:30:18,20260723,71193,5028,,19.4295597076416,-99.13525390625,977.0,0.0,0.0,,,,1784838712,2026-07-23 14:31:52-06:00,,
metrobus,metrobus_vehicle_positions,2026-07-23T20:32:04Z,2026-07-23,20260723T203146Z,d92f1792-88c7-4ef6-a26a-05423bf059ed,,,,,,71194,5029,,19.437129974365234,-99.12962341308594,275.0,16.0,57.6,,,,1784838706,2026-07-23 14:31:46-06:00,,
metrobus,metrobus_vehicle_positions,2026-07-23T20:32:04Z,2026-07-23,20260723T203146Z,22ec93c4-720f-4a59-857a-c2a0413a8045,,,,,,71216,5042,,19.445026397705078,-99.15233612060547,188.0,0.0,0.0,,,,1784838715,2026-07-23 14:31:55-06:00,,
metrobus,metrobus_vehicle_positions,2026-07-23T20:32:04Z,2026-07-23,20260723T203146Z,01d4e155-f660-49c5-9981-7eb42223fc8e,,,,,,71218,5043,,19.4365291595459,-99.12472534179688,985.0,0.0,0.0,,,,1784838710,2026-07-23 14:31:50-06:00,,
metrobus,metrobus_vehicle_positions,2026-07-23T20:32:04Z,2026-07-23,20260723T203146Z,c94ea05f-636e-4d0e-9e47-b84f0a457e62,,19517,0.0,20:21:11,20260723,71219,5044,,19.43642234802246,-99.1416015625,99.0,0.0,0.0,,,,1784838722,2026-07-23 14:32:02-06:00,,
metrobus,metrobus_vehicle_positions,2026-07-23T20:32:04Z,2026-07-23,20260723T203146Z,c2610c28-3093-4028-84c4-c0d50f97dc0d,,,,,,71217,5045,,19.438129425048828,-99.13677978515625,988.0,37.0,133.20000000000002,,,,1784838714,2026-07-23 14:31:54-06:00,,
metrobus,metrobus_vehicle_positions,2026-07-23T20:32:04Z,2026-07-23,20260723T203146Z,d237c1aa-ffe5-4d4a-bdd6-0571638030fc,,19460,1.0,20:25:32,20260723,69828,9403,003A010,19.391616821289062,-99.15633392333984,440.0,21.0,75.60000000000001,,,,1784838708,2026-07-23 14:31:48-06:00,,
metrobus,metrobus_vehicle_positions,2026-07-23T20:32:04Z,2026-07-23,20260723T203146Z,e05257f4-b979-49e6-927b-c59d6413993b,,19519,0.0,20:15:33,20260723,71215,5046,,19.43583106994629,-99.11839294433594,275.0,0.0,0.0,,,,1784838713,2026-07-23 14:31:53-06:00,,
metrobus,metrobus_vehicle_positions,2026-07-23T20:32:04Z,2026-07-23,20260723T203146Z,7c432ef3-f5b9-4ffe-9aea-717aefaadb78,,19459,0.0,20:25:31,20260723,69829,9404,003A011,19.515613555908203,-99.16202545166016,158.0,28.0,100.8,,,,1784838708,2026-07-23 14:31:48-06:00,,
metrobus,metrobus_vehicle_positions,2026-07-23T20:32:04Z,2026-07-23,20260723T203146Z,55d48ba4-1d7b-4e26-b15c-2911c409e87b,,,,,,71213,5047,,19.4377384185791,-99.14861297607422,102.0,0.0,0.0,,,,1784838708,2026-07-23 14:31:48-06:00,,
metrobus,metrobus_vehicle_positions,2026-07-23T20:32:04Z,2026-07-23,20260723T203146Z,cb79bde4-da36-4415-b38c-0f24fc2e1c4f,,19460,1.0,19:22:58,20260723,69826,9401,TienepermisodeSEMOVI,19.515178680419922,-99.16178894042969,339.0,25.0,90.0,,,,1784838708,2026-07-23 14:31:48-06:00,,
metrobus,metrobus_vehicle_positions,2026-07-23T20:32:04Z,2026-07-23,20260723T203146Z,c1bdbf89-1024-4000-a18b-eb6997b3a272,,,,,,74963,5048,,19.43073272705078,-99.11508178710938,920.0,0.0,0.0,,,,1784838711,2026-07-23 14:31:51-06:00,,
metrobus,metrobus_vehicle_positions,2026-07-23T20:32:04Z,2026-07-23,20260723T203146Z,54e3a2f1-30e5-4ee5-aea3-d1d14a250ad1,,19458,1.0,20:26:32,20260723,69827,9402,003A009,19.4361515045166,-99.14720153808594,315.0,22.0,79.2,,,,1784838708,2026-07-23 14:31:48-06:00,,
metrobus,metrobus_vehicle_positions,2026-07-23T20:32:04Z,2026-07-23,20260723T203146Z,3b76451e-bfa3-414e-b316-8f0fd22b12b8,,,,,,71212,5040,,19.41750144958496,-99.0784683227539,127.0,0.0,0.0,,,,1784838692,2026-07-23 14:31:32-06:00,,
metrobus,metrobus_vehicle_positions,2026-07-23T20:32:04Z,2026-07-23,20260723T203146Z,35f9321e-dfdd-424d-86cd-5f013c7c85aa,,19518,1.0,19:33:12,20260723,71209,5038,,19.426422119140625,-99.13677978515625,272.0,0.0,0.0,,,,1784838718,2026-07-23 14:31:58-06:00,,
metrobus,metrobus_vehicle_positions,2026-07-23T20:32:04Z,2026-07-23,20260723T203146Z,66003269-4cc4-4c8c-b49d-5044e170030b,,,,,,71211,5039,,19.4373779296875,-99.1314697265625,276.0,0.0,0.0,,,,1784838710,2026-07-23 14:31:50-06:00,,
metrobus,metrobus_vehicle_positions,2026-07-23T20:32:04Z,2026-07-23,20260723T203146Z,4b52acfd-ba16-49d7-a2d3-7eaab4e586ff,,19459,0.0,19:53:03,20260723,69835,9410,003A017,19.43700408935547,-99.14688110351562,187.0,23.0,82.8,,,,1784838717,2026-07-23 14:31:57-06:00,,
metrobus,metrobus_vehicle_positions,2026-07-23T20:32:04Z,2026-07-23,20260723T203146Z,212b5f66-28e5-446b-b653-4cb53502abb7,,,,,,71200,5052,,19.4378719329834,-99.1483383178711,281.0,12.0,43.2,,,,1784838717,2026-07-23 14:31:57-06:00,,
metrobus,metrobus_vehicle_positions,2026-07-23T20:32:04Z,2026-07-23,20260723T203146Z,8aac7783-6522-49d2-9306-d62c025ca2c3,,19518,1.0,20:03:31,20260723,71199,5053,,19.423263549804688,-99.12051391601562,935.0,0.0,0.0,,,,1784838714,2026-07-23 14:31:54-06:00,,
metrobus,metrobus_vehicle_positions,2026-07-23T20:32:04Z,2026-07-23,20260723T203146Z,ac2f16e6-c616-4573-b89a-3cb40b5a1c40,,19458,1.0,20:23:08,20260723,69836,9411,,19.440858840942383,-99.1484146118164,203.0,12.0,43.2,,,,1784838715,2026-07-23 14:31:55-06:00,,
metrobus,metrobus_vehicle_positions,2026-07-23T20:32:04Z,2026-07-23,20260723T203146Z,06008ff6-0eec-4ae0-8a31-b994989265c5,,,,,,71197,5054,,19.423263549804688,-99.09196472167969,0.0,0.0,0.0,,,,1784832077,2026-07-23 12:41:17-06:00,,
metrobus,metrobus_vehicle_positions,2026-07-23T20:32:04Z,2026-07-23,20260723T203146Z,9742e0fb-6dd6-4a50-beca-d432b6f987c2,,19459,0.0,20:18:11,20260723,69839,9414,,19.49257469177246,-99.15319061279297,160.0,16.0,57.6,,,,1784838705,2026-07-23 14:31:45-06:00,,
metrobus,metrobus_vehicle_positions,2026-07-23T20:32:04Z,2026-07-23,20260723T203146Z,961a4d18-966f-4a27-8359-d50abeb60319,,,,,,72781,5056,,19.430269241333008,-99.141357421875,277.0,0.0,0.0,,,,1784838713,2026-07-23 14:31:53-06:00,,
metrobus,metrobus_vehicle_positions,2026-07-23T20:32:04Z,2026-07-23,20260723T203146Z,e01c1d71-7e28-4da0-b021-b5f835b26f74,,27054,0.0,20:22:50,20260723,74652,5057,,19.435483932495117,-99.15367126464844,945.0,0.0,0.0,,,,1784838713,2026-07-23 14:31:53-06:00,,
metrobus,metrobus_vehicle_positions,2026-07-23T20:32:04Z,2026-07-23,20260723T203146Z,031196e5-0849-4133-91a1-c605b68bbe31,,19459,0.0,19:27:02,20260723,69840,9415,,19.388612747192383,-99.15673828125,187.0,47.0,169.20000000000002,,,,1784838708,2026-07-23 14:31:48-06:00,,
metrobus,metrobus_vehicle_positions,2026-07-23T20:32:04Z,2026-07-23,20260723T203146Z,cce57a06-6c6d-470f-bf52-df5e259c4028,,19458,1.0,20:29:25,20260723,69837,9412,,19.432640075683594,-99.14773559570312,124.0,0.0,0.0,,,,1784838716,2026-07-23 14:31:56-06:00,,
metrobus,metrobus_vehicle_positions,2026-07-23T20:32:04Z,2026-07-23,20260723T203146Z,ff4a5eb8-fad3-4f0c-90cd-5a6a545be9bb,,,,,,73391,5058,,19.436384201049805,-99.08207702636719,596.0,13.0,46.800000000000004,,,,1784838714,2026-07-23 14:31:54-06:00,,
metrobus,metrobus_vehicle_positions,2026-07-23T20:32:04Z,2026-07-23,20260723T203146Z,04275f6a-b0f6-4980-9931-350e54fc240b,,19458,1.0,20:16:27,20260723,69838,9413,,19.4594783782959,-99.14412689208984,118.0,42.0,151.20000000000002,,,,1784838715,2026-07-23 14:31:55-06:00,,
metrobus,metrobus_vehicle_positions,2026-07-23T20:32:04Z,2026-07-23,20260723T203146Z,9d257ad1-1d15-4070-b11e-bced850578e1,,27054,0.0,19:54:57,20260723,74648,5059,,19.42971420288086,-99.13543701171875,953.0,0.0,0.0,,,,1784838712,2026-07-23 14:31:52-06:00,,
metrobus,metrobus_vehicle_positions,2026-07-23T20:32:04Z,2026-07-23,20260723T203146Z,229af8ea-46df-453c-8aa6-dfe5e5ce6dc6,,19515,0.0,20:24:22,20260723,71206,5050,,19.437915802001953,-99.14927673339844,102.0,0.0,0.0,,,,1784838669,2026-07-23 14:31:09-06:00,,
metrobus,metrobus_vehicle_positions,2026-07-23T20:32:04Z,2026-07-23,20260723T203146Z,c568553d-1457-47d5-acb4-04a5cc853353,,,,,,71201,5051,,19.41694450378418,-99.07347869873047,273.0,0.0,0.0,,,,1784838718,2026-07-23 14:31:58-06:00,,
metrobus,metrobus_vehicle_positions,2026-07-23T20:32:04Z,2026-07-23,20260723T203146Z,7630abdf-60ee-47ae-b795-cb5a4ae8b70b,,,,,,71208,5049,,19.437477111816406,-99.14767456054688,107.0,0.0,0.0,,,,1784838709,2026-07-23 14:31:49-06:00,,
metrobus,metrobus_vehicle_positions,2026-07-23T20:32:04Z,2026-07-23,20260723T203146Z,f6d59d46-72bf-4809-8690-f084a170650f,,19458,1.0,20:07:44,20260723,69832,9407,003A014,19.47905731201172,-99.14800262451172,340.0,11.0,39.6,,,,1784838710,2026-07-23 14:31:50-06:00,,
metrobus,metrobus_vehicle_positions,2026-07-23T20:32:04Z,2026-07-23,20260723T203146Z,35d8b39e-8dfa-46c5-bb37-4f84b14cec0f,,,,,,74084,9405,,19.369661331176758,-99.16143798828125,135.0,0.0,0.0,,,,1784838718,2026-07-23 14:31:58-06:00,,
metrobus,metrobus_vehicle_positions,2026-07-23T20:32:04Z,2026-07-23,20260723T203146Z,0dc883db-8fcb-4cc9-bd8a-c0d922471847,,,,,,69831,9406,003A013,19.528446197509766,-99.17018127441406,169.0,0.0,0.0,,,,1784838714,2026-07-23 14:31:54-06:00,,
metrobus,metrobus_vehicle_positions,2026-07-23T20:32:04Z,2026-07-23,20260723T203146Z,4c62f6fc-b3f3-499d-8e4a-cf1f69adc63b,,,,,,69834,9409,003A016,19.510051727294922,-99.1592025756836,749.0,0.0,0.0,,,,1784838716,2026-07-23 14:31:56-06:00,,
metrobus,metrobus_vehicle_positions,2026-07-23T20:32:04Z,2026-07-23,20260723T203146Z,44e2eab9-27ed-4534-aa02-78bfac3490ed,,,,,,67988,9421,,19.510658264160156,-99.15747833251953,217.0,0.0,0.0,,,,1784837800,2026-07-23 14:16:40-06:00,,
metrobus,metrobus_vehicle_positions,2026-07-23T20:32:04Z,2026-07-23,20260723T203146Z,1c24025f-2830-4a8b-8510-72cfb47f4666,,27055,1.0,19:30:51,20260723,74650,5063,,19.42670440673828,-99.11967468261719,820.0,45.0,162.0,,,,1784838715,2026-07-23 14:31:55-06:00,,
metrobus,metrobus_vehicle_positions,2026-07-23T20:32:04Z,2026-07-23,20260723T203146Z,f0cf7bc4-2e08-4341-9fd6-eccb869b6ff2,,27054,0.0,19:26:54,20260723,74659,5064,,19.430631637573242,-99.1151123046875,178.0,0.0,0.0,,,,1784838709,2026-07-23 14:31:49-06:00,,
metrobus,metrobus_vehicle_positions,2026-07-23T20:32:04Z,2026-07-23,20260723T203146Z,2a4438a7-a56f-4a43-aa41-40ce7e778e6b,,19457,0.0,20:07:53,20260723,67987,9422,,19.4732608795166,-99.14590454101562,158.0,27.0,97.2,,,,1784838703,2026-07-23 14:31:43-06:00,,
metrobus,metrobus_vehicle_positions,2026-07-23T20:32:04Z,2026-07-23,20260723T203146Z,300146d3-f785-4882-8e7b-0459ba1f414a,,27055,1.0,19:22:57,20260723,74644,5065,,19.426132202148438,-99.1358871459961,276.0,0.0,0.0,,,,1784838706,2026-07-23 14:31:46-06:00,,
metrobus,metrobus_vehicle_positions,2026-07-23T20:32:04Z,2026-07-23,20260723T203146Z,74421f73-ff19-4e0f-892f-7a8affa75eee,,19430,1.0,20:15:52,20260723,69845,9420,,19.502422332763672,-99.15670013427734,342.0,0.0,0.0,,,,1784838713,2026-07-23 14:31:53-06:00,,
metrobus,metrobus_vehicle_positions,2026-07-23T20:32:04Z,2026-07-23,20260723T203146Z,18a19fd9-1494-4dd9-9475-f9e250e0c181,,27055,1.0,19:47:35,20260723,74667,5066,,19.43678855895996,-99.12744903564453,276.0,0.0,0.0,,,,1784838721,2026-07-23 14:32:01-06:00,,
metrobus,metrobus_vehicle_positions,2026-07-23T20:32:04Z,2026-07-23,20260723T203146Z,f317e49c-45a3-42eb-8298-7bf28189ebe7,,19457,0.0,19:54:38,20260723,69850,9425,,19.438152313232422,-99.14903259277344,192.0,0.0,0.0,,,,1784838708,2026-07-23 14:31:48-06:00,,
metrobus,metrobus_vehicle_positions,2026-07-23T20:32:04Z,2026-07-23,20260723T203146Z,bb5d27b1-4d4b-4754-9f5c-5f4d793d74a4,,27055,1.0,19:19:09,20260723,74647,5067,,19.431764602661133,-99.11493682861328,610.0,0.0,0.0,,,,1784838704,2026-07-23 14:31:44-06:00,,
metrobus,metrobus_vehicle_positions,2026-07-23T20:32:04Z,2026-07-23,20260723T203146Z,be271af5-4b42-402d-953f-482959a591e8,,19459,0.0,20:09:08,20260723,69851,9426,,19.472837448120117,-99.14569091796875,160.0,40.0,144.0,,,,1784838718,2026-07-23 14:31:58-06:00,,
metrobus,metrobus_vehicle_positions,2026-07-23T20:32:04Z,2026-07-23,20260723T203146Z,c24b8d8f-cd8e-4d70-9ba3-2b5a82735252,,27055,1.0,19:45:26,20260723,74669,5068,,19.435823440551758,-99.1185302734375,278.0,0.0,0.0,,,,1784838714,2026-07-23 14:31:54-06:00,,
metrobus,metrobus_vehicle_positions,2026-07-23T20:32:04Z,2026-07-23,20260723T203146Z,bcec656a-e6e3-494b-8e61-dc0a4f258eca,,,,,,69848,9423,,19.510026931762695,-99.15946197509766,252.0,0.0,0.0,,,,1784838713,2026-07-23 14:31:53-06:00,,
metrobus,metrobus_vehicle_positions,2026-07-23T20:32:04Z,2026-07-23,20260723T203146Z,a4e154a6-8752-49e8-9201-e03fe51253c1,,19460,1.0,19:40:29,20260723,69849,9424,,19.472606658935547,-99.14557647705078,340.0,35.0,126.0,,,,1784838717,2026-07-23 14:31:57-06:00,,
metrobus,metrobus_vehicle_positions,2026-07-23T20:32:04Z,2026-07-23,20260723T203146Z,6aa6888e-e05f-4929-b9d8-95b444bf8ca6,,,,,,74651,5060,,19.43651580810547,-99.12410736083984,956.0,0.0,0.0,,,,1784838720,2026-07-23 14:32:00-06:00,,
metrobus,metrobus_vehicle_positions,2026-07-23T20:32:04Z,2026-07-23,20260723T203146Z,828d34ec-e01f-4961-b912-7f5f5025de39,,27054,0.0,19:36:51,20260723,74646,5061,,19.429494857788086,-99.13509368896484,101.0,0.0,0.0,,,,1784838711,2026-07-23 14:31:51-06:00,,
metrobus,metrobus_vehicle_positions,2026-07-23T20:32:04Z,2026-07-23,20260723T203146Z,e3922268-1e2d-4072-8353-998f83e7951d,,27055,1.0,18:58:34,20260723,74660,5062,,19.43060874938965,-99.14347076416016,280.0,0.0,0.0,,,,1784838719,2026-07-23 14:31:59-06:00,,
metrobus,metrobus_vehicle_positions,2026-07-23T20:32:04Z,2026-07-23,20260723T203146Z,6a5cc425-edd8-4cd4-a591-73ed5d86e325,,19459,0.0,19:39:08,20260723,69843,9418,,19.40317726135254,-99.15546417236328,182.0,41.0,147.6,,,,1784838716,2026-07-23 14:31:56-06:00,,
metrobus,metrobus_vehicle_positions,2026-07-23T20:32:04Z,2026-07-23,20260723T203146Z,62ef1eef-241c-46eb-9d64-9a6a37a48b92,,19458,1.0,20:14:12,20260723,69844,9419,,19.463008880615234,-99.14413452148438,431.0,8.0,28.8,,,,1784838718,2026-07-23 14:31:58-06:00,,
metrobus,metrobus_vehicle_positions,2026-07-23T20:32:04Z,2026-07-23,20260723T203146Z,811814a9-c532-43c4-abca-452fbe2e406e,,,,,,69841,9416,,19.510845184326172,-99.15718078613281,0.0,0.0,0.0,,,,1784038530,2026-07-14 08:15:30-06:00,,
metrobus,metrobus_vehicle_positions,2026-07-23T20:32:04Z,2026-07-23,20260723T203146Z,8272c4d9-4a5a-48bc-a1b0-81ff90eac948,,19456,1.0,20:21:06,20260723,69842,9417,,19.463308334350586,-99.14386749267578,36.0,12.0,43.2,,,,1784838718,2026-07-23 14:31:58-06:00,,
metrobus,metrobus_vehicle_positions,2026-07-23T20:32:04Z,2026-07-23,20260723T203146Z,35cc8425-4aa3-4f41-8ab9-c604382837b5,,19460,1.0,19:58:26,20260723,69857,9432,,19.436147689819336,-99.14722442626953,770.0,32.0,115.2,,,,1784838710,2026-07-23 14:31:50-06:00,,
metrobus,metrobus_vehicle_positions,2026-07-23T20:32:04Z,2026-07-23,20260723T203146Z,3e096b4b-5e7c-4e3e-9fab-2eccd5febe05,,19460,1.0,19:47:50,20260723,69858,9433,,19.458017349243164,-99.14447021484375,123.0,37.0,133.20000000000002,,,,1784838708,2026-07-23 14:31:48-06:00,,
metrobus,metrobus_vehicle_positions,2026-07-23T20:32:04Z,2026-07-23,20260723T203146Z,e8a86ba2-0f90-4766-bc4b-15184579c2ce,,19458,1.0,19:59:00,20260723,69855,9430,,19.49454116821289,-99.15386199951172,340.0,0.0,0.0,,,,1784838714,2026-07-23 14:31:54-06:00,,
metrobus,metrobus_vehicle_positions,2026-07-23T20:32:04Z,2026-07-23,20260723T203146Z,cdee86da-0bd0-4470-8b10-f8bc484c8baf,,,,,,69856,9431,,19.529874801635742,-99.17007446289062,247.0,3.0,10.8,,,,1784838717,2026-07-23 14:31:57-06:00,,
metrobus,metrobus_vehicle_positions,2026-07-23T20:32:04Z,2026-07-23,20260723T203146Z,48e93b6c-7dd4-4a6b-96e2-17d3f85b425e,,19460,1.0,19:34:18,20260723,69861,9436,,19.49174690246582,-99.15275573730469,339.0,0.0,0.0,,,,1784838712,2026-07-23 14:31:52-06:00,,
metrobus,metrobus_vehicle_positions,2026-07-23T20:32:04Z,2026-07-23,20260723T203146Z,6c1760ac-f35e-46f1-8875-c9fbb3e09559,,19460,1.0,20:13:57,20260723,69862,9437,,19.414602279663086,-99.15453338623047,4.0,0.0,0.0,,,,1784838715,2026-07-23 14:31:55-06:00,,
metrobus,metrobus_vehicle_positions,2026-07-23T20:32:04Z,2026-07-23,20260723T203146Z,c1110a8e-bd0a-42f7-b0f8-1a8825c7c36f,,19460,1.0,19:52:49,20260723,69859,9434,,19.446868896484375,-99.14698791503906,122.0,32.0,115.2,,,,1784838712,2026-07-23 14:31:52-06:00,,
metrobus,metrobus_vehicle_positions,2026-07-23T20:32:04Z,2026-07-23,20260723T203146Z,340dcb8a-a1cb-47c6-bc6d-3b3e67695251,,,,,,69860,9435,,19.51020622253418,-99.1590347290039,214.0,0.0,0.0,,,,1784836507,2026-07-23 13:55:07-06:00,,
metrobus,metrobus_vehicle_positions,2026-07-23T20:32:04Z,2026-07-23,20260723T203146Z,37cad4de-9058-41c3-a140-b9b09eea02eb,,,,,,73390,5070,,19.437904357910156,-99.1351089477539,279.0,11.0,39.6,,,,1784838714,2026-07-23 14:31:54-06:00,,
metrobus,metrobus_vehicle_positions,2026-07-23T20:32:04Z,2026-07-23,20260723T203146Z,1de015a0-0762-4f7a-b943-1083c143da18,,,,,,74668,5071,,19.467269897460938,-99.15318298339844,973.0,0.0,0.0,,,,1784757288,2026-07-22 15:54:48-06:00,,
metrobus,metrobus_vehicle_positions,2026-07-23T20:32:04Z,2026-07-23,20260723T203146Z,79f98714-6da1-4cf5-975b-1dd5ac18beed,,27055,1.0,16:02:31,20260723,74658,5072,,19.42304039001465,-99.09220886230469,312.0,0.0,0.0,,,,1784825358,2026-07-23 10:49:18-06:00,,
metrobus,metrobus_vehicle_positions,2026-07-23T20:32:04Z,2026-07-23,20260723T203146Z,4846d291-2d70-419c-8f50-7d22910069d6,,19458,1.0,20:20:56,20260723,70493,9429,,19.452791213989258,-99.14566802978516,118.0,30.0,108.0,,,,1784838717,2026-07-23 14:31:57-06:00,,
metrobus,metrobus_vehicle_positions,2026-07-23T20:32:04Z,2026-07-23,20260723T203146Z,5e5e1aeb-f464-4689-b60b-6ca9aa4c4fc2,,,,,,69852,9427,,19.529376983642578,-99.17017364501953,190.0,0.0,0.0,,,,1784838708,2026-07-23 14:31:48-06:00,,
metrobus,metrobus_vehicle_positions,2026-07-23T20:32:04Z,2026-07-23,20260723T203146Z,7ea23bb4-759f-4782-9d95-2276b53375e7,,19456,1.0,19:55:56,20260723,69853,9428,,19.52509117126465,-99.16739654541016,325.0,0.0,0.0,,,,1784838710,2026-07-23 14:31:50-06:00,,
metrobus,metrobus_vehicle_positions,2026-07-23T20:32:04Z,2026-07-23,20260723T203146Z,4580a850-952c-49a4-9a0d-fe239605a60a,,19456,1.0,20:12:13,20260723,69868,9443,,19.48414421081543,-99.14993286132812,339.0,0.0,0.0,,,,1784838709,2026-07-23 14:31:49-06:00,,
metrobus,metrobus_vehicle_positions,2026-07-23T20:32:04Z,2026-07-23,20260723T203146Z,a0ab82d8-45fa-4358-915c-1d6ecc7687e0,,19459,0.0,19:57:53,20260723,69869,9444,,19.44698715209961,-99.14703369140625,191.0,43.0,154.8,,,,1784838645,2026-07-23 14:30:45-06:00,,
metrobus,metrobus_vehicle_positions,2026-07-23T20:32:04Z,2026-07-23,20260723T203146Z,3b3bfa89-7313-4d7a-9d25-a401aacfeb24,,,,,,69866,9441,,19.426355361938477,-99.15194702148438,254.0,39.0,140.4,,,,1784838716,2026-07-23 14:31:56-06:00,,
metrobus,metrobus_vehicle_positions,2026-07-23T20:32:04Z,2026-07-23,20260723T203146Z,365029c5-0b63-4d39-87c1-54669f2a621b,,19456,1.0,20:16:06,20260723,69867,9442,,19.47882843017578,-99.14791107177734,341.0,23.0,82.8,,,,1784838715,2026-07-23 14:31:55-06:00,,
metrobus,metrobus_vehicle_positions,2026-07-23T20:32:04Z,2026-07-23,20260723T203146Z,e234aab7-c003-483c-83a5-ec415a1ad57d,,19459,0.0,19:45:52,20260723,69872,9447,,19.42644691467285,-99.1512680053711,254.0,31.0,111.60000000000001,,,,1784838709,2026-07-23 14:31:49-06:00,,
metrobus,metrobus_vehicle_positions,2026-07-23T20:32:04Z,2026-07-23,20260723T203146Z,d55fda13-d922-4ba2-aced-468a2d7b5b91,,19460,1.0,20:17:56,20260723,69873,9448,,19.40186309814453,-99.15556335449219,90.0,30.0,108.0,,,,1784838719,2026-07-23 14:31:59-06:00,,
metrobus,metrobus_vehicle_positions,2026-07-23T20:32:04Z,2026-07-23,20260723T203146Z,e9914186-1323-48e6-9293-cd6696a14d5b,,19457,0.0,20:18:51,20260723,69870,9445,,19.499441146850586,-99.15577697753906,162.0,0.0,0.0,,,,1784838713,2026-07-23 14:31:53-06:00,,
metrobus,metrobus_vehicle_positions,2026-07-23T20:32:04Z,2026-07-23,20260723T203146Z,17d4b529-aaa8-4fc2-8e15-bebf34ec3e6c,,19458,1.0,19:44:28,20260723,69871,9446,,19.52665138244629,-99.16857147216797,322.0,0.0,0.0,,,,1784838715,2026-07-23 14:31:55-06:00,,
metrobus,metrobus_vehicle_positions,2026-07-23T20:32:04Z,2026-07-23,20260723T203146Z,7144020c-8a4a-4aa3-a123-17dfedd0c469,,19460,1.0,19:30:27,20260723,69865,9440,,19.493698120117188,-99.15351867675781,338.0,15.0,54.0,,,,1784838718,2026-07-23 14:31:58-06:00,,
metrobus,metrobus_vehicle_positions,2026-07-23T20:32:04Z,2026-07-23,20260723T203146Z,a1078bdb-4b92-4c48-aae8-ff3a14006b9d,,19457,0.0,19:59:53,20260723,69863,9438,,19.45211410522461,-99.1458740234375,193.0,12.0,43.2,,,,1784838711,2026-07-23 14:31:51-06:00,,
metrobus,metrobus_vehicle_positions,2026-07-23T20:32:04Z,2026-07-23,20260723T203146Z,e8477f2d-aa98-4b77-a306-4c1a900cf669,,19457,0.0,20:27:06,20260723,69864,9439,,19.516162872314453,-99.16223907470703,159.0,33.0,118.8,,,,1784838713,2026-07-23 14:31:53-06:00,,
metrobus,metrobus_vehicle_positions,2026-07-23T20:32:04Z,2026-07-23,20260723T203146Z,4a2a7ff0-e791-479d-82a2-32fc95d0e13a,,19459,0.0,20:13:15,20260723,69879,9454,,19.487295150756836,-99.15115356445312,161.0,42.0,151.20000000000002,,,,1784838708,2026-07-23 14:31:48-06:00,,
metrobus,metrobus_vehicle_positions,2026-07-23T20:32:04Z,2026-07-23,20260723T203146Z,b2b5bcb5-c962-408b-9b0d-bfce165a4b04,,19457,0.0,20:04:40,20260723,69880,9455,,19.459625244140625,-99.14417266845703,192.0,0.0,0.0,,,,1784838707,2026-07-23 14:31:47-06:00,,
metrobus,metrobus_vehicle_positions,2026-07-23T20:32:04Z,2026-07-23,20260723T203146Z,ed8c0a6e-6781-4da1-8cce-03ff0f9329c7,,19458,1.0,19:58:40,20260723,69877,9452,,19.49637794494629,-99.15454864501953,340.0,0.0,0.0,,,,1784838709,2026-07-23 14:31:49-06:00,,
metrobus,metrobus_vehicle_positions,2026-07-23T20:32:04Z,2026-07-23,20260723T203146Z,38da0b1d-0482-4099-b262-bf817bb1bef3,,19459,0.0,19:31:38,20260723,69878,9453,,19.39628791809082,-99.15601348876953,182.0,0.0,0.0,,,,1784838714,2026-07-23 14:31:54-06:00,,
metrobus,metrobus_vehicle_positions,2026-07-23T20:32:04Z,2026-07-23,20260723T203146Z,1f8a3e22-b8fc-45e2-956f-f5cbe43e4a36,,19460,1.0,20:30:36,20260723,69883,9458,,19.374065399169922,-99.160400390625,133.0,0.0,0.0,,,,1784838711,2026-07-23 14:31:51-06:00,,
metrobus,metrobus_vehicle_positions,2026-07-23T20:32:04Z,2026-07-23,20260723T203146Z,27b0ebe7-b809-47f3-a50a-04931167008b,,19457,0.0,20:31:37,20260723,69884,9459,,19.527172088623047,-99.16912841796875,142.0,31.0,111.60000000000001,,,,1784838712,2026-07-23 14:31:52-06:00,,
metrobus,metrobus_vehicle_positions,2026-07-23T20:32:04Z,2026-07-23,20260723T203146Z,d085a8a4-cb5a-42ea-a7fd-481b59e1d0f6,,19457,0.0,20:12:50,20260723,69881,9456,,19.483631134033203,-99.14984130859375,160.0,10.0,36.0,,,,1784838717,2026-07-23 14:31:57-06:00,,
metrobus,metrobus_vehicle_positions,2026-07-23T20:32:04Z,2026-07-23,20260723T203146Z,d212e193-5c4a-43e2-9bb7-3beb8437c5be,,19429,0.0,20:23:30,20260723,69882,9457,,19.507705688476562,-99.158935546875,160.0,34.0,122.4,,,,1784838707,2026-07-23 14:31:47-06:00,,
metrobus,metrobus_vehicle_positions,2026-07-23T20:32:04Z,2026-07-23,20260723T203146Z,87860194-bb4b-40bb-84f8-a6484d2289fe,,19459,0.0,20:29:51,20260723,69875,9450,,19.522518157958984,-99.16541290283203,140.0,0.0,0.0,,,,1784838720,2026-07-23 14:32:00-06:00,,
metrobus,metrobus_vehicle_positions,2026-07-23T20:32:04Z,2026-07-23,20260723T203146Z,22089266-b514-468a-8c1a-d3e2925fb572,,19429,0.0,20:11:38,20260723,69876,9451,,19.47922706604004,-99.14813232421875,158.0,18.0,64.8,,,,1784838704,2026-07-23 14:31:44-06:00,,
metrobus,metrobus_vehicle_positions,2026-07-23T20:32:04Z,2026-07-23,20260723T203146Z,ea5b6550-2922-4fe8-b447-91910f9cc399,,19457,0.0,19:52:16,20260723,69874,9449,,19.42786407470703,-99.14833068847656,189.0,0.0,0.0,,,,1784838716,2026-07-23 14:31:56-06:00,,
metrobus,metrobus_vehicle_positions,2026-07-23T20:32:04Z,2026-07-23,20260723T203146Z,ca7f9c8a-b42b-4827-b3d8-7f3c1e297723,,19457,0.0,20:21:09,20260723,69885,9460,,19.503089904785156,-99.15707397460938,158.0,0.0,0.0,,,,1784838717,2026-07-23 14:31:57-06:00,,
metrobus,metrobus_vehicle_positions,2026-07-23T20:32:04Z,2026-07-23,20260723T203146Z,adfcfce8-5338-4b2c-a0b2-48c84d0eaf79,,19558,1.0,19:55:17,20260723,69615,2603,002A905,19.37989044189453,-99.10968780517578,340.0,24.0,86.4,,,,1784838716,2026-07-23 14:31:56-06:00,,
metrobus,metrobus_vehicle_positions,2026-07-23T20:32:04Z,2026-07-23,20260723T203146Z,8dffb0a8-1c6a-47f0-aa2c-bc48e70df328,,19558,1.0,19:45:13,20260723,69614,2602,002A904,19.430728912353516,-99.11526489257812,880.0,0.0,0.0,,,,1784838716,2026-07-23 14:31:56-06:00,,
metrobus,metrobus_vehicle_positions,2026-07-23T20:32:04Z,2026-07-23,20260723T203146Z,ad2d22a2-8856-4aca-8738-2f6145cb18ae,,19556,0.0,19:48:29,20260723,69613,2601,002A903,19.29541778564453,-99.11454010009766,188.0,0.0,0.0,,,,1784838713,2026-07-23 14:31:53-06:00,,
metrobus,metrobus_vehicle_positions,2026-07-23T20:32:04Z,2026-07-23,20260723T203146Z,53c0ddc8-8bff-444b-bab1-2b17d5679035,,,,,,74125,Maqueta_Carraci,,19.402490615844727,-99.17045593261719,272.0,0.0,0.0,,,,1784833476,2026-07-23 13:04:36-06:00,,
metrobus,metrobus_vehicle_positions,2026-07-23T20:32:04Z,2026-07-23,20260723T203146Z,e2a9b6c2-1004-47b7-9202-d0163faa096b,,,,,,69621,2609,002A911,19.304317474365234,-99.10115814208984,0.0,0.0,0.0,,,,1784838707,2026-07-23 14:31:47-06:00,,
metrobus,metrobus_vehicle_positions,2026-07-23T20:32:04Z,2026-07-23,20260723T203146Z,4152d521-4aad-41ff-a73c-02c157caeb7b,,,,,,69620,2608,002A910,19.30432891845703,-99.10100555419922,0.0,0.0,0.0,,,,1784838499,2026-07-23 14:28:19-06:00,,
metrobus,metrobus_vehicle_positions,2026-07-23T20:32:04Z,2026-07-23,20260723T203146Z,a3f0b6c2-1ff9-4c97-9bbe-9012746f4eab,,19557,1.0,20:20:09,20260723,69619,2607,002A909,19.31039047241211,-99.11094665527344,118.0,0.0,0.0,,,,1784838717,2026-07-23 14:31:57-06:00,,
metrobus,metrobus_vehicle_positions,2026-07-23T20:32:04Z,2026-07-23,20260723T203146Z,4efca61c-463c-45a0-8276-1875f3c3bef6,,20295,0.0,19:51:49,20260723,69618,2606,002A908,19.398569107055664,-99.15582275390625,184.0,0.0,0.0,,,,1784838720,2026-07-23 14:32:00-06:00,,
metrobus,metrobus_vehicle_positions,2026-07-23T20:32:04Z,2026-07-23,20260723T203146Z,63b5ff57-5ac7-41f9-9dd8-0dc675b3e89e,,,,,,69617,2605,002A907,19.311670303344727,-99.1102294921875,124.0,6.0,21.6,,,,1784838718,2026-07-23 14:31:58-06:00,,
metrobus,metrobus_vehicle_positions,2026-07-23T20:32:04Z,2026-07-23,20260723T203146Z,f82c7fde-bb3d-4196-9c24-b549d0c09f35,,19556,0.0,19:52:29,20260723,69616,2604,002A906,19.300825119018555,-99.11361694335938,196.0,0.0,0.0,,,,1784838714,2026-07-23 14:31:54-06:00,,
metrobus,metrobus_vehicle_positions,2026-07-23T20:32:04Z,2026-07-23,20260723T203146Z,61aea475-5330-47bf-9e08-479ecd2a1b65,,20212,1.0,20:09:38,20260723,69626,2614,002A916,19.38042449951172,-99.10992431640625,335.0,31.0,111.60000000000001,,,,1784838719,2026-07-23 14:31:59-06:00,,
metrobus,metrobus_vehicle_positions,2026-07-23T20:32:04Z,2026-07-23,20260723T203146Z,319ed301-7c62-4e34-982d-843abec9db73,,,,,,69625,2613,002A915,19.304332733154297,-99.10128021240234,0.0,0.0,0.0,,,,1784838706,2026-07-23 14:31:46-06:00,,
metrobus,metrobus_vehicle_positions,2026-07-23T20:32:04Z,2026-07-23,20260723T203146Z,d9da2276-bd81-42c0-be4c-a5c6642c1013,,19558,1.0,20:30:14,20260723,69623,2611,002A913,19.278566360473633,-99.11744689941406,167.0,45.0,162.0,,,,1784838719,2026-07-23 14:31:59-06:00,,
metrobus,metrobus_vehicle_positions,2026-07-23T20:32:04Z,2026-07-23,20260723T203146Z,b91508ec-b56f-4f3a-bb86-9e0342f91c34,,19558,1.0,19:37:42,20260723,69622,2610,002A912,19.435012817382812,-99.11479949951172,106.0,28.0,100.8,,,,1784838716,2026-07-23 14:31:56-06:00,,
metrobus,metrobus_vehicle_positions,2026-07-23T20:32:04Z,2026-07-23,20260723T203146Z,c01300ff-a084-42a0-bbc8-32afc4cd0e7c,,19558,1.0,19:20:09,20260723,69631,2619,002A921,19.48724365234375,-99.09407043457031,271.0,33.0,118.8,,,,1784838718,2026-07-23 14:31:58-06:00,,
metrobus,metrobus_vehicle_positions,2026-07-23T20:32:04Z,2026-07-23,20260723T203146Z,727b3e8f-46a9-4c01-90e0-f05db42add92,,20296,1.0,19:38:55,20260723,69630,2618,002A920,19.48615074157715,-99.12449645996094,362.0,0.0,0.0,,,,1784838714,2026-07-23 14:31:54-06:00,,
metrobus,metrobus_vehicle_positions,2026-07-23T20:32:04Z,2026-07-23,20260723T203146Z,dd80c04f-14a4-470f-a142-4d51116c2fc4,,20211,0.0,19:51:41,20260723,69629,2617,002A919,19.39600372314453,-99.11345672607422,177.0,49.0,176.4,,,,1784838711,2026-07-23 14:31:51-06:00,,
metrobus,metrobus_vehicle_positions,2026-07-23T20:32:04Z,2026-07-23,20260723T203146Z,fd5da531-1016-432e-923a-45aad845a992,,20211,0.0,20:07:51,20260723,69628,2616,002A918,19.44464874267578,-99.11219024658203,199.0,25.0,90.0,,,,1784838718,2026-07-23 14:31:58-06:00,,
metrobus,metrobus_vehicle_positions,2026-07-23T20:32:04Z,2026-07-23,20260723T203146Z,98dd672e-bd0a-4059-a2a5-c4df38765382,,19558,1.0,19:42:50,20260723,69627,2615,002A917,19.431367874145508,-99.11516571044922,920.0,0.0,0.0,,,,1784838717,2026-07-23 14:31:57-06:00,,
metrobus,metrobus_vehicle_positions,2026-07-23T20:32:04Z,2026-07-23,20260723T203146Z,254a42f8-b913-4383-9793-cffc757cae14,,19558,1.0,19:25:31,20260723,69637,2625,002A927,19.479354858398438,-99.09746551513672,214.0,22.0,79.2,,,,1784838701,2026-07-23 14:31:41-06:00,,
metrobus,metrobus_vehicle_positions,2026-07-23T20:32:04Z,2026-07-23,20260723T203146Z,c9516deb-9b69-41c0-813e-32142e234df4,,20212,1.0,19:59:25,20260723,69636,2624,002A926,19.429384231567383,-99.11480712890625,296.0,39.0,140.4,,,,1784838708,2026-07-23 14:31:48-06:00,,
metrobus,metrobus_vehicle_positions,2026-07-23T20:32:04Z,2026-07-23,20260723T203146Z,291ed15f-2cc1-44b8-a8e3-7b882e5f5900,,20295,0.0,20:27:33,20260723,71770,2623,,19.48122215270996,-99.12881469726562,218.0,26.0,93.60000000000001,,,,1784838709,2026-07-23 14:31:49-06:00,,
metrobus,metrobus_vehicle_positions,2026-07-23T20:32:04Z,2026-07-23,20260723T203146Z,5fc20fcb-6175-479a-8936-b6a1d74510ff,,19559,0.0,20:16:11,20260723,69634,2622,002A924,19.45616912841797,-99.1075668334961,200.0,23.0,82.8,,,,1784838716,2026-07-23 14:31:56-06:00,,
metrobus,metrobus_vehicle_positions,2026-07-23T20:32:04Z,2026-07-23,20260723T203146Z,4e51f54d-2c58-4509-90f6-0a8d0760b1d8,,20296,1.0,19:54:32,20260723,69633,2621,002A923,19.439903259277344,-99.14874267578125,960.0,0.0,0.0,,,,1784838717,2026-07-23 14:31:57-06:00,,
metrobus,metrobus_vehicle_positions,2026-07-23T20:32:04Z,2026-07-23,20260723T203146Z,36907117-fdf9-4296-aa3a-038957f4a730,,,,,,69632,2620,002A922,19.304109573364258,-99.10199737548828,0.0,0.0,0.0,,,,1784836923,2026-07-23 14:02:03-06:00,,
metrobus,metrobus_vehicle_positions,2026-07-23T20:32:04Z,2026-07-23,20260723T203146Z,5a0414aa-30bb-4e1b-a0e1-a1a438f70481,,20211,0.0,20:09:44,20260723,69641,2629,002A931,19.44900131225586,-99.11062622070312,195.0,20.0,72.0,,,,1784838709,2026-07-23 14:31:49-06:00,,
metrobus,metrobus_vehicle_positions,2026-07-23T20:32:04Z,2026-07-23,20260723T203146Z,81c7f8a0-521f-4b39-aa90-12238f5e5ba3,,19558,1.0,19:47:49,20260723,69640,2628,002A930,19.42888832092285,-99.11351013183594,296.0,32.0,115.2,,,,1784838706,2026-07-23 14:31:46-06:00,,
metrobus,metrobus_vehicle_positions,2026-07-23T20:32:04Z,2026-07-23,20260723T203146Z,6ba9092f-8287-4060-8aa7-65ceae7cf14f,,19557,1.0,19:47:46,20260723,69639,2627,002A929,19.418872833251953,-99.11214447021484,640.0,12.0,43.2,,,,1784838717,2026-07-23 14:31:57-06:00,,
metrobus,metrobus_vehicle_positions,2026-07-23T20:32:04Z,2026-07-23,20260723T203146Z,bcd4594b-1c26-44e0-a3a2-ba2c18044589,,20212,1.0,20:24:44,20260723,69638,2626,002A928,19.30507469177246,-99.10145568847656,333.0,17.0,61.2,,,,1784838706,2026-07-23 14:31:46-06:00,,
metrobus,metrobus_vehicle_positions,2026-07-23T20:32:04Z,2026-07-23,20260723T203146Z,c034ef19-51b2-4201-9de8-0c167347ef95,,19559,0.0,20:22:44,20260723,69648,2636,002A938,19.487045288085938,-99.0946273803711,201.0,35.0,126.0,,,,1784838707,2026-07-23 14:31:47-06:00,,
metrobus,metrobus_vehicle_positions,2026-07-23T20:32:04Z,2026-07-23,20260723T203146Z,382c1091-420b-4bd4-b504-74cd53263452,,19491,1.0,20:04:35,20260723,69364,1305,1240178,19.393539428710938,-99.17243194580078,168.0,0.0,0.0,,,,1784838713,2026-07-23 14:31:53-06:00,,
metrobus,metrobus_vehicle_positions,2026-07-23T20:32:04Z,2026-07-23,20260723T203146Z,81052fe8-7a81-46fd-9a1f-3e7a85e0b16f,,19558,1.0,20:10:22,20260723,69647,2635,TienepermisodeSEMOVI,19.34819221496582,-99.11127471923828,129.0,15.0,54.0,,,,1784838718,2026-07-23 14:31:58-06:00,,
metrobus,metrobus_vehicle_positions,2026-07-23T20:32:04Z,2026-07-23,20260723T203146Z,eefe69f2-bd94-499d-a1b2-24e0d803ad58,,19491,1.0,19:53:37,20260723,69363,1304,1240177,19.419191360473633,-99.16426086425781,143.0,17.0,61.2,,,,1784838718,2026-07-23 14:31:58-06:00,,
metrobus,metrobus_vehicle_positions,2026-07-23T20:32:04Z,2026-07-23,20260723T203146Z,0a08f4b0-1fd4-4fc9-a631-6738c41d64d0,,19492,0.0,20:17:21,20260723,74921,1303,1240176,19.443416595458984,-99.15444946289062,200.0,0.0,0.0,,,,1784838715,2026-07-23 14:31:55-06:00,,
metrobus,metrobus_vehicle_positions,2026-07-23T20:32:04Z,2026-07-23,20260723T203146Z,a3052277-ab23-49fc-91ee-d96521abc5db,,,,,,69646,2634,002A936,19.30436897277832,-99.1014175415039,0.0,0.0,0.0,,,,1784803848,2026-07-23 04:50:48-06:00,,
metrobus,metrobus_vehicle_positions,2026-07-23T20:32:04Z,2026-07-23,20260723T203146Z,dc0dbef4-8c2f-4313-94e6-36cdb32db0c4,,19491,1.0,20:13:59,20260723,69361,1302,1240175,19.379663467407227,-99.17698669433594,164.0,0.0,0.0,,,,1784838709,2026-07-23 14:31:49-06:00,,
metrobus,metrobus_vehicle_positions,2026-07-23T20:32:04Z,2026-07-23,20260723T203146Z,ecc4446a-3479-4602-9c6e-b96ec56e4a2c,,19558,1.0,20:02:45,20260723,69645,2633,002A935,19.356218338012695,-99.11144256591797,338.0,47.0,169.20000000000002,,,,1784838664,2026-07-23 14:31:04-06:00,,
metrobus,metrobus_vehicle_positions,2026-07-23T20:32:04Z,2026-07-23,20260723T203146Z,c0e6d189-1c29-4355-a2d9-f7aed6fd4d88,,19559,0.0,19:21:45,20260723,69644,2632,002A934,19.294702529907227,-99.11461639404297,187.0,0.0,0.0,,,,1784838709,2026-07-23 14:31:49-06:00,,
metrobus,metrobus_vehicle_positions,2026-07-23T20:32:04Z,2026-07-23,20260723T203146Z,ffc9a473-3ec7-48f1-92a7-93b7eedef252,,19491,1.0,19:46:51,20260723,69360,1301,1240174,19.42853355407715,-99.16072082519531,238.0,0.0,0.0,,,,1784838708,2026-07-23 14:31:48-06:00,,
metrobus,metrobus_vehicle_positions,2026-07-23T20:32:04Z,2026-07-23,20260723T203146Z,0a98ef5a-6547-4e2e-bad5-cc9b25fd414f,,19558,1.0,17:40:14,20260721,69643,2631,002A933,19.29351234436035,-99.11474609375,750.0,48.0,172.8,,,,1784655840,2026-07-21 11:44:00-06:00,,
metrobus,metrobus_vehicle_positions,2026-07-23T20:32:04Z,2026-07-23,20260723T203146Z,cec66149-265f-440d-a838-c7756e81b182,,20211,0.0,20:20:02,20260723,69642,2630,002A932,19.469945907592773,-99.10188293457031,201.0,40.0,144.0,,,,1784838710,2026-07-23 14:31:50-06:00,,
metrobus,metrobus_vehicle_positions,2026-07-23T20:32:04Z,2026-07-23,20260723T203146Z,aeae555a-c4ba-4b31-99e4-7adb37f3c6e4,,19491,1.0,20:22:41,20260723,69368,1309,1240182,19.364517211914062,-99.18203735351562,147.0,33.0,118.8,,,,1784838712,2026-07-23 14:31:52-06:00,,
metrobus,metrobus_vehicle_positions,2026-07-23T20:32:04Z,2026-07-23,20260723T203146Z,2fa3c2c3-5095-4bc0-a523-3e007fd28cb6,,20211,0.0,19:34:11,20260723,69651,2639,002A941,19.313892364501953,-99.11056518554688,165.0,40.0,144.0,,,,1784838717,2026-07-23 14:31:57-06:00,,
metrobus,metrobus_vehicle_positions,2026-07-23T20:32:04Z,2026-07-23,20260723T203146Z,d1bdf010-4e63-4736-b3cc-e6c223d83389,,19491,1.0,19:32:32,20260723,69367,1308,1240181,19.467151641845703,-99.1402359008789,381.0,26.0,93.60000000000001,,,,1784838707,2026-07-23 14:31:47-06:00,,
metrobus,metrobus_vehicle_positions,2026-07-23T20:32:04Z,2026-07-23,20260723T203146Z,18085458-8be8-4e48-8a32-5b0e337c0db6,,,,,,69366,1307,1240180,19.38932228088379,-99.05809783935547,0.0,0.0,0.0,,,,1784838090,2026-07-23 14:21:30-06:00,,
metrobus,metrobus_vehicle_positions,2026-07-23T20:32:04Z,2026-07-23,20260723T203146Z,7217aee6-9d15-4301-a3f9-9161cde3eeb6,,20212,1.0,19:46:55,20260723,69650,2638,002A940,19.454158782958984,-99.10810852050781,196.0,29.0,104.4,,,,1784838711,2026-07-23 14:31:51-06:00,,
metrobus,metrobus_vehicle_positions,2026-07-23T20:32:04Z,2026-07-23,20260723T203146Z,473b6df8-669c-4642-8528-510e93c4fd23,,19491,1.0,19:39:35,20260723,69365,1306,1240179,19.437944412231445,-99.1563949584961,226.0,8.0,28.8,,,,1784838714,2026-07-23 14:31:54-06:00,,
metrobus,metrobus_vehicle_positions,2026-07-23T20:32:04Z,2026-07-23,20260723T203146Z,57d5e4ec-460f-4fc8-9089-abdb90ad4ddc,,,,,,69649,2637,002A939,19.27352523803711,-99.12047576904297,234.0,0.0,0.0,,,,1784838716,2026-07-23 14:31:56-06:00,,
metrobus,metrobus_vehicle_positions,2026-07-23T20:32:04Z,2026-07-23,20260723T203146Z,022ade7c-ac86-4dbc-b5d4-061613d67555,,19558,1.0,20:17:41,20260723,69662,2650,002A952,19.310684204101562,-99.1108627319336,124.0,0.0,0.0,,,,1784838705,2026-07-23 14:31:45-06:00,,
metrobus,metrobus_vehicle_positions,2026-07-23T20:32:04Z,2026-07-23,20260723T203146Z,d61f3bb7-0cfd-44ac-8b4e-cb2c95a5f07f,,20212,1.0,19:27:06,20260723,69659,2647,002A949,19.50027084350586,-99.08853912353516,212.0,23.0,82.8,,,,1784838713,2026-07-23 14:31:53-06:00,,
metrobus,metrobus_vehicle_positions,2026-07-23T20:32:04Z,2026-07-23,20260723T203146Z,e6de5ea0-089c-4887-80b9-2b3ff5480f8f,,19558,1.0,20:05:13,20260723,69658,2646,002A948,19.34830093383789,-99.11125183105469,128.0,0.0,0.0,,,,1784838710,2026-07-23 14:31:50-06:00,,
metrobus,metrobus_vehicle_positions,2026-07-23T20:32:04Z,2026-07-23,20260723T203146Z,8d5ee84a-fd85-4b03-b986-ebf6960d3221,,,,,,69373,1314,TienepermisodeSEMOVI,19.497806549072266,-99.11943054199219,198.0,0.0,0.0,,,,1784836221,2026-07-23 13:50:21-06:00,,
metrobus,metrobus_vehicle_positions,2026-07-23T20:32:04Z,2026-07-23,20260723T203146Z,d59d3045-47ee-451a-bedc-3d3427458d72,,,,,,69657,2645,002A947,19.304365158081055,-99.10133361816406,182.0,0.0,0.0,,,,1784830159,2026-07-23 12:09:19-06:00,,
metrobus,metrobus_vehicle_positions,2026-07-23T20:32:04Z,2026-07-23,20260723T203146Z,3736bcb1-8e89-436c-ad75-a073eac6be42,,20212,1.0,19:43:54,20260723,69656,2644,002A946,19.469350814819336,-99.10176849365234,218.0,47.0,169.20000000000002,,,,1784838712,2026-07-23 14:31:52-06:00,,
metrobus,metrobus_vehicle_positions,2026-07-23T20:32:04Z,2026-07-23,20260723T203146Z,9a4ff64a-0647-4468-b1c8-1436af9376ea,,19494,0.0,20:26:37,20260723,69372,1313,1240186,19.476619720458984,-99.13270568847656,217.0,0.0,0.0,,,,1784838713,2026-07-23 14:31:53-06:00,,
metrobus,metrobus_vehicle_positions,2026-07-23T20:32:04Z,2026-07-23,20260723T203146Z,a5325fa1-9c13-401a-9415-358691ec394b,,19499,0.0,20:11:04,20260723,69371,1312,1240185,19.436784744262695,-99.15705108642578,202.0,0.0,0.0,,,,1784838714,2026-07-23 14:31:54-06:00,,
metrobus,metrobus_vehicle_positions,2026-07-23T20:32:04Z,2026-07-23,20260723T203146Z,cb8998cb-713e-4e31-869d-538657d41ece,,,,,,69655,2643,002A945,19.273399353027344,-99.12066650390625,234.0,0.0,0.0,,,,1784838713,2026-07-23 14:31:53-06:00,,
metrobus,metrobus_vehicle_positions,2026-07-23T20:32:04Z,2026-07-23,20260723T203146Z,fe510c81-51c0-4cea-a010-72e7a62ce2fe,,,,,,69370,1311,1240184,19.477901458740234,-99.06371307373047,0.0,0.0,0.0,,,,1784702548,2026-07-22 00:42:28-06:00,,
metrobus,metrobus_vehicle_positions,2026-07-23T20:32:04Z,2026-07-23,20260723T203146Z,3816dc28-01eb-492e-beef-0bdbbc236380,,20295,0.0,18:02:09,20260723,74262,2642,002A947,19.500686645507812,-99.11903381347656,183.0,0.0,0.0,,,,1784830483,2026-07-23 12:14:43-06:00,,
metrobus,metrobus_vehicle_positions,2026-07-23T20:32:04Z,2026-07-23,20260723T203146Z,d4c6d870-8d56-4af1-b4d8-084bdf44538d,,20211,0.0,19:37:52,20260723,69653,2641,002A943,19.350326538085938,-99.11100006103516,167.0,23.0,82.8,,,,1784838711,2026-07-23 14:31:51-06:00,,
metrobus,metrobus_vehicle_positions,2026-07-23T20:32:04Z,2026-07-23,20260723T203146Z,b2319cb6-6fbe-43db-be35-3ccb128f27eb,,19492,0.0,20:27:15,20260723,74922,1310,1240183,19.478221893310547,-99.13134765625,219.0,49.0,176.4,,,,1784838706,2026-07-23 14:31:46-06:00,,
metrobus,metrobus_vehicle_positions,2026-07-23T20:32:04Z,2026-07-23,20260723T203146Z,af960d90-c966-49a5-b6c4-4c3ba9032f2c,,19557,1.0,20:25:09,20260723,69661,2649,002A951,19.294469833374023,-99.1146240234375,940.0,0.0,0.0,,,,1784838716,2026-07-23 14:31:56-06:00,,
metrobus,metrobus_vehicle_positions,2026-07-23T20:32:04Z,2026-07-23,20260723T203146Z,aa1490c5-bacf-4226-bc71-10f560d22094,,20295,0.0,16:54:34,20260723,69660,2648,002A950,19.500633239746094,-99.11871337890625,184.0,0.0,0.0,,,,1784826246,2026-07-23 11:04:06-06:00,,
metrobus,metrobus_vehicle_positions,2026-07-23T20:32:04Z,2026-07-23,20260723T203146Z,86b9c9c1-d4d1-4d7f-b2ec-2dbd6f9d8030,,20211,0.0,19:55:19,20260723,69673,2661,002A963,19.399580001831055,-99.11365509033203,177.0,8.0,28.8,,,,1784838704,2026-07-23 14:31:44-06:00,,
metrobus,metrobus_vehicle_positions,2026-07-23T20:32:04Z,2026-07-23,20260723T203146Z,9f34c461-5943-4211-98c3-fcaee84ee90b,,19556,0.0,20:16:44,20260723,69672,2660,002A962,19.37186050415039,-99.10796356201172,192.0,16.0,57.6,,,,1784838708,2026-07-23 14:31:48-06:00,,
metrobus,metrobus_vehicle_positions,2026-07-23T20:32:04Z,2026-07-23,20260723T203146Z,5b863dd3-20b3-4304-a443-36057a556158,,,,,,69670,2658,002A960,19.303815841674805,-99.10138702392578,0.0,0.0,0.0,,,,1784838810,2026-07-23 14:33:30-06:00,,
metrobus,metrobus_vehicle_positions,2026-07-23T20:32:04Z,2026-07-23,20260723T203146Z,4f5a9bc3-93fc-42f2-a5f0-f969cc08723d,,19557,1.0,20:00:23,20260723,69669,2657,002A959,19.37164878845215,-99.10772705078125,172.0,0.0,0.0,,,,1784838706,2026-07-23 14:31:46-06:00,,
metrobus,metrobus_vehicle_positions,2026-07-23T20:32:04Z,2026-07-23,20260723T203146Z,26a9729e-4112-4850-9623-35a7379e9aa2,,,,,,69668,2656,002A958,19.304248809814453,-99.10157775878906,0.0,0.0,0.0,,,,1784838711,2026-07-23 14:31:51-06:00,,
metrobus,metrobus_vehicle_positions,2026-07-23T20:32:04Z,2026-07-23,20260723T203146Z,8ae6b308-8c74-40a2-98e7-cf06976a0ca3,,,,,,69667,2655,002A957,19.30435562133789,-99.10114288330078,189.0,0.0,0.0,,,,1784838711,2026-07-23 14:31:51-06:00,,
metrobus,metrobus_vehicle_positions,2026-07-23T20:32:04Z,2026-07-23,20260723T203146Z,6ff3ef24-089f-4c24-bfa8-afd24e5c7766,,19559,0.0,20:05:56,20260723,69666,2654,002A956,19.441621780395508,-99.11334228515625,199.0,28.0,100.8,,,,1784838710,2026-07-23 14:31:50-06:00,,
metrobus,metrobus_vehicle_positions,2026-07-23T20:32:04Z,2026-07-23,20260723T203146Z,312e919b-1d46-42e7-b944-092f63761a54,,,,,,69665,2653,002A955,19.303707122802734,-99.10150909423828,0.0,0.0,0.0,,,,1784838554,2026-07-23 14:29:14-06:00,,
metrobus,metrobus_vehicle_positions,2026-07-23T20:32:04Z,2026-07-23,20260723T203146Z,6546a47d-5985-42de-91fc-1d18267cb635,,,,,,69664,2652,002A954,19.304641723632812,-99.10089874267578,177.0,0.0,0.0,,,,1784834903,2026-07-23 13:28:23-06:00,,
metrobus,metrobus_vehicle_positions,2026-07-23T20:32:04Z,2026-07-23,20260723T203146Z,b1fa4619-aef4-44e6-83c6-c393fc93de7d,,19559,0.0,19:58:15,20260723,69663,2651,002A953,19.410808563232422,-99.1130599975586,189.0,39.0,140.4,,,,1784838714,2026-07-23 14:31:54-06:00,,
metrobus,metrobus_vehicle_positions,2026-07-23T20:32:04Z,2026-07-23,20260723T203146Z,3a0e7f14-a558-4620-9cd0-9882bf5758e6,,,,,,70035,901,1280163,19.430940628051758,-99.15959930419922,238.0,33.0,118.8,,,,1784838711,2026-07-23 14:31:51-06:00,,
metrobus,metrobus_vehicle_positions,2026-07-23T20:32:04Z,2026-07-23,20260723T203146Z,e85c04d3-1f06-4b78-a268-f9d424007887,,19583,1.0,20:14:34,20260723,70036,902,1280164,19.436786651611328,-99.14742279052734,553.0,0.0,0.0,,,,1784838714,2026-07-23 14:31:54-06:00,,
metrobus,metrobus_vehicle_positions,2026-07-23T20:32:04Z,2026-07-23,20260723T203146Z,bc1ba89d-8baa-4197-8ed6-f8b4b0c9f902,,19577,1.0,19:23:06,20260723,70037,903,1280165,19.49213981628418,-99.12019348144531,325.0,0.0,0.0,,,,1784838715,2026-07-23 14:31:55-06:00,,
metrobus,metrobus_vehicle_positions,2026-07-23T20:32:04Z,2026-07-23,20260723T203146Z,e9d6d52c-a428-4082-b96d-9e16223b4e30,,,,,,70038,904,1280166,19.50857162475586,-99.17276763916016,0.0,0.0,0.0,,,,1784838481,2026-07-23 14:28:01-06:00,,
metrobus,metrobus_vehicle_positions,2026-07-23T20:32:04Z,2026-07-23,20260723T203146Z,0fbd910b-df90-4ed2-be38-89fbf33ce662,,19578,0.0,19:54:31,20260723,70039,905,1280167,19.437862396240234,-99.14629364013672,227.0,0.0,0.0,,,,1784838716,2026-07-23 14:31:56-06:00,,
metrobus,metrobus_vehicle_positions,2026-07-23T20:32:04Z,2026-07-23,20260723T203146Z,ffcdbb27-4513-4f0f-8094-517070ebdda9,,19577,1.0,20:10:09,20260723,70040,906,1280168,19.429174423217773,-99.1627426147461,694.0,0.0,0.0,,,,1784838705,2026-07-23 14:31:45-06:00,,
metrobus,metrobus_vehicle_positions,2026-07-23T20:32:04Z,2026-07-23,20260723T203146Z,e312e7b1-fdba-4a68-b6ae-ed7abcea5278,,19558,1.0,19:40:28,20260723,69671,2659,002A961,19.431711196899414,-99.11508178710938,102.0,0.0,0.0,,,,1784838717,2026-07-23 14:31:57-06:00,,
metrobus,metrobus_vehicle_positions,2026-07-23T20:32:04Z,2026-07-23,20260723T203146Z,029c0230-7dfe-4122-93fc-3b17993a23a9,,,,,,70041,907,1280169,19.49263572692871,-99.12055969238281,325.0,0.0,0.0,,,,1784838721,2026-07-23 14:32:01-06:00,,
metrobus,metrobus_vehicle_positions,2026-07-23T20:32:04Z,2026-07-23,20260723T203146Z,64cf4c63-55db-4001-8b7f-99efa03aed28,,19576,0.0,19:58:15,20260723,70042,908,1280170,19.44117546081543,-99.1427001953125,233.0,15.0,54.0,,,,1784838713,2026-07-23 14:31:53-06:00,,
metrobus,metrobus_vehicle_positions,2026-07-23T20:32:04Z,2026-07-23,20260723T203146Z,be1200ab-e228-418e-aa3a-937d76184d7f,,19576,0.0,20:15:02,20260723,70043,909,1280171,19.45755386352539,-99.12903594970703,200.0,3.0,10.8,,,,1784838713,2026-07-23 14:31:53-06:00,,
metrobus,metrobus_vehicle_positions,2026-07-23T20:32:04Z,2026-07-23,20260723T203146Z,cc5d97d1-be41-464a-97a7-b782ef1e2d18,,19556,0.0,20:13:53,20260723,69680,2668,002A970,19.364078521728516,-99.10968017578125,192.0,35.0,126.0,,,,1784838718,2026-07-23 14:31:58-06:00,,
metrobus,metrobus_vehicle_positions,2026-07-23T20:32:04Z,2026-07-23,20260723T203146Z,14bd5650-b963-47d9-a769-3597da995e2e,,19558,1.0,19:12:48,20260723,69679,2667,002A969,19.49350357055664,-99.09140014648438,226.0,0.0,0.0,,,,1784838714,2026-07-23 14:31:54-06:00,,
metrobus,metrobus_vehicle_positions,2026-07-23T20:32:04Z,2026-07-23,20260723T203146Z,9c1bdc68-14c2-4511-b6f3-89c0262b9b00,,19558,1.0,19:57:41,20260723,69678,2666,002A968,19.374786376953125,-99.10783386230469,338.0,0.0,0.0,,,,1784838710,2026-07-23 14:31:50-06:00,,
metrobus,metrobus_vehicle_positions,2026-07-23T20:32:04Z,2026-07-23,20260723T203146Z,8a28c6e5-e818-4335-81f7-9e75da277c8f,,20295,0.0,20:05:31,20260723,69677,2665,002A967,19.438247680664062,-99.14901733398438,191.0,36.0,129.6,,,,1784838560,2026-07-23 14:29:20-06:00,,
metrobus,metrobus_vehicle_positions,2026-07-23T20:32:04Z,2026-07-23,20260723T203146Z,4beca2c9-5fa3-4974-9a23-9e544283a26a,,20212,1.0,19:44:36,20260723,69676,2664,002A966,19.461172103881836,-99.10523986816406,222.0,0.0,0.0,,,,1784838707,2026-07-23 14:31:47-06:00,,
metrobus,metrobus_vehicle_positions,2026-07-23T20:32:04Z,2026-07-23,20260723T203146Z,c5fd6022-1f07-4e07-9c38-9d71fd44abca,,19559,0.0,19:16:59,20260723,69675,2663,002A965,19.27704620361328,-99.11833190917969,200.0,0.0,0.0,,,,1784838711,2026-07-23 14:31:51-06:00,,
metrobus,metrobus_vehicle_positions,2026-07-23T20:32:04Z,2026-07-23,20260723T203146Z,f1c23c7c-fc42-4ba4-a4d0-7da155ebdcd9,,20212,1.0,20:27:45,20260723,69674,2662,002A964,19.329185485839844,-99.11351776123047,460.0,0.0,0.0,,,,1784838706,2026-07-23 14:31:46-06:00,,
metrobus,metrobus_vehicle_positions,2026-07-23T20:32:04Z,2026-07-23,20260723T203146Z,dca2bcab-5077-49d1-ae21-c817d2971ee5,,19577,1.0,20:21:20,20260723,70044,910,1280172,19.424480438232422,-99.17280578613281,679.0,6.0,21.6,,,,1784838713,2026-07-23 14:31:53-06:00,,
metrobus,metrobus_vehicle_positions,2026-07-23T20:32:04Z,2026-07-23,20260723T203146Z,53b92df1-7d1c-4c93-a95b-66d48cf6d897,,19576,0.0,19:36:21,20260723,70045,911,1280173,19.424041748046875,-99.18006896972656,280.0,0.0,0.0,,,,1784838711,2026-07-23 14:31:51-06:00,,
metrobus,metrobus_vehicle_positions,2026-07-23T20:32:04Z,2026-07-23,20260723T203146Z,91d62913-02b4-46a0-b6a4-0764aa1d42c1,,19576,0.0,20:05:06,20260723,70046,912,1290114,19.452367782592773,-99.13162231445312,217.0,38.0,136.8,,,,1784838718,2026-07-23 14:31:58-06:00,,
metrobus,metrobus_vehicle_positions,2026-07-23T20:32:04Z,2026-07-23,20260723T203146Z,7497e062-c56a-431a-83df-aa6ab51d71a3,,19578,0.0,20:14:52,20260723,70047,913,1290115,19.457616806030273,-99.12903594970703,200.0,0.0,0.0,,,,1784838717,2026-07-23 14:31:57-06:00,,
metrobus,metrobus_vehicle_positions,2026-07-23T20:32:04Z,2026-07-23,20260723T203146Z,7d52bd49-2988-46a6-b64a-aed1a703efcf,,19576,0.0,19:34:30,20260723,70048,914,1290116,19.424631118774414,-99.1836929321289,279.0,32.0,115.2,,,,1784838714,2026-07-23 14:31:54-06:00,,
metrobus,metrobus_vehicle_positions,2026-07-23T20:32:04Z,2026-07-23,20260723T203146Z,dbfb31c5-bf7f-4e50-9520-8d7efd2f70fb,,19579,1.0,19:42:10,20260723,70049,915,1290117,19.47369956970215,-99.12290954589844,199.0,37.0,133.20000000000002,,,,1784838713,2026-07-23 14:31:53-06:00,,
metrobus,metrobus_vehicle_positions,2026-07-23T20:32:04Z,2026-07-23,20260723T203146Z,d9ef01d2-b1e6-4997-838d-ed9331d768c2,,19577,1.0,20:21:52,20260723,70050,916,1290118,19.4245548248291,-99.17310333251953,643.0,5.0,18.0,,,,1784838714,2026-07-23 14:31:54-06:00,,
metrobus,metrobus_vehicle_positions,2026-07-23T20:32:04Z,2026-07-23,20260723T203146Z,6e001a63-438f-463e-a80e-8e8c0dedb455,,,,,,70051,917,1290119,19.464698791503906,-99.12629699707031,224.0,9.0,32.4,,,,1784838713,2026-07-23 14:31:53-06:00,,
metrobus,metrobus_vehicle_positions,2026-07-23T20:32:04Z,2026-07-23,20260723T203146Z,256c93bc-2099-4a55-96b2-0f252d7cee36,,19577,1.0,20:14:14,20260723,70052,918,1290120,19.42790985107422,-99.16487884521484,668.0,0.0,0.0,,,,1784838709,2026-07-23 14:31:49-06:00,,
metrobus,metrobus_vehicle_positions,2026-07-23T20:32:04Z,2026-07-23,20260723T203146Z,f71de1dc-8452-4c21-b88b-abe5a2eef7a1,,19577,1.0,20:05:56,20260723,70053,919,1290121,19.432415008544922,-99.1559829711914,631.0,10.0,36.0,,,,1784838708,2026-07-23 14:31:48-06:00,,
metrobus,metrobus_vehicle_positions,2026-07-23T20:32:04Z,2026-07-23,20260723T203146Z,50c56901-5806-41c3-bcd6-9141f2302269,,,,,,69501,1110,1230101,19.499372482299805,-99.11909484863281,196.0,0.0,0.0,,,,1784838712,2026-07-23 14:31:52-06:00,,
metrobus,metrobus_vehicle_positions,2026-07-23T20:32:04Z,2026-07-23,20260723T203146Z,aa99d4b9-cd62-4c2c-a154-93ec8c8bde43,,,,,,69498,1107,1230098,19.443504333496094,-99.15431213378906,243.0,12.0,43.2,,,,1784838718,2026-07-23 14:31:58-06:00,,
metrobus,metrobus_vehicle_positions,2026-07-23T20:32:04Z,2026-07-23,20260723T203146Z,2edd8348-39b7-469b-b3bb-491bfa1d3565,,,,,,69497,1106,1230097,19.49944305419922,-99.1191177368164,0.0,0.0,0.0,,,,1784838714,2026-07-23 14:31:54-06:00,,
metrobus,metrobus_vehicle_positions,2026-07-23T20:32:04Z,2026-07-23,20260723T203146Z,e9558515-c2e0-4a5a-9bfc-854ab6d3b4d7,,19492,0.0,19:47:40,20260723,69496,1105,1230096,19.387086868286133,-99.1748275756836,197.0,34.0,122.4,,,,1784838711,2026-07-23 14:31:51-06:00,,
metrobus,metrobus_vehicle_positions,2026-07-23T20:32:04Z,2026-07-23,20260723T203146Z,eb350a92-b046-48e6-a667-b25e612edee1,,19500,1.0,19:59:17,20260723,69495,1104,1230095,19.36560821533203,-99.18159484863281,155.0,0.0,0.0,,,,1784838716,2026-07-23 14:31:56-06:00,,
metrobus,metrobus_vehicle_positions,2026-07-23T20:32:04Z,2026-07-23,20260723T203146Z,21c814c7-104a-4e67-b17d-f34234e3664c,,19492,0.0,20:04:59,20260723,69494,1103,1230094,19.42435646057129,-99.1627197265625,204.0,1.0,3.6,,,,1784838704,2026-07-23 14:31:44-06:00,,
metrobus,metrobus_vehicle_positions,2026-07-23T20:32:04Z,2026-07-23,20260723T203146Z,1e82ccba-0dd6-488a-bf48-cdef954fa269,,19500,1.0,20:29:13,20260723,69493,1102,1230093,19.280471801757812,-99.1699447631836,295.0,5.0,18.0,,,,1784838718,2026-07-23 14:31:58-06:00,,
metrobus,metrobus_vehicle_positions,2026-07-23T20:32:04Z,2026-07-23,20260723T203146Z,c980f447-0647-4cac-a02d-1156e4314aa9,,19492,0.0,20:28:52,20260723,69492,1101,1230092,19.48270034790039,-99.12763214111328,217.0,12.0,43.2,,,,1784838713,2026-07-23 14:31:53-06:00,,
metrobus,metrobus_vehicle_positions,2026-07-23T20:32:04Z,2026-07-23,20260723T203146Z,fcad9b8e-bcc2-4783-b3cd-cb7f8e63200e,,19576,0.0,19:02:21,20260723,70054,920,1290122,19.479263305664062,-99.12077331542969,199.0,21.0,75.60000000000001,,,,1784838704,2026-07-23 14:31:44-06:00,,
metrobus,metrobus_vehicle_positions,2026-07-23T20:32:04Z,2026-07-23,20260723T203146Z,169c1136-ca4f-46aa-a83f-6a92a72c3bda,,19576,0.0,19:02:08,20260723,70055,921,1290123,19.462482452392578,-99.12716674804688,200.0,0.0,0.0,,,,1784838706,2026-07-23 14:31:46-06:00,,
metrobus,metrobus_vehicle_positions,2026-07-23T20:32:04Z,2026-07-23,20260723T203146Z,f8028d58-1a64-4866-82cc-32c511274fae,,,,,,70057,923,1290125,19.48752212524414,-99.11373138427734,269.0,0.0,0.0,,,,1784838708,2026-07-23 14:31:48-06:00,,
metrobus,metrobus_vehicle_positions,2026-07-23T20:32:04Z,2026-07-23,20260723T203146Z,29b5d649-de74-4479-bc6f-e0823d972916,,,,,,70058,924,1290126,19.50838279724121,-99.17256164550781,106.0,0.0,0.0,,,,1784824443,2026-07-23 10:34:03-06:00,,
metrobus,metrobus_vehicle_positions,2026-07-23T20:32:04Z,2026-07-23,20260723T203146Z,dea011c7-59e9-4d3b-84e4-0000564ef4f4,,,,,,70059,925,1290127,19.49252700805664,-99.12074279785156,142.0,0.0,0.0,,,,1784827647,2026-07-23 11:27:27-06:00,,
metrobus,metrobus_vehicle_positions,2026-07-23T20:32:04Z,2026-07-23,20260723T203146Z,4fc1c0fc-34b5-45a0-ba9e-8db491dfbde7,,19576,0.0,19:40:19,20260723,70060,926,1290128,19.42400360107422,-99.1783447265625,287.0,29.0,104.4,,,,1784838708,2026-07-23 14:31:48-06:00,,
metrobus,metrobus_vehicle_positions,2026-07-23T20:32:04Z,2026-07-23,20260723T203146Z,bd55eccd-692c-4917-80fa-9ce0c682ceed,,19500,1.0,19:37:16,20260723,69500,1109,1230100,19.413969039916992,-99.16585540771484,177.0,30.0,108.0,,,,1784838705,2026-07-23 14:31:45-06:00,,
metrobus,metrobus_vehicle_positions,2026-07-23T20:32:04Z,2026-07-23,20260723T203146Z,f300d386-3a6d-41a4-8f13-e1775a4d7488,,19576,0.0,19:32:19,20260723,70061,927,1290129,19.436601638793945,-99.14756774902344,577.0,0.0,0.0,,,,1784838709,2026-07-23 14:31:49-06:00,,
metrobus,metrobus_vehicle_positions,2026-07-23T20:32:04Z,2026-07-23,20260723T203146Z,21bc9557-8fc5-4e3d-b985-dd88780ba8b0,,19499,0.0,20:30:16,20260723,69499,1108,1230099,19.488834381103516,-99.12252044677734,218.0,51.0,183.6,,,,1784838707,2026-07-23 14:31:47-06:00,,
metrobus,metrobus_vehicle_positions,2026-07-23T20:32:04Z,2026-07-23,20260723T203146Z,802982af-5895-45ca-80fd-4b58e27e378e,,19576,0.0,19:48:23,20260723,70062,928,1290130,19.432571411132812,-99.15625762939453,245.0,19.0,68.4,,,,1784838710,2026-07-23 14:31:50-06:00,,
metrobus,metrobus_vehicle_positions,2026-07-23T20:32:04Z,2026-07-23,20260723T203146Z,577bf02a-a166-497a-b491-87daecb4997f,,19576,0.0,19:54:24,20260723,70063,929,1290131,19.437755584716797,-99.14659118652344,227.0,0.0,0.0,,,,1784838709,2026-07-23 14:31:49-06:00,,
metrobus,metrobus_vehicle_positions,2026-07-23T20:32:04Z,2026-07-23,20260723T203146Z,4904ab7e-a422-4295-835c-78b250f01d48,,19497,0.0,19:31:30,20260723,69512,1121,1230112,19.321081161499023,-99.18830871582031,173.0,31.0,111.60000000000001,,,,1784838714,2026-07-23 14:31:54-06:00,,
metrobus,metrobus_vehicle_positions,2026-07-23T20:32:04Z,2026-07-23,20260723T203146Z,23a68054-4ac9-4529-bb02-e7c41b1c8dcd,,19492,0.0,20:10:03,20260723,69511,1120,1230111,19.435081481933594,-99.15779113769531,202.0,8.0,28.8,,,,1784838713,2026-07-23 14:31:53-06:00,,
metrobus,metrobus_vehicle_positions,2026-07-23T20:32:04Z,2026-07-23,20260723T203146Z,b257e515-43d7-4a22-b4b1-c837ba5a999f,,,,,,69509,1118,1230109,0.0,0.0,0.0,0.0,0.0,,,,1784838288,2026-07-23 14:24:48-06:00,,
metrobus,metrobus_vehicle_positions,2026-07-23T20:32:04Z,2026-07-23,20260723T203146Z,96c52d17-3267-49b9-9477-fd3732c1e81b,,19492,0.0,19:39:18,20260723,69508,1117,1230108,19.373409271240234,-99.1791000366211,195.0,0.0,0.0,,,,1784838706,2026-07-23 14:31:46-06:00,,
metrobus,metrobus_vehicle_positions,2026-07-23T20:32:04Z,2026-07-23,20260723T203146Z,6a6236d7-115a-4154-be0b-768e5b561090,,19498,1.0,19:42:30,20260723,69507,1116,1230107,19.403104782104492,-99.16940307617188,189.0,0.0,0.0,,,,1784838716,2026-07-23 14:31:56-06:00,,
metrobus,metrobus_vehicle_positions,2026-07-23T20:32:04Z,2026-07-23,20260723T203146Z,9eb846ad-8c20-469f-95bc-b5571faca20d,,19492,0.0,19:30:00,20260723,69506,1115,1230106,19.359546661376953,-99.18370819091797,197.0,25.0,90.0,,,,1784838708,2026-07-23 14:31:48-06:00,,
metrobus,metrobus_vehicle_positions,2026-07-23T20:32:04Z,2026-07-23,20260723T203146Z,8d331b36-ce3d-442a-9602-0b075be18ff3,,19499,0.0,20:11:38,20260723,69505,1114,1230105,19.437055587768555,-99.15692138671875,201.0,0.0,0.0,,,,1784838722,2026-07-23 14:32:02-06:00,,
metrobus,metrobus_vehicle_positions,2026-07-23T20:32:04Z,2026-07-23,20260723T203146Z,44aba74b-97aa-4061-8e07-b4caee9ad475,,19492,0.0,20:03:31,20260723,69504,1113,1230104,19.423938751220703,-99.16339874267578,224.0,3.0,10.8,,,,1784838713,2026-07-23 14:31:53-06:00,,
metrobus,metrobus_vehicle_positions,2026-07-23T20:32:04Z,2026-07-23,20260723T203146Z,b65df0cb-9600-4c2f-ae80-a487bb154c08,,19500,1.0,19:09:20,20260723,69503,1112,1230103,19.476356506347656,-99.1325454711914,397.0,49.0,176.4,,,,1784838644,2026-07-23 14:30:44-06:00,,
metrobus,metrobus_vehicle_positions,2026-07-23T20:32:04Z,2026-07-23,20260723T203146Z,fe3313df-56ed-4b90-aaaf-71420a759773,,,,,,70064,930,1290132,19.426618576049805,-99.16873168945312,245.0,0.0,0.0,,,,1784838715,2026-07-23 14:31:55-06:00,,
metrobus,metrobus_vehicle_positions,2026-07-23T20:32:04Z,2026-07-23,20260723T203146Z,fb07c297-af76-4038-8e04-7a3f4083608f,,,,,,70065,931,1290133,19.49327850341797,-99.12105560302734,323.0,0.0,0.0,,,,1784838713,2026-07-23 14:31:53-06:00,,
metrobus,metrobus_vehicle_positions,2026-07-23T20:32:04Z,2026-07-23,20260723T203146Z,d66d6863-6169-43fb-8d78-9dc375995da4,,19497,0.0,19:57:17,20260723,69502,1111,1230102,19.38146209716797,-99.17652893066406,197.0,31.0,111.60000000000001,,,,1784838710,2026-07-23 14:31:50-06:00,,
metrobus,metrobus_vehicle_positions,2026-07-23T20:32:04Z,2026-07-23,20260723T203146Z,c04e2fff-5db8-4753-a9d8-2e5118526148,,,,,,70066,932,1290134,19.508188247680664,-99.17274475097656,0.0,0.0,0.0,,,,1784485568,2026-07-19 12:26:08-06:00,,
metrobus,metrobus_vehicle_positions,2026-07-23T20:32:04Z,2026-07-23,20260723T203146Z,1ae7baa3-8dc7-4dbb-8373-6127aea5ba93,,19583,1.0,19:44:04,20260723,70067,933,1290135,19.484561920166016,-99.11370849609375,160.0,14.0,50.4,,,,1784838710,2026-07-23 14:31:50-06:00,,
metrobus,metrobus_vehicle_positions,2026-07-23T20:32:04Z,2026-07-23,20260723T203146Z,fe3f02bb-ba25-4bad-833e-14e225a5418a,,19577,1.0,20:07:30,20260723,70068,934,1290136,19.43132209777832,-99.15835571289062,49.0,0.0,0.0,,,,1784838718,2026-07-23 14:31:58-06:00,,
metrobus,metrobus_vehicle_positions,2026-07-23T20:32:04Z,2026-07-23,20260723T203146Z,3311c681-251d-4385-9394-cb4af866a61e,,,,,,70069,935,1290137,19.436416625976562,-99.14790344238281,562.0,26.0,93.60000000000001,,,,1784838717,2026-07-23 14:31:57-06:00,,
metrobus,metrobus_vehicle_positions,2026-07-23T20:32:04Z,2026-07-23,20260723T203146Z,f537d59d-90cd-4568-9652-7dfe24f73615,,19583,1.0,20:09:04,20260723,70070,936,1290138,19.44737434387207,-99.13550567626953,466.0,0.0,0.0,,,,1784838715,2026-07-23 14:31:55-06:00,,
metrobus,metrobus_vehicle_positions,2026-07-23T20:32:04Z,2026-07-23,20260723T203146Z,20752989-2ea9-4afd-b878-d5efad001fc3,,19576,0.0,20:30:58,20260723,70071,937,1290139,19.487873077392578,-99.11763000488281,196.0,30.0,108.0,,,,1784838718,2026-07-23 14:31:58-06:00,,
metrobus,metrobus_vehicle_positions,2026-07-23T20:32:04Z,2026-07-23,20260723T203146Z,98b964de-7839-4201-8818-b8dadc98b8b5,,,,,,70072,938,1290140,19.515024185180664,-99.14991760253906,0.0,0.0,0.0,,,,1782341461,2026-06-24 16:51:01-06:00,,
metrobus,metrobus_vehicle_positions,2026-07-23T20:32:04Z,2026-07-23,20260723T203146Z,898d569a-1c1e-4c5a-87e3-490804497831,,19577,1.0,19:52:00,20260723,70073,939,1290141,19.443763732910156,-99.13915252685547,527.0,0.0,0.0,,,,1784838715,2026-07-23 14:31:55-06:00,,
metrobus,metrobus_vehicle_positions,2026-07-23T20:32:04Z,2026-07-23,20260723T203146Z,9fac831b-791a-48c7-a15a-3494f86e3354,,,,,,69510,1119,1230110,19.499679565429688,-99.11949920654297,0.0,0.0,0.0,,,,1784837700,2026-07-23 14:15:00-06:00,,
metrobus,metrobus_vehicle_positions,2026-07-23T20:32:04Z,2026-07-23,20260723T203146Z,cde32911-b7c4-400f-87d6-9c0972a1f367,,20211,0.0,20:22:05,20260723,69411,3310,TienepermisodeSEMOVI,19.482444763183594,-99.09810638427734,246.0,42.0,151.20000000000002,,,,1784838713,2026-07-23 14:31:53-06:00,,
metrobus,metrobus_vehicle_positions,2026-07-23T20:32:04Z,2026-07-23,20260723T203146Z,1cc7e963-ba3c-4a8d-9c02-08cf923c2ab7,,19494,0.0,20:30:00,20260723,69523,1132,1230026,19.486650466918945,-99.1243667602539,220.0,21.0,75.60000000000001,,,,1784838707,2026-07-23 14:31:47-06:00,,
metrobus,metrobus_vehicle_positions,2026-07-23T20:32:04Z,2026-07-23,20260723T203146Z,7d477309-c002-4edb-9090-a55de134822f,,19499,0.0,17:49:11,20260723,69522,1131,1230025,19.49941062927246,-99.11914825439453,192.0,0.0,0.0,,,,1784830202,2026-07-23 12:10:02-06:00,,
metrobus,metrobus_vehicle_positions,2026-07-23T20:32:04Z,2026-07-23,20260723T203146Z,903775fb-ef96-4754-bf35-447c984c1777,,19499,0.0,19:10:36,20260723,69521,1130,1230024,19.29534912109375,-99.18446350097656,117.0,37.0,133.20000000000002,,,,1784838717,2026-07-23 14:31:57-06:00,,
metrobus,metrobus_vehicle_positions,2026-07-23T20:32:04Z,2026-07-23,20260723T203146Z,a52f58e3-9617-490f-9588-5b23d92840dd,,19562,1.0,19:42:02,20260723,69408,3307,1230171,19.38324546813965,-99.06477355957031,101.0,38.0,136.8,,,,1784838707,2026-07-23 14:31:47-06:00,,
metrobus,metrobus_vehicle_positions,2026-07-23T20:32:04Z,2026-07-23,20260723T203146Z,8ec3436a-e16c-45da-87c8-2e8c0183424c,,19497,0.0,20:00:31,20260723,69520,1129,1230022,19.38936424255371,-99.17398071289062,196.0,0.0,0.0,,,,1784838714,2026-07-23 14:31:54-06:00,,
metrobus,metrobus_vehicle_positions,2026-07-23T20:32:04Z,2026-07-23,20260723T203146Z,a02a74c4-e5ba-45c7-9773-d096f8df7538,,19562,1.0,19:30:43,20260723,69407,3306,1230185,19.396944046020508,-99.05835723876953,320.0,21.0,75.60000000000001,,,,1784838719,2026-07-23 14:31:59-06:00,,
metrobus,metrobus_vehicle_positions,2026-07-23T20:32:04Z,2026-07-23,20260723T203146Z,3e30e08e-3abc-4b2d-b824-1cb11d4e521d,,19498,1.0,20:24:07,20260723,69519,1128,003A008,19.295024871826172,-99.18285369873047,303.0,30.0,108.0,,,,1784838714,2026-07-23 14:31:54-06:00,,
metrobus,metrobus_vehicle_positions,2026-07-23T20:32:04Z,2026-07-23,20260723T203146Z,33c54cec-8b2b-419e-83d8-650c2790694b,,19564,0.0,20:20:02,20260723,69406,3305,1230183,19.38352394104004,-99.0657730102539,280.0,17.0,61.2,,,,1784838710,2026-07-23 14:31:50-06:00,,
metrobus,metrobus_vehicle_positions,2026-07-23T20:32:04Z,2026-07-23,20260723T203146Z,344dd0d8-4c45-4dc3-8dde-946f502212f9,,19499,0.0,20:24:25,20260723,69518,1127,003A007,19.468154907226562,-99.13958740234375,222.0,34.0,122.4,,,,1784838717,2026-07-23 14:31:57-06:00,,
metrobus,metrobus_vehicle_positions,2026-07-23T20:32:04Z,2026-07-23,20260723T203146Z,a58af727-4dda-485e-9055-96032541d44f,,19565,1.0,20:08:24,20260723,69405,3304,1230189,19.39653205871582,-99.09598541259766,971.0,0.0,0.0,,,,1784838706,2026-07-23 14:31:46-06:00,,
metrobus,metrobus_vehicle_positions,2026-07-23T20:32:04Z,2026-07-23,20260723T203146Z,b5d694e0-0852-4b3b-a133-523a8d538792,,19491,1.0,19:50:42,20260723,69517,1126,003A006,19.423255920410156,-99.16270446777344,646.0,0.0,0.0,,,,1784838713,2026-07-23 14:31:53-06:00,,
metrobus,metrobus_vehicle_positions,2026-07-23T20:32:04Z,2026-07-23,20260723T203146Z,c3f5d8c4-dcf9-4893-b128-dab561be4eb1,,19567,1.0,19:52:54,20260723,69404,3303,1230179,19.396835327148438,-99.09957122802734,928.0,6.0,21.6,,,,1784838711,2026-07-23 14:31:51-06:00,,
metrobus,metrobus_vehicle_positions,2026-07-23T20:32:04Z,2026-07-23,20260723T203146Z,839d7b5a-2c27-4ce1-8ade-1d98a52228fe,,,,,,69516,1125,003A005,19.50018310546875,-99.11930847167969,0.0,0.0,0.0,,,,1784838708,2026-07-23 14:31:48-06:00,,
metrobus,metrobus_vehicle_positions,2026-07-23T20:32:04Z,2026-07-23,20260723T203146Z,9a4bbc57-bfae-42ea-938a-d60e45e26f0d,,19497,0.0,20:03:28,20260723,69515,1124,003A004,19.39763832092285,-99.17130279541016,197.0,0.0,0.0,,,,1784838715,2026-07-23 14:31:55-06:00,,
metrobus,metrobus_vehicle_positions,2026-07-23T20:32:04Z,2026-07-23,20260723T203146Z,bce29f56-1549-4dd7-b8d4-165e2b332660,,19566,0.0,19:44:43,20260723,69403,3302,1230188,19.39532470703125,-99.14705657958984,273.0,0.0,0.0,,,,1784838715,2026-07-23 14:31:55-06:00,,
metrobus,metrobus_vehicle_positions,2026-07-23T20:32:04Z,2026-07-23,20260723T203146Z,5c5c36f6-4f97-4271-8b68-296a51948d9b,,19576,0.0,20:08:49,20260723,70074,940,1290142,19.453689575195312,-99.13063049316406,208.0,0.0,0.0,,,,1784838715,2026-07-23 14:31:55-06:00,,
metrobus,metrobus_vehicle_positions,2026-07-23T20:32:04Z,2026-07-23,20260723T203146Z,2449f22c-c01a-4364-b663-1b146d3120a1,,,,,,70075,941,1290143,19.5084285736084,-99.17280578613281,0.0,0.0,0.0,,,,1784828495,2026-07-23 11:41:35-06:00,,
metrobus,metrobus_vehicle_positions,2026-07-23T20:32:04Z,2026-07-23,20260723T203146Z,2ac92d9e-bb45-4eae-846a-e40d904269b8,,,,,,69514,1123,003A003,19.499685287475586,-99.1191635131836,0.0,0.0,0.0,,,,1784832719,2026-07-23 12:51:59-06:00,,
metrobus,metrobus_vehicle_positions,2026-07-23T20:32:04Z,2026-07-23,20260723T203146Z,1de1aae6-81af-4032-b1ad-e8361b30978d,,19562,1.0,19:37:20,20260723,69402,3301,1230186,19.38856315612793,-99.05986785888672,810.0,0.0,0.0,,,,1784838714,2026-07-23 14:31:54-06:00,,
metrobus,metrobus_vehicle_positions,2026-07-23T20:32:04Z,2026-07-23,20260723T203146Z,a8e3219c-d31b-42d4-86a3-b6cc26f0e051,,,,,,69513,1122,003A002,19.49970817565918,-99.11936950683594,0.0,0.0,0.0,,,,1784838715,2026-07-23 14:31:55-06:00,,
metrobus,metrobus_vehicle_positions,2026-07-23T20:32:04Z,2026-07-23,20260723T203146Z,8a9d33c1-3a2e-4ae1-ab33-4fe0efb36b8a,,,,,,70076,942,1290144,19.49253273010254,-99.1204833984375,327.0,0.0,0.0,,,,1784838714,2026-07-23 14:31:54-06:00,,
metrobus,metrobus_vehicle_positions,2026-07-23T20:32:04Z,2026-07-23,20260723T203146Z,b0ddcca4-02a3-4f46-9253-722337bd8721,,19470,0.0,19:29:51,20260723,69324,701,1240014,19.511709213256836,-99.19615173339844,274.0,0.0,0.0,,,,1784838719,2026-07-23 14:31:59-06:00,,
metrobus,metrobus_vehicle_positions,2026-07-23T20:32:04Z,2026-07-23,20260723T203146Z,dd84f6c9-8734-4540-b410-3418e84623a7,,19472,1.0,20:29:10,20260723,69325,702,1240015,19.48859405517578,-99.12771606445312,106.0,0.0,0.0,,,,1784838716,2026-07-23 14:31:56-06:00,,
metrobus,metrobus_vehicle_positions,2026-07-23T20:32:04Z,2026-07-23,20260723T203146Z,dd94f406-078a-4058-bf8c-acab1958756e,,19473,0.0,19:56:28,20260723,69326,703,1240016,19.48878288269043,-99.1280288696289,291.0,0.0,0.0,,,,1784838691,2026-07-23 14:31:31-06:00,,
metrobus,metrobus_vehicle_positions,2026-07-23T20:32:04Z,2026-07-23,20260723T203146Z,77cf43b0-767f-4c5c-acd1-7e9ae1a9d5c3,,19470,0.0,19:44:46,20260723,69327,704,1240017,19.493432998657227,-99.14618682861328,281.0,32.0,115.2,,,,1784838714,2026-07-23 14:31:54-06:00,,
metrobus,metrobus_vehicle_positions,2026-07-23T20:32:04Z,2026-07-23,20260723T203146Z,94ad1391-6c51-4e29-9e47-44c1f4234e8d,,19470,0.0,20:12:23,20260723,69328,705,1240018,19.477296829223633,-99.09326934814453,292.0,0.0,0.0,,,,1784838717,2026-07-23 14:31:57-06:00,,
metrobus,metrobus_vehicle_positions,2026-07-23T20:32:04Z,2026-07-23,20260723T203146Z,0a8002d9-2bc1-49d2-86f3-965c17414838,,19473,0.0,20:12:18,20260723,69329,706,1240019,19.47855567932129,-99.09638977050781,294.0,35.0,126.0,,,,1784838713,2026-07-23 14:31:53-06:00,,
metrobus,metrobus_vehicle_positions,2026-07-23T20:32:04Z,2026-07-23,20260723T203146Z,c2d85d9f-c0ef-4b79-8abe-e056303a6065,,19563,0.0,19:45:27,20260723,69410,3309,1230181,19.395212173461914,-99.14582824707031,278.0,0.0,0.0,,,,1784838711,2026-07-23 14:31:51-06:00,,
metrobus,metrobus_vehicle_positions,2026-07-23T20:32:04Z,2026-07-23,20260723T203146Z,6b4eeb6f-5595-4866-8684-68118f3b7c36,,19470,0.0,19:56:13,20260723,69330,707,1240020,19.4675235748291,-99.08037567138672,188.0,0.0,0.0,,,,1784837492,2026-07-23 14:11:32-06:00,,
metrobus,metrobus_vehicle_positions,2026-07-23T20:32:04Z,2026-07-23,20260723T203146Z,722805b1-a617-4159-b91b-796617d59442,,19470,0.0,19:39:42,20260723,69331,708,1240021,19.499801635742188,-99.17364501953125,298.0,55.0,198.0,,,,1784838701,2026-07-23 14:31:41-06:00,,
metrobus,metrobus_vehicle_positions,2026-07-23T20:32:04Z,2026-07-23,20260723T203146Z,e55b8973-b053-48a4-8af0-754d7f4e6992,,19563,0.0,19:38:36,20260723,69409,3308,1230178,19.396991729736328,-99.16407012939453,282.0,0.0,0.0,,,,1784838709,2026-07-23 14:31:49-06:00,,
metrobus,metrobus_vehicle_positions,2026-07-23T20:32:04Z,2026-07-23,20260723T203146Z,bc02e991-b5c0-407d-8763-4df56c2bd8fd,,19471,1.0,20:30:15,20260723,69332,709,1240022,19.511533737182617,-99.19760131835938,842.0,2.0,7.2,,,,1784838706,2026-07-23 14:31:46-06:00,,
metrobus,metrobus_vehicle_positions,2026-07-23T20:32:04Z,2026-07-23,20260723T203146Z,f9c63481-532a-45a4-9815-d6d32e3650fb,,19497,0.0,19:41:10,20260723,69534,1143,1230001,19.35658836364746,-99.1845932006836,197.0,0.0,0.0,,,,1784838713,2026-07-23 14:31:53-06:00,,
metrobus,metrobus_vehicle_positions,2026-07-23T20:32:04Z,2026-07-23,20260723T203146Z,59ca6daa-495e-4280-8f9d-e2bdb21b6711,,19491,1.0,20:10:19,20260723,69533,1142,1230004,19.386796951293945,-99.1747055053711,173.0,26.0,93.60000000000001,,,,1784838715,2026-07-23 14:31:55-06:00,,
metrobus,metrobus_vehicle_positions,2026-07-23T20:32:04Z,2026-07-23,20260723T203146Z,f11ee1c8-6c7e-4926-b51c-1c915765e61a,,19563,0.0,20:18:23,20260723,69421,3320,1230192,19.38620948791504,-99.07147979736328,299.0,29.0,104.4,,,,1784838716,2026-07-23 14:31:56-06:00,,
metrobus,metrobus_vehicle_positions,2026-07-23T20:32:04Z,2026-07-23,20260723T203146Z,e48dbf4b-fdde-4a53-97ba-4848bbc31c85,,19494,0.0,20:30:34,20260723,69532,1141,1230045,19.49932289123535,-99.11929321289062,0.0,0.0,0.0,,,,1784838709,2026-07-23 14:31:49-06:00,,
metrobus,metrobus_vehicle_positions,2026-07-23T20:32:04Z,2026-07-23,20260723T203146Z,16d50d25-7902-4163-a98c-b35d8ded9759,,19497,0.0,19:19:23,20260723,69531,1140,1230044,19.28837776184082,-99.174560546875,200.0,21.0,75.60000000000001,,,,1784838719,2026-07-23 14:31:59-06:00,,
metrobus,metrobus_vehicle_positions,2026-07-23T20:32:04Z,2026-07-23,20260723T203146Z,e6fa5d90-001b-4ac1-b682-d776fe41887b,,19567,1.0,19:59:37,20260723,69419,3318,1230190,19.39788818359375,-99.10973358154297,103.0,50.0,180.0,,,,1784838716,2026-07-23 14:31:56-06:00,,
metrobus,metrobus_vehicle_positions,2026-07-23T20:32:04Z,2026-07-23,20260723T203146Z,aa613913-49cc-4724-b54e-1c4f405a71a4,,19500,1.0,20:10:01,20260723,69530,1139,1230040,19.339204788208008,-99.19039916992188,354.0,35.0,126.0,,,,1784838712,2026-07-23 14:31:52-06:00,,
metrobus,metrobus_vehicle_positions,2026-07-23T20:32:04Z,2026-07-23,20260723T203146Z,4b04978c-5f6d-40a6-a3a5-ffd9ef31748b,,19559,0.0,19:36:02,20260723,69418,3317,TienepermisodeSEMOVI,19.343677520751953,-99.11237335205078,191.0,45.0,162.0,,,,1784838722,2026-07-23 14:32:02-06:00,,
metrobus,metrobus_vehicle_positions,2026-07-23T20:32:04Z,2026-07-23,20260723T203146Z,a6291a50-466d-451e-9af7-3a34f9da9999,,20211,0.0,18:55:30,20260723,69417,3316,TienepermisodeSEMOVI,19.48470115661621,-99.09519958496094,218.0,37.0,133.20000000000002,,,,1784838716,2026-07-23 14:31:56-06:00,,
metrobus,metrobus_vehicle_positions,2026-07-23T20:32:04Z,2026-07-23,20260723T203146Z,76a4b41f-1bd7-4416-b370-79134cce2eca,,19492,0.0,19:34:18,20260723,69529,1138,1230038,19.368478775024414,-99.1807632446289,197.0,4.0,14.4,,,,1784838708,2026-07-23 14:31:48-06:00,,
metrobus,metrobus_vehicle_positions,2026-07-23T20:32:04Z,2026-07-23,20260723T203146Z,2189a08e-a7d5-40df-ac49-0e43de1fefb5,,20211,0.0,20:08:54,20260723,69416,3315,TienepermisodeSEMOVI,19.450117111206055,-99.1103286743164,193.0,36.0,129.6,,,,1784838721,2026-07-23 14:32:01-06:00,,
metrobus,metrobus_vehicle_positions,2026-07-23T20:32:04Z,2026-07-23,20260723T203146Z,72be760a-cea9-4d3c-b878-92cdb27ae8a1,,19498,1.0,20:27:19,20260723,69528,1137,1230037,19.284175872802734,-99.17562103271484,348.0,37.0,133.20000000000002,,,,1784838710,2026-07-23 14:31:50-06:00,,
metrobus,metrobus_vehicle_positions,2026-07-23T20:32:04Z,2026-07-23,20260723T203146Z,036165bb-525b-49d6-9640-26431f664f7e,,19499,0.0,19:16:52,20260723,69527,1136,1230031,19.30366325378418,-99.18614959716797,173.0,23.0,82.8,,,,1784838717,2026-07-23 14:31:57-06:00,,
metrobus,metrobus_vehicle_positions,2026-07-23T20:32:04Z,2026-07-23,20260723T203146Z,493d312c-3160-4125-bc1e-49ec1325e56b,,,,,,69415,3314,TienepermisodeSEMOVI,19.4781551361084,-99.06352996826172,159.0,0.0,0.0,,,,1784832118,2026-07-23 12:41:58-06:00,,
metrobus,metrobus_vehicle_positions,2026-07-23T20:32:04Z,2026-07-23,20260723T203146Z,f4cf8f5f-7236-41cd-b8c6-478743c3c282,,19494,0.0,19:38:48,20260723,69526,1135,1230029,19.499271392822266,-99.11966705322266,0.0,0.0,0.0,,,,1784838718,2026-07-23 14:31:58-06:00,,
metrobus,metrobus_vehicle_positions,2026-07-23T20:32:04Z,2026-07-23,20260723T203146Z,ef637bd7-c025-4f0d-9630-883e5d2e4597,,,,,,69414,3313,TienepermisodeSEMOVI,19.478073120117188,-99.06352233886719,321.0,1.0,3.6,,,,1784821953,2026-07-23 09:52:33-06:00,,
metrobus,metrobus_vehicle_positions,2026-07-23T20:32:04Z,2026-07-23,20260723T203146Z,bdd8e751-9550-4469-b3e1-4fce78f6cde4,,19500,1.0,19:51:04,20260723,69525,1134,1230028,19.38254737854004,-99.1760482788086,175.0,0.0,0.0,,,,1784838704,2026-07-23 14:31:44-06:00,,
metrobus,metrobus_vehicle_positions,2026-07-23T20:32:04Z,2026-07-23,20260723T203146Z,2c468889-8167-49b5-9a23-d4eb35063111,,19470,0.0,20:04:49,20260723,69413,3312,TienepermisodeSEMOVI,19.482229232788086,-99.10563659667969,292.0,13.0,46.800000000000004,,,,1784838716,2026-07-23 14:31:56-06:00,,
metrobus,metrobus_vehicle_positions,2026-07-23T20:32:04Z,2026-07-23,20260723T203146Z,3c1a24a7-c0ce-4609-a40a-e65bd24c326d,,19472,1.0,19:58:51,20260723,69333,710,1240023,19.4713077545166,-99.0669174194336,138.0,50.0,180.0,,,,1784838704,2026-07-23 14:31:44-06:00,,
metrobus,metrobus_vehicle_positions,2026-07-23T20:32:04Z,2026-07-23,20260723T203146Z,e65e3751-f093-4bce-9485-b6e1e0874a5b,,,,,,69334,711,1240024,19.480518341064453,-99.1012954711914,292.0,0.0,0.0,,,,1784838713,2026-07-23 14:31:53-06:00,,
metrobus,metrobus_vehicle_positions,2026-07-23T20:32:04Z,2026-07-23,20260723T203146Z,a87507a4-3646-40f6-a5af-c34ec9c4726a,,19559,0.0,19:52:17,20260723,69412,3311,TienepermisodeSEMOVI,19.398452758789062,-99.1136245727539,177.0,35.0,126.0,,,,1784838717,2026-07-23 14:31:57-06:00,,
metrobus,metrobus_vehicle_positions,2026-07-23T20:32:04Z,2026-07-23,20260723T203146Z,9863812f-ef6c-489e-b404-4f58f78c6cba,,,,,,69524,1133,1230027,19.499319076538086,-99.11907958984375,0.0,0.0,0.0,,,,1784838708,2026-07-23 14:31:48-06:00,,
metrobus,metrobus_vehicle_positions,2026-07-23T20:32:04Z,2026-07-23,20260723T203146Z,e16e6f90-7819-47ed-a090-2bd33013c6b2,,,,,,69335,712,1240109,19.478328704833984,-99.06363677978516,154.0,0.0,0.0,,,,1784838441,2026-07-23 14:27:21-06:00,,
metrobus,metrobus_vehicle_positions,2026-07-23T20:32:04Z,2026-07-23,20260723T203146Z,4b5c5761-ebc1-44bc-90bb-04490a36da94,,19472,1.0,20:02:51,20260723,69336,713,1240110,19.4664249420166,-99.07350158691406,103.0,27.0,97.2,,,,1784838706,2026-07-23 14:31:46-06:00,,
metrobus,metrobus_vehicle_positions,2026-07-23T20:32:04Z,2026-07-23,20260723T203146Z,2cdd8f0f-4e44-4f50-9080-74fcd3137bd5,,19471,1.0,19:45:52,20260723,69337,714,1240111,19.477638244628906,-99.0948257446289,114.0,40.0,144.0,,,,1784838709,2026-07-23 14:31:49-06:00,,
metrobus,metrobus_vehicle_positions,2026-07-23T20:32:04Z,2026-07-23,20260723T203146Z,ef972f50-012f-4d04-a3a7-48761228dadb,,19471,1.0,20:01:28,20260723,69338,715,1240112,19.484947204589844,-99.11865997314453,189.0,11.0,39.6,,,,1784838710,2026-07-23 14:31:50-06:00,,
metrobus,metrobus_vehicle_positions,2026-07-23T20:32:04Z,2026-07-23,20260723T203146Z,5b3b987c-a7db-4bc0-ab62-2fd4772da67f,,,,,,69339,716,ConPermisovencido,19.464773178100586,-99.05937957763672,134.0,11.0,39.6,,,,1784838715,2026-07-23 14:31:55-06:00,,
metrobus,metrobus_vehicle_positions,2026-07-23T20:32:04Z,2026-07-23,20260723T203146Z,a4013802-5d87-41b3-b365-9f3dc34061d2,,19472,1.0,20:01:00,20260723,69340,717,1240114,19.47113609313965,-99.07087707519531,15.0,7.0,25.2,,,,1784838717,2026-07-23 14:31:57-06:00,,
metrobus,metrobus_vehicle_positions,2026-07-23T20:32:04Z,2026-07-23,20260723T203146Z,f1df0e4b-f911-4a7a-8978-2e9a1a93390b,,,,,,69341,718,1240115,19.477895736694336,-99.06373596191406,0.0,0.0,0.0,,,,1784832389,2026-07-23 12:46:29-06:00,,
metrobus,metrobus_vehicle_positions,2026-07-23T20:32:04Z,2026-07-23,20260723T203146Z,fde6e40e-033f-4b09-a1ab-54c8a34ea708,,19470,0.0,20:20:57,20260723,69342,719,1240116,19.475427627563477,-99.07913970947266,186.0,41.0,147.6,,,,1784838720,2026-07-23 14:32:00-06:00,,
metrobus,metrobus_vehicle_positions,2026-07-23T20:32:04Z,2026-07-23,20260723T203146Z,51b1eb84-f410-450d-bce1-3c1c99fb94c1,,,,,,69420,3319,1230191,19.390785217285156,-99.04692077636719,214.0,11.0,39.6,,,,1784838716,2026-07-23 14:31:56-06:00,,
metrobus,metrobus_vehicle_positions,2026-07-23T20:32:04Z,2026-07-23,20260723T203146Z,c42d6a83-3edf-4721-9aee-56c89260a5a5,,19499,0.0,20:15:59,20260723,69538,1147,1230030,19.44660758972168,-99.15324401855469,191.0,12.0,43.2,,,,1784838711,2026-07-23 14:31:51-06:00,,
metrobus,metrobus_vehicle_positions,2026-07-23T20:32:04Z,2026-07-23,20260723T203146Z,4b00c55a-9865-47e4-9e59-6e9a5bff8ae5,,19471,1.0,19:30:28,20260723,69343,720,1240117,19.4664249420166,-99.0611801147461,132.0,0.0,0.0,,,,1784838706,2026-07-23 14:31:46-06:00,,
metrobus,metrobus_vehicle_positions,2026-07-23T20:32:04Z,2026-07-23,20260723T203146Z,a01b1e9f-8819-4828-a05a-088549773004,,19499,0.0,20:07:46,20260723,69537,1146,1230023,19.432743072509766,-99.15888214111328,203.0,0.0,0.0,,,,1784838712,2026-07-23 14:31:52-06:00,,
metrobus,metrobus_vehicle_positions,2026-07-23T20:32:04Z,2026-07-23,20260723T203146Z,7a424ec1-aeaa-4d24-9006-7cb712b0355a,,19497,0.0,20:14:00,20260723,69536,1145,1230041,19.413761138916016,-99.16606140136719,197.0,25.0,90.0,,,,1784838706,2026-07-23 14:31:46-06:00,,
metrobus,metrobus_vehicle_positions,2026-07-23T20:32:04Z,2026-07-23,20260723T203146Z,20b10436-7c49-4e7b-aa79-c03f92a1c5b3,,19472,1.0,20:24:50,20260723,69344,721,1240118,19.4852294921875,-99.11906433105469,108.0,0.0,0.0,,,,1784838712,2026-07-23 14:31:52-06:00,,
metrobus,metrobus_vehicle_positions,2026-07-23T20:32:04Z,2026-07-23,20260723T203146Z,46935493-9e26-445b-9330-510d7c4650fd,,,,,,69345,722,1240159,19.46481704711914,-99.05928039550781,313.0,0.0,0.0,,,,1784838713,2026-07-23 14:31:53-06:00,,
metrobus,metrobus_vehicle_positions,2026-07-23T20:32:04Z,2026-07-23,20260723T203146Z,0bd34084-e94c-4cc5-9895-872f04787fb7,,,,,,69535,1144,1230047,19.50048828125,-99.11823272705078,0.0,0.0,0.0,,,,1784567245,2026-07-20 11:07:25-06:00,,
metrobus,metrobus_vehicle_positions,2026-07-23T20:32:04Z,2026-07-23,20260723T203146Z,f82efc3e-19b0-492f-a706-2423e88756de,,19471,1.0,20:28:44,20260723,69346,723,1240160,19.511571884155273,-99.19710540771484,851.0,0.0,0.0,,,,1784838717,2026-07-23 14:31:57-06:00,,
metrobus,metrobus_vehicle_positions,2026-07-23T20:32:04Z,2026-07-23,20260723T203146Z,0937b497-ff00-4447-bd9d-564b391490db,,19471,1.0,20:04:50,20260723,69347,724,1240161,19.488792419433594,-99.12835693359375,111.0,21.0,75.60000000000001,,,,1784838717,2026-07-23 14:31:57-06:00,,
metrobus,metrobus_vehicle_positions,2026-07-23T20:32:04Z,2026-07-23,20260723T203146Z,49c205e8-c002-42ae-a73b-84b143685a00,,19473,0.0,20:22:18,20260723,69348,725,1240162,19.47681427001953,-99.07867431640625,199.0,40.0,144.0,,,,1784838710,2026-07-23 14:31:50-06:00,,
metrobus,metrobus_vehicle_positions,2026-07-23T20:32:04Z,2026-07-23,20260723T203146Z,e61f5ecb-18a6-4f8c-a17c-4f0440a81b16,,19470,0.0,19:45:28,20260723,69349,726,1240163,19.493263244628906,-99.14537811279297,282.0,0.0,0.0,,,,1784838707,2026-07-23 14:31:47-06:00,,
metrobus,metrobus_vehicle_positions,2026-07-23T20:32:04Z,2026-07-23,20260723T203146Z,8cefc789-439e-4113-acac-e7354b20ebcd,,,,,,69350,727,1240164,19.479095458984375,-99.0638198852539,0.0,0.0,0.0,,,,1784838710,2026-07-23 14:31:50-06:00,,
metrobus,metrobus_vehicle_positions,2026-07-23T20:32:04Z,2026-07-23,20260723T203146Z,619bf1f9-b2c1-4d00-94b4-818f5e8d86dd,,19473,0.0,20:03:28,20260723,69351,728,1240165,19.483720779418945,-99.11125946044922,282.0,34.0,122.4,,,,1784838711,2026-07-23 14:31:51-06:00,,
metrobus,metrobus_vehicle_positions,2026-07-23T20:32:04Z,2026-07-23,20260723T203146Z,7f56c064-ef22-4890-a1d5-af0d3171a108,,,,,,69352,729,1240166,19.492671966552734,-99.1422348022461,283.0,52.0,187.20000000000002,,,,1784838714,2026-07-23 14:31:54-06:00,,
metrobus,metrobus_vehicle_positions,2026-07-23T20:32:04Z,2026-07-23,20260723T203146Z,ac31953a-662d-4c3a-9f42-cf615a03d844,,19566,0.0,19:40:02,20260723,70117,3343,1250008,19.396387100219727,-99.1613540649414,284.0,23.0,82.8,,,,1784838705,2026-07-23 14:31:45-06:00,,
metrobus,metrobus_vehicle_positions,2026-07-23T20:32:04Z,2026-07-23,20260723T203146Z,4d6be100-573d-4bfd-a274-416970fcfba1,,19562,1.0,20:20:01,20260723,70116,3342,1250009,19.402265548706055,-99.16836547851562,166.0,38.0,136.8,,,,1784838710,2026-07-23 14:31:50-06:00,,
metrobus,metrobus_vehicle_positions,2026-07-23T20:32:04Z,2026-07-23,20260723T203146Z,a55e0df0-4048-40b6-aac6-f5c706a068ed,,19566,0.0,20:07:53,20260723,70115,3341,1250013,19.387935638427734,-99.08136749267578,305.0,39.0,140.4,,,,1784838719,2026-07-23 14:31:59-06:00,,
metrobus,metrobus_vehicle_positions,2026-07-23T20:32:04Z,2026-07-23,20260723T203146Z,77e910f8-955a-44e6-8f8e-36883f084cfe,,19567,1.0,20:09:08,20260723,70114,3340,1250014,19.396081924438477,-99.13121032714844,137.0,45.0,162.0,,,,1784838718,2026-07-23 14:31:58-06:00,,
metrobus,metrobus_vehicle_positions,2026-07-23T20:32:04Z,2026-07-23,20260723T203146Z,e92a842b-7543-4d71-b88b-711883b69abd,,19565,1.0,20:28:04,20260723,70113,3339,1250012,19.39472770690918,-99.14283752441406,982.0,0.0,0.0,,,,1784838710,2026-07-23 14:31:50-06:00,,
metrobus,metrobus_vehicle_positions,2026-07-23T20:32:04Z,2026-07-23,20260723T203146Z,5129b3bd-166c-420c-838d-776a2c7322c5,,,,,,70112,3338,1250011,19.386585235595703,-99.05984497070312,0.0,0.0,0.0,,,,1784837342,2026-07-23 14:09:02-06:00,,
metrobus,metrobus_vehicle_positions,2026-07-23T20:32:04Z,2026-07-23,20260723T203146Z,77ce4480-8e18-46c6-9974-9a92e76a9a83,,,,,,69353,730,1240167,19.479463577270508,-99.06380462646484,338.0,0.0,0.0,,,,1784831662,2026-07-23 12:34:22-06:00,,
metrobus,metrobus_vehicle_positions,2026-07-23T20:32:04Z,2026-07-23,20260723T203146Z,e434d25c-4bbc-4840-8e50-862e4500db4e,,,,,,69354,731,1240168,19.478286743164062,-99.06369018554688,157.0,0.0,0.0,,,,1784838721,2026-07-23 14:32:01-06:00,,
metrobus,metrobus_vehicle_positions,2026-07-23T20:32:04Z,2026-07-23,20260723T203146Z,15870aea-a018-4f60-902c-aed19405f8e1,,19471,1.0,19:35:51,20260723,69355,732,1240169,19.47333526611328,-99.06877899169922,136.0,24.0,86.4,,,,1784838711,2026-07-23 14:31:51-06:00,,
metrobus,metrobus_vehicle_positions,2026-07-23T20:32:04Z,2026-07-23,20260723T203146Z,92193435-21ec-41da-9bf6-4ccbe511efbb,,,,,,69356,733,1240170,19.464773178100586,-99.05923461914062,315.0,0.0,0.0,,,,1784812871,2026-07-23 07:21:11-06:00,,
metrobus,metrobus_vehicle_positions,2026-07-23T20:32:04Z,2026-07-23,20260723T203146Z,76eaf77a-5073-42e6-b79c-b96f068b9105,,19472,1.0,19:53:44,20260723,69357,734,1240171,19.46766471862793,-99.06256866455078,133.0,0.0,0.0,,,,1784838713,2026-07-23 14:31:53-06:00,,
metrobus,metrobus_vehicle_positions,2026-07-23T20:32:04Z,2026-07-23,20260723T203146Z,9b32076e-8167-44f8-a660-32aa4787d1db,,19473,0.0,20:16:41,20260723,69358,735,1240172,19.468517303466797,-99.08426666259766,298.0,0.0,0.0,,,,1784838720,2026-07-23 14:32:00-06:00,,
metrobus,metrobus_vehicle_positions,2026-07-23T20:32:04Z,2026-07-23,20260723T203146Z,d6eab32c-cb3f-4ee6-b515-0ae52d03a827,,19470,0.0,20:19:24,20260723,69359,736,1240173,19.467519760131836,-99.08033752441406,187.0,0.0,0.0,,,,1784838717,2026-07-23 14:31:57-06:00,,
metrobus,metrobus_vehicle_positions,2026-07-23T20:32:04Z,2026-07-23,20260723T203146Z,23bd5bbe-ac60-4d29-ad41-e55168fbd540,,19562,1.0,19:51:40,20260723,69725,3353,1250030,19.396465301513672,-99.09552764892578,971.0,0.0,0.0,,,,1784838710,2026-07-23 14:31:50-06:00,,
metrobus,metrobus_vehicle_positions,2026-07-23T20:32:04Z,2026-07-23,20260723T203146Z,03e1db93-da2a-421e-afe9-ea44b9952bc3,,19563,0.0,19:59:54,20260723,69724,3352,1250029,19.397075653076172,-99.10186767578125,272.0,47.0,169.20000000000002,,,,1784838717,2026-07-23 14:31:57-06:00,,
metrobus,metrobus_vehicle_positions,2026-07-23T20:32:04Z,2026-07-23,20260723T203146Z,174260b6-cd94-496b-bec1-7329ca677242,,,,,,69723,3351,1250028,19.38909339904785,-99.05926513671875,171.0,0.0,0.0,,,,1784838719,2026-07-23 14:31:59-06:00,,
metrobus,metrobus_vehicle_positions,2026-07-23T20:32:04Z,2026-07-23,20260723T203146Z,c2bc88b3-0238-4812-8359-4c23fdba9733,,19562,1.0,19:43:14,20260723,70120,3346,003A018,19.383987426757812,-99.06949615478516,996.0,32.0,115.2,,,,1784838717,2026-07-23 14:31:57-06:00,,
metrobus,metrobus_vehicle_positions,2026-07-23T20:32:04Z,2026-07-23,20260723T203146Z,15e4ff6c-87c9-405d-83b5-0107faa195cf,,19564,0.0,19:53:52,20260723,70119,3345,1250007,19.398340225219727,-99.11685943603516,268.0,0.0,0.0,,,,1784838707,2026-07-23 14:31:47-06:00,,
metrobus,metrobus_vehicle_positions,2026-07-23T20:32:04Z,2026-07-23,20260723T203146Z,2d74455c-9b33-41e7-a645-f087c71af8d5,,19563,0.0,20:14:52,20260723,70118,3344,1250006,19.38692283630371,-99.07289123535156,298.0,48.0,172.8,,,,1784838716,2026-07-23 14:31:56-06:00,,
metrobus,metrobus_vehicle_positions,2026-07-23T20:32:04Z,2026-07-23,20260723T203146Z,1978fc14-d5e3-4369-8262-3afd778d3d63,,20439,1.0,19:54:27,20260723,69211,509,1260137,19.44365882873535,-99.13931274414062,595.0,0.0,0.0,,,,1784838712,2026-07-23 14:31:52-06:00,,
metrobus,metrobus_vehicle_positions,2026-07-23T20:32:04Z,2026-07-23,20260723T203146Z,9b407ba9-b353-43f2-b0c5-297e76cd3166,,,,,,69726,751,1280022,19.50714683532715,-99.19649505615234,197.0,0.0,0.0,,,,1784816093,2026-07-23 08:14:53-06:00,,
metrobus,metrobus_vehicle_positions,2026-07-23T20:32:04Z,2026-07-23,20260723T203146Z,df924968-4016-414e-9616-12079948523e,,19470,0.0,20:23:03,20260723,69727,752,1280023,19.480873107910156,-99.07626342773438,315.0,0.0,0.0,,,,1784838710,2026-07-23 14:31:50-06:00,,
metrobus,metrobus_vehicle_positions,2026-07-23T20:32:04Z,2026-07-23,20260723T203146Z,458700d6-e85d-4d13-bbd4-290ad7336ab8,,19515,0.0,20:26:33,20260723,69212,510,1260138,19.437904357910156,-99.15030670166016,104.0,39.0,140.4,,,,1784838710,2026-07-23 14:31:50-06:00,,
metrobus,metrobus_vehicle_positions,2026-07-23T20:32:04Z,2026-07-23,20260723T203146Z,b6a84d4c-7370-4f9d-81cd-66e5ef3b556c,,19473,0.0,20:19:51,20260723,69728,753,1280024,19.473655700683594,-99.07914733886719,184.0,0.0,0.0,,,,1784838714,2026-07-23 14:31:54-06:00,,
metrobus,metrobus_vehicle_positions,2026-07-23T20:32:04Z,2026-07-23,20260723T203146Z,490571fb-2149-46fe-a1aa-5c667612e4dc,,,,,,69213,511,1260139,19.398639678955078,-99.07612609863281,194.0,0.0,0.0,,,,1781973478,2026-06-20 10:37:58-06:00,,
metrobus,metrobus_vehicle_positions,2026-07-23T20:32:04Z,2026-07-23,20260723T203146Z,30fad044-d9b3-4a85-987b-0b3727444bdc,,19472,1.0,20:31:17,20260723,69729,754,1280025,19.489957809448242,-99.13141632080078,111.0,0.0,0.0,,,,1784838707,2026-07-23 14:31:47-06:00,,
metrobus,metrobus_vehicle_positions,2026-07-23T20:32:04Z,2026-07-23,20260723T203146Z,c94af0fc-33ae-42bd-aece-0f32a0870a5b,,,,,,69214,512,1260140,19.42326545715332,-99.09176635742188,358.0,0.0,0.0,,,,1783049743,2026-07-02 21:35:43-06:00,,
metrobus,metrobus_vehicle_positions,2026-07-23T20:32:04Z,2026-07-23,20260723T203146Z,85d98ecf-f90d-4016-b83e-8dee9cae307d,,,,,,69730,755,1280026,19.506742477416992,-99.19599151611328,0.0,0.0,0.0,,,,1784838712,2026-07-23 14:31:52-06:00,,
metrobus,metrobus_vehicle_positions,2026-07-23T20:32:04Z,2026-07-23,20260723T203146Z,63aa9ef7-6f00-4a21-9eaa-4b61f8d0f3ea,,19470,0.0,20:30:41,20260723,69731,756,1280027,19.467235565185547,-99.06196594238281,312.0,0.0,0.0,,,,1784838716,2026-07-23 14:31:56-06:00,,
metrobus,metrobus_vehicle_positions,2026-07-23T20:32:04Z,2026-07-23,20260723T203146Z,ca31abe3-9efe-4de5-a28b-f2ba402d7052,,,,,,69216,514,1260142,19.39864158630371,-99.076171875,175.0,0.0,0.0,,,,1781973398,2026-06-20 10:36:38-06:00,,
metrobus,metrobus_vehicle_positions,2026-07-23T20:32:04Z,2026-07-23,20260723T203146Z,15cd6f76-ad20-46ad-97f1-8a5139ae7ad0,,,,,,69732,757,1280028,19.50737190246582,-99.19960021972656,198.0,0.0,0.0,,,,1784836987,2026-07-23 14:03:07-06:00,,
metrobus,metrobus_vehicle_positions,2026-07-23T20:32:04Z,2026-07-23,20260723T203146Z,300f8d72-732a-4e73-a6ed-d0059bd8d7e1,,20440,0.0,19:55:06,20260723,69217,515,1260143,19.41155433654785,-99.18267059326172,197.0,0.0,0.0,,,,1784838721,2026-07-23 14:32:01-06:00,,
metrobus,metrobus_vehicle_positions,2026-07-23T20:32:04Z,2026-07-23,20260723T203146Z,441e1974-93e4-4b1e-8532-fe32322f1921,,20295,0.0,19:57:58,20260723,69733,758,1280029,19.41402244567871,-99.15464782714844,184.0,7.0,25.2,,,,1784838712,2026-07-23 14:31:52-06:00,,
metrobus,metrobus_vehicle_positions,2026-07-23T20:32:04Z,2026-07-23,20260723T203146Z,2acab178-b1ce-4d1a-acbf-e9663b98823b,,,,,,69218,516,1260144,19.398656845092773,-99.07621765136719,215.0,0.0,0.0,,,,1781973302,2026-06-20 10:35:02-06:00,,
metrobus,metrobus_vehicle_positions,2026-07-23T20:32:04Z,2026-07-23,20260723T203146Z,2f85cea8-6cdb-494c-bc04-6bd7e0caa882,,20296,1.0,19:58:52,20260723,69734,759,1280030,19.431909561157227,-99.14793395996094,107.0,11.0,39.6,,,,1784838705,2026-07-23 14:31:45-06:00,,
metrobus,metrobus_vehicle_positions,2026-07-23T20:32:04Z,2026-07-23,20260723T203146Z,d867254e-e7fc-486e-8654-a3cbe51a5fc3,,,,,,69220,518,1260146,19.398685455322266,-99.07622528076172,232.0,0.0,0.0,,,,1781973061,2026-06-20 10:31:01-06:00,,
metrobus,metrobus_vehicle_positions,2026-07-23T20:32:04Z,2026-07-23,20260723T203146Z,f5d16abd-9f56-447e-9083-9c061067b97c,,,,,,69735,760,1280031,19.507139205932617,-99.1964340209961,208.0,0.0,0.0,,,,1784815910,2026-07-23 08:11:50-06:00,,
metrobus,metrobus_vehicle_positions,2026-07-23T20:32:04Z,2026-07-23,20260723T203146Z,c06653f0-555a-4a3c-8533-b66fd9f2f020,,,,,,69736,761,1280032,19.507152557373047,-99.19646453857422,173.0,0.0,0.0,,,,1784815998,2026-07-23 08:13:18-06:00,,
metrobus,metrobus_vehicle_positions,2026-07-23T20:32:04Z,2026-07-23,20260723T203146Z,b0bf502b-aed0-4828-a40d-be05ea59e6c3,,19473,0.0,20:26:23,20260723,69737,762,1280033,19.477067947387695,-99.0726089477539,317.0,0.0,0.0,,,,1784838715,2026-07-23 14:31:55-06:00,,
metrobus,metrobus_vehicle_positions,2026-07-23T20:32:04Z,2026-07-23,20260723T203146Z,29559278-053c-46d0-8762-55588a9f6621,,20440,0.0,20:30:54,20260723,69222,520,1260148,19.444303512573242,-99.13958740234375,231.0,0.0,0.0,,,,1784838714,2026-07-23 14:31:54-06:00,,
metrobus,metrobus_vehicle_positions,2026-07-23T20:32:04Z,2026-07-23,20260723T203146Z,e8e05b77-a9ae-4a28-ab45-7cd8a1f9f732,,19471,1.0,19:57:44,20260723,69738,763,1280034,19.482852935791016,-99.11522674560547,111.0,33.0,118.8,,,,1784838713,2026-07-23 14:31:53-06:00,,
metrobus,metrobus_vehicle_positions,2026-07-23T20:32:04Z,2026-07-23,20260723T203146Z,591887ef-c318-4819-a76c-67297d661d68,,19518,1.0,20:31:19,20260723,69223,521,1260149,19.429113388061523,-99.11570739746094,188.0,29.0,104.4,,,,1784838709,2026-07-23 14:31:49-06:00,,
metrobus,metrobus_vehicle_positions,2026-07-23T20:32:04Z,2026-07-23,20260723T203146Z,1b031191-c94e-4afb-85d4-778a4ca07bf3,,20296,1.0,20:04:48,20260723,69739,764,1280035,19.428016662597656,-99.14873504638672,107.0,0.0,0.0,,,,1784838715,2026-07-23 14:31:55-06:00,,
metrobus,metrobus_vehicle_positions,2026-07-23T20:32:04Z,2026-07-23,20260723T203146Z,10effe51-a65f-4ad0-876f-b6d3d4ca4a04,,20440,0.0,19:50:47,20260723,69224,522,1260150,19.40419578552246,-99.18467712402344,184.0,41.0,147.6,,,,1784838715,2026-07-23 14:31:55-06:00,,
metrobus,metrobus_vehicle_positions,2026-07-23T20:32:04Z,2026-07-23,20260723T203146Z,dac10dd4-812c-49d0-a70f-e578043574b6,,19471,1.0,20:27:31,20260723,69740,765,1280036,19.504966735839844,-99.18926239013672,101.0,41.0,147.6,,,,1784838709,2026-07-23 14:31:49-06:00,,
metrobus,metrobus_vehicle_positions,2026-07-23T20:32:04Z,2026-07-23,20260723T203146Z,38b86a0d-e998-4612-9c7c-2c77253aaa04,,,,,,69225,523,1260151,19.401498794555664,-99.1861343383789,270.0,8.0,28.8,,,,1784838713,2026-07-23 14:31:53-06:00,,
metrobus,metrobus_vehicle_positions,2026-07-23T20:32:04Z,2026-07-23,20260723T203146Z,ffc91d21-f49f-4efd-93eb-bdacb8334a6a,,19471,1.0,20:29:16,20260723,69741,766,1280037,19.511577606201172,-99.19788360595703,829.0,26.0,93.60000000000001,,,,1784838631,2026-07-23 14:30:31-06:00,,
metrobus,metrobus_vehicle_positions,2026-07-23T20:32:04Z,2026-07-23,20260723T203146Z,95169526-fa52-4cb2-bcc3-a980f4c16a75,,,,,,69226,524,1260152,19.398670196533203,-99.07628631591797,233.0,0.0,0.0,,,,1781972942,2026-06-20 10:29:02-06:00,,
metrobus,metrobus_vehicle_positions,2026-07-23T20:32:04Z,2026-07-23,20260723T203146Z,8b752c44-6cd1-49e7-bd88-2ec027480a72,,19583,1.0,20:11:07,20260723,69227,525,1260153,19.439851760864258,-99.14378356933594,523.0,17.0,61.2,,,,1784838716,2026-07-23 14:31:56-06:00,,
metrobus,metrobus_vehicle_positions,2026-07-23T20:32:04Z,2026-07-23,20260723T203146Z,7bb1f115-0115-4c3a-be5f-8ac02808397c,,,,,,69742,767,1280038,19.507688522338867,-99.19929504394531,182.0,0.0,0.0,,,,1784838704,2026-07-23 14:31:44-06:00,,
metrobus,metrobus_vehicle_positions,2026-07-23T20:32:04Z,2026-07-23,20260723T203146Z,6de59191-5734-42bf-9dfd-af440b4b5018,,,,,,69743,768,1280039,19.4649600982666,-99.0595474243164,133.0,7.0,25.2,,,,1784838718,2026-07-23 14:31:58-06:00,,
metrobus,metrobus_vehicle_positions,2026-07-23T20:32:04Z,2026-07-23,20260723T203146Z,a67c38c3-dbba-4d7f-bf3a-2ed5a8805318,,20439,1.0,20:26:14,20260723,69228,526,1260154,19.411237716674805,-99.1822509765625,322.0,41.0,147.6,,,,1784838706,2026-07-23 14:31:46-06:00,,
metrobus,metrobus_vehicle_positions,2026-07-23T20:32:04Z,2026-07-23,20260723T203146Z,8085aec0-ff5d-4dc3-a46b-9036706c7399,,,,,,69744,769,1280040,19.507001876831055,-99.19697570800781,286.0,0.0,0.0,,,,1784817041,2026-07-23 08:30:41-06:00,,
metrobus,metrobus_vehicle_positions,2026-07-23T20:32:04Z,2026-07-23,20260723T203146Z,9d1ae10e-2eab-4bdc-b1ec-7ff791d9dddc,,,,,,69229,527,1260155,19.44527244567871,-99.15174102783203,489.0,5.0,18.0,,,,1784838707,2026-07-23 14:31:47-06:00,,
metrobus,metrobus_vehicle_positions,2026-07-23T20:32:04Z,2026-07-23,20260723T203146Z,6d1ad18a-ca1c-492a-9428-c43b2bbaaa28,,19471,1.0,19:47:58,20260723,69745,770,1280041,19.477754592895508,-99.09510040283203,113.0,36.0,129.6,,,,1784838715,2026-07-23 14:31:55-06:00,,
metrobus,metrobus_vehicle_positions,2026-07-23T20:32:04Z,2026-07-23,20260723T203146Z,fcf45e4d-7f91-4003-a1c2-d98088305ce9,,,,,,69746,771,1280042,19.37116813659668,-99.16114044189453,191.0,0.0,0.0,,,,1784838706,2026-07-23 14:31:46-06:00,,
metrobus,metrobus_vehicle_positions,2026-07-23T20:32:04Z,2026-07-23,20260723T203146Z,5c351e67-7b1b-4262-a5c6-8bd30e8667ec,,19470,0.0,19:30:10,20260723,69747,772,1280043,19.511510848999023,-99.1944580078125,283.0,45.0,162.0,,,,1784838716,2026-07-23 14:31:56-06:00,,
metrobus,metrobus_vehicle_positions,2026-07-23T20:32:04Z,2026-07-23,20260723T203146Z,452814fd-e695-41ac-8258-ad9698a1f775,,,,,,69232,530,1260158,19.42343521118164,-99.09175109863281,0.0,0.0,0.0,,,,1783893582,2026-07-12 15:59:42-06:00,,
metrobus,metrobus_vehicle_positions,2026-07-23T20:32:04Z,2026-07-23,20260723T203146Z,e0a067f1-d8a6-41d7-acf9-ab7b19df6929,,19475,1.0,20:25:50,20260723,69748,773,TienepermisodeSEMOVI,19.504833221435547,-99.18841552734375,100.0,0.0,0.0,,,,1784838712,2026-07-23 14:31:52-06:00,,
metrobus,metrobus_vehicle_positions,2026-07-23T20:32:04Z,2026-07-23,20260723T203146Z,598903d3-b89b-474a-8964-c72565c3d3f9,,19474,0.0,20:15:20,20260723,69749,774,1280045,19.49705696105957,-99.16287231445312,283.0,33.0,118.8,,,,1784838706,2026-07-23 14:31:46-06:00,,
metrobus,metrobus_vehicle_positions,2026-07-23T20:32:04Z,2026-07-23,20260723T203146Z,b124346c-031c-40a1-8278-3e8e8b887d25,,19518,1.0,19:36:39,20260723,69234,532,1260160,19.426164627075195,-99.13627624511719,276.0,0.0,0.0,,,,1784838712,2026-07-23 14:31:52-06:00,,
metrobus,metrobus_vehicle_positions,2026-07-23T20:32:04Z,2026-07-23,20260723T203146Z,932f934f-0530-4da3-9e00-92982de409fb,,,,,,69750,775,1280046,19.50716781616211,-99.19652557373047,192.0,0.0,0.0,,,,1784817299,2026-07-23 08:34:59-06:00,,
metrobus,metrobus_vehicle_positions,2026-07-23T20:32:04Z,2026-07-23,20260723T203146Z,76379d57-cc19-4810-8fdb-a181687eb8e9,,20440,0.0,20:07:41,20260723,69236,534,1260162,19.426054000854492,-99.16985321044922,242.0,22.0,79.2,,,,1784838721,2026-07-23 14:32:01-06:00,,
metrobus,metrobus_vehicle_positions,2026-07-23T20:32:04Z,2026-07-23,20260723T203146Z,74c5d361-94f9-44f9-95f9-59e6d6635276,,19474,0.0,20:26:44,20260723,69751,776,1320053,19.491226196289062,-99.13550567626953,283.0,0.0,0.0,,,,1784838720,2026-07-23 14:32:00-06:00,,
metrobus,metrobus_vehicle_positions,2026-07-23T20:32:04Z,2026-07-23,20260723T203146Z,39ae6630-eb7d-4e7d-9c6b-8ae6b3755d10,,19471,1.0,19:53:30,20260723,69752,777,1320051,19.482711791992188,-99.10679626464844,112.0,0.0,0.0,,,,1784838715,2026-07-23 14:31:55-06:00,,
metrobus,metrobus_vehicle_positions,2026-07-23T20:32:04Z,2026-07-23,20260723T203146Z,e4bf7793-3786-4677-82ba-ccdfc152ba81,,19470,0.0,20:05:24,20260723,69753,778,1320052,19.48202896118164,-99.10517883300781,292.0,5.0,18.0,,,,1784838706,2026-07-23 14:31:46-06:00,,
metrobus,metrobus_vehicle_positions,2026-07-23T20:32:04Z,2026-07-23,20260723T203146Z,8e202bd2-78e2-4221-bc35-4d828c445934,,,,,,69238,536,1260164,19.42317008972168,-99.09204864501953,694.0,0.0,0.0,,,,1784763361,2026-07-22 17:36:01-06:00,,
metrobus,metrobus_vehicle_positions,2026-07-23T20:32:04Z,2026-07-23,20260723T203146Z,8785aadb-d1e4-4a64-a48f-9ee97bc9f950,,20440,0.0,20:23:20,20260723,69239,537,1260165,19.4353084564209,-99.15032958984375,238.0,33.0,118.8,,,,1784838713,2026-07-23 14:31:53-06:00,,
metrobus,metrobus_vehicle_positions,2026-07-23T20:32:04Z,2026-07-23,20260723T203146Z,d708ebf0-ccaa-43d8-95e4-57e088425a1f,,20439,1.0,20:02:35,20260723,69240,538,1260166,19.433746337890625,-99.15312194824219,636.0,0.0,0.0,,,,1784838718,2026-07-23 14:31:58-06:00,,
metrobus,metrobus_vehicle_positions,2026-07-23T20:32:04Z,2026-07-23,20260723T203146Z,c4180af7-dadc-4de8-9eb2-685c09a845ae,,20439,1.0,20:04:48,20260723,69241,539,1260167,19.432605743408203,-99.1556625366211,624.0,21.0,75.60000000000001,,,,1784838715,2026-07-23 14:31:55-06:00,,
metrobus,metrobus_vehicle_positions,2026-07-23T20:32:04Z,2026-07-23,20260723T203146Z,b6ad74b6-324f-497a-8f09-6ba581a31f98,,19470,0.0,20:09:08,20260723,69179,781,1280047,19.478839874267578,-99.09716033935547,293.0,0.0,0.0,,,,1784838706,2026-07-23 14:31:46-06:00,,
metrobus,metrobus_vehicle_positions,2026-07-23T20:32:04Z,2026-07-23,20260723T203146Z,95b23884-c96f-4ad7-9c77-8494c2ba3205,,20296,1.0,20:29:07,20260723,69180,782,1280048,19.376440048217773,-99.15985107421875,128.0,6.0,21.6,,,,1784838713,2026-07-23 14:31:53-06:00,,
metrobus,metrobus_vehicle_positions,2026-07-23T20:32:04Z,2026-07-23,20260723T203146Z,f2d7bd6e-a86a-40dd-8303-3a15ed685ce3,,,,,,69181,783,1280049,19.507110595703125,-99.19583129882812,630.0,0.0,0.0,,,,1784825480,2026-07-23 10:51:20-06:00,,
metrobus,metrobus_vehicle_positions,2026-07-23T20:32:04Z,2026-07-23,20260723T203146Z,79508d1c-992b-4912-b070-172f74d3c286,,20440,0.0,20:07:32,20260723,69243,541,1260169,19.423879623413086,-99.17439270019531,243.0,0.0,0.0,,,,1784838714,2026-07-23 14:31:54-06:00,,
metrobus,metrobus_vehicle_positions,2026-07-23T20:32:04Z,2026-07-23,20260723T203146Z,a1102a37-e6c5-4cc9-907b-2b747bebe0e5,,20296,1.0,19:42:14,20260723,69182,784,1280050,19.45979881286621,-99.14627838134766,365.0,0.0,0.0,,,,1784838716,2026-07-23 14:31:56-06:00,,
metrobus,metrobus_vehicle_positions,2026-07-23T20:32:04Z,2026-07-23,20260723T203146Z,21f929fe-6383-4fcf-b6d0-a6ffedd1e6b5,,19473,0.0,20:30:06,20260723,69183,785,1280051,19.467424392700195,-99.06217956542969,313.0,0.0,0.0,,,,1784838712,2026-07-23 14:31:52-06:00,,
metrobus,metrobus_vehicle_positions,2026-07-23T20:32:04Z,2026-07-23,20260723T203146Z,0b73feb2-b190-4187-9dc6-dd029cc0d583,,20440,0.0,20:00:37,20260723,69230,543,,19.413711547851562,-99.18177032470703,206.0,30.0,108.0,,,,1784838720,2026-07-23 14:32:00-06:00,,
metrobus,metrobus_vehicle_positions,2026-07-23T20:32:04Z,2026-07-23,20260723T203146Z,2340b7d9-4fb7-4e63-a2f3-dd18f7eccbe0,,,,,,69184,786,1280052,19.50740623474121,-99.19729614257812,0.0,0.0,0.0,,,,1784827006,2026-07-23 11:16:46-06:00,,
metrobus,metrobus_vehicle_positions,2026-07-23T20:32:04Z,2026-07-23,20260723T203146Z,68e2ae32-55b4-4073-aca8-ca689ecfacf7,,,,,,69246,544,1260172,19.49224853515625,-99.12054443359375,145.0,0.0,0.0,,,,1784838713,2026-07-23 14:31:53-06:00,,
metrobus,metrobus_vehicle_positions,2026-07-23T20:32:04Z,2026-07-23,20260723T203146Z,259146ec-de22-4ccd-b9b6-e74763cde964,,,,,,69185,787,1280053,19.507356643676758,-99.19720458984375,0.0,0.0,0.0,,,,1784804411,2026-07-23 05:00:11-06:00,,
metrobus,metrobus_vehicle_positions,2026-07-23T20:32:04Z,2026-07-23,20260723T203146Z,e62694af-dbb8-462a-8db4-7b0bdc7ed2ad,,19471,1.0,19:43:07,20260723,69186,788,1280054,19.47110939025879,-99.0864486694336,149.0,11.0,39.6,,,,1784838710,2026-07-23 14:31:50-06:00,,
metrobus,metrobus_vehicle_positions,2026-07-23T20:32:04Z,2026-07-23,20260723T203146Z,f3324dd4-a701-4e1b-a66a-1c74ff5ba9f6,,,,,,69248,546,1260174,19.42327117919922,-99.09202575683594,0.0,0.0,0.0,,,,1784833073,2026-07-23 12:57:53-06:00,,
metrobus,metrobus_vehicle_positions,2026-07-23T20:32:04Z,2026-07-23,20260723T203146Z,36f68676-41d1-4bc1-931f-02ed6b3081f0,,19474,0.0,20:26:48,20260723,69187,789,TienepermisodeSEMOVI,19.483264923095703,-99.11629486083984,111.0,38.0,136.8,,,,1784838710,2026-07-23 14:31:50-06:00,,
metrobus,metrobus_vehicle_positions,2026-07-23T20:32:04Z,2026-07-23,20260723T203146Z,d0ed88b2-d9a1-4eec-8f55-f5c36f0c819c,,19984,0.0,20:09:31,20260723,69304,305,TienepermisodeSEMOVI,19.386035919189453,-99.07124328613281,299.0,0.0,0.0,,,,1784838712,2026-07-23 14:31:52-06:00,,
metrobus,metrobus_vehicle_positions,2026-07-23T20:32:04Z,2026-07-23,20260723T203146Z,7ded7432-9dea-43ad-8a31-2c35548ef188,,20439,1.0,19:58:52,20260723,69249,547,1260175,19.435468673706055,-99.14972686767578,748.0,35.0,126.0,,,,1784838706,2026-07-23 14:31:46-06:00,,
metrobus,metrobus_vehicle_positions,2026-07-23T20:32:04Z,2026-07-23,20260723T203146Z,19598d8d-d91c-43a8-a72b-a30b5261c4c0,,19577,1.0,19:23:08,20260723,69250,548,1260176,19.49203872680664,-99.12014770507812,325.0,0.0,0.0,,,,1784838717,2026-07-23 14:31:57-06:00,,
metrobus,metrobus_vehicle_positions,2026-07-23T20:32:04Z,2026-07-23,20260723T203146Z,9201734e-1a77-45b2-83c1-fa4f8f836c41,,19984,0.0,20:03:25,20260723,69305,306,TienepermisodeSEMOVI,19.395366668701172,-99.14799499511719,274.0,0.0,0.0,,,,1784838706,2026-07-23 14:31:46-06:00,,
metrobus,metrobus_vehicle_positions,2026-07-23T20:32:04Z,2026-07-23,20260723T203146Z,055e6f26-9995-4c7d-9d12-88e697ef1b9b,,,,,,69306,307,TienepermisodeSEMOVI,19.38932991027832,-99.0578842163086,0.0,0.0,0.0,,,,1784829274,2026-07-23 11:54:34-06:00,,
metrobus,metrobus_vehicle_positions,2026-07-23T20:32:04Z,2026-07-23,20260723T203146Z,d8c8afbf-f67a-421f-b428-f398f1887853,,20440,0.0,20:22:57,20260723,69251,549,1260177,19.43357276916504,-99.1539535522461,244.0,0.0,0.0,,,,1784838704,2026-07-23 14:31:44-06:00,,
metrobus,metrobus_vehicle_positions,2026-07-23T20:32:04Z,2026-07-23,20260723T203146Z,c43203a0-e83d-451f-9c0f-db96825de0ef,,19983,1.0,19:41:32,20260723,69307,308,TienepermisodeSEMOVI,19.39803695678711,-99.12409973144531,881.0,0.0,0.0,,,,1784838720,2026-07-23 14:32:00-06:00,,
metrobus,metrobus_vehicle_positions,2026-07-23T20:32:04Z,2026-07-23,20260723T203146Z,9940a3c2-c8b9-493b-9d0a-dbb00091ce37,,19473,0.0,20:27:43,20260723,74819,9701,,19.471721649169922,-99.06722259521484,317.0,37.0,133.20000000000002,,,,1784838719,2026-07-23 14:31:59-06:00,,
metrobus,metrobus_vehicle_positions,2026-07-23T20:32:04Z,2026-07-23,20260723T203146Z,71d4f746-0ed9-47d3-87db-883934f5be37,,,,,,69188,790,1280056,19.507341384887695,-99.19709777832031,0.0,0.0,0.0,,,,1784802267,2026-07-23 04:24:27-06:00,,
metrobus,metrobus_vehicle_positions,2026-07-23T20:32:04Z,2026-07-23,20260723T203146Z,3cbb418b-6913-44f5-b5ce-0c54ee13d181,,19471,1.0,20:14:11,20260723,69189,791,1280057,19.493654251098633,-99.14755249023438,102.0,26.0,93.60000000000001,,,,1784838706,2026-07-23 14:31:46-06:00,,
metrobus,metrobus_vehicle_positions,2026-07-23T20:32:04Z,2026-07-23,20260723T203146Z,70d86fa1-aa26-4948-9c40-37fe07b72d15,,19471,1.0,19:33:50,20260723,69190,792,1280058,19.46778678894043,-99.06272888183594,132.0,0.0,0.0,,,,1784838719,2026-07-23 14:31:59-06:00,,
metrobus,metrobus_vehicle_positions,2026-07-23T20:32:04Z,2026-07-23,20260723T203146Z,4eb78446-7b65-4ee4-b534-7623fbaf2012,,,,,,69253,551,1260179,19.43013572692871,-99.11522674560547,353.0,0.0,0.0,,,,1784838721,2026-07-23 14:32:01-06:00,,
metrobus,metrobus_vehicle_positions,2026-07-23T20:32:04Z,2026-07-23,20260723T203146Z,b5b4eab2-1ac2-4434-9a88-26d81d580894,,19471,1.0,20:23:30,20260723,69192,794,1280060,19.502410888671875,-99.17874145507812,115.0,12.0,43.2,,,,1784838721,2026-07-23 14:32:01-06:00,,
metrobus,metrobus_vehicle_positions,2026-07-23T20:32:04Z,2026-07-23,20260723T203146Z,3223e088-56ba-4550-99ed-0d2e25845852,,,,,,69193,795,1280061,19.507234573364258,-99.19747161865234,195.0,0.0,0.0,,,,1784819881,2026-07-23 09:18:01-06:00,,
metrobus,metrobus_vehicle_positions,2026-07-23T20:32:04Z,2026-07-23,20260723T203146Z,f7883ca2-d01e-4997-b6ec-48a009bf6308,,19473,0.0,20:14:43,20260723,69194,796,1280062,19.474864959716797,-99.08860778808594,330.0,17.0,61.2,,,,1784838719,2026-07-23 14:31:59-06:00,,
metrobus,metrobus_vehicle_positions,2026-07-23T20:32:04Z,2026-07-23,20260723T203146Z,179d4ffb-227d-4b77-be69-9e6c52c4b5ab,,,,,,69256,554,1260182,19.422889709472656,-99.0922622680664,306.0,0.0,0.0,,,,1784838712,2026-07-23 14:31:52-06:00,,
metrobus,metrobus_vehicle_positions,2026-07-23T20:32:04Z,2026-07-23,20260723T203146Z,36147062-bca5-480d-bf48-16d010fce6fa,,19474,0.0,20:06:49,20260723,69195,797,1280063,19.5097599029541,-99.19145965576172,350.0,31.0,111.60000000000001,,,,1784838717,2026-07-23 14:31:57-06:00,,
metrobus,metrobus_vehicle_positions,2026-07-23T20:32:04Z,2026-07-23,20260723T203146Z,d20c53cf-35e8-4296-8bb6-50852977352b,,,,,,69258,556,1260184,19.401445388793945,-99.18592834472656,274.0,0.0,0.0,,,,1784838706,2026-07-23 14:31:46-06:00,,
metrobus,metrobus_vehicle_positions,2026-07-23T20:32:04Z,2026-07-23,20260723T203146Z,6d729b0f-4cfa-4df0-8843-98b2448eab87,,19984,0.0,19:59:23,20260723,69312,314,TienepermisodeSEMOVI,19.385303497314453,-99.07553100585938,193.0,33.0,118.8,,,,1784838707,2026-07-23 14:31:47-06:00,,
metrobus,metrobus_vehicle_positions,2026-07-23T20:32:04Z,2026-07-23,20260723T203146Z,e9e28c39-95dd-410f-a9ad-a5d73bc8bcf4,,20295,0.0,20:26:26,20260723,69196,798,1280064,19.499256134033203,-99.11984252929688,193.0,0.0,0.0,,,,1784838718,2026-07-23 14:31:58-06:00,,
metrobus,metrobus_vehicle_positions,2026-07-23T20:32:04Z,2026-07-23,20260723T203146Z,18026abd-eb21-406c-acd2-300f6b77ca1b,,19473,0.0,20:03:51,20260723,69197,799,1320054,19.483213424682617,-99.1089859008789,278.0,24.0,86.4,,,,1784838717,2026-07-23 14:31:57-06:00,,
metrobus,metrobus_vehicle_positions,2026-07-23T20:32:04Z,2026-07-23,20260723T203146Z,400bd5fe-894b-4c39-8bc1-25fdca2adbf1,,20439,1.0,14:24:15,20260723,69259,557,1260185,19.42405128479004,-99.1744384765625,714.0,0.0,0.0,,,,1784838709,2026-07-23 14:31:49-06:00,,
metrobus,metrobus_vehicle_positions,2026-07-23T20:32:04Z,2026-07-23,20260723T203146Z,da60db14-7471-47e8-8f53-9bbf5523901f,,,,,,69260,558,1260186,19.423044204711914,-99.09223937988281,478.0,0.0,0.0,,,,1784838714,2026-07-23 14:31:54-06:00,,
metrobus,metrobus_vehicle_positions,2026-07-23T20:32:04Z,2026-07-23,20260723T203146Z,77629ed2-0797-4ff3-91de-6094150eb970,,,,,,69261,559,1260187,19.416973114013672,-99.07401275634766,297.0,1.0,3.6,,,,1784727228,2026-07-22 07:33:48-06:00,,
metrobus,metrobus_vehicle_positions,2026-07-23T20:32:04Z,2026-07-23,20260723T203146Z,2e64a7ff-c2f3-4654-9aa4-faf03c4b8de6,,,,,,69262,560,1260188,19.423131942749023,-99.0921630859375,291.0,0.0,0.0,,,,1784838706,2026-07-23 14:31:46-06:00,,
metrobus,metrobus_vehicle_positions,2026-07-23T20:32:04Z,2026-07-23,20260723T203146Z,e4fcd03e-0c31-408a-8153-cf30f4a69732,,19516,1.0,19:51:16,20260723,69263,561,1260189,19.438148498535156,-99.150146484375,282.0,42.0,151.20000000000002,,,,1784838714,2026-07-23 14:31:54-06:00,,
metrobus,metrobus_vehicle_positions,2026-07-23T20:32:04Z,2026-07-23,20260723T203146Z,783af546-780c-4cca-91a2-7d60fe5640e1,,19520,1.0,20:06:16,20260723,69264,562,1260190,19.436458587646484,-99.12409210205078,988.0,0.0,0.0,,,,1784838713,2026-07-23 14:31:53-06:00,,
metrobus,metrobus_vehicle_positions,2026-07-23T20:32:04Z,2026-07-23,20260723T203146Z,50f7ab8e-beef-4007-9f74-a8317e3cacae,,19984,0.0,20:18:00,20260723,69316,320,TienepermisodeSEMOVI,19.385866165161133,-99.0708999633789,298.0,0.0,0.0,,,,1784838709,2026-07-23 14:31:49-06:00,,
metrobus,metrobus_vehicle_positions,2026-07-23T20:32:04Z,2026-07-23,20260723T203146Z,c9b3f5a0-25da-49fc-aafc-1016277ec5ca,,19582,0.0,19:49:33,20260723,69265,563,1260191,19.432645797729492,-99.15596771240234,244.0,0.0,0.0,,,,1784838719,2026-07-23 14:31:59-06:00,,
metrobus,metrobus_vehicle_positions,2026-07-23T20:32:04Z,2026-07-23,20260723T203146Z,4c4f1ede-25d8-4981-9557-0eb372264a7c,,,,,,69266,564,1260192,19.445327758789062,-99.15229034423828,169.0,0.0,0.0,,,,1784838715,2026-07-23 14:31:55-06:00,,
metrobus,metrobus_vehicle_positions,2026-07-23T20:32:04Z,2026-07-23,20260723T203146Z,2ce0579b-0a44-4366-9201-656d83d6b0f7,,19518,1.0,20:04:29,20260723,69267,565,1260193,19.425342559814453,-99.1258544921875,184.0,6.0,21.6,,,,1784838711,2026-07-23 14:31:51-06:00,,
metrobus,metrobus_vehicle_positions,2026-07-23T20:32:04Z,2026-07-23,20260723T203146Z,e4c344c0-18de-4c0f-b5d1-d5574f79afcb,,20439,1.0,19:23:43,20260723,69268,566,1260194,19.446928024291992,-99.1363296508789,226.0,25.0,90.0,,,,1784836160,2026-07-23 13:49:20-06:00,,
metrobus,metrobus_vehicle_positions,2026-07-23T20:32:04Z,2026-07-23,20260723T203146Z,2ca6e868-48ee-48d5-b541-b00a448f7f0a,,,,,,69269,567,1260195,19.448076248168945,-99.13541412353516,170.0,4.0,14.4,,,,1784838717,2026-07-23 14:31:57-06:00,,
metrobus,metrobus_vehicle_positions,2026-07-23T20:32:04Z,2026-07-23,20260723T203146Z,d39997a7-7768-405d-9980-c59f0176ebd5,,,,,,69270,568,1260196,19.44571304321289,-99.1515884399414,193.0,0.0,0.0,,,,1784838709,2026-07-23 14:31:49-06:00,,
metrobus,metrobus_vehicle_positions,2026-07-23T20:32:04Z,2026-07-23,20260723T203146Z,cabac661-49ba-43c4-ab06-08838bef6c6f,,19520,1.0,19:58:46,20260723,69271,569,1260197,19.432355880737305,-99.10330963134766,117.0,40.0,144.0,,,,1784838715,2026-07-23 14:31:55-06:00,,
metrobus,metrobus_vehicle_positions,2026-07-23T20:32:04Z,2026-07-23,20260723T203146Z,10610db3-31d3-4758-9404-a99d7d9d61e9,,,,,,74821,9704,,19.511802673339844,-99.19644165039062,272.0,0.0,0.0,,,,1784838715,2026-07-23 14:31:55-06:00,,
metrobus,metrobus_vehicle_positions,2026-07-23T20:32:04Z,2026-07-23,20260723T203146Z,394522c5-e2b3-4c41-85b5-f433be5c75c5,,19472,1.0,20:26:53,20260723,74820,9702,,19.4864559173584,-99.12215423583984,116.0,7.0,25.2,,,,1784838715,2026-07-23 14:31:55-06:00,,
metrobus,metrobus_vehicle_positions,2026-07-23T20:32:04Z,2026-07-23,20260723T203146Z,01ee9c2b-8802-4599-a363-fa355c376a55,,19470,0.0,20:06:28,20260723,74830,9703,,19.480823516845703,-99.10208892822266,290.0,37.0,133.20000000000002,,,,1784838710,2026-07-23 14:31:50-06:00,,
metrobus,metrobus_vehicle_positions,2026-07-23T20:32:04Z,2026-07-23,20260723T203146Z,eaa501bc-3904-41e8-9f00-ef9918816f7d,,19520,1.0,15:48:42,20260723,69274,572,002A981,19.42313575744629,-99.09181213378906,0.0,0.0,0.0,,,,1784824839,2026-07-23 10:40:39-06:00,,
metrobus,metrobus_vehicle_positions,2026-07-23T20:32:04Z,2026-07-23,20260723T203146Z,1ced92f0-f387-4bc9-8941-246291f21284,,19522,0.0,19:30:45,20260723,69275,573,002A982,19.43645477294922,-99.14219665527344,283.0,21.0,75.60000000000001,,,,1784838721,2026-07-23 14:32:01-06:00,,
metrobus,metrobus_vehicle_positions,2026-07-23T20:32:04Z,2026-07-23,20260723T203146Z,3cdce159-c409-48fa-881d-a5b5a3442e0b,,19519,0.0,19:19:37,20260723,69277,575,002A983,19.422788619995117,-99.09234619140625,347.0,0.0,0.0,,,,1784836048,2026-07-23 13:47:28-06:00,,
metrobus,metrobus_vehicle_positions,2026-07-23T20:32:04Z,2026-07-23,20260723T203146Z,8cbaa90a-832a-480c-9a5e-f0359648f395,,,,,,69278,576,002A984,19.43671226501465,-99.10862731933594,169.0,41.0,147.6,,,,1784838715,2026-07-23 14:31:55-06:00,,
metrobus,metrobus_vehicle_positions,2026-07-23T20:32:04Z,2026-07-23,20260723T203146Z,5d17095e-212d-4619-980d-f697be4267ca,,19523,1.0,19:38:59,20260723,69279,577,002A985,19.41754150390625,-99.07164764404297,425.0,6.0,21.6,,,,1784838718,2026-07-23 14:31:58-06:00,,
metrobus,metrobus_vehicle_positions,2026-07-23T20:32:04Z,2026-07-23,20260723T203146Z,34c6bd97-e0bb-49f7-a1dc-118746233fb7,,19522,0.0,19:43:00,20260723,69280,578,002A986,19.43736457824707,-99.13095092773438,278.0,0.0,0.0,,,,1784838715,2026-07-23 14:31:55-06:00,,
metrobus,metrobus_vehicle_positions,2026-07-23T20:32:04Z,2026-07-23,20260723T203146Z,66543255-4f4f-4e3d-9ced-8345f544bdd7,,19562,1.0,19:34:43,20260723,70089,338,1250003,19.38942527770996,-99.05973052978516,890.0,0.0,0.0,,,,1784838711,2026-07-23 14:31:51-06:00,,
metrobus,metrobus_vehicle_positions,2026-07-23T20:32:04Z,2026-07-23,20260723T203146Z,ae1d05d8-5064-440e-9daf-26404bca4463,,19563,0.0,20:27:49,20260723,70090,339,1250004,19.38604736328125,-99.05360412597656,306.0,17.0,61.2,,,,1784838710,2026-07-23 14:31:50-06:00,,
metrobus,metrobus_vehicle_positions,2026-07-23T20:32:04Z,2026-07-23,20260723T203146Z,915d9b57-da62-4bab-824c-1d2d5d44b863,,,,,,69282,580,TienepermisodeSEMOVI,19.437538146972656,-99.14723205566406,100.0,0.0,0.0,,,,1784838714,2026-07-23 14:31:54-06:00,,
metrobus,metrobus_vehicle_positions,2026-07-23T20:32:04Z,2026-07-23,20260723T203146Z,9da5a2e1-0504-4384-ae9a-028b1b90e0e8,,19522,0.0,19:25:28,20260723,69283,581,002A989,19.437999725341797,-99.13569641113281,275.0,14.0,50.4,,,,1784838705,2026-07-23 14:31:45-06:00,,
metrobus,metrobus_vehicle_positions,2026-07-23T20:32:04Z,2026-07-23,20260723T203146Z,6a5a8413-3425-44c8-a127-21ca6eac20c9,,19984,0.0,19:44:15,20260723,70091,340,1250005,19.383514404296875,-99.17626953125,150.0,0.0,0.0,,,,1784838705,2026-07-23 14:31:45-06:00,,
metrobus,metrobus_vehicle_positions,2026-07-23T20:32:04Z,2026-07-23,20260723T203146Z,61a430ea-839d-4d09-a6d9-366d62c59e46,,,,,,69284,582,002A990,19.437597274780273,-99.1481704711914,102.0,0.0,0.0,,,,1784838711,2026-07-23 14:31:51-06:00,,
metrobus,metrobus_vehicle_positions,2026-07-23T20:32:04Z,2026-07-23,20260723T203146Z,41dcf0bc-0a79-4be4-a980-f26efd03539e,,19523,1.0,20:12:48,20260723,69285,583,002A991,19.436588287353516,-99.1255874633789,986.0,0.0,0.0,,,,1784838713,2026-07-23 14:31:53-06:00,,
metrobus,metrobus_vehicle_positions,2026-07-23T20:32:04Z,2026-07-23,20260723T203146Z,bda4d9ba-bf6d-46d2-91d4-bbf32a3a91a2,,19984,0.0,20:17:29,20260723,70093,342,TienepermisodeSEMOVI,19.39749526977539,-99.10660552978516,275.0,45.0,162.0,,,,1784838708,2026-07-23 14:31:48-06:00,,
metrobus,metrobus_vehicle_positions,2026-07-23T20:32:04Z,2026-07-23,20260723T203146Z,2a963f66-ef65-4f3e-8ee0-ac0a173dee6b,,,,,,69286,584,002A992,19.423057556152344,-99.09159851074219,0.0,0.0,0.0,,,,1784712224,2026-07-22 03:23:44-06:00,,
metrobus,metrobus_vehicle_positions,2026-07-23T20:32:04Z,2026-07-23,20260723T203146Z,dbb41812-bede-4772-aad3-ed7d7b925fe9,,19522,0.0,20:01:31,20260723,69287,585,002A993,19.43642807006836,-99.1238784790039,274.0,0.0,0.0,,,,1784838714,2026-07-23 14:31:54-06:00,,
metrobus,metrobus_vehicle_positions,2026-07-23T20:32:04Z,2026-07-23,20260723T203146Z,802a2eec-e593-4984-aee0-1f79e9a74447,,19984,0.0,20:07:19,20260723,70095,344,TienepermisodeSEMOVI,19.385915756225586,-99.0710678100586,299.0,0.0,0.0,,,,1784838716,2026-07-23 14:31:56-06:00,,
metrobus,metrobus_vehicle_positions,2026-07-23T20:32:04Z,2026-07-23,20260723T203146Z,a2bba7ae-879b-45e1-bab0-2517ab6c30d2,,19519,0.0,19:56:41,20260723,69288,586,002A994,19.43781852722168,-99.13433074951172,275.0,0.0,0.0,,,,1784838711,2026-07-23 14:31:51-06:00,,
metrobus,metrobus_vehicle_positions,2026-07-23T20:32:04Z,2026-07-23,20260723T203146Z,3565eb0f-93a4-4342-9096-2a1e4b5acf27,,,,,,70096,345,TienepermisodeSEMOVI,19.386600494384766,-99.06004333496094,0.0,0.0,0.0,,,,1784838709,2026-07-23 14:31:49-06:00,,
metrobus,metrobus_vehicle_positions,2026-07-23T20:32:04Z,2026-07-23,20260723T203146Z,71051108-1f06-4e8f-9d62-549fd1792dc1,,19523,1.0,20:06:07,20260723,69289,587,002A995,19.43548583984375,-99.11534881591797,957.0,14.0,50.4,,,,1784838718,2026-07-23 14:31:58-06:00,,
metrobus,metrobus_vehicle_positions,2026-07-23T20:32:04Z,2026-07-23,20260723T203146Z,e0003ad4-2837-49ed-91eb-05bcf732f906,,19523,1.0,19:41:01,20260723,69290,588,002A996,19.415916442871094,-99.07240295410156,823.0,4.0,14.4,,,,1784838712,2026-07-23 14:31:52-06:00,,
metrobus,metrobus_vehicle_positions,2026-07-23T20:32:04Z,2026-07-23,20260723T203146Z,d6e9c445-b910-488e-8dcb-64c91f55ad95,,19520,1.0,20:22:39,20260723,69291,589,002A997,19.438247680664062,-99.13776397705078,998.0,24.0,86.4,,,,1784838702,2026-07-23 14:31:42-06:00,,
metrobus,metrobus_vehicle_positions,2026-07-23T20:32:04Z,2026-07-23,20260723T203146Z,a7870e92-9590-4f4c-b16a-140b51a5ee22,,19983,1.0,19:29:42,20260723,70100,349,TienepermisodeSEMOVI,19.396549224853516,-99.09593963623047,969.0,7.0,25.2,,,,1784838659,2026-07-23 14:30:59-06:00,,
metrobus,metrobus_vehicle_positions,2026-07-23T20:32:04Z,2026-07-23,20260723T203146Z,e82ed23a-0024-4ba2-b225-8fb4eafc0459,,19523,1.0,16:31:53,20260723,69294,592,002A998,19.43052864074707,-99.05217742919922,347.0,0.0,0.0,,,,1784827687,2026-07-23 11:28:07-06:00,,
metrobus,metrobus_vehicle_positions,2026-07-23T20:32:04Z,2026-07-23,20260723T203146Z,fd137744-5ae4-4fa8-bb59-e77fc233bd51,,19566,0.0,19:54:02,20260723,70101,350,1250015,19.39836311340332,-99.11414337158203,268.0,27.0,97.2,,,,1784838717,2026-07-23 14:31:57-06:00,,
metrobus,metrobus_vehicle_positions,2026-07-23T20:32:04Z,2026-07-23,20260723T203146Z,ba1785b2-3c26-4e33-9904-9c151d908aad,,19520,1.0,20:18:44,20260723,69298,597,002A999,19.43745994567871,-99.13159942626953,994.0,0.0,0.0,,,,1784838707,2026-07-23 14:31:47-06:00,,
metrobus,metrobus_vehicle_positions,2026-07-23T20:32:04Z,2026-07-23,20260723T203146Z,f29605e9-1202-469a-8b30-a4c165e40d2f,,19523,1.0,20:16:42,20260723,69299,598,003A001,19.43715476989746,-99.12931060791016,100.0,16.0,57.6,,,,1784838706,2026-07-23 14:31:46-06:00,,
metrobus,metrobus_vehicle_positions,2026-07-23T20:32:04Z,2026-07-23,20260723T203146Z,e7f507c4-e419-4d49-8f53-0eb7da946b81,,,,,,75093,9756,,19.506961822509766,-99.19586944580078,319.0,0.0,0.0,,,,1784233487,2026-07-16 14:24:47-06:00,,
metrobus,metrobus_vehicle_positions,2026-07-23T20:32:04Z,2026-07-23,20260723T203146Z,cea2f7e7-1ca3-489b-bd7c-401784b00456,,20295,0.0,20:27:42,20260723,69439,120,1230033,19.499711990356445,-99.11972045898438,192.0,0.0,0.0,,,,1784838719,2026-07-23 14:31:59-06:00,,
metrobus,metrobus_vehicle_positions,2026-07-23T20:32:04Z,2026-07-23,20260723T203146Z,63b26f22-6219-404e-aef1-842060d5f05d,,,,,,69440,121,1230034,19.50019073486328,-99.11959075927734,0.0,0.0,0.0,,,,1784130396,2026-07-15 09:46:36-06:00,,
metrobus,metrobus_vehicle_positions,2026-07-23T20:32:04Z,2026-07-23,20260723T203146Z,ab4a49b9-88cb-4916-bd2c-ef83478e911f,,,,,,69687,364,ConPermisovencido,19.388578414916992,-99.05936431884766,106.0,0.0,0.0,,,,1784784836,2026-07-22 23:33:56-06:00,,
metrobus,metrobus_vehicle_positions,2026-07-23T20:32:04Z,2026-07-23,20260723T203146Z,47a42c04-5875-477d-8da8-a67e79f7ab76,,,,,,69442,123,1230036,19.446250915527344,-99.15290832519531,955.0,2.0,7.2,,,,1784838718,2026-07-23 14:31:58-06:00,,
metrobus,metrobus_vehicle_positions,2026-07-23T20:32:04Z,2026-07-23,20260723T203146Z,d17fe2c3-9568-47e2-a139-a708db9eb647,,19983,1.0,20:08:19,20260723,69688,366,1250117,19.393314361572266,-99.1726303100586,149.0,9.0,32.4,,,,1784838716,2026-07-23 14:31:56-06:00,,
metrobus,metrobus_vehicle_positions,2026-07-23T20:32:04Z,2026-07-23,20260723T203146Z,b4665340-44a2-457c-af9c-129ec3623e26,,,,,,70324,367,,19.388473510742188,-99.05968475341797,355.0,0.0,0.0,,,,1784832061,2026-07-23 12:41:01-06:00,,
metrobus,metrobus_vehicle_positions,2026-07-23T20:32:04Z,2026-07-23,20260723T203146Z,0fcf29f0-e5b1-420d-8220-dbb9e3862826,,19583,1.0,20:06:08,20260723,74672,9521,,19.459327697753906,-99.12835693359375,200.0,0.0,0.0,,,,1784838718,2026-07-23 14:31:58-06:00,,
metrobus,metrobus_vehicle_positions,2026-07-23T20:32:04Z,2026-07-23,20260723T203146Z,2d83ebd8-77b7-42d7-9fc1-ee5c491802fd,,,,,,74993,9525,,19.399978637695312,-99.16773223876953,349.0,0.0,0.0,,,,1784838704,2026-07-23 14:31:44-06:00,,
metrobus,metrobus_vehicle_positions,2026-07-23T20:32:04Z,2026-07-23,20260723T203146Z,9a4d6c57-367c-49ae-b976-54dda7a6df3d,,,,,,74671,9522,,19.492475509643555,-99.12076568603516,145.0,0.0,0.0,,,,1784838706,2026-07-23 14:31:46-06:00,,
metrobus,metrobus_vehicle_positions,2026-07-23T20:32:04Z,2026-07-23,20260723T203146Z,e8a404ca-f04f-4b15-a300-5d79729f93eb,,19500,1.0,19:18:13,20260723,74805,9523,,19.44000244140625,-99.15550994873047,239.0,23.0,82.8,,,,1784838707,2026-07-23 14:31:47-06:00,,
metrobus,metrobus_vehicle_positions,2026-07-23T20:32:04Z,2026-07-23,20260723T203146Z,25129287-3f36-4501-a8d3-678b29cecbd1,,19564,0.0,20:28:50,20260723,69690,372,1250123,19.38511085510254,-99.05194091796875,209.0,0.0,0.0,,,,1784838710,2026-07-23 14:31:50-06:00,,
metrobus,metrobus_vehicle_positions,2026-07-23T20:32:04Z,2026-07-23,20260723T203146Z,513daa4d-4e6f-4925-8c93-cb080004dc0d,,,,,,69691,373,1250124,19.390790939331055,-99.04710388183594,121.0,16.0,57.6,,,,1784838709,2026-07-23 14:31:49-06:00,,
metrobus,metrobus_vehicle_positions,2026-07-23T20:32:04Z,2026-07-23,20260723T203146Z,fb3dbc46-6184-4701-af5c-6fa03d20e2bc,,,,,,73164,139,12300139,19.50055694580078,-99.11922454833984,184.0,0.0,0.0,,,,1784824398,2026-07-23 10:33:18-06:00,,
metrobus,metrobus_vehicle_positions,2026-07-23T20:32:04Z,2026-07-23,20260723T203146Z,e6a32ff6-0d42-4868-bc72-3b0d3b8d0258,,,,,,75094,9759,,19.506879806518555,-99.19591522216797,287.0,0.0,0.0,,,,1784690673,2026-07-21 21:24:33-06:00,,
metrobus,metrobus_vehicle_positions,2026-07-23T20:32:04Z,2026-07-23,20260723T203146Z,7e05b12e-9801-4847-876d-89da7d9b662e,,27055,1.0,19:54:20,20260723,72536,9515,,19.4357967376709,-99.11784362792969,275.0,0.0,0.0,,,,1784838715,2026-07-23 14:31:55-06:00,,
metrobus,metrobus_vehicle_positions,2026-07-23T20:32:04Z,2026-07-23,20260723T203146Z,e2b3d6fe-51bf-4ebd-a2a1-60d07b3776e2,,,,,,75125,9757,,19.50687026977539,-99.19581604003906,0.0,0.0,0.0,,,,1784708148,2026-07-22 02:15:48-06:00,,
metrobus,metrobus_vehicle_positions,2026-07-23T20:32:04Z,2026-07-23,20260723T203146Z,f52fd564-3b21-4dcb-9880-0b7741af9c53,,,,,,75096,9758,,19.50687026977539,-99.19587707519531,343.0,0.0,0.0,,,,1784234649,2026-07-16 14:44:09-06:00,,
metrobus,metrobus_vehicle_positions,2026-07-23T20:32:04Z,2026-07-23,20260723T203146Z,e049b89d-e213-420e-b142-54b201ad19c8,,,,,,74699,9519,,19.482223510742188,-99.12800598144531,216.0,30.0,108.0,,,,1784838716,2026-07-23 14:31:56-06:00,,
metrobus,metrobus_vehicle_positions,2026-07-23T20:32:04Z,2026-07-23,20260723T203146Z,45db108a-57d9-4ec0-b258-3ae71a83b1ab,,,,,,69451,143,1230056,19.49970245361328,-99.1193618774414,189.0,0.0,0.0,,,,1784816213,2026-07-23 08:16:53-06:00,,
metrobus,metrobus_vehicle_positions,2026-07-23T20:32:04Z,2026-07-23,20260723T203146Z,1789145e-8bf8-41bc-9cf0-ef9518665afa,,,,,,69452,144,1230057,19.499317169189453,-99.11964416503906,854.0,0.0,0.0,,,,1784824850,2026-07-23 10:40:50-06:00,,
metrobus,metrobus_vehicle_positions,2026-07-23T20:32:04Z,2026-07-23,20260723T203146Z,a684ba6e-64be-494b-84af-c04fd0d2f7fb,,,,,,69454,146,1230005,19.500219345092773,-99.11958312988281,0.0,0.0,0.0,,,,1784649392,2026-07-21 09:56:32-06:00,,
metrobus,metrobus_vehicle_positions,2026-07-23T20:32:04Z,2026-07-23,20260723T203146Z,c18945d7-5a22-4e79-aa95-66f17ed055d6,,,,,,75062,9529,,19.65035629272461,-99.13270568847656,357.0,0.0,0.0,,,,1784836186,2026-07-23 13:49:46-06:00,,
metrobus,metrobus_vehicle_positions,2026-07-23T20:32:04Z,2026-07-23,20260723T203146Z,614d48e7-b31e-446a-a856-82c0c652b785,,19582,0.0,20:28:53,20260723,75057,9527,,19.487056732177734,-99.117919921875,199.0,0.0,0.0,,,,1784838714,2026-07-23 14:31:54-06:00,,
metrobus,metrobus_vehicle_positions,2026-07-23T20:32:04Z,2026-07-23,20260723T203146Z,2a69beab-f0ea-4951-bcf3-72307f4e75a3,,27054,0.0,20:28:34,20260723,74680,9542,,19.436687469482422,-99.14312744140625,101.0,39.0,140.4,,,,1784838710,2026-07-23 14:31:50-06:00,,
metrobus,metrobus_vehicle_positions,2026-07-23T20:32:04Z,2026-07-23,20260723T203146Z,1f4b7d67-46d7-49a7-aedf-2224d5b8afb4,,,,,,74681,9543,,19.421770095825195,-99.1186294555664,287.0,27.0,97.2,,,,1784838710,2026-07-23 14:31:50-06:00,,
metrobus,metrobus_vehicle_positions,2026-07-23T20:32:04Z,2026-07-23,20260723T203146Z,9f823aea-f5f9-48cd-9365-5e978c933426,,27055,1.0,19:55:34,20260723,74679,9541,,19.4281005859375,-99.11176300048828,298.0,18.0,64.8,,,,1784838702,2026-07-23 14:31:42-06:00,,
metrobus,metrobus_vehicle_positions,2026-07-23T20:32:04Z,2026-07-23,20260723T203146Z,ac5a16e3-126e-43d2-9697-dd1bf4452c49,,19564,0.0,19:48:14,20260723,74915,9304,,19.3928279876709,-99.13301086425781,265.0,47.0,169.20000000000002,,,,1784838716,2026-07-23 14:31:56-06:00,,
metrobus,metrobus_vehicle_positions,2026-07-23T20:32:04Z,2026-07-23,20260723T203146Z,96ed19ec-7ab9-4796-8b28-a4e04932a0fd,,19565,1.0,20:17:47,20260723,74546,9305,,19.398221969604492,-99.11864471435547,883.0,43.0,154.8,,,,1784838710,2026-07-23 14:31:50-06:00,,
metrobus,metrobus_vehicle_positions,2026-07-23T20:32:04Z,2026-07-23,20260723T203146Z,b90b6bc0-7ae7-4e5e-936d-c36bbf6d5340,,19564,0.0,20:09:02,20260723,74518,9303,,19.385915756225586,-99.07837677001953,305.0,41.0,147.6,,,,1784838713,2026-07-23 14:31:53-06:00,,
metrobus,metrobus_vehicle_positions,2026-07-23T20:32:04Z,2026-07-23,20260723T203146Z,3ab218a0-1268-45ca-9518-13f579283c70,,,,,,69598,392,1250146,19.38901138305664,-99.0595932006836,0.0,0.0,0.0,,,,1780357248,2026-06-01 17:40:48-06:00,,
metrobus,metrobus_vehicle_positions,2026-07-23T20:32:04Z,2026-07-23,20260723T203146Z,4417cf52-f6a9-4505-a1cf-71865eecc344,,,,,,74141,9781,,19.507083892822266,-99.19965362548828,198.0,18.0,64.8,,,,1784838715,2026-07-23 14:31:55-06:00,,
metrobus,metrobus_vehicle_positions,2026-07-23T20:32:04Z,2026-07-23,20260723T203146Z,7de6a117-65d8-4e42-a494-0c6244e51541,,19984,0.0,19:35:26,20260723,69599,394,1250147,19.370893478393555,-99.17990112304688,197.0,0.0,0.0,,,,1784838716,2026-07-23 14:31:56-06:00,,
metrobus,metrobus_vehicle_positions,2026-07-23T20:32:04Z,2026-07-23,20260723T203146Z,de2cc9fe-73c2-4018-9063-117c430d585a,,,,,,70122,152,1230165,19.50011444091797,-99.1192626953125,0.0,0.0,0.0,,,,1784838707,2026-07-23 14:31:47-06:00,,
metrobus,metrobus_vehicle_positions,2026-07-23T20:32:04Z,2026-07-23,20260723T203146Z,6a2b35b3-35ef-4fbd-9f72-9318f0999620,,,,,,70123,153,1230166,19.50048065185547,-99.119384765625,814.0,0.0,0.0,,,,1784232785,2026-07-16 14:13:05-06:00,,
metrobus,metrobus_vehicle_positions,2026-07-23T20:32:04Z,2026-07-23,20260723T203146Z,ab1456b2-1929-4672-88fe-61449867ddfe,,19983,1.0,20:30:39,20260723,69601,398,TienepermisodeSEMOVI,19.346628189086914,-99.18778991699219,193.0,0.0,0.0,,,,1784838715,2026-07-23 14:31:55-06:00,,
metrobus,metrobus_vehicle_positions,2026-07-23T20:32:04Z,2026-07-23,20260723T203146Z,09bfbc97-dfe6-46ba-891f-732c1e4ecdc0,,,,,,70126,156,1230169,19.499990463256836,-99.11917877197266,176.0,0.0,0.0,,,,1784772787,2026-07-22 20:13:07-06:00,,
metrobus,metrobus_vehicle_positions,2026-07-23T20:32:04Z,2026-07-23,20260723T203146Z,a3fb15fb-04a5-4f2c-aad1-e02052e1ea9e,,,,,,69602,399,1250150,19.388431549072266,-99.05946350097656,318.0,1.0,3.6,,,,1784838713,2026-07-23 14:31:53-06:00,,
metrobus,metrobus_vehicle_positions,2026-07-23T20:32:04Z,2026-07-23,20260723T203146Z,4af2b0a3-425a-41e3-b73c-a9dd29aed23a,,19564,0.0,20:00:53,20260723,74547,9306,,19.396875381469727,-99.09833526611328,275.0,0.0,0.0,,,,1784838709,2026-07-23 14:31:49-06:00,,
metrobus,metrobus_vehicle_positions,2026-07-23T20:32:04Z,2026-07-23,20260723T203146Z,5e054883-6d8f-4d7f-ba9a-a94d61613ca3,,19563,0.0,19:48:08,20260723,74465,9379,,19.39446449279785,-99.13162231445312,191.0,34.0,122.4,,,,1784838709,2026-07-23 14:31:49-06:00,,
metrobus,metrobus_vehicle_positions,2026-07-23T20:32:04Z,2026-07-23,20260723T203146Z,6a7f2257-6233-47ee-9a06-68007e4a1132,,19562,1.0,19:58:29,20260723,74191,9382,,19.397533416748047,-99.10708618164062,958.0,49.0,176.4,,,,1784838710,2026-07-23 14:31:50-06:00,,
metrobus,metrobus_vehicle_positions,2026-07-23T20:32:04Z,2026-07-23,20260723T203146Z,dace7a96-f0de-402c-b4f9-ad9390c38b1d,,,,,,69580,2504,TienepermisodeSEMOVI,19.437950134277344,-99.13542175292969,278.0,17.0,61.2,,,,1784838708,2026-07-23 14:31:48-06:00,,
metrobus,metrobus_vehicle_positions,2026-07-23T20:32:04Z,2026-07-23,20260723T203146Z,b436e24a-ebaf-463d-b7c7-eaed8539fc00,,19523,1.0,20:24:46,20260723,69579,2503,TienepermisodeSEMOVI,19.438447952270508,-99.13903045654297,105.0,7.0,25.2,,,,1784838708,2026-07-23 14:31:48-06:00,,
metrobus,metrobus_vehicle_positions,2026-07-23T20:32:04Z,2026-07-23,20260723T203146Z,cb1646f5-08c0-45d6-a1ba-70716a7463af,,,,,,69578,2502,TienepermisodeSEMOVI,19.430408477783203,-99.0532455444336,0.0,0.0,0.0,,,,1784034716,2026-07-14 07:11:56-06:00,,
metrobus,metrobus_vehicle_positions,2026-07-23T20:32:04Z,2026-07-23,20260723T203146Z,c5471368-240d-4da6-b6e3-aeaaf38a2c14,,19522,0.0,19:57:53,20260723,69577,2501,TienepermisodeSEMOVI,19.436445236206055,-99.12395477294922,276.0,0.0,0.0,,,,1784838707,2026-07-23 14:31:47-06:00,,
metrobus,metrobus_vehicle_positions,2026-07-23T20:32:04Z,2026-07-23,20260723T203146Z,8c54252f-397f-415a-9654-c9f5c97f9e98,,19522,0.0,19:54:46,20260723,69585,2509,TienepermisodeSEMOVI,19.436843872070312,-99.12716674804688,278.0,0.0,0.0,,,,1784838716,2026-07-23 14:31:56-06:00,,
metrobus,metrobus_vehicle_positions,2026-07-23T20:32:04Z,2026-07-23,20260723T203146Z,a20c4984-0d14-4cf5-9d8c-39e361f48779,,,,,,69584,2508,TienepermisodeSEMOVI,19.437124252319336,-99.14551544189453,282.0,0.0,0.0,,,,1784838709,2026-07-23 14:31:49-06:00,,
metrobus,metrobus_vehicle_positions,2026-07-23T20:32:04Z,2026-07-23,20260723T203146Z,208b33bb-8097-43cd-bbd5-e2ef188822c3,,,,,,69583,2507,TienepermisodeSEMOVI,19.437633514404297,-99.14823150634766,104.0,0.0,0.0,,,,1784838615,2026-07-23 14:30:15-06:00,,
metrobus,metrobus_vehicle_positions,2026-07-23T20:32:04Z,2026-07-23,20260723T203146Z,38c0c05c-00c4-48c8-acb5-3a98ba04ed67,,,,,,69582,2506,TienepermisodeSEMOVI,19.43780517578125,-99.1494140625,101.0,0.0,0.0,,,,1784838720,2026-07-23 14:32:00-06:00,,
metrobus,metrobus_vehicle_positions,2026-07-23T20:32:04Z,2026-07-23,20260723T203146Z,a8cbd0b8-6998-4e73-983a-091410c76517,,,,,,69581,2505,TienepermisodeSEMOVI,19.437328338623047,-99.1462173461914,282.0,0.0,0.0,,,,1784838719,2026-07-23 14:31:59-06:00,,
metrobus,metrobus_vehicle_positions,2026-07-23T20:32:04Z,2026-07-23,20260723T203146Z,0aa6abdd-fad0-4226-b13b-96c40c49d16f,,19522,0.0,19:36:38,20260723,69591,2515,TienepermisodeSEMOVI,19.437891006469727,-99.13492584228516,278.0,0.0,0.0,,,,1784838713,2026-07-23 14:31:53-06:00,,
metrobus,metrobus_vehicle_positions,2026-07-23T20:32:04Z,2026-07-23,20260723T203146Z,3b34b107-daa8-4faa-8eba-302522cf539d,,,,,,69590,2514,TienepermisodeSEMOVI,19.437755584716797,-99.14834594726562,888.0,0.0,0.0,,,,1784838719,2026-07-23 14:31:59-06:00,,
metrobus,metrobus_vehicle_positions,2026-07-23T20:32:04Z,2026-07-23,20260723T203146Z,ca33e795-9e56-46ec-99c9-6efa2c9f5f48,,,,,,69589,2513,TienepermisodeSEMOVI,19.437673568725586,-99.14838409423828,996.0,0.0,0.0,,,,1784838721,2026-07-23 14:32:01-06:00,,
metrobus,metrobus_vehicle_positions,2026-07-23T20:32:04Z,2026-07-23,20260723T203146Z,a86b0059-2b5f-4ec4-909e-44c62ab8258a,,,,,,69588,2512,TienepermisodeSEMOVI,19.423091888427734,-99.0916976928711,0.0,0.0,0.0,,,,1784838700,2026-07-23 14:31:40-06:00,,
metrobus,metrobus_vehicle_positions,2026-07-23T20:32:04Z,2026-07-23,20260723T203146Z,d2fc95a6-ccd9-4c39-973c-fa3f9320eef7,,,,,,69587,2511,TienepermisodeSEMOVI,19.43752098083496,-99.14774322509766,101.0,0.0,0.0,,,,1784838712,2026-07-23 14:31:52-06:00,,
metrobus,metrobus_vehicle_positions,2026-07-23T20:32:04Z,2026-07-23,20260723T203146Z,8cdffed5-1803-44d2-8e32-18d5c9892f1b,,19518,1.0,19:37:40,20260723,69586,2510,TienepermisodeSEMOVI,19.426145553588867,-99.13618469238281,274.0,0.0,0.0,,,,1784838715,2026-07-23 14:31:55-06:00,,
metrobus,metrobus_vehicle_positions,2026-07-23T20:32:04Z,2026-07-23,20260723T203146Z,10484ed2-c966-4f35-9a9e-c9a83d74f179,,19492,0.0,20:06:51,20260723,70010,1206,001A191,19.432626724243164,-99.15892791748047,202.0,0.0,0.0,,,,1784838718,2026-07-23 14:31:58-06:00,,
metrobus,metrobus_vehicle_positions,2026-07-23T20:32:04Z,2026-07-23,20260723T203146Z,ce26dd26-f8bb-4c6f-9919-85af7aa9646c,,,,,,70009,1205,001A192,19.385414123535156,-99.04582214355469,0.0,0.0,0.0,,,,1784791749,2026-07-23 01:29:09-06:00,,
metrobus,metrobus_vehicle_positions,2026-07-23T20:32:04Z,2026-07-23,20260723T203146Z,83cae280-1707-49c0-97a8-1cc29cdca134,,,,,,70008,1204,001A190,19.38589096069336,-99.0458755493164,119.0,0.0,0.0,,,,1784832568,2026-07-23 12:49:28-06:00,,
metrobus,metrobus_vehicle_positions,2026-07-23T20:32:04Z,2026-07-23,20260723T203146Z,81f16553-4b53-4ae0-822e-550c3316c411,,19491,1.0,20:31:33,20260723,70007,1203,001A189,19.3395938873291,-99.19048309326172,187.0,44.0,158.4,,,,1784838708,2026-07-23 14:31:48-06:00,,
metrobus,metrobus_vehicle_positions,2026-07-23T20:32:04Z,2026-07-23,20260723T203146Z,56790e8b-0033-49a6-8f9d-7e03322c8dd9,,19492,0.0,19:21:43,20260723,70006,1202,001A188,19.343442916870117,-99.18907165527344,200.0,43.0,154.8,,,,1784838717,2026-07-23 14:31:57-06:00,,
metrobus,metrobus_vehicle_positions,2026-07-23T20:32:04Z,2026-07-23,20260723T203146Z,486a6ac9-08ee-4c77-8058-cbb871dd1c2d,,,,,,70013,1209,001A195,19.497760772705078,-99.11957550048828,0.0,0.0,0.0,,,,1784824392,2026-07-23 10:33:12-06:00,,
metrobus,metrobus_vehicle_positions,2026-07-23T20:32:04Z,2026-07-23,20260723T203146Z,f24e839b-bc34-4ac4-b59f-94ed6f3ef228,,,,,,70012,1208,001A194,19.38547134399414,-99.0457992553711,0.0,0.0,0.0,,,,1784837256,2026-07-23 14:07:36-06:00,,
metrobus,metrobus_vehicle_positions,2026-07-23T20:32:04Z,2026-07-23,20260723T203146Z,aa90e319-fbb1-43a5-80fb-0ed073bdbdd0,,19492,0.0,20:31:45,20260723,70011,1207,001A193,19.495403289794922,-99.11978149414062,199.0,43.0,154.8,,,,1784838719,2026-07-23 14:31:59-06:00,,
