_source_system,_source_table,_extracted_at_utc,_snapshot_date,_snapshot_id,entity_id,trip_id,route_id,direction_id,start_time,start_date,vehicle_id,vehicle_label,license_plate,latitude,longitude,bearing,speed_mps,speed_kmh,current_stop_sequence,stop_id,current_status,timestamp_raw,timestamp_cdmx,congestion_level,occupancy_status
metrobus,metrobus_vehicle_positions,2026-10-10T05:48:18Z,2026-10-10,20261010T054813Z,c718ab50-0c69-455d-994a-85b20f0b7b28,,19471,1.0,05:21:06,20261010,69379,2306,1240002,19.48593521118164,-99.1209487915039,115.0,0.0,0.0,,,,1791611278,2026-10-09 23:47:58-06:00,,
metrobus,metrobus_vehicle_positions,2026-10-10T05:48:18Z,2026-10-10,20261010T054813Z,e5f69a0b-516f-4806-82fb-5ce96c457d29,,,,,,69378,2305,1240001,19.38906478881836,-99.05756378173828,0.0,0.0,0.0,,,,1791611280,2026-10-09 23:48:00-06:00,,
metrobus,metrobus_vehicle_positions,2026-10-10T05:48:18Z,2026-10-10,20261010T054813Z,c1289def-6318-4197-a712-23f2ddc051a7,,,,,,69377,2304,1230200,19.485519409179688,-99.11990356445312,287.0,0.0,0.0,,,,1791611283,2026-10-09 23:48:03-06:00,,
metrobus,metrobus_vehicle_positions,2026-10-10T05:48:18Z,2026-10-10,20261010T054813Z,2455e610-25cc-4e35-bb75-a3908c5ebe02,,19562,1.0,05:24:10,20261010,69376,2303,1230199,19.3942813873291,-99.13996887207031,993.0,23.0,82.8,,,,1791611278,2026-10-09 23:47:58-06:00,,
metrobus,metrobus_vehicle_positions,2026-10-10T05:48:18Z,2026-10-10,20261010T054813Z,496cc772-14cf-466f-8568-f5bb81d3302a,,19563,0.0,05:00:38,20261010,69375,2302,1230198,19.397804260253906,-99.15589141845703,187.0,30.0,108.0,,,,1791611287,2026-10-09 23:48:07-06:00,,
metrobus,metrobus_vehicle_positions,2026-10-10T05:48:18Z,2026-10-10,20261010T054813Z,8848e55b-89a0-4918-bbef-e06da7b2c0a3,,,,,,70014,1210,001A196,19.385343551635742,-99.04566955566406,0.0,0.0,0.0,,,,1791546286,2026-10-09 05:44:46-06:00,,
metrobus,metrobus_vehicle_positions,2026-10-10T05:48:18Z,2026-10-10,20261010T054813Z,da2db5bf-2eab-4a40-8e11-2780c93ff3a7,,,,,,69382,2309,1240005,19.479381561279297,-99.06424713134766,157.0,0.0,0.0,,,,1791611280,2026-10-09 23:48:00-06:00,,
metrobus,metrobus_vehicle_positions,2026-10-10T05:48:18Z,2026-10-10,20261010T054813Z,5a1672ff-96b6-4841-aa96-048d30d5ef27,,,,,,69381,2308,1240004,19.477781295776367,-99.06363677978516,0.0,0.0,0.0,,,,1791608715,2026-10-09 23:05:15-06:00,,
metrobus,metrobus_vehicle_positions,2026-10-10T05:48:18Z,2026-10-10,20261010T054813Z,dd78f159-6321-4b5b-b3ed-ffddaaca6446,,,,,,69380,2307,1240003,19.477920532226562,-99.06359100341797,0.0,0.0,0.0,,,,1791611289,2026-10-09 23:48:09-06:00,,
metrobus,metrobus_vehicle_positions,2026-10-10T05:48:18Z,2026-10-10,20261010T054813Z,bb6997bf-7520-488e-8440-1f88ea573602,,,,,,69393,2320,1230174,19.389877319335938,-99.05892944335938,0.0,0.0,0.0,,,,1791610658,2026-10-09 23:37:38-06:00,,
metrobus,metrobus_vehicle_positions,2026-10-10T05:48:18Z,2026-10-10,20261010T054813Z,ee3dfaec-97c7-4826-8a21-2d7dc65232e4,,19562,1.0,05:04:13,20261010,69390,2317,1240013,19.38737678527832,-99.0806884765625,126.0,0.0,0.0,,,,1791611285,2026-10-09 23:48:05-06:00,,
metrobus,metrobus_vehicle_positions,2026-10-10T05:48:18Z,2026-10-10,20261010T054813Z,0fae11c5-2ed4-483e-963c-115d5532b97d,,19470,0.0,05:46:36,20261010,69389,2316,1240012,19.468782424926758,-99.06372833251953,313.0,4.0,14.4,,,,1791611287,2026-10-09 23:48:07-06:00,,
metrobus,metrobus_vehicle_positions,2026-10-10T05:48:18Z,2026-10-10,20261010T054813Z,5355992b-9f1a-4047-992a-79e0b460b306,,,,,,69388,2315,1240011,19.47931671142578,-99.06388092041016,0.0,0.0,0.0,,,,1791611291,2026-10-09 23:48:11-06:00,,
metrobus,metrobus_vehicle_positions,2026-10-10T05:48:18Z,2026-10-10,20261010T054813Z,580aeb3a-4cf0-4ff7-a746-0f1323b9994e,,,,,,69387,2314,1240010,19.480257034301758,-99.06501007080078,103.0,15.0,54.0,,,,1791611279,2026-10-09 23:47:59-06:00,,
metrobus,metrobus_vehicle_positions,2026-10-10T05:48:18Z,2026-10-10,20261010T054813Z,5646af33-02c8-42f2-b5b7-113eff23ea86,,,,,,69386,2313,1240009,19.38998031616211,-99.05892944335938,0.0,0.0,0.0,,,,1791611287,2026-10-09 23:48:07-06:00,,
metrobus,metrobus_vehicle_positions,2026-10-10T05:48:18Z,2026-10-10,20261010T054813Z,13c8e013-b933-49c3-959a-3b2884eeeac6,,,,,,69385,2312,1240008,19.468942642211914,-99.06419372558594,132.0,0.0,0.0,,,,1791611273,2026-10-09 23:47:53-06:00,,
metrobus,metrobus_vehicle_positions,2026-10-10T05:48:18Z,2026-10-10,20261010T054813Z,f8c62983-8955-4c39-b49f-50afc486e346,,,,,,69383,2310,1240006,19.478225708007812,-99.06362915039062,161.0,0.0,0.0,,,,1791611274,2026-10-09 23:47:54-06:00,,
metrobus,metrobus_vehicle_positions,2026-10-10T05:48:18Z,2026-10-10,20261010T054813Z,08b08f7f-37a3-451f-88c1-69f41575a211,,,,,,69198,800,1320055,19.507280349731445,-99.19706726074219,184.0,0.0,0.0,,,,1791610894,2026-10-09 23:41:34-06:00,,
metrobus,metrobus_vehicle_positions,2026-10-10T05:48:18Z,2026-10-10,20261010T054813Z,3e81f881-44c9-491f-948b-032dbfd65f09,,19578,0.0,05:01:57,20261010,69886,801,1280065,19.424009323120117,-99.17424011230469,245.0,0.0,0.0,,,,1791611283,2026-10-09 23:48:03-06:00,,
metrobus,metrobus_vehicle_positions,2026-10-10T05:48:18Z,2026-10-10,20261010T054813Z,f9d6b1bb-f97d-4dde-94fd-8d424bcccc54,,,,,,69887,802,1280066,19.50821876525879,-99.17288970947266,337.0,0.0,0.0,,,,1791610743,2026-10-09 23:39:03-06:00,,
metrobus,metrobus_vehicle_positions,2026-10-10T05:48:18Z,2026-10-10,20261010T054813Z,08d888a6-ec59-4567-9567-4bf57f43e676,,19577,1.0,05:28:50,20261010,69889,804,1280068,19.426700592041016,-99.16822814941406,638.0,0.0,0.0,,,,1791611275,2026-10-09 23:47:55-06:00,,
metrobus,metrobus_vehicle_positions,2026-10-10T05:48:18Z,2026-10-10,20261010T054813Z,c3cdb145-4eb7-40cb-877e-3173fc77485b,,19577,1.0,04:55:15,20261010,69890,805,1280069,19.464458465576172,-99.12638092041016,203.0,7.0,25.2,,,,1791611279,2026-10-09 23:47:59-06:00,,
metrobus,metrobus_vehicle_positions,2026-10-10T05:48:18Z,2026-10-10,20261010T054813Z,f8fde462-c03e-4703-b668-138f95cd065e,,19563,0.0,05:24:49,20261010,69392,2319,1230173,19.389856338500977,-99.05876922607422,285.0,0.0,0.0,,,,1791611290,2026-10-09 23:48:10-06:00,,
metrobus,metrobus_vehicle_positions,2026-10-10T05:48:18Z,2026-10-10,20261010T054813Z,9945c57a-747a-44cf-a767-5f46b775f738,,,,,,69891,806,1280070,19.491851806640625,-99.12027740478516,144.0,0.0,0.0,,,,1791611279,2026-10-09 23:47:59-06:00,,
metrobus,metrobus_vehicle_positions,2026-10-10T05:48:18Z,2026-10-10,20261010T054813Z,df3ea36c-4872-47cb-983d-3c3ee9aae652,,,,,,69892,807,1280071,19.508220672607422,-99.17278289794922,342.0,0.0,0.0,,,,1791611276,2026-10-09 23:47:56-06:00,,
metrobus,metrobus_vehicle_positions,2026-10-10T05:48:18Z,2026-10-10,20261010T054813Z,417cbf96-6f99-4913-920b-8f6197a944fe,,19567,1.0,04:59:08,20261010,69391,2318,1230172,19.385900497436523,-99.06026458740234,870.0,10.0,36.0,,,,1791611285,2026-10-09 23:48:05-06:00,,
metrobus,metrobus_vehicle_positions,2026-10-10T05:48:18Z,2026-10-10,20261010T054813Z,0db68396-29c0-4126-b61f-0e0ab070de9a,,19577,1.0,05:07:07,20261010,69893,808,1280072,19.452856063842773,-99.13092803955078,357.0,4.0,14.4,,,,1791611283,2026-10-09 23:48:03-06:00,,
metrobus,metrobus_vehicle_positions,2026-10-10T05:48:18Z,2026-10-10,20261010T054813Z,3e7196c2-6e38-43a8-810b-1d548f83f9f6,,19579,1.0,05:41:48,20261010,69894,809,1280073,19.424543380737305,-99.18484497070312,994.0,47.0,169.20000000000002,,,,1791611285,2026-10-09 23:48:05-06:00,,
metrobus,metrobus_vehicle_positions,2026-10-10T05:48:18Z,2026-10-10,20261010T054813Z,388b0704-5b39-472f-9bae-4854bf5deb35,,19566,0.0,05:07:45,20261010,69398,2325,1230182,19.38995933532715,-99.05894470214844,0.0,0.0,0.0,,,,1791610804,2026-10-09 23:40:04-06:00,,
metrobus,metrobus_vehicle_positions,2026-10-10T05:48:18Z,2026-10-10,20261010T054813Z,a48fe51d-f25d-46a7-a289-e5c4a5cf00a5,,19562,1.0,05:38:54,20261010,69397,2324,1230180,19.398235321044922,-99.16705322265625,123.0,44.0,158.4,,,,1791611276,2026-10-09 23:47:56-06:00,,
metrobus,metrobus_vehicle_positions,2026-10-10T05:48:18Z,2026-10-10,20261010T054813Z,b605823b-41b0-46d8-8ff5-f801a212471f,,,,,,69395,2322,1230176,19.389286041259766,-99.05802154541016,0.0,0.0,0.0,,,,1791611284,2026-10-09 23:48:04-06:00,,
metrobus,metrobus_vehicle_positions,2026-10-10T05:48:18Z,2026-10-10,20261010T054813Z,2f6de366-e5c9-4683-92d2-5b720104c443,,19562,1.0,05:02:41,20261010,69394,2321,1230175,19.386390686035156,-99.0792465209961,126.0,37.0,133.20000000000002,,,,1791611273,2026-10-09 23:47:53-06:00,,
metrobus,metrobus_vehicle_positions,2026-10-10T05:48:18Z,2026-10-10,20261010T054813Z,5ce07046-2f89-4ec9-a43b-7bad39e88cec,,,,,,69895,810,1280074,19.508285522460938,-99.17295837402344,318.0,0.0,0.0,,,,1791610366,2026-10-09 23:32:46-06:00,,
metrobus,metrobus_vehicle_positions,2026-10-10T05:48:18Z,2026-10-10,20261010T054813Z,732713b6-f53b-4f8d-b553-7f5dca5e8abb,,,,,,69896,811,1280075,19.484256744384766,-99.11353302001953,234.0,13.0,46.800000000000004,,,,1791611288,2026-10-09 23:48:08-06:00,,
metrobus,metrobus_vehicle_positions,2026-10-10T05:48:18Z,2026-10-10,20261010T054813Z,0fcf490f-0c2b-4534-ad73-65d61cb452fc,,19577,1.0,04:55:26,20261010,69897,812,1280076,19.46112632751465,-99.1276626586914,209.0,0.0,0.0,,,,1791611274,2026-10-09 23:47:54-06:00,,
metrobus,metrobus_vehicle_positions,2026-10-10T05:48:18Z,2026-10-10,20261010T054813Z,908d3291-df95-4388-9d3d-d924d18c7f1c,,19577,1.0,05:18:38,20261010,69898,813,1280077,19.429433822631836,-99.16221618652344,633.0,35.0,126.0,,,,1791611281,2026-10-09 23:48:01-06:00,,
metrobus,metrobus_vehicle_positions,2026-10-10T05:48:18Z,2026-10-10,20261010T054813Z,b7b938d8-3b2a-4999-82ce-38fa22061e19,,19577,1.0,04:49:47,20261010,69899,814,1280078,19.48897933959961,-99.1171646118164,308.0,16.0,57.6,,,,1791611283,2026-10-09 23:48:03-06:00,,
metrobus,metrobus_vehicle_positions,2026-10-10T05:48:18Z,2026-10-10,20261010T054813Z,33a0d3dc-3ff7-450c-b28e-c2ed191ecb9e,,,,,,69900,815,1280079,19.50796890258789,-99.17216491699219,0.0,0.0,0.0,,,,1791611228,2026-10-09 23:47:08-06:00,,
metrobus,metrobus_vehicle_positions,2026-10-10T05:48:18Z,2026-10-10,20261010T054813Z,4000f244-2b75-4c6a-9963-328886ec806a,,19576,0.0,05:17:35,20261010,69901,816,1280080,19.4381160736084,-99.14598846435547,225.0,24.0,86.4,,,,1791611278,2026-10-09 23:47:58-06:00,,
metrobus,metrobus_vehicle_positions,2026-10-10T05:48:18Z,2026-10-10,20261010T054813Z,512d8212-468a-4a3a-898f-4ab77f3254a5,,,,,,69902,817,1280081,19.506786346435547,-99.16939544677734,288.0,29.0,104.4,,,,1791611274,2026-10-09 23:47:54-06:00,,
metrobus,metrobus_vehicle_positions,2026-10-10T05:48:18Z,2026-10-10,20261010T054813Z,5caf83b3-16fa-4c6f-9eaf-d0409e97af23,,,,,,69903,818,1280082,19.493328094482422,-99.12108612060547,316.0,0.0,0.0,,,,1791611282,2026-10-09 23:48:02-06:00,,
metrobus,metrobus_vehicle_positions,2026-10-10T05:48:18Z,2026-10-10,20261010T054813Z,5f924764-2f72-4990-bbba-206a3c3d8852,,,,,,69904,819,1280083,19.507936477661133,-99.1715087890625,290.0,0.0,0.0,,,,1791611277,2026-10-09 23:47:57-06:00,,
metrobus,metrobus_vehicle_positions,2026-10-10T05:48:18Z,2026-10-10,20261010T054813Z,cc053e4a-43e6-49b2-b72a-5f043f6dc0b2,,19563,0.0,04:30:09,20261010,70106,2342,1250020,19.386762619018555,-99.05980682373047,330.0,0.0,0.0,,,,1791609638,2026-10-09 23:20:38-06:00,,
metrobus,metrobus_vehicle_positions,2026-10-10T05:48:18Z,2026-10-10,20261010T054813Z,78a4394b-505e-48de-8706-34fee9e5fec2,,19500,1.0,04:31:21,20261010,69957,1253,1230122,19.462316513061523,-99.14415740966797,412.0,33.0,118.8,,,,1791611276,2026-10-09 23:47:56-06:00,,
metrobus,metrobus_vehicle_positions,2026-10-10T05:48:18Z,2026-10-10,20261010T054813Z,8ade0860-eaaf-41d6-ade4-788efa2697e9,,19563,0.0,04:55:35,20261010,70105,2341,1250019,19.386913299560547,-99.05984497070312,341.0,0.0,0.0,,,,1791610696,2026-10-09 23:38:16-06:00,,
metrobus,metrobus_vehicle_positions,2026-10-10T05:48:18Z,2026-10-10,20261010T054813Z,15ef738b-23d0-4bb2-8d91-20e09fc8be77,,,,,,69956,1252,1230120,19.3197078704834,-99.17293548583984,357.0,0.0,0.0,,,,1791609310,2026-10-09 23:15:10-06:00,,
metrobus,metrobus_vehicle_positions,2026-10-10T05:48:18Z,2026-10-10,20261010T054813Z,e9bb7bf7-c4b3-4129-ae00-316facda65f3,,19564,0.0,05:42:44,20261010,70104,2340,1250018,19.386003494262695,-99.05998229980469,287.0,5.0,18.0,,,,1791611280,2026-10-09 23:48:00-06:00,,
metrobus,metrobus_vehicle_positions,2026-10-10T05:48:18Z,2026-10-10,20261010T054813Z,2e466ea4-3b1d-4890-9b55-f62949c52afc,,19499,0.0,05:19:56,20261010,69955,1251,1230119,19.416168212890625,-99.16527557373047,196.0,7.0,25.2,,,,1791611284,2026-10-09 23:48:04-06:00,,
metrobus,metrobus_vehicle_positions,2026-10-10T05:48:18Z,2026-10-10,20261010T054813Z,9b69fa77-b0f8-4828-99ca-ee3b33f23794,,19564,0.0,05:15:34,20261010,70103,2339,1250017,19.39794921875,-99.11099243164062,282.0,33.0,118.8,,,,1791611277,2026-10-09 23:47:57-06:00,,
metrobus,metrobus_vehicle_positions,2026-10-10T05:48:18Z,2026-10-10,20261010T054813Z,cd0d2d71-4f7a-4516-8b35-4eceb91304d9,,19566,0.0,05:00:01,20261010,69401,2337,1230170,19.400007247924805,-99.167724609375,345.0,0.0,0.0,,,,1791611279,2026-10-09 23:47:59-06:00,,
metrobus,metrobus_vehicle_positions,2026-10-10T05:48:18Z,2026-10-10,20261010T054813Z,569e5dd0-f616-485d-8b24-dc733133b69c,,19563,0.0,04:28:01,20261010,69400,2336,1230187,19.387428283691406,-99.08081817626953,127.0,0.0,0.0,,,,1791611276,2026-10-09 23:47:56-06:00,,
metrobus,metrobus_vehicle_positions,2026-10-10T05:48:18Z,2026-10-10,20261010T054813Z,d265b9b2-95d9-442b-b87d-e9378b6fd578,,,,,,69399,2335,1230184,19.389915466308594,-99.05874633789062,302.0,0.0,0.0,,,,1791610367,2026-10-09 23:32:47-06:00,,
metrobus,metrobus_vehicle_positions,2026-10-10T05:48:18Z,2026-10-10,20261010T054813Z,a9fffcaf-b194-4cb3-99ff-4b8106b3f62c,,,,,,69905,820,1280084,19.50826644897461,-99.17285919189453,342.0,0.0,0.0,,,,1791610743,2026-10-09 23:39:03-06:00,,
metrobus,metrobus_vehicle_positions,2026-10-10T05:48:18Z,2026-10-10,20261010T054813Z,e74228e8-0243-4a4d-8fa4-6786bd82af5b,,,,,,69906,821,1280085,19.50827407836914,-99.17302703857422,0.0,0.0,0.0,,,,1791611212,2026-10-09 23:46:52-06:00,,
metrobus,metrobus_vehicle_positions,2026-10-10T05:48:18Z,2026-10-10,20261010T054813Z,172101dc-77f3-4e7b-853a-29ab12c27ade,,,,,,69907,822,1280086,19.4951171875,-99.15401458740234,262.0,0.0,0.0,,,,1791611278,2026-10-09 23:47:58-06:00,,
metrobus,metrobus_vehicle_positions,2026-10-10T05:48:18Z,2026-10-10,20261010T054813Z,2661c1fd-821c-43f0-9dc3-5b4275e8234a,,,,,,69908,823,1280087,19.506284713745117,-99.16793060302734,290.0,31.0,111.60000000000001,,,,1791611277,2026-10-09 23:47:57-06:00,,
metrobus,metrobus_vehicle_positions,2026-10-10T05:48:18Z,2026-10-10,20261010T054813Z,2dfac09d-e718-4f72-952c-df4facebe79f,,19577,1.0,05:09:35,20261010,69909,824,1280088,19.44295883178711,-99.1403579711914,463.0,36.0,129.6,,,,1791611280,2026-10-09 23:48:00-06:00,,
metrobus,metrobus_vehicle_positions,2026-10-10T05:48:18Z,2026-10-10,20261010T054813Z,be9b8034-a6d2-48f2-8dca-ea9450d40518,,21416,0.0,05:44:27,20261010,69910,825,1280089,19.493200302124023,-99.12098693847656,332.0,7.0,25.2,,,,1791611278,2026-10-09 23:47:58-06:00,,
metrobus,metrobus_vehicle_positions,2026-10-10T05:48:18Z,2026-10-10,20261010T054813Z,977f1700-50cb-4e59-b3a8-cb1039bcbf6d,,19579,1.0,05:35:24,20261010,69911,826,1280090,19.426536560058594,-99.16840362548828,636.0,11.0,39.6,,,,1791611277,2026-10-09 23:47:57-06:00,,
metrobus,metrobus_vehicle_positions,2026-10-10T05:48:18Z,2026-10-10,20261010T054813Z,e3c96168-ada7-4249-a27a-966592fbb17b,,,,,,69912,827,1280091,19.508289337158203,-99.17320251464844,0.0,0.0,0.0,,,,1791611286,2026-10-09 23:48:06-06:00,,
metrobus,metrobus_vehicle_positions,2026-10-10T05:48:18Z,2026-10-10,20261010T054813Z,877b9de0-1f9a-4414-8ca9-92bed58e9b2f,,,,,,69914,829,1280093,19.50821876525879,-99.1728286743164,322.0,0.0,0.0,,,,1791611253,2026-10-09 23:47:33-06:00,,
metrobus,metrobus_vehicle_positions,2026-10-10T05:48:18Z,2026-10-10,20261010T054813Z,760a0193-16df-478e-bf4e-aad8ebe452a8,,19500,1.0,05:13:34,20261010,69968,1264,1230128,19.376510620117188,-99.17800903320312,164.0,0.0,0.0,,,,1791611279,2026-10-09 23:47:59-06:00,,
metrobus,metrobus_vehicle_positions,2026-10-10T05:48:18Z,2026-10-10,20261010T054813Z,b95b5399-45ba-494f-b297-9ca15d42dbae,,,,,,69695,2353,1250032,19.391305923461914,-99.04801177978516,272.0,0.0,0.0,,,,1791602463,2026-10-09 21:21:03-06:00,,
metrobus,metrobus_vehicle_positions,2026-10-10T05:48:18Z,2026-10-10,20261010T054813Z,d8b12697-4eb8-4c1f-b345-9e03489d6599,,19492,0.0,05:05:59,20261010,69463,1022,1230063,19.499431610107422,-99.11918640136719,0.0,0.0,0.0,,,,1791610915,2026-10-09 23:41:55-06:00,,
metrobus,metrobus_vehicle_positions,2026-10-10T05:48:18Z,2026-10-10,20261010T054813Z,f2730069-2e33-499b-baaa-0a3cd09ff102,,,,,,69694,2352,1250128,19.388896942138672,-99.05934143066406,370.0,0.0,0.0,,,,1791609377,2026-10-09 23:16:17-06:00,,
metrobus,metrobus_vehicle_positions,2026-10-10T05:48:18Z,2026-10-10,20261010T054813Z,eafb93aa-f051-4875-8b18-349e728a13a3,,,,,,69967,1263,1230127,19.32271957397461,-99.17330169677734,0.0,0.0,0.0,,,,1791610567,2026-10-09 23:36:07-06:00,,
metrobus,metrobus_vehicle_positions,2026-10-10T05:48:18Z,2026-10-10,20261010T054813Z,9fd8d659-42f7-4ef9-bf69-06077ec82880,,,,,,69462,1021,1230062,19.376806259155273,-99.17802429199219,196.0,0.0,0.0,,,,1791611287,2026-10-09 23:48:07-06:00,,
metrobus,metrobus_vehicle_positions,2026-10-10T05:48:18Z,2026-10-10,20261010T054813Z,1caf93ce-873c-4c30-839e-5b503875c8bc,,19500,1.0,04:30:44,20261010,69461,1020,1230061,19.469173431396484,-99.13853454589844,383.0,25.0,90.0,,,,1791611282,2026-10-09 23:48:02-06:00,,
metrobus,metrobus_vehicle_positions,2026-10-10T05:48:18Z,2026-10-10,20261010T054813Z,54eac3bb-af4e-4f5d-8fb3-148a09d7d4fc,,19498,1.0,05:46:10,20261010,69966,1262,1230123,19.280067443847656,-99.16910552978516,295.0,13.0,46.800000000000004,,,,1791611276,2026-10-09 23:47:56-06:00,,
metrobus,metrobus_vehicle_positions,2026-10-10T05:48:18Z,2026-10-10,20261010T054813Z,79a3736e-9818-42bc-9c67-4f5d4ac8dc3d,,,,,,69693,2351,EXTRAVIADA,19.391006469726562,-99.0477066040039,300.0,0.0,0.0,,,,1791611049,2026-10-09 23:44:09-06:00,,
metrobus,metrobus_vehicle_positions,2026-10-10T05:48:18Z,2026-10-10,20261010T054813Z,f7daa46d-5995-4f52-8376-9a0cd977c3de,,,,,,70111,2350,1250010,19.390756607055664,-99.04720306396484,118.0,0.0,0.0,,,,1791611283,2026-10-09 23:48:03-06:00,,
metrobus,metrobus_vehicle_positions,2026-10-10T05:48:18Z,2026-10-10,20261010T054813Z,7b4b1769-022b-475a-89c6-e67f60035c14,,,,,,69965,1261,1230116,19.32276725769043,-99.17335510253906,223.0,0.0,0.0,,,,1791607029,2026-10-09 22:37:09-06:00,,
metrobus,metrobus_vehicle_positions,2026-10-10T05:48:18Z,2026-10-10,20261010T054813Z,7f6f5294-70b1-49ec-9b69-81ba8afcd413,,,,,,69964,1260,1230143,19.32142448425293,-99.17256927490234,348.0,0.0,0.0,,,,1791611282,2026-10-09 23:48:02-06:00,,
metrobus,metrobus_vehicle_positions,2026-10-10T05:48:18Z,2026-10-10,20261010T054813Z,133ff508-f692-4650-93e4-50845e8e0bd9,,19499,0.0,05:41:39,20261010,69460,1019,1230060,19.499521255493164,-99.11951446533203,145.0,0.0,0.0,,,,1791611276,2026-10-09 23:47:56-06:00,,
metrobus,metrobus_vehicle_positions,2026-10-10T05:48:18Z,2026-10-10,20261010T054813Z,d66c9522-929f-48e6-9d4a-a5854566beed,,19567,1.0,05:17:12,20261010,70110,2349,1250027,19.39824867248535,-99.11721801757812,877.0,32.0,115.2,,,,1791611285,2026-10-09 23:48:05-06:00,,
metrobus,metrobus_vehicle_positions,2026-10-10T05:48:18Z,2026-10-10,20261010T054813Z,ff0f5f31-3aea-4d4e-993e-b154d4cb53d9,,19499,0.0,05:25:51,20261010,69459,1018,1230059,19.43535804748535,-99.1576919555664,202.0,28.0,100.8,,,,1791611277,2026-10-09 23:47:57-06:00,,
metrobus,metrobus_vehicle_positions,2026-10-10T05:48:18Z,2026-10-10,20261010T054813Z,b695b2eb-58e5-4da2-b098-cb311775b530,,,,,,69963,1259,1230142,19.322412490844727,-99.17323303222656,120.0,0.0,0.0,,,,1791611285,2026-10-09 23:48:05-06:00,,
metrobus,metrobus_vehicle_positions,2026-10-10T05:48:18Z,2026-10-10,20261010T054813Z,bf8f07b6-f4a8-4bc1-ad18-8702a21dc150,,,,,,70109,2348,1250026,19.38713836669922,-99.05985260009766,189.0,0.0,0.0,,,,1791611278,2026-10-09 23:47:58-06:00,,
metrobus,metrobus_vehicle_positions,2026-10-10T05:48:18Z,2026-10-10,20261010T054813Z,b53fa3dc-9381-452e-a010-fbd5c6525fa5,,,,,,70108,2347,1250025,19.386743545532227,-99.05977630615234,358.0,0.0,0.0,,,,1791607348,2026-10-09 22:42:28-06:00,,
metrobus,metrobus_vehicle_positions,2026-10-10T05:48:18Z,2026-10-10,20261010T054813Z,474d676e-2ae0-4ecb-9d03-7d6d88cd962b,,,,,,69962,1258,1230141,19.32294464111328,-99.17312622070312,0.0,0.0,0.0,,,,1791611280,2026-10-09 23:48:00-06:00,,
metrobus,metrobus_vehicle_positions,2026-10-10T05:48:18Z,2026-10-10,20261010T054813Z,5621aeb8-57b2-42f6-961d-627125cd248e,,19499,0.0,05:42:47,20261010,69961,1257,1230132,19.47110366821289,-99.13714599609375,217.0,51.0,183.6,,,,1791611284,2026-10-09 23:48:04-06:00,,
metrobus,metrobus_vehicle_positions,2026-10-10T05:48:18Z,2026-10-10,20261010T054813Z,2820bc7f-16b7-4486-a1fd-14924c223d51,,,,,,70107,2346,1250024,19.386577606201172,-99.05994415283203,0.0,0.0,0.0,,,,1791610445,2026-10-09 23:34:05-06:00,,
metrobus,metrobus_vehicle_positions,2026-10-10T05:48:18Z,2026-10-10,20261010T054813Z,27f634a7-0497-4c73-9f08-d46866ce68b7,,19563,0.0,05:17:03,20261010,70079,2345,1250022,19.387109756469727,-99.05976104736328,188.0,0.0,0.0,,,,1791611276,2026-10-09 23:47:56-06:00,,
metrobus,metrobus_vehicle_positions,2026-10-10T05:48:18Z,2026-10-10,20261010T054813Z,a69b0c78-991b-4a1d-b5f9-4868f594342e,,19498,1.0,05:34:41,20261010,69960,1256,1230130,19.3103084564209,-99.17346954345703,656.0,39.0,140.4,,,,1791611279,2026-10-09 23:47:59-06:00,,
metrobus,metrobus_vehicle_positions,2026-10-10T05:48:18Z,2026-10-10,20261010T054813Z,3b61b56b-2890-43f6-8a10-d61f3a4c1358,,19562,1.0,05:37:00,20261010,70078,2344,1250023,19.396827697753906,-99.16372680664062,102.0,8.0,28.8,,,,1791611283,2026-10-09 23:48:03-06:00,,
metrobus,metrobus_vehicle_positions,2026-10-10T05:48:18Z,2026-10-10,20261010T054813Z,c402acca-6504-422d-91ac-de89cd067d72,,,,,,69959,1255,1230125,19.32222557067871,-99.17247772216797,0.0,0.0,0.0,,,,1791611047,2026-10-09 23:44:07-06:00,,
metrobus,metrobus_vehicle_positions,2026-10-10T05:48:18Z,2026-10-10,20261010T054813Z,263d015f-29ad-424d-8614-a6bf3bce0ee0,,,,,,69958,1254,1230124,19.416479110717773,-99.16503143310547,172.0,0.0,0.0,,,,1791611281,2026-10-09 23:48:01-06:00,,
metrobus,metrobus_vehicle_positions,2026-10-10T05:48:18Z,2026-10-10,20261010T054813Z,7aa2f9b1-ecd2-4444-8b43-f0c4b458d4be,,,,,,70077,2343,1250021,19.387086868286133,-99.05977630615234,191.0,0.0,0.0,,,,1791611277,2026-10-09 23:47:57-06:00,,
metrobus,metrobus_vehicle_positions,2026-10-10T05:48:18Z,2026-10-10,20261010T054813Z,89e44585-ffea-4164-b3da-f0785634f7ec,,,,,,69919,834,1280098,19.508291244506836,-99.17288970947266,338.0,0.0,0.0,,,,1791610912,2026-10-09 23:41:52-06:00,,
metrobus,metrobus_vehicle_positions,2026-10-10T05:48:18Z,2026-10-10,20261010T054813Z,466fddcb-fb84-4fd2-b50c-b458cb944d6c,,,,,,69920,835,1280099,19.48672103881836,-99.11407470703125,231.0,2.0,7.2,,,,1791611289,2026-10-09 23:48:09-06:00,,
metrobus,metrobus_vehicle_positions,2026-10-10T05:48:18Z,2026-10-10,20261010T054813Z,ea951500-41fe-499b-8621-a582e862e933,,19576,0.0,05:13:37,20261010,69921,836,1280100,19.436925888061523,-99.14757537841797,236.0,33.0,118.8,,,,1791611282,2026-10-09 23:48:02-06:00,,
metrobus,metrobus_vehicle_positions,2026-10-10T05:48:18Z,2026-10-10,20261010T054813Z,c360e3c3-7abc-4760-8772-95c96f423516,,,,,,69922,837,1280101,19.50813102722168,-99.17218780517578,970.0,0.0,0.0,,,,1791611280,2026-10-09 23:48:00-06:00,,
metrobus,metrobus_vehicle_positions,2026-10-10T05:48:18Z,2026-10-10,20261010T054813Z,ea005f24-cc90-4803-a07a-8269d8b64b0e,,19582,0.0,05:35:15,20261010,69923,838,1280152,19.46422576904297,-99.12652587890625,200.0,32.0,115.2,,,,1791611283,2026-10-09 23:48:03-06:00,,
metrobus,metrobus_vehicle_positions,2026-10-10T05:48:18Z,2026-10-10,20261010T054813Z,41d05ce7-5b11-47cd-8dfd-639489911795,,,,,,69924,839,1280153,19.50829315185547,-99.17301940917969,342.0,0.0,0.0,,,,1791609979,2026-10-09 23:26:19-06:00,,
metrobus,metrobus_vehicle_positions,2026-10-10T05:48:18Z,2026-10-10,20261010T054813Z,20223e54-55ac-472f-bcd4-102b4e3f5a27,,,,,,69474,1033,1230074,19.498920440673828,-99.1191177368164,103.0,0.0,0.0,,,,1791611198,2026-10-09 23:46:38-06:00,,
metrobus,metrobus_vehicle_positions,2026-10-10T05:48:18Z,2026-10-10,20261010T054813Z,8dadf727-6a91-4fec-becb-fabd96913e31,,19567,1.0,05:39:36,20261010,69706,2364,1250137,19.403377532958984,-99.16924285888672,178.0,0.0,0.0,,,,1791611286,2026-10-09 23:48:06-06:00,,
metrobus,metrobus_vehicle_positions,2026-10-10T05:48:18Z,2026-10-10,20261010T054813Z,6a2e1b6f-75dd-4c79-b384-47dd57a3b5f2,,19499,0.0,05:28:14,20261010,69473,1032,1230073,19.499370574951172,-99.11927795410156,193.0,0.0,0.0,,,,1791610441,2026-10-09 23:34:01-06:00,,
metrobus,metrobus_vehicle_positions,2026-10-10T05:48:18Z,2026-10-10,20261010T054813Z,b2f54c3d-d0fb-49ea-8e28-4c34266e1883,,19563,0.0,03:33:08,20261010,69705,2363,1250121,19.389005661010742,-99.05937957763672,337.0,0.0,0.0,,,,1791609835,2026-10-09 23:23:55-06:00,,
metrobus,metrobus_vehicle_positions,2026-10-10T05:48:18Z,2026-10-10,20261010T054813Z,b54c20ea-1d19-43f7-858d-2f07028e87b1,,,,,,69472,1031,1230072,19.499759674072266,-99.11943817138672,129.0,0.0,0.0,,,,1791611281,2026-10-09 23:48:01-06:00,,
metrobus,metrobus_vehicle_positions,2026-10-10T05:48:18Z,2026-10-10,20261010T054813Z,21d64d83-2400-4640-8cb9-8b9283052134,,19563,0.0,04:56:07,20261010,69703,2361,1250033,19.389034271240234,-99.05817413330078,304.0,0.0,0.0,,,,1791608781,2026-10-09 23:06:21-06:00,,
metrobus,metrobus_vehicle_positions,2026-10-10T05:48:18Z,2026-10-10,20261010T054813Z,88bbba9c-fe03-4736-936f-1831b666ac23,,19499,0.0,05:21:46,20261010,69471,1030,1230071,19.500633239746094,-99.1195297241211,100.0,0.0,0.0,,,,1791611289,2026-10-09 23:48:09-06:00,,
metrobus,metrobus_vehicle_positions,2026-10-10T05:48:18Z,2026-10-10,20261010T054813Z,48dcf89f-869f-48a7-bfa8-80c600781986,,19563,0.0,05:40:16,20261010,69702,2360,1250136,19.389694213867188,-99.05915069580078,294.0,0.0,0.0,,,,1791611283,2026-10-09 23:48:03-06:00,,
metrobus,metrobus_vehicle_positions,2026-10-10T05:48:18Z,2026-10-10,20261010T054813Z,bc682ebe-bb73-406e-8438-e8e0bbfbdcd9,,19494,0.0,05:46:42,20261010,69470,1029,1230070,19.48985481262207,-99.12171173095703,217.0,43.0,154.8,,,,1791611276,2026-10-09 23:47:56-06:00,,
metrobus,metrobus_vehicle_positions,2026-10-10T05:48:18Z,2026-10-10,20261010T054813Z,efbf1ec0-446b-42f6-888b-26725ba0cfd4,,19499,0.0,04:39:40,20261010,69469,1028,1230069,19.340877532958984,-99.19005584716797,199.0,32.0,115.2,,,,1791611289,2026-10-09 23:48:09-06:00,,
metrobus,metrobus_vehicle_positions,2026-10-10T05:48:18Z,2026-10-10,20261010T054813Z,d9068cb9-deca-4d75-9bc0-261fc577c259,,,,,,69701,2359,1250135,19.389179229736328,-99.0592269897461,0.0,0.0,0.0,,,,1791611282,2026-10-09 23:48:02-06:00,,
metrobus,metrobus_vehicle_positions,2026-10-10T05:48:18Z,2026-10-10,20261010T054813Z,50f0dc91-b2e4-42f0-b072-2aa6a6a44c8e,,,,,,69700,2358,1250133,19.389341354370117,-99.05859375,0.0,0.0,0.0,,,,1791611274,2026-10-09 23:47:54-06:00,,
metrobus,metrobus_vehicle_positions,2026-10-10T05:48:18Z,2026-10-10,20261010T054813Z,db4dd316-dc95-4d56-9b79-e7ff075493d3,,19499,0.0,05:42:22,20261010,69468,1027,1230068,19.500099182128906,-99.118896484375,311.0,20.0,72.0,,,,1791611289,2026-10-09 23:48:09-06:00,,
metrobus,metrobus_vehicle_positions,2026-10-10T05:48:18Z,2026-10-10,20261010T054813Z,48d98336-b2ef-497a-bebf-560e47ea3f9f,,19564,0.0,05:09:49,20261010,69699,2357,1250129,19.388540267944336,-99.05735778808594,304.0,0.0,0.0,,,,1791609668,2026-10-09 23:21:08-06:00,,
metrobus,metrobus_vehicle_positions,2026-10-10T05:48:18Z,2026-10-10,20261010T054813Z,2db0cc42-70ce-4964-aab0-4478ec7cb903,,19577,1.0,05:10:33,20261010,69925,840,1280154,19.443017959594727,-99.14028930664062,462.0,36.0,129.6,,,,1791611278,2026-10-09 23:47:58-06:00,,
metrobus,metrobus_vehicle_positions,2026-10-10T05:48:18Z,2026-10-10,20261010T054813Z,dc23af73-b364-4643-8355-b36997270865,,,,,,69467,1026,1230067,19.500089645385742,-99.11939239501953,0.0,0.0,0.0,,,,1791611282,2026-10-09 23:48:02-06:00,,
metrobus,metrobus_vehicle_positions,2026-10-10T05:48:18Z,2026-10-10,20261010T054813Z,cecce248-66d5-4f8c-8b1a-6dbba029985f,,,,,,69466,1025,1230066,19.50019645690918,-99.11911010742188,920.0,0.0,0.0,,,,1791611283,2026-10-09 23:48:03-06:00,,
metrobus,metrobus_vehicle_positions,2026-10-10T05:48:18Z,2026-10-10,20261010T054813Z,bb1ffded-49b2-43ca-aa32-4564711c98e9,,19500,1.0,04:29:07,20261010,69971,1267,1230131,19.474323272705078,-99.13423156738281,384.0,48.0,172.8,,,,1791611277,2026-10-09 23:47:57-06:00,,
metrobus,metrobus_vehicle_positions,2026-10-10T05:48:18Z,2026-10-10,20261010T054813Z,0ccdb3d0-fa72-4acc-a986-a9a94b996b07,,19577,1.0,05:16:32,20261010,69926,841,1280155,19.43138313293457,-99.15840911865234,52.0,0.0,0.0,,,,1791611284,2026-10-09 23:48:04-06:00,,
metrobus,metrobus_vehicle_positions,2026-10-10T05:48:18Z,2026-10-10,20261010T054813Z,dd7084d3-75bd-4091-af73-08a4746bc5df,,,,,,69698,2356,1250132,19.389503479003906,-99.058837890625,0.0,0.0,0.0,,,,1791610165,2026-10-09 23:29:25-06:00,,
metrobus,metrobus_vehicle_positions,2026-10-10T05:48:18Z,2026-10-10,20261010T054813Z,e7b9bdb3-1fee-4a7a-96d4-83d1426ccb00,,19499,0.0,05:26:44,20261010,69970,1266,1230113,19.422203063964844,-99.16349792480469,196.0,32.0,115.2,,,,1791611285,2026-10-09 23:48:05-06:00,,
metrobus,metrobus_vehicle_positions,2026-10-10T05:48:18Z,2026-10-10,20261010T054813Z,4fae2dce-f21b-4efc-9536-0330bcda258c,,,,,,69697,2355,1250131,19.38894271850586,-99.05799102783203,0.0,0.0,0.0,,,,1791610352,2026-10-09 23:32:32-06:00,,
metrobus,metrobus_vehicle_positions,2026-10-10T05:48:18Z,2026-10-10,20261010T054813Z,e9f5c57a-274a-41c2-9705-68a3a694dd82,,,,,,69927,842,1280156,19.492897033691406,-99.1207504272461,326.0,0.0,0.0,,,,1791611283,2026-10-09 23:48:03-06:00,,
metrobus,metrobus_vehicle_positions,2026-10-10T05:48:18Z,2026-10-10,20261010T054813Z,fc7c23ef-9a4e-4112-811f-15977a448f59,,,,,,69465,1024,1230065,19.497692108154297,-99.11891174316406,354.0,0.0,0.0,,,,1791611283,2026-10-09 23:48:03-06:00,,
metrobus,metrobus_vehicle_positions,2026-10-10T05:48:18Z,2026-10-10,20261010T054813Z,993cc1c8-fb18-4c00-8dd7-dcdc1cba0401,,,,,,69696,2354,1250130,19.38960075378418,-99.05895233154297,305.0,0.0,0.0,,,,1791611285,2026-10-09 23:48:05-06:00,,
metrobus,metrobus_vehicle_positions,2026-10-10T05:48:18Z,2026-10-10,20261010T054813Z,46fda0c3-0846-43e2-99d4-1a515d367849,,20211,0.0,05:34:35,20261010,69544,601,1280001,19.487064361572266,-99.09381103515625,112.0,0.0,0.0,,,,1791611283,2026-10-09 23:48:03-06:00,,
metrobus,metrobus_vehicle_positions,2026-10-10T05:48:18Z,2026-10-10,20261010T054813Z,02c7dd2e-7913-4d36-84a3-1ee20d0e1f38,,19494,0.0,05:41:41,20261010,69464,1023,1230064,19.469099044799805,-99.13871765136719,217.0,37.0,133.20000000000002,,,,1791611284,2026-10-09 23:48:04-06:00,,
metrobus,metrobus_vehicle_positions,2026-10-10T05:48:18Z,2026-10-10,20261010T054813Z,6c2a218b-6fce-45b5-bf9c-d78f19c66c20,,19579,1.0,05:21:28,20261010,69928,843,1280157,19.42919921875,-99.16278839111328,66.0,0.0,0.0,,,,1791611284,2026-10-09 23:48:04-06:00,,
metrobus,metrobus_vehicle_positions,2026-10-10T05:48:18Z,2026-10-10,20261010T054813Z,67123471-8f57-4320-8cb9-861d843d88fb,,,,,,69545,602,1280002,19.48757553100586,-99.0935287475586,218.0,0.0,0.0,,,,1791606404,2026-10-09 22:26:44-06:00,,
metrobus,metrobus_vehicle_positions,2026-10-10T05:48:18Z,2026-10-10,20261010T054813Z,f385e1d9-0a7a-48e5-9ee1-522d9e2132d3,,19576,0.0,05:25:55,20261010,69929,844,1280158,19.45758628845215,-99.12907409667969,201.0,0.0,0.0,,,,1791611281,2026-10-09 23:48:01-06:00,,
metrobus,metrobus_vehicle_positions,2026-10-10T05:48:18Z,2026-10-10,20261010T054813Z,a911dfd8-e6e9-459f-ad86-e40088896bf3,,,,,,69546,603,1280003,19.50731658935547,-99.0859603881836,295.0,6.0,21.6,,,,1791611277,2026-10-09 23:47:57-06:00,,
metrobus,metrobus_vehicle_positions,2026-10-10T05:48:18Z,2026-10-10,20261010T054813Z,452a3374-5d60-40a1-9952-20fa0bfa19b7,,,,,,69931,846,1280160,19.492727279663086,-99.12063598632812,327.0,0.0,0.0,,,,1791611286,2026-10-09 23:48:06-06:00,,
metrobus,metrobus_vehicle_positions,2026-10-10T05:48:18Z,2026-10-10,20261010T054813Z,561b0eff-d5b6-47fb-b59f-dc9142b9f678,,20211,0.0,03:35:51,20261010,69548,605,1280005,19.486940383911133,-99.09257507324219,248.0,0.0,0.0,,,,1791609031,2026-10-09 23:10:31-06:00,,
metrobus,metrobus_vehicle_positions,2026-10-10T05:48:18Z,2026-10-10,20261010T054813Z,46f13038-ffba-4a9b-91fc-d7ebc6f29516,,20212,1.0,05:16:19,20261010,69549,606,1280006,19.430431365966797,-99.11530303955078,960.0,8.0,28.8,,,,1791611288,2026-10-09 23:48:08-06:00,,
metrobus,metrobus_vehicle_positions,2026-10-10T05:48:18Z,2026-10-10,20261010T054813Z,073cd28f-d1b6-4cd3-b420-dd24b4002fbe,,,,,,69933,848,1280162,19.508216857910156,-99.17304992675781,0.0,0.0,0.0,,,,1791611276,2026-10-09 23:47:56-06:00,,
metrobus,metrobus_vehicle_positions,2026-10-10T05:48:18Z,2026-10-10,20261010T054813Z,2ff12c68-49c9-4b59-affb-3b0dfbc80e40,,,,,,69550,607,1280007,19.486867904663086,-99.09223175048828,251.0,0.0,0.0,,,,1791608474,2026-10-09 23:01:14-06:00,,
metrobus,metrobus_vehicle_positions,2026-10-10T05:48:18Z,2026-10-10,20261010T054813Z,d0492366-4c00-4902-9a36-e4a87d9f54b2,,20211,0.0,04:25:39,20261010,69552,609,1280009,19.486953735351562,-99.09223937988281,241.0,0.0,0.0,,,,1791608431,2026-10-09 23:00:31-06:00,,
metrobus,metrobus_vehicle_positions,2026-10-10T05:48:18Z,2026-10-10,20261010T054813Z,0ad0ca7e-55c3-4be3-a4da-3a5fdbb0a77f,,19563,0.0,04:03:28,20261010,69717,2375,1250118,19.38878631591797,-99.05939483642578,960.0,0.0,0.0,,,,1791611288,2026-10-09 23:48:08-06:00,,
metrobus,metrobus_vehicle_positions,2026-10-10T05:48:18Z,2026-10-10,20261010T054813Z,7175af2a-3993-4dbf-bafa-848632485825,,19500,1.0,04:25:27,20261010,69485,1044,1230085,19.424501419067383,-99.16261291503906,235.0,0.0,0.0,,,,1791611277,2026-10-09 23:47:57-06:00,,
metrobus,metrobus_vehicle_positions,2026-10-10T05:48:18Z,2026-10-10,20261010T054813Z,0ac71ef0-545e-4d32-a060-5490bc53d23c,,19492,0.0,05:24:56,20261010,69484,1043,1230084,19.500524520874023,-99.11919403076172,103.0,0.0,0.0,,,,1791610664,2026-10-09 23:37:44-06:00,,
metrobus,metrobus_vehicle_positions,2026-10-10T05:48:18Z,2026-10-10,20261010T054813Z,006907b4-30d4-4c94-bcfc-3bd9c0539636,,,,,,69716,2374,1250039,19.388980865478516,-99.05931091308594,0.0,0.0,0.0,,,,1791607501,2026-10-09 22:45:01-06:00,,
metrobus,metrobus_vehicle_positions,2026-10-10T05:48:18Z,2026-10-10,20261010T054813Z,2bfec67b-cb32-4d97-af06-b38d09aa297d,,19500,1.0,04:43:08,20261010,69483,1042,1230083,19.434125900268555,-99.15809631347656,197.0,0.0,0.0,,,,1791611283,2026-10-09 23:48:03-06:00,,
metrobus,metrobus_vehicle_positions,2026-10-10T05:48:18Z,2026-10-10,20261010T054813Z,e9b7ce22-5ce4-4b64-9ac0-56848cf4a727,,19567,1.0,05:18:54,20261010,69715,2373,1250038,19.398197174072266,-99.11996459960938,879.0,47.0,169.20000000000002,,,,1791611282,2026-10-09 23:48:02-06:00,,
metrobus,metrobus_vehicle_positions,2026-10-10T05:48:18Z,2026-10-10,20261010T054813Z,02a278d9-d7da-49f9-a6b2-6f81c068f910,,,,,,69714,2372,1250037,19.389001846313477,-99.05931854248047,0.0,0.0,0.0,,,,1791611282,2026-10-09 23:48:02-06:00,,
metrobus,metrobus_vehicle_positions,2026-10-10T05:48:18Z,2026-10-10,20261010T054813Z,9ee54283-e2c2-4bff-9915-2d0b6a472558,,19500,1.0,05:21:26,20261010,69482,1041,1230082,19.35139274597168,-99.18614959716797,167.0,29.0,104.4,,,,1791611283,2026-10-09 23:48:03-06:00,,
metrobus,metrobus_vehicle_positions,2026-10-10T05:48:18Z,2026-10-10,20261010T054813Z,3e901b99-2927-4d52-9cd4-6880ac5bb35b,,19491,1.0,17:04:06,20261009,69481,1040,1230081,19.419485092163086,-99.16413879394531,174.0,0.0,0.0,,,,1791567853,2026-10-09 11:44:13-06:00,,
metrobus,metrobus_vehicle_positions,2026-10-10T05:48:18Z,2026-10-10,20261010T054813Z,58f8db87-2a7a-4739-91b5-30bf73084a3c,,,,,,69713,2371,1250036,19.391002655029297,-99.0478515625,299.0,0.0,0.0,,,,1791609632,2026-10-09 23:20:32-06:00,,
metrobus,metrobus_vehicle_positions,2026-10-10T05:48:18Z,2026-10-10,20261010T054813Z,bd294640-d0b2-4c0c-80c0-db826b14087f,,19564,0.0,05:39:33,20261010,69712,2370,1250035,19.38832664489746,-99.05707550048828,305.0,0.0,0.0,,,,1791611285,2026-10-09 23:48:05-06:00,,
metrobus,metrobus_vehicle_positions,2026-10-10T05:48:18Z,2026-10-10,20261010T054813Z,43462b1e-9c81-4899-9440-7741e8147de1,,19499,0.0,05:41:59,20261010,69480,1039,1230080,19.499818801879883,-99.11955261230469,283.0,0.0,0.0,,,,1791611288,2026-10-09 23:48:08-06:00,,
metrobus,metrobus_vehicle_positions,2026-10-10T05:48:18Z,2026-10-10,20261010T054813Z,6ea139c8-e6ab-420d-976d-1080bb98df93,,19566,0.0,05:22:59,20261010,69711,2369,1250034,19.388591766357422,-99.05937957763672,295.0,0.0,0.0,,,,1791611210,2026-10-09 23:46:50-06:00,,
metrobus,metrobus_vehicle_positions,2026-10-10T05:48:18Z,2026-10-10,20261010T054813Z,04e2c277-7e16-4246-9f91-23342e113da2,,19494,0.0,04:01:52,20261010,69479,1038,1230079,19.49951934814453,-99.11871337890625,186.0,0.0,0.0,,,,1791605063,2026-10-09 22:04:23-06:00,,
metrobus,metrobus_vehicle_positions,2026-10-10T05:48:18Z,2026-10-10,20261010T054813Z,d78d4924-5323-4912-bf3a-63e27c07239d,,19564,0.0,03:27:13,20261010,69710,2368,ConPermisovencido,19.389232635498047,-99.0584487915039,304.0,0.0,0.0,,,,1791608648,2026-10-09 23:04:08-06:00,,
metrobus,metrobus_vehicle_positions,2026-10-10T05:48:18Z,2026-10-10,20261010T054813Z,f2b79c46-a841-49ee-ab56-6769f6bd7537,,19500,1.0,05:40:23,20261010,69478,1037,1230078,19.279218673706055,-99.1690902709961,376.0,0.0,0.0,,,,1791611275,2026-10-09 23:47:55-06:00,,
metrobus,metrobus_vehicle_positions,2026-10-10T05:48:18Z,2026-10-10,20261010T054813Z,55dab4f5-0248-46f4-8a5c-ed0a4224d5f7,,,,,,69477,1036,1230077,19.497446060180664,-99.12010955810547,258.0,0.0,0.0,,,,1791611284,2026-10-09 23:48:04-06:00,,
metrobus,metrobus_vehicle_positions,2026-10-10T05:48:18Z,2026-10-10,20261010T054813Z,4dc89dfd-400f-4ec7-8129-75a716585c94,,,,,,69709,2367,ConPermisovencido,19.3887939453125,-99.05936431884766,338.0,0.0,0.0,,,,1791610946,2026-10-09 23:42:26-06:00,,
metrobus,metrobus_vehicle_positions,2026-10-10T05:48:18Z,2026-10-10,20261010T054813Z,9156d3f3-e58c-48d2-8eb3-3c396c3d50e9,,19559,0.0,04:07:08,20261010,69554,611,1280011,19.43128204345703,-99.11520385742188,870.0,9.0,32.4,,,,1791611283,2026-10-09 23:48:03-06:00,,
metrobus,metrobus_vehicle_positions,2026-10-10T05:48:18Z,2026-10-10,20261010T054813Z,cbac3c9b-bd36-43fe-9743-747f7a580ff6,,19499,0.0,05:44:35,20261010,69476,1035,1230076,19.497854232788086,-99.12029266357422,189.0,5.0,18.0,,,,1791611285,2026-10-09 23:48:05-06:00,,
metrobus,metrobus_vehicle_positions,2026-10-10T05:48:18Z,2026-10-10,20261010T054813Z,a077c404-e4b2-4bfa-b295-42dab034fe76,,19564,0.0,05:38:37,20261010,69708,2366,1250040,19.38931655883789,-99.05935668945312,184.0,0.0,0.0,,,,1791611290,2026-10-09 23:48:10-06:00,,
metrobus,metrobus_vehicle_positions,2026-10-10T05:48:18Z,2026-10-10,20261010T054813Z,5fa6f033-975e-4d25-a5b4-32e50d025c19,,,,,,69707,2365,1250116,19.388479232788086,-99.0594482421875,955.0,0.0,0.0,,,,1791611281,2026-10-09 23:48:01-06:00,,
metrobus,metrobus_vehicle_positions,2026-10-10T05:48:18Z,2026-10-10,20261010T054813Z,39cdb4a7-de34-462f-9ba6-971f3e95c9db,,19499,0.0,05:17:55,20261010,69475,1034,1230075,19.412961959838867,-99.16629791259766,197.0,25.0,90.0,,,,1791611283,2026-10-09 23:48:03-06:00,,
metrobus,metrobus_vehicle_positions,2026-10-10T05:48:18Z,2026-10-10,20261010T054813Z,fafacf07-1796-4c13-b1f7-67182aaeecc7,,20211,0.0,03:53:40,20261010,69555,612,1280012,19.486940383911133,-99.09254455566406,246.0,0.0,0.0,,,,1791605731,2026-10-09 22:15:31-06:00,,
metrobus,metrobus_vehicle_positions,2026-10-10T05:48:18Z,2026-10-10,20261010T054813Z,3e24dbef-1500-4ec4-afa7-3ce1f0764bbf,,,,,,69557,614,1280014,19.486305236816406,-99.09315490722656,243.0,0.0,0.0,,,,1791607913,2026-10-09 22:51:53-06:00,,
metrobus,metrobus_vehicle_positions,2026-10-10T05:48:18Z,2026-10-10,20261010T054813Z,8fca75d8-7316-4b89-8940-f7cbf824c358,,19558,1.0,05:29:09,20261010,69559,616,1280016,19.343521118164062,-99.1123046875,139.0,0.0,0.0,,,,1791611280,2026-10-09 23:48:00-06:00,,
metrobus,metrobus_vehicle_positions,2026-10-10T05:48:18Z,2026-10-10,20261010T054813Z,a4e8280a-d4fe-46e3-aede-06d4bac0a04b,,,,,,69561,618,1280018,19.487316131591797,-99.09306335449219,246.0,0.0,0.0,,,,1791610989,2026-10-09 23:43:09-06:00,,
metrobus,metrobus_vehicle_positions,2026-10-10T05:48:18Z,2026-10-10,20261010T054813Z,e937068f-6d59-4e74-9254-f2fd45a50580,,,,,,69562,619,1280019,19.48760986328125,-99.09363555908203,103.0,0.0,0.0,,,,1791611280,2026-10-09 23:48:00-06:00,,
metrobus,metrobus_vehicle_positions,2026-10-10T05:48:18Z,2026-10-10,20261010T054813Z,67aa5665-b76a-4cf0-a75f-15b75557b915,,,,,,69608,2386,003A019,19.388212203979492,-99.05994415283203,353.0,0.0,0.0,,,,1791610002,2026-10-09 23:26:42-06:00,,
metrobus,metrobus_vehicle_positions,2026-10-10T05:48:18Z,2026-10-10,20261010T054813Z,fd344ef4-13af-4ea1-8a82-0b74a849124e,,19491,1.0,05:18:37,20261010,70131,1055,1230154,19.401273727416992,-99.16996002197266,182.0,43.0,154.8,,,,1791611280,2026-10-09 23:48:00-06:00,,
metrobus,metrobus_vehicle_positions,2026-10-10T05:48:18Z,2026-10-10,20261010T054813Z,9999b3d9-a491-4c0c-b36d-978dcd1ed2df,,19564,0.0,05:41:11,20261010,69607,2385,003A023,19.388111114501953,-99.05949401855469,893.0,0.0,0.0,,,,1791611278,2026-10-09 23:47:58-06:00,,
metrobus,metrobus_vehicle_positions,2026-10-10T05:48:18Z,2026-10-10,20261010T054813Z,474bd193-2ea1-4e04-8885-09b1dcea8bac,,,,,,70130,1054,1230153,19.499629974365234,-99.1189193725586,0.0,0.0,0.0,,,,1791611281,2026-10-09 23:48:01-06:00,,
metrobus,metrobus_vehicle_positions,2026-10-10T05:48:18Z,2026-10-10,20261010T054813Z,70b9874c-837a-460f-aed1-746012524e7e,,,,,,70129,1053,1230152,19.499738693237305,-99.11875915527344,0.0,0.0,0.0,,,,1791611284,2026-10-09 23:48:04-06:00,,
metrobus,metrobus_vehicle_positions,2026-10-10T05:48:18Z,2026-10-10,20261010T054813Z,4a189cb0-418f-4f85-b161-4d9537fab10b,,19563,0.0,05:23:52,20261010,69606,2384,003A025,19.388357162475586,-99.0594711303711,344.0,0.0,0.0,,,,1791611278,2026-10-09 23:47:58-06:00,,
metrobus,metrobus_vehicle_positions,2026-10-10T05:48:18Z,2026-10-10,20261010T054813Z,5910f85d-7c67-462a-bd13-147bb125740b,,19566,0.0,03:42:30,20261010,69722,2383,1250134,19.38872528076172,-99.0576171875,304.0,0.0,0.0,,,,1791609446,2026-10-09 23:17:26-06:00,,
metrobus,metrobus_vehicle_positions,2026-10-10T05:48:18Z,2026-10-10,20261010T054813Z,5b06f262-39ba-49d6-a3ca-26e662bebc17,,19491,1.0,05:09:22,20261010,70128,1052,1230151,19.429798126220703,-99.16014862060547,222.0,7.0,25.2,,,,1791611281,2026-10-09 23:48:01-06:00,,
metrobus,metrobus_vehicle_positions,2026-10-10T05:48:18Z,2026-10-10,20261010T054813Z,09de7d78-98a6-4703-b5db-ed0a7f9d582a,,19566,0.0,04:17:22,20261010,69721,2382,1250125,19.388343811035156,-99.0594482421875,145.0,0.0,0.0,,,,1791610046,2026-10-09 23:27:26-06:00,,
metrobus,metrobus_vehicle_positions,2026-10-10T05:48:18Z,2026-10-10,20261010T054813Z,d3d07942-b0bf-48e2-8bf9-392c978df6e2,,19494,0.0,05:38:43,20261010,70127,1051,1230150,19.499366760253906,-99.11912536621094,127.0,0.0,0.0,,,,1791611280,2026-10-09 23:48:00-06:00,,
metrobus,metrobus_vehicle_positions,2026-10-10T05:48:18Z,2026-10-10,20261010T054813Z,18061058-0554-407c-baba-e9711e26af3e,,19492,0.0,05:33:59,20261010,69491,1050,1230091,19.50045394897461,-99.11903381347656,961.0,0.0,0.0,,,,1791611102,2026-10-09 23:45:02-06:00,,
metrobus,metrobus_vehicle_positions,2026-10-10T05:48:18Z,2026-10-10,20261010T054813Z,c8655679-c05d-4fe4-8c2b-cf1e6fbc9234,,,,,,69490,1049,1230090,0.0,0.0,0.0,0.0,0.0,,,,1791607260,2026-10-09 22:41:00-06:00,,
metrobus,metrobus_vehicle_positions,2026-10-10T05:48:18Z,2026-10-10,20261010T054813Z,f9b16e5a-f03f-4de8-b1b1-fb9298860400,,19558,1.0,05:26:28,20261010,69563,620,1280020,19.365034103393555,-99.1093978881836,132.0,49.0,176.4,,,,1791611283,2026-10-09 23:48:03-06:00,,
metrobus,metrobus_vehicle_positions,2026-10-10T05:48:18Z,2026-10-10,20261010T054813Z,1d1eb91a-7e46-4584-98a9-66e228ecc133,,,,,,69718,2379,1250115,19.38908576965332,-99.05927276611328,0.0,0.0,0.0,,,,1791605676,2026-10-09 22:14:36-06:00,,
metrobus,metrobus_vehicle_positions,2026-10-10T05:48:18Z,2026-10-10,20261010T054813Z,fbf64968-63bf-413d-84ec-411ce50561f3,,19491,1.0,05:46:34,20261010,69489,1048,1230089,19.3358211517334,-99.190673828125,354.0,37.0,133.20000000000002,,,,1791611285,2026-10-09 23:48:05-06:00,,
metrobus,metrobus_vehicle_positions,2026-10-10T05:48:18Z,2026-10-10,20261010T054813Z,fe228886-c6ef-4a36-aaf0-ce7067efde95,,19559,0.0,04:11:23,20261010,69564,621,1280021,19.403982162475586,-99.11370086669922,590.0,44.0,158.4,,,,1791611275,2026-10-09 23:47:55-06:00,,
metrobus,metrobus_vehicle_positions,2026-10-10T05:48:18Z,2026-10-10,20261010T054813Z,652124c8-21fc-47b3-95ec-929564550818,,19500,1.0,04:55:25,20261010,69488,1047,1230088,19.406814575195312,-99.16820526123047,169.0,0.0,0.0,,,,1791611289,2026-10-09 23:48:09-06:00,,
metrobus,metrobus_vehicle_positions,2026-10-10T05:48:18Z,2026-10-10,20261010T054813Z,4f61fa64-35ac-48d8-8c77-d4f115094feb,,,,,,69604,2377,1250152,19.38825035095215,-99.05937194824219,0.0,0.0,0.0,,,,1791524050,2026-10-08 23:34:10-06:00,,
metrobus,metrobus_vehicle_positions,2026-10-10T05:48:18Z,2026-10-10,20261010T054813Z,8f372666-35ff-4329-87a3-59c909b067a3,,19558,1.0,05:37:19,20261010,69565,622,1260200,19.30999183654785,-99.11100006103516,122.0,37.0,133.20000000000002,,,,1791611287,2026-10-09 23:48:07-06:00,,
metrobus,metrobus_vehicle_positions,2026-10-10T05:48:18Z,2026-10-10,20261010T054813Z,002dd025-dd92-4352-962d-30b58ab9d517,,19500,1.0,05:17:51,20261010,69487,1046,1230087,19.36273956298828,-99.18248748779297,165.0,38.0,136.8,,,,1791611279,2026-10-09 23:47:59-06:00,,
metrobus,metrobus_vehicle_positions,2026-10-10T05:48:18Z,2026-10-10,20261010T054813Z,1bbee569-58d9-422e-9957-4554e94429af,,,,,,69566,623,1260199,19.487010955810547,-99.09288024902344,129.0,0.0,0.0,,,,1791611289,2026-10-09 23:48:09-06:00,,
metrobus,metrobus_vehicle_positions,2026-10-10T05:48:18Z,2026-10-10,20261010T054813Z,aadbc62b-3787-4cd8-a647-e267540a5fa5,,,,,,69486,1045,1230086,19.49842071533203,-99.11941528320312,281.0,0.0,0.0,,,,1791611275,2026-10-09 23:47:55-06:00,,
metrobus,metrobus_vehicle_positions,2026-10-10T05:48:18Z,2026-10-10,20261010T054813Z,651e5d2e-a8fc-4ca6-a58c-658d4201c974,,19558,1.0,05:40:03,20261010,69567,624,002A971,19.300397872924805,-99.1136703491211,144.0,0.0,0.0,,,,1791611285,2026-10-09 23:48:05-06:00,,
metrobus,metrobus_vehicle_positions,2026-10-10T05:48:18Z,2026-10-10,20261010T054813Z,3a817db7-aeb3-4dec-83dc-151410771c53,,,,,,69568,625,002A972,19.487539291381836,-99.09326934814453,204.0,0.0,0.0,,,,1791604945,2026-10-09 22:02:25-06:00,,
metrobus,metrobus_vehicle_positions,2026-10-10T05:48:18Z,2026-10-10,20261010T054813Z,a8775192-3391-402a-8e0e-1410be8f519e,,19559,0.0,04:36:39,20261010,69569,626,002A973,19.27392578125,-99.11991882324219,232.0,11.0,39.6,,,,1791611278,2026-10-09 23:47:58-06:00,,
metrobus,metrobus_vehicle_positions,2026-10-10T05:48:18Z,2026-10-10,20261010T054813Z,a242b815-fa59-43a4-889c-cbf179512555,,19559,0.0,05:46:49,20261010,69570,627,002A974,19.50052833557129,-99.08909606933594,201.0,49.0,176.4,,,,1791611285,2026-10-09 23:48:05-06:00,,
metrobus,metrobus_vehicle_positions,2026-10-10T05:48:18Z,2026-10-10,20261010T054813Z,7da8645d-8d8f-43d1-82f1-a23655297482,,,,,,69571,628,002A975,19.486854553222656,-99.09217071533203,0.0,3.0,10.8,,,,1791487228,2026-10-08 13:20:28-06:00,,
metrobus,metrobus_vehicle_positions,2026-10-10T05:48:18Z,2026-10-10,20261010T054813Z,a386cc5a-9b05-4761-a78a-b5072daf23df,,19559,0.0,05:00:38,20261010,69572,629,002A976,19.350908279418945,-99.11119079589844,163.0,6.0,21.6,,,,1791611280,2026-10-09 23:48:00-06:00,,
metrobus,metrobus_vehicle_positions,2026-10-10T05:48:18Z,2026-10-10,20261010T054813Z,fb7758af-78cb-42a0-82d7-e1512e949af3,,,,,,70142,1066,1300127,19.41530990600586,-99.16541290283203,168.0,37.0,133.20000000000002,,,,1791611276,2026-10-09 23:47:56-06:00,,
metrobus,metrobus_vehicle_positions,2026-10-10T05:48:18Z,2026-10-10,20261010T054813Z,32ccbb94-c3f1-45c2-a2e3-d9731a73b3f4,,19492,0.0,05:33:53,20261010,70141,1065,1300126,19.498809814453125,-99.11981201171875,139.0,4.0,14.4,,,,1791611277,2026-10-09 23:47:57-06:00,,
metrobus,metrobus_vehicle_positions,2026-10-10T05:48:18Z,2026-10-10,20261010T054813Z,36af3b19-77a8-42bb-b9bd-c8b596ab79d5,,,,,,70140,1064,1230163,19.498138427734375,-99.12042999267578,294.0,0.0,0.0,,,,1791611282,2026-10-09 23:48:02-06:00,,
metrobus,metrobus_vehicle_positions,2026-10-10T05:48:18Z,2026-10-10,20261010T054813Z,ca1d31a0-c20c-498e-9fec-ca061d40f058,,19500,1.0,05:39:40,20261010,70139,1063,1230162,19.29505729675293,-99.18290710449219,304.0,7.0,25.2,,,,1791611282,2026-10-09 23:48:02-06:00,,
metrobus,metrobus_vehicle_positions,2026-10-10T05:48:18Z,2026-10-10,20261010T054813Z,3722ad2e-0218-4b8c-9aea-3f53225bdb11,,19500,1.0,05:39:39,20261010,70138,1062,1230161,19.292724609375,-99.1777572631836,293.0,0.0,0.0,,,,1791611276,2026-10-09 23:47:56-06:00,,
metrobus,metrobus_vehicle_positions,2026-10-10T05:48:18Z,2026-10-10,20261010T054813Z,3dde9afa-a662-4f2b-a6bb-7cc0ec94c564,,19492,0.0,05:35:37,20261010,70137,1061,1230160,19.50044059753418,-99.11908721923828,102.0,0.0,0.0,,,,1791611290,2026-10-09 23:48:10-06:00,,
metrobus,metrobus_vehicle_positions,2026-10-10T05:48:18Z,2026-10-10,20261010T054813Z,1ceec55d-0c48-4de9-8ca6-ced38f61af5a,,19492,0.0,03:47:47,20261010,70136,1060,1230159,19.498966217041016,-99.11930847167969,359.0,0.0,0.0,,,,1791609770,2026-10-09 23:22:50-06:00,,
metrobus,metrobus_vehicle_positions,2026-10-10T05:48:18Z,2026-10-10,20261010T054813Z,5527eb2c-db26-48a7-8c27-ff65c6722cb6,,,,,,69612,2390,003A021,19.388397216796875,-99.05934143066406,0.0,0.0,0.0,,,,1791611195,2026-10-09 23:46:35-06:00,,
metrobus,metrobus_vehicle_positions,2026-10-10T05:48:18Z,2026-10-10,20261010T054813Z,7e53115b-c7f2-4d43-81b9-3562f615a09c,,19559,0.0,05:38:02,20261010,69573,630,002A977,19.487300872802734,-99.09346008300781,112.0,0.0,0.0,,,,1791611270,2026-10-09 23:47:50-06:00,,
metrobus,metrobus_vehicle_positions,2026-10-10T05:48:18Z,2026-10-10,20261010T054813Z,31b0464b-37ea-4a1b-8426-c29f77e396e4,,,,,,69574,631,002A978,19.48726463317871,-99.09385681152344,249.0,0.0,0.0,,,,1791611287,2026-10-09 23:48:07-06:00,,
metrobus,metrobus_vehicle_positions,2026-10-10T05:48:18Z,2026-10-10,20261010T054813Z,31c8f450-60d8-4f31-9c26-6fb9c66af515,,19494,0.0,05:30:56,20261010,70135,1059,1230158,19.443334579467773,-99.15448760986328,197.0,9.0,32.4,,,,1791611284,2026-10-09 23:48:04-06:00,,
metrobus,metrobus_vehicle_positions,2026-10-10T05:48:18Z,2026-10-10,20261010T054813Z,95008cfa-8d77-46c8-9a29-cfa65ed5e910,,20212,1.0,04:18:38,20261010,69575,632,002A979,19.487144470214844,-99.09302520751953,133.0,0.0,0.0,,,,1791611282,2026-10-09 23:48:02-06:00,,
metrobus,metrobus_vehicle_positions,2026-10-10T05:48:18Z,2026-10-10,20261010T054813Z,f6cef587-9a12-443b-9c9b-898822ed2e88,,19564,0.0,05:11:40,20261010,69611,2389,003A024,19.388368606567383,-99.05992889404297,121.0,0.0,0.0,,,,1791610833,2026-10-09 23:40:33-06:00,,
metrobus,metrobus_vehicle_positions,2026-10-10T05:48:18Z,2026-10-10,20261010T054813Z,7d463317-caac-4882-a438-887c18572913,,19499,0.0,04:57:16,20261010,70134,1058,1230157,19.364824295043945,-99.18191528320312,196.0,13.0,46.800000000000004,,,,1791611280,2026-10-09 23:48:00-06:00,,
metrobus,metrobus_vehicle_positions,2026-10-10T05:48:18Z,2026-10-10,20261010T054813Z,07930609-050c-4401-aee7-7a2710566293,,19558,1.0,05:47:43,20261010,69576,633,002A980,19.273881912231445,-99.11969757080078,448.0,31.0,111.60000000000001,,,,1791611278,2026-10-09 23:47:58-06:00,,
metrobus,metrobus_vehicle_positions,2026-10-10T05:48:18Z,2026-10-10,20261010T054813Z,1808f920-7a2a-4512-8916-16efcf3862d5,,,,,,70133,1057,1230156,19.494998931884766,-99.12137603759766,179.0,0.0,0.0,,,,1791601742,2026-10-09 21:09:02-06:00,,
metrobus,metrobus_vehicle_positions,2026-10-10T05:48:18Z,2026-10-10,20261010T054813Z,31ddc148-5c2d-48b0-b46e-a39c4ccd63fe,,19564,0.0,04:01:14,20261010,69610,2388,003A022,19.38791275024414,-99.05999755859375,0.0,0.0,0.0,,,,1791608814,2026-10-09 23:06:54-06:00,,
metrobus,metrobus_vehicle_positions,2026-10-10T05:48:18Z,2026-10-10,20261010T054813Z,61f5d0a5-c7ce-4bc3-b861-79cd0bfda16e,,19494,0.0,05:47:30,20261010,70132,1056,1230155,19.499324798583984,-99.1189956665039,0.0,0.0,0.0,,,,1791611281,2026-10-09 23:48:01-06:00,,
metrobus,metrobus_vehicle_positions,2026-10-10T05:48:18Z,2026-10-10,20261010T054813Z,61bce47b-b31e-4449-80d9-77f90757335b,,,,,,69609,2387,003A020,19.388145446777344,-99.0594711303711,280.0,0.0,0.0,,,,1791611290,2026-10-09 23:48:10-06:00,,
metrobus,metrobus_vehicle_positions,2026-10-10T05:48:18Z,2026-10-10,20261010T054813Z,f112a181-fd97-4a2a-8820-9cd0ce1c016d,,,,,,70153,1077,1230020,19.2786865234375,-99.16903686523438,318.0,0.0,0.0,,,,1791611285,2026-10-09 23:48:05-06:00,,
metrobus,metrobus_vehicle_positions,2026-10-10T05:48:18Z,2026-10-10,20261010T054813Z,168af82c-339c-4891-a96c-0cc0d6563199,,,,,,70152,1076,1230002,19.49930191040039,-99.11896514892578,0.0,0.0,0.0,,,,1791610903,2026-10-09 23:41:43-06:00,,
metrobus,metrobus_vehicle_positions,2026-10-10T05:48:18Z,2026-10-10,20261010T054813Z,a20f28ed-2951-47bf-8156-66ace5d115e8,,19491,1.0,05:18:21,20261010,70151,1075,1230007,19.403139114379883,-99.16935729980469,174.0,0.0,0.0,,,,1791611280,2026-10-09 23:48:00-06:00,,
metrobus,metrobus_vehicle_positions,2026-10-10T05:48:18Z,2026-10-10,20261010T054813Z,4a7a2a35-ab97-41bd-949e-14e28f5d76ec,,,,,,70150,1074,1300135,19.499155044555664,-99.11924743652344,0.0,0.0,0.0,,,,1791611281,2026-10-09 23:48:01-06:00,,
metrobus,metrobus_vehicle_positions,2026-10-10T05:48:18Z,2026-10-10,20261010T054813Z,ce13e081-6219-4376-ae2d-8d03c549c17b,,,,,,70149,1073,1300134,19.498382568359375,-99.1186752319336,101.0,7.0,25.2,,,,1791611284,2026-10-09 23:48:04-06:00,,
metrobus,metrobus_vehicle_positions,2026-10-10T05:48:18Z,2026-10-10,20261010T054813Z,10f0cd20-b6e9-4076-b5b3-3e2ca007c47d,,,,,,70148,1072,1300133,19.49815559387207,-99.11969757080078,194.0,0.0,0.0,,,,1791604766,2026-10-09 21:59:26-06:00,,
metrobus,metrobus_vehicle_positions,2026-10-10T05:48:18Z,2026-10-10,20261010T054813Z,9aa7883d-b5f8-4bf8-a270-8f6708f3b155,,19499,0.0,05:30:00,20261010,70147,1071,1300132,19.499460220336914,-99.11975860595703,188.0,0.0,0.0,,,,1791611285,2026-10-09 23:48:05-06:00,,
metrobus,metrobus_vehicle_positions,2026-10-10T05:48:18Z,2026-10-10,20261010T054813Z,96b5bd8c-1df5-47d3-ae97-2835842f2b72,,19500,1.0,05:19:08,20261010,70146,1070,1300131,19.364423751831055,-99.18193054199219,177.0,29.0,104.4,,,,1791611283,2026-10-09 23:48:03-06:00,,
metrobus,metrobus_vehicle_positions,2026-10-10T05:48:18Z,2026-10-10,20261010T054813Z,6c588488-3980-4480-947f-6df6c124e707,,,,,,70145,1069,1300130,19.50057029724121,-99.11907958984375,0.0,0.0,0.0,,,,1791611290,2026-10-09 23:48:10-06:00,,
metrobus,metrobus_vehicle_positions,2026-10-10T05:48:18Z,2026-10-10,20261010T054813Z,002201de-d821-4b36-80ca-41785acab278,,19499,0.0,04:29:50,20261010,70144,1068,1300129,19.286439895629883,-99.17528533935547,200.0,37.0,133.20000000000002,,,,1791611276,2026-10-09 23:47:56-06:00,,
metrobus,metrobus_vehicle_positions,2026-10-10T05:48:18Z,2026-10-10,20261010T054813Z,51a0b0fb-af7c-486f-97cf-959761f6004d,,,,,,70143,1067,1300128,19.497875213623047,-99.11933898925781,197.0,0.0,0.0,,,,1791604067,2026-10-09 21:47:47-06:00,,
metrobus,metrobus_vehicle_positions,2026-10-10T05:48:18Z,2026-10-10,20261010T054813Z,9ca17cff-b883-47e6-abfe-582ccba98812,,19500,1.0,05:28:25,20261010,69945,1087,1230140,19.339462280273438,-99.19039916992188,550.0,13.0,46.800000000000004,,,,1791611280,2026-10-09 23:48:00-06:00,,
metrobus,metrobus_vehicle_positions,2026-10-10T05:48:18Z,2026-10-10,20261010T054813Z,88df37ae-3efc-42f0-8c77-2878286b7b67,,,,,,69944,1086,1230139,19.321325302124023,-99.17255401611328,348.0,0.0,0.0,,,,1791605561,2026-10-09 22:12:41-06:00,,
metrobus,metrobus_vehicle_positions,2026-10-10T05:48:18Z,2026-10-10,20261010T054813Z,eedefdec-2913-4ee2-b628-f66794a1b726,,,,,,69943,1085,1230138,19.4982967376709,-99.11911010742188,195.0,0.0,0.0,,,,1791611274,2026-10-09 23:47:54-06:00,,
metrobus,metrobus_vehicle_positions,2026-10-10T05:48:18Z,2026-10-10,20261010T054813Z,ce2670f3-0aad-40dc-889d-5087c22eb231,,19499,0.0,04:45:41,20261010,69942,1084,1230137,19.342390060424805,-99.1894760131836,199.0,25.0,90.0,,,,1791611277,2026-10-09 23:47:57-06:00,,
metrobus,metrobus_vehicle_positions,2026-10-10T05:48:18Z,2026-10-10,20261010T054813Z,fef85678-9352-4b8a-bf78-1837777db697,,19497,0.0,04:42:06,20261010,69941,1083,1230136,19.282032012939453,-99.17406463623047,117.0,19.0,68.4,,,,1791611288,2026-10-09 23:48:08-06:00,,
metrobus,metrobus_vehicle_positions,2026-10-10T05:48:18Z,2026-10-10,20261010T054813Z,18431daa-83c8-4400-8717-071f1dec0ae4,,,,,,69940,1082,1230135,19.498567581176758,-99.1191635131836,195.0,0.0,0.0,,,,1791611280,2026-10-09 23:48:00-06:00,,
metrobus,metrobus_vehicle_positions,2026-10-10T05:48:18Z,2026-10-10,20261010T054813Z,054723d9-555c-4420-8421-e4b4a08e57d9,,,,,,69939,1081,1230134,19.44489288330078,-99.15383911132812,0.0,0.0,0.0,,,,1791505141,2026-10-08 18:19:01-06:00,,
metrobus,metrobus_vehicle_positions,2026-10-10T05:48:18Z,2026-10-10,20261010T054813Z,d7569c9c-b171-41ea-994d-5a6f3e1450a8,,,,,,70154,1078,1230003,19.499771118164062,-99.11920166015625,0.0,0.0,0.0,,,,1791611279,2026-10-09 23:47:59-06:00,,
metrobus,metrobus_vehicle_positions,2026-10-10T05:48:18Z,2026-10-10,20261010T054813Z,84e96125-e09b-47bc-aaec-0e7f191aac1c,,19500,1.0,04:53:21,20261010,69946,1091,1230144,19.429595947265625,-99.16027069091797,224.0,9.0,32.4,,,,1791611284,2026-10-09 23:48:04-06:00,,
metrobus,metrobus_vehicle_positions,2026-10-10T05:48:18Z,2026-10-10,20261010T054813Z,c28dea35-044c-401f-8f97-a4c7ebf553ad,,19500,1.0,05:31:28,20261010,69954,1099,1220118,19.306774139404297,-99.1864242553711,353.0,42.0,151.20000000000002,,,,1791611282,2026-10-09 23:48:02-06:00,,
metrobus,metrobus_vehicle_positions,2026-10-10T05:48:18Z,2026-10-10,20261010T054813Z,01a59f45-92a4-4cf9-8d12-68b04d8b0a58,,19500,1.0,04:52:39,20261010,69953,1098,1210117,19.41008758544922,-99.16712188720703,163.0,0.0,0.0,,,,1791611288,2026-10-09 23:48:08-06:00,,
metrobus,metrobus_vehicle_positions,2026-10-10T05:48:18Z,2026-10-10,20261010T054813Z,4ecd8ee9-ceb9-490e-8722-341d4864e38a,,,,,,69952,1097,1230115,19.322708129882812,-99.17034149169922,440.0,0.0,0.0,,,,1791610106,2026-10-09 23:28:26-06:00,,
metrobus,metrobus_vehicle_positions,2026-10-10T05:48:18Z,2026-10-10,20261010T054813Z,323537bd-826c-4b9f-8dab-f18afec810e7,,19498,1.0,05:37:05,20261010,69951,1096,1230149,19.301761627197266,-99.18572998046875,353.0,49.0,176.4,,,,1791611273,2026-10-09 23:47:53-06:00,,
metrobus,metrobus_vehicle_positions,2026-10-10T05:48:18Z,2026-10-10,20261010T054813Z,bbbbe435-b03b-4e7c-81d7-69e46708f570,,19500,1.0,04:33:47,20261010,69950,1095,1230148,19.453062057495117,-99.15192413330078,104.0,31.0,111.60000000000001,,,,1791611226,2026-10-09 23:47:06-06:00,,
metrobus,metrobus_vehicle_positions,2026-10-10T05:48:18Z,2026-10-10,20261010T054813Z,cb74482f-1c3c-4e68-a75c-c9241dd4cd82,,,,,,69949,1094,1230147,19.318830490112305,-99.17240905761719,353.0,0.0,0.0,,,,1791607635,2026-10-09 22:47:15-06:00,,
metrobus,metrobus_vehicle_positions,2026-10-10T05:48:18Z,2026-10-10,20261010T054813Z,5e03b46d-df71-48b5-bbbc-cee7e6766904,,19499,0.0,05:47:11,20261010,69948,1093,1230146,19.491626739501953,-99.1206283569336,199.0,47.0,169.20000000000002,,,,1791611276,2026-10-09 23:47:56-06:00,,
metrobus,metrobus_vehicle_positions,2026-10-10T05:48:18Z,2026-10-10,20261010T054813Z,58ba8290-15cc-401a-8878-c9a6fe2c1db6,,19499,0.0,05:11:26,20261010,69947,1092,1230145,19.40968894958496,-99.1673812866211,197.0,0.0,0.0,,,,1791611286,2026-10-09 23:48:06-06:00,,
metrobus,metrobus_vehicle_positions,2026-10-10T05:48:18Z,2026-10-10,20261010T054813Z,94d69327-294a-4bc3-b0c1-62b28c948252,,,,,,69995,681,1210391,19.490053176879883,-99.09183502197266,197.0,0.0,0.0,,,,1791418423,2026-10-07 18:13:43-06:00,,
metrobus,metrobus_vehicle_positions,2026-10-10T05:48:18Z,2026-10-10,20261010T054813Z,24f5e62f-6789-4a46-a251-d918c992c7a5,,,,,,69997,683,1210396,19.490020751953125,-99.0916976928711,191.0,0.0,0.0,,,,1791609976,2026-10-09 23:26:16-06:00,,
metrobus,metrobus_vehicle_positions,2026-10-10T05:48:18Z,2026-10-10,20261010T054813Z,e9ceb70a-f8ce-4992-b57c-e1d2adda2aad,,,,,,69999,685,1210392,19.490188598632812,-99.09176635742188,357.0,0.0,0.0,,,,1791556134,2026-10-09 08:28:54-06:00,,
metrobus,metrobus_vehicle_positions,2026-10-10T05:48:18Z,2026-10-10,20261010T054813Z,1c5076f7-c856-4a66-938b-185d6290a89c,,,,,,71108,9601,,19.48792839050293,-99.09223175048828,236.0,16.700000762939453,60.12000274658203,,,,1791606995,2026-10-09 22:36:35-06:00,,
metrobus,metrobus_vehicle_positions,2026-10-10T05:48:18Z,2026-10-10,20261010T054813Z,81279a7c-06d3-454c-8b4e-195b0b834ddd,,19515,0.0,05:38:14,20261010,71180,5001,,19.43157196044922,-99.15034484863281,977.0,20.0,72.0,,,,1791611281,2026-10-09 23:48:01-06:00,,
metrobus,metrobus_vehicle_positions,2026-10-10T05:48:18Z,2026-10-10,20261010T054813Z,33e927e9-f4c6-4a86-8e07-e6d2a41e7fcd,,,,,,71181,5002,,19.43051528930664,-99.11514282226562,720.0,0.0,0.0,,,,1791611284,2026-10-09 23:48:04-06:00,,
metrobus,metrobus_vehicle_positions,2026-10-10T05:48:18Z,2026-10-10,20261010T054813Z,933b71ea-50e0-407d-9a72-814cb0366f92,,,,,,71148,5003,,19.42247200012207,-99.09246826171875,151.0,0.0,0.0,,,,1791611283,2026-10-09 23:48:03-06:00,,
metrobus,metrobus_vehicle_positions,2026-10-10T05:48:18Z,2026-10-10,20261010T054813Z,9cd81261-033d-424d-8140-49198f71bbb4,,,,,,72679,5004,,19.422630310058594,-99.0924301147461,205.0,0.0,0.0,,,,1791611279,2026-10-09 23:47:59-06:00,,
metrobus,metrobus_vehicle_positions,2026-10-10T05:48:18Z,2026-10-10,20261010T054813Z,95c5af3d-4433-4e83-a90b-7d9ba6c58476,,,,,,69973,214,1210395,19.38555335998535,-99.0457534790039,0.0,0.0,0.0,,,,1791560271,2026-10-09 09:37:51-06:00,,
metrobus,metrobus_vehicle_positions,2026-10-10T05:48:18Z,2026-10-10,20261010T054813Z,6541e89a-bd79-4341-927a-958e91dd6ed7,,,,,,73095,457,,19.509567260742188,-99.15960693359375,161.0,0.0,0.0,,,,1791610782,2026-10-09 23:39:42-06:00,,
metrobus,metrobus_vehicle_positions,2026-10-10T05:48:18Z,2026-10-10,20261010T054813Z,ae0c9b37-f1eb-4c9f-bb84-f6424ca487da,,20211,0.0,04:56:05,20261009,69977,218,001A212,19.490041732788086,-99.09163665771484,168.0,0.0,0.0,,,,1791525215,2026-10-08 23:53:35-06:00,,
metrobus,metrobus_vehicle_positions,2026-10-10T05:48:18Z,2026-10-10,20261010T054813Z,27aa5a55-dce4-48bd-a8f4-c77caf162f9f,,19517,0.0,05:38:18,20261010,71171,5010,,19.436267852783203,-99.14086151123047,101.0,0.0,0.0,,,,1791611286,2026-10-09 23:48:06-06:00,,
metrobus,metrobus_vehicle_positions,2026-10-10T05:48:18Z,2026-10-10,20261010T054813Z,c02cb200-8c57-4dd6-9231-efa665040819,,19517,0.0,05:30:32,20261010,71178,5011,,19.435932159423828,-99.11907196044922,945.0,0.0,0.0,,,,1791611286,2026-10-09 23:48:06-06:00,,
metrobus,metrobus_vehicle_positions,2026-10-10T05:48:18Z,2026-10-10,20261010T054813Z,0d8562cf-c03e-4866-8c21-0ce3dda7ca3a,,,,,,71173,5012,,19.42251968383789,-99.09263610839844,210.0,0.0,0.0,,,,1791609189,2026-10-09 23:13:09-06:00,,
metrobus,metrobus_vehicle_positions,2026-10-10T05:48:18Z,2026-10-10,20261010T054813Z,1ed33255-28b4-46e7-9bec-a6471f7855a4,,,,,,71156,5013,,19.4449405670166,-99.1523208618164,188.0,0.0,0.0,,,,1791611277,2026-10-09 23:47:57-06:00,,
metrobus,metrobus_vehicle_positions,2026-10-10T05:48:18Z,2026-10-10,20261010T054813Z,9afe9e13-fea7-4918-beff-5853ab5400f5,,,,,,71182,5014,,19.422544479370117,-99.09260559082031,209.0,0.0,0.0,,,,1791611283,2026-10-09 23:48:03-06:00,,
metrobus,metrobus_vehicle_positions,2026-10-10T05:48:18Z,2026-10-10,20261010T054813Z,d8158237-28da-4e05-ad15-0d7ff3ee6528,,,,,,72629,5015,,19.422801971435547,-99.09204864501953,306.0,0.0,0.0,,,,1791611219,2026-10-09 23:46:59-06:00,,
metrobus,metrobus_vehicle_positions,2026-10-10T05:48:18Z,2026-10-10,20261010T054813Z,de691fc2-9352-418d-b447-a7556bc28942,,,,,,69814,461,1260117,19.382776260375977,-99.15802001953125,145.0,10.0,36.0,,,,1791611274,2026-10-09 23:47:54-06:00,,
metrobus,metrobus_vehicle_positions,2026-10-10T05:48:18Z,2026-10-10,20261010T054813Z,85e1afd3-5bab-4863-84e0-ab166ca51803,,,,,,69815,462,1260118,19.499799728393555,-99.15592956542969,161.0,0.0,0.0,,,,1791611280,2026-10-09 23:48:00-06:00,,
metrobus,metrobus_vehicle_positions,2026-10-10T05:48:18Z,2026-10-10,20261010T054813Z,5c7e9f9a-819a-4873-90b6-ad47c4288808,,,,,,69979,220,001A214,19.490041732788086,-99.09160614013672,0.0,0.0,0.0,,,,1791524903,2026-10-08 23:48:23-06:00,,
metrobus,metrobus_vehicle_positions,2026-10-10T05:48:18Z,2026-10-10,20261010T054813Z,20f8301b-28ee-41a1-91e7-83eb4daad1a4,,19567,1.0,05:21:19,20261010,69980,221,001A142,19.397775650024414,-99.12921905517578,788.0,21.0,75.60000000000001,,,,1791611276,2026-10-09 23:47:56-06:00,,
metrobus,metrobus_vehicle_positions,2026-10-10T05:48:18Z,2026-10-10,20261010T054813Z,36f415fa-33ec-46fa-ad2c-d42d842aecda,,21071,0.0,05:36:13,20261010,69816,463,1260119,19.5098876953125,-99.15978240966797,159.0,0.0,0.0,,,,1791611281,2026-10-09 23:48:01-06:00,,
metrobus,metrobus_vehicle_positions,2026-10-10T05:48:18Z,2026-10-10,20261010T054813Z,d473bc86-75db-416c-bf8f-2e25378ced21,,,,,,69817,464,1260120,19.5111083984375,-99.16020202636719,337.0,0.0,0.0,,,,1791610494,2026-10-09 23:34:54-06:00,,
metrobus,metrobus_vehicle_positions,2026-10-10T05:48:18Z,2026-10-10,20261010T054813Z,05997a83-1d4d-4784-bd40-c1b93ce0af80,,19564,0.0,04:37:53,20261010,69981,222,001A143,19.385499954223633,-99.04571533203125,123.0,0.0,0.0,,,,1791608128,2026-10-09 22:55:28-06:00,,
metrobus,metrobus_vehicle_positions,2026-10-10T05:48:18Z,2026-10-10,20261010T054813Z,b93d1274-142e-4c26-b003-72eaa2a40b79,,21072,1.0,05:42:19,20261010,69818,465,1260121,19.48912811279297,-99.15186309814453,160.0,0.0,0.0,,,,1791611270,2026-10-09 23:47:50-06:00,,
metrobus,metrobus_vehicle_positions,2026-10-10T05:48:18Z,2026-10-10,20261010T054813Z,8d53ba30-1b50-4d77-8be1-9a0acdbf4a97,,,,,,69982,223,001A144,19.39365577697754,-99.09008026123047,124.0,0.0,0.0,,,,1791611285,2026-10-09 23:48:05-06:00,,
metrobus,metrobus_vehicle_positions,2026-10-10T05:48:18Z,2026-10-10,20261010T054813Z,7b1be4ea-badf-409c-bc66-7ac97f429756,,,,,,69983,224,001A145,19.490049362182617,-99.09156799316406,135.0,0.0,0.0,,,,1791524903,2026-10-08 23:48:23-06:00,,
metrobus,metrobus_vehicle_positions,2026-10-10T05:48:18Z,2026-10-10,20261010T054813Z,891642f0-ad15-4d3e-834c-50e95fa27504,,,,,,69819,466,1260122,19.510883331298828,-99.16011810302734,340.0,0.0,0.0,,,,1791608617,2026-10-09 23:03:37-06:00,,
metrobus,metrobus_vehicle_positions,2026-10-10T05:48:18Z,2026-10-10,20261010T054813Z,c945feb4-0b73-43b6-9fd6-6a9d2fab88eb,,,,,,69820,467,1260123,19.367429733276367,-99.16197967529297,121.0,0.0,0.0,,,,1791611285,2026-10-09 23:48:05-06:00,,
metrobus,metrobus_vehicle_positions,2026-10-10T05:48:18Z,2026-10-10,20261010T054813Z,cb4a12c6-384c-4e34-9438-6ca7565489ef,,,,,,69984,225,001A146,19.385618209838867,-99.04586791992188,0.0,0.0,0.0,,,,1791609858,2026-10-09 23:24:18-06:00,,
metrobus,metrobus_vehicle_positions,2026-10-10T05:48:18Z,2026-10-10,20261010T054813Z,58d5d6ab-d5a3-4440-a92e-f8d485324e05,,,,,,69985,226,001A147,19.38544464111328,-99.0455551147461,121.0,0.0,0.0,,,,1791606658,2026-10-09 22:30:58-06:00,,
metrobus,metrobus_vehicle_positions,2026-10-10T05:48:18Z,2026-10-10,20261010T054813Z,b8490955-f195-4bb7-8edb-75ec45862b6b,,,,,,69821,468,1260124,19.367938995361328,-99.16184997558594,131.0,0.0,0.0,,,,1791611273,2026-10-09 23:47:53-06:00,,
metrobus,metrobus_vehicle_positions,2026-10-10T05:48:18Z,2026-10-10,20261010T054813Z,b5c5ebb3-feb7-43d4-9a0f-052814c8a070,,,,,,69986,227,001A148,19.48993492126465,-99.09178161621094,266.0,0.0,0.0,,,,1791610813,2026-10-09 23:40:13-06:00,,
metrobus,metrobus_vehicle_positions,2026-10-10T05:48:18Z,2026-10-10,20261010T054813Z,c2576b6d-325b-4d70-9ce6-8c006902f6c2,,,,,,69822,469,1260125,19.478923797607422,-99.14794921875,340.0,0.0,0.0,,,,1791611284,2026-10-09 23:48:04-06:00,,
metrobus,metrobus_vehicle_positions,2026-10-10T05:48:18Z,2026-10-10,20261010T054813Z,675c6971-ecd3-4125-83ea-d74282346b07,,,,,,69987,228,001A149,19.385540008544922,-99.04573059082031,0.0,0.0,0.0,,,,1791526294,2026-10-09 00:11:34-06:00,,
metrobus,metrobus_vehicle_positions,2026-10-10T05:48:18Z,2026-10-10,20261010T054813Z,50e64d74-d4f3-4326-8fed-7ee09c4e3556,,19523,1.0,03:26:07,20261010,71154,5005,,19.422489166259766,-99.09223175048828,281.0,0.0,0.0,,,,1791607468,2026-10-09 22:44:28-06:00,,
metrobus,metrobus_vehicle_positions,2026-10-10T05:48:18Z,2026-10-10,20261010T054813Z,9518e5da-2f22-4e01-8e92-5b390751c953,,,,,,71223,5006,,19.422924041748047,-99.0917739868164,123.0,0.0,0.0,,,,1791608527,2026-10-09 23:02:07-06:00,,
metrobus,metrobus_vehicle_positions,2026-10-10T05:48:18Z,2026-10-10,20261010T054813Z,f04b0b31-dccb-4865-b159-ed40a64e9bbe,,19563,0.0,03:11:00,20261010,69988,229,001A150,19.38541030883789,-99.04560089111328,121.0,0.0,0.0,,,,1791603758,2026-10-09 21:42:38-06:00,,
metrobus,metrobus_vehicle_positions,2026-10-10T05:48:18Z,2026-10-10,20261010T054813Z,267c4d87-2d24-41bd-a7a0-3d21fab4e1b9,,,,,,71172,5007,,19.421918869018555,-99.09185791015625,295.0,0.0,0.0,,,,1791611285,2026-10-09 23:48:05-06:00,,
metrobus,metrobus_vehicle_positions,2026-10-10T05:48:18Z,2026-10-10,20261010T054813Z,51bf1ac3-b289-4f19-9c21-d0fc6d4f96e8,,,,,,71175,5008,,19.422557830810547,-99.09268188476562,209.0,0.0,0.0,,,,1791611274,2026-10-09 23:47:54-06:00,,
metrobus,metrobus_vehicle_positions,2026-10-10T05:48:18Z,2026-10-10,20261010T054813Z,fa7f4268-64ec-4d0f-8e5b-d2eca78c2ad6,,,,,,71184,5009,,19.422752380371094,-99.0918197631836,222.0,0.0,0.0,,,,1791605287,2026-10-09 22:08:07-06:00,,
metrobus,metrobus_vehicle_positions,2026-10-10T05:48:18Z,2026-10-10,20261010T054813Z,ed89ae58-769f-4e3d-8724-5ee3a12f4ed9,,19517,0.0,05:42:25,20261010,72778,5020,,19.43759536743164,-99.14773559570312,101.0,39.0,140.4,,,,1791611276,2026-10-09 23:47:56-06:00,,
metrobus,metrobus_vehicle_positions,2026-10-10T05:48:18Z,2026-10-10,20261010T054813Z,72a7c293-d8cd-46d8-a1f9-b1cebd273c52,,,,,,71153,5021,,19.423023223876953,-99.0924072265625,206.0,0.0,0.0,,,,1791611288,2026-10-09 23:48:08-06:00,,
metrobus,metrobus_vehicle_positions,2026-10-10T05:48:18Z,2026-10-10,20261010T054813Z,f2776a6f-078c-469a-aad2-a1c28a41031b,,,,,,71152,5022,,19.42266845703125,-99.09247589111328,211.0,0.0,0.0,,,,1791609686,2026-10-09 23:21:26-06:00,,
metrobus,metrobus_vehicle_positions,2026-10-10T05:48:18Z,2026-10-10,20261010T054813Z,0642cb8d-f8e3-4528-975b-c41711c74c3f,,,,,,71176,5023,,19.42267608642578,-99.09215545654297,282.0,2.0,7.2,,,,1791606287,2026-10-09 22:24:47-06:00,,
metrobus,metrobus_vehicle_positions,2026-10-10T05:48:18Z,2026-10-10,20261010T054813Z,80fd7b7f-be1d-450d-bef1-8526ac70f676,,,,,,71155,5024,,19.422943115234375,-99.09249877929688,214.0,0.0,0.0,,,,1791609032,2026-10-09 23:10:32-06:00,,
metrobus,metrobus_vehicle_positions,2026-10-10T05:48:18Z,2026-10-10,20261010T054813Z,dd220794-57ac-4f22-b328-09d6be7bc915,,,,,,71190,5025,,19.42267608642578,-99.09268951416016,208.0,0.0,0.0,,,,1791607748,2026-10-09 22:49:08-06:00,,
metrobus,metrobus_vehicle_positions,2026-10-10T05:48:18Z,2026-10-10,20261010T054813Z,6c0e45ac-32f1-4119-a0f1-f9fff9a1907e,,,,,,71191,5026,,19.41936492919922,-99.09305572509766,320.0,0.0,0.0,,,,1791611277,2026-10-09 23:47:57-06:00,,
metrobus,metrobus_vehicle_positions,2026-10-10T05:48:18Z,2026-10-10,20261010T054813Z,eafeb340-0515-4095-ba8b-a072d49c5a02,,,,,,69823,470,1260126,19.51078987121582,-99.1572265625,0.0,0.0,0.0,,,,1791590438,2026-10-09 18:00:38-06:00,,
metrobus,metrobus_vehicle_positions,2026-10-10T05:48:18Z,2026-10-10,20261010T054813Z,4574a5a8-0a0e-4b2a-9905-bd4b7615d8db,,19459,0.0,05:20:49,20261010,69824,471,1260127,19.4565486907959,-99.14485931396484,192.0,0.0,0.0,,,,1791611276,2026-10-09 23:47:56-06:00,,
metrobus,metrobus_vehicle_positions,2026-10-10T05:48:18Z,2026-10-10,20261010T054813Z,e3094e75-6ad3-4f35-bb65-95dc10f81610,,,,,,69825,472,1260128,19.51081657409668,-99.15753173828125,697.0,0.0,0.0,,,,1791611279,2026-10-09 23:47:59-06:00,,
metrobus,metrobus_vehicle_positions,2026-10-10T05:48:18Z,2026-10-10,20261010T054813Z,67bf1ab1-8cfa-48e0-8cab-c0935aca13c8,,19558,1.0,04:06:23,20261010,69989,230,001A151,19.276866912841797,-99.11847686767578,201.0,0.0,0.0,,,,1791611283,2026-10-09 23:48:03-06:00,,
metrobus,metrobus_vehicle_positions,2026-10-10T05:48:18Z,2026-10-10,20261010T054813Z,cf8424b1-e925-4d87-9280-896766b118ce,,,,,,69990,231,001A152,19.38566017150879,-99.0458984375,121.0,0.0,0.0,,,,1791610312,2026-10-09 23:31:52-06:00,,
metrobus,metrobus_vehicle_positions,2026-10-10T05:48:18Z,2026-10-10,20261010T054813Z,39b4f2a8-a7b9-44df-8647-dd785b7a28cc,,,,,,69991,232,001A153,19.38549041748047,-99.04573822021484,128.0,0.0,0.0,,,,1791610405,2026-10-09 23:33:25-06:00,,
metrobus,metrobus_vehicle_positions,2026-10-10T05:48:18Z,2026-10-10,20261010T054813Z,e05ec21d-fcc9-4eb6-98bc-ab1b957f73f5,,19559,0.0,04:34:53,20261010,69992,233,001A154,19.27391815185547,-99.119873046875,234.0,16.0,57.6,,,,1791611276,2026-10-09 23:47:56-06:00,,
metrobus,metrobus_vehicle_positions,2026-10-10T05:48:18Z,2026-10-10,20261010T054813Z,ee2f1aa6-a604-4502-8885-1bb47614861c,,,,,,69994,235,001A156,19.385900497436523,-99.04550170898438,0.0,0.0,0.0,,,,1791526050,2026-10-09 00:07:30-06:00,,
metrobus,metrobus_vehicle_positions,2026-10-10T05:48:18Z,2026-10-10,20261010T054813Z,685ebb44-1b18-404d-8650-22307f86c668,,,,,,71179,5016,,19.42290496826172,-99.09258270263672,208.0,0.0,0.0,,,,1791607819,2026-10-09 22:50:19-06:00,,
metrobus,metrobus_vehicle_positions,2026-10-10T05:48:18Z,2026-10-10,20261010T054813Z,a76e53eb-4b68-42fa-aff2-2fa61ab6f69d,,19520,1.0,05:37:52,20261010,72777,5017,,19.43593406677246,-99.11988067626953,947.0,10.0,36.0,,,,1791611274,2026-10-09 23:47:54-06:00,,
metrobus,metrobus_vehicle_positions,2026-10-10T05:48:18Z,2026-10-10,20261010T054813Z,f24d8d9f-0780-44ee-b13d-074604af041c,,19519,0.0,05:40:37,20261010,71186,5018,,19.41925048828125,-99.09349822998047,293.0,0.0,0.0,,,,1791611274,2026-10-09 23:47:54-06:00,,
metrobus,metrobus_vehicle_positions,2026-10-10T05:48:18Z,2026-10-10,20261010T054813Z,b77110b3-5d45-4093-b506-aa7c30c9c449,,19515,0.0,05:24:30,20261010,71188,5019,,19.425710678100586,-99.12718200683594,100.0,32.0,115.2,,,,1791611287,2026-10-09 23:48:07-06:00,,
metrobus,metrobus_vehicle_positions,2026-10-10T05:48:18Z,2026-10-10,20261010T054813Z,b112a4e6-521c-41f9-9f9a-4f4874115dfc,,19516,1.0,05:43:15,20261010,71195,5030,,19.426916122436523,-99.1100845336914,118.0,0.0,0.0,,,,1791611281,2026-10-09 23:48:01-06:00,,
metrobus,metrobus_vehicle_positions,2026-10-10T05:48:18Z,2026-10-10,20261010T054813Z,ea345f1a-fd53-479e-8e6e-c3cf580e46db,,,,,,71196,5031,,19.42273712158203,-99.0926284790039,207.0,0.0,0.0,,,,1791607758,2026-10-09 22:49:18-06:00,,
metrobus,metrobus_vehicle_positions,2026-10-10T05:48:18Z,2026-10-10,20261010T054813Z,53d68475-e77a-4ab0-b8a2-1d5ea6d98756,,,,,,71198,5032,,19.422786712646484,-99.09244537353516,211.0,0.0,0.0,,,,1791611278,2026-10-09 23:47:58-06:00,,
metrobus,metrobus_vehicle_positions,2026-10-10T05:48:18Z,2026-10-10,20261010T054813Z,c500a67c-da5d-40ae-9689-c78b3942ce95,,19518,1.0,05:40:43,20261010,71202,5033,,19.41892433166504,-99.09329223632812,142.0,0.0,0.0,,,,1791611280,2026-10-09 23:48:00-06:00,,
metrobus,metrobus_vehicle_positions,2026-10-10T05:48:18Z,2026-10-10,20261010T054813Z,5b8c8700-70c8-4188-b696-66b05aedf1be,,,,,,71203,5034,,19.42302131652832,-99.09233856201172,210.0,0.0,0.0,,,,1791605754,2026-10-09 22:15:54-06:00,,
metrobus,metrobus_vehicle_positions,2026-10-10T05:48:18Z,2026-10-10,20261010T054813Z,8cced277-942a-4d32-a1a1-398c3ce5ae3b,,19516,1.0,05:28:38,20261010,74948,5035,,19.4395809173584,-99.15318298339844,212.0,0.0,0.0,,,,1791611278,2026-10-09 23:47:58-06:00,,
metrobus,metrobus_vehicle_positions,2026-10-10T05:48:18Z,2026-10-10,20261010T054813Z,d552093e-57fd-480c-ab94-b6f18bb6afcb,,,,,,71205,5036,,19.42266273498535,-99.09259796142578,209.0,0.0,0.0,,,,1791610717,2026-10-09 23:38:37-06:00,,
metrobus,metrobus_vehicle_positions,2026-10-10T05:48:18Z,2026-10-10,20261010T054813Z,c59a45a8-c65a-4377-9258-043ba7f7777b,,,,,,71207,5037,,19.421520233154297,-99.09151458740234,344.0,0.0,0.0,,,,1791611275,2026-10-09 23:47:55-06:00,,
metrobus,metrobus_vehicle_positions,2026-10-10T05:48:18Z,2026-10-10,20261010T054813Z,57d09dda-63dc-4718-aa01-965a48d96ca9,,,,,,71192,5027,,19.422773361206055,-99.09219360351562,446.0,0.0,0.0,,,,1791611277,2026-10-09 23:47:57-06:00,,
metrobus,metrobus_vehicle_positions,2026-10-10T05:48:18Z,2026-10-10,20261010T054813Z,0d97735b-1938-4549-b6dd-5bab1f0b0f6f,,,,,,71193,5028,,19.422590255737305,-99.09224700927734,289.0,0.0,0.0,,,,1791607208,2026-10-09 22:40:08-06:00,,
metrobus,metrobus_vehicle_positions,2026-10-10T05:48:18Z,2026-10-10,20261010T054813Z,b0827467-d6da-4232-ae4b-bfa5433d7b77,,,,,,71194,5029,,19.41918182373047,-99.09339141845703,306.0,0.0,0.0,,,,1791611287,2026-10-09 23:48:07-06:00,,
metrobus,metrobus_vehicle_positions,2026-10-10T05:48:18Z,2026-10-10,20261010T054813Z,0bd43912-82c7-4d31-82bd-0933c9b2172e,,,,,,71216,5042,,19.42266845703125,-99.09221649169922,0.0,0.0,0.0,,,,1791607541,2026-10-09 22:45:41-06:00,,
metrobus,metrobus_vehicle_positions,2026-10-10T05:48:18Z,2026-10-10,20261010T054813Z,fd785992-489f-497c-87ef-f99888ea113f,,,,,,71218,5043,,19.422882080078125,-99.09249877929688,211.0,0.0,0.0,,,,1791610778,2026-10-09 23:39:38-06:00,,
metrobus,metrobus_vehicle_positions,2026-10-10T05:48:18Z,2026-10-10,20261010T054813Z,154accbb-1f1c-4f19-95ea-b92878724fd4,,,,,,71219,5044,,19.42272186279297,-99.09262084960938,212.0,0.0,0.0,,,,1791611097,2026-10-09 23:44:57-06:00,,
metrobus,metrobus_vehicle_positions,2026-10-10T05:48:18Z,2026-10-10,20261010T054813Z,52c9da90-0556-49ec-a16b-db8b8c9591cd,,,,,,71217,5045,,19.422969818115234,-99.09231567382812,0.0,0.0,0.0,,,,1791607117,2026-10-09 22:38:37-06:00,,
metrobus,metrobus_vehicle_positions,2026-10-10T05:48:18Z,2026-10-10,20261010T054813Z,32428b81-d290-4aa0-a6fd-fad37bdf5957,,,,,,69828,9403,003A010,19.398271560668945,-99.15577697753906,182.0,30.0,108.0,,,,1791611288,2026-10-09 23:48:08-06:00,,
metrobus,metrobus_vehicle_positions,2026-10-10T05:48:18Z,2026-10-10,20261010T054813Z,21f002be-f25e-4b48-ae4d-05b069e0a2f2,,,,,,69829,9404,003A011,19.452072143554688,-99.14580535888672,118.0,0.0,0.0,,,,1791611280,2026-10-09 23:48:00-06:00,,
metrobus,metrobus_vehicle_positions,2026-10-10T05:48:18Z,2026-10-10,20261010T054813Z,e4186be4-b3f1-4ce5-add8-516c645ca68d,,,,,,71215,5046,,19.422779083251953,-99.09207153320312,257.0,0.0,0.0,,,,1791611274,2026-10-09 23:47:54-06:00,,
metrobus,metrobus_vehicle_positions,2026-10-10T05:48:18Z,2026-10-10,20261010T054813Z,0245751e-5be3-4ba9-9729-f38118e362b6,,19518,1.0,05:40:22,20261010,71213,5047,,19.41926383972168,-99.09576416015625,118.0,26.0,93.60000000000001,,,,1791611274,2026-10-09 23:47:54-06:00,,
metrobus,metrobus_vehicle_positions,2026-10-10T05:48:18Z,2026-10-10,20261010T054813Z,baca2026-be6e-452c-80df-a8fb95617167,,,,,,69826,9401,TienepermisodeSEMOVI,19.510465621948242,-99.15815734863281,247.0,0.0,0.0,,,,1791607927,2026-10-09 22:52:07-06:00,,
metrobus,metrobus_vehicle_positions,2026-10-10T05:48:18Z,2026-10-10,20261010T054813Z,d4460a3c-c54f-4743-88f7-44bcc3e25b58,,,,,,74963,5048,,19.429712295532227,-99.13689422607422,991.0,3.0,10.8,,,,1791611289,2026-10-09 23:48:09-06:00,,
metrobus,metrobus_vehicle_positions,2026-10-10T05:48:18Z,2026-10-10,20261010T054813Z,abdbb192-fdfd-4cf4-9599-2dd8ada5acae,,,,,,69827,9402,003A009,19.370418548583984,-99.16127014160156,125.0,0.0,0.0,,,,1791611275,2026-10-09 23:47:55-06:00,,
metrobus,metrobus_vehicle_positions,2026-10-10T05:48:18Z,2026-10-10,20261010T054813Z,9a378c79-8c3b-488e-8c5d-d03dd579e5f3,,,,,,71212,5040,,19.42294692993164,-99.09185791015625,976.0,0.0,0.0,,,,1791611281,2026-10-09 23:48:01-06:00,,
metrobus,metrobus_vehicle_positions,2026-10-10T05:48:18Z,2026-10-10,20261010T054813Z,6ef2ae02-cdf4-4534-bce2-424a5ae6b07d,,19515,0.0,05:23:21,20261010,71209,5038,,19.425762176513672,-99.12733459472656,993.0,33.0,118.8,,,,1791611277,2026-10-09 23:47:57-06:00,,
metrobus,metrobus_vehicle_positions,2026-10-10T05:48:18Z,2026-10-10,20261010T054813Z,ebe30c95-393f-4642-9f4a-5c4a7c53d585,,19516,1.0,05:40:14,20261010,71211,5039,,19.419492721557617,-99.09619140625,127.0,10.0,36.0,,,,1791611281,2026-10-09 23:48:01-06:00,,
metrobus,metrobus_vehicle_positions,2026-10-10T05:48:18Z,2026-10-10,20261010T054813Z,12b94fd2-4fc5-4588-84ef-90c779177a25,,,,,,71200,5052,,19.4201602935791,-99.09246826171875,327.0,0.0,0.0,,,,1791611281,2026-10-09 23:48:01-06:00,,
metrobus,metrobus_vehicle_positions,2026-10-10T05:48:18Z,2026-10-10,20261010T054813Z,9ee61e16-9af7-4dbe-b061-363ffc500bdf,,,,,,69835,9410,003A017,19.36931037902832,-99.16159057617188,193.0,7.0,25.2,,,,1791611283,2026-10-09 23:48:03-06:00,,
metrobus,metrobus_vehicle_positions,2026-10-10T05:48:18Z,2026-10-10,20261010T054813Z,449228a8-1f7f-4478-8e2a-bc95e6309180,,,,,,69836,9411,,19.510372161865234,-99.15843200683594,229.0,0.0,0.0,,,,1791609500,2026-10-09 23:18:20-06:00,,
metrobus,metrobus_vehicle_positions,2026-10-10T05:48:18Z,2026-10-10,20261010T054813Z,7292ebf7-098c-44a2-9d0a-b62d38835e2f,,19516,1.0,05:32:37,20261010,71199,5053,,19.43827247619629,-99.15119171142578,279.0,42.0,151.20000000000002,,,,1791611276,2026-10-09 23:47:56-06:00,,
metrobus,metrobus_vehicle_positions,2026-10-10T05:48:18Z,2026-10-10,20261010T054813Z,f46703ba-962e-4fdc-9be6-129b3859e393,,,,,,71197,5054,,19.44428062438965,-99.1523666381836,187.0,0.0,0.0,,,,1791611289,2026-10-09 23:48:09-06:00,,
metrobus,metrobus_vehicle_positions,2026-10-10T05:48:18Z,2026-10-10,20261010T054813Z,005534fd-8334-4c7b-8e61-fc02d2edc4e7,,19518,1.0,05:21:35,20261010,72781,5056,,19.433691024780273,-99.15287780761719,278.0,0.0,0.0,,,,1791611277,2026-10-09 23:47:57-06:00,,
metrobus,metrobus_vehicle_positions,2026-10-10T05:48:18Z,2026-10-10,20261010T054813Z,97745ddb-1d92-4b7d-be61-df78e40d2060,,,,,,69839,9414,,19.510801315307617,-99.15776824951172,248.0,0.0,0.0,,,,1791611278,2026-10-09 23:47:58-06:00,,
metrobus,metrobus_vehicle_positions,2026-10-10T05:48:18Z,2026-10-10,20261010T054813Z,103e9f99-1dd7-47d5-bb83-4cab47b20416,,,,,,69840,9415,,19.367755889892578,-99.16191864013672,138.0,0.0,0.0,,,,1791611280,2026-10-09 23:48:00-06:00,,
metrobus,metrobus_vehicle_positions,2026-10-10T05:48:18Z,2026-10-10,20261010T054813Z,47d33403-867a-4049-84e4-7a5dc3c71cbc,,,,,,74652,5057,,19.419082641601562,-99.09555053710938,120.0,44.0,158.4,,,,1791611281,2026-10-09 23:48:01-06:00,,
metrobus,metrobus_vehicle_positions,2026-10-10T05:48:18Z,2026-10-10,20261010T054813Z,8f05a9d7-e732-4353-83e6-e2eef1a72be0,,,,,,69837,9412,,19.510517120361328,-99.15807342529297,236.0,0.0,0.0,,,,1791606485,2026-10-09 22:28:05-06:00,,
metrobus,metrobus_vehicle_positions,2026-10-10T05:48:18Z,2026-10-10,20261010T054813Z,5cf64ac2-8d59-4ab3-adf1-0f318b41cb6c,,27054,0.0,00:59:28,20261010,73391,5058,,19.422405242919922,-99.09192657470703,112.0,0.0,0.0,,,,1791608399,2026-10-09 22:59:59-06:00,,
metrobus,metrobus_vehicle_positions,2026-10-10T05:48:18Z,2026-10-10,20261010T054813Z,01462d1d-e6c3-40a2-9128-1c6c849d1a94,,,,,,69838,9413,,19.51050567626953,-99.15821075439453,0.0,0.0,0.0,,,,1791611283,2026-10-09 23:48:03-06:00,,
metrobus,metrobus_vehicle_positions,2026-10-10T05:48:18Z,2026-10-10,20261010T054813Z,6a665d8a-5a07-4a2b-a226-e592ad0fd7b5,,27054,0.0,05:24:54,20261010,74648,5059,,19.429014205932617,-99.11344909667969,296.0,22.0,79.2,,,,1791611280,2026-10-09 23:48:00-06:00,,
metrobus,metrobus_vehicle_positions,2026-10-10T05:48:18Z,2026-10-10,20261010T054813Z,87e7a023-a8d7-46d4-baeb-a3e909be8984,,,,,,71206,5050,,19.422666549682617,-99.09246826171875,0.0,0.0,0.0,,,,1791605878,2026-10-09 22:17:58-06:00,,
metrobus,metrobus_vehicle_positions,2026-10-10T05:48:18Z,2026-10-10,20261010T054813Z,88bfc47b-b234-4b2e-9e80-6a1ba6aeb74d,,19517,0.0,05:40:12,20261010,71201,5051,,19.436418533325195,-99.14171600341797,998.0,0.0,0.0,,,,1791611279,2026-10-09 23:47:59-06:00,,
metrobus,metrobus_vehicle_positions,2026-10-10T05:48:18Z,2026-10-10,20261010T054813Z,6ba16824-0c40-4b58-af5e-7e02b975fa6d,,,,,,69832,9407,003A014,19.51047706604004,-99.15812683105469,226.0,3.0,10.8,,,,1791611282,2026-10-09 23:48:02-06:00,,
metrobus,metrobus_vehicle_positions,2026-10-10T05:48:18Z,2026-10-10,20261010T054813Z,4077bbba-ee80-4713-acff-00ce273c9c42,,,,,,71208,5049,,19.42312240600586,-99.09163665771484,343.0,0.0,0.0,,,,1791608155,2026-10-09 22:55:55-06:00,,
metrobus,metrobus_vehicle_positions,2026-10-10T05:48:18Z,2026-10-10,20261010T054813Z,6fcc8446-575f-46bc-8a37-9cc11b073276,,,,,,74084,9405,,19.51046371459961,-99.15840911865234,0.0,0.0,0.0,,,,1791611286,2026-10-09 23:48:06-06:00,,
metrobus,metrobus_vehicle_positions,2026-10-10T05:48:18Z,2026-10-10,20261010T054813Z,d5209ac8-148c-413b-b7c6-f51cfbe33608,,21071,0.0,05:35:18,20261010,69831,9406,003A013,19.510087966918945,-99.15911102294922,724.0,0.0,0.0,,,,1791611286,2026-10-09 23:48:06-06:00,,
metrobus,metrobus_vehicle_positions,2026-10-10T05:48:18Z,2026-10-10,20261010T054813Z,a659f098-d3ee-4a7f-bb2d-55e3bdb72e9c,,,,,,69834,9409,003A016,19.510644912719727,-99.15792846679688,0.0,0.0,0.0,,,,1791608279,2026-10-09 22:57:59-06:00,,
metrobus,metrobus_vehicle_positions,2026-10-10T05:48:18Z,2026-10-10,20261010T054813Z,62c890ab-b0cc-404d-a9f6-f3b1c5024b15,,,,,,67988,9421,,19.510108947753906,-99.15925598144531,221.0,0.0,0.0,,,,1791607282,2026-10-09 22:41:22-06:00,,
metrobus,metrobus_vehicle_positions,2026-10-10T05:48:18Z,2026-10-10,20261010T054813Z,d95bcdb0-b395-4078-a9f1-5bca1f40af08,,,,,,74650,5063,,19.42325210571289,-99.09205627441406,890.0,0.0,0.0,,,,1791611281,2026-10-09 23:48:01-06:00,,
metrobus,metrobus_vehicle_positions,2026-10-10T05:48:18Z,2026-10-10,20261010T054813Z,1325a0d5-4d17-4ca2-9cc1-8b671ca49b24,,27057,1.0,05:28:29,20261010,74659,5064,,19.42307472229004,-99.12671661376953,275.0,6.0,21.6,,,,1791611285,2026-10-09 23:48:05-06:00,,
metrobus,metrobus_vehicle_positions,2026-10-10T05:48:18Z,2026-10-10,20261010T054813Z,4173c206-420e-4ae8-a377-96e2190521fc,,,,,,67987,9422,,19.395732879638672,-99.1560287475586,410.0,0.0,0.0,,,,1791611279,2026-10-09 23:47:59-06:00,,
metrobus,metrobus_vehicle_positions,2026-10-10T05:48:18Z,2026-10-10,20261010T054813Z,432b497e-de0c-4b55-9a2e-81d268bdb383,,,,,,74644,5065,,19.435531616210938,-99.08320617675781,654.0,1.0,3.6,,,,1791611273,2026-10-09 23:47:53-06:00,,
metrobus,metrobus_vehicle_positions,2026-10-10T05:48:18Z,2026-10-10,20261010T054813Z,71643455-a053-4b33-930e-cba4f5a27c54,,27055,1.0,04:21:51,20261010,74667,5066,,19.422468185424805,-99.09242248535156,192.0,0.0,0.0,,,,1791608356,2026-10-09 22:59:16-06:00,,
metrobus,metrobus_vehicle_positions,2026-10-10T05:48:18Z,2026-10-10,20261010T054813Z,f4ca53cf-59e4-4259-a923-8b124366e1d3,,,,,,69845,9420,,19.51007843017578,-99.15943145751953,211.0,0.0,0.0,,,,1791606575,2026-10-09 22:29:35-06:00,,
metrobus,metrobus_vehicle_positions,2026-10-10T05:48:18Z,2026-10-10,20261010T054813Z,4585eed2-8b58-4f23-a2be-705428009027,,19460,1.0,04:50:50,20261010,69850,9425,,19.368295669555664,-99.16181945800781,129.0,0.0,0.0,,,,1791611285,2026-10-09 23:48:05-06:00,,
metrobus,metrobus_vehicle_positions,2026-10-10T05:48:18Z,2026-10-10,20261010T054813Z,ce1b6acb-4bf0-4999-b7e5-db8908fae0ca,,27054,0.0,05:04:32,20261010,74647,5067,,19.43548011779785,-99.08317565917969,657.0,0.0,0.0,,,,1791611279,2026-10-09 23:47:59-06:00,,
metrobus,metrobus_vehicle_positions,2026-10-10T05:48:18Z,2026-10-10,20261010T054813Z,0e4748f4-b6f6-4339-8d3a-18aeff06580f,,,,,,74669,5068,,19.420244216918945,-99.09244537353516,349.0,0.0,0.0,,,,1791611280,2026-10-09 23:48:00-06:00,,
metrobus,metrobus_vehicle_positions,2026-10-10T05:48:18Z,2026-10-10,20261010T054813Z,65cb37e7-1199-4db9-8bf1-2818b755ae97,,,,,,69851,9426,,19.37435531616211,-99.16036224365234,193.0,0.0,0.0,,,,1791611279,2026-10-09 23:47:59-06:00,,
metrobus,metrobus_vehicle_positions,2026-10-10T05:48:18Z,2026-10-10,20261010T054813Z,e5f16ee6-af9d-4c60-88c7-6a54bd21d3a8,,,,,,69848,9423,,19.50402069091797,-99.1573715209961,339.0,15.0,54.0,,,,1791611285,2026-10-09 23:48:05-06:00,,
metrobus,metrobus_vehicle_positions,2026-10-10T05:48:18Z,2026-10-10,20261010T054813Z,15bfde54-4633-4dfa-9134-58f06ba3c8b6,,,,,,69849,9424,,19.483694076538086,-99.14984130859375,164.0,2.0,7.2,,,,1791611283,2026-10-09 23:48:03-06:00,,
metrobus,metrobus_vehicle_positions,2026-10-10T05:48:18Z,2026-10-10,20261010T054813Z,1c0a5f0c-c934-4f11-aac2-f571db3f622f,,,,,,74651,5060,,19.445026397705078,-99.15225982666016,390.0,0.0,0.0,,,,1791611281,2026-10-09 23:48:01-06:00,,
metrobus,metrobus_vehicle_positions,2026-10-10T05:48:18Z,2026-10-10,20261010T054813Z,873f2803-7c43-443f-bc90-cb868add3542,,,,,,74646,5061,,19.422727584838867,-99.09227752685547,214.0,0.0,0.0,,,,1791611287,2026-10-09 23:48:07-06:00,,
metrobus,metrobus_vehicle_positions,2026-10-10T05:48:18Z,2026-10-10,20261010T054813Z,ddd4b852-498a-47e3-8176-30f678f61502,,,,,,74660,5062,,19.420888900756836,-99.0785140991211,222.0,8.0,28.8,,,,1791611279,2026-10-09 23:47:59-06:00,,
metrobus,metrobus_vehicle_positions,2026-10-10T05:48:18Z,2026-10-10,20261010T054813Z,9163bbba-3e0b-4e1c-b4ce-c0d5ba44e2d3,,21071,0.0,05:37:17,20261010,69843,9418,,19.510574340820312,-99.1600341796875,160.0,0.0,0.0,,,,1791611284,2026-10-09 23:48:04-06:00,,
metrobus,metrobus_vehicle_positions,2026-10-10T05:48:18Z,2026-10-10,20261010T054813Z,ab883c4f-3c55-4e47-ae02-7055c1f99b49,,,,,,69844,9419,,19.511381149291992,-99.16027069091797,339.0,28.0,100.8,,,,1791611278,2026-10-09 23:47:58-06:00,,
metrobus,metrobus_vehicle_positions,2026-10-10T05:48:18Z,2026-10-10,20261010T054813Z,936a6628-bf4d-4be0-b7a8-49b790bd1c87,,,,,,69841,9416,,19.510507583618164,-99.15813446044922,210.0,0.0,0.0,,,,1791607898,2026-10-09 22:51:38-06:00,,
metrobus,metrobus_vehicle_positions,2026-10-10T05:48:18Z,2026-10-10,20261010T054813Z,a88b6482-cf55-46d6-b5cd-babf4c7c2f23,,,,,,69842,9417,,19.382678985595703,-99.1580810546875,196.0,24.0,86.4,,,,1791611286,2026-10-09 23:48:06-06:00,,
metrobus,metrobus_vehicle_positions,2026-10-10T05:48:18Z,2026-10-10,20261010T054813Z,a687bba0-bcfc-4240-8de4-bc8726e3a680,,,,,,69857,9432,,19.510744094848633,-99.15723419189453,262.0,5.0,18.0,,,,1791611282,2026-10-09 23:48:02-06:00,,
metrobus,metrobus_vehicle_positions,2026-10-10T05:48:18Z,2026-10-10,20261010T054813Z,2de4f24b-dcbc-49bd-9f17-a33aede4ddaf,,21160,1.0,04:22:01,20261010,69858,9433,,19.371990203857422,-99.160888671875,125.0,0.0,0.0,,,,1791611289,2026-10-09 23:48:09-06:00,,
metrobus,metrobus_vehicle_positions,2026-10-10T05:48:18Z,2026-10-10,20261010T054813Z,c70b866a-3b58-49ae-ac5b-99541307bdb0,,27371,0.0,05:42:05,20261010,75082,5075,,19.433734893798828,-99.08812713623047,612.0,35.0,126.0,,,,1791611285,2026-10-09 23:48:05-06:00,,
metrobus,metrobus_vehicle_positions,2026-10-10T05:48:18Z,2026-10-10,20261010T054813Z,6eb4554e-4ab5-4fca-96a2-56781fe61f94,,,,,,69855,9430,,19.510778427124023,-99.15695190429688,0.0,0.0,0.0,,,,1791605537,2026-10-09 22:12:17-06:00,,
metrobus,metrobus_vehicle_positions,2026-10-10T05:48:18Z,2026-10-10,20261010T054813Z,268c4068-2f78-4b76-961b-354a0c1ea5ec,,,,,,69856,9431,,19.505306243896484,-99.157958984375,336.0,20.0,72.0,,,,1791611285,2026-10-09 23:48:05-06:00,,
metrobus,metrobus_vehicle_positions,2026-10-10T05:48:18Z,2026-10-10,20261010T054813Z,3a52baac-c15e-4a8e-af92-71571ccf7a80,,,,,,69861,9436,,19.4339542388916,-99.14737701416016,190.0,40.0,144.0,,,,1791611281,2026-10-09 23:48:01-06:00,,
metrobus,metrobus_vehicle_positions,2026-10-10T05:48:18Z,2026-10-10,20261010T054813Z,266e20e6-2f53-4b2b-88de-d7c55a765c0e,,21160,1.0,05:08:17,20261010,69862,9437,,19.36698341369629,-99.16210174560547,123.0,0.0,0.0,,,,1791611278,2026-10-09 23:47:58-06:00,,
metrobus,metrobus_vehicle_positions,2026-10-10T05:48:18Z,2026-10-10,20261010T054813Z,8db83b2a-8edb-49a5-ab19-79d061fa4095,,,,,,69859,9434,,19.49885368347168,-99.15547180175781,340.0,0.0,0.0,,,,1791611285,2026-10-09 23:48:05-06:00,,
metrobus,metrobus_vehicle_positions,2026-10-10T05:48:18Z,2026-10-10,20261010T054813Z,a15c4bda-b4ba-4fd7-90e9-498b41125fe6,,,,,,69860,9435,,19.51002311706543,-99.15933227539062,211.0,0.0,0.0,,,,1791607365,2026-10-09 22:42:45-06:00,,
metrobus,metrobus_vehicle_positions,2026-10-10T05:48:18Z,2026-10-10,20261010T054813Z,dfc58350-abe4-422f-8a0e-9759884bd0b8,,27055,1.0,04:25:40,20261010,73390,5070,,19.422706604003906,-99.0923080444336,856.0,0.0,0.0,,,,1791608720,2026-10-09 23:05:20-06:00,,
metrobus,metrobus_vehicle_positions,2026-10-10T05:48:18Z,2026-10-10,20261010T054813Z,ada9d973-99e5-41ad-8b4c-43096f46c232,,,,,,74668,5071,,19.420602798461914,-99.09221649169922,317.0,0.0,0.0,,,,1791611277,2026-10-09 23:47:57-06:00,,
metrobus,metrobus_vehicle_positions,2026-10-10T05:48:18Z,2026-10-10,20261010T054813Z,7aadeedf-54c8-438f-b993-b5061cf4104a,,27057,1.0,05:09:02,20261010,74658,5072,,19.43365478515625,-99.15252685546875,279.0,8.0,28.8,,,,1791611278,2026-10-09 23:47:58-06:00,,
metrobus,metrobus_vehicle_positions,2026-10-10T05:48:18Z,2026-10-10,20261010T054813Z,9a498c90-97c9-467d-80c7-d1df75b1f315,,,,,,70493,9429,,19.51015281677246,-99.15904998779297,227.0,0.0,0.0,,,,1791610904,2026-10-09 23:41:44-06:00,,
metrobus,metrobus_vehicle_positions,2026-10-10T05:48:18Z,2026-10-10,20261010T054813Z,6aac7f86-016d-4683-93fd-0b63ec1ede5f,,21071,0.0,05:34:20,20261010,69852,9427,,19.510452270507812,-99.15811920166016,704.0,6.0,21.6,,,,1791611288,2026-10-09 23:48:08-06:00,,
metrobus,metrobus_vehicle_positions,2026-10-10T05:48:18Z,2026-10-10,20261010T054813Z,4e7655f7-2980-422b-b01f-920b2157211a,,,,,,69853,9428,,19.370853424072266,-99.16120147705078,142.0,0.0,0.0,,,,1791611278,2026-10-09 23:47:58-06:00,,
metrobus,metrobus_vehicle_positions,2026-10-10T05:48:18Z,2026-10-10,20261010T054813Z,24dc86cd-ff27-426f-ab27-a9f67038d98a,,,,,,69868,9443,,19.502450942993164,-99.15675354003906,341.0,0.0,0.0,,,,1791611279,2026-10-09 23:47:59-06:00,,
metrobus,metrobus_vehicle_positions,2026-10-10T05:48:18Z,2026-10-10,20261010T054813Z,ce104a79-281c-4d1b-bb28-c6c1d397ec30,,,,,,69869,9444,,19.377944946289062,-99.1594467163086,125.0,37.0,133.20000000000002,,,,1791611281,2026-10-09 23:48:01-06:00,,
metrobus,metrobus_vehicle_positions,2026-10-10T05:48:18Z,2026-10-10,20261010T054813Z,f7d97062-8d1b-4ab1-b14a-99d12eaca905,,,,,,69866,9441,,19.518430709838867,-99.16310119628906,330.0,0.0,0.0,,,,1791611276,2026-10-09 23:47:56-06:00,,
metrobus,metrobus_vehicle_positions,2026-10-10T05:48:18Z,2026-10-10,20261010T054813Z,767d23c3-cf73-4bd8-b3d6-4e553524ba2a,,,,,,69867,9442,,19.4518985748291,-99.14586639404297,124.0,0.0,0.0,,,,1791611280,2026-10-09 23:48:00-06:00,,
metrobus,metrobus_vehicle_positions,2026-10-10T05:48:18Z,2026-10-10,20261010T054813Z,d61370e1-80be-49a8-958f-3bdad57f075e,,21071,0.0,05:36:07,20261010,69872,9447,,19.5098876953125,-99.15935516357422,623.0,0.0,0.0,,,,1791611290,2026-10-09 23:48:10-06:00,,
metrobus,metrobus_vehicle_positions,2026-10-10T05:48:18Z,2026-10-10,20261010T054813Z,d880a82e-b32d-4ac6-955c-e85059a6fd0e,,,,,,69873,9448,,19.511646270751953,-99.16038513183594,340.0,37.0,133.20000000000002,,,,1791611278,2026-10-09 23:47:58-06:00,,
metrobus,metrobus_vehicle_positions,2026-10-10T05:48:18Z,2026-10-10,20261010T054813Z,86324e1c-8e6d-4611-92b6-e9a025ef0c63,,19460,1.0,04:54:43,20261010,69870,9445,,19.36810874938965,-99.16183471679688,149.0,0.0,0.0,,,,1791611277,2026-10-09 23:47:57-06:00,,
metrobus,metrobus_vehicle_positions,2026-10-10T05:48:18Z,2026-10-10,20261010T054813Z,37d4a6a9-8196-47d8-b3dd-82867a6d000e,,21071,0.0,05:37:18,20261010,69871,9446,,19.510242462158203,-99.1599349975586,160.0,0.0,0.0,,,,1791611271,2026-10-09 23:47:51-06:00,,
metrobus,metrobus_vehicle_positions,2026-10-10T05:48:18Z,2026-10-10,20261010T054813Z,fb258eb9-dc07-4eb0-8d0a-6dbf41d75261,,,,,,69865,9440,,19.51007652282715,-99.15947723388672,245.0,0.0,0.0,,,,1791606468,2026-10-09 22:27:48-06:00,,
metrobus,metrobus_vehicle_positions,2026-10-10T05:48:18Z,2026-10-10,20261010T054813Z,3c46aa00-87f8-4631-bd42-c91801326a8b,,,,,,69863,9438,,19.461782455444336,-99.1443862915039,314.0,34.0,122.4,,,,1791611283,2026-10-09 23:48:03-06:00,,
metrobus,metrobus_vehicle_positions,2026-10-10T05:48:18Z,2026-10-10,20261010T054813Z,c98a10d6-e632-4c2a-939f-0508f521df2a,,21160,1.0,04:41:48,20261010,69864,9439,,19.368696212768555,-99.1616439819336,144.0,0.0,0.0,,,,1791611286,2026-10-09 23:48:06-06:00,,
metrobus,metrobus_vehicle_positions,2026-10-10T05:48:18Z,2026-10-10,20261010T054813Z,5d8eac60-6f6a-4ff7-a0f5-944fefd41508,,21071,0.0,05:35:15,20261010,69879,9454,,19.510019302368164,-99.15921783447266,728.0,0.0,0.0,,,,1791611273,2026-10-09 23:47:53-06:00,,
metrobus,metrobus_vehicle_positions,2026-10-10T05:48:18Z,2026-10-10,20261010T054813Z,2081f1a3-6822-490f-932b-3efcc0f33d8b,,,,,,69880,9455,,19.499258041381836,-99.1556396484375,341.0,0.0,0.0,,,,1791611272,2026-10-09 23:47:52-06:00,,
metrobus,metrobus_vehicle_positions,2026-10-10T05:48:18Z,2026-10-10,20261010T054813Z,113c87d4-561b-40bb-8332-a5b17fb2b8d5,,,,,,69877,9452,,19.510120391845703,-99.15916442871094,208.0,0.0,0.0,,,,1791610460,2026-10-09 23:34:20-06:00,,
metrobus,metrobus_vehicle_positions,2026-10-10T05:48:18Z,2026-10-10,20261010T054813Z,836429b9-1944-40f6-a4c4-4f43ebf0e2bf,,,,,,69878,9453,,19.425920486450195,-99.15326690673828,896.0,25.0,90.0,,,,1791611279,2026-10-09 23:47:59-06:00,,
metrobus,metrobus_vehicle_positions,2026-10-10T05:48:18Z,2026-10-10,20261010T054813Z,3851a4ab-efb0-4a9f-b814-622312d07f28,,,,,,69883,9458,,19.51008415222168,-99.15919494628906,265.0,0.0,0.0,,,,1791609587,2026-10-09 23:19:47-06:00,,
metrobus,metrobus_vehicle_positions,2026-10-10T05:48:18Z,2026-10-10,20261010T054813Z,5334fef8-37a7-4ad0-a022-4b44e22be7ed,,,,,,69884,9459,,19.510133743286133,-99.1590805053711,212.0,0.0,0.0,,,,1791610991,2026-10-09 23:43:11-06:00,,
metrobus,metrobus_vehicle_positions,2026-10-10T05:48:18Z,2026-10-10,20261010T054813Z,8738deaf-913b-4c5d-a3bb-f68ab9528bd9,,,,,,69881,9456,,19.370220184326172,-99.16132354736328,137.0,0.0,0.0,,,,1791611277,2026-10-09 23:47:57-06:00,,
metrobus,metrobus_vehicle_positions,2026-10-10T05:48:18Z,2026-10-10,20261010T054813Z,7877844d-5a6d-4e6d-aca0-7c5a19ddb2f2,,,,,,69882,9457,,19.510156631469727,-99.15892028808594,219.0,0.0,0.0,,,,1791611281,2026-10-09 23:48:01-06:00,,
metrobus,metrobus_vehicle_positions,2026-10-10T05:48:18Z,2026-10-10,20261010T054813Z,4b701093-2310-486c-80b9-f7ae695a1695,,19460,1.0,04:17:52,20261010,69875,9450,,19.380983352661133,-99.15853881835938,182.0,0.0,0.0,,,,1791611281,2026-10-09 23:48:01-06:00,,
metrobus,metrobus_vehicle_positions,2026-10-10T05:48:18Z,2026-10-10,20261010T054813Z,579f83ff-5c1c-43e3-9ea8-f9c267f6fdb7,,,,,,69876,9451,,19.368478775024414,-99.16175842285156,141.0,0.0,0.0,,,,1791611283,2026-10-09 23:48:03-06:00,,
metrobus,metrobus_vehicle_positions,2026-10-10T05:48:18Z,2026-10-10,20261010T054813Z,fe00c5aa-d1da-4246-81d5-3253658cb6fe,,,,,,69874,9449,,19.510154724121094,-99.15906524658203,217.0,0.0,0.0,,,,1791610706,2026-10-09 23:38:26-06:00,,
metrobus,metrobus_vehicle_positions,2026-10-10T05:48:18Z,2026-10-10,20261010T054813Z,e6d43be6-ef2c-4dc4-bd40-08e108499f39,,19455,0.0,05:25:28,20261010,69885,9460,,19.5101261138916,-99.15896606445312,213.0,0.0,0.0,,,,1791611179,2026-10-09 23:46:19-06:00,,
metrobus,metrobus_vehicle_positions,2026-10-10T05:48:18Z,2026-10-10,20261010T054813Z,83e52ac1-d33c-4c3e-90e5-6e8df20d8801,,19558,1.0,05:39:51,20261010,69615,2603,002A905,19.310842514038086,-99.11083221435547,208.0,20.0,72.0,,,,1791611288,2026-10-09 23:48:08-06:00,,
metrobus,metrobus_vehicle_positions,2026-10-10T05:48:18Z,2026-10-10,20261010T054813Z,a711c65d-3423-4c6a-9049-006fb814ffdd,,19558,1.0,04:33:09,20261010,69614,2602,002A904,19.504789352416992,-99.08656311035156,216.0,37.0,133.20000000000002,,,,1791611279,2026-10-09 23:47:59-06:00,,
metrobus,metrobus_vehicle_positions,2026-10-10T05:48:18Z,2026-10-10,20261010T054813Z,d507d449-6e9c-461b-9855-517891aceb5b,,19558,1.0,04:41:11,20261010,69613,2601,002A903,19.48780632019043,-99.09385681152344,226.0,21.0,75.60000000000001,,,,1791611278,2026-10-09 23:47:58-06:00,,
metrobus,metrobus_vehicle_positions,2026-10-10T05:48:18Z,2026-10-10,20261010T054813Z,6db9afc9-7abd-4835-815c-80e3cd592a1d,,,,,,75149,Maqueta_Carraci,,19.37249183654785,-99.1782455444336,313.0,0.0,0.0,,,,1791611251,2026-10-09 23:47:31-06:00,,
metrobus,metrobus_vehicle_positions,2026-10-10T05:48:18Z,2026-10-10,20261010T054813Z,d395a178-93eb-4cd3-a525-ab3d1489bbc1,,19558,1.0,05:05:21,20261010,69621,2609,002A911,19.425987243652344,-99.11136627197266,550.0,23.0,82.8,,,,1791611282,2026-10-09 23:48:02-06:00,,
metrobus,metrobus_vehicle_positions,2026-10-10T05:48:18Z,2026-10-10,20261010T054813Z,e036e733-2ee1-4202-b1f0-3df34a0f4e8c,,,,,,69620,2608,002A910,19.30466079711914,-99.1009292602539,183.0,0.0,0.0,,,,1791608756,2026-10-09 23:05:56-06:00,,
metrobus,metrobus_vehicle_positions,2026-10-10T05:48:18Z,2026-10-10,20261010T054813Z,0121c37c-f553-4d94-a81c-a2e9c6215f50,,,,,,69619,2607,002A909,19.304235458374023,-99.10107421875,0.0,0.0,0.0,,,,1791609033,2026-10-09 23:10:33-06:00,,
metrobus,metrobus_vehicle_positions,2026-10-10T05:48:18Z,2026-10-10,20261010T054813Z,b69ea6bc-10a8-4228-b30d-5b6fdf9de0a9,,,,,,69618,2606,002A908,19.304296493530273,-99.10111236572266,184.0,0.0,0.0,,,,1791608729,2026-10-09 23:05:29-06:00,,
metrobus,metrobus_vehicle_positions,2026-10-10T05:48:18Z,2026-10-10,20261010T054813Z,97b336f0-0507-480a-947a-a0aebd715b7a,,19558,1.0,05:15:47,20261010,69617,2605,002A907,19.383033752441406,-99.1108627319336,348.0,19.0,68.4,,,,1791611276,2026-10-09 23:47:56-06:00,,
metrobus,metrobus_vehicle_positions,2026-10-10T05:48:18Z,2026-10-10,20261010T054813Z,9997aab5-3ab6-4581-905d-c911ba99baca,,,,,,69616,2604,002A906,19.304208755493164,-99.1009521484375,186.0,0.0,0.0,,,,1791609953,2026-10-09 23:25:53-06:00,,
metrobus,metrobus_vehicle_positions,2026-10-10T05:48:18Z,2026-10-10,20261010T054813Z,375d390e-0e59-443f-858d-421a1edd5d42,,,,,,69626,2614,002A916,19.304527282714844,-99.10106658935547,187.0,0.0,0.0,,,,1791611278,2026-10-09 23:47:58-06:00,,
metrobus,metrobus_vehicle_positions,2026-10-10T05:48:18Z,2026-10-10,20261010T054813Z,43c17b81-6f4b-4c02-90ca-947c8b6e3cc9,,19558,1.0,05:34:30,20261010,69625,2613,002A915,19.30805778503418,-99.10355377197266,117.0,0.0,0.0,,,,1791611283,2026-10-09 23:48:03-06:00,,
metrobus,metrobus_vehicle_positions,2026-10-10T05:48:18Z,2026-10-10,20261010T054813Z,d3176861-3ec9-4fb9-9bd5-5ec708557061,,,,,,69624,2612,002A914,19.305095672607422,-99.1007308959961,136.0,16.0,57.6,,,,1791611283,2026-10-09 23:48:03-06:00,,
metrobus,metrobus_vehicle_positions,2026-10-10T05:48:18Z,2026-10-10,20261010T054813Z,0c7b59a3-f1da-4e84-a749-387bdce355c5,,,,,,69623,2611,002A913,19.304271697998047,-99.10091400146484,186.0,0.0,0.0,,,,1791610837,2026-10-09 23:40:37-06:00,,
metrobus,metrobus_vehicle_positions,2026-10-10T05:48:18Z,2026-10-10,20261010T054813Z,f5fb6598-a179-4e6d-a840-096827a01284,,19558,1.0,04:03:49,20261010,69622,2610,002A912,19.469999313354492,-99.10140991210938,30.0,7.0,25.2,,,,1791611284,2026-10-09 23:48:04-06:00,,
metrobus,metrobus_vehicle_positions,2026-10-10T05:48:18Z,2026-10-10,20261010T054813Z,bec0a7ea-9134-4c73-9882-8fe09af2c929,,,,,,69630,2618,002A920,19.443355560302734,-99.14936828613281,193.0,38.0,136.8,,,,1791611277,2026-10-09 23:47:57-06:00,,
metrobus,metrobus_vehicle_positions,2026-10-10T05:48:18Z,2026-10-10,20261010T054813Z,10ba88e9-f5dd-4d3b-83df-48cdc9ef30aa,,19558,1.0,05:37:08,20261010,69629,2617,002A919,19.31068229675293,-99.11087036132812,113.0,15.0,54.0,,,,1791611276,2026-10-09 23:47:56-06:00,,
metrobus,metrobus_vehicle_positions,2026-10-10T05:48:18Z,2026-10-10,20261010T054813Z,fda785cd-c8ee-4bc4-9548-7fcfc46dd972,,,,,,69628,2616,002A918,19.304195404052734,-99.10142517089844,277.0,0.0,0.0,,,,1791611280,2026-10-09 23:48:00-06:00,,
metrobus,metrobus_vehicle_positions,2026-10-10T05:48:18Z,2026-10-10,20261010T054813Z,593a83c3-7ed9-49dc-886c-0e66295276b5,,19558,1.0,04:35:55,20261010,69627,2615,002A917,19.49397850036621,-99.09117126464844,216.0,39.0,140.4,,,,1791611278,2026-10-09 23:47:58-06:00,,
metrobus,metrobus_vehicle_positions,2026-10-10T05:48:18Z,2026-10-10,20261010T054813Z,3efd54b8-5fea-4ea1-8bb0-91b7b9556ca8,,,,,,69637,2625,002A927,19.30401611328125,-99.10135650634766,181.0,0.0,0.0,,,,1791607706,2026-10-09 22:48:26-06:00,,
metrobus,metrobus_vehicle_positions,2026-10-10T05:48:18Z,2026-10-10,20261010T054813Z,81213d87-0161-4602-bdb2-f0409b1208af,,19559,0.0,04:36:58,20261010,69636,2624,002A926,19.281211853027344,-99.11679077148438,195.0,9.0,32.4,,,,1791611288,2026-10-09 23:48:08-06:00,,
metrobus,metrobus_vehicle_positions,2026-10-10T05:48:18Z,2026-10-10,20261010T054813Z,00eac375-2b41-4b24-8ed9-a41a55edccc7,,,,,,71770,2623,,19.30434226989746,-99.10111236572266,185.0,0.0,0.0,,,,1791609596,2026-10-09 23:19:56-06:00,,
metrobus,metrobus_vehicle_positions,2026-10-10T05:48:18Z,2026-10-10,20261010T054813Z,4af264af-a5cc-4cf0-9e10-44a377b7c446,,19558,1.0,04:03:57,20261010,69634,2622,002A924,19.3089542388916,-99.10527038574219,118.0,32.0,115.2,,,,1791611274,2026-10-09 23:47:54-06:00,,
metrobus,metrobus_vehicle_positions,2026-10-10T05:48:18Z,2026-10-10,20261010T054813Z,9a699435-46f5-4869-ad9f-1bd072601b8a,,20296,1.0,05:12:06,20261010,69633,2621,002A923,19.364408493041992,-99.16273498535156,380.0,0.0,0.0,,,,1791611280,2026-10-09 23:48:00-06:00,,
metrobus,metrobus_vehicle_positions,2026-10-10T05:48:18Z,2026-10-10,20261010T054813Z,dfd9c159-ee24-499f-868d-8973d0062288,,,,,,69632,2620,002A922,19.304649353027344,-99.10102081298828,185.0,0.0,0.0,,,,1791607384,2026-10-09 22:43:04-06:00,,
metrobus,metrobus_vehicle_positions,2026-10-10T05:48:18Z,2026-10-10,20261010T054813Z,d063a24b-b3f9-45b9-b994-f4c0f5f56b39,,,,,,69641,2629,002A931,19.30368995666504,-99.10167694091797,0.0,0.0,0.0,,,,1791611277,2026-10-09 23:47:57-06:00,,
metrobus,metrobus_vehicle_positions,2026-10-10T05:48:18Z,2026-10-10,20261010T054813Z,21983c11-f8d1-44b9-81ff-064374f1bd37,,,,,,69640,2628,002A930,19.45237159729004,-99.10874938964844,209.0,0.0,0.0,,,,1791611276,2026-10-09 23:47:56-06:00,,
metrobus,metrobus_vehicle_positions,2026-10-10T05:48:18Z,2026-10-10,20261010T054813Z,52ef8f9a-733b-4bb4-9e02-94252afbb0fc,,19557,1.0,05:47:47,20261010,69639,2627,002A929,19.273677825927734,-99.1199951171875,541.0,32.0,115.2,,,,1791611282,2026-10-09 23:48:02-06:00,,
metrobus,metrobus_vehicle_positions,2026-10-10T05:48:18Z,2026-10-10,20261010T054813Z,21024680-1369-4c94-9023-dc253fae019e,,,,,,69638,2626,002A928,19.304271697998047,-99.1008529663086,186.0,0.0,0.0,,,,1791610412,2026-10-09 23:33:32-06:00,,
metrobus,metrobus_vehicle_positions,2026-10-10T05:48:18Z,2026-10-10,20261010T054813Z,dcbdbaa9-b0af-415d-8a8e-6b1c5954d01b,,19558,1.0,05:05:07,20261010,69648,2636,002A938,19.428020477294922,-99.11181640625,314.0,42.0,151.20000000000002,,,,1791611283,2026-10-09 23:48:03-06:00,,
metrobus,metrobus_vehicle_positions,2026-10-10T05:48:18Z,2026-10-10,20261010T054813Z,832168b3-3ca7-4160-871c-05d699987fce,,19997,0.0,05:14:06,20261010,69364,1305,1240178,19.411575317382812,-99.16674041748047,197.0,47.0,169.20000000000002,,,,1791611272,2026-10-09 23:47:52-06:00,,
metrobus,metrobus_vehicle_positions,2026-10-10T05:48:18Z,2026-10-10,20261010T054813Z,e5b8ba1b-e6a2-4019-a414-168e325437b4,,,,,,69647,2635,TienepermisodeSEMOVI,19.304344177246094,-99.10169982910156,338.0,0.0,0.0,,,,1791611279,2026-10-09 23:47:59-06:00,,
metrobus,metrobus_vehicle_positions,2026-10-10T05:48:18Z,2026-10-10,20261010T054813Z,57f3ac67-e3f0-490b-a2f9-32bfd9f0c3b6,,,,,,69363,1304,1240177,19.40535545349121,-99.11679077148438,912.0,0.0,0.0,,,,1791611284,2026-10-09 23:48:04-06:00,,
metrobus,metrobus_vehicle_positions,2026-10-10T05:48:18Z,2026-10-10,20261010T054813Z,e5181ebb-4cb2-4037-87e7-d530b807da25,,,,,,74921,1303,1240176,19.389314651489258,-99.05813598632812,0.0,0.0,0.0,,,,1791611282,2026-10-09 23:48:02-06:00,,
metrobus,metrobus_vehicle_positions,2026-10-10T05:48:18Z,2026-10-10,20261010T054813Z,2ff07ffe-bae7-423c-a22f-586529800e12,,,,,,69646,2634,002A936,19.329666137695312,-99.11354064941406,183.0,43.0,154.8,,,,1791611281,2026-10-09 23:48:01-06:00,,
metrobus,metrobus_vehicle_positions,2026-10-10T05:48:18Z,2026-10-10,20261010T054813Z,e4a449dd-b098-4660-a004-df2158055b3a,,,,,,69361,1302,1240175,19.389297485351562,-99.05815887451172,0.0,0.0,0.0,,,,1791587299,2026-10-09 17:08:19-06:00,,
metrobus,metrobus_vehicle_positions,2026-10-10T05:48:18Z,2026-10-10,20261010T054813Z,8791cfaa-62d6-407c-ab12-56ea369e9a35,,,,,,69360,1301,1240174,19.390113830566406,-99.058837890625,300.0,0.0,0.0,,,,1791611273,2026-10-09 23:47:53-06:00,,
metrobus,metrobus_vehicle_positions,2026-10-10T05:48:18Z,2026-10-10,20261010T054813Z,8ab2700a-0262-4d21-8943-723a46dd8f60,,,,,,69644,2632,002A934,19.273426055908203,-99.12062072753906,233.0,0.0,0.0,,,,1791611283,2026-10-09 23:48:03-06:00,,
metrobus,metrobus_vehicle_positions,2026-10-10T05:48:18Z,2026-10-10,20261010T054813Z,ac34dfc1-691c-4ff8-a536-683ff744a03a,,,,,,69643,2631,002A933,19.30450439453125,-99.10089874267578,185.0,0.0,0.0,,,,1791610917,2026-10-09 23:41:57-06:00,,
metrobus,metrobus_vehicle_positions,2026-10-10T05:48:18Z,2026-10-10,20261010T054813Z,ed16141b-19e2-41a8-94d5-221fe21ef364,,,,,,69642,2630,002A932,19.304500579833984,-99.10093688964844,186.0,0.0,0.0,,,,1791609134,2026-10-09 23:12:14-06:00,,
metrobus,metrobus_vehicle_positions,2026-10-10T05:48:18Z,2026-10-10,20261010T054813Z,43511b7f-aae2-4811-85c9-b2956676e759,,20016,0.0,04:43:33,20261010,69368,1309,1240182,19.39006805419922,-99.05891418457031,0.0,0.0,0.0,,,,1791611198,2026-10-09 23:46:38-06:00,,
metrobus,metrobus_vehicle_positions,2026-10-10T05:48:18Z,2026-10-10,20261010T054813Z,f211121f-62a3-4598-a0f7-02e33693582e,,,,,,69367,1308,1240181,19.38995933532715,-99.05864715576172,300.0,0.0,0.0,,,,1791610653,2026-10-09 23:37:33-06:00,,
metrobus,metrobus_vehicle_positions,2026-10-10T05:48:18Z,2026-10-10,20261010T054813Z,076c9517-3b86-4bb1-af05-97adfe401862,,19558,1.0,04:41:08,20261010,69651,2639,002A941,19.490623474121094,-99.0926284790039,213.0,43.0,154.8,,,,1791611275,2026-10-09 23:47:55-06:00,,
metrobus,metrobus_vehicle_positions,2026-10-10T05:48:18Z,2026-10-10,20261010T054813Z,c9fbbdc9-08dc-4bda-af48-65b9886f1a3f,,,,,,69366,1307,1240180,19.38983726501465,-99.0584487915039,302.0,0.0,0.0,,,,1791611284,2026-10-09 23:48:04-06:00,,
metrobus,metrobus_vehicle_positions,2026-10-10T05:48:18Z,2026-10-10,20261010T054813Z,14d7f59d-a084-4eed-a9d9-23dc66de8c90,,,,,,69650,2638,002A940,19.304685592651367,-99.10086822509766,187.0,0.0,0.0,,,,1791611282,2026-10-09 23:48:02-06:00,,
metrobus,metrobus_vehicle_positions,2026-10-10T05:48:18Z,2026-10-10,20261010T054813Z,3327f215-446e-43de-94d2-36cfa4231d56,,20016,0.0,04:46:52,20261010,69365,1306,1240179,19.390100479125977,-99.05889129638672,0.0,0.0,0.0,,,,1791611260,2026-10-09 23:47:40-06:00,,
metrobus,metrobus_vehicle_positions,2026-10-10T05:48:18Z,2026-10-10,20261010T054813Z,bec709d4-6896-4708-94ff-2c250c96a773,,,,,,69649,2637,002A939,19.304269790649414,-99.10142517089844,185.0,0.0,0.0,,,,1791605606,2026-10-09 22:13:26-06:00,,
metrobus,metrobus_vehicle_positions,2026-10-10T05:48:18Z,2026-10-10,20261010T054813Z,9369aff0-afc9-409e-b6f0-22f0601c8136,,,,,,69662,2650,002A952,19.506074905395508,-99.08600616455078,224.0,37.0,133.20000000000002,,,,1791611286,2026-10-09 23:48:06-06:00,,
metrobus,metrobus_vehicle_positions,2026-10-10T05:48:18Z,2026-10-10,20261010T054813Z,ff12bb0f-988e-4595-bfc8-7890c104afad,,20212,1.0,04:43:51,20261010,69659,2647,002A949,19.34749984741211,-99.11151123046875,192.0,12.0,43.2,,,,1791611289,2026-10-09 23:48:09-06:00,,
metrobus,metrobus_vehicle_positions,2026-10-10T05:48:18Z,2026-10-10,20261010T054813Z,8cbd746d-98eb-4421-ba61-ea35906f5842,,19558,1.0,05:42:20,20261010,69658,2646,002A948,19.294923782348633,-99.11461639404297,810.0,34.0,122.4,,,,1791611287,2026-10-09 23:48:07-06:00,,
metrobus,metrobus_vehicle_positions,2026-10-10T05:48:18Z,2026-10-10,20261010T054813Z,ca30ed83-d118-42c7-ab53-77234f3ddafa,,,,,,69373,1314,TienepermisodeSEMOVI,19.38995361328125,-99.05870056152344,301.0,0.0,0.0,,,,1791610827,2026-10-09 23:40:27-06:00,,
metrobus,metrobus_vehicle_positions,2026-10-10T05:48:18Z,2026-10-10,20261010T054813Z,c53a0716-2c88-46a4-9039-e7752fd52b56,,,,,,69657,2645,002A947,19.304325103759766,-99.10098266601562,185.0,0.0,0.0,,,,1791607957,2026-10-09 22:52:37-06:00,,
metrobus,metrobus_vehicle_positions,2026-10-10T05:48:18Z,2026-10-10,20261010T054813Z,d2c6ed56-61f9-456d-8435-551f360da476,,,,,,69372,1313,1240186,19.473915100097656,-99.08283233642578,101.0,25.0,90.0,,,,1791611289,2026-10-09 23:48:09-06:00,,
metrobus,metrobus_vehicle_positions,2026-10-10T05:48:18Z,2026-10-10,20261010T054813Z,2cd7be17-104f-47ec-8b1d-4b589a7a2103,,19559,0.0,04:38:28,20261010,69656,2644,002A946,19.282634735107422,-99.11634826660156,196.0,45.0,162.0,,,,1791611282,2026-10-09 23:48:02-06:00,,
metrobus,metrobus_vehicle_positions,2026-10-10T05:48:18Z,2026-10-10,20261010T054813Z,1bc5bdde-93f1-43f2-bb51-f33b46200a8d,,20211,0.0,05:32:02,20261010,69655,2643,002A945,19.45516586303711,-99.10796356201172,200.0,35.0,126.0,,,,1791611287,2026-10-09 23:48:07-06:00,,
metrobus,metrobus_vehicle_positions,2026-10-10T05:48:18Z,2026-10-10,20261010T054813Z,d27eff75-698b-4d05-8184-44d8beefffc6,,19491,1.0,05:07:56,20261010,69371,1312,1240185,19.433460235595703,-99.15839385986328,219.0,17.0,61.2,,,,1791611286,2026-10-09 23:48:06-06:00,,
metrobus,metrobus_vehicle_positions,2026-10-10T05:48:18Z,2026-10-10,20261010T054813Z,0f3ce1a7-977d-4c99-b206-c8f528d5d288,,19492,0.0,04:37:21,20261010,69370,1311,1240184,19.49751091003418,-99.11982727050781,236.0,18.0,64.8,,,,1791611278,2026-10-09 23:47:58-06:00,,
metrobus,metrobus_vehicle_positions,2026-10-10T05:48:18Z,2026-10-10,20261010T054813Z,11ddcc90-10bd-46e3-8a83-9b716a392dc1,,,,,,74262,2642,002A947,19.425569534301758,-99.14942932128906,933.0,0.0,0.0,,,,1791611274,2026-10-09 23:47:54-06:00,,
metrobus,metrobus_vehicle_positions,2026-10-10T05:48:18Z,2026-10-10,20261010T054813Z,5548a5c7-b0d7-406e-bf3a-e328479d243d,,,,,,74922,1310,1240183,19.389984130859375,-99.05863189697266,300.0,0.0,0.0,,,,1791611286,2026-10-09 23:48:06-06:00,,
metrobus,metrobus_vehicle_positions,2026-10-10T05:48:18Z,2026-10-10,20261010T054813Z,2f90670f-109c-4efb-b6b2-266bcd3b9e29,,,,,,69653,2641,002A943,19.303733825683594,-99.10142517089844,0.0,0.0,0.0,,,,1791364141,2026-10-07 03:09:01-06:00,,
metrobus,metrobus_vehicle_positions,2026-10-10T05:48:18Z,2026-10-10,20261010T054813Z,01fe1a96-04be-4230-a1f3-bc807e219453,,20211,0.0,04:58:00,20261010,69661,2649,002A951,19.35055923461914,-99.1110610961914,165.0,5.0,18.0,,,,1791611279,2026-10-09 23:47:59-06:00,,
metrobus,metrobus_vehicle_positions,2026-10-10T05:48:18Z,2026-10-10,20261010T054813Z,35445a03-5ad8-4c2d-a3fc-ac78841898a7,,,,,,69660,2648,002A950,19.304479598999023,-99.10110473632812,185.0,0.0,0.0,,,,1791609749,2026-10-09 23:22:29-06:00,,
metrobus,metrobus_vehicle_positions,2026-10-10T05:48:18Z,2026-10-10,20261010T054813Z,5d498af2-b310-476c-90f8-dfc04cad338f,,21241,1.0,05:41:29,20261010,69673,2661,002A963,19.34993553161621,-99.11092376708984,175.0,0.0,0.0,,,,1791611276,2026-10-09 23:47:56-06:00,,
metrobus,metrobus_vehicle_positions,2026-10-10T05:48:18Z,2026-10-10,20261010T054813Z,c37dbc50-3768-430b-a4b7-197b2872c904,,20212,1.0,05:00:39,20261010,69672,2660,002A962,19.371688842773438,-99.10797882080078,193.0,14.0,50.4,,,,1791611286,2026-10-09 23:48:06-06:00,,
metrobus,metrobus_vehicle_positions,2026-10-10T05:48:18Z,2026-10-10,20261010T054813Z,8a81b75b-d676-4209-85ca-c21d30e8cf97,,,,,,69670,2658,002A960,19.30430030822754,-99.10114288330078,185.0,0.0,0.0,,,,1791606511,2026-10-09 22:28:31-06:00,,
metrobus,metrobus_vehicle_positions,2026-10-10T05:48:18Z,2026-10-10,20261010T054813Z,125c7afc-6ad5-47e6-970f-33fc7e8d5c90,,20295,0.0,12:05:50,20261008,69669,2657,002A959,19.445552825927734,-99.14736938476562,193.0,0.0,0.0,,,,1791462355,2026-10-08 06:25:55-06:00,,
metrobus,metrobus_vehicle_positions,2026-10-10T05:48:18Z,2026-10-10,20261010T054813Z,d3b93c8d-4673-4de3-8b31-87fa417a6ba9,,,,,,69668,2656,002A958,19.304283142089844,-99.10102844238281,187.0,0.0,0.0,,,,1791606775,2026-10-09 22:32:55-06:00,,
metrobus,metrobus_vehicle_positions,2026-10-10T05:48:18Z,2026-10-10,20261010T054813Z,b54e1164-a9b8-408b-9332-cae5a983cc45,,,,,,69667,2655,002A957,19.305063247680664,-99.1005859375,940.0,0.0,0.0,,,,1791611283,2026-10-09 23:48:03-06:00,,
metrobus,metrobus_vehicle_positions,2026-10-10T05:48:18Z,2026-10-10,20261010T054813Z,f578bdd1-3e58-4929-89e6-f8534a770122,,19558,1.0,05:02:36,20261010,69666,2654,002A956,19.431734085083008,-99.11504364013672,8.0,0.0,0.0,,,,1791611288,2026-10-09 23:48:08-06:00,,
metrobus,metrobus_vehicle_positions,2026-10-10T05:48:18Z,2026-10-10,20261010T054813Z,9ad34dac-deee-42a8-a8cf-0b9edff610db,,,,,,69665,2653,002A955,19.30448341369629,-99.10104370117188,185.0,0.0,0.0,,,,1791605800,2026-10-09 22:16:40-06:00,,
metrobus,metrobus_vehicle_positions,2026-10-10T05:48:18Z,2026-10-10,20261010T054813Z,433c7b29-e311-4a49-8ea8-f5585e740612,,,,,,69664,2652,002A954,19.30451774597168,-99.10099029541016,187.0,0.0,0.0,,,,1791607295,2026-10-09 22:41:35-06:00,,
metrobus,metrobus_vehicle_positions,2026-10-10T05:48:18Z,2026-10-10,20261010T054813Z,578d1c2d-a913-471c-9a69-d86aa6af4aeb,,,,,,69663,2651,002A953,19.427465438842773,-99.11158752441406,137.0,42.0,151.20000000000002,,,,1791611281,2026-10-09 23:48:01-06:00,,
metrobus,metrobus_vehicle_positions,2026-10-10T05:48:18Z,2026-10-10,20261010T054813Z,f00a0eed-4acc-41d9-8508-71cabc62c62d,,19582,0.0,05:15:29,20261010,70035,901,1280163,19.437803268432617,-99.1463394165039,225.0,5.0,18.0,,,,1791611287,2026-10-09 23:48:07-06:00,,
metrobus,metrobus_vehicle_positions,2026-10-10T05:48:18Z,2026-10-10,20261010T054813Z,e2ecf0a2-4396-4823-9925-f54db44223b2,,,,,,70036,902,1280164,19.508352279663086,-99.17276000976562,0.0,0.0,0.0,,,,1791560930,2026-10-09 09:48:50-06:00,,
metrobus,metrobus_vehicle_positions,2026-10-10T05:48:18Z,2026-10-10,20261010T054813Z,fa1288e2-cc9b-4eb1-88ad-03013977f3a6,,19576,0.0,05:47:34,20261010,70037,903,1280165,19.4915714263916,-99.1199722290039,145.0,36.0,129.6,,,,1791611269,2026-10-09 23:47:49-06:00,,
metrobus,metrobus_vehicle_positions,2026-10-10T05:48:18Z,2026-10-10,20261010T054813Z,480f4f96-bc46-4aab-b4f3-b924064c2dd0,,,,,,70038,904,1280166,19.487394332885742,-99.0921630859375,358.0,0.0,0.0,,,,1791611193,2026-10-09 23:46:33-06:00,,
metrobus,metrobus_vehicle_positions,2026-10-10T05:48:18Z,2026-10-10,20261010T054813Z,3112fddd-112c-446f-b37e-0b6c8a1c04be,,,,,,70039,905,1280167,19.48735237121582,-99.09344482421875,113.0,0.0,0.0,,,,1791611275,2026-10-09 23:47:55-06:00,,
metrobus,metrobus_vehicle_positions,2026-10-10T05:48:18Z,2026-10-10,20261010T054813Z,c2b22761-6cb5-4c4d-8974-338adcb64fe3,,,,,,70040,906,1280168,19.492460250854492,-99.12043762207031,325.0,0.0,0.0,,,,1791611289,2026-10-09 23:48:09-06:00,,
metrobus,metrobus_vehicle_positions,2026-10-10T05:48:18Z,2026-10-10,20261010T054813Z,349bdc12-16a0-4132-b1e3-f3e80c9a011b,,19558,1.0,04:33:11,20261010,69671,2659,002A961,19.50438690185547,-99.08672332763672,217.0,32.0,115.2,,,,1791611280,2026-10-09 23:48:00-06:00,,
metrobus,metrobus_vehicle_positions,2026-10-10T05:48:18Z,2026-10-10,20261010T054813Z,5e6efb22-57be-45bf-8fea-45496b2f72b7,,19577,1.0,05:40:59,20261010,70041,907,1280169,19.42375946044922,-99.17972564697266,996.0,34.0,122.4,,,,1791611281,2026-10-09 23:48:01-06:00,,
metrobus,metrobus_vehicle_positions,2026-10-10T05:48:18Z,2026-10-10,20261010T054813Z,6cfcead6-5677-4a74-ae41-58f3d6893671,,,,,,70042,908,1280170,19.487735748291016,-99.09358215332031,287.0,0.0,0.0,,,,1791609173,2026-10-09 23:12:53-06:00,,
metrobus,metrobus_vehicle_positions,2026-10-10T05:48:18Z,2026-10-10,20261010T054813Z,e3f93a1b-dbc0-48dd-b99c-0541ba6a6896,,19576,0.0,05:37:20,20261010,70043,909,1280171,19.471111297607422,-99.12391662597656,200.0,45.0,162.0,,,,1791611288,2026-10-09 23:48:08-06:00,,
metrobus,metrobus_vehicle_positions,2026-10-10T05:48:18Z,2026-10-10,20261010T054813Z,98cd4922-f285-408d-9306-1390295ea173,,,,,,69680,2668,002A970,19.305248260498047,-99.1009292602539,971.0,0.0,0.0,,,,1791611284,2026-10-09 23:48:04-06:00,,
metrobus,metrobus_vehicle_positions,2026-10-10T05:48:18Z,2026-10-10,20261010T054813Z,2a35a856-ef15-4462-be16-34f22433093e,,,,,,69679,2667,002A969,19.30538558959961,-99.1011962890625,882.0,0.0,0.0,,,,1791611279,2026-10-09 23:47:59-06:00,,
metrobus,metrobus_vehicle_positions,2026-10-10T05:48:18Z,2026-10-10,20261010T054813Z,1479a480-016f-4ed0-b0f9-ae565ca2155b,,,,,,69678,2666,002A968,19.30450439453125,-99.10096740722656,186.0,0.0,0.0,,,,1791608543,2026-10-09 23:02:23-06:00,,
metrobus,metrobus_vehicle_positions,2026-10-10T05:48:18Z,2026-10-10,20261010T054813Z,e3edf091-5b32-427c-a3a2-612eb6a0b359,,,,,,69677,2665,002A967,19.304548263549805,-99.1014175415039,185.0,0.0,0.0,,,,1791609318,2026-10-09 23:15:18-06:00,,
metrobus,metrobus_vehicle_positions,2026-10-10T05:48:18Z,2026-10-10,20261010T054813Z,b586286d-dcc2-424c-803a-fac5857631b0,,,,,,69676,2664,002A966,19.30426788330078,-99.10081481933594,188.0,0.0,0.0,,,,1791610555,2026-10-09 23:35:55-06:00,,
metrobus,metrobus_vehicle_positions,2026-10-10T05:48:18Z,2026-10-10,20261010T054813Z,44bbbed3-48de-421a-ae52-c4c1591fcabf,,,,,,69675,2663,002A965,19.30470848083496,-99.1009750366211,178.0,0.0,0.0,,,,1791607665,2026-10-09 22:47:45-06:00,,
metrobus,metrobus_vehicle_positions,2026-10-10T05:48:18Z,2026-10-10,20261010T054813Z,79017923-c268-4dc3-b8c0-da12d1a61315,,,,,,69674,2662,002A964,19.30439567565918,-99.10113525390625,185.0,0.0,0.0,,,,1791611280,2026-10-09 23:48:00-06:00,,
metrobus,metrobus_vehicle_positions,2026-10-10T05:48:18Z,2026-10-10,20261010T054813Z,cde521a5-1bfa-4d72-a1cc-3d9990fa8b91,,19582,0.0,05:41:24,20261010,70044,910,1280172,19.478912353515625,-99.12097930908203,200.0,0.0,0.0,,,,1791611276,2026-10-09 23:47:56-06:00,,
metrobus,metrobus_vehicle_positions,2026-10-10T05:48:18Z,2026-10-10,20261010T054813Z,d31c24ca-29c9-4bf7-8d7f-c6ecc32effc1,,19583,1.0,05:37:28,20261010,70045,911,1280173,19.434614181518555,-99.15143585205078,642.0,40.0,144.0,,,,1791611281,2026-10-09 23:48:01-06:00,,
metrobus,metrobus_vehicle_positions,2026-10-10T05:48:18Z,2026-10-10,20261010T054813Z,e875b281-c41d-4fc3-9d43-812d25258c77,,,,,,70046,912,1290114,19.486541748046875,-99.09125518798828,295.0,0.0,0.0,,,,1791606636,2026-10-09 22:30:36-06:00,,
metrobus,metrobus_vehicle_positions,2026-10-10T05:48:18Z,2026-10-10,20261010T054813Z,2de8fc8f-d063-4648-96b0-99460853eb2e,,,,,,70047,913,1290115,19.492591857910156,-99.12053680419922,325.0,0.0,0.0,,,,1791611281,2026-10-09 23:48:01-06:00,,
metrobus,metrobus_vehicle_positions,2026-10-10T05:48:18Z,2026-10-10,20261010T054813Z,a06055b6-8c5b-42f0-8186-54d530adbe47,,,,,,70048,914,1290116,19.4542293548584,-99.13037109375,198.0,38.0,136.8,,,,1791583536,2026-10-09 16:05:36-06:00,,
metrobus,metrobus_vehicle_positions,2026-10-10T05:48:18Z,2026-10-10,20261010T054813Z,e4db57c1-27e3-420e-9229-2ddf1f7b6aff,,,,,,70049,915,1290117,19.487035751342773,-99.0932846069336,595.0,0.0,0.0,,,,1791609779,2026-10-09 23:22:59-06:00,,
metrobus,metrobus_vehicle_positions,2026-10-10T05:48:18Z,2026-10-10,20261010T054813Z,9c856230-db77-4e3f-a119-fccafb691063,,,,,,70050,916,1290118,19.487363815307617,-99.09379577636719,0.0,0.0,0.0,,,,1791611277,2026-10-09 23:47:57-06:00,,
metrobus,metrobus_vehicle_positions,2026-10-10T05:48:18Z,2026-10-10,20261010T054813Z,2f09be35-232a-4bcf-9ec6-aac5b7c17c8a,,,,,,70051,917,1290119,19.508237838745117,-99.17269897460938,114.0,0.0,0.0,,,,1791533187,2026-10-09 02:06:27-06:00,,
metrobus,metrobus_vehicle_positions,2026-10-10T05:48:18Z,2026-10-10,20261010T054813Z,5eb1594f-5614-4304-b3a0-a477ef481a91,,,,,,70052,918,1290120,19.48723030090332,-99.09302520751953,111.0,0.0,0.0,,,,1791611284,2026-10-09 23:48:04-06:00,,
metrobus,metrobus_vehicle_positions,2026-10-10T05:48:18Z,2026-10-10,20261010T054813Z,5f58d757-59ac-4bb1-b3a8-2fc858a52b2c,,,,,,70053,919,1290121,19.487537384033203,-99.092529296875,289.0,0.0,0.0,,,,1791608014,2026-10-09 22:53:34-06:00,,
metrobus,metrobus_vehicle_positions,2026-10-10T05:48:18Z,2026-10-10,20261010T054813Z,e0d3c3ae-91e5-4958-961b-af85e6d9758d,,,,,,69501,1110,1230101,19.50064468383789,-99.11918640136719,0.0,0.0,0.0,,,,1791611281,2026-10-09 23:48:01-06:00,,
metrobus,metrobus_vehicle_positions,2026-10-10T05:48:18Z,2026-10-10,20261010T054813Z,337fc726-08ef-4050-bbca-e5e27d106ba2,,,,,,69498,1107,1230098,19.49957275390625,-99.11974334716797,0.0,0.0,0.0,,,,1791603793,2026-10-09 21:43:13-06:00,,
metrobus,metrobus_vehicle_positions,2026-10-10T05:48:18Z,2026-10-10,20261010T054813Z,9555e162-7d0b-4da5-8eb4-e4ef67b73816,,,,,,69497,1106,1230097,19.500625610351562,-99.1189956665039,189.0,0.0,0.0,,,,1791611288,2026-10-09 23:48:08-06:00,,
metrobus,metrobus_vehicle_positions,2026-10-10T05:48:18Z,2026-10-10,20261010T054813Z,79fa20d4-10f4-420e-a6eb-513d6da55487,,,,,,69496,1105,1230096,19.498672485351562,-99.11871337890625,332.0,12.0,43.2,,,,1791611283,2026-10-09 23:48:03-06:00,,
metrobus,metrobus_vehicle_positions,2026-10-10T05:48:18Z,2026-10-10,20261010T054813Z,36a8250b-e4e4-4d7a-9e93-6b727cf5c830,,19494,0.0,05:44:36,20261010,69495,1104,1230095,19.49944305419922,-99.1186294555664,148.0,0.0,0.0,,,,1791611287,2026-10-09 23:48:07-06:00,,
metrobus,metrobus_vehicle_positions,2026-10-10T05:48:18Z,2026-10-10,20261010T054813Z,d7231304-00ea-4c11-b18f-872bc57a8de4,,19499,0.0,05:44:55,20261010,69494,1103,1230094,19.481721878051758,-99.12841033935547,217.0,47.0,169.20000000000002,,,,1791611276,2026-10-09 23:47:56-06:00,,
metrobus,metrobus_vehicle_positions,2026-10-10T05:48:18Z,2026-10-10,20261010T054813Z,28dd5e1b-e78b-40e9-a31b-0f13cba84ba4,,,,,,69493,1102,1230093,19.457963943481445,-99.1475601196289,501.0,39.0,140.4,,,,1791611290,2026-10-09 23:48:10-06:00,,
metrobus,metrobus_vehicle_positions,2026-10-10T05:48:18Z,2026-10-10,20261010T054813Z,ec214519-6b4f-4ef4-b6b4-d18f2c180ed5,,,,,,69492,1101,1230092,19.49898910522461,-99.11900329589844,0.0,0.0,0.0,,,,1791610024,2026-10-09 23:27:04-06:00,,
metrobus,metrobus_vehicle_positions,2026-10-10T05:48:18Z,2026-10-10,20261010T054813Z,8c01e55e-63ab-4bcd-96cd-ba1315188f88,,19579,1.0,05:26:01,20261010,70054,920,1290122,19.42914581298828,-99.16294860839844,648.0,7.0,25.2,,,,1791611272,2026-10-09 23:47:52-06:00,,
metrobus,metrobus_vehicle_positions,2026-10-10T05:48:18Z,2026-10-10,20261010T054813Z,1861d79d-a155-4166-bea4-25bdc9dba9a2,,19576,0.0,05:46:22,20261010,70055,921,1290123,19.48912811279297,-99.11756134033203,137.0,5.0,18.0,,,,1791611287,2026-10-09 23:48:07-06:00,,
metrobus,metrobus_vehicle_positions,2026-10-10T05:48:18Z,2026-10-10,20261010T054813Z,273761ed-a437-4eb7-a800-bdc7cb497139,,,,,,70056,922,1290124,19.48741912841797,-99.0926284790039,284.0,0.0,0.0,,,,1791610101,2026-10-09 23:28:21-06:00,,
metrobus,metrobus_vehicle_positions,2026-10-10T05:48:18Z,2026-10-10,20261010T054813Z,9f6a8a8e-7572-4fd4-9588-1eacac784064,,,,,,70057,923,1290125,19.487701416015625,-99.09347534179688,293.0,0.0,0.0,,,,1791611285,2026-10-09 23:48:05-06:00,,
metrobus,metrobus_vehicle_positions,2026-10-10T05:48:18Z,2026-10-10,20261010T054813Z,9fa6fb13-0d77-41dc-a2ab-58c0bfab1987,,,,,,70058,924,1290126,19.487558364868164,-99.0916976928711,292.0,0.0,0.0,,,,1791608880,2026-10-09 23:08:00-06:00,,
metrobus,metrobus_vehicle_positions,2026-10-10T05:48:18Z,2026-10-10,20261010T054813Z,8bc1adde-5794-420c-ba44-83c3f45a4026,,19577,1.0,05:35:46,20261010,70059,925,1290127,19.423707962036133,-99.17436981201172,641.0,0.0,0.0,,,,1791611284,2026-10-09 23:48:04-06:00,,
metrobus,metrobus_vehicle_positions,2026-10-10T05:48:18Z,2026-10-10,20261010T054813Z,84c722b0-eb9b-4b4f-80aa-90c04025eecf,,,,,,70060,926,1290128,19.486818313598633,-99.09122467041016,293.0,0.0,0.0,,,,1791611199,2026-10-09 23:46:39-06:00,,
metrobus,metrobus_vehicle_positions,2026-10-10T05:48:18Z,2026-10-10,20261010T054813Z,d5136aa6-b634-4618-b205-d8b35d76337b,,19500,1.0,05:15:37,20261010,69500,1109,1230100,19.36410903930664,-99.18157196044922,204.0,12.0,43.2,,,,1791611280,2026-10-09 23:48:00-06:00,,
metrobus,metrobus_vehicle_positions,2026-10-10T05:48:18Z,2026-10-10,20261010T054813Z,96f31b6b-9e9a-493d-9bce-0fada58ab457,,,,,,70061,927,1290129,19.487564086914062,-99.09288787841797,292.0,0.0,0.0,,,,1791608472,2026-10-09 23:01:12-06:00,,
metrobus,metrobus_vehicle_positions,2026-10-10T05:48:18Z,2026-10-10,20261010T054813Z,9f0588cb-6a38-450f-bb13-3fd3fe205627,,,,,,69499,1108,1230099,19.49840545654297,-99.11924743652344,209.0,0.0,0.0,,,,1791611277,2026-10-09 23:47:57-06:00,,
metrobus,metrobus_vehicle_positions,2026-10-10T05:48:18Z,2026-10-10,20261010T054813Z,fd8f5fee-ea16-4d6a-af2b-0e52add21c74,,19582,0.0,05:11:00,20261010,70062,928,1290130,19.436100006103516,-99.14885711669922,242.0,23.0,82.8,,,,1791611274,2026-10-09 23:47:54-06:00,,
metrobus,metrobus_vehicle_positions,2026-10-10T05:48:18Z,2026-10-10,20261010T054813Z,8c378849-049a-496b-8451-46cae723da92,,,,,,70063,929,1290131,19.425025939941406,-99.17124938964844,242.0,0.0,0.0,,,,1791611277,2026-10-09 23:47:57-06:00,,
metrobus,metrobus_vehicle_positions,2026-10-10T05:48:18Z,2026-10-10,20261010T054813Z,bc194efa-c3a7-4e3d-bb72-c5940e3d0c1d,,19492,0.0,05:31:37,20261010,69512,1121,1230112,19.499549865722656,-99.11984252929688,192.0,0.0,0.0,,,,1791611277,2026-10-09 23:47:57-06:00,,
metrobus,metrobus_vehicle_positions,2026-10-10T05:48:18Z,2026-10-10,20261010T054813Z,e853e3b8-7ddb-4d20-a320-acf8e5b5dcaa,,,,,,69511,1120,1230111,19.498878479003906,-99.11939239501953,102.0,0.0,0.0,,,,1791610761,2026-10-09 23:39:21-06:00,,
metrobus,metrobus_vehicle_positions,2026-10-10T05:48:18Z,2026-10-10,20261010T054813Z,9a0bb292-b0aa-41e2-9305-a8f3a8efca15,,19492,0.0,04:30:32,20261010,69509,1118,1230109,19.499643325805664,-99.11900329589844,0.0,0.0,0.0,,,,1791611288,2026-10-09 23:48:08-06:00,,
metrobus,metrobus_vehicle_positions,2026-10-10T05:48:18Z,2026-10-10,20261010T054813Z,0fcbba67-9314-4619-a6e5-ff3150dad861,,19499,0.0,05:36:16,20261010,69508,1117,1230108,19.49956512451172,-99.11991119384766,195.0,8.0,28.8,,,,1791611284,2026-10-09 23:48:04-06:00,,
metrobus,metrobus_vehicle_positions,2026-10-10T05:48:18Z,2026-10-10,20261010T054813Z,731ab98c-983e-4b1e-bf46-77b9ba7cdf54,,19500,1.0,05:10:38,20261010,69507,1116,1230107,19.38976287841797,-99.17371368408203,169.0,0.0,0.0,,,,1791611283,2026-10-09 23:48:03-06:00,,
metrobus,metrobus_vehicle_positions,2026-10-10T05:48:18Z,2026-10-10,20261010T054813Z,87c8b131-76c5-456b-a0e4-a654cbb7a03e,,19499,0.0,04:42:55,20261010,69506,1115,1230106,19.499425888061523,-99.1189193725586,273.0,0.0,0.0,,,,1791607812,2026-10-09 22:50:12-06:00,,
metrobus,metrobus_vehicle_positions,2026-10-10T05:48:18Z,2026-10-10,20261010T054813Z,9e31337f-0b96-4cf2-9e85-ca8e86310755,,,,,,69505,1114,1230105,19.410640716552734,-99.16694641113281,175.0,30.0,108.0,,,,1791611281,2026-10-09 23:48:01-06:00,,
metrobus,metrobus_vehicle_positions,2026-10-10T05:48:18Z,2026-10-10,20261010T054813Z,140cc29a-5142-4b83-b2fd-feb1d468cd96,,,,,,69504,1113,1230104,19.498180389404297,-99.12086486816406,359.0,0.0,0.0,,,,1791606106,2026-10-09 22:21:46-06:00,,
metrobus,metrobus_vehicle_positions,2026-10-10T05:48:18Z,2026-10-10,20261010T054813Z,e19851ab-2f7b-4082-a7ed-c96475d9b132,,,,,,69503,1112,1230103,19.497949600219727,-99.11990356445312,204.0,0.0,0.0,,,,1791607287,2026-10-09 22:41:27-06:00,,
metrobus,metrobus_vehicle_positions,2026-10-10T05:48:18Z,2026-10-10,20261010T054813Z,972a2729-7016-4adf-ab44-499a850d231b,,,,,,70064,930,1290132,19.487226486206055,-99.0922622680664,295.0,0.0,0.0,,,,1791610644,2026-10-09 23:37:24-06:00,,
metrobus,metrobus_vehicle_positions,2026-10-10T05:48:18Z,2026-10-10,20261010T054813Z,b0657811-2fba-40bd-b75d-9fdd5f82621f,,,,,,69502,1111,1230102,19.49907112121582,-99.11936950683594,103.0,0.0,0.0,,,,1791611195,2026-10-09 23:46:35-06:00,,
metrobus,metrobus_vehicle_positions,2026-10-10T05:48:18Z,2026-10-10,20261010T054813Z,a4338eac-12b6-4f7b-b20f-12f50a24f878,,19578,0.0,05:47:18,20261010,70065,931,1290133,19.48810386657715,-99.11486053466797,286.0,39.0,140.4,,,,1791611285,2026-10-09 23:48:05-06:00,,
metrobus,metrobus_vehicle_positions,2026-10-10T05:48:18Z,2026-10-10,20261010T054813Z,857cba0e-0ab5-4491-91bb-d39f7e4b1c0d,,19576,0.0,04:55:32,20261010,70066,932,1290134,19.426023483276367,-99.19412994384766,992.0,27.0,97.2,,,,1791611273,2026-10-09 23:47:53-06:00,,
metrobus,metrobus_vehicle_positions,2026-10-10T05:48:18Z,2026-10-10,20261010T054813Z,b44811a4-1b33-4623-bc54-c3c6254fa9fe,,,,,,70067,933,1290135,19.514928817749023,-99.14990997314453,0.0,0.0,0.0,,,,1791584819,2026-10-09 16:26:59-06:00,,
metrobus,metrobus_vehicle_positions,2026-10-10T05:48:18Z,2026-10-10,20261010T054813Z,ffb70e26-0d74-4805-ba73-71ed1f8e6a4c,,,,,,70068,934,1290136,19.508277893066406,-99.17278289794922,0.0,0.0,0.0,,,,1791585409,2026-10-09 16:36:49-06:00,,
metrobus,metrobus_vehicle_positions,2026-10-10T05:48:18Z,2026-10-10,20261010T054813Z,5aeb6605-a46c-43b9-ab29-baf9833bbd19,,,,,,70069,935,1290137,19.48715591430664,-99.09294891357422,113.0,0.0,0.0,,,,1791611283,2026-10-09 23:48:03-06:00,,
metrobus,metrobus_vehicle_positions,2026-10-10T05:48:18Z,2026-10-10,20261010T054813Z,24eece35-54ea-4acd-8fbc-4c2fb82e7a1e,,,,,,70071,937,1290139,19.48703384399414,-99.09201049804688,291.0,0.0,0.0,,,,1791607478,2026-10-09 22:44:38-06:00,,
metrobus,metrobus_vehicle_positions,2026-10-10T05:48:18Z,2026-10-10,20261010T054813Z,182300c4-0582-4f04-bb4e-1b83f4511e68,,19577,1.0,04:53:04,20261010,70072,938,1290140,19.487600326538086,-99.11280059814453,328.0,12.0,43.2,,,,1791611283,2026-10-09 23:48:03-06:00,,
metrobus,metrobus_vehicle_positions,2026-10-10T05:48:18Z,2026-10-10,20261010T054813Z,5f942f1b-855e-4eb4-bc8f-1ce6ec2d96d7,,19499,0.0,04:48:27,20261010,69510,1119,1230110,19.353910446166992,-99.18553924560547,197.0,28.0,100.8,,,,1791611277,2026-10-09 23:47:57-06:00,,
metrobus,metrobus_vehicle_positions,2026-10-10T05:48:18Z,2026-10-10,20261010T054813Z,f1c2bc7a-e8bb-430f-9f34-4bc7eb709cbc,,,,,,70073,939,1290141,19.488021850585938,-99.09353637695312,711.0,0.0,0.0,,,,1791611285,2026-10-09 23:48:05-06:00,,
metrobus,metrobus_vehicle_positions,2026-10-10T05:48:18Z,2026-10-10,20261010T054813Z,748881d6-b16b-4d8b-b332-48712b5d1c71,,20212,1.0,04:46:02,20261010,69411,3310,TienepermisodeSEMOVI,19.49503517150879,-99.09072875976562,218.0,48.0,172.8,,,,1791611283,2026-10-09 23:48:03-06:00,,
metrobus,metrobus_vehicle_positions,2026-10-10T05:48:18Z,2026-10-10,20261010T054813Z,17b7f638-31e5-4c28-b4ab-c2a5ff40ac7a,,19492,0.0,04:46:10,20261010,69523,1132,1230026,19.49934959411621,-99.11965942382812,193.0,0.0,0.0,,,,1791610795,2026-10-09 23:39:55-06:00,,
metrobus,metrobus_vehicle_positions,2026-10-10T05:48:18Z,2026-10-10,20261010T054813Z,48b127cc-2a65-4d94-9349-5d6e5ee0900b,,19500,1.0,05:11:42,20261010,69522,1131,1230025,19.379913330078125,-99.17691040039062,181.0,0.0,0.0,,,,1791611286,2026-10-09 23:48:06-06:00,,
metrobus,metrobus_vehicle_positions,2026-10-10T05:48:18Z,2026-10-10,20261010T054813Z,a8083c0b-b9d4-4ac2-ba80-36ce67962df2,,19500,1.0,04:40:17,20261010,69521,1130,1230024,19.442800521850586,-99.15448760986328,128.0,39.0,140.4,,,,1791611284,2026-10-09 23:48:04-06:00,,
metrobus,metrobus_vehicle_positions,2026-10-10T05:48:18Z,2026-10-10,20261010T054813Z,5dac90e0-4aac-4795-b9bf-f1e8a083ccad,,19500,1.0,05:10:19,20261010,69520,1129,1230022,19.358543395996094,-99.18385314941406,154.0,0.0,0.0,,,,1791611279,2026-10-09 23:47:59-06:00,,
metrobus,metrobus_vehicle_positions,2026-10-10T05:48:18Z,2026-10-10,20261010T054813Z,6521c630-4fe6-4999-8e3f-6c9621b426b2,,,,,,69408,3307,1230171,19.38987922668457,-99.05875396728516,301.0,0.0,0.0,,,,1791611253,2026-10-09 23:47:33-06:00,,
metrobus,metrobus_vehicle_positions,2026-10-10T05:48:18Z,2026-10-10,20261010T054813Z,7ba0485c-307d-4ed4-a5da-2ad2585faf54,,19499,0.0,05:37:05,20261010,69519,1128,003A008,19.49974822998047,-99.11993408203125,203.0,0.0,0.0,,,,1791611288,2026-10-09 23:48:08-06:00,,
metrobus,metrobus_vehicle_positions,2026-10-10T05:48:18Z,2026-10-10,20261010T054813Z,0be45fb0-0661-4228-b12d-8b24d49c73a1,,19567,1.0,05:12:53,20261010,69407,3306,1230185,19.391450881958008,-99.0868911743164,125.0,0.0,0.0,,,,1791611282,2026-10-09 23:48:02-06:00,,
metrobus,metrobus_vehicle_positions,2026-10-10T05:48:18Z,2026-10-10,20261010T054813Z,3484f8fa-044e-4627-a096-c1668637bf3e,,19564,0.0,05:07:39,20261010,69406,3305,1230183,19.389446258544922,-99.05838012695312,125.0,0.0,0.0,,,,1791610606,2026-10-09 23:36:46-06:00,,
metrobus,metrobus_vehicle_positions,2026-10-10T05:48:18Z,2026-10-10,20261010T054813Z,cd048014-83b7-4d46-8394-11a807f4ccbd,,19492,0.0,05:45:07,20261010,69518,1127,003A007,19.499361038208008,-99.11940002441406,0.0,0.0,0.0,,,,1791611273,2026-10-09 23:47:53-06:00,,
metrobus,metrobus_vehicle_positions,2026-10-10T05:48:18Z,2026-10-10,20261010T054813Z,c1993daa-6924-40e5-bde4-c89d2cf1fa75,,,,,,69405,3304,1230189,19.3898983001709,-99.05891418457031,0.0,0.0,0.0,,,,1791610398,2026-10-09 23:33:18-06:00,,
metrobus,metrobus_vehicle_positions,2026-10-10T05:48:18Z,2026-10-10,20261010T054813Z,42064d9e-044d-474f-9c82-56fdba4cedc9,,,,,,69517,1126,003A006,19.497241973876953,-99.1196060180664,634.0,0.0,0.0,,,,1791611279,2026-10-09 23:47:59-06:00,,
metrobus,metrobus_vehicle_positions,2026-10-10T05:48:18Z,2026-10-10,20261010T054813Z,82192cb8-8a42-437a-8c89-696367d13a69,,19562,1.0,05:34:25,20261010,69404,3303,1230179,19.395898818969727,-99.15626525878906,944.0,42.0,151.20000000000002,,,,1791611278,2026-10-09 23:47:58-06:00,,
metrobus,metrobus_vehicle_positions,2026-10-10T05:48:18Z,2026-10-10,20261010T054813Z,c14839af-5763-431f-bc31-8b0be88f0cc8,,19500,1.0,04:49:05,20261010,69516,1125,003A005,19.41997528076172,-99.16400146484375,158.0,0.0,0.0,,,,1791611286,2026-10-09 23:48:06-06:00,,
metrobus,metrobus_vehicle_positions,2026-10-10T05:48:18Z,2026-10-10,20261010T054813Z,d52cfb55-d570-4f98-b41a-5c8718149c60,,,,,,69403,3302,1230188,19.388933181762695,-99.05754852294922,0.0,0.0,0.0,,,,1791610265,2026-10-09 23:31:05-06:00,,
metrobus,metrobus_vehicle_positions,2026-10-10T05:48:18Z,2026-10-10,20261010T054813Z,c85d2b73-71e2-4bb6-9b1c-b8560a003452,,19499,0.0,05:42:02,20261010,69515,1124,003A004,19.499858856201172,-99.11953735351562,281.0,0.0,0.0,,,,1791611283,2026-10-09 23:48:03-06:00,,
metrobus,metrobus_vehicle_positions,2026-10-10T05:48:18Z,2026-10-10,20261010T054813Z,38ad0df0-a080-4ac7-a5f1-1fc955eb8010,,,,,,70074,940,1290142,19.487531661987305,-99.0924072265625,300.0,0.0,0.0,,,,1791608587,2026-10-09 23:03:07-06:00,,
metrobus,metrobus_vehicle_positions,2026-10-10T05:48:18Z,2026-10-10,20261010T054813Z,381957f9-a681-4c04-bd57-07ab49826f43,,19500,1.0,05:23:49,20261010,69514,1123,003A003,19.341211318969727,-99.18976593017578,203.0,4.0,14.4,,,,1791611290,2026-10-09 23:48:10-06:00,,
metrobus,metrobus_vehicle_positions,2026-10-10T05:48:18Z,2026-10-10,20261010T054813Z,5841fe9e-02c4-4a53-b485-2685c2801ec2,,19567,1.0,05:35:25,20261010,69402,3301,1230186,19.39674949645996,-99.16336059570312,103.0,11.0,39.6,,,,1791611278,2026-10-09 23:47:58-06:00,,
metrobus,metrobus_vehicle_positions,2026-10-10T05:48:18Z,2026-10-10,20261010T054813Z,15dd5da7-5faa-4d25-8559-404085fe4e0c,,,,,,70075,941,1290143,19.487089157104492,-99.09230041503906,0.0,0.0,0.0,,,,1791606481,2026-10-09 22:28:01-06:00,,
metrobus,metrobus_vehicle_positions,2026-10-10T05:48:18Z,2026-10-10,20261010T054813Z,f9652d6b-7dcb-4de4-a5ae-05c0e6472e7b,,19494,0.0,05:03:42,20261010,69513,1122,003A002,19.49954605102539,-99.11892700195312,0.0,0.0,0.0,,,,1791611290,2026-10-09 23:48:10-06:00,,
metrobus,metrobus_vehicle_positions,2026-10-10T05:48:18Z,2026-10-10,20261010T054813Z,0d07760e-f8ab-42e3-a1e4-b6427809c6f4,,,,,,70076,942,1290144,19.487192153930664,-99.09259033203125,111.0,0.0,0.0,,,,1791611276,2026-10-09 23:47:56-06:00,,
metrobus,metrobus_vehicle_positions,2026-10-10T05:48:18Z,2026-10-10,20261010T054813Z,c73eb198-834e-454d-8d3e-09e1d6b2892f,,19471,1.0,04:47:16,20261010,69324,701,1240014,19.470306396484375,-99.06547546386719,122.0,32.0,115.2,,,,1791611282,2026-10-09 23:48:02-06:00,,
metrobus,metrobus_vehicle_positions,2026-10-10T05:48:18Z,2026-10-10,20261010T054813Z,949bd4ec-3921-4225-9570-aefe30b791b7,,19472,1.0,05:17:45,20261010,69325,702,1240015,19.471160888671875,-99.07083892822266,12.0,0.0,0.0,,,,1791611291,2026-10-09 23:48:11-06:00,,
metrobus,metrobus_vehicle_positions,2026-10-10T05:48:18Z,2026-10-10,20261010T054813Z,db865cd4-3585-4cd0-87ed-4b329cf153d1,,19472,1.0,05:20:00,20261010,69326,703,1240016,19.471952438354492,-99.08698272705078,150.0,49.0,176.4,,,,1791611273,2026-10-09 23:47:53-06:00,,
metrobus,metrobus_vehicle_positions,2026-10-10T05:48:18Z,2026-10-10,20261010T054813Z,be9ad2d6-de6c-4477-85e9-33fe048ab5fc,,,,,,69327,704,1240017,19.47930335998535,-99.06379699707031,0.0,0.0,0.0,,,,1791611274,2026-10-09 23:47:54-06:00,,
metrobus,metrobus_vehicle_positions,2026-10-10T05:48:18Z,2026-10-10,20261010T054813Z,e8f823b0-f720-4f88-b72d-8703c18667a7,,19470,0.0,04:45:42,20261010,69328,705,1240018,19.510066986083984,-99.19877624511719,198.0,21.0,75.60000000000001,,,,1791611276,2026-10-09 23:47:56-06:00,,
metrobus,metrobus_vehicle_positions,2026-10-10T05:48:18Z,2026-10-10,20261010T054813Z,9daeb0c6-c2f8-4376-aad1-883263be6dff,,,,,,69329,706,1240019,19.478076934814453,-99.06488800048828,279.0,0.0,0.0,,,,1791610547,2026-10-09 23:35:47-06:00,,
metrobus,metrobus_vehicle_positions,2026-10-10T05:48:18Z,2026-10-10,20261010T054813Z,bf4fff7a-0be1-4771-8847-5df7d957a2d0,,,,,,69330,707,1240020,19.479429244995117,-99.06398010253906,338.0,0.0,0.0,,,,1791610839,2026-10-09 23:40:39-06:00,,
metrobus,metrobus_vehicle_positions,2026-10-10T05:48:18Z,2026-10-10,20261010T054813Z,da429575-db6d-4087-a020-9410cbe9e190,,,,,,69410,3309,1230181,19.390052795410156,-99.05901336669922,300.0,0.0,0.0,,,,1791611276,2026-10-09 23:47:56-06:00,,
metrobus,metrobus_vehicle_positions,2026-10-10T05:48:18Z,2026-10-10,20261010T054813Z,0aa65aa7-89e3-47b4-b6a7-73d31d361ba8,,19471,1.0,05:15:35,20261010,69331,708,1240021,19.485719680786133,-99.12055206298828,114.0,0.0,0.0,,,,1791611278,2026-10-09 23:47:58-06:00,,
metrobus,metrobus_vehicle_positions,2026-10-10T05:48:18Z,2026-10-10,20261010T054813Z,47b307fd-72ba-4e6b-a761-81206133cb3c,,19563,0.0,05:40:25,20261010,69409,3308,1230178,19.388721466064453,-99.05992126464844,188.0,9.0,32.4,,,,1791611277,2026-10-09 23:47:57-06:00,,
metrobus,metrobus_vehicle_positions,2026-10-10T05:48:18Z,2026-10-10,20261010T054813Z,dfed7b8a-5d8a-4694-8335-11ad55331026,,19499,0.0,05:31:50,20261010,69534,1143,1230001,19.500469207763672,-99.11907958984375,995.0,0.0,0.0,,,,1791610882,2026-10-09 23:41:22-06:00,,
metrobus,metrobus_vehicle_positions,2026-10-10T05:48:18Z,2026-10-10,20261010T054813Z,1e3b1079-4603-4f51-9832-a00ed4dc849a,,,,,,69421,3320,1230192,19.39094352722168,-99.04796600341797,301.0,0.0,0.0,,,,1791611263,2026-10-09 23:47:43-06:00,,
metrobus,metrobus_vehicle_positions,2026-10-10T05:48:18Z,2026-10-10,20261010T054813Z,9b2bd88a-996a-41c5-b5fd-322594c50780,,,,,,69533,1142,1230004,0.0,0.0,0.0,0.0,0.0,,,,1791584031,2026-10-09 16:13:51-06:00,,
metrobus,metrobus_vehicle_positions,2026-10-10T05:48:18Z,2026-10-10,20261010T054813Z,d1041d53-9f31-4279-95d0-8352fc4b5437,,19494,0.0,22:26:36,20261009,69532,1141,1230045,19.500505447387695,-99.1197509765625,107.0,0.0,0.0,,,,1791585896,2026-10-09 16:44:56-06:00,,
metrobus,metrobus_vehicle_positions,2026-10-10T05:48:18Z,2026-10-10,20261010T054813Z,42555187-ff1b-400e-8aff-0510ea192344,,,,,,69531,1140,1230044,19.49773406982422,-99.11969757080078,188.0,12.0,43.2,,,,1791611287,2026-10-09 23:48:07-06:00,,
metrobus,metrobus_vehicle_positions,2026-10-10T05:48:18Z,2026-10-10,20261010T054813Z,e59f6b31-449e-4361-9d0d-cfb79deab681,,19563,0.0,04:45:56,20261010,69419,3318,1230190,19.403715133666992,-99.17161560058594,290.0,36.0,129.6,,,,1791611278,2026-10-09 23:47:58-06:00,,
metrobus,metrobus_vehicle_positions,2026-10-10T05:48:18Z,2026-10-10,20261010T054813Z,8dfb88a6-99f5-42b5-ac85-2274e15392c0,,19500,1.0,04:45:39,20261010,69530,1139,1230040,19.41670799255371,-99.16497039794922,162.0,0.0,0.0,,,,1791611276,2026-10-09 23:47:56-06:00,,
metrobus,metrobus_vehicle_positions,2026-10-10T05:48:18Z,2026-10-10,20261010T054813Z,08de204d-9372-4944-bc75-a09a5d2bf1e0,,19558,1.0,05:02:32,20261010,69418,3317,TienepermisodeSEMOVI,19.437639236450195,-99.11428833007812,860.0,0.0,0.0,,,,1791611278,2026-10-09 23:47:58-06:00,,
metrobus,metrobus_vehicle_positions,2026-10-10T05:48:18Z,2026-10-10,20261010T054813Z,c925b702-aae0-469f-beb8-ff49b67b3125,,,,,,69529,1138,1230038,19.497913360595703,-99.11949920654297,196.0,0.0,0.0,,,,1791609643,2026-10-09 23:20:43-06:00,,
metrobus,metrobus_vehicle_positions,2026-10-10T05:48:18Z,2026-10-10,20261010T054813Z,39769d1e-260c-4f0f-940a-5dcb65f7ec03,,20211,0.0,05:34:07,20261010,69417,3316,TienepermisodeSEMOVI,19.472475051879883,-99.075439453125,100.0,28.0,100.8,,,,1791611276,2026-10-09 23:47:56-06:00,,
metrobus,metrobus_vehicle_positions,2026-10-10T05:48:18Z,2026-10-10,20261010T054813Z,530bccc9-f2b5-487d-9ae6-de4177bcbf62,,,,,,69528,1137,1230037,19.497703552246094,-99.11953735351562,182.0,0.0,0.0,,,,1791610839,2026-10-09 23:40:39-06:00,,
metrobus,metrobus_vehicle_positions,2026-10-10T05:48:18Z,2026-10-10,20261010T054813Z,33388422-b598-4e98-9ff5-f4f0d49adbd2,,20211,0.0,05:35:27,20261010,69416,3315,TienepermisodeSEMOVI,19.474166870117188,-99.08448791503906,101.0,27.0,97.2,,,,1791611280,2026-10-09 23:48:00-06:00,,
metrobus,metrobus_vehicle_positions,2026-10-10T05:48:18Z,2026-10-10,20261010T054813Z,2686adc6-f405-422a-a4a0-23013be61a52,,,,,,69415,3314,TienepermisodeSEMOVI,19.477802276611328,-99.06370544433594,0.0,0.0,0.0,,,,1791609211,2026-10-09 23:13:31-06:00,,
metrobus,metrobus_vehicle_positions,2026-10-10T05:48:18Z,2026-10-10,20261010T054813Z,b1def615-5df0-43ee-9a48-f6a8468b5d53,,19500,1.0,04:42:19,20261010,69527,1136,1230031,19.436059951782227,-99.15724182128906,236.0,11.0,39.6,,,,1791611287,2026-10-09 23:48:07-06:00,,
metrobus,metrobus_vehicle_positions,2026-10-10T05:48:18Z,2026-10-10,20261010T054813Z,6ec848c8-3b1b-4bc0-b1ae-54f43d382ac7,,19558,1.0,04:38:26,20261010,69414,3313,TienepermisodeSEMOVI,19.492998123168945,-99.09164428710938,214.0,36.0,129.6,,,,1791611279,2026-10-09 23:47:59-06:00,,
metrobus,metrobus_vehicle_positions,2026-10-10T05:48:18Z,2026-10-10,20261010T054813Z,34fdcf04-ea95-44d8-b843-e245588aa63d,,19500,1.0,05:24:51,20261010,69526,1135,1230029,19.340295791625977,-99.19017028808594,202.0,24.0,86.4,,,,1791611279,2026-10-09 23:47:59-06:00,,
metrobus,metrobus_vehicle_positions,2026-10-10T05:48:18Z,2026-10-10,20261010T054813Z,d795b008-2987-40dc-8ed3-eaef286c7efa,,19491,1.0,04:59:50,20261010,69525,1134,1230028,19.447561264038086,-99.15296936035156,820.0,28.0,100.8,,,,1791611283,2026-10-09 23:48:03-06:00,,
metrobus,metrobus_vehicle_positions,2026-10-10T05:48:18Z,2026-10-10,20261010T054813Z,f50a8213-e629-4c23-ba40-bf2d044b8d6a,,19473,0.0,05:26:31,20261010,69333,710,1240023,19.47783088684082,-99.06375885009766,662.0,0.0,0.0,,,,1791611241,2026-10-09 23:47:21-06:00,,
metrobus,metrobus_vehicle_positions,2026-10-10T05:48:18Z,2026-10-10,20261010T054813Z,0389566e-9b64-4cbe-b1d2-f8156226621a,,,,,,69413,3312,TienepermisodeSEMOVI,19.47821807861328,-99.06362915039062,0.0,0.0,0.0,,,,1791550290,2026-10-09 06:51:30-06:00,,
metrobus,metrobus_vehicle_positions,2026-10-10T05:48:18Z,2026-10-10,20261010T054813Z,ab02290b-2ce9-44de-8f1f-c4048d9b7c66,,19494,0.0,05:23:39,20261010,69524,1133,1230027,19.432628631591797,-99.15889739990234,202.0,0.0,0.0,,,,1791611280,2026-10-09 23:48:00-06:00,,
metrobus,metrobus_vehicle_positions,2026-10-10T05:48:18Z,2026-10-10,20261010T054813Z,61172630-6b31-4370-8163-539c57d91e8f,,,,,,69334,711,1240024,19.47934913635254,-99.06401824951172,0.0,0.0,0.0,,,,1791607844,2026-10-09 22:50:44-06:00,,
metrobus,metrobus_vehicle_positions,2026-10-10T05:48:18Z,2026-10-10,20261010T054813Z,e46f4e5e-ac43-4ccc-bdb3-320c6f7d7eab,,,,,,69412,3311,TienepermisodeSEMOVI,19.479373931884766,-99.06407165527344,0.0,0.0,0.0,,,,1791610679,2026-10-09 23:37:59-06:00,,
metrobus,metrobus_vehicle_positions,2026-10-10T05:48:18Z,2026-10-10,20261010T054813Z,cc1a3278-0eec-4dbe-9724-43a480cb50b8,,,,,,69335,712,1240109,19.479503631591797,-99.06375885009766,0.0,0.0,0.0,,,,1791610774,2026-10-09 23:39:34-06:00,,
metrobus,metrobus_vehicle_positions,2026-10-10T05:48:18Z,2026-10-10,20261010T054813Z,0253f1d6-34b4-42f0-a8c9-d00bb8b58497,,19471,1.0,05:35:21,20261010,69336,713,1240110,19.496200561523438,-99.15923309326172,103.0,0.0,0.0,,,,1791611273,2026-10-09 23:47:53-06:00,,
metrobus,metrobus_vehicle_positions,2026-10-10T05:48:18Z,2026-10-10,20261010T054813Z,31673fe3-e9f2-4d6b-b9e9-0bc610028b2c,,,,,,69337,714,1240111,19.47772216796875,-99.06391143798828,693.0,0.0,0.0,,,,1791609553,2026-10-09 23:19:13-06:00,,
metrobus,metrobus_vehicle_positions,2026-10-10T05:48:18Z,2026-10-10,20261010T054813Z,7bd35cae-c3d9-47a2-9630-af84fa6cedf3,,,,,,69338,715,1240112,19.479421615600586,-99.06389617919922,0.0,0.0,0.0,,,,1791610786,2026-10-09 23:39:46-06:00,,
metrobus,metrobus_vehicle_positions,2026-10-10T05:48:18Z,2026-10-10,20261010T054813Z,1075323d-0f1c-419f-b96e-7f19be4be778,,,,,,69340,717,1240114,19.47943115234375,-99.06393432617188,0.0,0.0,0.0,,,,1791609370,2026-10-09 23:16:10-06:00,,
metrobus,metrobus_vehicle_positions,2026-10-10T05:48:18Z,2026-10-10,20261010T054813Z,4e16f194-feba-455a-8389-7d0bd670f8e2,,,,,,69341,718,1240115,19.478891372680664,-99.0648193359375,260.0,0.0,0.0,,,,1791569036,2026-10-09 12:03:56-06:00,,
metrobus,metrobus_vehicle_positions,2026-10-10T05:48:18Z,2026-10-10,20261010T054813Z,dd45d68b-2cb3-4f8c-b922-1c5feea53ea8,,19563,0.0,05:38:02,20261010,69420,3319,1230191,19.38994598388672,-99.05906677246094,122.0,0.0,0.0,,,,1791611285,2026-10-09 23:48:05-06:00,,
metrobus,metrobus_vehicle_positions,2026-10-10T05:48:18Z,2026-10-10,20261010T054813Z,1b68c781-da68-48a8-9c1b-459c734d083d,,,,,,69342,719,1240116,19.478168487548828,-99.06488800048828,278.0,0.0,0.0,,,,1791608735,2026-10-09 23:05:35-06:00,,
metrobus,metrobus_vehicle_positions,2026-10-10T05:48:18Z,2026-10-10,20261010T054813Z,2b71f045-c71f-4473-8cb1-5959fe6c7215,,19500,1.0,04:59:01,20261010,69538,1147,1230030,19.398231506347656,-99.17095947265625,179.0,25.0,90.0,,,,1791611279,2026-10-09 23:47:59-06:00,,
metrobus,metrobus_vehicle_positions,2026-10-10T05:48:18Z,2026-10-10,20261010T054813Z,d810be65-8357-4250-9459-5f1471856707,,19471,1.0,05:13:09,20261010,69343,720,1240117,19.48181915283203,-99.10498809814453,113.0,18.0,64.8,,,,1791611283,2026-10-09 23:48:03-06:00,,
metrobus,metrobus_vehicle_positions,2026-10-10T05:48:18Z,2026-10-10,20261010T054813Z,cc94c8f9-3e03-4e77-975e-a3ba8d350fd6,,,,,,69537,1146,1230023,19.498586654663086,-99.11945343017578,199.0,0.0,0.0,,,,1791606942,2026-10-09 22:35:42-06:00,,
metrobus,metrobus_vehicle_positions,2026-10-10T05:48:18Z,2026-10-10,20261010T054813Z,40bffd3c-d50c-4f7d-8b3f-600c73e3b030,,19470,0.0,04:57:59,20261010,69344,721,1240118,19.49333953857422,-99.14576721191406,284.0,0.0,0.0,,,,1791611277,2026-10-09 23:47:57-06:00,,
metrobus,metrobus_vehicle_positions,2026-10-10T05:48:18Z,2026-10-10,20261010T054813Z,9d4df8eb-40d3-4b3f-9234-84bdc90798d2,,,,,,69536,1145,1230041,19.498279571533203,-99.11968994140625,194.0,10.0,36.0,,,,1791611282,2026-10-09 23:48:02-06:00,,
metrobus,metrobus_vehicle_positions,2026-10-10T05:48:18Z,2026-10-10,20261010T054813Z,b7df3056-a4cc-4a8a-badd-90bc98c14244,,19499,0.0,04:41:18,20261010,69535,1144,1230047,19.499296188354492,-99.11914825439453,198.0,0.0,0.0,,,,1791607595,2026-10-09 22:46:35-06:00,,
metrobus,metrobus_vehicle_positions,2026-10-10T05:48:18Z,2026-10-10,20261010T054813Z,1db0088b-239f-4d4f-8bb1-6ba96dbc3bc2,,19471,1.0,05:45:13,20261010,69345,722,1240159,19.511524200439453,-99.19741821289062,857.0,0.0,0.0,,,,1791611279,2026-10-09 23:47:59-06:00,,
metrobus,metrobus_vehicle_positions,2026-10-10T05:48:18Z,2026-10-10,20261010T054813Z,efc979e2-5f0d-487a-86f4-f16aaba3d58d,,,,,,69346,723,1240160,19.478103637695312,-99.0638427734375,0.0,0.0,0.0,,,,1791609147,2026-10-09 23:12:27-06:00,,
metrobus,metrobus_vehicle_positions,2026-10-10T05:48:18Z,2026-10-10,20261010T054813Z,345b23f1-d617-42cd-8ac3-5b55d5f94372,,,,,,69347,724,1240161,19.47919464111328,-99.06425476074219,155.0,2.0,7.2,,,,1791611281,2026-10-09 23:48:01-06:00,,
metrobus,metrobus_vehicle_positions,2026-10-10T05:48:18Z,2026-10-10,20261010T054813Z,9e734071-45cd-4472-bff8-9cd50e5bf0e2,,,,,,69348,725,1240162,19.478090286254883,-99.0648422241211,275.0,0.0,0.0,,,,1791610649,2026-10-09 23:37:29-06:00,,
metrobus,metrobus_vehicle_positions,2026-10-10T05:48:18Z,2026-10-10,20261010T054813Z,b4850bd3-81d4-411c-ba90-92d38c64da09,,19471,1.0,05:25:09,20261010,69349,726,1240163,19.490304946899414,-99.13243103027344,111.0,0.0,0.0,,,,1791611280,2026-10-09 23:48:00-06:00,,
metrobus,metrobus_vehicle_positions,2026-10-10T05:48:18Z,2026-10-10,20261010T054813Z,8bbb505c-0df3-4b92-bc99-c45e75f7d054,,19471,1.0,05:39:32,20261010,69350,727,1240164,19.501802444458008,-99.1774673461914,117.0,49.0,176.4,,,,1791611284,2026-10-09 23:48:04-06:00,,
metrobus,metrobus_vehicle_positions,2026-10-10T05:48:18Z,2026-10-10,20261010T054813Z,e95a1814-dbdd-457c-92d4-388b772ff3c4,,,,,,69351,728,1240165,19.47784996032715,-99.06388854980469,0.0,0.0,0.0,,,,1791611074,2026-10-09 23:44:34-06:00,,
metrobus,metrobus_vehicle_positions,2026-10-10T05:48:18Z,2026-10-10,20261010T054813Z,d3236d01-7d89-41e5-9c64-0eda0f165b33,,19471,1.0,05:28:33,20261010,69352,729,1240166,19.49333953857422,-99.14617156982422,103.0,0.0,0.0,,,,1791611273,2026-10-09 23:47:53-06:00,,
metrobus,metrobus_vehicle_positions,2026-10-10T05:48:18Z,2026-10-10,20261010T054813Z,4143578f-b39c-4609-b0ff-4f5832383e4d,,19562,1.0,13:25:50,20261009,70117,3343,1250008,19.38846206665039,-99.05986785888672,166.0,0.0,0.0,,,,1791556167,2026-10-09 08:29:27-06:00,,
metrobus,metrobus_vehicle_positions,2026-10-10T05:48:18Z,2026-10-10,20261010T054813Z,5d7c1904-54d7-442d-a2fe-3a1e3f3d6a42,,,,,,70116,3342,1250009,19.38646697998047,-99.0597915649414,0.0,0.0,0.0,,,,1791611273,2026-10-09 23:47:53-06:00,,
metrobus,metrobus_vehicle_positions,2026-10-10T05:48:18Z,2026-10-10,20261010T054813Z,83ab8f43-63cd-4259-88a2-32e08cb5a273,,,,,,70115,3341,1250013,19.386741638183594,-99.05987548828125,80.0,0.0,0.0,,,,1791605946,2026-10-09 22:19:06-06:00,,
metrobus,metrobus_vehicle_positions,2026-10-10T05:48:18Z,2026-10-10,20261010T054813Z,d7085846-3277-4d6f-ad1a-c5f70285fb29,,19563,0.0,05:34:36,20261010,70114,3340,1250014,19.386199951171875,-99.07147979736328,298.0,41.0,147.6,,,,1791611274,2026-10-09 23:47:54-06:00,,
metrobus,metrobus_vehicle_positions,2026-10-10T05:48:18Z,2026-10-10,20261010T054813Z,767fefdd-0e56-4962-a1bf-b717065a8c6f,,,,,,70113,3339,1250012,19.391143798828125,-99.04753875732422,0.0,0.0,0.0,,,,1791611280,2026-10-09 23:48:00-06:00,,
metrobus,metrobus_vehicle_positions,2026-10-10T05:48:18Z,2026-10-10,20261010T054813Z,50cd7c6c-6b2c-461e-86e4-c71634edbbbf,,,,,,70112,3338,1250011,19.386520385742188,-99.05992889404297,0.0,0.0,0.0,,,,1791609223,2026-10-09 23:13:43-06:00,,
metrobus,metrobus_vehicle_positions,2026-10-10T05:48:18Z,2026-10-10,20261010T054813Z,89194565-0cbb-4c58-836b-f1b7265b0852,,19471,1.0,05:07:00,20261010,69353,730,1240167,19.48124122619629,-99.10382080078125,115.0,24.0,86.4,,,,1791611279,2026-10-09 23:47:59-06:00,,
metrobus,metrobus_vehicle_positions,2026-10-10T05:48:18Z,2026-10-10,20261010T054813Z,9f1290ca-4c93-4ff6-948a-4451d43053dd,,,,,,69354,731,1240168,19.479400634765625,-99.06400299072266,338.0,0.0,0.0,,,,1791611287,2026-10-09 23:48:07-06:00,,
metrobus,metrobus_vehicle_positions,2026-10-10T05:48:18Z,2026-10-10,20261010T054813Z,4eefbcc4-1cde-4cda-8596-283f62ebd25a,,,,,,69355,732,1240169,19.4781551361084,-99.06485748291016,273.0,0.0,0.0,,,,1791610666,2026-10-09 23:37:46-06:00,,
metrobus,metrobus_vehicle_positions,2026-10-10T05:48:18Z,2026-10-10,20261010T054813Z,3a5884d6-f72b-4c7e-99e3-d35b89a97985,,19471,1.0,04:52:12,20261010,69356,733,1240170,19.4736328125,-99.07026672363281,133.0,38.0,136.8,,,,1791611278,2026-10-09 23:47:58-06:00,,
metrobus,metrobus_vehicle_positions,2026-10-10T05:48:18Z,2026-10-10,20261010T054813Z,9f3aeb3e-cf44-4296-af07-6a567c5517ff,,,,,,69357,734,1240171,19.479469299316406,-99.0641098022461,338.0,0.0,0.0,,,,1791610150,2026-10-09 23:29:10-06:00,,
metrobus,metrobus_vehicle_positions,2026-10-10T05:48:18Z,2026-10-10,20261010T054813Z,5190c54a-4a2a-406d-9107-ec885df9260f,,,,,,69358,735,1240172,19.47943115234375,-99.06392669677734,0.0,0.0,0.0,,,,1791609506,2026-10-09 23:18:26-06:00,,
metrobus,metrobus_vehicle_positions,2026-10-10T05:48:18Z,2026-10-10,20261010T054813Z,9804184c-33fa-42fa-8297-aabcefce4de3,,,,,,69359,736,1240173,19.477787017822266,-99.06372833251953,638.0,0.0,0.0,,,,1791607382,2026-10-09 22:43:02-06:00,,
metrobus,metrobus_vehicle_positions,2026-10-10T05:48:18Z,2026-10-10,20261010T054813Z,161b14a4-b618-4cbb-8266-fad4476bbaa6,,,,,,69725,3353,1250030,19.3887939453125,-99.05931854248047,305.0,0.0,0.0,,,,1791610784,2026-10-09 23:39:44-06:00,,
metrobus,metrobus_vehicle_positions,2026-10-10T05:48:18Z,2026-10-10,20261010T054813Z,0ab08774-37b4-449a-a2d5-59a6123fb963,,19566,0.0,05:19:17,20261010,69724,3352,1250029,19.3884334564209,-99.05721282958984,305.0,0.0,0.0,,,,1791610130,2026-10-09 23:28:50-06:00,,
metrobus,metrobus_vehicle_positions,2026-10-10T05:48:18Z,2026-10-10,20261010T054813Z,38300d56-83f2-4fa4-8274-f3408350cf85,,,,,,69723,3351,1250028,19.38914680480957,-99.05921936035156,0.0,0.0,0.0,,,,1791605272,2026-10-09 22:07:52-06:00,,
metrobus,metrobus_vehicle_positions,2026-10-10T05:48:18Z,2026-10-10,20261010T054813Z,0be56771-1683-4682-9cc8-4d1d2c2ea2f0,,19566,0.0,05:14:45,20261010,70120,3346,003A018,19.398359298706055,-99.11338806152344,267.0,0.0,0.0,,,,1791611288,2026-10-09 23:48:08-06:00,,
metrobus,metrobus_vehicle_positions,2026-10-10T05:48:18Z,2026-10-10,20261010T054813Z,badae0be-c4f0-4dfc-a54a-3df67f926bf5,,19563,0.0,05:14:28,20261010,70119,3345,1250007,19.387130737304688,-99.05989074707031,192.0,0.0,0.0,,,,1791611287,2026-10-09 23:48:07-06:00,,
metrobus,metrobus_vehicle_positions,2026-10-10T05:48:18Z,2026-10-10,20261010T054813Z,d087b3a4-a4f7-4be1-af4f-9057af997b6a,,19565,1.0,05:10:59,20261010,70118,3344,1250006,19.388916015625,-99.059814453125,880.0,15.0,54.0,,,,1791611273,2026-10-09 23:47:53-06:00,,
metrobus,metrobus_vehicle_positions,2026-10-10T05:48:18Z,2026-10-10,20261010T054813Z,39b377e2-ce71-46fb-bfb7-8b68b8c65285,,,,,,69211,509,1260137,19.42007827758789,-99.09246063232422,367.0,0.0,0.0,,,,1791602513,2026-10-09 21:21:53-06:00,,
metrobus,metrobus_vehicle_positions,2026-10-10T05:48:18Z,2026-10-10,20261010T054813Z,d69c5e9d-7b32-45b5-9d43-79158701b90f,,19471,1.0,05:47:36,20261010,69726,751,1280022,19.509157180786133,-99.19904327392578,176.0,30.0,108.0,,,,1791611287,2026-10-09 23:48:07-06:00,,
metrobus,metrobus_vehicle_positions,2026-10-10T05:48:18Z,2026-10-10,20261010T054813Z,c3201f4c-2d8a-4386-b52d-4b60fab7079f,,19471,1.0,05:12:36,20261010,69727,752,1280023,19.506813049316406,-99.19646453857422,286.0,0.0,0.0,,,,1791611280,2026-10-09 23:48:00-06:00,,
metrobus,metrobus_vehicle_positions,2026-10-10T05:48:18Z,2026-10-10,20261010T054813Z,4c3f3067-651f-443a-b6f7-95611e81035e,,,,,,69212,510,1260138,19.42021942138672,-99.09248352050781,211.0,0.0,0.0,,,,1791611284,2026-10-09 23:48:04-06:00,,
metrobus,metrobus_vehicle_positions,2026-10-10T05:48:18Z,2026-10-10,20261010T054813Z,76d4b4a9-2615-4516-b1a2-319f31412f75,,19475,1.0,05:12:53,20261010,69728,753,1280024,19.50714683532715,-99.19651794433594,182.0,0.0,0.0,,,,1791611282,2026-10-09 23:48:02-06:00,,
metrobus,metrobus_vehicle_positions,2026-10-10T05:48:18Z,2026-10-10,20261010T054813Z,54c0986d-04af-491c-baf7-88aff93746c7,,19475,1.0,05:28:29,20261010,69729,754,1280025,19.506885528564453,-99.19644927978516,287.0,0.0,0.0,,,,1791611283,2026-10-09 23:48:03-06:00,,
metrobus,metrobus_vehicle_positions,2026-10-10T05:48:18Z,2026-10-10,20261010T054813Z,b965d9fd-0af7-4952-92ac-83b5ea077793,,19471,1.0,04:49:34,20261010,69730,755,1280026,19.47361946105957,-99.06912994384766,136.0,27.0,97.2,,,,1791611284,2026-10-09 23:48:04-06:00,,
metrobus,metrobus_vehicle_positions,2026-10-10T05:48:18Z,2026-10-10,20261010T054813Z,dd536b0b-d771-4b10-ad5c-1bb17bc3fa94,,19471,1.0,04:43:48,20261010,69731,756,1280027,19.46981430053711,-99.0651626586914,138.0,0.0,0.0,,,,1791611284,2026-10-09 23:48:04-06:00,,
metrobus,metrobus_vehicle_positions,2026-10-10T05:48:18Z,2026-10-10,20261010T054813Z,79d5a063-481d-42ef-91cc-368e09584483,,,,,,69216,514,1260142,19.419649124145508,-99.09285736083984,0.0,0.0,0.0,,,,1791608233,2026-10-09 22:57:13-06:00,,
metrobus,metrobus_vehicle_positions,2026-10-10T05:48:18Z,2026-10-10,20261010T054813Z,04bdfaff-4b99-48bc-b105-0aabe6505db4,,20295,0.0,04:32:54,20261010,69732,757,1280028,19.487810134887695,-99.12421417236328,217.0,10.0,36.0,,,,1791611282,2026-10-09 23:48:02-06:00,,
metrobus,metrobus_vehicle_positions,2026-10-10T05:48:18Z,2026-10-10,20261010T054813Z,8f896f49-78f1-4aa6-aebd-5894e18980e6,,,,,,69217,515,1260143,19.41998291015625,-99.09272003173828,211.0,0.0,0.0,,,,1791611283,2026-10-09 23:48:03-06:00,,
metrobus,metrobus_vehicle_positions,2026-10-10T05:48:18Z,2026-10-10,20261010T054813Z,0a26e7b0-0063-4127-8001-d1a748edc458,,,,,,69733,758,1280029,19.507091522216797,-99.19721984863281,113.0,0.0,0.0,,,,1791611279,2026-10-09 23:47:59-06:00,,
metrobus,metrobus_vehicle_positions,2026-10-10T05:48:18Z,2026-10-10,20261010T054813Z,284a0f65-f64a-43d2-a09c-6ca02229ca32,,,,,,69734,759,1280030,19.499828338623047,-99.17357635498047,299.0,47.0,169.20000000000002,,,,1791611276,2026-10-09 23:47:56-06:00,,
metrobus,metrobus_vehicle_positions,2026-10-10T05:48:18Z,2026-10-10,20261010T054813Z,b30caf98-5993-4ffe-8549-5afb8dbe3615,,,,,,69220,518,1260146,19.422822952270508,-99.09230041503906,212.0,0.0,0.0,,,,1791611284,2026-10-09 23:48:04-06:00,,
metrobus,metrobus_vehicle_positions,2026-10-10T05:48:18Z,2026-10-10,20261010T054813Z,6a2129c2-6368-4968-957e-8889660dc8bf,,,,,,69736,761,1280032,19.50713539123535,-99.19646453857422,194.0,0.0,0.0,,,,1791610673,2026-10-09 23:37:53-06:00,,
metrobus,metrobus_vehicle_positions,2026-10-10T05:48:18Z,2026-10-10,20261010T054813Z,da2d02e2-0f9a-46f2-a5d3-e15e2834ca08,,,,,,69737,762,1280033,19.506921768188477,-99.19644165039062,280.0,0.0,0.0,,,,1791611287,2026-10-09 23:48:07-06:00,,
metrobus,metrobus_vehicle_positions,2026-10-10T05:48:18Z,2026-10-10,20261010T054813Z,babdef26-05f8-4193-a6cd-dbb7e8805bd2,,,,,,69222,520,1260148,19.419921875,-99.09266662597656,210.0,0.0,0.0,,,,1791604445,2026-10-09 21:54:05-06:00,,
metrobus,metrobus_vehicle_positions,2026-10-10T05:48:18Z,2026-10-10,20261010T054813Z,fb1b1025-d4a4-47e8-8c04-70d2d33735f8,,20439,1.0,05:44:37,20261010,69223,521,1260149,19.407455444335938,-99.18449401855469,274.0,0.0,0.0,,,,1791611272,2026-10-09 23:47:52-06:00,,
metrobus,metrobus_vehicle_positions,2026-10-10T05:48:18Z,2026-10-10,20261010T054813Z,60815bf2-f6ca-4e7d-ad15-938238c5dfb6,,19471,1.0,05:20:24,20261010,69738,763,1280034,19.507110595703125,-99.19742584228516,107.0,0.0,0.0,,,,1791611281,2026-10-09 23:48:01-06:00,,
metrobus,metrobus_vehicle_positions,2026-10-10T05:48:18Z,2026-10-10,20261010T054813Z,34ac879c-6b69-4aaf-86ce-6da0769ff60e,,,,,,69224,522,1260150,19.422151565551758,-99.0913314819336,218.0,0.0,0.0,,,,1791610168,2026-10-09 23:29:28-06:00,,
metrobus,metrobus_vehicle_positions,2026-10-10T05:48:18Z,2026-10-10,20261010T054813Z,a5f47570-b8ac-4da5-a88b-957f3a9055e1,,,,,,69739,764,1280035,19.506864547729492,-99.19646453857422,286.0,0.0,0.0,,,,1791611280,2026-10-09 23:48:00-06:00,,
metrobus,metrobus_vehicle_positions,2026-10-10T05:48:18Z,2026-10-10,20261010T054813Z,1654278e-5af7-440a-a6e2-df650fa9b452,,,,,,69225,523,1260151,19.422283172607422,-99.09115600585938,295.0,0.0,0.0,,,,1791608530,2026-10-09 23:02:10-06:00,,
metrobus,metrobus_vehicle_positions,2026-10-10T05:48:18Z,2026-10-10,20261010T054813Z,0bf4d008-f083-4d43-bc2e-edf74a37ec62,,19471,1.0,04:44:14,20261010,69740,765,1280036,19.50711441040039,-99.19644165039062,182.0,0.0,0.0,,,,1791611282,2026-10-09 23:48:02-06:00,,
metrobus,metrobus_vehicle_positions,2026-10-10T05:48:18Z,2026-10-10,20261010T054813Z,46b5c7b9-f159-4b1b-a2cc-fe9e11f3c1bb,,,,,,69741,766,1280037,19.469682693481445,-99.0649642944336,131.0,0.0,0.0,,,,1791611280,2026-10-09 23:48:00-06:00,,
metrobus,metrobus_vehicle_positions,2026-10-10T05:48:18Z,2026-10-10,20261010T054813Z,21def02c-8da5-4ef2-863c-c0a6dd9e74f6,,19471,1.0,04:49:39,20261010,69742,767,1280038,19.507137298583984,-99.19649505615234,188.0,0.0,0.0,,,,1791611018,2026-10-09 23:43:38-06:00,,
metrobus,metrobus_vehicle_positions,2026-10-10T05:48:18Z,2026-10-10,20261010T054813Z,a64bcbdc-fae0-4cee-9276-77379ab6ecbc,,,,,,69227,525,1260153,19.420347213745117,-99.09237670898438,316.0,0.0,0.0,,,,1791611281,2026-10-09 23:48:01-06:00,,
metrobus,metrobus_vehicle_positions,2026-10-10T05:48:18Z,2026-10-10,20261010T054813Z,73893f06-6859-4b5f-ac43-1e660f30c362,,,,,,69228,526,1260154,19.419776916503906,-99.09265899658203,336.0,0.0,0.0,,,,1791610006,2026-10-09 23:26:46-06:00,,
metrobus,metrobus_vehicle_positions,2026-10-10T05:48:18Z,2026-10-10,20261010T054813Z,7966b86f-c605-4c68-b289-33e6c021e3a8,,,,,,69743,768,1280039,19.50706672668457,-99.19721221923828,103.0,0.0,0.0,,,,1791611282,2026-10-09 23:48:02-06:00,,
metrobus,metrobus_vehicle_positions,2026-10-10T05:48:18Z,2026-10-10,20261010T054813Z,57785e51-2cae-4885-acb1-7734dc7b5aa4,,,,,,69229,527,1260155,19.42205047607422,-99.09140014648438,215.0,0.0,0.0,,,,1791603664,2026-10-09 21:41:04-06:00,,
metrobus,metrobus_vehicle_positions,2026-10-10T05:48:18Z,2026-10-10,20261010T054813Z,1dfe2d35-bf2d-4f83-b584-3f88c32dc424,,,,,,69744,769,1280040,19.507131576538086,-99.19639587402344,0.0,0.0,0.0,,,,1791610538,2026-10-09 23:35:38-06:00,,
metrobus,metrobus_vehicle_positions,2026-10-10T05:48:18Z,2026-10-10,20261010T054813Z,911f962a-86bf-476a-a86d-76d7f7b2df79,,19470,0.0,05:17:04,20261010,69745,770,1280041,19.48406982421875,-99.113037109375,281.0,0.0,0.0,,,,1791611277,2026-10-09 23:47:57-06:00,,
metrobus,metrobus_vehicle_positions,2026-10-10T05:48:18Z,2026-10-10,20261010T054813Z,9b6f5255-a4cb-439f-8bfd-692b92237ae4,,20296,1.0,04:36:19,20261010,69746,771,1280042,19.373207092285156,-99.16060638427734,129.0,37.0,133.20000000000002,,,,1791611288,2026-10-09 23:48:08-06:00,,
metrobus,metrobus_vehicle_positions,2026-10-10T05:48:18Z,2026-10-10,20261010T054813Z,5d471778-a4d4-4a11-b216-dca517fa163d,,19470,0.0,04:50:37,20261010,69747,772,1280043,19.49860191345215,-99.16978454589844,283.0,29.0,104.4,,,,1791611287,2026-10-09 23:48:07-06:00,,
metrobus,metrobus_vehicle_positions,2026-10-10T05:48:18Z,2026-10-10,20261010T054813Z,4cdb6786-d7d8-410f-bf41-c3474e94ce59,,19470,0.0,05:30:35,20261010,69748,773,TienepermisodeSEMOVI,19.473539352416992,-99.08784484863281,331.0,39.0,140.4,,,,1791611275,2026-10-09 23:47:55-06:00,,
metrobus,metrobus_vehicle_positions,2026-10-10T05:48:18Z,2026-10-10,20261010T054813Z,dc72ecd4-d83a-4b1e-985c-b52f98691441,,19470,0.0,04:19:35,20261010,69749,774,1280045,19.467370986938477,-99.08079528808594,283.0,0.0,0.0,,,,1791611286,2026-10-09 23:48:06-06:00,,
metrobus,metrobus_vehicle_positions,2026-10-10T05:48:18Z,2026-10-10,20261010T054813Z,37264f7a-2386-46d9-9611-b360532b03bf,,20439,1.0,05:33:42,20261010,69234,532,1260160,19.425527572631836,-99.1546859741211,793.0,23.0,82.8,,,,1791611280,2026-10-09 23:48:00-06:00,,
metrobus,metrobus_vehicle_positions,2026-10-10T05:48:18Z,2026-10-10,20261010T054813Z,df812d28-2691-4291-bb21-11223768887f,,19470,0.0,05:41:52,20261010,69750,775,1280046,19.47856903076172,-99.07799530029297,200.0,0.0,0.0,,,,1791611274,2026-10-09 23:47:54-06:00,,
metrobus,metrobus_vehicle_positions,2026-10-10T05:48:18Z,2026-10-10,20261010T054813Z,fe8a3f30-87e9-4e3d-8939-faed841c732f,,,,,,69751,776,1320053,19.507080078125,-99.1962890625,0.0,0.0,0.0,,,,1791611276,2026-10-09 23:47:56-06:00,,
metrobus,metrobus_vehicle_positions,2026-10-10T05:48:18Z,2026-10-10,20261010T054813Z,6eb8bda5-2033-49ff-8a28-d8583593e90c,,,,,,69236,534,1260162,19.42181968688965,-99.0915756225586,212.0,0.0,0.0,,,,1791611278,2026-10-09 23:47:58-06:00,,
metrobus,metrobus_vehicle_positions,2026-10-10T05:48:18Z,2026-10-10,20261010T054813Z,484dce37-4c37-482e-8e1c-de76212f7e65,,,,,,69752,777,1320051,19.507112503051758,-99.19635772705078,0.0,0.0,0.0,,,,1791610393,2026-10-09 23:33:13-06:00,,
metrobus,metrobus_vehicle_positions,2026-10-10T05:48:18Z,2026-10-10,20261010T054813Z,7d3f439e-31ae-4662-ab22-dfdcd6560121,,,,,,69238,536,1260164,19.420310974121094,-99.09243774414062,211.0,0.0,0.0,,,,1791610821,2026-10-09 23:40:21-06:00,,
metrobus,metrobus_vehicle_positions,2026-10-10T05:48:18Z,2026-10-10,20261010T054813Z,70b32219-73bd-470f-8478-553d0b2206e9,,,,,,69753,778,1320052,19.50707244873047,-99.19635009765625,191.0,0.0,0.0,,,,1791607756,2026-10-09 22:49:16-06:00,,
metrobus,metrobus_vehicle_positions,2026-10-10T05:48:18Z,2026-10-10,20261010T054813Z,def25ae3-94d8-4ca2-a509-1a92dff60f7c,,,,,,69239,537,1260165,19.420005798339844,-99.09257507324219,318.0,0.0,0.0,,,,1791611285,2026-10-09 23:48:05-06:00,,
metrobus,metrobus_vehicle_positions,2026-10-10T05:48:18Z,2026-10-10,20261010T054813Z,0b1482c7-ca39-4276-bf67-4fb86c11d726,,,,,,69240,538,1260166,19.42205238342285,-99.09220123291016,296.0,0.0,0.0,,,,1791611288,2026-10-09 23:48:08-06:00,,
metrobus,metrobus_vehicle_positions,2026-10-10T05:48:18Z,2026-10-10,20261010T054813Z,8ac11b28-f777-46f0-af2b-adb757a36eee,,,,,,69241,539,1260167,19.434856414794922,-99.11495971679688,191.0,42.0,151.20000000000002,,,,1791611277,2026-10-09 23:47:57-06:00,,
metrobus,metrobus_vehicle_positions,2026-10-10T05:48:18Z,2026-10-10,20261010T054813Z,3d8f6da2-1eb5-44b8-a803-ea8a70c97496,,,,,,69179,781,1280047,19.507001876831055,-99.19696044921875,294.0,0.0,0.0,,,,1791609860,2026-10-09 23:24:20-06:00,,
metrobus,metrobus_vehicle_positions,2026-10-10T05:48:18Z,2026-10-10,20261010T054813Z,cbd55392-ce3b-42d9-a9ee-60a1da9c7563,,,,,,69180,782,1280048,19.495513916015625,-99.15586853027344,282.0,44.0,158.4,,,,1791611277,2026-10-09 23:47:57-06:00,,
metrobus,metrobus_vehicle_positions,2026-10-10T05:48:18Z,2026-10-10,20261010T054813Z,d14af4e5-d028-4424-8382-5f7bae11f204,,,,,,69181,783,1280049,19.50687599182129,-99.19610595703125,107.0,0.0,0.0,,,,1791611272,2026-10-09 23:47:52-06:00,,
metrobus,metrobus_vehicle_positions,2026-10-10T05:48:18Z,2026-10-10,20261010T054813Z,be3c8585-e753-4e96-a057-bb37387e76ff,,,,,,69243,541,1260169,19.421981811523438,-99.09148406982422,0.0,0.0,0.0,,,,1791611003,2026-10-09 23:43:23-06:00,,
metrobus,metrobus_vehicle_positions,2026-10-10T05:48:18Z,2026-10-10,20261010T054813Z,f525667b-52cc-424f-9d93-f8a84b6d5462,,,,,,69182,784,1280050,19.50731086730957,-99.19703674316406,190.0,0.0,0.0,,,,1791607126,2026-10-09 22:38:46-06:00,,
metrobus,metrobus_vehicle_positions,2026-10-10T05:48:18Z,2026-10-10,20261010T054813Z,bf30db94-0e4d-4adf-bab5-e9ff540ad033,,,,,,69230,543,,19.423168182373047,-99.09235382080078,286.0,0.0,0.0,,,,1791611277,2026-10-09 23:47:57-06:00,,
metrobus,metrobus_vehicle_positions,2026-10-10T05:48:18Z,2026-10-10,20261010T054813Z,0bede8cc-0b09-4f59-b585-a0bb3c0e6461,,,,,,69183,785,1280051,19.50627899169922,-99.19979095458984,785.0,8.0,28.8,,,,1791611287,2026-10-09 23:48:07-06:00,,
metrobus,metrobus_vehicle_positions,2026-10-10T05:48:18Z,2026-10-10,20261010T054813Z,63a7ae18-e95c-4d52-b641-a8842e467fe0,,,,,,69246,544,1260172,19.42013168334961,-99.0926284790039,211.0,0.0,0.0,,,,1791611283,2026-10-09 23:48:03-06:00,,
metrobus,metrobus_vehicle_positions,2026-10-10T05:48:18Z,2026-10-10,20261010T054813Z,e1c7c280-331d-4e48-9048-d212721da05b,,,,,,69184,786,1280052,19.506969451904297,-99.19718170166016,943.0,0.0,0.0,,,,1791611285,2026-10-09 23:48:05-06:00,,
metrobus,metrobus_vehicle_positions,2026-10-10T05:48:18Z,2026-10-10,20261010T054813Z,b5626798-d965-4571-a056-c52120671144,,19471,1.0,04:59:38,20261010,69186,788,1280054,19.485700607299805,-99.12004089355469,232.0,0.0,0.0,,,,1791611286,2026-10-09 23:48:06-06:00,,
metrobus,metrobus_vehicle_positions,2026-10-10T05:48:18Z,2026-10-10,20261010T054813Z,ec07906d-aacb-4142-b857-816ced951bdb,,,,,,69248,546,1260174,19.419496536254883,-99.0928726196289,322.0,0.0,0.0,,,,1791611284,2026-10-09 23:48:04-06:00,,
metrobus,metrobus_vehicle_positions,2026-10-10T05:48:18Z,2026-10-10,20261010T054813Z,4e924698-dbf0-4184-86ce-ba330a5b6938,,19475,1.0,05:13:20,20261010,69187,789,TienepermisodeSEMOVI,19.506729125976562,-99.19570922851562,543.0,0.0,0.0,,,,1791611280,2026-10-09 23:48:00-06:00,,
metrobus,metrobus_vehicle_positions,2026-10-10T05:48:18Z,2026-10-10,20261010T054813Z,9ef45319-d92b-4d80-b517-ec0309ade29d,,,,,,69249,547,1260175,19.423242568969727,-99.09183502197266,0.0,0.0,0.0,,,,1791548683,2026-10-09 06:24:43-06:00,,
metrobus,metrobus_vehicle_positions,2026-10-10T05:48:18Z,2026-10-10,20261010T054813Z,0b0a200d-59c2-4903-a322-51a1ccff4945,,,,,,69305,306,TienepermisodeSEMOVI,19.389917373657227,-99.05872344970703,301.0,0.0,0.0,,,,1791610736,2026-10-09 23:38:56-06:00,,
metrobus,metrobus_vehicle_positions,2026-10-10T05:48:18Z,2026-10-10,20261010T054813Z,5ce6b0c6-7d60-4572-94b2-a178b2a254ac,,,,,,69250,548,1260176,19.423166275024414,-99.09178161621094,0.0,0.0,0.0,,,,1791431897,2026-10-07 21:58:17-06:00,,
metrobus,metrobus_vehicle_positions,2026-10-10T05:48:18Z,2026-10-10,20261010T054813Z,2df42dd1-914a-47b4-a61b-afcfe535d09b,,,,,,69251,549,1260177,19.40143585205078,-99.1856689453125,261.0,0.0,0.0,,,,1791611286,2026-10-09 23:48:06-06:00,,
metrobus,metrobus_vehicle_positions,2026-10-10T05:48:18Z,2026-10-10,20261010T054813Z,5d4b391f-a2fd-4cd0-8784-6c43aa9efdb1,,,,,,69306,307,TienepermisodeSEMOVI,19.389738082885742,-99.05842590332031,0.0,0.0,0.0,,,,1791610281,2026-10-09 23:31:21-06:00,,
metrobus,metrobus_vehicle_positions,2026-10-10T05:48:18Z,2026-10-10,20261010T054813Z,43e1e625-ffc8-4a56-9e99-a37954affcdc,,,,,,69307,308,TienepermisodeSEMOVI,19.390031814575195,-99.05890655517578,0.0,0.0,0.0,,,,1791611112,2026-10-09 23:45:12-06:00,,
metrobus,metrobus_vehicle_positions,2026-10-10T05:48:18Z,2026-10-10,20261010T054813Z,9a056326-6fcd-49bb-a568-1a84820e304c,,19473,0.0,10:32:24,20261005,74819,9701,,0.0,0.0,0.0,0.0,0.0,,,,1791173541,2026-10-04 22:12:21-06:00,,
metrobus,metrobus_vehicle_positions,2026-10-10T05:48:18Z,2026-10-10,20261010T054813Z,bfa5282e-af96-4570-a021-264a1c5f0218,,,,,,69188,790,1280056,19.507404327392578,-99.19742584228516,193.0,0.0,0.0,,,,1791610215,2026-10-09 23:30:15-06:00,,
metrobus,metrobus_vehicle_positions,2026-10-10T05:48:18Z,2026-10-10,20261010T054813Z,a5965274-174f-4f8b-808e-986f058fd6d3,,,,,,69189,791,1280057,19.50710105895996,-99.19586181640625,264.0,0.0,0.0,,,,1791603065,2026-10-09 21:31:05-06:00,,
metrobus,metrobus_vehicle_positions,2026-10-10T05:48:18Z,2026-10-10,20261010T054813Z,b64ab7ab-50ae-42be-8ffb-fbc99265059b,,19470,0.0,05:43:24,20261010,69190,792,1280058,19.47235107421875,-99.06786346435547,317.0,25.0,90.0,,,,1791611276,2026-10-09 23:47:56-06:00,,
metrobus,metrobus_vehicle_positions,2026-10-10T05:48:18Z,2026-10-10,20261010T054813Z,738dc4c1-6af3-4e58-a7ce-f22f8f33e45a,,,,,,69253,551,1260179,19.420455932617188,-99.09226989746094,324.0,0.0,0.0,,,,1791611286,2026-10-09 23:48:06-06:00,,
metrobus,metrobus_vehicle_positions,2026-10-10T05:48:18Z,2026-10-10,20261010T054813Z,dd80828d-8b26-4db1-9703-b42cfa520173,,19470,0.0,05:20:38,20261010,69192,794,1280060,19.483367919921875,-99.10948944091797,283.0,8.0,28.8,,,,1791611280,2026-10-09 23:48:00-06:00,,
metrobus,metrobus_vehicle_positions,2026-10-10T05:48:18Z,2026-10-10,20261010T054813Z,571c17ff-789c-45d5-adb6-7b4767c74dd9,,19471,1.0,04:42:53,20261010,69193,795,1280061,19.46957015991211,-99.06489562988281,133.0,20.0,72.0,,,,1791611273,2026-10-09 23:47:53-06:00,,
metrobus,metrobus_vehicle_positions,2026-10-10T05:48:18Z,2026-10-10,20261010T054813Z,ed0d7f8e-334d-407c-a3e6-82e4e574b66f,,,,,,69256,554,1260182,19.420663833618164,-99.09220886230469,160.0,2.0,7.2,,,,1791611286,2026-10-09 23:48:06-06:00,,
metrobus,metrobus_vehicle_positions,2026-10-10T05:48:18Z,2026-10-10,20261010T054813Z,a99023e3-b1cb-43ca-af62-c3a52507bf00,,19471,1.0,03:59:36,20261010,69194,796,1280062,19.507389068603516,-99.1973648071289,199.0,0.0,0.0,,,,1791608648,2026-10-09 23:04:08-06:00,,
metrobus,metrobus_vehicle_positions,2026-10-10T05:48:18Z,2026-10-10,20261010T054813Z,39bae763-e797-4134-a321-20aa1c5a4a24,,19470,0.0,04:36:10,20261010,69195,797,1280063,19.475521087646484,-99.08927917480469,124.0,33.0,118.8,,,,1791611279,2026-10-09 23:47:59-06:00,,
metrobus,metrobus_vehicle_positions,2026-10-10T05:48:18Z,2026-10-10,20261010T054813Z,481285c4-e6f0-45f6-b306-c43e767720a6,,,,,,69312,314,TienepermisodeSEMOVI,19.389896392822266,-99.0585708618164,301.0,0.0,0.0,,,,1791609036,2026-10-09 23:10:36-06:00,,
metrobus,metrobus_vehicle_positions,2026-10-10T05:48:18Z,2026-10-10,20261010T054813Z,4a2c9302-e7a5-40c2-8955-ef7e4c79c4df,,,,,,69196,798,1280064,19.498779296875,-99.11953735351562,240.0,0.0,0.0,,,,1791611285,2026-10-09 23:48:05-06:00,,
metrobus,metrobus_vehicle_positions,2026-10-10T05:48:18Z,2026-10-10,20261010T054813Z,9b3ed531-83a5-465d-9852-1c8fb4dcc486,,,,,,69258,556,1260184,19.420076370239258,-99.0923843383789,0.0,0.0,0.0,,,,1791611275,2026-10-09 23:47:55-06:00,,
metrobus,metrobus_vehicle_positions,2026-10-10T05:48:18Z,2026-10-10,20261010T054813Z,cf019de4-4117-48cf-9516-d3d245a99303,,,,,,69259,557,1260185,19.42281150817871,-99.09088897705078,211.0,0.0,0.0,,,,1791605181,2026-10-09 22:06:21-06:00,,
metrobus,metrobus_vehicle_positions,2026-10-10T05:48:18Z,2026-10-10,20261010T054813Z,8d5b3619-4d08-46ad-aff3-f14e1d3c21e1,,,,,,69197,799,1320054,19.50736427307129,-99.19735717773438,283.0,2.0,7.2,,,,1791611280,2026-10-09 23:48:00-06:00,,
metrobus,metrobus_vehicle_positions,2026-10-10T05:48:18Z,2026-10-10,20261010T054813Z,ae184561-1319-4fd1-ad18-5f565d9542a1,,19522,0.0,03:28:21,20261010,69260,558,1260186,19.420005798339844,-99.0926742553711,217.0,0.0,0.0,,,,1791605749,2026-10-09 22:15:49-06:00,,
metrobus,metrobus_vehicle_positions,2026-10-10T05:48:18Z,2026-10-10,20261010T054813Z,f4ea4991-4847-4273-b9a0-5a520276cfe0,,,,,,69261,559,1260187,19.427366256713867,-99.09349822998047,301.0,0.0,0.0,,,,1791611275,2026-10-09 23:47:55-06:00,,
metrobus,metrobus_vehicle_positions,2026-10-10T05:48:18Z,2026-10-10,20261010T054813Z,802dcded-5aa6-46c7-abf0-773bd6029f98,,,,,,69262,560,1260188,19.423242568969727,-99.09191131591797,349.0,0.0,0.0,,,,1791611287,2026-10-09 23:48:07-06:00,,
metrobus,metrobus_vehicle_positions,2026-10-10T05:48:18Z,2026-10-10,20261010T054813Z,1cb9991d-8845-4526-a8ce-6eefebfdcd74,,,,,,69263,561,1260189,19.4227237701416,-99.09059143066406,205.0,0.0,0.0,,,,1791604226,2026-10-09 21:50:26-06:00,,
metrobus,metrobus_vehicle_positions,2026-10-10T05:48:18Z,2026-10-10,20261010T054813Z,c515a799-373e-4684-a143-3d8cdaa2b684,,,,,,69264,562,1260190,19.42244529724121,-99.09091186523438,212.0,0.0,0.0,,,,1791611279,2026-10-09 23:47:59-06:00,,
metrobus,metrobus_vehicle_positions,2026-10-10T05:48:18Z,2026-10-10,20261010T054813Z,b3dd8e54-7833-40c2-a167-54966d474bf6,,,,,,69316,320,TienepermisodeSEMOVI,19.38966178894043,-99.05827331542969,300.0,0.0,0.0,,,,1791611021,2026-10-09 23:43:41-06:00,,
metrobus,metrobus_vehicle_positions,2026-10-10T05:48:18Z,2026-10-10,20261010T054813Z,8b6e67d4-799a-47e2-89c6-1388896cebdb,,19516,1.0,05:43:53,20261010,69265,563,1260191,19.426971435546875,-99.1101303100586,118.0,16.0,57.6,,,,1791611290,2026-10-09 23:48:10-06:00,,
metrobus,metrobus_vehicle_positions,2026-10-10T05:48:18Z,2026-10-10,20261010T054813Z,21025d6d-f276-4e92-b573-c5d840893739,,,,,,69266,564,1260192,19.419782638549805,-99.09278106689453,211.0,0.0,0.0,,,,1791604006,2026-10-09 21:46:46-06:00,,
metrobus,metrobus_vehicle_positions,2026-10-10T05:48:18Z,2026-10-10,20261010T054813Z,7804d7d5-253c-463a-8780-f992f05b26c7,,,,,,69267,565,1260193,19.42303466796875,-99.09249877929688,0.0,0.0,0.0,,,,1791581486,2026-10-09 15:31:26-06:00,,
metrobus,metrobus_vehicle_positions,2026-10-10T05:48:18Z,2026-10-10,20261010T054813Z,6aac3270-b5a8-4cb3-96c0-e1d69340d8ce,,,,,,69268,566,1260194,19.419824600219727,-99.0928726196289,0.0,0.0,0.0,,,,1791611287,2026-10-09 23:48:07-06:00,,
metrobus,metrobus_vehicle_positions,2026-10-10T05:48:18Z,2026-10-10,20261010T054813Z,c40b5297-7bd7-41ee-8664-9da333d1ae69,,,,,,69269,567,1260195,19.419843673706055,-99.09268951416016,315.0,8.0,28.8,,,,1791611284,2026-10-09 23:48:04-06:00,,
metrobus,metrobus_vehicle_positions,2026-10-10T05:48:18Z,2026-10-10,20261010T054813Z,059ead8f-3fc3-4d10-aa30-d6b977cba5d9,,,,,,69270,568,1260196,19.422630310058594,-99.09227752685547,358.0,0.0,0.0,,,,1791611282,2026-10-09 23:48:02-06:00,,
metrobus,metrobus_vehicle_positions,2026-10-10T05:48:18Z,2026-10-10,20261010T054813Z,885439b6-ec1e-45ab-ab17-7ae520a5d2d6,,19470,0.0,05:36:22,20261010,74821,9704,,19.479631423950195,-99.0642318725586,158.0,0.0,0.0,,,,1791611275,2026-10-09 23:47:55-06:00,,
metrobus,metrobus_vehicle_positions,2026-10-10T05:48:18Z,2026-10-10,20261010T054813Z,415b4407-104f-409c-bea3-3cf8cfeb2ef4,,19516,1.0,05:20:10,20261010,69271,569,1260197,19.436546325683594,-99.15438842773438,263.0,20.0,72.0,,,,1791611282,2026-10-09 23:48:02-06:00,,
metrobus,metrobus_vehicle_positions,2026-10-10T05:48:18Z,2026-10-10,20261010T054813Z,0b7bcfbc-3392-4152-80ce-55fbef4b358e,,,,,,74820,9702,,19.47922134399414,-99.06444549560547,76.0,0.0,0.0,,,,1791610733,2026-10-09 23:38:53-06:00,,
metrobus,metrobus_vehicle_positions,2026-10-10T05:48:18Z,2026-10-10,20261010T054813Z,6de59d29-ff2d-48ea-bfdb-3046410ab4a2,,,,,,74830,9703,,19.4794921875,-99.06422424316406,157.0,0.0,0.0,,,,1791611283,2026-10-09 23:48:03-06:00,,
metrobus,metrobus_vehicle_positions,2026-10-10T05:48:18Z,2026-10-10,20261010T054813Z,449f7876-3ceb-4dd6-b0b4-82d9426b5682,,19520,1.0,05:44:01,20261010,69274,572,002A981,19.438539505004883,-99.13914489746094,102.0,15.0,54.0,,,,1791611282,2026-10-09 23:48:02-06:00,,
metrobus,metrobus_vehicle_positions,2026-10-10T05:48:18Z,2026-10-10,20261010T054813Z,55bba07b-abe8-4381-8466-f62b7cdc176f,,19522,0.0,05:21:38,20261010,69275,573,002A982,19.41973304748535,-99.09649658203125,124.0,9.0,32.4,,,,1791611279,2026-10-09 23:47:59-06:00,,
metrobus,metrobus_vehicle_positions,2026-10-10T05:48:18Z,2026-10-10,20261010T054813Z,920270a2-7000-472a-a9ad-54b15fc6a938,,,,,,69277,575,002A983,19.422136306762695,-99.09230041503906,300.0,0.0,0.0,,,,1791611285,2026-10-09 23:48:05-06:00,,
metrobus,metrobus_vehicle_positions,2026-10-10T05:48:18Z,2026-10-10,20261010T054813Z,ede164f1-bfee-4e5b-b42c-55f508929a31,,19522,0.0,05:13:03,20261010,69278,576,002A984,19.435991287231445,-99.14088439941406,258.0,15.0,54.0,,,,1791611278,2026-10-09 23:47:58-06:00,,
metrobus,metrobus_vehicle_positions,2026-10-10T05:48:18Z,2026-10-10,20261010T054813Z,d560f043-7124-42c5-bf89-03e36ac6a52b,,19520,1.0,05:43:57,20261010,69279,577,002A985,19.43888282775879,-99.13995361328125,894.0,15.0,54.0,,,,1791611278,2026-10-09 23:47:58-06:00,,
metrobus,metrobus_vehicle_positions,2026-10-10T05:48:18Z,2026-10-10,20261010T054813Z,0ab48c84-d39a-43ee-b789-b7d54578c8b6,,19523,1.0,04:52:17,20261010,69280,578,002A986,19.426578521728516,-99.05379486083984,231.0,28.0,100.8,,,,1791611281,2026-10-09 23:48:01-06:00,,
metrobus,metrobus_vehicle_positions,2026-10-10T05:48:18Z,2026-10-10,20261010T054813Z,a2023e1e-5da0-4567-9b22-77e5a1c5e9c5,,,,,,70089,338,1250003,19.38675308227539,-99.05998229980469,0.0,0.0,0.0,,,,1791611290,2026-10-09 23:48:10-06:00,,
metrobus,metrobus_vehicle_positions,2026-10-10T05:48:18Z,2026-10-10,20261010T054813Z,a5ed235a-0c5a-4011-814e-76de12de645d,,19563,0.0,04:39:34,20261010,70090,339,1250004,19.407930374145508,-99.18560791015625,267.0,32.0,115.2,,,,1791611287,2026-10-09 23:48:07-06:00,,
metrobus,metrobus_vehicle_positions,2026-10-10T05:48:18Z,2026-10-10,20261010T054813Z,2716a276-c16c-4764-940f-6060a9f267cc,,,,,,69282,580,TienepermisodeSEMOVI,19.41951560974121,-99.09290313720703,319.0,0.0,0.0,,,,1791611284,2026-10-09 23:48:04-06:00,,
metrobus,metrobus_vehicle_positions,2026-10-10T05:48:18Z,2026-10-10,20261010T054813Z,0bd73db8-6cc7-4108-a03b-05718ac5a252,,19520,1.0,05:39:54,20261010,69283,581,002A989,19.436372756958008,-99.12409210205078,989.0,0.0,0.0,,,,1791611276,2026-10-09 23:47:56-06:00,,
metrobus,metrobus_vehicle_positions,2026-10-10T05:48:18Z,2026-10-10,20261010T054813Z,7d991a05-b61f-48bf-9a5a-67aedb17c617,,,,,,69284,582,002A990,19.423152923583984,-99.09173583984375,513.0,0.0,0.0,,,,1791611276,2026-10-09 23:47:56-06:00,,
metrobus,metrobus_vehicle_positions,2026-10-10T05:48:18Z,2026-10-10,20261010T054813Z,acfa8bf7-35bd-4a4c-a00e-7659a6b6cba7,,,,,,69285,583,002A991,19.42285919189453,-99.09175872802734,218.0,0.0,0.0,,,,1791611273,2026-10-09 23:47:53-06:00,,
metrobus,metrobus_vehicle_positions,2026-10-10T05:48:18Z,2026-10-10,20261010T054813Z,084a7d1c-2a98-4eea-8f4e-9d0ea6093379,,19523,1.0,05:44:22,20261010,69286,584,002A992,19.436370849609375,-99.14159393310547,986.0,5.0,18.0,,,,1791611288,2026-10-09 23:48:08-06:00,,
metrobus,metrobus_vehicle_positions,2026-10-10T05:48:18Z,2026-10-10,20261010T054813Z,2de47c5e-54ea-443a-b9db-0b6bbbaca3aa,,,,,,70093,342,TienepermisodeSEMOVI,19.38657569885254,-99.05998229980469,0.0,0.0,0.0,,,,1791610180,2026-10-09 23:29:40-06:00,,
metrobus,metrobus_vehicle_positions,2026-10-10T05:48:18Z,2026-10-10,20261010T054813Z,1e331b89-a016-48a1-8b11-2eedbd7f8de2,,,,,,69287,585,002A993,19.422910690307617,-99.09170532226562,0.0,0.0,0.0,,,,1791611287,2026-10-09 23:48:07-06:00,,
metrobus,metrobus_vehicle_positions,2026-10-10T05:48:18Z,2026-10-10,20261010T054813Z,e36148be-f042-47b7-a922-ed1393cdece9,,,,,,70095,344,TienepermisodeSEMOVI,19.386781692504883,-99.05992889404297,980.0,0.0,0.0,,,,1791607914,2026-10-09 22:51:54-06:00,,
metrobus,metrobus_vehicle_positions,2026-10-10T05:48:18Z,2026-10-10,20261010T054813Z,8bbc7f16-5a02-4931-9dcb-375f1b271049,,,,,,69288,586,002A994,19.437843322753906,-99.14942169189453,103.0,4.0,14.4,,,,1791611283,2026-10-09 23:48:03-06:00,,
metrobus,metrobus_vehicle_positions,2026-10-10T05:48:18Z,2026-10-10,20261010T054813Z,84dabe19-b9db-4bc2-b392-fec56a20ec6a,,,,,,70096,345,TienepermisodeSEMOVI,19.386554718017578,-99.06005859375,0.0,0.0,0.0,,,,1791611285,2026-10-09 23:48:05-06:00,,
metrobus,metrobus_vehicle_positions,2026-10-10T05:48:18Z,2026-10-10,20261010T054813Z,79fd3e88-d36a-4564-a7cb-00940033735a,,,,,,69289,587,002A995,19.422927856445312,-99.0917739868164,211.0,0.0,0.0,,,,1791609820,2026-10-09 23:23:40-06:00,,
metrobus,metrobus_vehicle_positions,2026-10-10T05:48:18Z,2026-10-10,20261010T054813Z,4e71aae5-865e-4b81-86da-ac0ff376b381,,,,,,69290,588,002A996,19.421649932861328,-99.09143829345703,298.0,0.0,0.0,,,,1791611275,2026-10-09 23:47:55-06:00,,
metrobus,metrobus_vehicle_positions,2026-10-10T05:48:18Z,2026-10-10,20261010T054813Z,c9fd1ff8-9b97-4128-bea8-3e21811c1e76,,19523,1.0,05:32:00,20261010,69291,589,002A997,19.435588836669922,-99.11662292480469,966.0,0.0,0.0,,,,1791611284,2026-10-09 23:48:04-06:00,,
metrobus,metrobus_vehicle_positions,2026-10-10T05:48:18Z,2026-10-10,20261010T054813Z,7ccfcc83-c3e0-4765-ab39-8cf0ec11188e,,,,,,70100,349,TienepermisodeSEMOVI,19.386959075927734,-99.0599594116211,195.0,0.0,0.0,,,,1791611286,2026-10-09 23:48:06-06:00,,
metrobus,metrobus_vehicle_positions,2026-10-10T05:48:18Z,2026-10-10,20261010T054813Z,8cb9556f-f61d-4fa4-b004-6490eb976720,,,,,,70101,350,1250015,19.38692855834961,-99.05990600585938,410.0,0.0,0.0,,,,1791610498,2026-10-09 23:34:58-06:00,,
metrobus,metrobus_vehicle_positions,2026-10-10T05:48:18Z,2026-10-10,20261010T054813Z,f3b74b76-93bd-47f6-a7af-301ee8e0610c,,,,,,69294,592,002A998,19.42295265197754,-99.09175872802734,220.0,0.0,0.0,,,,1791611288,2026-10-09 23:48:08-06:00,,
metrobus,metrobus_vehicle_positions,2026-10-10T05:48:18Z,2026-10-10,20261010T054813Z,3152e7c2-a796-452a-af3f-ba5c7d42699e,,,,,,69298,597,002A999,19.42313575744629,-99.091552734375,0.0,0.0,0.0,,,,1791611274,2026-10-09 23:47:54-06:00,,
metrobus,metrobus_vehicle_positions,2026-10-10T05:48:18Z,2026-10-10,20261010T054813Z,6e09465c-9e00-41b5-813b-d2b427d0ce87,,,,,,69299,598,003A001,19.42289161682129,-99.0916976928711,180.0,0.0,0.0,,,,1791604338,2026-10-09 21:52:18-06:00,,
metrobus,metrobus_vehicle_positions,2026-10-10T05:48:18Z,2026-10-10,20261010T054813Z,a9d0e41c-4878-4694-8c7f-ea5464c42d36,,20295,0.0,04:14:27,20261010,69439,120,1230033,19.499887466430664,-99.11968231201172,190.0,0.0,0.0,,,,1791606783,2026-10-09 22:33:03-06:00,,
metrobus,metrobus_vehicle_positions,2026-10-10T05:48:18Z,2026-10-10,20261010T054813Z,a33a4252-ce00-415c-9faa-75ebd8a5a4ad,,,,,,69440,121,1230034,19.49997329711914,-99.11971282958984,211.0,0.0,0.0,,,,1791599896,2026-10-09 20:38:16-06:00,,
metrobus,metrobus_vehicle_positions,2026-10-10T05:48:18Z,2026-10-10,20261010T054813Z,0a2deef7-64c1-46d8-bba5-3e4c3981d812,,,,,,69687,364,ConPermisovencido,19.389144897460938,-99.05827331542969,305.0,0.0,0.0,,,,1791608442,2026-10-09 23:00:42-06:00,,
metrobus,metrobus_vehicle_positions,2026-10-10T05:48:18Z,2026-10-10,20261010T054813Z,0cae89fa-d5b4-4d27-b7ec-da0e525dda59,,,,,,69442,123,1230036,19.498872756958008,-99.11921691894531,271.0,0.0,0.0,,,,1791611274,2026-10-09 23:47:54-06:00,,
metrobus,metrobus_vehicle_positions,2026-10-10T05:48:18Z,2026-10-10,20261010T054813Z,2c5d4ea9-b4fa-4f02-9913-574294b2bfcd,,,,,,69688,366,1250117,19.38849449157715,-99.05946350097656,0.0,0.0,0.0,,,,1791611283,2026-10-09 23:48:03-06:00,,
metrobus,metrobus_vehicle_positions,2026-10-10T05:48:18Z,2026-10-10,20261010T054813Z,d41796f6-00c1-4cae-afef-42b75138f755,,,,,,70324,367,,19.388641357421875,-99.05752563476562,0.0,0.0,0.0,,,,1791610913,2026-10-09 23:41:53-06:00,,
metrobus,metrobus_vehicle_positions,2026-10-10T05:48:18Z,2026-10-10,20261010T054813Z,a532d201-3738-48cf-b4ce-0e413036e068,,,,,,74672,9521,,19.42303466796875,-99.09391021728516,297.0,0.0,0.0,,,,1791608775,2026-10-09 23:06:15-06:00,,
metrobus,metrobus_vehicle_positions,2026-10-10T05:48:18Z,2026-10-10,20261010T054813Z,e8f2eab7-78ab-4e26-964e-3e014380abdb,,19499,0.0,04:51:31,20261010,75210,9524,,19.497676849365234,-99.12088012695312,108.0,0.0,0.0,,,,1791608102,2026-10-09 22:55:02-06:00,,
metrobus,metrobus_vehicle_positions,2026-10-10T05:48:18Z,2026-10-10,20261010T054813Z,46830313-5233-4c1a-8495-92480b5f25fe,,,,,,74993,9525,,19.388883590698242,-99.05945587158203,0.0,0.0,0.0,,,,1791611281,2026-10-09 23:48:01-06:00,,
metrobus,metrobus_vehicle_positions,2026-10-10T05:48:18Z,2026-10-10,20261010T054813Z,007cfb9c-210d-4c1e-bc5a-5e10830a47dc,,,,,,74671,9522,,19.42304229736328,-99.09391021728516,296.0,0.0,0.0,,,,1791609286,2026-10-09 23:14:46-06:00,,
metrobus,metrobus_vehicle_positions,2026-10-10T05:48:18Z,2026-10-10,20261010T054813Z,048ed1be-c233-4957-99f2-4e1341bdb55c,,,,,,74805,9523,,19.479074478149414,-99.06430053710938,258.0,7.0,25.2,,,,1791611277,2026-10-09 23:47:57-06:00,,
metrobus,metrobus_vehicle_positions,2026-10-10T05:48:18Z,2026-10-10,20261010T054813Z,0616835f-f6e9-4dab-875c-f746158144a7,,,,,,69690,372,1250123,19.389005661010742,-99.05929565429688,0.0,0.0,0.0,,,,1791611275,2026-10-09 23:47:55-06:00,,
metrobus,metrobus_vehicle_positions,2026-10-10T05:48:18Z,2026-10-10,20261010T054813Z,2c23d95e-8db8-439d-aaf7-7efad78ece9e,,,,,,69691,373,1250124,19.389293670654297,-99.05928039550781,184.0,0.0,0.0,,,,1791611276,2026-10-09 23:47:56-06:00,,
metrobus,metrobus_vehicle_positions,2026-10-10T05:48:18Z,2026-10-10,20261010T054813Z,e167e205-e67c-47df-bfcc-933aa25cbd54,,,,,,73164,139,12300139,19.500144958496094,-99.11882781982422,181.0,0.0,0.0,,,,1791598665,2026-10-09 20:17:45-06:00,,
metrobus,metrobus_vehicle_positions,2026-10-10T05:48:18Z,2026-10-10,20261010T054813Z,ef7fe01d-df2c-44c6-91cb-120a3a237bb9,,,,,,75094,9759,,19.506956100463867,-99.19575500488281,0.0,0.0,0.0,,,,1791452292,2026-10-08 03:38:12-06:00,,
metrobus,metrobus_vehicle_positions,2026-10-10T05:48:18Z,2026-10-10,20261010T054813Z,f33c33f4-1db3-4022-9c80-a49e2414b26b,,,,,,72536,9515,,19.385835647583008,-99.06031799316406,288.0,13.0,46.800000000000004,,,,1791611274,2026-10-09 23:47:54-06:00,,
metrobus,metrobus_vehicle_positions,2026-10-10T05:48:18Z,2026-10-10,20261010T054813Z,20bea5cb-1047-4b67-81f4-22418fce1eb0,,,,,,75096,9758,,19.5069580078125,-99.1957015991211,0.0,0.0,0.0,,,,1791454157,2026-10-08 04:09:17-06:00,,
metrobus,metrobus_vehicle_positions,2026-10-10T05:48:18Z,2026-10-10,20261010T054813Z,3f86fd72-1f41-4c3a-97d4-dbd41431c429,,,,,,74699,9519,,19.479297637939453,-99.06439971923828,110.0,0.0,0.0,,,,1791611278,2026-10-09 23:47:58-06:00,,
metrobus,metrobus_vehicle_positions,2026-10-10T05:48:18Z,2026-10-10,20261010T054813Z,8dfb2435-1e7d-4af8-9429-5b70f0ad904a,,,,,,69451,143,1230056,19.500680923461914,-99.11907196044922,0.0,0.0,0.0,,,,1791545757,2026-10-09 05:35:57-06:00,,
metrobus,metrobus_vehicle_positions,2026-10-10T05:48:18Z,2026-10-10,20261010T054813Z,8d48916b-76fb-4fab-996d-56ecb29df4ec,,,,,,69452,144,1230057,19.499099731445312,-99.11956024169922,0.0,0.0,0.0,,,,1791507856,2026-10-08 19:04:16-06:00,,
metrobus,metrobus_vehicle_positions,2026-10-10T05:48:18Z,2026-10-10,20261010T054813Z,a39a03e7-0da9-45e1-9085-122193630247,,,,,,69454,146,1230005,19.499975204467773,-99.11951446533203,0.0,0.0,0.0,,,,1791471093,2026-10-08 08:51:33-06:00,,
metrobus,metrobus_vehicle_positions,2026-10-10T05:48:18Z,2026-10-10,20261010T054813Z,daf3f8cc-2366-4f56-b417-2df3e57af7ae,,,,,,75062,9529,,19.498802185058594,-99.11961364746094,434.0,0.0,0.0,,,,1791592758,2026-10-09 18:39:18-06:00,,
metrobus,metrobus_vehicle_positions,2026-10-10T05:48:18Z,2026-10-10,20261010T054813Z,82e12470-a639-45a8-af5f-eddfa98da290,,,,,,74681,9543,,19.420570373535156,-99.07820129394531,203.0,2.0,7.2,,,,1791611281,2026-10-09 23:48:01-06:00,,
metrobus,metrobus_vehicle_positions,2026-10-10T05:48:18Z,2026-10-10,20261010T054813Z,8397d0d9-c741-46ac-8d10-e295de8a7337,,,,,,74679,9541,,19.40244483947754,-99.06160736083984,0.0,0.0,0.0,,,,1791588549,2026-10-09 17:29:09-06:00,,
metrobus,metrobus_vehicle_positions,2026-10-10T05:48:18Z,2026-10-10,20261010T054813Z,b2eb0523-a94b-49f5-a04f-8575e5b3435b,,,,,,74915,9304,,19.38337516784668,-99.1761703491211,137.0,0.0,0.0,,,,1791611290,2026-10-09 23:48:10-06:00,,
metrobus,metrobus_vehicle_positions,2026-10-10T05:48:18Z,2026-10-10,20261010T054813Z,bf03ad58-6d45-475d-adcb-0e1a3cba1b62,,19565,1.0,05:17:57,20261010,74546,9305,,19.3839111328125,-99.07546997070312,119.0,30.0,108.0,,,,1791611285,2026-10-09 23:48:05-06:00,,
metrobus,metrobus_vehicle_positions,2026-10-10T05:48:18Z,2026-10-10,20261010T054813Z,d7a640cd-b173-47b2-a5a9-8e9c550ade51,,,,,,75183,9786,,19.506675720214844,-99.1956787109375,0.0,0.0,0.0,,,,1791611276,2026-10-09 23:47:56-06:00,,
metrobus,metrobus_vehicle_positions,2026-10-10T05:48:18Z,2026-10-10,20261010T054813Z,c4883dce-635d-4805-a9aa-2bd9cdb0d03b,,,,,,74518,9303,,19.38932991027832,-99.05767059326172,209.0,0.0,0.0,,,,1791610592,2026-10-09 23:36:32-06:00,,
metrobus,metrobus_vehicle_positions,2026-10-10T05:48:18Z,2026-10-10,20261010T054813Z,6979fe77-98b1-4ba5-9f4a-87b8f28953dd,,,,,,69598,392,1250146,19.388402938842773,-99.0593032836914,0.0,0.0,0.0,,,,1791610616,2026-10-09 23:36:56-06:00,,
metrobus,metrobus_vehicle_positions,2026-10-10T05:48:18Z,2026-10-10,20261010T054813Z,8eca1645-9395-4052-aceb-86fd0012e09c,,19471,1.0,04:49:04,20261010,74141,9781,,19.50723648071289,-99.19696807861328,189.0,0.0,0.0,,,,1791608784,2026-10-09 23:06:24-06:00,,
metrobus,metrobus_vehicle_positions,2026-10-10T05:48:18Z,2026-10-10,20261010T054813Z,20a051d8-fb84-46b4-a033-377926f5aec4,,19566,0.0,05:42:33,20261010,69599,394,1250147,19.38591957092285,-99.0597152709961,292.0,0.0,0.0,,,,1791611284,2026-10-09 23:48:04-06:00,,
metrobus,metrobus_vehicle_positions,2026-10-10T05:48:18Z,2026-10-10,20261010T054813Z,c361d5f5-c989-4156-b698-15488419aafb,,,,,,69601,398,TienepermisodeSEMOVI,19.38857650756836,-99.05956268310547,318.0,0.0,0.0,,,,1791604904,2026-10-09 22:01:44-06:00,,
metrobus,metrobus_vehicle_positions,2026-10-10T05:48:18Z,2026-10-10,20261010T054813Z,d3db2883-1e52-4d44-9080-e33ec694235c,,19566,0.0,05:19:01,20261010,74547,9306,,19.389333724975586,-99.05769348144531,212.0,0.0,0.0,,,,1791611276,2026-10-09 23:47:56-06:00,,
metrobus,metrobus_vehicle_positions,2026-10-10T05:48:18Z,2026-10-10,20261010T054813Z,96faa1fb-8836-46d6-b341-1ca533b12499,,19562,1.0,05:17:44,20261010,74465,9379,,19.397811889648438,-99.12832641601562,864.0,35.0,126.0,,,,1791611284,2026-10-09 23:48:04-06:00,,
metrobus,metrobus_vehicle_positions,2026-10-10T05:48:18Z,2026-10-10,20261010T054813Z,e20652f4-f1b4-49f7-82de-7ce10d80a998,,19563,0.0,03:41:06,20261010,74191,9382,,19.388330459594727,-99.05950927734375,972.0,0.0,0.0,,,,1791609436,2026-10-09 23:17:16-06:00,,
metrobus,metrobus_vehicle_positions,2026-10-10T05:48:18Z,2026-10-10,20261010T054813Z,4e22b9b2-69c4-427e-8ba0-257594d8b15e,,,,,,69580,2504,TienepermisodeSEMOVI,19.422950744628906,-99.09156036376953,209.0,0.0,0.0,,,,1791608114,2026-10-09 22:55:14-06:00,,
metrobus,metrobus_vehicle_positions,2026-10-10T05:48:18Z,2026-10-10,20261010T054813Z,c070fc09-528e-413e-a202-970d543109f1,,19522,0.0,04:10:30,20261010,69579,2503,TienepermisodeSEMOVI,19.422889709472656,-99.09162139892578,207.0,0.0,0.0,,,,1791608397,2026-10-09 22:59:57-06:00,,
metrobus,metrobus_vehicle_positions,2026-10-10T05:48:18Z,2026-10-10,20261010T054813Z,1beb1eb7-52e2-4d0d-a5c3-8e9f106ac63f,,,,,,69578,2502,TienepermisodeSEMOVI,19.423032760620117,-99.09166717529297,0.0,0.0,0.0,,,,1791607694,2026-10-09 22:48:14-06:00,,
metrobus,metrobus_vehicle_positions,2026-10-10T05:48:18Z,2026-10-10,20261010T054813Z,9b3aa163-81c3-42aa-83dc-3caff19fbd55,,19523,1.0,04:19:51,20261010,69577,2501,TienepermisodeSEMOVI,19.422805786132812,-99.09173583984375,0.0,0.0,0.0,,,,1791611277,2026-10-09 23:47:57-06:00,,
metrobus,metrobus_vehicle_positions,2026-10-10T05:48:18Z,2026-10-10,20261010T054813Z,fa332f5c-508b-40b0-ab07-18f4bad5be15,,,,,,69585,2509,TienepermisodeSEMOVI,19.42307472229004,-99.0915756225586,0.0,0.0,0.0,,,,1791611286,2026-10-09 23:48:06-06:00,,
metrobus,metrobus_vehicle_positions,2026-10-10T05:48:18Z,2026-10-10,20261010T054813Z,0aaeeffc-1d28-4e8b-8350-9b80b6f1ca4a,,19522,0.0,05:20:16,20261010,69584,2508,TienepermisodeSEMOVI,19.4364013671875,-99.12377166748047,276.0,8.0,28.8,,,,1791611290,2026-10-09 23:48:10-06:00,,
metrobus,metrobus_vehicle_positions,2026-10-10T05:48:18Z,2026-10-10,20261010T054813Z,d5226c2a-b666-4aec-ab89-dc82af407ed2,,,,,,69583,2507,TienepermisodeSEMOVI,19.42300033569336,-99.09156036376953,0.0,0.0,0.0,,,,1791609867,2026-10-09 23:24:27-06:00,,
metrobus,metrobus_vehicle_positions,2026-10-10T05:48:18Z,2026-10-10,20261010T054813Z,77936db9-8aae-4e1d-8684-8c0c37706794,,,,,,69582,2506,TienepermisodeSEMOVI,19.42304801940918,-99.09142303466797,230.0,0.0,0.0,,,,1791604512,2026-10-09 21:55:12-06:00,,
metrobus,metrobus_vehicle_positions,2026-10-10T05:48:18Z,2026-10-10,20261010T054813Z,b914dcbf-70e7-4ef5-84a2-9f1b52675aa7,,19523,1.0,05:38:43,20261010,69581,2505,TienepermisodeSEMOVI,19.43610191345215,-99.12140655517578,962.0,25.0,90.0,,,,1791611280,2026-10-09 23:48:00-06:00,,
metrobus,metrobus_vehicle_positions,2026-10-10T05:48:18Z,2026-10-10,20261010T054813Z,b18f323f-d154-4491-94da-960896b93f03,,,,,,69591,2515,TienepermisodeSEMOVI,19.422691345214844,-99.0918197631836,197.0,0.0,0.0,,,,1791611280,2026-10-09 23:48:00-06:00,,
metrobus,metrobus_vehicle_positions,2026-10-10T05:48:18Z,2026-10-10,20261010T054813Z,26b70fa8-00c8-48a0-937a-2c98f0bdd349,,19522,0.0,04:56:19,20261010,69590,2514,TienepermisodeSEMOVI,19.42258644104004,-99.09196472167969,277.0,0.0,0.0,,,,1791611283,2026-10-09 23:48:03-06:00,,
metrobus,metrobus_vehicle_positions,2026-10-10T05:48:18Z,2026-10-10,20261010T054813Z,ac4c786a-6049-43ce-b1da-f6919c913c71,,19522,0.0,05:17:25,20261010,69589,2513,TienepermisodeSEMOVI,19.42184829711914,-99.091796875,302.0,12.0,43.2,,,,1791611284,2026-10-09 23:48:04-06:00,,
metrobus,metrobus_vehicle_positions,2026-10-10T05:48:18Z,2026-10-10,20261010T054813Z,a150d19d-29ec-46fe-9441-ec5843b6cc1d,,19522,0.0,04:25:13,20261010,69588,2512,TienepermisodeSEMOVI,19.422719955444336,-99.09171295166016,0.0,0.0,0.0,,,,1791608878,2026-10-09 23:07:58-06:00,,
metrobus,metrobus_vehicle_positions,2026-10-10T05:48:18Z,2026-10-10,20261010T054813Z,fc8f4ef2-4908-4cc6-87f1-2841278367c7,,,,,,69587,2511,TienepermisodeSEMOVI,19.422626495361328,-99.09182739257812,209.0,8.0,28.8,,,,1791611282,2026-10-09 23:48:02-06:00,,
metrobus,metrobus_vehicle_positions,2026-10-10T05:48:18Z,2026-10-10,20261010T054813Z,e358f373-f95c-4a21-b644-48a8efa1d9e0,,19522,0.0,04:36:22,20261010,69586,2510,TienepermisodeSEMOVI,19.422698974609375,-99.09174346923828,217.0,0.0,0.0,,,,1791610328,2026-10-09 23:32:08-06:00,,
metrobus,metrobus_vehicle_positions,2026-10-10T05:48:18Z,2026-10-10,20261010T054813Z,d5fbf4a5-7f34-4ddb-a78b-6f2b2d59934b,,,,,,70010,1206,001A191,19.38534164428711,-99.04564666748047,118.0,0.0,0.0,,,,1791610487,2026-10-09 23:34:47-06:00,,
metrobus,metrobus_vehicle_positions,2026-10-10T05:48:18Z,2026-10-10,20261010T054813Z,070b77f5-7c1a-4d89-9bd7-58b28948f1cf,,20015,1.0,05:15:28,20261010,70009,1205,001A192,19.397510528564453,-99.10704040527344,962.0,37.0,133.20000000000002,,,,1791611272,2026-10-09 23:47:52-06:00,,
metrobus,metrobus_vehicle_positions,2026-10-10T05:48:18Z,2026-10-10,20261010T054813Z,927d68a5-2954-430f-bb63-6a6ef7e889b7,,,,,,70008,1204,001A190,19.391206741333008,-99.08638763427734,124.0,39.0,140.4,,,,1791611275,2026-10-09 23:47:55-06:00,,
metrobus,metrobus_vehicle_positions,2026-10-10T05:48:18Z,2026-10-10,20261010T054813Z,6bac4e0d-f335-4031-ad28-b75bf03ff8a7,,20016,0.0,05:33:12,20261010,70007,1203,001A189,19.38477897644043,-99.04633331298828,303.0,0.0,0.0,,,,1791611281,2026-10-09 23:48:01-06:00,,
metrobus,metrobus_vehicle_positions,2026-10-10T05:48:18Z,2026-10-10,20261010T054813Z,357ac268-c1b1-418a-84db-03f2a303b34c,,20016,0.0,05:46:26,20261010,70006,1202,001A188,19.38868522644043,-99.04978942871094,209.0,35.0,126.0,,,,1791611277,2026-10-09 23:47:57-06:00,,
metrobus,metrobus_vehicle_positions,2026-10-10T05:48:18Z,2026-10-10,20261010T054813Z,562b224d-af4e-4208-8f10-7d3e036eabf6,,20015,1.0,05:05:29,20261010,70013,1209,001A195,19.390684127807617,-99.08570861816406,125.0,36.0,129.6,,,,1791611280,2026-10-09 23:48:00-06:00,,
metrobus,metrobus_vehicle_positions,2026-10-10T05:48:18Z,2026-10-10,20261010T054813Z,a304d5ce-f974-405b-95ab-776d619d3250,,20015,1.0,05:31:05,20261010,70012,1208,001A194,19.39537811279297,-99.14913940429688,943.0,26.0,93.60000000000001,,,,1791611275,2026-10-09 23:47:55-06:00,,
metrobus,metrobus_vehicle_positions,2026-10-10T05:48:18Z,2026-10-10,20261010T054813Z,a2915d2c-42f1-44bf-890f-74e14db168af,,,,,,70011,1207,001A193,19.385417938232422,-99.04562377929688,121.0,0.0,0.0,,,,1791573330,2026-10-09 13:15:30-06:00,,
