_source_system,_source_table,_extracted_at_utc,_snapshot_date,_snapshot_id,entity_id,trip_id,route_id,direction_id,start_time,start_date,vehicle_id,vehicle_label,license_plate,latitude,longitude,bearing,speed_mps,speed_kmh,current_stop_sequence,stop_id,current_status,timestamp_raw,timestamp_cdmx,congestion_level,occupancy_status
metrobus,metrobus_vehicle_positions,2026-07-21T06:40:22Z,2026-07-21,20260721T064017Z,143cbcd5-9889-4fab-8aa8-5e4da8c8e353,,,,,,69379,2306,1240002,19.479412078857422,-99.06385040283203,346.0,0.0,0.0,,,,1784613759,2026-07-21 00:02:39-06:00,,
metrobus,metrobus_vehicle_positions,2026-07-21T06:40:22Z,2026-07-21,20260721T064017Z,8a3c417c-4049-43a8-a399-d76587a827b3,,,,,,69378,2305,1240001,19.389907836914062,-99.0587387084961,0.0,0.0,0.0,,,,1784616012,2026-07-21 00:40:12-06:00,,
metrobus,metrobus_vehicle_positions,2026-07-21T06:40:22Z,2026-07-21,20260721T064017Z,9c68d468-f08b-4837-bd9d-61d907f17913,,,,,,69377,2304,1230200,19.47840690612793,-99.06375885009766,0.0,0.0,0.0,,,,1784616010,2026-07-21 00:40:10-06:00,,
metrobus,metrobus_vehicle_positions,2026-07-21T06:40:22Z,2026-07-21,20260721T064017Z,b486007f-5893-40fe-bdfb-6b36031afa5f,,,,,,69376,2303,1230199,19.389808654785156,-99.05876159667969,0.0,0.0,0.0,,,,1784616005,2026-07-21 00:40:05-06:00,,
metrobus,metrobus_vehicle_positions,2026-07-21T06:40:22Z,2026-07-21,20260721T064017Z,e72fc268-a774-416f-8493-052fed2173c2,,19563,0.0,05:17:19,20260721,69375,2302,1230198,19.389707565307617,-99.05843353271484,300.0,0.0,0.0,,,,1784612169,2026-07-20 23:36:09-06:00,,
metrobus,metrobus_vehicle_positions,2026-07-21T06:40:22Z,2026-07-21,20260721T064017Z,e135ac02-b0da-4069-9c03-403026fdf8e8,,,,,,70014,1210,001A196,19.386302947998047,-99.04623413085938,0.0,0.0,0.0,,,,1784486398,2026-07-19 12:39:58-06:00,,
metrobus,metrobus_vehicle_positions,2026-07-21T06:40:22Z,2026-07-21,20260721T064017Z,8fcc8c12-d1f8-40de-b9f9-e3f98b32db1c,,,,,,69382,2309,1240005,19.47931480407715,-99.06378936767578,0.0,0.0,0.0,,,,1784616018,2026-07-21 00:40:18-06:00,,
metrobus,metrobus_vehicle_positions,2026-07-21T06:40:22Z,2026-07-21,20260721T064017Z,c95cfb45-8e9d-487a-b6de-5664bd7e0057,,,,,,69381,2308,1240004,19.47756576538086,-99.06453704833984,231.0,0.0,0.0,,,,1784609645,2026-07-20 22:54:05-06:00,,
metrobus,metrobus_vehicle_positions,2026-07-21T06:40:22Z,2026-07-21,20260721T064017Z,85ee59be-8f5a-46d6-9b27-6b20bc5fc2da,,,,,,69380,2307,1240003,19.479297637939453,-99.0638427734375,0.0,0.0,0.0,,,,1784614789,2026-07-21 00:19:49-06:00,,
metrobus,metrobus_vehicle_positions,2026-07-21T06:40:22Z,2026-07-21,20260721T064017Z,d2553b7b-d74d-488a-ae8d-967696cccc6d,,,,,,69393,2320,1230174,19.38998794555664,-99.0589370727539,0.0,0.0,0.0,,,,1784614276,2026-07-21 00:11:16-06:00,,
metrobus,metrobus_vehicle_positions,2026-07-21T06:40:22Z,2026-07-21,20260721T064017Z,8b0b40da-04d6-4703-b1f3-546947640472,,,,,,69390,2317,1240013,19.389812469482422,-99.05863189697266,0.0,0.0,0.0,,,,1784616006,2026-07-21 00:40:06-06:00,,
metrobus,metrobus_vehicle_positions,2026-07-21T06:40:22Z,2026-07-21,20260721T064017Z,2d4f6db1-f4ef-4049-9dec-527fc4a86ad8,,,,,,69389,2316,1240012,19.479167938232422,-99.0636978149414,338.0,0.0,0.0,,,,1784613813,2026-07-21 00:03:33-06:00,,
metrobus,metrobus_vehicle_positions,2026-07-21T06:40:22Z,2026-07-21,20260721T064017Z,ed3f38ea-6463-4798-80e8-fb664d8c85a8,,,,,,69388,2315,1240011,19.478212356567383,-99.06488800048828,277.0,0.0,0.0,,,,1784611797,2026-07-20 23:29:57-06:00,,
metrobus,metrobus_vehicle_positions,2026-07-21T06:40:22Z,2026-07-21,20260721T064017Z,db4d9078-af28-4f50-a451-21d07fe7c68c,,,,,,69387,2314,1240010,19.477924346923828,-99.0637435913086,626.0,0.0,0.0,,,,1784616009,2026-07-21 00:40:09-06:00,,
metrobus,metrobus_vehicle_positions,2026-07-21T06:40:22Z,2026-07-21,20260721T064017Z,b0e80f11-28b3-4fce-9a5b-48b9760cda81,,19566,0.0,04:59:57,20260721,69386,2313,1240009,19.389724731445312,-99.05860137939453,0.0,0.0,0.0,,,,1784616017,2026-07-21 00:40:17-06:00,,
metrobus,metrobus_vehicle_positions,2026-07-21T06:40:22Z,2026-07-21,20260721T064017Z,2d279060-c06c-40fd-8345-c94f554a1863,,,,,,69385,2312,1240008,19.478988647460938,-99.06362915039062,337.0,0.0,0.0,,,,1784613514,2026-07-20 23:58:34-06:00,,
metrobus,metrobus_vehicle_positions,2026-07-21T06:40:22Z,2026-07-21,20260721T064017Z,8233fe4c-e80b-4a47-bcdc-056444e94e0d,,,,,,69383,2310,1240006,19.478778839111328,-99.06355285644531,0.0,0.0,0.0,,,,1784616007,2026-07-21 00:40:07-06:00,,
metrobus,metrobus_vehicle_positions,2026-07-21T06:40:22Z,2026-07-21,20260721T064017Z,d064442f-392b-43f1-b361-695b51f6f309,,,,,,69198,800,1320055,19.506698608398438,-99.19589233398438,0.0,0.0,0.0,,,,1784616007,2026-07-21 00:40:07-06:00,,
metrobus,metrobus_vehicle_positions,2026-07-21T06:40:22Z,2026-07-21,20260721T064017Z,a19d2285-a3ca-43ea-8526-d4c8aa98c1b4,,,,,,69886,801,1280065,19.50821876525879,-99.17250061035156,0.0,0.0,0.0,,,,1784616013,2026-07-21 00:40:13-06:00,,
metrobus,metrobus_vehicle_positions,2026-07-21T06:40:22Z,2026-07-21,20260721T064017Z,5da314cb-dbd9-4593-8792-9d674fa3437a,,,,,,69887,802,1280066,19.50819206237793,-99.17283630371094,0.0,0.0,0.0,,,,1784615915,2026-07-21 00:38:35-06:00,,
metrobus,metrobus_vehicle_positions,2026-07-21T06:40:22Z,2026-07-21,20260721T064017Z,0b73f0a7-ae17-46bb-82bb-94e80f5abdb0,,,,,,69888,803,1280067,19.508333206176758,-99.1728744506836,0.0,0.0,0.0,,,,1783013862,2026-07-02 11:37:42-06:00,,
metrobus,metrobus_vehicle_positions,2026-07-21T06:40:22Z,2026-07-21,20260721T064017Z,769b70d4-187d-4751-bd41-5bbc45f1988b,,,,,,69889,804,1280068,19.50833511352539,-99.17312622070312,308.0,0.0,0.0,,,,1784615559,2026-07-21 00:32:39-06:00,,
metrobus,metrobus_vehicle_positions,2026-07-21T06:40:22Z,2026-07-21,20260721T064017Z,b1ee5a62-1541-44b7-8f8a-4a51256466bd,,,,,,69890,805,1280069,19.507972717285156,-99.17224884033203,199.0,0.0,0.0,,,,1784611895,2026-07-20 23:31:35-06:00,,
metrobus,metrobus_vehicle_positions,2026-07-21T06:40:22Z,2026-07-21,20260721T064017Z,5ccc9d5a-f638-4634-873d-b6da46a40c30,,19564,0.0,05:31:59,20260721,69392,2319,1230173,19.3896484375,-99.05826568603516,296.0,0.0,0.0,,,,1784613185,2026-07-20 23:53:05-06:00,,
metrobus,metrobus_vehicle_positions,2026-07-21T06:40:22Z,2026-07-21,20260721T064017Z,5571421b-14c3-45c8-8fc4-4f9e5e1651da,,19563,0.0,05:15:08,20260721,69391,2318,1230172,19.389680862426758,-99.05845642089844,301.0,0.0,0.0,,,,1784615263,2026-07-21 00:27:43-06:00,,
metrobus,metrobus_vehicle_positions,2026-07-21T06:40:22Z,2026-07-21,20260721T064017Z,f25354f0-5323-4abf-99e1-a4b99c2cc24f,,,,,,69892,807,1280071,19.507951736450195,-99.17215728759766,201.0,0.0,0.0,,,,1784608853,2026-07-20 22:40:53-06:00,,
metrobus,metrobus_vehicle_positions,2026-07-21T06:40:22Z,2026-07-21,20260721T064017Z,921d4fe6-7e09-4d9a-af0a-9e50594a96e1,,19576,0.0,06:39:20,20260721,69893,808,1280072,19.488834381103516,-99.12340545654297,218.0,46.0,165.6,,,,1784616006,2026-07-21 00:40:06-06:00,,
metrobus,metrobus_vehicle_positions,2026-07-21T06:40:22Z,2026-07-21,20260721T064017Z,a5742fae-29b5-4879-b110-fa70a7c84e91,,,,,,69398,2325,1230182,19.389392852783203,-99.05829620361328,128.0,0.0,0.0,,,,1784615539,2026-07-21 00:32:19-06:00,,
metrobus,metrobus_vehicle_positions,2026-07-21T06:40:22Z,2026-07-21,20260721T064017Z,a4dba8d2-6105-4af7-89d2-d02ad74e70af,,,,,,69397,2324,1230180,19.38929557800293,-99.0580825805664,0.0,0.0,0.0,,,,1784616015,2026-07-21 00:40:15-06:00,,
metrobus,metrobus_vehicle_positions,2026-07-21T06:40:22Z,2026-07-21,20260721T064017Z,71338f6e-fabb-4685-bd97-e11143d827f2,,,,,,69395,2322,1230176,19.389806747436523,-99.05875396728516,0.0,0.0,0.0,,,,1784616018,2026-07-21 00:40:18-06:00,,
metrobus,metrobus_vehicle_positions,2026-07-21T06:40:22Z,2026-07-21,20260721T064017Z,23c15d12-5b7a-4e7a-915e-345948e5fc10,,,,,,69895,810,1280074,19.507877349853516,-99.17108917236328,337.0,0.0,0.0,,,,1784616010,2026-07-21 00:40:10-06:00,,
metrobus,metrobus_vehicle_positions,2026-07-21T06:40:22Z,2026-07-21,20260721T064017Z,4f9eb3c7-743a-4bcb-a884-aa9c9153b9ab,,19563,0.0,04:17:58,20260721,69394,2321,1230175,19.389894485473633,-99.05876159667969,0.0,0.0,0.0,,,,1784612124,2026-07-20 23:35:24-06:00,,
metrobus,metrobus_vehicle_positions,2026-07-21T06:40:22Z,2026-07-21,20260721T064017Z,0da16351-9ce0-4064-bf79-5c0885030aa3,,,,,,69896,811,1280075,19.508089065551758,-99.17214965820312,212.0,0.0,0.0,,,,1784613868,2026-07-21 00:04:28-06:00,,
metrobus,metrobus_vehicle_positions,2026-07-21T06:40:22Z,2026-07-21,20260721T064017Z,593b8e60-27a5-4141-8879-7f89759b0f5f,,,,,,69897,812,1280076,19.507797241210938,-99.17149353027344,286.0,0.0,0.0,,,,1784615470,2026-07-21 00:31:10-06:00,,
metrobus,metrobus_vehicle_positions,2026-07-21T06:40:22Z,2026-07-21,20260721T064017Z,bff0c101-6961-40d2-aad2-aa64322fdf3b,,,,,,69898,813,1280077,19.508039474487305,-99.1714859008789,291.0,0.0,0.0,,,,1784616011,2026-07-21 00:40:11-06:00,,
metrobus,metrobus_vehicle_positions,2026-07-21T06:40:22Z,2026-07-21,20260721T064017Z,f6158dec-5567-4431-9f27-213fed087900,,,,,,69899,814,1280078,19.50786018371582,-99.17145538330078,289.0,0.0,0.0,,,,1784612829,2026-07-20 23:47:09-06:00,,
metrobus,metrobus_vehicle_positions,2026-07-21T06:40:22Z,2026-07-21,20260721T064017Z,dba96750-17e7-42ec-886e-96be48909855,,,,,,69900,815,1280079,19.508155822753906,-99.1727066040039,0.0,0.0,0.0,,,,1784614930,2026-07-21 00:22:10-06:00,,
metrobus,metrobus_vehicle_positions,2026-07-21T06:40:22Z,2026-07-21,20260721T064017Z,10957d3f-2b81-4a7d-805d-1604d1395b58,,19578,0.0,06:30:01,20260721,69901,816,1280080,19.49237823486328,-99.1414566040039,281.0,50.0,180.0,,,,1784616004,2026-07-21 00:40:04-06:00,,
metrobus,metrobus_vehicle_positions,2026-07-21T06:40:22Z,2026-07-21,20260721T064017Z,a0370c96-8d8e-42f4-a6fa-05e942522667,,19576,0.0,03:21:04,20260721,69902,817,1280081,19.43108558654785,-99.15937042236328,228.0,0.0,0.0,,,,1784606204,2026-07-20 21:56:44-06:00,,
metrobus,metrobus_vehicle_positions,2026-07-21T06:40:22Z,2026-07-21,20260721T064017Z,d5c294c2-9d33-4038-8e19-8dcf17e622d0,,,,,,69903,818,1280082,19.508102416992188,-99.17252349853516,336.0,0.0,0.0,,,,1784615801,2026-07-21 00:36:41-06:00,,
metrobus,metrobus_vehicle_positions,2026-07-21T06:40:22Z,2026-07-21,20260721T064017Z,6518bfeb-640e-4928-ad33-18663bd520cf,,,,,,69904,819,1280083,19.50353240966797,-99.15931701660156,288.0,31.0,111.60000000000001,,,,1784616006,2026-07-21 00:40:06-06:00,,
metrobus,metrobus_vehicle_positions,2026-07-21T06:40:22Z,2026-07-21,20260721T064017Z,6301ecfd-82d9-4cc9-9f21-4c2bf69c34c1,,,,,,69957,1253,1230122,0.0,0.0,0.0,0.0,0.0,,,,1784610795,2026-07-20 23:13:15-06:00,,
metrobus,metrobus_vehicle_positions,2026-07-21T06:40:22Z,2026-07-21,20260721T064017Z,a4402520-f681-40af-a6ff-6d70eb23ac51,,19563,0.0,06:30:04,20260721,70106,2342,1250020,19.386959075927734,-99.06017303466797,940.0,0.0,0.0,,,,1784616006,2026-07-21 00:40:06-06:00,,
metrobus,metrobus_vehicle_positions,2026-07-21T06:40:22Z,2026-07-21,20260721T064017Z,4c82c9f5-4dd7-494d-ad48-4ea5e76c5817,,19563,0.0,04:51:42,20260721,70105,2341,1250019,19.386579513549805,-99.0599136352539,390.0,0.0,0.0,,,,1784614641,2026-07-21 00:17:21-06:00,,
metrobus,metrobus_vehicle_positions,2026-07-21T06:40:22Z,2026-07-21,20260721T064017Z,b2574993-fb05-4712-b135-30a43121e4e3,,19499,0.0,05:51:20,20260721,69956,1252,1230120,19.356168746948242,-99.18473815917969,197.0,50.0,180.0,,,,1784615913,2026-07-21 00:38:33-06:00,,
metrobus,metrobus_vehicle_positions,2026-07-21T06:40:22Z,2026-07-21,20260721T064017Z,08f6f288-bb79-480a-8073-6c7d621c68c0,,19566,0.0,06:10:42,20260721,70104,2340,1250018,19.387025833129883,-99.05973052978516,191.0,0.0,0.0,,,,1784616005,2026-07-21 00:40:05-06:00,,
metrobus,metrobus_vehicle_positions,2026-07-21T06:40:22Z,2026-07-21,20260721T064017Z,f114e03c-2f8b-4d59-9cf6-f56a05b50f94,,19500,1.0,06:36:59,20260721,69955,1251,1230119,19.2841854095459,-99.1756362915039,348.0,39.0,140.4,,,,1784616015,2026-07-21 00:40:15-06:00,,
metrobus,metrobus_vehicle_positions,2026-07-21T06:40:22Z,2026-07-21,20260721T064017Z,6ea10b14-8fef-4946-b851-cbcb33a6e6fd,,19563,0.0,06:30:35,20260721,70103,2339,1250017,19.386749267578125,-99.0601806640625,890.0,0.0,0.0,,,,1784616008,2026-07-21 00:40:08-06:00,,
metrobus,metrobus_vehicle_positions,2026-07-21T06:40:22Z,2026-07-21,20260721T064017Z,d9972848-a859-41ea-8f09-0b5717374036,,,,,,69401,2337,1230170,19.38969612121582,-99.05862426757812,0.0,0.0,0.0,,,,1784616011,2026-07-21 00:40:11-06:00,,
metrobus,metrobus_vehicle_positions,2026-07-21T06:40:22Z,2026-07-21,20260721T064017Z,7866eb05-a8e8-4d97-b3ee-1ef54f7da77e,,19563,0.0,05:13:56,20260721,69400,2336,1230187,19.389789581298828,-99.05868530273438,0.0,0.0,0.0,,,,1784616004,2026-07-21 00:40:04-06:00,,
metrobus,metrobus_vehicle_positions,2026-07-21T06:40:22Z,2026-07-21,20260721T064017Z,5bdf4cd4-060d-4e0d-9f8c-af74f7151b3c,,,,,,69399,2335,1230184,19.389747619628906,-99.05819702148438,0.0,0.0,0.0,,,,1784616004,2026-07-21 00:40:04-06:00,,
metrobus,metrobus_vehicle_positions,2026-07-21T06:40:22Z,2026-07-21,20260721T064017Z,421d7c71-ede5-4d74-b427-a6c41f80844e,,,,,,69905,820,1280084,19.50812339782715,-99.17263793945312,346.0,0.0,0.0,,,,1784613706,2026-07-21 00:01:46-06:00,,
metrobus,metrobus_vehicle_positions,2026-07-21T06:40:22Z,2026-07-21,20260721T064017Z,f8bdefd8-dc60-45e4-b6ba-d8d264b5b446,,,,,,69906,821,1280085,19.507915496826172,-99.17178344726562,0.0,0.0,0.0,,,,1784615858,2026-07-21 00:37:38-06:00,,
metrobus,metrobus_vehicle_positions,2026-07-21T06:40:22Z,2026-07-21,20260721T064017Z,f1668ed6-892b-4c58-a2f3-256153433493,,,,,,69907,822,1280086,19.508119583129883,-99.1727294921875,0.0,0.0,0.0,,,,1784615572,2026-07-21 00:32:52-06:00,,
metrobus,metrobus_vehicle_positions,2026-07-21T06:40:22Z,2026-07-21,20260721T064017Z,06e21ac3-f398-4926-a857-2cd74a6668b5,,,,,,69908,823,1280087,19.50814437866211,-99.17237854003906,155.0,0.0,0.0,,,,1784616005,2026-07-21 00:40:05-06:00,,
metrobus,metrobus_vehicle_positions,2026-07-21T06:40:22Z,2026-07-21,20260721T064017Z,263694b9-79ad-41df-ba5b-61324fa1b3ed,,,,,,69909,824,1280088,19.50817108154297,-99.17304992675781,0.0,0.0,0.0,,,,1784609200,2026-07-20 22:46:40-06:00,,
metrobus,metrobus_vehicle_positions,2026-07-21T06:40:22Z,2026-07-21,20260721T064017Z,b1db2afb-0f33-4c1f-8495-5375e20bce10,,,,,,69910,825,1280089,19.507919311523438,-99.1714859008789,292.0,0.0,0.0,,,,1784616016,2026-07-21 00:40:16-06:00,,
metrobus,metrobus_vehicle_positions,2026-07-21T06:40:22Z,2026-07-21,20260721T064017Z,e57dab79-ab3f-4308-af80-d88056612315,,,,,,69911,826,1280090,19.50811004638672,-99.17243957519531,325.0,0.0,0.0,,,,1784615976,2026-07-21 00:39:36-06:00,,
metrobus,metrobus_vehicle_positions,2026-07-21T06:40:22Z,2026-07-21,20260721T064017Z,01468e68-a983-4974-b79f-0c1127046ce9,,,,,,69912,827,1280091,19.50815773010254,-99.172607421875,178.0,0.0,0.0,,,,1784613960,2026-07-21 00:06:00-06:00,,
metrobus,metrobus_vehicle_positions,2026-07-21T06:40:22Z,2026-07-21,20260721T064017Z,dd3acc2f-feb3-45a5-af5e-f0895442acc5,,19577,1.0,06:27:55,20260721,69913,828,1280092,19.4282283782959,-99.16481018066406,639.0,18.0,64.8,,,,1784616013,2026-07-21 00:40:13-06:00,,
metrobus,metrobus_vehicle_positions,2026-07-21T06:40:22Z,2026-07-21,20260721T064017Z,b6e910c5-9c88-49f8-8a3b-e459907d189a,,,,,,69914,829,1280093,19.508113861083984,-99.17251586914062,191.0,0.0,0.0,,,,1784615385,2026-07-21 00:29:45-06:00,,
metrobus,metrobus_vehicle_positions,2026-07-21T06:40:22Z,2026-07-21,20260721T064017Z,1e60b4db-235d-474a-8402-200945b62cb9,,,,,,69695,2353,1250032,19.38852882385254,-99.05937194824219,0.0,0.0,0.0,,,,1784613123,2026-07-20 23:52:03-06:00,,
metrobus,metrobus_vehicle_positions,2026-07-21T06:40:22Z,2026-07-21,20260721T064017Z,9be7153b-1b70-4e3b-bd08-38cfada2f21c,,,,,,69463,1022,1230063,19.499189376831055,-99.11920166015625,0.0,0.0,0.0,,,,1784616016,2026-07-21 00:40:16-06:00,,
metrobus,metrobus_vehicle_positions,2026-07-21T06:40:22Z,2026-07-21,20260721T064017Z,8bbf462b-45f5-4acc-8f07-404bc8396ae6,,19499,0.0,05:36:18,20260721,69968,1264,1230128,19.320798873901367,-99.18827056884766,173.0,36.0,129.6,,,,1784616005,2026-07-21 00:40:05-06:00,,
metrobus,metrobus_vehicle_positions,2026-07-21T06:40:22Z,2026-07-21,20260721T064017Z,9a88db54-0898-4193-8b46-e3b7133c7a36,,,,,,69462,1021,1230062,19.4995059967041,-99.11888122558594,0.0,0.0,0.0,,,,1784614585,2026-07-21 00:16:25-06:00,,
metrobus,metrobus_vehicle_positions,2026-07-21T06:40:22Z,2026-07-21,20260721T064017Z,f32150df-107d-42f3-a8e9-300f67911648,,,,,,69694,2352,1250128,19.38844871520996,-99.05970764160156,0.0,0.0,0.0,,,,1783664078,2026-07-10 00:14:38-06:00,,
metrobus,metrobus_vehicle_positions,2026-07-21T06:40:22Z,2026-07-21,20260721T064017Z,557fcfc5-c641-499b-a3d0-c6c322b2b41d,,,,,,69967,1263,1230127,19.321813583374023,-99.17292785644531,0.0,0.0,0.0,,,,1784614188,2026-07-21 00:09:48-06:00,,
metrobus,metrobus_vehicle_positions,2026-07-21T06:40:22Z,2026-07-21,20260721T064017Z,862ee77c-0390-4301-96e9-254591dfd799,,,,,,69693,2351,EXTRAVIADA,19.388917922973633,-99.05936431884766,232.0,0.0,0.0,,,,1784607165,2026-07-20 22:12:45-06:00,,
metrobus,metrobus_vehicle_positions,2026-07-21T06:40:22Z,2026-07-21,20260721T064017Z,af42674a-fa85-440a-88a4-0cef798877fd,,19499,0.0,05:48:16,20260721,69461,1020,1230061,19.499757766723633,-99.11947631835938,0.0,0.0,0.0,,,,1784615817,2026-07-21 00:36:57-06:00,,
metrobus,metrobus_vehicle_positions,2026-07-21T06:40:22Z,2026-07-21,20260721T064017Z,0b533f22-d92c-4ac1-881a-16b2ad650d0b,,,,,,69966,1262,1230123,19.321712493896484,-99.17292785644531,0.0,0.0,0.0,,,,1784615897,2026-07-21 00:38:17-06:00,,
metrobus,metrobus_vehicle_positions,2026-07-21T06:40:22Z,2026-07-21,20260721T064017Z,eff9b0c6-1709-4f50-a21d-63eaf1abe878,,19564,0.0,04:16:47,20260721,70111,2350,1250010,19.386520385742188,-99.05988311767578,0.0,0.0,0.0,,,,1784611854,2026-07-20 23:30:54-06:00,,
metrobus,metrobus_vehicle_positions,2026-07-21T06:40:22Z,2026-07-21,20260721T064017Z,0d15d173-c1bf-4c9e-af8c-92fe83e43af4,,,,,,69965,1261,1230116,19.32062530517578,-99.17208862304688,348.0,0.0,0.0,,,,1784614398,2026-07-21 00:13:18-06:00,,
metrobus,metrobus_vehicle_positions,2026-07-21T06:40:22Z,2026-07-21,20260721T064017Z,a07f06da-f679-4263-8aaf-3bed400b2d6f,,,,,,69964,1260,1230143,0.0,0.0,0.0,0.0,0.0,,,,1784571591,2026-07-20 12:19:51-06:00,,
metrobus,metrobus_vehicle_positions,2026-07-21T06:40:22Z,2026-07-21,20260721T064017Z,8b3f466b-ee91-40fd-acda-c230bee656db,,,,,,69460,1019,1230060,19.499919891357422,-99.11983489990234,278.0,0.0,0.0,,,,1784613426,2026-07-20 23:57:06-06:00,,
metrobus,metrobus_vehicle_positions,2026-07-21T06:40:22Z,2026-07-21,20260721T064017Z,5677d06d-6b56-4e6c-838a-474a01a00590,,19500,1.0,04:03:50,20260721,69459,1018,1230059,19.481409072875977,-99.12842559814453,375.0,55.0,198.0,,,,1784611432,2026-07-20 23:23:52-06:00,,
metrobus,metrobus_vehicle_positions,2026-07-21T06:40:22Z,2026-07-21,20260721T064017Z,c0b25feb-3839-441b-aa9b-eb59cb588228,,,,,,70110,2349,1250027,19.39104461669922,-99.04769897460938,119.0,1.0,3.6,,,,1784547083,2026-07-20 05:31:23-06:00,,
metrobus,metrobus_vehicle_positions,2026-07-21T06:40:22Z,2026-07-21,20260721T064017Z,91e0d9ef-7515-4cd4-9c6c-9478ceb55bf3,,19566,0.0,06:17:27,20260721,70109,2348,1250026,19.387346267700195,-99.06006622314453,101.0,0.0,0.0,,,,1784616018,2026-07-21 00:40:18-06:00,,
metrobus,metrobus_vehicle_positions,2026-07-21T06:40:22Z,2026-07-21,20260721T064017Z,e37b5cef-9edc-4423-9d01-59415798cd95,,,,,,69963,1259,1230142,19.322351455688477,-99.172607421875,350.0,0.0,0.0,,,,1784614507,2026-07-21 00:15:07-06:00,,
metrobus,metrobus_vehicle_positions,2026-07-21T06:40:22Z,2026-07-21,20260721T064017Z,dbd0ed91-09e4-4a26-af8c-8d019367f7fc,,19566,0.0,06:04:58,20260721,70108,2347,1250025,19.386926651000977,-99.05985260009766,960.0,0.0,0.0,,,,1784615736,2026-07-21 00:35:36-06:00,,
metrobus,metrobus_vehicle_positions,2026-07-21T06:40:22Z,2026-07-21,20260721T064017Z,8847b31d-75e6-4576-94a4-47dab9375dbe,,,,,,69962,1258,1230141,19.321630477905273,-99.17263793945312,344.0,0.0,0.0,,,,1784614222,2026-07-21 00:10:22-06:00,,
metrobus,metrobus_vehicle_positions,2026-07-21T06:40:22Z,2026-07-21,20260721T064017Z,bbc66175-8fd0-45e6-b4f9-0f7a5aafb87a,,19563,0.0,06:07:39,20260721,70107,2346,1250024,19.38705062866211,-99.05982971191406,223.0,0.0,0.0,,,,1784615928,2026-07-21 00:38:48-06:00,,
metrobus,metrobus_vehicle_positions,2026-07-21T06:40:22Z,2026-07-21,20260721T064017Z,579b0e51-594f-46e5-b0bf-fb626e1daf34,,,,,,69961,1257,1230132,19.32147979736328,-99.17282104492188,0.0,0.0,0.0,,,,1784616017,2026-07-21 00:40:17-06:00,,
metrobus,metrobus_vehicle_positions,2026-07-21T06:40:22Z,2026-07-21,20260721T064017Z,485bc848-0562-4df0-8a00-e987fdc68fc6,,,,,,70002,1015,1210367,19.385473251342773,-99.0457992553711,0.0,0.0,0.0,,,,1784611196,2026-07-20 23:19:56-06:00,,
metrobus,metrobus_vehicle_positions,2026-07-21T06:40:22Z,2026-07-21,20260721T064017Z,55380deb-e6ec-4d08-9c85-9f7b816a0cd4,,,,,,69960,1256,1230130,19.322542190551758,-99.17329406738281,0.0,0.0,0.0,,,,1784616004,2026-07-21 00:40:04-06:00,,
metrobus,metrobus_vehicle_positions,2026-07-21T06:40:22Z,2026-07-21,20260721T064017Z,40ad6dc3-f2e1-4a39-8ef5-b7713038688e,,,,,,69915,830,1280094,19.5081787109375,-99.17276000976562,0.0,0.0,0.0,,,,1784614218,2026-07-21 00:10:18-06:00,,
metrobus,metrobus_vehicle_positions,2026-07-21T06:40:22Z,2026-07-21,20260721T064017Z,f668e006-9a9f-4bf6-98c0-2e1944efb033,,,,,,70079,2345,1250022,19.38676643371582,-99.05992126464844,0.0,0.0,0.0,,,,1784609400,2026-07-20 22:50:00-06:00,,
metrobus,metrobus_vehicle_positions,2026-07-21T06:40:22Z,2026-07-21,20260721T064017Z,37d36efa-4f02-4047-82d0-2bcfa023c824,,,,,,70078,2344,1250023,19.386598587036133,-99.05996704101562,0.0,0.0,0.0,,,,1784577050,2026-07-20 13:50:50-06:00,,
metrobus,metrobus_vehicle_positions,2026-07-21T06:40:22Z,2026-07-21,20260721T064017Z,229855e5-b696-406b-a267-dcc92068c0ef,,19500,1.0,06:33:07,20260721,69959,1255,1230125,19.300254821777344,-99.18555450439453,353.0,45.0,162.0,,,,1784616009,2026-07-21 00:40:09-06:00,,
metrobus,metrobus_vehicle_positions,2026-07-21T06:40:22Z,2026-07-21,20260721T064017Z,d836b912-b49a-4406-9054-a02a32c1a2a7,,,,,,69916,831,1280095,19.508258819580078,-99.17233276367188,0.0,0.0,0.0,,,,1783982889,2026-07-13 16:48:09-06:00,,
metrobus,metrobus_vehicle_positions,2026-07-21T06:40:22Z,2026-07-21,20260721T064017Z,a1d41db0-bed4-44fd-8a81-353570925243,,19563,0.0,04:55:07,20260721,70077,2343,1250021,19.38680648803711,-99.05998229980469,358.0,0.0,0.0,,,,1784613881,2026-07-21 00:04:41-06:00,,
metrobus,metrobus_vehicle_positions,2026-07-21T06:40:22Z,2026-07-21,20260721T064017Z,f816b081-308a-43ca-be38-b1c73f969d18,,,,,,69917,832,1280096,19.508230209350586,-99.17292785644531,0.0,0.0,0.0,,,,1784613517,2026-07-20 23:58:37-06:00,,
metrobus,metrobus_vehicle_positions,2026-07-21T06:40:22Z,2026-07-21,20260721T064017Z,fcda9c03-c436-4d5c-8af3-1d195eae03df,,19499,0.0,06:03:32,20260721,69958,1254,1230124,19.373950958251953,-99.17894744873047,197.0,3.0,10.8,,,,1784616011,2026-07-21 00:40:11-06:00,,
metrobus,metrobus_vehicle_positions,2026-07-21T06:40:22Z,2026-07-21,20260721T064017Z,86e90afa-a96e-432f-bc19-14a9be834095,,,,,,69918,833,1280097,19.508081436157227,-99.17204284667969,0.0,0.0,0.0,,,,1784587049,2026-07-20 16:37:29-06:00,,
metrobus,metrobus_vehicle_positions,2026-07-21T06:40:22Z,2026-07-21,20260721T064017Z,abd2d9c5-6a5b-42e2-a547-0b092a929772,,,,,,69919,834,1280098,19.50824546813965,-99.17253112792969,189.0,0.0,0.0,,,,1784614726,2026-07-21 00:18:46-06:00,,
metrobus,metrobus_vehicle_positions,2026-07-21T06:40:22Z,2026-07-21,20260721T064017Z,6a07c4c1-bbee-4d39-a1cb-c46875295c92,,,,,,69920,835,1280099,19.486465454101562,-99.11306762695312,179.0,30.0,108.0,,,,1784616005,2026-07-21 00:40:05-06:00,,
metrobus,metrobus_vehicle_positions,2026-07-21T06:40:22Z,2026-07-21,20260721T064017Z,776bd67f-1acb-4518-b77d-ccd9da2f6320,,19577,1.0,05:54:50,20260721,69921,836,1280100,19.482580184936523,-99.11408996582031,471.0,22.0,79.2,,,,1784616017,2026-07-21 00:40:17-06:00,,
metrobus,metrobus_vehicle_positions,2026-07-21T06:40:22Z,2026-07-21,20260721T064017Z,4662f4c5-982d-4916-8fe8-b29e625b52b5,,,,,,69922,837,1280101,19.508108139038086,-99.17240905761719,238.0,0.0,0.0,,,,1784610284,2026-07-20 23:04:44-06:00,,
metrobus,metrobus_vehicle_positions,2026-07-21T06:40:22Z,2026-07-21,20260721T064017Z,9d288597-ff35-440f-a882-a24b391d47fb,,,,,,69923,838,1280152,19.508390426635742,-99.172607421875,0.0,0.0,0.0,,,,1779906830,2026-05-27 12:33:50-06:00,,
metrobus,metrobus_vehicle_positions,2026-07-21T06:40:22Z,2026-07-21,20260721T064017Z,2d968949-b602-4a40-919a-8dfe0390564d,,,,,,69924,839,1280153,19.50830078125,-99.17303466796875,290.0,0.0,0.0,,,,1784609723,2026-07-20 22:55:23-06:00,,
metrobus,metrobus_vehicle_positions,2026-07-21T06:40:22Z,2026-07-21,20260721T064017Z,73961fd1-a64c-40be-b04d-8978b1ce7299,,,,,,69474,1033,1230074,19.498760223388672,-99.11945343017578,100.0,0.0,0.0,,,,1784612578,2026-07-20 23:42:58-06:00,,
metrobus,metrobus_vehicle_positions,2026-07-21T06:40:22Z,2026-07-21,20260721T064017Z,73fa31e2-b95b-48c8-a8bb-a359dd7ac93a,,19566,0.0,05:59:50,20260721,69706,2364,1250137,19.389402389526367,-99.0592041015625,328.0,0.0,0.0,,,,1784615825,2026-07-21 00:37:05-06:00,,
metrobus,metrobus_vehicle_positions,2026-07-21T06:40:22Z,2026-07-21,20260721T064017Z,3762b2c8-7685-4b40-844a-3caab21a4705,,,,,,69705,2363,1250121,19.388595581054688,-99.05946350097656,135.0,0.0,0.0,,,,1784616010,2026-07-21 00:40:10-06:00,,
metrobus,metrobus_vehicle_positions,2026-07-21T06:40:22Z,2026-07-21,20260721T064017Z,6cc48503-18a6-4fc8-ad35-e70821383840,,,,,,69473,1032,1230073,19.497379302978516,-99.11888885498047,109.0,0.0,0.0,,,,1784616017,2026-07-21 00:40:17-06:00,,
metrobus,metrobus_vehicle_positions,2026-07-21T06:40:22Z,2026-07-21,20260721T064017Z,34b36032-2d8c-4466-aeec-d871d9e063c9,,19564,0.0,05:37:15,20260721,69704,2362,1250120,19.389318466186523,-99.05854797363281,305.0,0.0,0.0,,,,1784612748,2026-07-20 23:45:48-06:00,,
metrobus,metrobus_vehicle_positions,2026-07-21T06:40:22Z,2026-07-21,20260721T064017Z,03f43328-9c5f-4985-aa33-0a30b83ac4d0,,,,,,69472,1031,1230072,19.500701904296875,-99.11894226074219,106.0,0.0,0.0,,,,1784616004,2026-07-21 00:40:04-06:00,,
metrobus,metrobus_vehicle_positions,2026-07-21T06:40:22Z,2026-07-21,20260721T064017Z,6b88d852-2f22-4a30-8c77-090a0ec466f9,,19564,0.0,05:24:35,20260721,69703,2361,1250033,19.388601303100586,-99.05936431884766,307.0,0.0,0.0,,,,1784614797,2026-07-21 00:19:57-06:00,,
metrobus,metrobus_vehicle_positions,2026-07-21T06:40:22Z,2026-07-21,20260721T064017Z,2f95b57e-9e8e-4425-9ac6-72ff38b0f5ca,,,,,,69471,1030,1230071,19.49762725830078,-99.11882019042969,137.0,0.0,0.0,,,,1784616008,2026-07-21 00:40:08-06:00,,
metrobus,metrobus_vehicle_positions,2026-07-21T06:40:22Z,2026-07-21,20260721T064017Z,1cb248a5-dcf6-491b-89f2-b5904d557522,,,,,,69702,2360,1250136,19.3885498046875,-99.05950164794922,0.0,0.0,0.0,,,,1784578872,2026-07-20 14:21:12-06:00,,
metrobus,metrobus_vehicle_positions,2026-07-21T06:40:22Z,2026-07-21,20260721T064017Z,0fead9a8-18e9-4a00-b8c8-f5260facf366,,19499,0.0,05:05:25,20260721,69470,1029,1230070,19.49945640563965,-99.11921691894531,0.0,0.0,0.0,,,,1784616007,2026-07-21 00:40:07-06:00,,
metrobus,metrobus_vehicle_positions,2026-07-21T06:40:22Z,2026-07-21,20260721T064017Z,64ec69f5-183c-4b18-9965-14217e00d216,,19500,1.0,05:45:23,20260721,69469,1028,1230069,19.436283111572266,-99.1571044921875,24.0,0.0,0.0,,,,1784616015,2026-07-21 00:40:15-06:00,,
metrobus,metrobus_vehicle_positions,2026-07-21T06:40:22Z,2026-07-21,20260721T064017Z,4a6003e0-a0ad-4a45-b0b9-a3800ce3f2f6,,19562,1.0,06:04:59,20260721,69701,2359,1250135,19.39328384399414,-99.08950805664062,125.0,39.0,140.4,,,,1784616003,2026-07-21 00:40:03-06:00,,
metrobus,metrobus_vehicle_positions,2026-07-21T06:40:22Z,2026-07-21,20260721T064017Z,1696cf97-7490-435b-8b4d-e30b64e70c08,,,,,,69468,1027,1230068,19.498760223388672,-99.11907196044922,0.0,0.0,0.0,,,,1784616004,2026-07-21 00:40:04-06:00,,
metrobus,metrobus_vehicle_positions,2026-07-21T06:40:22Z,2026-07-21,20260721T064017Z,6f4d57c1-d01e-4ad2-9551-1f0c8512a25c,,19566,0.0,05:08:06,20260721,69700,2358,1250133,19.389488220214844,-99.05929565429688,950.0,0.0,0.0,,,,1784613485,2026-07-20 23:58:05-06:00,,
metrobus,metrobus_vehicle_positions,2026-07-21T06:40:22Z,2026-07-21,20260721T064017Z,8cc60bb8-82db-4a32-bd63-f5567ed0628e,,,,,,69467,1026,1230067,19.499771118164062,-99.11885833740234,0.0,0.0,0.0,,,,1784616005,2026-07-21 00:40:05-06:00,,
metrobus,metrobus_vehicle_positions,2026-07-21T06:40:22Z,2026-07-21,20260721T064017Z,a98cfe61-ca4b-4966-9da2-5da0fca1ecf9,,,,,,69925,840,1280154,19.5081787109375,-99.1729507446289,0.0,0.0,0.0,,,,1784612667,2026-07-20 23:44:27-06:00,,
metrobus,metrobus_vehicle_positions,2026-07-21T06:40:22Z,2026-07-21,20260721T064017Z,e66d7271-20a0-4c4c-9a31-9bc998f03af1,,,,,,69699,2357,1250129,19.389019012451172,-99.05925750732422,0.0,0.0,0.0,,,,1784608245,2026-07-20 22:30:45-06:00,,
metrobus,metrobus_vehicle_positions,2026-07-21T06:40:22Z,2026-07-21,20260721T064017Z,8c0ad350-0dbe-4524-95a7-5ca92f4785f2,,19578,0.0,06:31:23,20260721,69926,841,1280155,19.492202758789062,-99.14049530029297,280.0,43.0,154.8,,,,1784616010,2026-07-21 00:40:10-06:00,,
metrobus,metrobus_vehicle_positions,2026-07-21T06:40:22Z,2026-07-21,20260721T064017Z,831a2a78-96ce-4c47-83db-7df75a54992c,,19567,1.0,05:59:05,20260721,69698,2356,1250132,19.386884689331055,-99.0799560546875,125.0,0.0,0.0,,,,1784616001,2026-07-21 00:40:01-06:00,,
metrobus,metrobus_vehicle_positions,2026-07-21T06:40:22Z,2026-07-21,20260721T064017Z,95654c54-b16b-4a2b-b688-2691ee60b670,,,,,,69466,1025,1230066,19.49971580505371,-99.11947631835938,780.0,0.0,0.0,,,,1784616008,2026-07-21 00:40:08-06:00,,
metrobus,metrobus_vehicle_positions,2026-07-21T06:40:22Z,2026-07-21,20260721T064017Z,7042963a-b2e8-4843-bef8-a4af9db6d4e7,,,,,,69971,1267,1230131,19.32147216796875,-99.17255401611328,550.0,3.0,10.8,,,,1784616013,2026-07-21 00:40:13-06:00,,
metrobus,metrobus_vehicle_positions,2026-07-21T06:40:22Z,2026-07-21,20260721T064017Z,6158e7b2-96f2-4786-88a8-ded5bc264f23,,,,,,69970,1266,1230113,19.321577072143555,-99.17264556884766,348.0,0.0,0.0,,,,1784614400,2026-07-21 00:13:20-06:00,,
metrobus,metrobus_vehicle_positions,2026-07-21T06:40:22Z,2026-07-21,20260721T064017Z,50f21819-f0f2-48ff-af0f-61230f6dd8ac,,,,,,69927,842,1280156,19.507923126220703,-99.17121124267578,305.0,0.0,0.0,,,,1784616016,2026-07-21 00:40:16-06:00,,
metrobus,metrobus_vehicle_positions,2026-07-21T06:40:22Z,2026-07-21,20260721T064017Z,9e4e9c6b-5d5c-4ef7-9887-2c75ec108143,,,,,,69465,1024,1230065,19.499732971191406,-99.11959075927734,0.0,0.0,0.0,,,,1784615727,2026-07-21 00:35:27-06:00,,
metrobus,metrobus_vehicle_positions,2026-07-21T06:40:22Z,2026-07-21,20260721T064017Z,cd0a482a-1eb5-4a8b-99d9-c4e56919c069,,,,,,69697,2355,1250131,19.38910484313965,-99.05925750732422,0.0,0.0,0.0,,,,1784615530,2026-07-21 00:32:10-06:00,,
metrobus,metrobus_vehicle_positions,2026-07-21T06:40:22Z,2026-07-21,20260721T064017Z,b0f7e657-61bb-49b9-ba25-352ce06e0560,,19566,0.0,03:47:39,20260721,69696,2354,1250130,19.389171600341797,-99.05928039550781,150.0,0.0,0.0,,,,1784608913,2026-07-20 22:41:53-06:00,,
metrobus,metrobus_vehicle_positions,2026-07-21T06:40:22Z,2026-07-21,20260721T064017Z,e02253ae-8a58-4db2-a182-8f37ecd9782a,,19559,0.0,05:36:43,20260721,69544,601,1280001,19.4869327545166,-99.09225463867188,248.0,0.0,0.0,,,,1784613589,2026-07-20 23:59:49-06:00,,
metrobus,metrobus_vehicle_positions,2026-07-21T06:40:22Z,2026-07-21,20260721T064017Z,353f7697-f66b-4220-af8f-9cd37acfdfab,,,,,,69464,1023,1230064,19.49930763244629,-99.11896514892578,190.0,0.0,0.0,,,,1784616007,2026-07-21 00:40:07-06:00,,
metrobus,metrobus_vehicle_positions,2026-07-21T06:40:22Z,2026-07-21,20260721T064017Z,9b66c2ea-7bbb-437f-a803-a699e0a7b101,,,,,,69928,843,1280157,19.508026123046875,-99.17242431640625,293.0,0.0,0.0,,,,1784608624,2026-07-20 22:37:04-06:00,,
metrobus,metrobus_vehicle_positions,2026-07-21T06:40:22Z,2026-07-21,20260721T064017Z,1993cae2-19dc-4d73-a844-3f16865cbd12,,,,,,69545,602,1280002,19.486848831176758,-99.09217834472656,300.0,0.0,0.0,,,,1784570202,2026-07-20 11:56:42-06:00,,
metrobus,metrobus_vehicle_positions,2026-07-21T06:40:22Z,2026-07-21,20260721T064017Z,8f9a52ac-70ff-4891-ab6c-7e6c65368d5a,,,,,,69929,844,1280158,19.508180618286133,-99.1727523803711,0.0,0.0,0.0,,,,1784614286,2026-07-21 00:11:26-06:00,,
metrobus,metrobus_vehicle_positions,2026-07-21T06:40:22Z,2026-07-21,20260721T064017Z,65f84e9b-d5f4-4caf-9fce-bd7322941475,,,,,,69930,845,1280159,19.50821876525879,-99.17251586914062,0.0,0.0,0.0,,,,1784540061,2026-07-20 03:34:21-06:00,,
metrobus,metrobus_vehicle_positions,2026-07-21T06:40:22Z,2026-07-21,20260721T064017Z,e78bab5f-de96-4dbd-b044-618ee6809146,,19559,0.0,05:39:50,20260721,69546,603,1280003,19.487215042114258,-99.09281158447266,259.0,0.0,0.0,,,,1784613592,2026-07-20 23:59:52-06:00,,
metrobus,metrobus_vehicle_positions,2026-07-21T06:40:22Z,2026-07-21,20260721T064017Z,f4c6e230-6049-4ffa-9e9d-8e39c916c257,,,,,,69931,846,1280160,19.508148193359375,-99.17227935791016,221.0,0.0,0.0,,,,1784609778,2026-07-20 22:56:18-06:00,,
metrobus,metrobus_vehicle_positions,2026-07-21T06:40:22Z,2026-07-21,20260721T064017Z,b9bc4f51-2498-4099-b36c-f1e170c2d8e0,,20211,0.0,03:45:18,20260721,69548,605,1280005,19.487621307373047,-99.09258270263672,241.0,0.0,0.0,,,,1784606809,2026-07-20 22:06:49-06:00,,
metrobus,metrobus_vehicle_positions,2026-07-21T06:40:22Z,2026-07-21,20260721T064017Z,9dc609e7-6591-4503-9518-b27899fe1d87,,,,,,69933,848,1280162,19.507850646972656,-99.17212677001953,0.0,0.0,0.0,,,,1784613982,2026-07-21 00:06:22-06:00,,
metrobus,metrobus_vehicle_positions,2026-07-21T06:40:22Z,2026-07-21,20260721T064017Z,e51403be-086c-4c96-81a0-030d0ebff830,,19559,0.0,05:46:21,20260721,69549,606,1280006,19.48708152770996,-99.09258270263672,246.0,0.0,0.0,,,,1784614453,2026-07-21 00:14:13-06:00,,
metrobus,metrobus_vehicle_positions,2026-07-21T06:40:22Z,2026-07-21,20260721T064017Z,952c1a19-dfb2-4191-8bcd-8ee455a8bb12,,19558,1.0,06:05:13,20260721,69550,607,1280007,19.399490356445312,-99.11343383789062,354.0,0.0,0.0,,,,1784616007,2026-07-21 00:40:07-06:00,,
metrobus,metrobus_vehicle_positions,2026-07-21T06:40:22Z,2026-07-21,20260721T064017Z,53d87c48-8666-407f-8193-8de12436e038,,19559,0.0,06:22:19,20260721,69552,609,1280009,19.486907958984375,-99.09265899658203,245.0,0.0,0.0,,,,1784616008,2026-07-21 00:40:08-06:00,,
metrobus,metrobus_vehicle_positions,2026-07-21T06:40:22Z,2026-07-21,20260721T064017Z,dbe2d62e-5c42-4b9e-bade-2b6cc05a9b4c,,19562,1.0,06:14:59,20260721,69717,2375,1250118,19.393474578857422,-99.08977508544922,126.0,35.0,126.0,,,,1784616006,2026-07-21 00:40:06-06:00,,
metrobus,metrobus_vehicle_positions,2026-07-21T06:40:22Z,2026-07-21,20260721T064017Z,522b4ff0-b543-44a6-841d-5ac2b821feaf,,19492,0.0,06:30:29,20260721,69485,1044,1230085,19.499805450439453,-99.11936950683594,282.0,0.0,0.0,,,,1784616014,2026-07-21 00:40:14-06:00,,
metrobus,metrobus_vehicle_positions,2026-07-21T06:40:22Z,2026-07-21,20260721T064017Z,2e9788ef-29f4-4816-8c8d-14f5245bff98,,,,,,69716,2374,1250039,19.389202117919922,-99.05924987792969,0.0,0.0,0.0,,,,1784604347,2026-07-20 21:25:47-06:00,,
metrobus,metrobus_vehicle_positions,2026-07-21T06:40:22Z,2026-07-21,20260721T064017Z,1f4aed10-06ea-4c5a-8bb6-35c97619b7c1,,19491,1.0,05:46:21,20260721,69484,1043,1230084,19.482669830322266,-99.12737274169922,397.0,8.0,28.8,,,,1784616003,2026-07-21 00:40:03-06:00,,
metrobus,metrobus_vehicle_positions,2026-07-21T06:40:22Z,2026-07-21,20260721T064017Z,b98d1c3c-c947-41de-ba32-dda22e360e22,,19499,0.0,05:43:06,20260721,69483,1042,1230083,19.49945640563965,-99.1192626953125,0.0,0.0,0.0,,,,1784615708,2026-07-21 00:35:08-06:00,,
metrobus,metrobus_vehicle_positions,2026-07-21T06:40:22Z,2026-07-21,20260721T064017Z,bc17675d-3edd-4dc4-a9c1-aceb3c8b30ad,,,,,,69715,2373,1250038,19.388748168945312,-99.05940246582031,807.0,0.0,0.0,,,,1784616003,2026-07-21 00:40:03-06:00,,
metrobus,metrobus_vehicle_positions,2026-07-21T06:40:22Z,2026-07-21,20260721T064017Z,f535efc0-7dc7-47e8-a4dc-053bc9a858d5,,19566,0.0,04:35:26,20260721,69714,2372,1250037,19.389022827148438,-99.0593032836914,0.0,0.0,0.0,,,,1784613668,2026-07-21 00:01:08-06:00,,
metrobus,metrobus_vehicle_positions,2026-07-21T06:40:22Z,2026-07-21,20260721T064017Z,604cccba-5919-43da-986a-73d548589d7f,,,,,,69482,1041,1230082,19.499441146850586,-99.11920166015625,0.0,0.0,0.0,,,,1784616014,2026-07-21 00:40:14-06:00,,
metrobus,metrobus_vehicle_positions,2026-07-21T06:40:22Z,2026-07-21,20260721T064017Z,d0d19eeb-4789-4143-9fbd-79d12f94cca4,,19566,0.0,05:47:42,20260721,69713,2371,1250036,19.388975143432617,-99.05937957763672,353.0,0.0,0.0,,,,1784615242,2026-07-21 00:27:22-06:00,,
metrobus,metrobus_vehicle_positions,2026-07-21T06:40:22Z,2026-07-21,20260721T064017Z,ba516d45-f106-4793-99d2-29aef7b1995d,,,,,,69481,1040,1230081,19.498807907104492,-99.11937713623047,102.0,0.0,0.0,,,,1784616003,2026-07-21 00:40:03-06:00,,
metrobus,metrobus_vehicle_positions,2026-07-21T06:40:22Z,2026-07-21,20260721T064017Z,c97f879e-41b8-47ee-aaf1-e421cd2a3f5f,,,,,,69712,2370,1250035,19.389219284057617,-99.05927276611328,660.0,0.0,0.0,,,,1784616003,2026-07-21 00:40:03-06:00,,
metrobus,metrobus_vehicle_positions,2026-07-21T06:40:22Z,2026-07-21,20260721T064017Z,f5abb9f9-7ff2-4565-ba94-aaad12253ae8,,,,,,69480,1039,1230080,19.49921226501465,-99.11927032470703,0.0,0.0,0.0,,,,1784616006,2026-07-21 00:40:06-06:00,,
metrobus,metrobus_vehicle_positions,2026-07-21T06:40:22Z,2026-07-21,20260721T064017Z,182b766b-8ea1-4916-90e6-29c0cd0762b0,,,,,,69479,1038,1230079,19.498764038085938,-99.11943054199219,223.0,0.0,0.0,,,,1784616003,2026-07-21 00:40:03-06:00,,
metrobus,metrobus_vehicle_positions,2026-07-21T06:40:22Z,2026-07-21,20260721T064017Z,cfe1910e-b945-49f2-8e63-46489c3cc8bb,,,,,,69711,2369,1250034,19.38895034790039,-99.0593032836914,0.0,0.0,0.0,,,,1784603678,2026-07-20 21:14:38-06:00,,
metrobus,metrobus_vehicle_positions,2026-07-21T06:40:22Z,2026-07-21,20260721T064017Z,3936f0d7-4470-4b95-8ca1-e509d5155c98,,19563,0.0,06:00:44,20260721,69710,2368,ConPermisovencido,19.39567756652832,-99.15225982666016,270.0,0.0,0.0,,,,1784616002,2026-07-21 00:40:02-06:00,,
metrobus,metrobus_vehicle_positions,2026-07-21T06:40:22Z,2026-07-21,20260721T064017Z,cdb0cf57-9375-404e-934a-e6f0b5f9e496,,,,,,69478,1037,1230078,19.49921989440918,-99.11933135986328,0.0,0.0,0.0,,,,1784614845,2026-07-21 00:20:45-06:00,,
metrobus,metrobus_vehicle_positions,2026-07-21T06:40:22Z,2026-07-21,20260721T064017Z,84b0b84c-e2c2-4448-9b25-430cafee40fd,,19564,0.0,04:37:45,20260721,69709,2367,ConPermisovencido,19.38932991027832,-99.05931091308594,170.0,0.0,0.0,,,,1784614050,2026-07-21 00:07:30-06:00,,
metrobus,metrobus_vehicle_positions,2026-07-21T06:40:22Z,2026-07-21,20260721T064017Z,ee39be5d-ad07-4fc4-b59c-9d8d07a668dc,,,,,,69477,1036,1230077,19.496475219726562,-99.1190414428711,125.0,0.0,0.0,,,,1784616010,2026-07-21 00:40:10-06:00,,
metrobus,metrobus_vehicle_positions,2026-07-21T06:40:22Z,2026-07-21,20260721T064017Z,d3412aa0-675c-416e-97e1-b74f6de2f63c,,19499,0.0,06:28:16,20260721,69476,1035,1230076,19.49985694885254,-99.11957550048828,278.0,0.0,0.0,,,,1784616004,2026-07-21 00:40:04-06:00,,
metrobus,metrobus_vehicle_positions,2026-07-21T06:40:22Z,2026-07-21,20260721T064017Z,065daaad-ee1a-4b05-8986-388e86924b55,,19559,0.0,06:25:50,20260721,69554,611,1280011,19.486984252929688,-99.09284973144531,114.0,0.0,0.0,,,,1784616008,2026-07-21 00:40:08-06:00,,
metrobus,metrobus_vehicle_positions,2026-07-21T06:40:22Z,2026-07-21,20260721T064017Z,d1f5d07f-3202-4f53-9ee3-5f783044c4c1,,19564,0.0,05:13:03,20260721,69708,2366,1250040,19.388830184936523,-99.05928802490234,0.0,0.0,0.0,,,,1784615631,2026-07-21 00:33:51-06:00,,
metrobus,metrobus_vehicle_positions,2026-07-21T06:40:22Z,2026-07-21,20260721T064017Z,682351bf-5ae4-4bfa-9fcf-a5e7fbdbf8fc,,19559,0.0,06:28:43,20260721,69555,612,1280012,19.487117767333984,-99.09312438964844,112.0,0.0,0.0,,,,1784616001,2026-07-21 00:40:01-06:00,,
metrobus,metrobus_vehicle_positions,2026-07-21T06:40:22Z,2026-07-21,20260721T064017Z,4749d0f9-d28f-44b4-8ca3-f535d1a2fb4b,,,,,,69707,2365,1250116,19.389507293701172,-99.05927276611328,357.0,1.0,3.6,,,,1784616013,2026-07-21 00:40:13-06:00,,
metrobus,metrobus_vehicle_positions,2026-07-21T06:40:22Z,2026-07-21,20260721T064017Z,a2956a5a-175c-4467-9e18-372e2e780ca1,,,,,,69475,1034,1230075,19.497520446777344,-99.1199951171875,213.0,0.0,0.0,,,,1784616010,2026-07-21 00:40:10-06:00,,
metrobus,metrobus_vehicle_positions,2026-07-21T06:40:22Z,2026-07-21,20260721T064017Z,e1075225-5522-4e61-bb2f-d9241e21b36b,,19558,1.0,05:48:46,20260721,69557,614,1280014,19.439395904541016,-99.11392974853516,116.0,0.0,0.0,,,,1784616007,2026-07-21 00:40:07-06:00,,
metrobus,metrobus_vehicle_positions,2026-07-21T06:40:22Z,2026-07-21,20260721T064017Z,c561a650-9d46-4b63-9268-d62aab6a45d0,,19559,0.0,02:20:40,20260721,69559,616,1280016,19.486183166503906,-99.0919189453125,112.0,0.0,0.0,,,,1784601194,2026-07-20 20:33:14-06:00,,
metrobus,metrobus_vehicle_positions,2026-07-21T06:40:22Z,2026-07-21,20260721T064017Z,3e313ebf-f3fd-4b3e-9c6e-5284a8594da1,,,,,,69561,618,1280018,19.487186431884766,-99.0931396484375,245.0,0.0,0.0,,,,1784615129,2026-07-21 00:25:29-06:00,,
metrobus,metrobus_vehicle_positions,2026-07-21T06:40:22Z,2026-07-21,20260721T064017Z,a155b5a0-16ee-4957-bbb2-adb308f89607,,,,,,69562,619,1280019,19.487579345703125,-99.09339141845703,230.0,0.0,0.0,,,,1784608615,2026-07-20 22:36:55-06:00,,
metrobus,metrobus_vehicle_positions,2026-07-21T06:40:22Z,2026-07-21,20260721T064017Z,7a295eba-03a4-4ac0-97a8-602e98143f85,,,,,,70131,1055,1230154,19.49581527709961,-99.11914825439453,126.0,0.0,0.0,,,,1784616016,2026-07-21 00:40:16-06:00,,
metrobus,metrobus_vehicle_positions,2026-07-21T06:40:22Z,2026-07-21,20260721T064017Z,922aae8f-f219-413d-b075-836c0e4bdbd8,,19563,0.0,05:25:38,20260721,69608,2386,003A019,19.387981414794922,-99.05998229980469,359.0,0.0,0.0,,,,1784613075,2026-07-20 23:51:15-06:00,,
metrobus,metrobus_vehicle_positions,2026-07-21T06:40:22Z,2026-07-21,20260721T064017Z,153e95bf-19ba-4dd8-9cb4-22bb636ff60e,,,,,,70130,1054,1230153,19.49801254272461,-99.11941528320312,117.0,0.0,0.0,,,,1784616015,2026-07-21 00:40:15-06:00,,
metrobus,metrobus_vehicle_positions,2026-07-21T06:40:22Z,2026-07-21,20260721T064017Z,b703337c-738c-4015-b4b9-bc35725ddfcb,,,,,,69607,2385,003A023,19.388092041015625,-99.05938720703125,0.0,0.0,0.0,,,,1784598120,2026-07-20 19:42:00-06:00,,
metrobus,metrobus_vehicle_positions,2026-07-21T06:40:22Z,2026-07-21,20260721T064017Z,c6b28f8c-6a6f-4d15-b8b8-2e6391ef7b8d,,,,,,69606,2384,003A025,19.388450622558594,-99.05939483642578,0.0,0.0,0.0,,,,1784616011,2026-07-21 00:40:11-06:00,,
metrobus,metrobus_vehicle_positions,2026-07-21T06:40:22Z,2026-07-21,20260721T064017Z,61de98f1-58e8-4356-9c02-21944225642a,,19499,0.0,06:04:07,20260721,70129,1053,1230152,19.500463485717773,-99.11896514892578,101.0,0.0,0.0,,,,1784616017,2026-07-21 00:40:17-06:00,,
metrobus,metrobus_vehicle_positions,2026-07-21T06:40:22Z,2026-07-21,20260721T064017Z,1ccad85d-24e9-4882-82f9-c5c232923402,,19566,0.0,06:13:01,20260721,69722,2383,1250134,19.389623641967773,-99.05905151367188,305.0,0.0,0.0,,,,1784616008,2026-07-21 00:40:08-06:00,,
metrobus,metrobus_vehicle_positions,2026-07-21T06:40:22Z,2026-07-21,20260721T064017Z,7f120be9-8bd4-4778-a0b9-8ac3b697691e,,,,,,70128,1052,1230151,19.499868392944336,-99.11893463134766,0.0,0.0,0.0,,,,1784615819,2026-07-21 00:36:59-06:00,,
metrobus,metrobus_vehicle_positions,2026-07-21T06:40:22Z,2026-07-21,20260721T064017Z,c8e1a2e3-aa30-4ab1-a143-b696b3c3f2fe,,19566,0.0,05:25:30,20260721,69721,2382,1250125,19.388391494750977,-99.05948638916016,188.0,0.0,0.0,,,,1784616004,2026-07-21 00:40:04-06:00,,
metrobus,metrobus_vehicle_positions,2026-07-21T06:40:22Z,2026-07-21,20260721T064017Z,c2d2c57c-a72a-4a93-bdcc-b8dc107f310f,,,,,,70127,1051,1230150,19.49918556213379,-99.11909484863281,0.0,0.0,0.0,,,,1784614642,2026-07-21 00:17:22-06:00,,
metrobus,metrobus_vehicle_positions,2026-07-21T06:40:22Z,2026-07-21,20260721T064017Z,83b8c68c-3268-492a-b715-e7fdff7acf70,,,,,,69491,1050,1230091,19.499055862426758,-99.11905670166016,280.0,0.0,0.0,,,,1784616008,2026-07-21 00:40:08-06:00,,
metrobus,metrobus_vehicle_positions,2026-07-21T06:40:22Z,2026-07-21,20260721T064017Z,47e57f22-bce9-4885-9c8e-7a4e8eeb661e,,19566,0.0,05:30:03,20260721,69720,2381,1250126,19.389612197875977,-99.05933380126953,941.0,0.0,0.0,,,,1784616016,2026-07-21 00:40:16-06:00,,
metrobus,metrobus_vehicle_positions,2026-07-21T06:40:22Z,2026-07-21,20260721T064017Z,8a9c8e02-6fa3-4d12-b988-8c591d1d3dd7,,,,,,69490,1049,1230090,19.495683670043945,-99.11914825439453,129.0,0.0,0.0,,,,1784616008,2026-07-21 00:40:08-06:00,,
metrobus,metrobus_vehicle_positions,2026-07-21T06:40:22Z,2026-07-21,20260721T064017Z,13726bfe-5d09-4013-99ae-88fe881c30a4,,19566,0.0,03:42:58,20260721,69718,2379,1250115,19.389202117919922,-99.05925750732422,0.0,0.0,0.0,,,,1784611310,2026-07-20 23:21:50-06:00,,
metrobus,metrobus_vehicle_positions,2026-07-21T06:40:22Z,2026-07-21,20260721T064017Z,1362d621-2444-494e-8f17-91d86f657fa0,,,,,,69563,620,1280020,19.486652374267578,-99.09178924560547,0.0,0.0,0.0,,,,1784575480,2026-07-20 13:24:40-06:00,,
metrobus,metrobus_vehicle_positions,2026-07-21T06:40:22Z,2026-07-21,20260721T064017Z,868e9c71-a0b2-40de-993e-8ba62576df93,,,,,,69489,1048,1230089,19.499242782592773,-99.11931610107422,0.0,0.0,0.0,,,,1784614769,2026-07-21 00:19:29-06:00,,
metrobus,metrobus_vehicle_positions,2026-07-21T06:40:22Z,2026-07-21,20260721T064017Z,59235ca7-122c-4097-8e6a-abfc7f765260,,19500,1.0,06:02:23,20260721,69488,1047,1230088,19.390857696533203,-99.17329406738281,189.0,39.0,140.4,,,,1784616018,2026-07-21 00:40:18-06:00,,
metrobus,metrobus_vehicle_positions,2026-07-21T06:40:22Z,2026-07-21,20260721T064017Z,3230ac0a-60f8-4118-bbd8-8926f462abfd,,,,,,69564,621,1280021,19.486764907836914,-99.09217071533203,0.0,0.0,0.0,,,,1784595588,2026-07-20 18:59:48-06:00,,
metrobus,metrobus_vehicle_positions,2026-07-21T06:40:22Z,2026-07-21,20260721T064017Z,7b8fce85-0da7-4e1e-8575-0fd1f943c58f,,,,,,69605,2378,1250153,19.388912200927734,-99.05941009521484,0.0,0.0,0.0,,,,1782325700,2026-06-24 12:28:20-06:00,,
metrobus,metrobus_vehicle_positions,2026-07-21T06:40:22Z,2026-07-21,20260721T064017Z,59517d78-7be1-4d82-a8de-560dadd17d8b,,20211,0.0,04:49:08,20260721,69565,622,1260200,19.487375259399414,-99.09274291992188,243.0,0.0,0.0,,,,1784610855,2026-07-20 23:14:15-06:00,,
metrobus,metrobus_vehicle_positions,2026-07-21T06:40:22Z,2026-07-21,20260721T064017Z,e1b80316-d7c1-48d2-ba24-3ae98b2cedf6,,19499,0.0,05:53:59,20260721,69487,1046,1230087,19.500457763671875,-99.11888122558594,959.0,0.0,0.0,,,,1784614128,2026-07-21 00:08:48-06:00,,
metrobus,metrobus_vehicle_positions,2026-07-21T06:40:22Z,2026-07-21,20260721T064017Z,581a46f7-d4bb-4b78-88f6-6471edbb873e,,19563,0.0,05:03:20,20260721,69604,2377,1250152,19.388904571533203,-99.05941772460938,279.0,0.0,0.0,,,,1784611917,2026-07-20 23:31:57-06:00,,
metrobus,metrobus_vehicle_positions,2026-07-21T06:40:22Z,2026-07-21,20260721T064017Z,51b40360-4f7a-4335-9395-b5b046a2c1aa,,19559,0.0,06:13:13,20260721,69566,623,1260199,19.487194061279297,-99.09303283691406,245.0,0.0,0.0,,,,1784615583,2026-07-21 00:33:03-06:00,,
metrobus,metrobus_vehicle_positions,2026-07-21T06:40:22Z,2026-07-21,20260721T064017Z,0764bb1e-cd3a-46ed-b635-99f8f912c3cb,,,,,,69486,1045,1230086,19.497636795043945,-99.11972045898438,215.0,0.0,0.0,,,,1784616015,2026-07-21 00:40:15-06:00,,
metrobus,metrobus_vehicle_positions,2026-07-21T06:40:22Z,2026-07-21,20260721T064017Z,0297cc8f-144b-41d1-9854-2a890f92cea3,,20211,0.0,03:49:30,20260721,69567,624,002A971,19.48719596862793,-99.09297943115234,248.0,0.0,0.0,,,,1784607080,2026-07-20 22:11:20-06:00,,
metrobus,metrobus_vehicle_positions,2026-07-21T06:40:22Z,2026-07-21,20260721T064017Z,1f69d676-c663-468c-8dc5-5a6628478c39,,19559,0.0,03:54:43,20260721,69568,625,002A972,19.487255096435547,-99.0929183959961,245.0,0.0,0.0,,,,1784607484,2026-07-20 22:18:04-06:00,,
metrobus,metrobus_vehicle_positions,2026-07-21T06:40:22Z,2026-07-21,20260721T064017Z,cbce49e2-15c8-4446-9fc6-508e0f0ced45,,19558,1.0,05:53:38,20260721,69569,626,002A973,19.435216903686523,-99.11473083496094,920.0,0.0,0.0,,,,1784616005,2026-07-21 00:40:05-06:00,,
metrobus,metrobus_vehicle_positions,2026-07-21T06:40:22Z,2026-07-21,20260721T064017Z,af9c66e8-a7fe-4891-85b6-0c69994d7075,,20211,0.0,04:40:31,20260721,69570,627,002A974,19.48729133605957,-99.0927963256836,241.0,0.0,0.0,,,,1784610112,2026-07-20 23:01:52-06:00,,
metrobus,metrobus_vehicle_positions,2026-07-21T06:40:22Z,2026-07-21,20260721T064017Z,9f218fca-333c-485f-914f-639410cd030d,,19558,1.0,05:49:23,20260721,69571,628,002A975,19.437686920166016,-99.11425018310547,820.0,0.0,0.0,,,,1784616006,2026-07-21 00:40:06-06:00,,
metrobus,metrobus_vehicle_positions,2026-07-21T06:40:22Z,2026-07-21,20260721T064017Z,53f981e4-dd9d-4050-b176-5090749a85d0,,20211,0.0,04:39:53,20260721,69572,629,002A976,19.48650550842285,-99.09345245361328,249.0,0.0,0.0,,,,1784609802,2026-07-20 22:56:42-06:00,,
metrobus,metrobus_vehicle_positions,2026-07-21T06:40:22Z,2026-07-21,20260721T064017Z,dbe8bbf9-6a13-4c68-9efc-ae43c7c767e1,,19499,0.0,05:20:21,20260721,70142,1066,1300127,19.49945068359375,-99.1192398071289,184.0,0.0,0.0,,,,1784616014,2026-07-21 00:40:14-06:00,,
metrobus,metrobus_vehicle_positions,2026-07-21T06:40:22Z,2026-07-21,20260721T064017Z,a5a41512-e810-44cb-9934-f81af4402cc2,,19492,0.0,05:57:03,20260721,70141,1065,1300126,19.49964141845703,-99.11896514892578,135.0,0.0,0.0,,,,1784616014,2026-07-21 00:40:14-06:00,,
metrobus,metrobus_vehicle_positions,2026-07-21T06:40:22Z,2026-07-21,20260721T064017Z,cc5acbe0-6b65-4011-ab3f-12c546d99aa3,,,,,,70140,1064,1230163,19.498960494995117,-99.11927795410156,0.0,0.0,0.0,,,,1784616006,2026-07-21 00:40:06-06:00,,
metrobus,metrobus_vehicle_positions,2026-07-21T06:40:22Z,2026-07-21,20260721T064017Z,56939164-97f9-426b-8138-17e5376a6625,,,,,,70139,1063,1230162,19.49785041809082,-99.11939239501953,200.0,0.0,0.0,,,,1784602097,2026-07-20 20:48:17-06:00,,
metrobus,metrobus_vehicle_positions,2026-07-21T06:40:22Z,2026-07-21,20260721T064017Z,c5d4034e-deed-47d6-b6b7-d3a6f7a6eda8,,,,,,70138,1062,1230161,19.49928855895996,-99.1189193725586,194.0,0.0,0.0,,,,1784616009,2026-07-21 00:40:09-06:00,,
metrobus,metrobus_vehicle_positions,2026-07-21T06:40:22Z,2026-07-21,20260721T064017Z,d015c1ce-ba87-46d4-a2b7-5b1a039e8f63,,19500,1.0,05:40:00,20260721,70137,1061,1230160,19.44894027709961,-99.1527099609375,990.0,46.0,165.6,,,,1784616000,2026-07-21 00:40:00-06:00,,
metrobus,metrobus_vehicle_positions,2026-07-21T06:40:22Z,2026-07-21,20260721T064017Z,846430fc-c5be-43ad-8b2e-89117c9733d1,,19499,0.0,06:18:40,20260721,70136,1060,1230159,19.499727249145508,-99.11974334716797,255.0,0.0,0.0,,,,1784616012,2026-07-21 00:40:12-06:00,,
metrobus,metrobus_vehicle_positions,2026-07-21T06:40:22Z,2026-07-21,20260721T064017Z,4df78d6e-5216-4a70-aa16-23b31392c979,,,,,,69612,2390,003A021,19.388376235961914,-99.05936431884766,0.0,0.0,0.0,,,,1784616008,2026-07-21 00:40:08-06:00,,
metrobus,metrobus_vehicle_positions,2026-07-21T06:40:22Z,2026-07-21,20260721T064017Z,67618037-4f89-4c9a-8926-622abd8749f4,,20211,0.0,05:19:13,20260721,69573,630,002A977,19.487197875976562,-99.09283447265625,246.0,0.0,0.0,,,,1784612359,2026-07-20 23:39:19-06:00,,
metrobus,metrobus_vehicle_positions,2026-07-21T06:40:22Z,2026-07-21,20260721T064017Z,307e7bca-e4b4-458d-90c5-95c0bf9670c6,,,,,,70135,1059,1230158,19.499475479125977,-99.11891174316406,0.0,0.0,0.0,,,,1784614217,2026-07-21 00:10:17-06:00,,
metrobus,metrobus_vehicle_positions,2026-07-21T06:40:22Z,2026-07-21,20260721T064017Z,6256d3f9-aa94-4640-9d31-e8c32fcc6638,,20211,0.0,05:45:14,20260721,69574,631,002A978,19.487211227416992,-99.09310913085938,246.0,0.0,0.0,,,,1784614265,2026-07-21 00:11:05-06:00,,
metrobus,metrobus_vehicle_positions,2026-07-21T06:40:22Z,2026-07-21,20260721T064017Z,14837ad9-32e4-40b7-ab3c-2fae482ff4d2,,19564,0.0,05:39:36,20260721,69611,2389,003A024,19.38835334777832,-99.0595474243164,0.0,0.0,0.0,,,,1784616016,2026-07-21 00:40:16-06:00,,
metrobus,metrobus_vehicle_positions,2026-07-21T06:40:22Z,2026-07-21,20260721T064017Z,5f30b495-02aa-4f1b-b2d2-c894e1f4279f,,19491,1.0,04:17:58,20260721,70134,1058,1230157,19.48595428466797,-99.12464141845703,219.0,18.0,64.8,,,,1784611091,2026-07-20 23:18:11-06:00,,
metrobus,metrobus_vehicle_positions,2026-07-21T06:40:22Z,2026-07-21,20260721T064017Z,464301c2-ec3e-48b9-9a9f-0f18919b56e1,,,,,,69575,632,002A979,19.48763656616211,-99.09349822998047,238.0,0.0,0.0,,,,1784608058,2026-07-20 22:27:38-06:00,,
metrobus,metrobus_vehicle_positions,2026-07-21T06:40:22Z,2026-07-21,20260721T064017Z,c1dd4e04-07fe-4159-95bd-380db0791c2c,,19559,0.0,04:54:18,20260721,69576,633,002A980,19.487207412719727,-99.09288024902344,245.0,0.0,0.0,,,,1784611210,2026-07-20 23:20:10-06:00,,
metrobus,metrobus_vehicle_positions,2026-07-21T06:40:22Z,2026-07-21,20260721T064017Z,796ebe27-c9e7-4304-af00-a0141c52ad6e,,,,,,70133,1057,1230156,19.497821807861328,-99.11939239501953,191.0,0.0,0.0,,,,1784616002,2026-07-21 00:40:02-06:00,,
metrobus,metrobus_vehicle_positions,2026-07-21T06:40:22Z,2026-07-21,20260721T064017Z,6dcfd3fb-f81e-4a0c-bf2d-a264590bda25,,19563,0.0,03:46:24,20260721,69610,2388,003A022,19.387596130371094,-99.06005096435547,114.0,0.0,0.0,,,,1784607015,2026-07-20 22:10:15-06:00,,
metrobus,metrobus_vehicle_positions,2026-07-21T06:40:22Z,2026-07-21,20260721T064017Z,d95dc3c4-6fa9-4e69-bb89-c39260eed491,,19563,0.0,04:56:29,20260721,69609,2387,003A020,19.388015747070312,-99.05938720703125,0.0,0.0,0.0,,,,1784612218,2026-07-20 23:36:58-06:00,,
metrobus,metrobus_vehicle_positions,2026-07-21T06:40:22Z,2026-07-21,20260721T064017Z,9da622dc-a330-450c-a2fb-8c085800bbb9,,,,,,70132,1056,1230155,19.498859405517578,-99.11935424804688,100.0,0.0,0.0,,,,1784613956,2026-07-21 00:05:56-06:00,,
metrobus,metrobus_vehicle_positions,2026-07-21T06:40:22Z,2026-07-21,20260721T064017Z,4de07f55-588a-4008-9e43-31c78aa0d37a,,,,,,70153,1077,1230020,19.4996395111084,-99.11931610107422,0.0,0.0,0.0,,,,1784615231,2026-07-21 00:27:11-06:00,,
metrobus,metrobus_vehicle_positions,2026-07-21T06:40:22Z,2026-07-21,20260721T064017Z,ff54596c-1e54-47c4-975a-fad126b4b34d,,,,,,70152,1076,1230002,19.498119354248047,-99.11872100830078,124.0,0.0,0.0,,,,1784616011,2026-07-21 00:40:11-06:00,,
metrobus,metrobus_vehicle_positions,2026-07-21T06:40:22Z,2026-07-21,20260721T064017Z,8f7a4e90-ce2c-4674-ba3a-70ff4f5823a6,,19499,0.0,04:40:04,20260721,70151,1075,1230007,19.500621795654297,-99.11910247802734,107.0,0.0,0.0,,,,1784610477,2026-07-20 23:07:57-06:00,,
metrobus,metrobus_vehicle_positions,2026-07-21T06:40:22Z,2026-07-21,20260721T064017Z,145e3979-2768-4257-a718-7efc1db25ea4,,,,,,70150,1074,1300135,19.499717712402344,-99.11937713623047,0.0,0.0,0.0,,,,1784616008,2026-07-21 00:40:08-06:00,,
metrobus,metrobus_vehicle_positions,2026-07-21T06:40:22Z,2026-07-21,20260721T064017Z,7b9b15ed-8934-4da4-9e0a-a813ec2ba37e,,19492,0.0,06:17:59,20260721,70149,1073,1300134,19.49949836730957,-99.11984252929688,201.0,0.0,0.0,,,,1784616006,2026-07-21 00:40:06-06:00,,
metrobus,metrobus_vehicle_positions,2026-07-21T06:40:22Z,2026-07-21,20260721T064017Z,d9a31695-10b5-4c27-8972-1a2023d8766c,,,,,,70148,1072,1300133,19.49944496154785,-99.11909484863281,0.0,0.0,0.0,,,,1784615437,2026-07-21 00:30:37-06:00,,
metrobus,metrobus_vehicle_positions,2026-07-21T06:40:22Z,2026-07-21,20260721T064017Z,69d86dac-90fb-47b3-846e-de72dc82cd3d,,,,,,70147,1071,1300132,19.498104095458984,-99.11936950683594,132.0,0.0,0.0,,,,1784616012,2026-07-21 00:40:12-06:00,,
metrobus,metrobus_vehicle_positions,2026-07-21T06:40:22Z,2026-07-21,20260721T064017Z,341126de-3cee-4bfc-a836-ca321f74c801,,,,,,70146,1070,1300131,19.49775505065918,-99.11944580078125,182.0,0.0,0.0,,,,1784605206,2026-07-20 21:40:06-06:00,,
metrobus,metrobus_vehicle_positions,2026-07-21T06:40:22Z,2026-07-21,20260721T064017Z,0ba85c8a-39d1-4f6b-83ae-f77bd6f9cf6d,,,,,,70145,1069,1300130,19.493379592895508,-99.11986541748047,201.0,0.0,0.0,,,,1784603904,2026-07-20 21:18:24-06:00,,
metrobus,metrobus_vehicle_positions,2026-07-21T06:40:22Z,2026-07-21,20260721T064017Z,ab6c7c81-23cf-4709-a172-a57fd77de41d,,19499,0.0,05:19:26,20260721,70144,1068,1300129,19.499826431274414,-99.11953735351562,0.0,0.0,0.0,,,,1784615605,2026-07-21 00:33:25-06:00,,
metrobus,metrobus_vehicle_positions,2026-07-21T06:40:22Z,2026-07-21,20260721T064017Z,efb6b8c9-197d-429a-b127-a2b1f1a1c4c9,,,,,,70143,1067,1300128,19.49884605407715,-99.11962890625,101.0,0.0,0.0,,,,1784613876,2026-07-21 00:04:36-06:00,,
metrobus,metrobus_vehicle_positions,2026-07-21T06:40:22Z,2026-07-21,20260721T064017Z,7cf4a387-4992-48bc-97f8-2fbf8d887bd0,,,,,,70597,A9_TESTE,,-23.006671905517578,-43.313751220703125,982.0,0.0,0.0,,,,1784584005,2026-07-20 15:46:45-06:00,,
metrobus,metrobus_vehicle_positions,2026-07-21T06:40:22Z,2026-07-21,20260721T064017Z,a933e958-0038-4b9f-b3ae-3f2839a38588,,,,,,69945,1087,1230140,19.321937561035156,-99.17292785644531,348.0,0.0,0.0,,,,1784615484,2026-07-21 00:31:24-06:00,,
metrobus,metrobus_vehicle_positions,2026-07-21T06:40:22Z,2026-07-21,20260721T064017Z,156e6883-2c63-4abe-90b1-a41c6790cb96,,,,,,69944,1086,1230139,19.277469635009766,-99.22003173828125,359.0,0.0,0.0,,,,1784615429,2026-07-21 00:30:29-06:00,,
metrobus,metrobus_vehicle_positions,2026-07-21T06:40:22Z,2026-07-21,20260721T064017Z,ba932c08-9d09-4572-94e7-9f15f45ebf62,,,,,,69943,1085,1230138,19.321687698364258,-99.17268371582031,344.0,0.0,0.0,,,,1784616009,2026-07-21 00:40:09-06:00,,
metrobus,metrobus_vehicle_positions,2026-07-21T06:40:22Z,2026-07-21,20260721T064017Z,143e8a93-6a8c-4aa4-8761-90ff6382ccd8,,,,,,69942,1084,1230137,19.321718215942383,-99.17283630371094,347.0,0.0,0.0,,,,1784606186,2026-07-20 21:56:26-06:00,,
metrobus,metrobus_vehicle_positions,2026-07-21T06:40:22Z,2026-07-21,20260721T064017Z,17e8eeb3-ddd0-43eb-8723-fe81c97ca8ef,,,,,,69941,1083,1230136,19.32152557373047,-99.17355346679688,336.0,0.0,0.0,,,,1784607839,2026-07-20 22:23:59-06:00,,
metrobus,metrobus_vehicle_positions,2026-07-21T06:40:22Z,2026-07-21,20260721T064017Z,ace811c1-8287-4a77-8667-76b082e22332,,,,,,69940,1082,1230135,19.322772979736328,-99.1733627319336,0.0,0.0,0.0,,,,1784613040,2026-07-20 23:50:40-06:00,,
metrobus,metrobus_vehicle_positions,2026-07-21T06:40:22Z,2026-07-21,20260721T064017Z,2648d0a4-688f-4e7a-b479-ae3e44356cf6,,,,,,69939,1081,1230134,19.32088279724121,-99.17290496826172,359.0,1.0,3.6,,,,1784612957,2026-07-20 23:49:17-06:00,,
metrobus,metrobus_vehicle_positions,2026-07-21T06:40:22Z,2026-07-21,20260721T064017Z,bd27b292-b2db-4c5d-8c97-98bff09402e0,,,,,,70154,1078,1230003,19.4989013671875,-99.11927795410156,252.0,0.0,0.0,,,,1784616015,2026-07-21 00:40:15-06:00,,
metrobus,metrobus_vehicle_positions,2026-07-21T06:40:22Z,2026-07-21,20260721T064017Z,1ad90aaf-a489-4186-99ee-18edffe6e2d9,,,,,,69946,1091,1230144,19.32192039489746,-99.17282104492188,347.0,0.0,0.0,,,,1784615227,2026-07-21 00:27:07-06:00,,
metrobus,metrobus_vehicle_positions,2026-07-21T06:40:22Z,2026-07-21,20260721T064017Z,d58a9590-53fc-4ec2-b91d-f4dee60a7f13,,,,,,69954,1099,1220118,19.322006225585938,-99.17289733886719,0.0,0.0,0.0,,,,1784616004,2026-07-21 00:40:04-06:00,,
metrobus,metrobus_vehicle_positions,2026-07-21T06:40:22Z,2026-07-21,20260721T064017Z,9a0aa8a2-7716-4a5f-ae7e-b887cf612b95,,,,,,69953,1098,1210117,19.32086181640625,-99.17228698730469,348.0,0.0,0.0,,,,1784613820,2026-07-21 00:03:40-06:00,,
metrobus,metrobus_vehicle_positions,2026-07-21T06:40:22Z,2026-07-21,20260721T064017Z,e6cf31c6-ba3d-4051-9289-7dfa64101cea,,19499,0.0,06:06:51,20260721,69952,1097,1230115,19.397924423217773,-99.17120361328125,196.0,25.0,90.0,,,,1784616015,2026-07-21 00:40:15-06:00,,
metrobus,metrobus_vehicle_positions,2026-07-21T06:40:22Z,2026-07-21,20260721T064017Z,39d177c9-c06b-4df1-9b47-70ba280919fd,,,,,,69951,1096,1230149,19.321870803833008,-99.17271423339844,352.0,0.0,0.0,,,,1784616005,2026-07-21 00:40:05-06:00,,
metrobus,metrobus_vehicle_positions,2026-07-21T06:40:22Z,2026-07-21,20260721T064017Z,6381bcc0-37b4-4357-9471-a117dd8afc8b,,,,,,69950,1095,1230148,19.3220272064209,-99.17265319824219,126.0,0.0,0.0,,,,1784616007,2026-07-21 00:40:07-06:00,,
metrobus,metrobus_vehicle_positions,2026-07-21T06:40:22Z,2026-07-21,20260721T064017Z,e57b1e3a-40e0-46e2-aa35-7054286757b3,,19500,1.0,06:33:37,20260721,69949,1094,1230147,19.292776107788086,-99.17778015136719,296.0,42.0,151.20000000000002,,,,1784616009,2026-07-21 00:40:09-06:00,,
metrobus,metrobus_vehicle_positions,2026-07-21T06:40:22Z,2026-07-21,20260721T064017Z,84b41d6e-0776-4ee6-b762-48e8d23d7d9e,,,,,,69948,1093,1230146,19.322998046875,-99.17317199707031,0.0,0.0,0.0,,,,1784616006,2026-07-21 00:40:06-06:00,,
metrobus,metrobus_vehicle_positions,2026-07-21T06:40:22Z,2026-07-21,20260721T064017Z,b61d8b7a-fcaa-4ef4-a186-7037db23a2c1,,,,,,69947,1092,1230145,19.32273292541504,-99.17337799072266,0.0,0.0,0.0,,,,1784609970,2026-07-20 22:59:30-06:00,,
metrobus,metrobus_vehicle_positions,2026-07-21T06:40:22Z,2026-07-21,20260721T064017Z,74c00e24-b49c-4eab-a83b-6c09da1ca814,,,,,,69995,681,1210391,19.490095138549805,-99.091796875,210.0,0.0,0.0,,,,1784596521,2026-07-20 19:15:21-06:00,,
metrobus,metrobus_vehicle_positions,2026-07-21T06:40:22Z,2026-07-21,20260721T064017Z,9982572d-8c6f-4d88-a064-b5622d94fa2d,,,,,,69997,683,1210396,19.4901123046875,-99.0916519165039,0.0,0.0,0.0,,,,1784616016,2026-07-21 00:40:16-06:00,,
metrobus,metrobus_vehicle_positions,2026-07-21T06:40:22Z,2026-07-21,20260721T064017Z,c3f6b2bd-8c84-4436-81ed-dd92729705c2,,,,,,69999,685,1210392,19.490081787109375,-99.09159088134766,0.0,0.0,0.0,,,,1784332603,2026-07-17 17:56:43-06:00,,
metrobus,metrobus_vehicle_positions,2026-07-21T06:40:22Z,2026-07-21,20260721T064017Z,5b796689-d51d-420e-b949-b52d1498a315,,20211,0.0,04:26:59,20260721,71108,9601,,19.487506866455078,-99.09290313720703,226.0,0.0,0.0,,,,1784609842,2026-07-20 22:57:22-06:00,,
metrobus,metrobus_vehicle_positions,2026-07-21T06:40:22Z,2026-07-21,20260721T064017Z,3aeea9db-cce5-4b4d-9701-5f9050e2bdff,,,,,,71180,5001,,19.422834396362305,-99.09203338623047,317.0,0.0,0.0,,,,1784612253,2026-07-20 23:37:33-06:00,,
metrobus,metrobus_vehicle_positions,2026-07-21T06:40:22Z,2026-07-21,20260721T064017Z,66a7f6f5-5d45-4d45-855d-63fb9f568ffb,,,,,,71181,5002,,19.422815322875977,-99.09221649169922,315.0,0.0,0.0,,,,1784616007,2026-07-21 00:40:07-06:00,,
metrobus,metrobus_vehicle_positions,2026-07-21T06:40:22Z,2026-07-21,20260721T064017Z,27f69c4e-5b58-4071-a01b-554e2e759c8b,,,,,,71148,5003,,19.422582626342773,-99.09257507324219,212.0,0.0,0.0,,,,1784610412,2026-07-20 23:06:52-06:00,,
metrobus,metrobus_vehicle_positions,2026-07-21T06:40:22Z,2026-07-21,20260721T064017Z,0a1d0084-10c3-4518-91eb-b6ece82de385,,,,,,72679,5004,,19.422658920288086,-99.0925064086914,210.0,0.0,0.0,,,,1784609796,2026-07-20 22:56:36-06:00,,
metrobus,metrobus_vehicle_positions,2026-07-21T06:40:22Z,2026-07-21,20260721T064017Z,48bc78fe-ab75-44f6-972f-0e1a461bc233,,,,,,69973,214,1210395,19.385480880737305,-99.04552459716797,0.0,0.0,0.0,,,,1784616018,2026-07-21 00:40:18-06:00,,
metrobus,metrobus_vehicle_positions,2026-07-21T06:40:22Z,2026-07-21,20260721T064017Z,ea1fda0a-a7d9-437d-86ca-0decb8a67264,,,,,,73095,457,,19.50938606262207,-99.1595230102539,160.0,0.0,0.0,,,,1784607769,2026-07-20 22:22:49-06:00,,
metrobus,metrobus_vehicle_positions,2026-07-21T06:40:22Z,2026-07-21,20260721T064017Z,fa48b259-6ddb-4075-8902-dc84599654c7,,,,,,69977,218,001A212,19.490083694458008,-99.09164428710938,0.0,0.0,0.0,,,,1784531463,2026-07-20 01:11:03-06:00,,
metrobus,metrobus_vehicle_positions,2026-07-21T06:40:22Z,2026-07-21,20260721T064017Z,d94dcf29-8fce-48ef-a169-74747ea092d1,,,,,,69978,219,001A213,19.38575553894043,-99.04544830322266,0.0,0.0,0.0,,,,1783718849,2026-07-10 15:27:29-06:00,,
metrobus,metrobus_vehicle_positions,2026-07-21T06:40:22Z,2026-07-21,20260721T064017Z,92e74f67-02a8-473e-b361-6c80dc2cc100,,,,,,71171,5010,,19.422758102416992,-99.09258270263672,210.0,0.0,0.0,,,,1784613626,2026-07-21 00:00:26-06:00,,
metrobus,metrobus_vehicle_positions,2026-07-21T06:40:22Z,2026-07-21,20260721T064017Z,8e9ee7fc-0c97-42d6-a14a-0950331244a1,,,,,,71178,5011,,19.42278289794922,-99.09220886230469,0.0,0.0,0.0,,,,1784615345,2026-07-21 00:29:05-06:00,,
metrobus,metrobus_vehicle_positions,2026-07-21T06:40:22Z,2026-07-21,20260721T064017Z,eef4ac54-ceba-4241-b447-bd607c661aa5,,,,,,71173,5012,,19.419410705566406,-99.09296417236328,309.0,0.0,0.0,,,,1784616017,2026-07-21 00:40:17-06:00,,
metrobus,metrobus_vehicle_positions,2026-07-21T06:40:22Z,2026-07-21,20260721T064017Z,14fc0216-aca9-4d25-87d8-0141c0ba73a4,,,,,,71156,5013,,19.41928482055664,-99.0930404663086,315.0,0.0,0.0,,,,1784616009,2026-07-21 00:40:09-06:00,,
metrobus,metrobus_vehicle_positions,2026-07-21T06:40:22Z,2026-07-21,20260721T064017Z,c3182cc1-eba0-4ed8-98a5-29c0c97a64fe,,,,,,71182,5014,,19.418048858642578,-99.09220886230469,302.0,0.0,0.0,,,,1784616014,2026-07-21 00:40:14-06:00,,
metrobus,metrobus_vehicle_positions,2026-07-21T06:40:22Z,2026-07-21,20260721T064017Z,6fd511ff-577b-4919-afb4-36bb691cbadb,,,,,,72629,5015,,19.423280715942383,-99.09220123291016,273.0,0.0,0.0,,,,1784610246,2026-07-20 23:04:06-06:00,,
metrobus,metrobus_vehicle_positions,2026-07-21T06:40:22Z,2026-07-21,20260721T064017Z,202e4a7c-96e6-406c-9f36-072b19ee5bd8,,,,,,69814,461,1260117,19.45137596130371,-99.14219665527344,103.0,32.0,115.2,,,,1784328816,2026-07-17 16:53:36-06:00,,
metrobus,metrobus_vehicle_positions,2026-07-21T06:40:22Z,2026-07-21,20260721T064017Z,717b0977-8e77-4a76-b3ff-e7a6e3909fbe,,19455,0.0,05:53:32,20260721,69815,462,1260118,19.510295867919922,-99.15878295898438,250.0,6.0,21.6,,,,1784616010,2026-07-21 00:40:10-06:00,,
metrobus,metrobus_vehicle_positions,2026-07-21T06:40:22Z,2026-07-21,20260721T064017Z,0475ac38-32a6-4e22-91c9-328bb1f6467f,,,,,,69979,220,001A214,19.488988876342773,-99.09191131591797,0.0,0.0,0.0,,,,1784549697,2026-07-20 06:14:57-06:00,,
metrobus,metrobus_vehicle_positions,2026-07-21T06:40:22Z,2026-07-21,20260721T064017Z,a1bf690d-340c-477e-a91a-decc5e849d88,,,,,,69816,463,1260119,19.5106143951416,-99.15776062011719,0.0,0.0,0.0,,,,1784610657,2026-07-20 23:10:57-06:00,,
metrobus,metrobus_vehicle_positions,2026-07-21T06:40:22Z,2026-07-21,20260721T064017Z,2a842161-a174-45f6-8163-6ad4af80883b,,19563,0.0,05:59:11,20260721,69980,221,001A142,19.395902633666992,-99.15510559082031,273.0,0.0,0.0,,,,1784616007,2026-07-21 00:40:07-06:00,,
metrobus,metrobus_vehicle_positions,2026-07-21T06:40:22Z,2026-07-21,20260721T064017Z,583fa1aa-8a23-4d37-9779-b61013841a00,,19455,0.0,05:59:00,20260721,69817,464,1260120,19.502838134765625,-99.15767669677734,283.0,44.0,158.4,,,,1784616011,2026-07-21 00:40:11-06:00,,
metrobus,metrobus_vehicle_positions,2026-07-21T06:40:22Z,2026-07-21,20260721T064017Z,e5ce1eec-e54e-4876-b0d9-706b056274f2,,,,,,69981,222,001A143,19.38556480407715,-99.04571533203125,120.0,0.0,0.0,,,,1784608104,2026-07-20 22:28:24-06:00,,
metrobus,metrobus_vehicle_positions,2026-07-21T06:40:22Z,2026-07-21,20260721T064017Z,264711d3-9f0f-4070-b145-956d73f0790b,,,,,,69818,465,1260121,19.507707595825195,-99.17161560058594,134.0,0.0,0.0,,,,1784616005,2026-07-21 00:40:05-06:00,,
metrobus,metrobus_vehicle_positions,2026-07-21T06:40:22Z,2026-07-21,20260721T064017Z,2875fbc9-6be0-48ff-8018-825697547cb4,,,,,,69982,223,001A144,19.3856201171875,-99.04570007324219,0.0,0.0,0.0,,,,1782198684,2026-06-23 01:11:24-06:00,,
metrobus,metrobus_vehicle_positions,2026-07-21T06:40:22Z,2026-07-21,20260721T064017Z,5f7841be-757c-4530-8c9f-d5380749c66e,,,,,,69819,466,1260122,19.510786056518555,-99.15739440917969,238.0,0.0,0.0,,,,1784526897,2026-07-19 23:54:57-06:00,,
metrobus,metrobus_vehicle_positions,2026-07-21T06:40:22Z,2026-07-21,20260721T064017Z,589d69ea-b83a-4c88-8a69-16956b468600,,,,,,69983,224,001A145,19.49004554748535,-99.091796875,0.0,0.0,0.0,,,,1784612003,2026-07-20 23:33:23-06:00,,
metrobus,metrobus_vehicle_positions,2026-07-21T06:40:22Z,2026-07-21,20260721T064017Z,1fd7358e-dd80-4100-9bab-aea6e9f71387,,,,,,69820,467,1260123,19.511333465576172,-99.16027069091797,343.0,0.0,0.0,,,,1784612406,2026-07-20 23:40:06-06:00,,
metrobus,metrobus_vehicle_positions,2026-07-21T06:40:22Z,2026-07-21,20260721T064017Z,4bcadbc3-cdd5-4732-958e-d245ce3087b7,,,,,,69984,225,001A146,19.38566780090332,-99.0457534790039,0.0,0.0,0.0,,,,1784615965,2026-07-21 00:39:25-06:00,,
metrobus,metrobus_vehicle_positions,2026-07-21T06:40:22Z,2026-07-21,20260721T064017Z,b8cf693f-d468-4e67-ba6e-278d30b4b8b1,,19455,0.0,05:44:12,20260721,69821,468,1260124,19.51002311706543,-99.1595687866211,250.0,0.0,0.0,,,,1784616013,2026-07-21 00:40:13-06:00,,
metrobus,metrobus_vehicle_positions,2026-07-21T06:40:22Z,2026-07-21,20260721T064017Z,078a354a-d071-4d19-ada4-c3e5c4f0bb03,,19564,0.0,04:53:08,20260721,69985,226,001A147,19.38544464111328,-99.0455322265625,0.0,0.0,0.0,,,,1784615748,2026-07-21 00:35:48-06:00,,
metrobus,metrobus_vehicle_positions,2026-07-21T06:40:22Z,2026-07-21,20260721T064017Z,1aa46609-9e27-4441-98e5-2d1b06752766,,,,,,69986,227,001A148,19.490062713623047,-99.09178161621094,0.0,0.0,0.0,,,,1784614537,2026-07-21 00:15:37-06:00,,
metrobus,metrobus_vehicle_positions,2026-07-21T06:40:22Z,2026-07-21,20260721T064017Z,61e2b17c-049c-470c-b567-4be5381e4878,,19459,0.0,06:17:45,20260721,69822,469,1260125,19.51030731201172,-99.15864562988281,679.0,4.0,14.4,,,,1784615482,2026-07-21 00:31:22-06:00,,
metrobus,metrobus_vehicle_positions,2026-07-21T06:40:22Z,2026-07-21,20260721T064017Z,4d4c6771-f08e-4a01-bba3-2b336fd8bf54,,,,,,71154,5005,,19.423124313354492,-99.09207153320312,0.0,0.0,0.0,,,,1784615922,2026-07-21 00:38:42-06:00,,
metrobus,metrobus_vehicle_positions,2026-07-21T06:40:22Z,2026-07-21,20260721T064017Z,b5ec51ce-2adf-4364-aec0-f4111abfcc4a,,,,,,69987,228,001A149,19.385475158691406,-99.0455322265625,120.0,0.0,0.0,,,,1784610853,2026-07-20 23:14:13-06:00,,
metrobus,metrobus_vehicle_positions,2026-07-21T06:40:22Z,2026-07-21,20260721T064017Z,e60203ca-a3af-4688-a965-1c321e75de8e,,19563,0.0,06:13:36,20260721,69988,229,001A150,19.38536834716797,-99.04550170898438,117.0,0.0,0.0,,,,1784616012,2026-07-21 00:40:12-06:00,,
metrobus,metrobus_vehicle_positions,2026-07-21T06:40:22Z,2026-07-21,20260721T064017Z,45dad3b7-ba40-4742-adcd-51d5f478faa2,,,,,,71223,5006,,19.422574996948242,-99.09264373779297,211.0,0.0,0.0,,,,1784611081,2026-07-20 23:18:01-06:00,,
metrobus,metrobus_vehicle_positions,2026-07-21T06:40:22Z,2026-07-21,20260721T064017Z,ac5c6dc9-56ab-4557-856c-d44f25564d68,,,,,,71172,5007,,19.422889709472656,-99.09239959716797,210.0,0.0,0.0,,,,1784610972,2026-07-20 23:16:12-06:00,,
metrobus,metrobus_vehicle_positions,2026-07-21T06:40:22Z,2026-07-21,20260721T064017Z,2823a2b1-45ca-41ca-b4f6-1322d7cd9141,,,,,,71175,5008,,19.423309326171875,-99.09229278564453,235.0,0.0,0.0,,,,1784612517,2026-07-20 23:41:57-06:00,,
metrobus,metrobus_vehicle_positions,2026-07-21T06:40:22Z,2026-07-21,20260721T064017Z,4182f47a-2f4d-47a7-a6e6-adaf24e496f0,,,,,,71184,5009,,19.422945022583008,-99.09245300292969,211.0,0.0,0.0,,,,1784614345,2026-07-21 00:12:25-06:00,,
metrobus,metrobus_vehicle_positions,2026-07-21T06:40:22Z,2026-07-21,20260721T064017Z,84ca53e1-5586-4c57-96c6-660ccb7b866e,,,,,,72778,5020,,19.423046112060547,-99.09241485595703,210.0,0.0,0.0,,,,1784615814,2026-07-21 00:36:54-06:00,,
metrobus,metrobus_vehicle_positions,2026-07-21T06:40:22Z,2026-07-21,20260721T064017Z,e5941c8f-1bae-4be5-90b2-6eaff28530ef,,,,,,71153,5021,,19.422636032104492,-99.09217834472656,256.0,0.0,0.0,,,,1784616017,2026-07-21 00:40:17-06:00,,
metrobus,metrobus_vehicle_positions,2026-07-21T06:40:22Z,2026-07-21,20260721T064017Z,a536e1bb-f779-4f63-b440-4b51a5c9124b,,,,,,71152,5022,,19.418315887451172,-99.0927505493164,300.0,0.0,0.0,,,,1784616007,2026-07-21 00:40:07-06:00,,
metrobus,metrobus_vehicle_positions,2026-07-21T06:40:22Z,2026-07-21,20260721T064017Z,f4c8b204-8931-4498-8dfa-abb2ce3488b8,,,,,,71176,5023,,19.422727584838867,-99.09263610839844,204.0,0.0,0.0,,,,1784612288,2026-07-20 23:38:08-06:00,,
metrobus,metrobus_vehicle_positions,2026-07-21T06:40:22Z,2026-07-21,20260721T064017Z,85413dbd-d49e-4856-b63c-5223321c51e5,,,,,,71155,5024,,19.42272186279297,-99.09210205078125,294.0,0.0,0.0,,,,1784615510,2026-07-21 00:31:50-06:00,,
metrobus,metrobus_vehicle_positions,2026-07-21T06:40:22Z,2026-07-21,20260721T064017Z,74b7ce82-2ba9-4c61-8011-48ea406e723f,,,,,,71190,5025,,19.422908782958984,-99.09261322021484,210.0,0.0,0.0,,,,1784608022,2026-07-20 22:27:02-06:00,,
metrobus,metrobus_vehicle_positions,2026-07-21T06:40:22Z,2026-07-21,20260721T064017Z,fd9ca9c0-f7c1-4edf-90ec-1ef5e72df9f3,,,,,,71191,5026,,19.422903060913086,-99.0925521850586,211.0,0.0,0.0,,,,1784612739,2026-07-20 23:45:39-06:00,,
metrobus,metrobus_vehicle_positions,2026-07-21T06:40:22Z,2026-07-21,20260721T064017Z,e9783295-4704-46c0-8c05-81be97b5092d,,19460,1.0,05:45:53,20260721,69823,470,1260126,19.4997501373291,-99.15577697753906,341.0,36.0,129.6,,,,1784616007,2026-07-21 00:40:07-06:00,,
metrobus,metrobus_vehicle_positions,2026-07-21T06:40:22Z,2026-07-21,20260721T064017Z,4d8064ea-9f3b-4fb5-8304-0568d6ce6e1e,,19459,0.0,05:20:30,20260721,69824,471,1260127,19.513179779052734,-99.16107177734375,158.0,35.0,126.0,,,,1784616007,2026-07-21 00:40:07-06:00,,
metrobus,metrobus_vehicle_positions,2026-07-21T06:40:22Z,2026-07-21,20260721T064017Z,887320b4-6e9a-4643-b0d5-3ee8928675d9,,19559,0.0,06:09:39,20260721,69989,230,001A151,19.489919662475586,-99.09175872802734,190.0,0.0,0.0,,,,1784616003,2026-07-21 00:40:03-06:00,,
metrobus,metrobus_vehicle_positions,2026-07-21T06:40:22Z,2026-07-21,20260721T064017Z,4b6cb4c5-49f8-4d49-a060-658a85eadf3c,,,,,,69825,472,1260128,19.511030197143555,-99.16014099121094,339.0,0.0,0.0,,,,1784616012,2026-07-21 00:40:12-06:00,,
metrobus,metrobus_vehicle_positions,2026-07-21T06:40:22Z,2026-07-21,20260721T064017Z,7373a73f-3736-4648-8392-79d2a678f4b7,,19564,0.0,05:42:13,20260721,69990,231,001A152,19.38553810119629,-99.04571533203125,122.0,0.0,0.0,,,,1784614368,2026-07-21 00:12:48-06:00,,
metrobus,metrobus_vehicle_positions,2026-07-21T06:40:22Z,2026-07-21,20260721T064017Z,4c8ccac0-8a28-48a6-91a9-234f177eca6e,,,,,,69991,232,001A153,19.38353157043457,-99.05297088623047,109.0,29.0,104.4,,,,1784616006,2026-07-21 00:40:06-06:00,,
metrobus,metrobus_vehicle_positions,2026-07-21T06:40:22Z,2026-07-21,20260721T064017Z,fe1a29f1-54a3-4f8b-a23a-afc572816f7a,,20211,0.0,06:05:01,20260721,69992,233,001A154,19.4899959564209,-99.09170532226562,193.0,0.0,0.0,,,,1784614821,2026-07-21 00:20:21-06:00,,
metrobus,metrobus_vehicle_positions,2026-07-21T06:40:22Z,2026-07-21,20260721T064017Z,d4439f32-cc41-4704-ace8-4a2ef5382133,,19567,1.0,06:05:39,20260721,69994,235,001A156,19.39266014099121,-99.08857727050781,125.0,38.0,136.8,,,,1784616004,2026-07-21 00:40:04-06:00,,
metrobus,metrobus_vehicle_positions,2026-07-21T06:40:22Z,2026-07-21,20260721T064017Z,e65961a1-9d9f-419f-bda7-dc4115a76a93,,,,,,71179,5016,,19.4226131439209,-99.09266662597656,209.0,0.0,0.0,,,,1784611455,2026-07-20 23:24:15-06:00,,
metrobus,metrobus_vehicle_positions,2026-07-21T06:40:22Z,2026-07-21,20260721T064017Z,db536e4f-b4dc-429b-8b9b-536e4efb3a99,,,,,,72777,5017,,19.422574996948242,-99.09268951416016,0.0,0.0,0.0,,,,1784613788,2026-07-21 00:03:08-06:00,,
metrobus,metrobus_vehicle_positions,2026-07-21T06:40:22Z,2026-07-21,20260721T064017Z,532a9c75-07bc-4d04-a406-a6392583d575,,,,,,71186,5018,,19.42284393310547,-99.09208679199219,377.0,0.0,0.0,,,,1784612675,2026-07-20 23:44:35-06:00,,
metrobus,metrobus_vehicle_positions,2026-07-21T06:40:22Z,2026-07-21,20260721T064017Z,91bcceb7-685e-4ec4-a3e3-b97ee966151e,,,,,,71188,5019,,19.422727584838867,-99.09228515625,354.0,0.0,0.0,,,,1784616013,2026-07-21 00:40:13-06:00,,
metrobus,metrobus_vehicle_positions,2026-07-21T06:40:22Z,2026-07-21,20260721T064017Z,1366baea-6639-438a-8cf2-dff10898358d,,,,,,71195,5030,,19.422622680664062,-99.09257507324219,276.0,0.0,0.0,,,,1784616015,2026-07-21 00:40:15-06:00,,
metrobus,metrobus_vehicle_positions,2026-07-21T06:40:22Z,2026-07-21,20260721T064017Z,03d2810e-4add-4b55-aa7a-88b97d099c0a,,,,,,71196,5031,,19.423538208007812,-99.09407806396484,0.0,0.0,0.0,,,,1784614137,2026-07-21 00:08:57-06:00,,
metrobus,metrobus_vehicle_positions,2026-07-21T06:40:22Z,2026-07-21,20260721T064017Z,61cb94ea-7fd2-4eb7-b5b6-34b80e741fde,,,,,,71198,5032,,19.422821044921875,-99.09242248535156,209.0,0.0,0.0,,,,1784614197,2026-07-21 00:09:57-06:00,,
metrobus,metrobus_vehicle_positions,2026-07-21T06:40:22Z,2026-07-21,20260721T064017Z,9b3a107b-0d01-4842-9ece-6aeb3b8a83d5,,,,,,71202,5033,,19.437755584716797,-99.14820861816406,281.0,39.0,140.4,,,,1784575768,2026-07-20 13:29:28-06:00,,
metrobus,metrobus_vehicle_positions,2026-07-21T06:40:22Z,2026-07-21,20260721T064017Z,48b2af80-c1ad-4a1f-b4bb-e400713f092e,,,,,,71203,5034,,19.420366287231445,-99.09235382080078,322.0,0.0,0.0,,,,1784616005,2026-07-21 00:40:05-06:00,,
metrobus,metrobus_vehicle_positions,2026-07-21T06:40:22Z,2026-07-21,20260721T064017Z,3aa8df91-f1ee-4eb0-83a6-0f231c529403,,,,,,74948,5035,,19.430126190185547,-99.11526489257812,966.0,0.0,0.0,,,,1784608318,2026-07-20 22:31:58-06:00,,
metrobus,metrobus_vehicle_positions,2026-07-21T06:40:22Z,2026-07-21,20260721T064017Z,257e291b-e114-450f-9304-f7d1dcbee14e,,,,,,71205,5036,,19.42291259765625,-99.092529296875,213.0,0.0,0.0,,,,1784612841,2026-07-20 23:47:21-06:00,,
metrobus,metrobus_vehicle_positions,2026-07-21T06:40:22Z,2026-07-21,20260721T064017Z,aa68d0f8-56ec-4df4-a5ec-e6937b564ca0,,,,,,71207,5037,,19.42254066467285,-99.09197235107422,305.0,0.0,0.0,,,,1784615642,2026-07-21 00:34:02-06:00,,
metrobus,metrobus_vehicle_positions,2026-07-21T06:40:22Z,2026-07-21,20260721T064017Z,8b0352d6-8f6a-4fff-9300-3682196f0511,,,,,,71192,5027,,19.42251968383789,-99.09268951416016,210.0,0.0,0.0,,,,1784613571,2026-07-20 23:59:31-06:00,,
metrobus,metrobus_vehicle_positions,2026-07-21T06:40:22Z,2026-07-21,20260721T064017Z,3755d027-c03a-458e-874b-16494689ba7c,,,,,,71193,5028,,19.422758102416992,-99.09207153320312,0.0,0.0,0.0,,,,1784614770,2026-07-21 00:19:30-06:00,,
metrobus,metrobus_vehicle_positions,2026-07-21T06:40:22Z,2026-07-21,20260721T064017Z,8b37de2b-c67a-4191-8909-6ab320da80a8,,,,,,71194,5029,,19.422761917114258,-99.09212493896484,0.0,0.0,0.0,,,,1784613719,2026-07-21 00:01:59-06:00,,
metrobus,metrobus_vehicle_positions,2026-07-21T06:40:22Z,2026-07-21,20260721T064017Z,c5bf06d6-3152-485b-a38b-294c31d1772a,,,,,,71216,5042,,19.4216251373291,-99.09146881103516,364.0,0.0,0.0,,,,1784616017,2026-07-21 00:40:17-06:00,,
metrobus,metrobus_vehicle_positions,2026-07-21T06:40:22Z,2026-07-21,20260721T064017Z,5b6ac1ee-6c09-4891-bd0d-018c9a9fcf6d,,,,,,71218,5043,,19.422988891601562,-99.09175872802734,204.0,0.0,0.0,,,,1784616017,2026-07-21 00:40:17-06:00,,
metrobus,metrobus_vehicle_positions,2026-07-21T06:40:22Z,2026-07-21,20260721T064017Z,f9dc810a-3fab-40ff-b8c3-d49004c621ac,,,,,,71219,5044,,19.422855377197266,-99.09249877929688,214.0,0.0,0.0,,,,1784613893,2026-07-21 00:04:53-06:00,,
metrobus,metrobus_vehicle_positions,2026-07-21T06:40:22Z,2026-07-21,20260721T064017Z,53da5ea2-9ca9-4b07-9bf3-150ce0403592,,,,,,71217,5045,,19.422285079956055,-99.09246826171875,300.0,0.0,0.0,,,,1784616002,2026-07-21 00:40:02-06:00,,
metrobus,metrobus_vehicle_positions,2026-07-21T06:40:22Z,2026-07-21,20260721T064017Z,58bbc469-35fb-4240-a836-01ca7cb97430,,19458,1.0,06:33:03,20260721,69828,9403,003A010,19.44243812561035,-99.14799499511719,125.0,41.0,147.6,,,,1784616005,2026-07-21 00:40:05-06:00,,
metrobus,metrobus_vehicle_positions,2026-07-21T06:40:22Z,2026-07-21,20260721T064017Z,c746d54f-b1a6-4550-8193-dd53b2a4d3ec,,,,,,71215,5046,,19.419513702392578,-99.09288024902344,333.0,0.0,0.0,,,,1784616008,2026-07-21 00:40:08-06:00,,
metrobus,metrobus_vehicle_positions,2026-07-21T06:40:22Z,2026-07-21,20260721T064017Z,00635d4a-4a97-4d5f-8123-d0db85504833,,19455,0.0,06:19:26,20260721,69829,9404,003A011,19.51082992553711,-99.15777587890625,243.0,0.0,0.0,,,,1784616002,2026-07-21 00:40:02-06:00,,
metrobus,metrobus_vehicle_positions,2026-07-21T06:40:22Z,2026-07-21,20260721T064017Z,d7170996-2b62-4369-83d3-61c5532e00aa,,,,,,71213,5047,,19.42271614074707,-99.09214782714844,292.0,0.0,0.0,,,,1784615828,2026-07-21 00:37:08-06:00,,
metrobus,metrobus_vehicle_positions,2026-07-21T06:40:22Z,2026-07-21,20260721T064017Z,eeff024c-88a9-4b0c-b553-5d9c119858d6,,19457,0.0,05:20:00,20260721,69826,9401,TienepermisodeSEMOVI,19.5105037689209,-99.158203125,231.0,0.0,0.0,,,,1784612194,2026-07-20 23:36:34-06:00,,
metrobus,metrobus_vehicle_positions,2026-07-21T06:40:22Z,2026-07-21,20260721T064017Z,4ece292a-0046-4128-bb02-162a2b0b1c54,,,,,,74963,5048,,19.430103302001953,-99.1152114868164,0.0,0.0,0.0,,,,1784571932,2026-07-20 12:25:32-06:00,,
metrobus,metrobus_vehicle_positions,2026-07-21T06:40:22Z,2026-07-21,20260721T064017Z,644870d2-c08f-4290-ab96-161681f9d51c,,,,,,69827,9402,003A009,19.510515213012695,-99.15743255615234,0.0,0.0,0.0,,,,1784616005,2026-07-21 00:40:05-06:00,,
metrobus,metrobus_vehicle_positions,2026-07-21T06:40:22Z,2026-07-21,20260721T064017Z,e527f593-f89d-4a26-8407-fd5d3e39cea6,,,,,,71212,5040,,19.42003059387207,-99.09257507324219,316.0,0.0,0.0,,,,1784616008,2026-07-21 00:40:08-06:00,,
metrobus,metrobus_vehicle_positions,2026-07-21T06:40:22Z,2026-07-21,20260721T064017Z,89be5a7c-34be-4e4c-bf7a-7e623cf50b1e,,,,,,71209,5038,,19.4229736328125,-99.09164428710938,0.0,0.0,0.0,,,,1784616011,2026-07-21 00:40:11-06:00,,
metrobus,metrobus_vehicle_positions,2026-07-21T06:40:22Z,2026-07-21,20260721T064017Z,110a0cb5-55a9-46d4-86e5-84bf7a477b16,,,,,,71211,5039,,19.4232234954834,-99.092041015625,0.0,0.0,0.0,,,,1784615880,2026-07-21 00:38:00-06:00,,
metrobus,metrobus_vehicle_positions,2026-07-21T06:40:22Z,2026-07-21,20260721T064017Z,8f30ac09-b02f-4335-9729-801fd5d97d43,,19459,0.0,04:58:50,20260721,69835,9410,003A017,19.51046371459961,-99.15814971923828,231.0,0.0,0.0,,,,1784610999,2026-07-20 23:16:39-06:00,,
metrobus,metrobus_vehicle_positions,2026-07-21T06:40:22Z,2026-07-21,20260721T064017Z,6a98af1c-f9c8-40a3-86fd-25afcb2aaab5,,,,,,71200,5052,,19.42319107055664,-99.09405517578125,288.0,0.0,0.0,,,,1784611815,2026-07-20 23:30:15-06:00,,
metrobus,metrobus_vehicle_positions,2026-07-21T06:40:22Z,2026-07-21,20260721T064017Z,3768a12d-555b-43fe-9843-2bc1ff7e35fb,,,,,,71199,5053,,19.422700881958008,-99.092529296875,216.0,0.0,0.0,,,,1784611968,2026-07-20 23:32:48-06:00,,
metrobus,metrobus_vehicle_positions,2026-07-21T06:40:22Z,2026-07-21,20260721T064017Z,a1d10b4a-8c5b-4950-8a53-150898fcbbec,,19457,0.0,05:21:42,20260721,69836,9411,,19.510120391845703,-99.1592025756836,264.0,0.0,0.0,,,,1784612854,2026-07-20 23:47:34-06:00,,
metrobus,metrobus_vehicle_positions,2026-07-21T06:40:22Z,2026-07-21,20260721T064017Z,4fc0cc3d-29c5-4a7c-b029-c5795d8b3015,,,,,,71197,5054,,19.41898536682129,-99.0930404663086,339.0,0.0,0.0,,,,1784616017,2026-07-21 00:40:17-06:00,,
metrobus,metrobus_vehicle_positions,2026-07-21T06:40:22Z,2026-07-21,20260721T064017Z,da1422f8-183c-4227-ad64-9a5331a160c5,,19429,0.0,05:28:07,20260721,69839,9414,,19.510793685913086,-99.1583251953125,296.0,0.0,0.0,,,,1784613028,2026-07-20 23:50:28-06:00,,
metrobus,metrobus_vehicle_positions,2026-07-21T06:40:22Z,2026-07-21,20260721T064017Z,2b770d21-46a0-415e-baaa-162072dfb419,,,,,,72781,5056,,19.418235778808594,-99.09257507324219,302.0,0.0,0.0,,,,1784616010,2026-07-21 00:40:10-06:00,,
metrobus,metrobus_vehicle_positions,2026-07-21T06:40:22Z,2026-07-21,20260721T064017Z,c9ba6cc0-5ce7-4ab0-9ee3-be835dd39c36,,,,,,74652,5057,,19.422563552856445,-99.09209442138672,457.0,0.0,0.0,,,,1784611174,2026-07-20 23:19:34-06:00,,
metrobus,metrobus_vehicle_positions,2026-07-21T06:40:22Z,2026-07-21,20260721T064017Z,33184b89-e56e-4afa-9805-a838fc4758e5,,19457,0.0,04:40:33,20260721,69840,9415,,19.510522842407227,-99.15798950195312,187.0,0.0,0.0,,,,1784610084,2026-07-20 23:01:24-06:00,,
metrobus,metrobus_vehicle_positions,2026-07-21T06:40:22Z,2026-07-21,20260721T064017Z,76eb2f18-937b-4cf0-8662-38142774cccb,,19457,0.0,04:58:59,20260721,69837,9412,,19.51045036315918,-99.15814971923828,214.0,0.0,0.0,,,,1784611460,2026-07-20 23:24:20-06:00,,
metrobus,metrobus_vehicle_positions,2026-07-21T06:40:22Z,2026-07-21,20260721T064017Z,1535f449-6637-46d1-a3f9-8d2fb6520a83,,27055,1.0,06:05:27,20260721,73391,5058,,19.430316925048828,-99.14141082763672,277.0,0.0,0.0,,,,1784616007,2026-07-21 00:40:07-06:00,,
metrobus,metrobus_vehicle_positions,2026-07-21T06:40:22Z,2026-07-21,20260721T064017Z,07eae3c5-4343-43c2-8b58-d042c1c1f948,,19459,0.0,05:57:21,20260721,69838,9413,,19.510196685791016,-99.1588134765625,234.0,0.0,0.0,,,,1784615369,2026-07-21 00:29:29-06:00,,
metrobus,metrobus_vehicle_positions,2026-07-21T06:40:22Z,2026-07-21,20260721T064017Z,422b52ff-9e7c-4092-93e8-136f56c312ed,,,,,,74648,5059,,19.4224796295166,-99.0921401977539,183.0,0.0,0.0,,,,1784616014,2026-07-21 00:40:14-06:00,,
metrobus,metrobus_vehicle_positions,2026-07-21T06:40:22Z,2026-07-21,20260721T064017Z,42ee640c-95f8-4a2e-9542-2fbf7eadec82,,,,,,71206,5050,,19.423175811767578,-99.09394836425781,303.0,0.0,0.0,,,,1784610879,2026-07-20 23:14:39-06:00,,
metrobus,metrobus_vehicle_positions,2026-07-21T06:40:22Z,2026-07-21,20260721T064017Z,a1bd85ec-0997-4284-8a93-45462d83e386,,,,,,71201,5051,,19.42310905456543,-99.09172058105469,231.0,0.0,0.0,,,,1784614228,2026-07-21 00:10:28-06:00,,
metrobus,metrobus_vehicle_positions,2026-07-21T06:40:22Z,2026-07-21,20260721T064017Z,341b1467-c695-44f8-9d89-fe9d31afaa8e,,,,,,71208,5049,,19.42266273498535,-99.09248352050781,0.0,0.0,0.0,,,,1784610673,2026-07-20 23:11:13-06:00,,
metrobus,metrobus_vehicle_positions,2026-07-21T06:40:22Z,2026-07-21,20260721T064017Z,367cb533-06aa-482d-bcaf-92136551d35a,,19457,0.0,05:52:27,20260721,69832,9407,003A014,19.51038360595703,-99.1583251953125,220.0,0.0,0.0,,,,1784614308,2026-07-21 00:11:48-06:00,,
metrobus,metrobus_vehicle_positions,2026-07-21T06:40:22Z,2026-07-21,20260721T064017Z,f62a5f4e-190b-4c1c-a2d9-cf323719f625,,19459,0.0,05:42:05,20260721,74084,9405,,19.510427474975586,-99.15827178955078,263.0,0.0,0.0,,,,1784613580,2026-07-20 23:59:40-06:00,,
metrobus,metrobus_vehicle_positions,2026-07-21T06:40:22Z,2026-07-21,20260721T064017Z,d0a9174e-55ee-4e93-96b3-6faf0a74aecf,,19457,0.0,05:54:21,20260721,69831,9406,003A013,19.510316848754883,-99.15851593017578,259.0,0.0,0.0,,,,1784614467,2026-07-21 00:14:27-06:00,,
metrobus,metrobus_vehicle_positions,2026-07-21T06:40:22Z,2026-07-21,20260721T064017Z,17e67bcd-46c8-4178-b01f-21aa01db0962,,19457,0.0,06:01:25,20260721,69834,9409,003A016,19.510286331176758,-99.15876007080078,270.0,0.0,0.0,,,,1784615538,2026-07-21 00:32:18-06:00,,
metrobus,metrobus_vehicle_positions,2026-07-21T06:40:22Z,2026-07-21,20260721T064017Z,a3f5a373-f031-4fe9-8602-de2c7365d192,,19429,0.0,06:08:35,20260721,67988,9421,,19.51056480407715,-99.15851593017578,264.0,0.0,0.0,,,,1784615606,2026-07-21 00:33:26-06:00,,
metrobus,metrobus_vehicle_positions,2026-07-21T06:40:22Z,2026-07-21,20260721T064017Z,d859da37-6753-4368-ae8f-0234493b22e4,,,,,,74650,5063,,19.42261505126953,-99.09244537353516,330.0,0.0,0.0,,,,1784616003,2026-07-21 00:40:03-06:00,,
metrobus,metrobus_vehicle_positions,2026-07-21T06:40:22Z,2026-07-21,20260721T064017Z,1bed1214-db79-4edc-8bd4-3deb9ddabd4b,,,,,,74659,5064,,19.445199966430664,-99.15216827392578,550.0,0.0,0.0,,,,1784616015,2026-07-21 00:40:15-06:00,,
metrobus,metrobus_vehicle_positions,2026-07-21T06:40:22Z,2026-07-21,20260721T064017Z,ca2d3963-b7c8-44bb-9860-bc835d7f7b42,,19459,0.0,06:13:11,20260721,67987,9422,,19.510364532470703,-99.1585464477539,283.0,0.0,0.0,,,,1784616003,2026-07-21 00:40:03-06:00,,
metrobus,metrobus_vehicle_positions,2026-07-21T06:40:22Z,2026-07-21,20260721T064017Z,d41a9ab2-df20-4254-bb6d-539e50ae43d6,,27055,1.0,04:32:58,20260721,74644,5065,,19.42247772216797,-99.09220886230469,901.0,0.0,0.0,,,,1784609463,2026-07-20 22:51:03-06:00,,
metrobus,metrobus_vehicle_positions,2026-07-21T06:40:22Z,2026-07-21,20260721T064017Z,69196f49-8d70-4077-9f66-e6f1cc1ef324,,,,,,69845,9420,,19.51072883605957,-99.15711975097656,0.0,0.0,0.0,,,,1784615566,2026-07-21 00:32:46-06:00,,
metrobus,metrobus_vehicle_positions,2026-07-21T06:40:22Z,2026-07-21,20260721T064017Z,9e3c1ffe-5750-4bcb-9ed6-68742c4d2c98,,,,,,74667,5066,,19.42245101928711,-99.09199523925781,119.0,0.0,0.0,,,,1784616012,2026-07-21 00:40:12-06:00,,
metrobus,metrobus_vehicle_positions,2026-07-21T06:40:22Z,2026-07-21,20260721T064017Z,7086d332-1ff3-4adc-90e2-22efb131bec7,,,,,,69850,9425,,19.529033660888672,-99.17009735107422,351.0,0.0,0.0,,,,1784616016,2026-07-21 00:40:16-06:00,,
metrobus,metrobus_vehicle_positions,2026-07-21T06:40:22Z,2026-07-21,20260721T064017Z,3b6be042-f9b0-4b0c-80c0-3ad4ae1c8e7c,,,,,,74647,5067,,19.42236328125,-99.09199523925781,121.0,0.0,0.0,,,,1784616011,2026-07-21 00:40:11-06:00,,
metrobus,metrobus_vehicle_positions,2026-07-21T06:40:22Z,2026-07-21,20260721T064017Z,f4118c3a-f9e5-4a38-9613-ef754212ee2b,,19455,0.0,06:10:16,20260721,69851,9426,,19.51059341430664,-99.15837097167969,318.0,0.0,0.0,,,,1784615889,2026-07-21 00:38:09-06:00,,
metrobus,metrobus_vehicle_positions,2026-07-21T06:40:22Z,2026-07-21,20260721T064017Z,039aba9f-79dd-4f9f-9c81-57a74a80c990,,,,,,74669,5068,,19.4197998046875,-99.09269714355469,351.0,7.0,25.2,,,,1784616011,2026-07-21 00:40:11-06:00,,
metrobus,metrobus_vehicle_positions,2026-07-21T06:40:22Z,2026-07-21,20260721T064017Z,acfa275b-a5b2-4656-9853-2f30fa08f677,,19459,0.0,05:36:16,20260721,69848,9423,,19.510374069213867,-99.15849304199219,268.0,0.0,0.0,,,,1784613246,2026-07-20 23:54:06-06:00,,
metrobus,metrobus_vehicle_positions,2026-07-21T06:40:22Z,2026-07-21,20260721T064017Z,c7a6c409-b10d-4083-8a16-7e929bf08fa2,,,,,,69849,9424,,19.425722122192383,-99.15193176269531,957.0,30.0,108.0,,,,1784616014,2026-07-21 00:40:14-06:00,,
metrobus,metrobus_vehicle_positions,2026-07-21T06:40:22Z,2026-07-21,20260721T064017Z,6bf89a46-13a1-4bbb-b974-ecb65eb62071,,,,,,74651,5060,,19.422523498535156,-99.09220123291016,0.0,0.0,0.0,,,,1784610968,2026-07-20 23:16:08-06:00,,
metrobus,metrobus_vehicle_positions,2026-07-21T06:40:22Z,2026-07-21,20260721T064017Z,64280104-3141-4d79-aece-bed2ee4cc39a,,,,,,74646,5061,,19.41962242126465,-99.0927734375,333.0,4.0,14.4,,,,1784616013,2026-07-21 00:40:13-06:00,,
metrobus,metrobus_vehicle_positions,2026-07-21T06:40:22Z,2026-07-21,20260721T064017Z,9920a178-85dd-4624-a400-595245351fd8,,,,,,74660,5062,,19.422283172607422,-99.0924301147461,0.0,0.0,0.0,,,,1784616018,2026-07-21 00:40:18-06:00,,
metrobus,metrobus_vehicle_positions,2026-07-21T06:40:22Z,2026-07-21,20260721T064017Z,7389102d-2a8c-4e9e-a469-24cf5002350a,,19457,0.0,04:34:22,20260721,69843,9418,,19.510019302368164,-99.15939331054688,249.0,0.0,0.0,,,,1784609879,2026-07-20 22:57:59-06:00,,
metrobus,metrobus_vehicle_positions,2026-07-21T06:40:22Z,2026-07-21,20260721T064017Z,bba8938d-79f9-4aaf-a7fd-88eaa74f821d,,19457,0.0,05:15:24,20260721,69844,9419,,19.510255813598633,-99.15878295898438,287.0,0.0,0.0,,,,1784612385,2026-07-20 23:39:45-06:00,,
metrobus,metrobus_vehicle_positions,2026-07-21T06:40:22Z,2026-07-21,20260721T064017Z,811814a9-c532-43c4-abca-452fbe2e406e,,,,,,69841,9416,,19.510845184326172,-99.15718078613281,0.0,0.0,0.0,,,,1784038530,2026-07-14 08:15:30-06:00,,
metrobus,metrobus_vehicle_positions,2026-07-21T06:40:22Z,2026-07-21,20260721T064017Z,eadd24d8-c790-47fb-beee-7398e7132f58,,19459,0.0,06:22:50,20260721,69842,9417,,19.51082992553711,-99.15775299072266,241.0,4.0,14.4,,,,1784616009,2026-07-21 00:40:09-06:00,,
metrobus,metrobus_vehicle_positions,2026-07-21T06:40:22Z,2026-07-21,20260721T064017Z,ec3bdd6d-5891-4dcf-b6c4-471bcc376998,,19455,0.0,05:57:06,20260721,69857,9432,,19.510221481323242,-99.15906524658203,281.0,0.0,0.0,,,,1784615234,2026-07-21 00:27:14-06:00,,
metrobus,metrobus_vehicle_positions,2026-07-21T06:40:22Z,2026-07-21,20260721T064017Z,56ef8928-564d-4c63-88d0-930b50c59a8b,,19457,0.0,04:01:53,20260721,69858,9433,,19.51007843017578,-99.15943908691406,256.0,0.0,0.0,,,,1784607733,2026-07-20 22:22:13-06:00,,
metrobus,metrobus_vehicle_positions,2026-07-21T06:40:22Z,2026-07-21,20260721T064017Z,f52960a3-c877-4921-a551-37a93d46ba3c,,,,,,69855,9430,,19.52849578857422,-99.16999816894531,330.0,9.0,32.4,,,,1784616013,2026-07-21 00:40:13-06:00,,
metrobus,metrobus_vehicle_positions,2026-07-21T06:40:22Z,2026-07-21,20260721T064017Z,50b2cf37-932e-4252-b8c0-f29fb78e66e4,,19459,0.0,05:54:56,20260721,69856,9431,,19.510324478149414,-99.15850830078125,212.0,0.0,0.0,,,,1784614637,2026-07-21 00:17:17-06:00,,
metrobus,metrobus_vehicle_positions,2026-07-21T06:40:22Z,2026-07-21,20260721T064017Z,161a8105-28bd-4703-a79f-5b4ac4f958bf,,,,,,69861,9436,,19.528564453125,-99.17005157470703,332.0,22.0,79.2,,,,1784616007,2026-07-21 00:40:07-06:00,,
metrobus,metrobus_vehicle_positions,2026-07-21T06:40:22Z,2026-07-21,20260721T064017Z,ebd1a5c8-3f4b-45a1-9cec-82a17545e2eb,,19457,0.0,05:48:35,20260721,69862,9437,,19.510272979736328,-99.15859985351562,232.0,0.0,0.0,,,,1784614377,2026-07-21 00:12:57-06:00,,
metrobus,metrobus_vehicle_positions,2026-07-21T06:40:22Z,2026-07-21,20260721T064017Z,8df9e4a5-07a2-4b25-b17c-8c9c4934c205,,19457,0.0,05:26:36,20260721,69859,9434,,19.510255813598633,-99.1586685180664,271.0,0.0,0.0,,,,1784612831,2026-07-20 23:47:11-06:00,,
metrobus,metrobus_vehicle_positions,2026-07-21T06:40:22Z,2026-07-21,20260721T064017Z,dd685467-b439-4ade-a167-d628cc2f2ac8,,,,,,69860,9435,,19.51015281677246,-99.1590347290039,212.0,0.0,0.0,,,,1784611327,2026-07-20 23:22:07-06:00,,
metrobus,metrobus_vehicle_positions,2026-07-21T06:40:22Z,2026-07-21,20260721T064017Z,3206fecc-fdf7-4b67-af77-a517f037f68b,,,,,,73390,5070,,19.422374725341797,-99.09190368652344,116.0,0.0,0.0,,,,1784611774,2026-07-20 23:29:34-06:00,,
metrobus,metrobus_vehicle_positions,2026-07-21T06:40:22Z,2026-07-21,20260721T064017Z,8703b35d-e42c-4041-89bd-d6b32c8d0f7b,,,,,,74668,5071,,19.42011070251465,-99.0925064086914,324.0,0.0,0.0,,,,1784616004,2026-07-21 00:40:04-06:00,,
metrobus,metrobus_vehicle_positions,2026-07-21T06:40:22Z,2026-07-21,20260721T064017Z,2f6ca964-6725-439c-9608-5953399fd9f8,,,,,,74658,5072,,19.422592163085938,-99.09208679199219,937.0,0.0,0.0,,,,1784583124,2026-07-20 15:32:04-06:00,,
metrobus,metrobus_vehicle_positions,2026-07-21T06:40:22Z,2026-07-21,20260721T064017Z,6f1607a4-e2da-46c4-b7a3-c7714a658db9,,19429,0.0,05:33:45,20260721,70493,9429,,19.510173797607422,-99.15910339355469,238.0,0.0,0.0,,,,1784613426,2026-07-20 23:57:06-06:00,,
metrobus,metrobus_vehicle_positions,2026-07-21T06:40:22Z,2026-07-21,20260721T064017Z,e54b0c28-4dc7-4501-81ae-3d56089dbff6,,19457,0.0,04:44:43,20260721,69852,9427,,19.51022720336914,-99.15910339355469,0.0,0.0,0.0,,,,1784612119,2026-07-20 23:35:19-06:00,,
metrobus,metrobus_vehicle_positions,2026-07-21T06:40:22Z,2026-07-21,20260721T064017Z,179748c4-f5a6-4d9b-9f9b-c5353d8e4ab2,,,,,,69853,9428,,19.510902404785156,-99.1573486328125,0.0,0.0,0.0,,,,1784584293,2026-07-20 15:51:33-06:00,,
metrobus,metrobus_vehicle_positions,2026-07-21T06:40:22Z,2026-07-21,20260721T064017Z,d0b0e8c3-0339-4c03-8505-b991b66d4a4d,,19459,0.0,06:34:10,20260721,69868,9443,,19.51010513305664,-99.15908813476562,679.0,0.0,0.0,,,,1784616012,2026-07-21 00:40:12-06:00,,
metrobus,metrobus_vehicle_positions,2026-07-21T06:40:22Z,2026-07-21,20260721T064017Z,8522b113-1275-4b57-aec0-3a9cbd2102e1,,19459,0.0,06:09:56,20260721,69869,9444,,19.510272979736328,-99.15877532958984,0.0,0.0,0.0,,,,1784615804,2026-07-21 00:36:44-06:00,,
metrobus,metrobus_vehicle_positions,2026-07-21T06:40:22Z,2026-07-21,20260721T064017Z,9bacae0e-a695-477e-a5a1-f5c4d1514a24,,19456,1.0,06:13:37,20260721,69866,9441,,19.507816314697266,-99.15868377685547,341.0,40.0,144.0,,,,1784616013,2026-07-21 00:40:13-06:00,,
metrobus,metrobus_vehicle_positions,2026-07-21T06:40:22Z,2026-07-21,20260721T064017Z,837f42fe-2c14-4d78-baf8-327b816dccf4,,19459,0.0,06:38:48,20260721,69867,9442,,19.52501106262207,-99.1674575805664,145.0,44.0,158.4,,,,1784616003,2026-07-21 00:40:03-06:00,,
metrobus,metrobus_vehicle_positions,2026-07-21T06:40:22Z,2026-07-21,20260721T064017Z,da2e714d-1e58-4588-b250-f42e7887707e,,19457,0.0,04:50:55,20260721,69872,9447,,19.510116577148438,-99.1591567993164,218.0,0.0,0.0,,,,1784610479,2026-07-20 23:07:59-06:00,,
metrobus,metrobus_vehicle_positions,2026-07-21T06:40:22Z,2026-07-21,20260721T064017Z,c239402b-bec5-47f2-9f1a-540a01236863,,19455,0.0,06:35:37,20260721,69873,9448,,19.515371322631836,-99.16194152832031,159.0,38.0,136.8,,,,1784616008,2026-07-21 00:40:08-06:00,,
metrobus,metrobus_vehicle_positions,2026-07-21T06:40:22Z,2026-07-21,20260721T064017Z,45cff473-534b-4c61-9d11-4ee767a29edc,,19460,1.0,05:36:03,20260721,69870,9445,,19.522846221923828,-99.16560363769531,320.0,0.0,0.0,,,,1784616004,2026-07-21 00:40:04-06:00,,
metrobus,metrobus_vehicle_positions,2026-07-21T06:40:22Z,2026-07-21,20260721T064017Z,066f651f-59da-4cf0-b97b-10a43f9cab39,,,,,,69871,9446,,19.371990203857422,-99.16096496582031,121.0,0.0,0.0,,,,1784616008,2026-07-21 00:40:08-06:00,,
metrobus,metrobus_vehicle_positions,2026-07-21T06:40:22Z,2026-07-21,20260721T064017Z,473a6818-ae5e-4523-9bf6-ce397a6a4b19,,19457,0.0,04:44:13,20260721,69865,9440,,19.510112762451172,-99.15925598144531,217.0,0.0,0.0,,,,1784610318,2026-07-20 23:05:18-06:00,,
metrobus,metrobus_vehicle_positions,2026-07-21T06:40:22Z,2026-07-21,20260721T064017Z,6f04a2f3-3086-40cb-9c3c-f50dec7f8988,,19460,1.0,06:33:58,20260721,69863,9438,,19.391769409179688,-99.15631103515625,470.0,0.0,0.0,,,,1784616015,2026-07-21 00:40:15-06:00,,
metrobus,metrobus_vehicle_positions,2026-07-21T06:40:22Z,2026-07-21,20260721T064017Z,79ee23bb-7043-4b81-8ccb-064fa56c2eaa,,19457,0.0,04:38:05,20260721,69864,9439,,19.510108947753906,-99.15924835205078,255.0,0.0,0.0,,,,1784610207,2026-07-20 23:03:27-06:00,,
metrobus,metrobus_vehicle_positions,2026-07-21T06:40:22Z,2026-07-21,20260721T064017Z,4d924a69-3024-4c70-9346-3d3639f89fd8,,19457,0.0,05:29:38,20260721,69879,9454,,19.510160446166992,-99.1590576171875,271.0,0.0,0.0,,,,1784613044,2026-07-20 23:50:44-06:00,,
metrobus,metrobus_vehicle_positions,2026-07-21T06:40:22Z,2026-07-21,20260721T064017Z,e7e7cd69-be56-45f5-9656-b2e2f24696c2,,,,,,69880,9455,,19.510122299194336,-99.1590576171875,0.0,0.0,0.0,,,,1784616002,2026-07-21 00:40:02-06:00,,
metrobus,metrobus_vehicle_positions,2026-07-21T06:40:22Z,2026-07-21,20260721T064017Z,c35ab8ab-ce36-4eed-acff-0df1bd7938be,,19459,0.0,06:29:22,20260721,69877,9452,,19.51080322265625,-99.15741729736328,353.0,0.0,0.0,,,,1784616011,2026-07-21 00:40:11-06:00,,
metrobus,metrobus_vehicle_positions,2026-07-21T06:40:22Z,2026-07-21,20260721T064017Z,21a1d9cb-50e0-45b4-970c-18bfe363d817,,19459,0.0,05:10:59,20260721,69878,9453,,19.51026725769043,-99.15878295898438,222.0,0.0,0.0,,,,1784611955,2026-07-20 23:32:35-06:00,,
metrobus,metrobus_vehicle_positions,2026-07-21T06:40:22Z,2026-07-21,20260721T064017Z,d7905ceb-4bcf-47bf-bdd4-6b82c2a40293,,19459,0.0,05:56:16,20260721,69883,9458,,19.510173797607422,-99.1590347290039,283.0,0.0,0.0,,,,1784614672,2026-07-21 00:17:52-06:00,,
metrobus,metrobus_vehicle_positions,2026-07-21T06:40:22Z,2026-07-21,20260721T064017Z,71d2b114-428d-4925-bbe4-a428ffdaef7b,,19459,0.0,05:24:47,20260721,69884,9459,,19.510391235351562,-99.15864562988281,209.0,0.0,0.0,,,,1784612707,2026-07-20 23:45:07-06:00,,
metrobus,metrobus_vehicle_positions,2026-07-21T06:40:22Z,2026-07-21,20260721T064017Z,83c0de72-f3be-4d5e-8433-e64a10a9d487,,19457,0.0,05:00:26,20260721,69881,9456,,19.510190963745117,-99.15896606445312,267.0,0.0,0.0,,,,1784611442,2026-07-20 23:24:02-06:00,,
metrobus,metrobus_vehicle_positions,2026-07-21T06:40:22Z,2026-07-21,20260721T064017Z,5f433294-4af2-4120-8ae8-1c6a16f24158,,19459,0.0,05:10:15,20260721,69882,9457,,19.51033592224121,-99.15879821777344,238.0,0.0,0.0,,,,1784611730,2026-07-20 23:28:50-06:00,,
metrobus,metrobus_vehicle_positions,2026-07-21T06:40:22Z,2026-07-21,20260721T064017Z,44c5b8e7-7e1c-497c-8f30-b824fa013681,,,,,,69875,9450,,19.395769119262695,-99.15603637695312,470.0,0.0,0.0,,,,1784616008,2026-07-21 00:40:08-06:00,,
metrobus,metrobus_vehicle_positions,2026-07-21T06:40:22Z,2026-07-21,20260721T064017Z,97dd34dd-cb28-4ae7-92ec-1acdc117b9d5,,19457,0.0,05:04:35,20260721,69876,9451,,19.51023292541504,-99.15888977050781,217.0,0.0,0.0,,,,1784611525,2026-07-20 23:25:25-06:00,,
metrobus,metrobus_vehicle_positions,2026-07-21T06:40:22Z,2026-07-21,20260721T064017Z,13de1a8b-989f-4e36-9c88-75fc3c6695c0,,19457,0.0,05:56:45,20260721,69874,9449,,19.510211944580078,-99.15901184082031,288.0,0.0,0.0,,,,1784615152,2026-07-21 00:25:52-06:00,,
metrobus,metrobus_vehicle_positions,2026-07-21T06:40:22Z,2026-07-21,20260721T064017Z,685c0ea3-1b66-45dd-a6c4-5f0d8b6d872e,,,,,,69885,9460,,19.510475158691406,-99.1581039428711,0.0,0.0,0.0,,,,1784609795,2026-07-20 22:56:35-06:00,,
metrobus,metrobus_vehicle_positions,2026-07-21T06:40:22Z,2026-07-21,20260721T064017Z,60660814-e8a1-43ee-925f-24a9ecd2bf06,,19559,0.0,05:42:22,20260721,69615,2603,002A905,19.29990005493164,-99.11383056640625,187.0,37.0,133.20000000000002,,,,1784616007,2026-07-21 00:40:07-06:00,,
metrobus,metrobus_vehicle_positions,2026-07-21T06:40:22Z,2026-07-21,20260721T064017Z,a293564e-3e91-46cc-977b-af7f8ca202fe,,,,,,69614,2602,002A904,19.30470085144043,-99.10136413574219,184.0,0.0,0.0,,,,1784614723,2026-07-21 00:18:43-06:00,,
metrobus,metrobus_vehicle_positions,2026-07-21T06:40:22Z,2026-07-21,20260721T064017Z,4f64324e-bda3-44c0-ae68-110025eb1c21,,,,,,69613,2601,002A903,19.30524253845215,-99.10091400146484,0.0,0.0,0.0,,,,1784616016,2026-07-21 00:40:16-06:00,,
metrobus,metrobus_vehicle_positions,2026-07-21T06:40:22Z,2026-07-21,20260721T064017Z,8b070178-224f-4206-a77c-9c9fdb6451fe,,,,,,74125,Maqueta_Carraci,,19.374475479125977,-99.17911529541016,0.0,0.0,0.0,,,,1783611014,2026-07-09 09:30:14-06:00,,
metrobus,metrobus_vehicle_positions,2026-07-21T06:40:22Z,2026-07-21,20260721T064017Z,51130ddd-0d7e-4829-826b-acb0efa6e63f,,,,,,69621,2609,002A911,19.30447769165039,-99.10081481933594,0.0,0.0,0.0,,,,1784615598,2026-07-21 00:33:18-06:00,,
metrobus,metrobus_vehicle_positions,2026-07-21T06:40:22Z,2026-07-21,20260721T064017Z,0efb319a-9ceb-4389-9a35-453b3e185dde,,,,,,69620,2608,002A910,19.30431365966797,-99.10086059570312,0.0,0.0,0.0,,,,1784613829,2026-07-21 00:03:49-06:00,,
metrobus,metrobus_vehicle_positions,2026-07-21T06:40:22Z,2026-07-21,20260721T064017Z,16aff8c5-92f4-4d25-ac13-6610ecb21a65,,,,,,69619,2607,002A909,19.304466247558594,-99.1008529663086,0.0,0.0,0.0,,,,1784615474,2026-07-21 00:31:14-06:00,,
metrobus,metrobus_vehicle_positions,2026-07-21T06:40:22Z,2026-07-21,20260721T064017Z,d9c5566c-7a02-4839-a2e6-a2dab2b445dd,,19559,0.0,06:09:47,20260721,69618,2606,002A908,19.410106658935547,-99.11316680908203,186.0,31.0,111.60000000000001,,,,1784616010,2026-07-21 00:40:10-06:00,,
metrobus,metrobus_vehicle_positions,2026-07-21T06:40:22Z,2026-07-21,20260721T064017Z,b99e492f-20e8-47c5-95b1-481230e33a0b,,19558,1.0,06:40:01,20260721,69617,2605,002A907,19.274024963378906,-99.11959075927734,372.0,24.0,86.4,,,,1784616016,2026-07-21 00:40:16-06:00,,
metrobus,metrobus_vehicle_positions,2026-07-21T06:40:22Z,2026-07-21,20260721T064017Z,5a441da9-6ca4-44f5-8593-aa85d2013953,,,,,,69616,2604,002A906,19.304367065429688,-99.101318359375,184.0,0.0,0.0,,,,1784613952,2026-07-21 00:05:52-06:00,,
metrobus,metrobus_vehicle_positions,2026-07-21T06:40:22Z,2026-07-21,20260721T064017Z,8a0224dd-c2db-4947-971b-10d511a196cc,,,,,,69626,2614,002A916,19.30436134338379,-99.10138702392578,0.0,0.0,0.0,,,,1784614743,2026-07-21 00:19:03-06:00,,
metrobus,metrobus_vehicle_positions,2026-07-21T06:40:22Z,2026-07-21,20260721T064017Z,c2457b30-fb8e-4421-9bad-7b7aa41d13e7,,,,,,69625,2613,002A915,19.30437469482422,-99.10113525390625,188.0,0.0,0.0,,,,1784606928,2026-07-20 22:08:48-06:00,,
metrobus,metrobus_vehicle_positions,2026-07-21T06:40:22Z,2026-07-21,20260721T064017Z,b3aaf672-be25-4a1c-aec4-8ac6e5c6399c,,19558,1.0,06:34:38,20260721,69623,2611,002A913,19.2994327545166,-99.11386108398438,840.0,37.0,133.20000000000002,,,,1784616009,2026-07-21 00:40:09-06:00,,
metrobus,metrobus_vehicle_positions,2026-07-21T06:40:22Z,2026-07-21,20260721T064017Z,107df5fa-444e-4508-b282-619d5ceaabe2,,,,,,69622,2610,002A912,19.303770065307617,-99.10149383544922,182.0,0.0,0.0,,,,1784616013,2026-07-21 00:40:13-06:00,,
metrobus,metrobus_vehicle_positions,2026-07-21T06:40:22Z,2026-07-21,20260721T064017Z,7be82a06-62c4-469d-aa20-3aa656af99c1,,,,,,69631,2619,002A921,19.30385971069336,-99.1010513305664,0.0,0.0,0.0,,,,1784612945,2026-07-20 23:49:05-06:00,,
metrobus,metrobus_vehicle_positions,2026-07-21T06:40:22Z,2026-07-21,20260721T064017Z,c8a5f01f-09c8-4738-9c7f-1cfb8fb28495,,,,,,69630,2618,002A920,19.308128356933594,-99.10356140136719,117.0,40.0,144.0,,,,1784616009,2026-07-21 00:40:09-06:00,,
metrobus,metrobus_vehicle_positions,2026-07-21T06:40:22Z,2026-07-21,20260721T064017Z,bc3787d8-8d5c-42f3-8e76-f127a527a52e,,,,,,69629,2617,002A919,19.305391311645508,-99.10135650634766,612.0,0.0,0.0,,,,1784616015,2026-07-21 00:40:15-06:00,,
metrobus,metrobus_vehicle_positions,2026-07-21T06:40:22Z,2026-07-21,20260721T064017Z,7d2fa978-a2e1-48fb-a36a-ebe061782ab6,,,,,,69628,2616,002A918,19.304271697998047,-99.10105895996094,0.0,0.0,0.0,,,,1784614106,2026-07-21 00:08:26-06:00,,
metrobus,metrobus_vehicle_positions,2026-07-21T06:40:22Z,2026-07-21,20260721T064017Z,61381a57-1746-442f-a503-4389daf350f9,,,,,,69627,2615,002A917,19.304302215576172,-99.10096740722656,0.0,0.0,0.0,,,,1784614460,2026-07-21 00:14:20-06:00,,
metrobus,metrobus_vehicle_positions,2026-07-21T06:40:22Z,2026-07-21,20260721T064017Z,eb7b0247-6baf-4ed9-806c-50c6b25276ed,,,,,,69637,2625,002A927,19.305206298828125,-99.10138702392578,275.0,0.0,0.0,,,,1784616013,2026-07-21 00:40:13-06:00,,
metrobus,metrobus_vehicle_positions,2026-07-21T06:40:22Z,2026-07-21,20260721T064017Z,515280c3-91ed-496e-8227-3fe52fd7db4e,,,,,,69636,2624,002A926,19.304292678833008,-99.10108947753906,0.0,0.0,0.0,,,,1784615585,2026-07-21 00:33:05-06:00,,
metrobus,metrobus_vehicle_positions,2026-07-21T06:40:22Z,2026-07-21,20260721T064017Z,e76a23cb-615b-4e83-aa65-be0ac33e95cc,,,,,,71770,2623,,19.305301666259766,-99.1010971069336,947.0,0.0,0.0,,,,1784616000,2026-07-21 00:40:00-06:00,,
metrobus,metrobus_vehicle_positions,2026-07-21T06:40:22Z,2026-07-21,20260721T064017Z,ac49ba98-5c5c-4b9f-b60c-dfe4f9070a99,,,,,,69634,2622,002A924,19.304845809936523,-99.10106658935547,188.0,0.0,0.0,,,,1784614784,2026-07-21 00:19:44-06:00,,
metrobus,metrobus_vehicle_positions,2026-07-21T06:40:22Z,2026-07-21,20260721T064017Z,13666294-3f86-4343-bf74-2b43eefe13e0,,20296,1.0,06:35:06,20260721,69633,2621,002A923,19.359577178955078,-99.1397476196289,958.0,0.0,0.0,,,,1784616007,2026-07-21 00:40:07-06:00,,
metrobus,metrobus_vehicle_positions,2026-07-21T06:40:22Z,2026-07-21,20260721T064017Z,7588c7c9-61f0-46cc-a1fd-ff2765ce3af4,,,,,,69632,2620,002A922,19.30474090576172,-99.10124206542969,186.0,0.0,0.0,,,,1784611417,2026-07-20 23:23:37-06:00,,
metrobus,metrobus_vehicle_positions,2026-07-21T06:40:22Z,2026-07-21,20260721T064017Z,0533b30b-5ad9-4cf6-9644-0766b092b046,,,,,,69641,2629,002A931,19.30476188659668,-99.10082244873047,187.0,0.0,0.0,,,,1784609420,2026-07-20 22:50:20-06:00,,
metrobus,metrobus_vehicle_positions,2026-07-21T06:40:22Z,2026-07-21,20260721T064017Z,232f4830-37a4-4c38-88ac-24e78617be11,,,,,,69640,2628,002A930,19.304903030395508,-99.10087585449219,188.0,0.0,0.0,,,,1784605948,2026-07-20 21:52:28-06:00,,
metrobus,metrobus_vehicle_positions,2026-07-21T06:40:22Z,2026-07-21,20260721T064017Z,57387257-58f3-4cfb-9f9e-ac41a0d67e23,,,,,,69639,2627,002A929,19.304649353027344,-99.1008529663086,0.0,0.0,0.0,,,,1784615578,2026-07-21 00:32:58-06:00,,
metrobus,metrobus_vehicle_positions,2026-07-21T06:40:22Z,2026-07-21,20260721T064017Z,1489e6cb-bdfd-4cf9-a5e0-289d3f72e5b3,,,,,,69638,2626,002A928,19.30475425720215,-99.10096740722656,187.0,0.0,0.0,,,,1784606564,2026-07-20 22:02:44-06:00,,
metrobus,metrobus_vehicle_positions,2026-07-21T06:40:22Z,2026-07-21,20260721T064017Z,fc387727-1edb-475e-afea-2be1720f395d,,,,,,69648,2636,002A938,19.30453872680664,-99.10128021240234,0.0,0.0,0.0,,,,1784615479,2026-07-21 00:31:19-06:00,,
metrobus,metrobus_vehicle_positions,2026-07-21T06:40:22Z,2026-07-21,20260721T064017Z,eacac369-1002-4314-bc4c-077e2f1a3fca,,20016,0.0,06:31:50,20260721,69364,1305,1240178,19.39004898071289,-99.05921936035156,141.0,0.0,0.0,,,,1784616007,2026-07-21 00:40:07-06:00,,
metrobus,metrobus_vehicle_positions,2026-07-21T06:40:22Z,2026-07-21,20260721T064017Z,2bed8cdd-38bd-4a6b-8465-1be54ca760b6,,,,,,69647,2635,TienepermisodeSEMOVI,19.304872512817383,-99.10096740722656,189.0,0.0,0.0,,,,1784615394,2026-07-21 00:29:54-06:00,,
metrobus,metrobus_vehicle_positions,2026-07-21T06:40:22Z,2026-07-21,20260721T064017Z,c70e479a-2e08-47c7-aec8-bbcfa14a9ca0,,20016,0.0,06:33:00,20260721,69363,1304,1240177,19.389934539794922,-99.05899810791016,186.0,12.0,43.2,,,,1784616017,2026-07-21 00:40:17-06:00,,
metrobus,metrobus_vehicle_positions,2026-07-21T06:40:22Z,2026-07-21,20260721T064017Z,0b955460-c551-49d8-a881-02ba28b43a06,,20016,0.0,06:00:06,20260721,74921,1303,1240176,19.390125274658203,-99.05886840820312,288.0,0.0,0.0,,,,1784616004,2026-07-21 00:40:04-06:00,,
metrobus,metrobus_vehicle_positions,2026-07-21T06:40:22Z,2026-07-21,20260721T064017Z,b1982051-b8c6-4837-88de-da2ee9b259c6,,,,,,69646,2634,002A936,19.304365158081055,-99.1014175415039,0.0,0.0,0.0,,,,1784613927,2026-07-21 00:05:27-06:00,,
metrobus,metrobus_vehicle_positions,2026-07-21T06:40:22Z,2026-07-21,20260721T064017Z,04ccb604-9487-40d9-9937-8ab526dabdd5,,20016,0.0,06:29:32,20260721,69361,1302,1240175,19.389694213867188,-99.05882263183594,120.0,13.0,46.800000000000004,,,,1784616005,2026-07-21 00:40:05-06:00,,
metrobus,metrobus_vehicle_positions,2026-07-21T06:40:22Z,2026-07-21,20260721T064017Z,b1556e7e-3037-49ec-a69a-a5f50714e249,,,,,,69645,2633,002A935,19.305158615112305,-99.1011962890625,278.0,0.0,0.0,,,,1784616012,2026-07-21 00:40:12-06:00,,
metrobus,metrobus_vehicle_positions,2026-07-21T06:40:22Z,2026-07-21,20260721T064017Z,00e9cbb2-0d0a-493f-9875-792e361764ef,,,,,,69644,2632,002A934,19.304367065429688,-99.10100555419922,183.0,0.0,0.0,,,,1784603107,2026-07-20 21:05:07-06:00,,
metrobus,metrobus_vehicle_positions,2026-07-21T06:40:22Z,2026-07-21,20260721T064017Z,073f86a0-5b16-4db1-8d16-eefe4a3bf1cb,,20016,0.0,06:18:50,20260721,69360,1301,1240174,19.389802932739258,-99.05818176269531,342.0,2.0,7.2,,,,1784616011,2026-07-21 00:40:11-06:00,,
metrobus,metrobus_vehicle_positions,2026-07-21T06:40:22Z,2026-07-21,20260721T064017Z,efd301e6-988f-4a09-a47d-ed4a7d7bae29,,19559,0.0,05:35:55,20260721,69643,2631,002A933,19.2737979888916,-99.12005615234375,233.0,20.0,72.0,,,,1784616011,2026-07-21 00:40:11-06:00,,
metrobus,metrobus_vehicle_positions,2026-07-21T06:40:22Z,2026-07-21,20260721T064017Z,e1d2ac1a-53c6-4896-81fb-9124e975b3af,,19559,0.0,05:53:03,20260721,69642,2630,002A932,19.332500457763672,-99.11328125,184.0,49.0,176.4,,,,1784616001,2026-07-21 00:40:01-06:00,,
metrobus,metrobus_vehicle_positions,2026-07-21T06:40:22Z,2026-07-21,20260721T064017Z,57911cf2-04c8-48ea-9ba3-e623057a84de,,,,,,69368,1309,1240182,19.3891544342041,-99.0577163696289,0.0,0.0,0.0,,,,1784616009,2026-07-21 00:40:09-06:00,,
metrobus,metrobus_vehicle_positions,2026-07-21T06:40:22Z,2026-07-21,20260721T064017Z,5e1859a5-1eb9-4dfd-9b84-15cfc7c6d1ca,,,,,,69651,2639,002A941,19.30443572998047,-99.10111999511719,185.0,0.0,0.0,,,,1784616005,2026-07-21 00:40:05-06:00,,
metrobus,metrobus_vehicle_positions,2026-07-21T06:40:22Z,2026-07-21,20260721T064017Z,47568991-5d7e-4938-90de-1a0a5d82cb02,,,,,,69367,1308,1240181,19.389375686645508,-99.05810546875,0.0,0.0,0.0,,,,1784616016,2026-07-21 00:40:16-06:00,,
metrobus,metrobus_vehicle_positions,2026-07-21T06:40:22Z,2026-07-21,20260721T064017Z,2b47693c-3617-410e-b793-f2b11dd94fa8,,20016,0.0,06:11:58,20260721,69366,1307,1240180,19.389326095581055,-99.05809020996094,125.0,0.0,0.0,,,,1784616006,2026-07-21 00:40:06-06:00,,
metrobus,metrobus_vehicle_positions,2026-07-21T06:40:22Z,2026-07-21,20260721T064017Z,41ba8b7f-144e-467f-ac4e-b24e7ba224f8,,,,,,69650,2638,002A940,19.30454444885254,-99.10099029541016,185.0,0.0,0.0,,,,1784603399,2026-07-20 21:09:59-06:00,,
metrobus,metrobus_vehicle_positions,2026-07-21T06:40:22Z,2026-07-21,20260721T064017Z,75287d06-08ed-4bcd-9736-32d5cd804ec0,,20016,0.0,06:28:56,20260721,69365,1306,1240179,19.389896392822266,-99.05831909179688,298.0,0.0,0.0,,,,1784616014,2026-07-21 00:40:14-06:00,,
metrobus,metrobus_vehicle_positions,2026-07-21T06:40:22Z,2026-07-21,20260721T064017Z,d6d07793-8342-45f7-a0ca-b9d75e665550,,,,,,69649,2637,002A939,19.30449676513672,-99.10082244873047,187.0,0.0,0.0,,,,1784611312,2026-07-20 23:21:52-06:00,,
metrobus,metrobus_vehicle_positions,2026-07-21T06:40:22Z,2026-07-21,20260721T064017Z,8db60258-306c-4688-aa78-e203b39b5dbc,,,,,,69662,2650,002A952,19.30467414855957,-99.10095977783203,0.0,0.0,0.0,,,,1784616002,2026-07-21 00:40:02-06:00,,
metrobus,metrobus_vehicle_positions,2026-07-21T06:40:22Z,2026-07-21,20260721T064017Z,7582ec78-04f2-42f5-8629-fe2574855ea1,,,,,,69659,2647,002A949,19.304338455200195,-99.10167694091797,337.0,0.0,0.0,,,,1784616008,2026-07-21 00:40:08-06:00,,
metrobus,metrobus_vehicle_positions,2026-07-21T06:40:22Z,2026-07-21,20260721T064017Z,b7aa1525-387d-4ec9-bea8-da633a3321eb,,,,,,69658,2646,002A948,19.30475425720215,-99.10121154785156,187.0,0.0,0.0,,,,1784613573,2026-07-20 23:59:33-06:00,,
metrobus,metrobus_vehicle_positions,2026-07-21T06:40:22Z,2026-07-21,20260721T064017Z,38777936-53b6-405f-8498-950f26909ade,,20016,0.0,05:38:16,20260721,69373,1314,TienepermisodeSEMOVI,19.388961791992188,-99.05764770507812,0.0,0.0,0.0,,,,1784615914,2026-07-21 00:38:34-06:00,,
metrobus,metrobus_vehicle_positions,2026-07-21T06:40:22Z,2026-07-21,20260721T064017Z,8db497fb-8938-48a3-a785-fcb6cbf7064b,,,,,,69657,2645,002A947,19.304317474365234,-99.10125732421875,0.0,0.0,0.0,,,,1784616009,2026-07-21 00:40:09-06:00,,
metrobus,metrobus_vehicle_positions,2026-07-21T06:40:22Z,2026-07-21,20260721T064017Z,f39e50df-737c-4b9c-be60-309fe27b9572,,,,,,69656,2644,002A946,19.3043212890625,-99.1008529663086,0.0,0.0,0.0,,,,1784613105,2026-07-20 23:51:45-06:00,,
metrobus,metrobus_vehicle_positions,2026-07-21T06:40:22Z,2026-07-21,20260721T064017Z,c8634b47-6e02-4538-abfa-dfc1f00d8263,,,,,,69372,1313,1240186,19.47905158996582,-99.06444549560547,127.0,0.0,0.0,,,,1784616013,2026-07-21 00:40:13-06:00,,
metrobus,metrobus_vehicle_positions,2026-07-21T06:40:22Z,2026-07-21,20260721T064017Z,4a6ae5b8-3b17-40f5-8787-a0040496d7c7,,,,,,69371,1312,1240185,19.478097915649414,-99.06494140625,298.0,0.0,0.0,,,,1784616015,2026-07-21 00:40:15-06:00,,
metrobus,metrobus_vehicle_positions,2026-07-21T06:40:22Z,2026-07-21,20260721T064017Z,dfe80c97-20d7-49e5-8789-937264caa97f,,,,,,69655,2643,002A945,19.304515838623047,-99.1009292602539,187.0,0.0,0.0,,,,1784604624,2026-07-20 21:30:24-06:00,,
metrobus,metrobus_vehicle_positions,2026-07-21T06:40:22Z,2026-07-21,20260721T064017Z,7552b82e-6940-4720-ae94-f7307b7a59b0,,,,,,69370,1311,1240184,19.47791862487793,-99.06370544433594,0.0,0.0,0.0,,,,1784529979,2026-07-20 00:46:19-06:00,,
metrobus,metrobus_vehicle_positions,2026-07-21T06:40:22Z,2026-07-21,20260721T064017Z,0ef1263b-f596-4bf9-bc45-b43116a2455e,,,,,,74262,2642,002A947,19.308134078979492,-99.10356903076172,117.0,34.0,122.4,,,,1784616013,2026-07-21 00:40:13-06:00,,
metrobus,metrobus_vehicle_positions,2026-07-21T06:40:22Z,2026-07-21,20260721T064017Z,0107ed73-ef2d-435c-8574-f12415a06193,,,,,,69653,2641,002A943,19.304668426513672,-99.10082244873047,0.0,0.0,0.0,,,,1784614681,2026-07-21 00:18:01-06:00,,
metrobus,metrobus_vehicle_positions,2026-07-21T06:40:22Z,2026-07-21,20260721T064017Z,2d68a5cd-eb27-4d29-bd52-f1a3f3b1c9e7,,20016,0.0,06:09:25,20260721,74922,1310,1240183,19.39006996154785,-99.05889129638672,0.0,0.0,0.0,,,,1784616013,2026-07-21 00:40:13-06:00,,
metrobus,metrobus_vehicle_positions,2026-07-21T06:40:22Z,2026-07-21,20260721T064017Z,aee2f50f-95f1-4186-b6f7-0395e18f9651,,,,,,69661,2649,002A951,19.30445671081543,-99.10091400146484,0.0,0.0,0.0,,,,1784614668,2026-07-21 00:17:48-06:00,,
metrobus,metrobus_vehicle_positions,2026-07-21T06:40:22Z,2026-07-21,20260721T064017Z,4ba38c34-df9c-4c62-b93b-040223fceeaa,,,,,,69660,2648,002A950,19.30474281311035,-99.10140228271484,185.0,0.0,0.0,,,,1784606952,2026-07-20 22:09:12-06:00,,
metrobus,metrobus_vehicle_positions,2026-07-21T06:40:22Z,2026-07-21,20260721T064017Z,3947cd06-0e10-4d5d-bb5b-624c1ecb2d2b,,,,,,69673,2661,002A963,19.304344177246094,-99.10125732421875,0.0,0.0,0.0,,,,1784615666,2026-07-21 00:34:26-06:00,,
metrobus,metrobus_vehicle_positions,2026-07-21T06:40:22Z,2026-07-21,20260721T064017Z,8dd1379e-3a42-4225-a64c-1bb641e0d983,,,,,,69672,2660,002A962,19.304330825805664,-99.10094451904297,184.0,0.0,0.0,,,,1784603802,2026-07-20 21:16:42-06:00,,
metrobus,metrobus_vehicle_positions,2026-07-21T06:40:22Z,2026-07-21,20260721T064017Z,57c2fefc-0f0a-4afc-9cc6-2cecbf32d0f7,,,,,,69670,2658,002A960,19.304712295532227,-99.1013412475586,0.0,0.0,0.0,,,,1784613361,2026-07-20 23:56:01-06:00,,
metrobus,metrobus_vehicle_positions,2026-07-21T06:40:22Z,2026-07-21,20260721T064017Z,a79189a7-ac08-4cbf-9de7-6bb10f331bd6,,,,,,69669,2657,002A959,19.304346084594727,-99.10114288330078,185.0,0.0,0.0,,,,1784608577,2026-07-20 22:36:17-06:00,,
metrobus,metrobus_vehicle_positions,2026-07-21T06:40:22Z,2026-07-21,20260721T064017Z,1455efed-9058-4821-9616-7b8face710f9,,,,,,69668,2656,002A958,19.30425262451172,-99.1014175415039,0.0,0.0,0.0,,,,1784097791,2026-07-15 00:43:11-06:00,,
metrobus,metrobus_vehicle_positions,2026-07-21T06:40:22Z,2026-07-21,20260721T064017Z,02dd0fc6-a208-47f8-8481-0a7b121d4c08,,,,,,69667,2655,002A957,19.304466247558594,-99.10093688964844,0.0,0.0,0.0,,,,1784614951,2026-07-21 00:22:31-06:00,,
metrobus,metrobus_vehicle_positions,2026-07-21T06:40:22Z,2026-07-21,20260721T064017Z,b9da55aa-26e0-4be6-9cb9-a4979c643f27,,,,,,69666,2654,002A956,19.303749084472656,-99.10148620605469,0.0,0.0,0.0,,,,1784610964,2026-07-20 23:16:04-06:00,,
metrobus,metrobus_vehicle_positions,2026-07-21T06:40:22Z,2026-07-21,20260721T064017Z,94272480-9f67-4197-a580-437ec395ccfa,,,,,,69665,2653,002A955,19.30432891845703,-99.10089874267578,0.0,0.0,0.0,,,,1784614078,2026-07-21 00:07:58-06:00,,
metrobus,metrobus_vehicle_positions,2026-07-21T06:40:22Z,2026-07-21,20260721T064017Z,82b07609-6e58-4fb5-992c-69ee911b7861,,,,,,69664,2652,002A954,19.304519653320312,-99.10123443603516,185.0,0.0,0.0,,,,1784612147,2026-07-20 23:35:47-06:00,,
metrobus,metrobus_vehicle_positions,2026-07-21T06:40:22Z,2026-07-21,20260721T064017Z,aae9422b-1569-472d-9a0d-185e13b090ba,,,,,,69663,2651,002A953,19.30467987060547,-99.10088348388672,187.0,0.0,0.0,,,,1784607067,2026-07-20 22:11:07-06:00,,
metrobus,metrobus_vehicle_positions,2026-07-21T06:40:22Z,2026-07-21,20260721T064017Z,ba0787b2-87b1-44a8-8c3a-38b5c5939c05,,,,,,70035,901,1280163,19.487436294555664,-99.09371185302734,163.0,0.0,0.0,,,,1784611947,2026-07-20 23:32:27-06:00,,
metrobus,metrobus_vehicle_positions,2026-07-21T06:40:22Z,2026-07-21,20260721T064017Z,436264d5-7615-448f-8705-9508efbeabba,,,,,,70036,902,1280164,19.508249282836914,-99.17289733886719,0.0,0.0,0.0,,,,1784491067,2026-07-19 13:57:47-06:00,,
metrobus,metrobus_vehicle_positions,2026-07-21T06:40:22Z,2026-07-21,20260721T064017Z,aff42d6b-5ac2-464a-a33b-c07c50dea52e,,,,,,70037,903,1280165,19.487838745117188,-99.09353637695312,601.0,0.0,0.0,,,,1784616005,2026-07-21 00:40:05-06:00,,
metrobus,metrobus_vehicle_positions,2026-07-21T06:40:22Z,2026-07-21,20260721T064017Z,292d37b4-1282-4c33-8825-5351032c3cb3,,,,,,70038,904,1280166,19.487171173095703,-99.09282684326172,112.0,0.0,0.0,,,,1784616004,2026-07-21 00:40:04-06:00,,
metrobus,metrobus_vehicle_positions,2026-07-21T06:40:22Z,2026-07-21,20260721T064017Z,8e262b37-e064-4a3e-9672-167ac8c05a4c,,,,,,70039,905,1280167,19.487289428710938,-99.0936279296875,760.0,0.0,0.0,,,,1784615850,2026-07-21 00:37:30-06:00,,
metrobus,metrobus_vehicle_positions,2026-07-21T06:40:22Z,2026-07-21,20260721T064017Z,c98fa80a-590b-475f-a89c-4206a97072a0,,,,,,70040,906,1280168,0.0,0.0,0.0,0.0,0.0,,,,1784614698,2026-07-21 00:18:18-06:00,,
metrobus,metrobus_vehicle_positions,2026-07-21T06:40:22Z,2026-07-21,20260721T064017Z,2b2d31c9-98d9-49b3-8620-731ebcdb0572,,,,,,69671,2659,002A961,19.304494857788086,-99.10089111328125,0.0,0.0,0.0,,,,1784614439,2026-07-21 00:13:59-06:00,,
metrobus,metrobus_vehicle_positions,2026-07-21T06:40:22Z,2026-07-21,20260721T064017Z,06a7949c-e566-4cf2-a752-df7de04e8924,,,,,,70041,907,1280169,19.48763656616211,-99.0931396484375,292.0,0.0,0.0,,,,1784607411,2026-07-20 22:16:51-06:00,,
metrobus,metrobus_vehicle_positions,2026-07-21T06:40:22Z,2026-07-21,20260721T064017Z,0b45c770-473f-472c-bfe1-323d774edc62,,,,,,70042,908,1280170,19.508289337158203,-99.17269134521484,0.0,0.0,0.0,,,,1784608071,2026-07-20 22:27:51-06:00,,
metrobus,metrobus_vehicle_positions,2026-07-21T06:40:22Z,2026-07-21,20260721T064017Z,d39abdc2-3f9c-4c05-8e14-9fad859caed9,,,,,,70043,909,1280171,19.48714256286621,-99.0920639038086,0.0,0.0,0.0,,,,1784614443,2026-07-21 00:14:03-06:00,,
metrobus,metrobus_vehicle_positions,2026-07-21T06:40:22Z,2026-07-21,20260721T064017Z,67d5b0a6-54b1-47da-9cd1-cbb0231edce3,,,,,,69680,2668,002A970,19.304677963256836,-99.10076141357422,187.0,0.0,0.0,,,,1784613539,2026-07-20 23:58:59-06:00,,
metrobus,metrobus_vehicle_positions,2026-07-21T06:40:22Z,2026-07-21,20260721T064017Z,55b52078-0d56-40fc-a90b-6e78b65095ac,,,,,,69679,2667,002A969,19.30489158630371,-99.10099792480469,167.0,0.0,0.0,,,,1784615249,2026-07-21 00:27:29-06:00,,
metrobus,metrobus_vehicle_positions,2026-07-21T06:40:22Z,2026-07-21,20260721T064017Z,0ca6d762-00b4-4dc3-90ec-ce0077d911f7,,,,,,69678,2666,002A968,19.30452537536621,-99.10128021240234,0.0,0.0,0.0,,,,1784612315,2026-07-20 23:38:35-06:00,,
metrobus,metrobus_vehicle_positions,2026-07-21T06:40:22Z,2026-07-21,20260721T064017Z,a48f2a85-a53a-4380-8fc4-3d4f819b16ca,,,,,,69677,2665,002A967,19.304563522338867,-99.10149383544922,0.0,0.0,0.0,,,,1784612730,2026-07-20 23:45:30-06:00,,
metrobus,metrobus_vehicle_positions,2026-07-21T06:40:22Z,2026-07-21,20260721T064017Z,f1af8ebe-521f-418f-b426-f70b80d713a9,,,,,,69676,2664,002A966,19.30447006225586,-99.10106658935547,185.0,0.0,0.0,,,,1784615084,2026-07-21 00:24:44-06:00,,
metrobus,metrobus_vehicle_positions,2026-07-21T06:40:22Z,2026-07-21,20260721T064017Z,cb3ec470-134b-44d0-a021-05efb1b24928,,,,,,69675,2663,002A965,19.304323196411133,-99.10082244873047,0.0,0.0,0.0,,,,1784613858,2026-07-21 00:04:18-06:00,,
metrobus,metrobus_vehicle_positions,2026-07-21T06:40:22Z,2026-07-21,20260721T064017Z,fc9ed93c-8e74-4fe8-9fa8-b8380cdaf6c3,,,,,,69674,2662,002A964,19.304527282714844,-99.10135650634766,0.0,0.0,0.0,,,,1784613006,2026-07-20 23:50:06-06:00,,
metrobus,metrobus_vehicle_positions,2026-07-21T06:40:22Z,2026-07-21,20260721T064017Z,e0de367a-8fae-40b2-8d33-3629965b2302,,19576,0.0,05:11:49,20260721,70044,910,1280172,19.450326919555664,-99.13288116455078,100.0,0.0,0.0,,,,1784615993,2026-07-21 00:39:53-06:00,,
metrobus,metrobus_vehicle_positions,2026-07-21T06:40:22Z,2026-07-21,20260721T064017Z,6b12d8b5-d5a0-43e3-bc42-0105109c0d33,,,,,,70045,911,1280173,19.48724937438965,-99.09318542480469,113.0,0.0,0.0,,,,1784616013,2026-07-21 00:40:13-06:00,,
metrobus,metrobus_vehicle_positions,2026-07-21T06:40:22Z,2026-07-21,20260721T064017Z,82e01a1b-6688-4783-a095-fcc8a022907e,,,,,,70046,912,1290114,19.487075805664062,-99.09236145019531,296.0,0.0,0.0,,,,1784613716,2026-07-21 00:01:56-06:00,,
metrobus,metrobus_vehicle_positions,2026-07-21T06:40:22Z,2026-07-21,20260721T064017Z,4ee4c851-53fc-4f8d-9563-777a377fa6c1,,,,,,70047,913,1290115,19.487445831298828,-99.09346008300781,218.0,0.0,0.0,,,,1784613562,2026-07-20 23:59:22-06:00,,
metrobus,metrobus_vehicle_positions,2026-07-21T06:40:22Z,2026-07-21,20260721T064017Z,86173156-c978-4ebf-8d97-6f2642b1908a,,,,,,70048,914,1290116,19.48748207092285,-99.09312438964844,278.0,0.0,0.0,,,,1784604416,2026-07-20 21:26:56-06:00,,
metrobus,metrobus_vehicle_positions,2026-07-21T06:40:22Z,2026-07-21,20260721T064017Z,24941bf2-266e-4a99-81d4-0ed76334c55e,,,,,,70049,915,1290117,19.48735809326172,-99.09256744384766,293.0,0.0,0.0,,,,1784610966,2026-07-20 23:16:06-06:00,,
metrobus,metrobus_vehicle_positions,2026-07-21T06:40:22Z,2026-07-21,20260721T064017Z,bbca2d2e-17a0-476e-a124-c0883fabd81c,,,,,,70050,916,1290118,19.4867000579834,-99.09188842773438,0.0,0.0,0.0,,,,1784610667,2026-07-20 23:11:07-06:00,,
metrobus,metrobus_vehicle_positions,2026-07-21T06:40:22Z,2026-07-21,20260721T064017Z,32972ca1-37a9-430a-9663-251c1809e282,,,,,,70051,917,1290119,19.514890670776367,-99.1501235961914,0.0,0.0,0.0,,,,1784586108,2026-07-20 16:21:48-06:00,,
metrobus,metrobus_vehicle_positions,2026-07-21T06:40:22Z,2026-07-21,20260721T064017Z,b3643b92-8a17-4999-909f-f8b41e472044,,,,,,70052,918,1290120,19.487224578857422,-99.09310150146484,114.0,0.0,0.0,,,,1784616008,2026-07-21 00:40:08-06:00,,
metrobus,metrobus_vehicle_positions,2026-07-21T06:40:22Z,2026-07-21,20260721T064017Z,b2b81887-07bd-4b35-a288-90c0dc31bf3f,,,,,,70053,919,1290121,0.0,0.0,0.0,0.0,0.0,,,,1784614210,2026-07-21 00:10:10-06:00,,
metrobus,metrobus_vehicle_positions,2026-07-21T06:40:22Z,2026-07-21,20260721T064017Z,0099c7eb-0d0b-4053-ab5e-9055156ec976,,19491,1.0,05:50:42,20260721,69501,1110,1230101,19.457183837890625,-99.14866638183594,536.0,37.0,133.20000000000002,,,,1784616007,2026-07-21 00:40:07-06:00,,
metrobus,metrobus_vehicle_positions,2026-07-21T06:40:22Z,2026-07-21,20260721T064017Z,0733db9e-9f73-41c7-9028-10cf879982d8,,,,,,69498,1107,1230098,19.49901580810547,-99.11900329589844,0.0,0.0,0.0,,,,1784616003,2026-07-21 00:40:03-06:00,,
metrobus,metrobus_vehicle_positions,2026-07-21T06:40:22Z,2026-07-21,20260721T064017Z,9217e70c-a3dc-4690-9f33-c1573a534f74,,,,,,69497,1106,1230097,19.499164581298828,-99.1191635131836,0.0,0.0,0.0,,,,1784616015,2026-07-21 00:40:15-06:00,,
metrobus,metrobus_vehicle_positions,2026-07-21T06:40:22Z,2026-07-21,20260721T064017Z,220c6d75-3bc5-482e-b014-a23adfe43f08,,,,,,69496,1105,1230096,19.500635147094727,-99.11906433105469,0.0,0.0,0.0,,,,1784616009,2026-07-21 00:40:09-06:00,,
metrobus,metrobus_vehicle_positions,2026-07-21T06:40:22Z,2026-07-21,20260721T064017Z,91ab57ef-3812-4ea6-8855-ec6e8a26e0a4,,,,,,69495,1104,1230095,19.496000289916992,-99.11910247802734,116.0,0.0,0.0,,,,1784616009,2026-07-21 00:40:09-06:00,,
metrobus,metrobus_vehicle_positions,2026-07-21T06:40:22Z,2026-07-21,20260721T064017Z,defd4eb5-24ce-4874-bb87-dead8939f976,,,,,,69494,1103,1230094,19.497827529907227,-99.11939239501953,970.0,0.0,0.0,,,,1784616013,2026-07-21 00:40:13-06:00,,
metrobus,metrobus_vehicle_positions,2026-07-21T06:40:22Z,2026-07-21,20260721T064017Z,9046a6c8-dd78-4e63-9b77-18d41bd0e47a,,,,,,69493,1102,1230093,19.497907638549805,-99.1187744140625,145.0,0.0,0.0,,,,1784616004,2026-07-21 00:40:04-06:00,,
metrobus,metrobus_vehicle_positions,2026-07-21T06:40:22Z,2026-07-21,20260721T064017Z,71407899-099f-404d-8986-91caecd6678c,,,,,,69492,1101,1230092,19.498525619506836,-99.11925506591797,450.0,0.0,0.0,,,,1784616012,2026-07-21 00:40:12-06:00,,
metrobus,metrobus_vehicle_positions,2026-07-21T06:40:22Z,2026-07-21,20260721T064017Z,f36450d4-11e2-4913-b3de-0c2135a5dce5,,,,,,70054,920,1290122,19.48808479309082,-99.09502410888672,290.0,0.0,0.0,,,,1784615151,2026-07-21 00:25:51-06:00,,
metrobus,metrobus_vehicle_positions,2026-07-21T06:40:22Z,2026-07-21,20260721T064017Z,44840938-1ae5-4952-b27b-113c4779c0b7,,,,,,70055,921,1290123,19.48750114440918,-99.09298706054688,0.0,0.0,0.0,,,,1784615995,2026-07-21 00:39:55-06:00,,
metrobus,metrobus_vehicle_positions,2026-07-21T06:40:22Z,2026-07-21,20260721T064017Z,d71fed0e-d962-46e2-9e60-c1749b3a16ea,,,,,,70057,923,1290125,19.487272262573242,-99.09308624267578,112.0,0.0,0.0,,,,1784616015,2026-07-21 00:40:15-06:00,,
metrobus,metrobus_vehicle_positions,2026-07-21T06:40:22Z,2026-07-21,20260721T064017Z,4ef40d47-ee85-436c-ae6a-813e7131439e,,,,,,70058,924,1290126,19.48722267150879,-99.09314727783203,286.0,0.0,0.0,,,,1784611689,2026-07-20 23:28:09-06:00,,
metrobus,metrobus_vehicle_positions,2026-07-21T06:40:22Z,2026-07-21,20260721T064017Z,e9726dda-ce17-4bec-9a34-519001956f07,,,,,,70059,925,1290127,19.487613677978516,-99.09330749511719,292.0,0.0,0.0,,,,1784615270,2026-07-21 00:27:50-06:00,,
metrobus,metrobus_vehicle_positions,2026-07-21T06:40:22Z,2026-07-21,20260721T064017Z,301e0caa-904d-4595-9b42-aa02ff22e3a7,,,,,,70060,926,1290128,19.48811912536621,-99.09440612792969,286.0,0.0,0.0,,,,1784615136,2026-07-21 00:25:36-06:00,,
metrobus,metrobus_vehicle_positions,2026-07-21T06:40:22Z,2026-07-21,20260721T064017Z,bfb8c32c-e6a7-4112-95bc-cc4d68b832ba,,19500,1.0,05:59:46,20260721,69500,1109,1230100,19.393619537353516,-99.17244720458984,161.0,12.0,43.2,,,,1784616011,2026-07-21 00:40:11-06:00,,
metrobus,metrobus_vehicle_positions,2026-07-21T06:40:22Z,2026-07-21,20260721T064017Z,e3e36956-84e2-401d-9e19-26034f3f56d8,,,,,,70061,927,1290129,19.487382888793945,-99.09365844726562,302.0,0.0,0.0,,,,1784610689,2026-07-20 23:11:29-06:00,,
metrobus,metrobus_vehicle_positions,2026-07-21T06:40:22Z,2026-07-21,20260721T064017Z,adfd8a79-c52c-45e8-a293-a1a0105d1580,,19499,0.0,06:29:06,20260721,69499,1108,1230099,19.49993896484375,-99.11959075927734,280.0,0.0,0.0,,,,1784616009,2026-07-21 00:40:09-06:00,,
metrobus,metrobus_vehicle_positions,2026-07-21T06:40:22Z,2026-07-21,20260721T064017Z,4434bb74-c2e6-4f28-9208-fd3cb264b9a5,,,,,,70062,928,1290130,19.487384796142578,-99.09284210205078,291.0,0.0,0.0,,,,1784615973,2026-07-21 00:39:33-06:00,,
metrobus,metrobus_vehicle_positions,2026-07-21T06:40:22Z,2026-07-21,20260721T064017Z,ca6b5c62-3c2c-43d9-a70d-63bdf4a294fa,,,,,,70063,929,1290131,19.48712158203125,-99.09341430664062,0.0,0.0,0.0,,,,1784616014,2026-07-21 00:40:14-06:00,,
metrobus,metrobus_vehicle_positions,2026-07-21T06:40:22Z,2026-07-21,20260721T064017Z,fe54bb2c-2ad1-4057-8b84-11f315ad031c,,,,,,69512,1121,1230112,19.49754524230957,-99.11947631835938,555.0,0.0,0.0,,,,1784616009,2026-07-21 00:40:09-06:00,,
metrobus,metrobus_vehicle_positions,2026-07-21T06:40:22Z,2026-07-21,20260721T064017Z,fb5d571f-2327-4481-9746-6c41d5399859,,,,,,69511,1120,1230111,19.49835777282715,-99.11953735351562,192.0,0.0,0.0,,,,1784616008,2026-07-21 00:40:08-06:00,,
metrobus,metrobus_vehicle_positions,2026-07-21T06:40:22Z,2026-07-21,20260721T064017Z,d387c806-5233-4a04-970e-f0653f5d5712,,,,,,69509,1118,1230109,19.351280212402344,-99.18628692626953,0.0,0.0,0.0,,,,1784610530,2026-07-20 23:08:50-06:00,,
metrobus,metrobus_vehicle_positions,2026-07-21T06:40:22Z,2026-07-21,20260721T064017Z,79fca376-3346-4090-8f80-0dc91a15f4fa,,19492,0.0,06:28:41,20260721,69508,1117,1230108,19.49920082092285,-99.11943817138672,169.0,0.0,0.0,,,,1784615652,2026-07-21 00:34:12-06:00,,
metrobus,metrobus_vehicle_positions,2026-07-21T06:40:22Z,2026-07-21,20260721T064017Z,fdaec8f3-1d93-490c-8404-ccf7ec76cbf6,,,,,,69507,1116,1230107,19.500484466552734,-99.118896484375,0.0,0.0,0.0,,,,1784372509,2026-07-18 05:01:49-06:00,,
metrobus,metrobus_vehicle_positions,2026-07-21T06:40:22Z,2026-07-21,20260721T064017Z,b5f7a28e-ecff-4c27-895d-12097d879cac,,19492,0.0,05:52:48,20260721,69506,1115,1230106,19.50052833557129,-99.1190414428711,927.0,0.0,0.0,,,,1784613801,2026-07-21 00:03:21-06:00,,
metrobus,metrobus_vehicle_positions,2026-07-21T06:40:22Z,2026-07-21,20260721T064017Z,27db001c-84ce-48c5-8f4f-1905674b4cdb,,,,,,69505,1114,1230105,19.499126434326172,-99.11918640136719,999.0,0.0,0.0,,,,1784615924,2026-07-21 00:38:44-06:00,,
metrobus,metrobus_vehicle_positions,2026-07-21T06:40:22Z,2026-07-21,20260721T064017Z,586a32c0-41d8-483c-90f8-3211ef6607a5,,,,,,69504,1113,1230104,19.499160766601562,-99.11895751953125,223.0,0.0,0.0,,,,1784616011,2026-07-21 00:40:11-06:00,,
metrobus,metrobus_vehicle_positions,2026-07-21T06:40:22Z,2026-07-21,20260721T064017Z,80e966bf-1a6e-4b42-84ce-897de60430a9,,,,,,69503,1112,1230103,19.497934341430664,-99.11935424804688,105.0,0.0,0.0,,,,1784616015,2026-07-21 00:40:15-06:00,,
metrobus,metrobus_vehicle_positions,2026-07-21T06:40:22Z,2026-07-21,20260721T064017Z,0edb290f-7713-4527-9658-7bfaffa282b9,,19579,1.0,05:57:14,20260721,70064,930,1290132,19.482616424560547,-99.11465454101562,111.0,5.0,18.0,,,,1784616010,2026-07-21 00:40:10-06:00,,
metrobus,metrobus_vehicle_positions,2026-07-21T06:40:22Z,2026-07-21,20260721T064017Z,f3f9d977-72b1-4e63-a27f-b1acb5439215,,,,,,70065,931,1290133,19.487337112426758,-99.09271240234375,290.0,0.0,0.0,,,,1784616015,2026-07-21 00:40:15-06:00,,
metrobus,metrobus_vehicle_positions,2026-07-21T06:40:22Z,2026-07-21,20260721T064017Z,67255084-83b1-4624-82b0-0b1532875fc0,,19499,0.0,04:49:45,20260721,69502,1111,1230102,19.49972915649414,-99.11923217773438,0.0,0.0,0.0,,,,1784614989,2026-07-21 00:23:09-06:00,,
metrobus,metrobus_vehicle_positions,2026-07-21T06:40:22Z,2026-07-21,20260721T064017Z,c04e2fff-5db8-4753-a9d8-2e5118526148,,,,,,70066,932,1290134,19.508188247680664,-99.17274475097656,0.0,0.0,0.0,,,,1784485568,2026-07-19 12:26:08-06:00,,
metrobus,metrobus_vehicle_positions,2026-07-21T06:40:22Z,2026-07-21,20260721T064017Z,2f5b9d50-6e0f-48a2-a4f3-0f4be0dc0cee,,,,,,70067,933,1290135,19.48695945739746,-99.09159088134766,292.0,0.0,0.0,,,,1784612515,2026-07-20 23:41:55-06:00,,
metrobus,metrobus_vehicle_positions,2026-07-21T06:40:22Z,2026-07-21,20260721T064017Z,89aa5bb7-d4da-4fca-b816-7be677e10ae2,,,,,,70068,934,1290136,19.4873046875,-99.0934066772461,112.0,5.0,18.0,,,,1784616007,2026-07-21 00:40:07-06:00,,
metrobus,metrobus_vehicle_positions,2026-07-21T06:40:22Z,2026-07-21,20260721T064017Z,af844e4c-9cd4-45d7-85f0-c7e693ff94fd,,,,,,70069,935,1290137,19.48678970336914,-99.09371948242188,214.0,0.0,0.0,,,,1784605102,2026-07-20 21:38:22-06:00,,
metrobus,metrobus_vehicle_positions,2026-07-21T06:40:22Z,2026-07-21,20260721T064017Z,5583d3de-75f4-41d5-b4d9-ec822ef8dc1d,,,,,,70070,936,1290138,19.48738670349121,-99.09276580810547,290.0,0.0,0.0,,,,1784613876,2026-07-21 00:04:36-06:00,,
metrobus,metrobus_vehicle_positions,2026-07-21T06:40:22Z,2026-07-21,20260721T064017Z,d5d5a80b-e2d6-44ff-badd-69246feb8290,,,,,,70071,937,1290139,19.487512588500977,-99.09336853027344,337.0,0.0,0.0,,,,1784607976,2026-07-20 22:26:16-06:00,,
metrobus,metrobus_vehicle_positions,2026-07-21T06:40:22Z,2026-07-21,20260721T064017Z,98b964de-7839-4201-8818-b8dadc98b8b5,,,,,,70072,938,1290140,19.515024185180664,-99.14991760253906,0.0,0.0,0.0,,,,1782341461,2026-06-24 16:51:01-06:00,,
metrobus,metrobus_vehicle_positions,2026-07-21T06:40:22Z,2026-07-21,20260721T064017Z,748a4c09-76f4-4072-aa55-58d51f96d75d,,,,,,70073,939,1290141,19.48737907409668,-99.09273529052734,300.0,0.0,0.0,,,,1784613093,2026-07-20 23:51:33-06:00,,
metrobus,metrobus_vehicle_positions,2026-07-21T06:40:22Z,2026-07-21,20260721T064017Z,7687d498-9225-49fc-8d93-f830300e0515,,,,,,69510,1119,1230110,19.50066566467285,-99.11894989013672,951.0,0.0,0.0,,,,1784616003,2026-07-21 00:40:03-06:00,,
metrobus,metrobus_vehicle_positions,2026-07-21T06:40:22Z,2026-07-21,20260721T064017Z,c47f6e72-93e6-418a-b489-7bad0f0d2c37,,,,,,69411,3310,TienepermisodeSEMOVI,19.478351593017578,-99.06462860107422,0.0,0.0,0.0,,,,1784616005,2026-07-21 00:40:05-06:00,,
metrobus,metrobus_vehicle_positions,2026-07-21T06:40:22Z,2026-07-21,20260721T064017Z,095b1f93-c46e-47bb-8110-f2680d700e4a,,,,,,69523,1132,1230026,19.49978256225586,-99.11881256103516,0.0,0.0,0.0,,,,1784615573,2026-07-21 00:32:53-06:00,,
metrobus,metrobus_vehicle_positions,2026-07-21T06:40:22Z,2026-07-21,20260721T064017Z,b20b4d5b-ce2c-467c-8a60-fe48e0c75423,,,,,,69522,1131,1230025,19.49785804748535,-99.11962890625,188.0,0.0,0.0,,,,1784616018,2026-07-21 00:40:18-06:00,,
metrobus,metrobus_vehicle_positions,2026-07-21T06:40:22Z,2026-07-21,20260721T064017Z,67bbcf22-af59-4164-9cd3-eae1e398d0cd,,19500,1.0,05:55:35,20260721,69521,1130,1230024,19.401683807373047,-99.16985321044922,168.0,31.0,111.60000000000001,,,,1784616002,2026-07-21 00:40:02-06:00,,
metrobus,metrobus_vehicle_positions,2026-07-21T06:40:22Z,2026-07-21,20260721T064017Z,0fda9716-bd97-4e2a-828c-7caf55ae9360,,19564,0.0,05:54:49,20260721,69408,3307,1230171,19.390003204345703,-99.05889129638672,0.0,0.0,0.0,,,,1784616011,2026-07-21 00:40:11-06:00,,
metrobus,metrobus_vehicle_positions,2026-07-21T06:40:22Z,2026-07-21,20260721T064017Z,5fb8d94f-c369-4da3-95c6-d22bae36dc64,,,,,,69520,1129,1230022,19.498815536499023,-99.11935424804688,0.0,0.0,0.0,,,,1784616006,2026-07-21 00:40:06-06:00,,
metrobus,metrobus_vehicle_positions,2026-07-21T06:40:22Z,2026-07-21,20260721T064017Z,523a2e31-18e5-4a32-bdfb-07daa76d1a16,,19563,0.0,05:27:58,20260721,69407,3306,1230185,19.38905906677246,-99.0575942993164,0.0,0.0,0.0,,,,1784616008,2026-07-21 00:40:08-06:00,,
metrobus,metrobus_vehicle_positions,2026-07-21T06:40:22Z,2026-07-21,20260721T064017Z,7fe92790-1e44-42fb-8d56-d901a8cbdb40,,,,,,69519,1128,003A008,19.498279571533203,-99.11931610107422,122.0,0.0,0.0,,,,1784616019,2026-07-21 00:40:19-06:00,,
metrobus,metrobus_vehicle_positions,2026-07-21T06:40:22Z,2026-07-21,20260721T064017Z,b5f7aa15-330f-4d1c-839b-059b3d6dc2fd,,19563,0.0,05:26:29,20260721,69406,3305,1230183,19.389629364013672,-99.05842590332031,0.0,0.0,0.0,,,,1784616016,2026-07-21 00:40:16-06:00,,
metrobus,metrobus_vehicle_positions,2026-07-21T06:40:22Z,2026-07-21,20260721T064017Z,d0c85d9c-da2c-4415-a017-9284e99b8e80,,19499,0.0,06:18:55,20260721,69518,1127,003A007,19.499826431274414,-99.11956787109375,277.0,0.0,0.0,,,,1784616001,2026-07-21 00:40:01-06:00,,
metrobus,metrobus_vehicle_positions,2026-07-21T06:40:22Z,2026-07-21,20260721T064017Z,deb9cb5f-b9ab-4ddd-9088-f44a793a940f,,19563,0.0,06:20:56,20260721,69405,3304,1230189,19.390010833740234,-99.05903625488281,229.0,2.0,7.2,,,,1784616001,2026-07-21 00:40:01-06:00,,
metrobus,metrobus_vehicle_positions,2026-07-21T06:40:22Z,2026-07-21,20260721T064017Z,19d09333-0197-4329-869c-5a2c7089986d,,,,,,69517,1126,003A006,19.49886131286621,-99.11932373046875,0.0,0.0,0.0,,,,1784613965,2026-07-21 00:06:05-06:00,,
metrobus,metrobus_vehicle_positions,2026-07-21T06:40:22Z,2026-07-21,20260721T064017Z,3730393d-6d1c-4068-8f40-87444290e77f,,,,,,69404,3303,1230179,19.389617919921875,-99.05828857421875,300.0,0.0,0.0,,,,1784614152,2026-07-21 00:09:12-06:00,,
metrobus,metrobus_vehicle_positions,2026-07-21T06:40:22Z,2026-07-21,20260721T064017Z,57309909-ef95-4a57-b272-ea6616ec1df4,,,,,,69516,1125,003A005,19.49915313720703,-99.1192855834961,924.0,0.0,0.0,,,,1784616016,2026-07-21 00:40:16-06:00,,
metrobus,metrobus_vehicle_positions,2026-07-21T06:40:22Z,2026-07-21,20260721T064017Z,d5b65382-caf5-4857-b869-84c2dca4889f,,,,,,69515,1124,003A004,19.497970581054688,-99.1194839477539,0.0,0.0,0.0,,,,1784613880,2026-07-21 00:04:40-06:00,,
metrobus,metrobus_vehicle_positions,2026-07-21T06:40:22Z,2026-07-21,20260721T064017Z,0ee6e690-d195-4a18-9fc3-77576700e9cc,,,,,,69403,3302,1230188,19.389049530029297,-99.05772399902344,0.0,0.0,0.0,,,,1784616017,2026-07-21 00:40:17-06:00,,
metrobus,metrobus_vehicle_positions,2026-07-21T06:40:22Z,2026-07-21,20260721T064017Z,bca58d37-f523-408e-8a5d-9cffd52ac346,,,,,,70074,940,1290142,19.487253189086914,-99.09366607666016,348.0,0.0,0.0,,,,1784613006,2026-07-20 23:50:06-06:00,,
metrobus,metrobus_vehicle_positions,2026-07-21T06:40:22Z,2026-07-21,20260721T064017Z,dffbbbaf-0813-4c5b-92bb-fdc89874da69,,,,,,70075,941,1290143,19.487274169921875,-99.09359741210938,161.0,0.0,0.0,,,,1784616009,2026-07-21 00:40:09-06:00,,
metrobus,metrobus_vehicle_positions,2026-07-21T06:40:22Z,2026-07-21,20260721T064017Z,9726b648-99ff-410f-88f7-b0d430f7ddd1,,,,,,69514,1123,003A003,19.499011993408203,-99.11910247802734,0.0,0.0,0.0,,,,1784614660,2026-07-21 00:17:40-06:00,,
metrobus,metrobus_vehicle_positions,2026-07-21T06:40:22Z,2026-07-21,20260721T064017Z,17d239ff-bc67-458d-a454-a31f0bb72b85,,19566,0.0,05:15:10,20260721,69402,3301,1230186,19.389745712280273,-99.05843353271484,300.0,0.0,0.0,,,,1784612416,2026-07-20 23:40:16-06:00,,
metrobus,metrobus_vehicle_positions,2026-07-21T06:40:22Z,2026-07-21,20260721T064017Z,4eb41138-a2d4-4dd0-979f-b88137c0730d,,,,,,69513,1122,003A002,19.499427795410156,-99.11909484863281,0.0,0.0,0.0,,,,1784616017,2026-07-21 00:40:17-06:00,,
metrobus,metrobus_vehicle_positions,2026-07-21T06:40:22Z,2026-07-21,20260721T064017Z,96c91471-f574-43be-a2f8-cc38f5665f1d,,,,,,70076,942,1290144,19.48725700378418,-99.0936508178711,396.0,0.0,0.0,,,,1784612498,2026-07-20 23:41:38-06:00,,
metrobus,metrobus_vehicle_positions,2026-07-21T06:40:22Z,2026-07-21,20260721T064017Z,525db62c-ecb8-4634-9164-e218e4678700,,,,,,69324,701,1240014,19.478036880493164,-99.06363677978516,161.0,0.0,0.0,,,,1784616007,2026-07-21 00:40:07-06:00,,
metrobus,metrobus_vehicle_positions,2026-07-21T06:40:22Z,2026-07-21,20260721T064017Z,54fde395-143c-4c0c-bacc-6bb79033bc14,,,,,,69325,702,1240015,19.47945213317871,-99.06393432617188,0.0,0.0,0.0,,,,1784445682,2026-07-19 01:21:22-06:00,,
metrobus,metrobus_vehicle_positions,2026-07-21T06:40:22Z,2026-07-21,20260721T064017Z,b165f334-6a61-468f-8a47-d85c691efde5,,,,,,69326,703,1240016,19.478151321411133,-99.06317138671875,338.0,13.0,46.800000000000004,,,,1784616005,2026-07-21 00:40:05-06:00,,
metrobus,metrobus_vehicle_positions,2026-07-21T06:40:22Z,2026-07-21,20260721T064017Z,38a1cf92-3dc6-45b0-8e01-5cebecd21596,,19471,1.0,05:49:50,20260721,69327,704,1240017,19.466842651367188,-99.06167602539062,133.0,0.0,0.0,,,,1784616013,2026-07-21 00:40:13-06:00,,
metrobus,metrobus_vehicle_positions,2026-07-21T06:40:22Z,2026-07-21,20260721T064017Z,6d2d22fb-5cc1-472b-aaae-ef4d04a57015,,19471,1.0,05:55:59,20260721,69328,705,1240018,19.473896026611328,-99.08814239501953,150.0,18.0,64.8,,,,1784616008,2026-07-21 00:40:08-06:00,,
metrobus,metrobus_vehicle_positions,2026-07-21T06:40:22Z,2026-07-21,20260721T064017Z,431973d7-c0cb-4865-a5b6-c82bebbd44d3,,,,,,69329,706,1240019,19.477916717529297,-99.06361389160156,976.0,0.0,0.0,,,,1784612367,2026-07-20 23:39:27-06:00,,
metrobus,metrobus_vehicle_positions,2026-07-21T06:40:22Z,2026-07-21,20260721T064017Z,0ed3bd98-8cbe-4c7c-958d-ad75360bd9c6,,19563,0.0,05:16:09,20260721,69410,3309,1230181,19.389802932739258,-99.05859375,299.0,0.0,0.0,,,,1784612340,2026-07-20 23:39:00-06:00,,
metrobus,metrobus_vehicle_positions,2026-07-21T06:40:22Z,2026-07-21,20260721T064017Z,ba763bf1-d90a-4dab-9cdf-a8f6bd14120d,,,,,,69330,707,1240020,19.478281021118164,-99.06378936767578,160.0,3.0,10.8,,,,1784616011,2026-07-21 00:40:11-06:00,,
metrobus,metrobus_vehicle_positions,2026-07-21T06:40:22Z,2026-07-21,20260721T064017Z,335842f9-5110-4aa3-9b42-370b6d1d7567,,,,,,69331,708,1240021,19.478195190429688,-99.0635757446289,0.0,0.0,0.0,,,,1784615959,2026-07-21 00:39:19-06:00,,
metrobus,metrobus_vehicle_positions,2026-07-21T06:40:22Z,2026-07-21,20260721T064017Z,474130b5-3420-4ad6-98b4-23827b2e239b,,,,,,69409,3308,1230178,19.38965606689453,-99.05802917480469,0.0,0.0,0.0,,,,1784616013,2026-07-21 00:40:13-06:00,,
metrobus,metrobus_vehicle_positions,2026-07-21T06:40:22Z,2026-07-21,20260721T064017Z,47588339-7ca9-4507-986d-225366d826cb,,,,,,69332,709,1240022,19.478044509887695,-99.06379699707031,689.0,0.0,0.0,,,,1784615092,2026-07-21 00:24:52-06:00,,
metrobus,metrobus_vehicle_positions,2026-07-21T06:40:22Z,2026-07-21,20260721T064017Z,9db5a1c7-c7e0-4f75-ad83-9824d7c22f0f,,,,,,69534,1143,1230001,19.49873161315918,-99.11909484863281,0.0,0.0,0.0,,,,1784616014,2026-07-21 00:40:14-06:00,,
metrobus,metrobus_vehicle_positions,2026-07-21T06:40:22Z,2026-07-21,20260721T064017Z,95c67bed-db43-4801-acaf-66367d0aef45,,19492,0.0,04:52:40,20260721,69533,1142,1230004,0.0,0.0,0.0,0.0,0.0,,,,1784613724,2026-07-21 00:02:04-06:00,,
metrobus,metrobus_vehicle_positions,2026-07-21T06:40:22Z,2026-07-21,20260721T064017Z,eb26031a-e524-4f91-85d3-b18dbf34219a,,19563,0.0,04:13:32,20260721,69421,3320,1230192,19.389892578125,-99.0589370727539,0.0,0.0,0.0,,,,1784614093,2026-07-21 00:08:13-06:00,,
metrobus,metrobus_vehicle_positions,2026-07-21T06:40:22Z,2026-07-21,20260721T064017Z,17cd440e-1532-46c5-a235-893e91c52dc4,,,,,,69532,1141,1230045,19.499422073364258,-99.11909484863281,0.0,0.0,0.0,,,,1784614524,2026-07-21 00:15:24-06:00,,
metrobus,metrobus_vehicle_positions,2026-07-21T06:40:22Z,2026-07-21,20260721T064017Z,059bf748-1baf-4254-9f1c-41ed9492811c,,,,,,69531,1140,1230044,19.499481201171875,-99.1197280883789,0.0,0.0,0.0,,,,1784614574,2026-07-21 00:16:14-06:00,,
metrobus,metrobus_vehicle_positions,2026-07-21T06:40:22Z,2026-07-21,20260721T064017Z,c7448563-a12c-4600-9593-7f4a9aa84b4e,,,,,,69419,3318,1230190,19.389997482299805,-99.05892181396484,0.0,0.0,0.0,,,,1784616006,2026-07-21 00:40:06-06:00,,
metrobus,metrobus_vehicle_positions,2026-07-21T06:40:22Z,2026-07-21,20260721T064017Z,0e8b2eac-cb58-4672-976f-be9ede538b5b,,19500,1.0,05:46:11,20260721,69530,1139,1230040,19.424211502075195,-99.16255950927734,312.0,32.0,115.2,,,,1784616010,2026-07-21 00:40:10-06:00,,
metrobus,metrobus_vehicle_positions,2026-07-21T06:40:22Z,2026-07-21,20260721T064017Z,b815cf50-a92d-41ae-b41f-dedb4d5e0248,,,,,,69418,3317,TienepermisodeSEMOVI,19.47941780090332,-99.06403350830078,0.0,0.0,0.0,,,,1784612159,2026-07-20 23:35:59-06:00,,
metrobus,metrobus_vehicle_positions,2026-07-21T06:40:22Z,2026-07-21,20260721T064017Z,4f1a6861-c2fa-46d1-8656-4ccd6c6700fc,,,,,,69417,3316,TienepermisodeSEMOVI,19.47936248779297,-99.06407928466797,338.0,0.0,0.0,,,,1784616006,2026-07-21 00:40:06-06:00,,
metrobus,metrobus_vehicle_positions,2026-07-21T06:40:22Z,2026-07-21,20260721T064017Z,dfcaf5ab-587b-4e95-be69-682e119689fc,,19492,0.0,06:24:04,20260721,69529,1138,1230038,19.50038719177246,-99.11910247802734,931.0,0.0,0.0,,,,1784615978,2026-07-21 00:39:38-06:00,,
metrobus,metrobus_vehicle_positions,2026-07-21T06:40:22Z,2026-07-21,20260721T064017Z,46faf84a-2b84-45c8-9a64-e3bed3c5b671,,,,,,69416,3315,TienepermisodeSEMOVI,19.479331970214844,-99.06415557861328,0.0,0.0,0.0,,,,1784616009,2026-07-21 00:40:09-06:00,,
metrobus,metrobus_vehicle_positions,2026-07-21T06:40:22Z,2026-07-21,20260721T064017Z,64743ebf-d46d-4587-b5bd-dcbe30e327b3,,,,,,69528,1137,1230037,19.497312545776367,-99.1198501586914,101.0,0.0,0.0,,,,1784616004,2026-07-21 00:40:04-06:00,,
metrobus,metrobus_vehicle_positions,2026-07-21T06:40:22Z,2026-07-21,20260721T064017Z,f5ac3d65-06ad-4e58-b564-ae2747b74aff,,,,,,69527,1136,1230031,19.500656127929688,-99.11903381347656,0.0,0.0,0.0,,,,1784615660,2026-07-21 00:34:20-06:00,,
metrobus,metrobus_vehicle_positions,2026-07-21T06:40:22Z,2026-07-21,20260721T064017Z,5ce6e3b2-56c3-4873-9389-2daa38a4106e,,,,,,69415,3314,TienepermisodeSEMOVI,19.47905921936035,-99.06393432617188,336.0,0.0,0.0,,,,1784616011,2026-07-21 00:40:11-06:00,,
metrobus,metrobus_vehicle_positions,2026-07-21T06:40:22Z,2026-07-21,20260721T064017Z,27a5c79d-67c4-4bf2-a3cf-9b291cb582dd,,19500,1.0,05:51:33,20260721,69526,1135,1230029,19.423383712768555,-99.16246795654297,325.0,17.0,61.2,,,,1784616002,2026-07-21 00:40:02-06:00,,
metrobus,metrobus_vehicle_positions,2026-07-21T06:40:22Z,2026-07-21,20260721T064017Z,3e944b7c-07c7-4cc1-83a4-1059a3f126bb,,,,,,69414,3313,TienepermisodeSEMOVI,19.478199005126953,-99.06385803222656,768.0,0.0,0.0,,,,1784235383,2026-07-16 14:56:23-06:00,,
metrobus,metrobus_vehicle_positions,2026-07-21T06:40:22Z,2026-07-21,20260721T064017Z,357108fe-2c9e-4efb-a590-613c6de49198,,,,,,69525,1134,1230028,19.496868133544922,-99.11891174316406,134.0,0.0,0.0,,,,1784616000,2026-07-21 00:40:00-06:00,,
metrobus,metrobus_vehicle_positions,2026-07-21T06:40:22Z,2026-07-21,20260721T064017Z,b1862e31-1505-4810-ba12-808cf9fce9b2,,,,,,69413,3312,TienepermisodeSEMOVI,19.464496612548828,-99.05915832519531,143.0,12.0,43.2,,,,1784616005,2026-07-21 00:40:05-06:00,,
metrobus,metrobus_vehicle_positions,2026-07-21T06:40:22Z,2026-07-21,20260721T064017Z,36dfb16e-1ae3-4ae1-9b14-30203d722713,,,,,,69333,710,1240023,19.47825050354004,-99.06365966796875,156.0,0.0,0.0,,,,1784614910,2026-07-21 00:21:50-06:00,,
metrobus,metrobus_vehicle_positions,2026-07-21T06:40:22Z,2026-07-21,20260721T064017Z,deba6dae-92f5-412d-b39e-2fb1f6914a58,,,,,,69334,711,1240024,19.47925567626953,-99.06390380859375,337.0,0.0,0.0,,,,1784613985,2026-07-21 00:06:25-06:00,,
metrobus,metrobus_vehicle_positions,2026-07-21T06:40:22Z,2026-07-21,20260721T064017Z,e36cdf92-00ff-49ec-9ae7-5a314d7cff25,,,,,,69412,3311,TienepermisodeSEMOVI,19.47952651977539,-99.0641098022461,337.0,0.0,0.0,,,,1784612833,2026-07-20 23:47:13-06:00,,
metrobus,metrobus_vehicle_positions,2026-07-21T06:40:22Z,2026-07-21,20260721T064017Z,dd40b37d-3b86-4c04-b2e2-ea88e96f5260,,,,,,69524,1133,1230027,19.49917984008789,-99.11925506591797,0.0,0.0,0.0,,,,1784616018,2026-07-21 00:40:18-06:00,,
metrobus,metrobus_vehicle_positions,2026-07-21T06:40:22Z,2026-07-21,20260721T064017Z,9b25213c-23c1-4668-b6b2-2034a9b5c53a,,,,,,69335,712,1240109,19.479473114013672,-99.06376647949219,338.0,0.0,0.0,,,,1784616004,2026-07-21 00:40:04-06:00,,
metrobus,metrobus_vehicle_positions,2026-07-21T06:40:22Z,2026-07-21,20260721T064017Z,436ecb93-553f-4a20-a768-633d7c23aaf7,,,,,,69336,713,1240110,19.47933578491211,-99.06370544433594,0.0,0.0,0.0,,,,1784616009,2026-07-21 00:40:09-06:00,,
metrobus,metrobus_vehicle_positions,2026-07-21T06:40:22Z,2026-07-21,20260721T064017Z,35b3a36b-cee8-49c4-9d14-e4ccb78fec31,,,,,,69337,714,1240111,19.479310989379883,-99.06365966796875,338.0,0.0,0.0,,,,1784616017,2026-07-21 00:40:17-06:00,,
metrobus,metrobus_vehicle_positions,2026-07-21T06:40:22Z,2026-07-21,20260721T064017Z,c10694c1-ec2b-45a4-8af8-661f5ce89e0b,,,,,,69338,715,1240112,19.479394912719727,-99.06399536132812,338.0,0.0,0.0,,,,1784612802,2026-07-20 23:46:42-06:00,,
metrobus,metrobus_vehicle_positions,2026-07-21T06:40:22Z,2026-07-21,20260721T064017Z,e94d48f5-c9bc-4482-b30e-cfface604793,,,,,,69339,716,ConPermisovencido,19.479230880737305,-99.06396484375,337.0,0.0,0.0,,,,1784616012,2026-07-21 00:40:12-06:00,,
metrobus,metrobus_vehicle_positions,2026-07-21T06:40:22Z,2026-07-21,20260721T064017Z,94e534d2-79df-4f6e-8524-46e45267baa6,,,,,,69340,717,1240114,19.479232788085938,-99.06401062011719,0.0,0.0,0.0,,,,1784615072,2026-07-21 00:24:32-06:00,,
metrobus,metrobus_vehicle_positions,2026-07-21T06:40:22Z,2026-07-21,20260721T064017Z,1a0abcc0-04b7-4cc3-8484-ecc4ddc559fa,,,,,,69341,718,1240115,19.479480743408203,-99.06388854980469,0.0,0.0,0.0,,,,1784616014,2026-07-21 00:40:14-06:00,,
metrobus,metrobus_vehicle_positions,2026-07-21T06:40:22Z,2026-07-21,20260721T064017Z,b67c1e03-fcda-47f4-8ff0-c78c4d0e74d2,,19471,1.0,06:11:03,20260721,69342,719,1240116,19.485815048217773,-99.12075805664062,114.0,43.0,154.8,,,,1784616011,2026-07-21 00:40:11-06:00,,
metrobus,metrobus_vehicle_positions,2026-07-21T06:40:22Z,2026-07-21,20260721T064017Z,ccc7e6ac-9371-4f27-8360-62dbb97776c9,,,,,,69420,3319,1230191,19.389915466308594,-99.05892944335938,0.0,0.0,0.0,,,,1784615881,2026-07-21 00:38:01-06:00,,
metrobus,metrobus_vehicle_positions,2026-07-21T06:40:22Z,2026-07-21,20260721T064017Z,80aef9dc-5ee9-481f-a216-482b82b5cef8,,19499,0.0,06:08:24,20260721,69538,1147,1230030,19.499513626098633,-99.11979675292969,193.0,0.0,0.0,,,,1784616003,2026-07-21 00:40:03-06:00,,
metrobus,metrobus_vehicle_positions,2026-07-21T06:40:22Z,2026-07-21,20260721T064017Z,1ded5f23-ac07-44c8-8508-78b570fba303,,,,,,69343,720,1240117,19.477863311767578,-99.06481170654297,231.0,0.0,0.0,,,,1784616012,2026-07-21 00:40:12-06:00,,
metrobus,metrobus_vehicle_positions,2026-07-21T06:40:22Z,2026-07-21,20260721T064017Z,8137a5fd-fd1d-47e7-82fb-f55beb767cb3,,19499,0.0,06:03:04,20260721,69537,1146,1230023,19.49920654296875,-99.11979675292969,108.0,0.0,0.0,,,,1784616014,2026-07-21 00:40:14-06:00,,
metrobus,metrobus_vehicle_positions,2026-07-21T06:40:22Z,2026-07-21,20260721T064017Z,75f089e2-3d2b-444a-aa7d-cc922f7e973b,,19492,0.0,05:44:08,20260721,69536,1145,1230041,19.50044059753418,-99.11909484863281,107.0,0.0,0.0,,,,1784615129,2026-07-21 00:25:29-06:00,,
metrobus,metrobus_vehicle_positions,2026-07-21T06:40:22Z,2026-07-21,20260721T064017Z,743e2474-b84a-424c-89b6-94ea382179fe,,,,,,69344,721,1240118,19.479097366333008,-99.06385040283203,339.0,0.0,0.0,,,,1784616014,2026-07-21 00:40:14-06:00,,
metrobus,metrobus_vehicle_positions,2026-07-21T06:40:22Z,2026-07-21,20260721T064017Z,4853477b-715e-4b53-8fce-66fe6db82dfd,,19470,0.0,06:28:44,20260721,69345,722,1240159,19.479379653930664,-99.0642318725586,157.0,0.0,0.0,,,,1784616002,2026-07-21 00:40:02-06:00,,
metrobus,metrobus_vehicle_positions,2026-07-21T06:40:22Z,2026-07-21,20260721T064017Z,0bd34084-e94c-4cc5-9895-872f04787fb7,,,,,,69535,1144,1230047,19.50048828125,-99.11823272705078,0.0,0.0,0.0,,,,1784567245,2026-07-20 11:07:25-06:00,,
metrobus,metrobus_vehicle_positions,2026-07-21T06:40:22Z,2026-07-21,20260721T064017Z,98d93826-52dc-4ec9-99c3-4121fa21ad7e,,,,,,69346,723,1240160,19.479320526123047,-99.0638427734375,336.0,0.0,0.0,,,,1784613337,2026-07-20 23:55:37-06:00,,
metrobus,metrobus_vehicle_positions,2026-07-21T06:40:22Z,2026-07-21,20260721T064017Z,5b81c886-c616-4f66-9e6a-b98ca2b834d5,,,,,,69347,724,1240161,19.47942352294922,-99.06394958496094,0.0,0.0,0.0,,,,1784616004,2026-07-21 00:40:04-06:00,,
metrobus,metrobus_vehicle_positions,2026-07-21T06:40:22Z,2026-07-21,20260721T064017Z,5879fe47-0195-40b1-81f9-e9c3263ed265,,,,,,69348,725,1240162,19.4781494140625,-99.0648422241211,0.0,0.0,0.0,,,,1784616010,2026-07-21 00:40:10-06:00,,
metrobus,metrobus_vehicle_positions,2026-07-21T06:40:22Z,2026-07-21,20260721T064017Z,3f671078-9528-4cab-8dda-0b0808cb8c82,,,,,,69349,726,1240163,19.479583740234375,-99.06395721435547,0.0,0.0,0.0,,,,1784612166,2026-07-20 23:36:06-06:00,,
metrobus,metrobus_vehicle_positions,2026-07-21T06:40:22Z,2026-07-21,20260721T064017Z,7102b04b-7927-45f5-9815-f78e15973a16,,,,,,69350,727,1240164,19.478269577026367,-99.06487274169922,280.0,0.0,0.0,,,,1784616010,2026-07-21 00:40:10-06:00,,
metrobus,metrobus_vehicle_positions,2026-07-21T06:40:22Z,2026-07-21,20260721T064017Z,0bdd2060-51cc-4e79-a5a2-2e7a65c188c2,,,,,,69351,728,1240165,19.479509353637695,-99.06373596191406,0.0,0.0,0.0,,,,1784613951,2026-07-21 00:05:51-06:00,,
metrobus,metrobus_vehicle_positions,2026-07-21T06:40:22Z,2026-07-21,20260721T064017Z,1ff43852-499e-4d37-a159-5f8a89ed65af,,,,,,69352,729,1240166,19.479087829589844,-99.06380462646484,0.0,0.0,0.0,,,,1784616012,2026-07-21 00:40:12-06:00,,
metrobus,metrobus_vehicle_positions,2026-07-21T06:40:22Z,2026-07-21,20260721T064017Z,4dc9c11c-faf0-4370-87f0-722a87ec36ee,,19567,1.0,04:10:36,20260720,70117,3343,1250008,19.393720626831055,-99.05132293701172,99.0,0.0,0.0,,,,1784524158,2026-07-19 23:09:18-06:00,,
metrobus,metrobus_vehicle_positions,2026-07-21T06:40:22Z,2026-07-21,20260721T064017Z,7bbc7fa9-84d2-4ee8-aee7-5526fd64166a,,,,,,70116,3342,1250009,19.386484146118164,-99.0598373413086,0.0,0.0,0.0,,,,1784612343,2026-07-20 23:39:03-06:00,,
metrobus,metrobus_vehicle_positions,2026-07-21T06:40:22Z,2026-07-21,20260721T064017Z,96e19bf5-4377-4644-aea2-d2e3ba0c03b6,,,,,,70115,3341,1250013,19.386920928955078,-99.05990600585938,0.0,0.0,0.0,,,,1784616005,2026-07-21 00:40:05-06:00,,
metrobus,metrobus_vehicle_positions,2026-07-21T06:40:22Z,2026-07-21,20260721T064017Z,728f501c-f5db-487d-923a-2028e649a08a,,19566,0.0,04:24:01,20260721,70114,3340,1250014,19.38652229309082,-99.05979919433594,0.0,0.0,0.0,,,,1784611297,2026-07-20 23:21:37-06:00,,
metrobus,metrobus_vehicle_positions,2026-07-21T06:40:22Z,2026-07-21,20260721T064017Z,55dad00d-4243-4682-a5c5-e89264f0c5d4,,19564,0.0,04:56:28,20260721,70113,3339,1250012,19.386730194091797,-99.05985260009766,0.0,0.0,0.0,,,,1784613731,2026-07-21 00:02:11-06:00,,
metrobus,metrobus_vehicle_positions,2026-07-21T06:40:22Z,2026-07-21,20260721T064017Z,5edb7287-0606-4eb3-930a-c6b4e1a0e4e2,,19563,0.0,05:08:42,20260721,70112,3338,1250011,19.386730194091797,-99.05985260009766,980.0,0.0,0.0,,,,1784616011,2026-07-21 00:40:11-06:00,,
metrobus,metrobus_vehicle_positions,2026-07-21T06:40:22Z,2026-07-21,20260721T064017Z,80ba387e-f461-4305-9e03-a67eb23129ac,,,,,,69353,730,1240167,19.478355407714844,-99.0648422241211,284.0,0.0,0.0,,,,1784615456,2026-07-21 00:30:56-06:00,,
metrobus,metrobus_vehicle_positions,2026-07-21T06:40:22Z,2026-07-21,20260721T064017Z,8fa54323-e5bb-485f-99f7-4282e72e38d3,,,,,,69354,731,1240168,19.479461669921875,-99.06388092041016,0.0,0.0,0.0,,,,1784611306,2026-07-20 23:21:46-06:00,,
metrobus,metrobus_vehicle_positions,2026-07-21T06:40:22Z,2026-07-21,20260721T064017Z,2f837df3-e442-4d9f-be5f-0e7338001731,,,,,,69355,732,1240169,19.479106903076172,-99.06375885009766,0.0,0.0,0.0,,,,1784616016,2026-07-21 00:40:16-06:00,,
metrobus,metrobus_vehicle_positions,2026-07-21T06:40:22Z,2026-07-21,20260721T064017Z,e85ff7d3-10ff-4d9f-982d-fa22a4bb73c8,,,,,,69356,733,1240170,19.47923469543457,-99.06392669677734,338.0,0.0,0.0,,,,1784614886,2026-07-21 00:21:26-06:00,,
metrobus,metrobus_vehicle_positions,2026-07-21T06:40:22Z,2026-07-21,20260721T064017Z,7592fa25-f6bc-44ef-a5b8-910dddcb566d,,,,,,69357,734,1240171,19.479440689086914,-99.06391906738281,0.0,0.0,0.0,,,,1784610094,2026-07-20 23:01:34-06:00,,
metrobus,metrobus_vehicle_positions,2026-07-21T06:40:22Z,2026-07-21,20260721T064017Z,87617ada-2a1b-464b-9cab-6b4fdfc4c51f,,,,,,69358,735,1240172,19.47909927368164,-99.06379699707031,0.0,0.0,0.0,,,,1784616007,2026-07-21 00:40:07-06:00,,
metrobus,metrobus_vehicle_positions,2026-07-21T06:40:22Z,2026-07-21,20260721T064017Z,84340bc6-e770-4e07-b3b4-42d7596ee069,,,,,,69359,736,1240173,19.479162216186523,-99.06393432617188,337.0,0.0,0.0,,,,1784616001,2026-07-21 00:40:01-06:00,,
metrobus,metrobus_vehicle_positions,2026-07-21T06:40:22Z,2026-07-21,20260721T064017Z,efdf1ff5-d9b9-4b94-8cd2-ff95f32e605c,,19563,0.0,04:23:41,20260721,69725,3353,1250030,19.38871955871582,-99.05937957763672,983.0,0.0,0.0,,,,1784610307,2026-07-20 23:05:07-06:00,,
metrobus,metrobus_vehicle_positions,2026-07-21T06:40:22Z,2026-07-21,20260721T064017Z,0ca98def-5ab2-46aa-b926-7330bce8b546,,19562,1.0,06:35:21,20260721,69724,3352,1250029,19.405494689941406,-99.17728424072266,109.0,33.0,118.8,,,,1784616007,2026-07-21 00:40:07-06:00,,
metrobus,metrobus_vehicle_positions,2026-07-21T06:40:22Z,2026-07-21,20260721T064017Z,9bacc0f9-fe85-409d-aeac-c90ff712ac54,,19563,0.0,05:54:40,20260721,69723,3351,1250028,19.404508590698242,-99.17388916015625,288.0,0.0,0.0,,,,1784616013,2026-07-21 00:40:13-06:00,,
metrobus,metrobus_vehicle_positions,2026-07-21T06:40:22Z,2026-07-21,20260721T064017Z,2229470d-557f-4e75-a26a-da14193f1251,,19563,0.0,04:58:43,20260721,70120,3346,003A018,19.386760711669922,-99.06000518798828,0.0,0.0,0.0,,,,1784616016,2026-07-21 00:40:16-06:00,,
metrobus,metrobus_vehicle_positions,2026-07-21T06:40:22Z,2026-07-21,20260721T064017Z,5b653722-25e7-4a32-ad62-af16c4c54a71,,19566,0.0,04:05:10,20260721,70119,3345,1250007,19.386693954467773,-99.05974578857422,0.0,0.0,0.0,,,,1784610724,2026-07-20 23:12:04-06:00,,
metrobus,metrobus_vehicle_positions,2026-07-21T06:40:22Z,2026-07-21,20260721T064017Z,50c4c1cf-dd98-4718-b4df-32c4f5c85bbc,,19567,1.0,05:54:59,20260721,70118,3344,1250006,19.384220123291016,-99.07099914550781,993.0,15.0,54.0,,,,1784616010,2026-07-21 00:40:10-06:00,,
metrobus,metrobus_vehicle_positions,2026-07-21T06:40:22Z,2026-07-21,20260721T064017Z,e7bd5d25-d48e-40b1-9dc9-986aa25b8f37,,,,,,69211,509,1260137,19.42241668701172,-99.09104919433594,206.0,0.0,0.0,,,,1784613629,2026-07-21 00:00:29-06:00,,
metrobus,metrobus_vehicle_positions,2026-07-21T06:40:22Z,2026-07-21,20260721T064017Z,fb416807-e94d-4ae4-9fa4-a396bf9cef17,,19471,1.0,05:35:44,20260721,69726,751,1280022,19.506914138793945,-99.19657135009766,0.0,0.0,0.0,,,,1784616018,2026-07-21 00:40:18-06:00,,
metrobus,metrobus_vehicle_positions,2026-07-21T06:40:22Z,2026-07-21,20260721T064017Z,1031a7f7-a1da-4b9f-98ec-90a5740eac99,,19471,1.0,06:14:34,20260721,69727,752,1280023,19.506948471069336,-99.1963882446289,300.0,0.0,0.0,,,,1784616011,2026-07-21 00:40:11-06:00,,
metrobus,metrobus_vehicle_positions,2026-07-21T06:40:22Z,2026-07-21,20260721T064017Z,c51bee44-d20a-4a4b-89d9-75334e4dc777,,,,,,69212,510,1260138,19.421096801757812,-99.09197235107422,0.0,0.0,0.0,,,,1784616010,2026-07-21 00:40:10-06:00,,
metrobus,metrobus_vehicle_positions,2026-07-21T06:40:22Z,2026-07-21,20260721T064017Z,1882c278-ce15-439b-9110-d3aa5d317683,,,,,,69728,753,1280024,19.507160186767578,-99.1964111328125,0.0,0.0,0.0,,,,1784611220,2026-07-20 23:20:20-06:00,,
metrobus,metrobus_vehicle_positions,2026-07-21T06:40:22Z,2026-07-21,20260721T064017Z,490571fb-2149-46fe-a1aa-5c667612e4dc,,,,,,69213,511,1260139,19.398639678955078,-99.07612609863281,194.0,0.0,0.0,,,,1781973478,2026-06-20 10:37:58-06:00,,
metrobus,metrobus_vehicle_positions,2026-07-21T06:40:22Z,2026-07-21,20260721T064017Z,169f890a-847a-477b-91fa-2c2181db74cc,,19471,1.0,06:03:14,20260721,69729,754,1280025,19.506942749023438,-99.19647216796875,142.0,0.0,0.0,,,,1784615150,2026-07-21 00:25:50-06:00,,
metrobus,metrobus_vehicle_positions,2026-07-21T06:40:22Z,2026-07-21,20260721T064017Z,c94af0fc-33ae-42bd-aece-0f32a0870a5b,,,,,,69214,512,1260140,19.42326545715332,-99.09176635742188,358.0,0.0,0.0,,,,1783049743,2026-07-02 21:35:43-06:00,,
metrobus,metrobus_vehicle_positions,2026-07-21T06:40:22Z,2026-07-21,20260721T064017Z,7d57946c-a880-4242-974a-05ab3593444f,,19471,1.0,06:15:45,20260721,69730,755,1280026,19.50710105895996,-99.19637298583984,837.0,0.0,0.0,,,,1784616006,2026-07-21 00:40:06-06:00,,
metrobus,metrobus_vehicle_positions,2026-07-21T06:40:22Z,2026-07-21,20260721T064017Z,6d80d601-afef-42c9-b924-5a0bfb6bcb7c,,19471,1.0,06:23:16,20260721,69731,756,1280027,19.50705337524414,-99.19676208496094,105.0,0.0,0.0,,,,1784616006,2026-07-21 00:40:06-06:00,,
metrobus,metrobus_vehicle_positions,2026-07-21T06:40:22Z,2026-07-21,20260721T064017Z,ca31abe3-9efe-4de5-a28b-f2ba402d7052,,,,,,69216,514,1260142,19.39864158630371,-99.076171875,175.0,0.0,0.0,,,,1781973398,2026-06-20 10:36:38-06:00,,
metrobus,metrobus_vehicle_positions,2026-07-21T06:40:22Z,2026-07-21,20260721T064017Z,dc71d4b2-677e-451d-a2c4-faa88af7076a,,,,,,69732,757,1280028,19.496078491210938,-99.15836334228516,282.0,36.0,129.6,,,,1784616008,2026-07-21 00:40:08-06:00,,
metrobus,metrobus_vehicle_positions,2026-07-21T06:40:22Z,2026-07-21,20260721T064017Z,eb9afe32-09c5-40cc-b5c0-8d922f7dc70d,,,,,,69217,515,1260143,19.422733306884766,-99.09085083007812,210.0,0.0,0.0,,,,1784616009,2026-07-21 00:40:09-06:00,,
metrobus,metrobus_vehicle_positions,2026-07-21T06:40:22Z,2026-07-21,20260721T064017Z,8bade4e3-ce0c-4f28-b66b-dba1af0bacdc,,,,,,69733,758,1280029,19.502643585205078,-99.17921447753906,290.0,0.0,0.0,,,,1784616000,2026-07-21 00:40:00-06:00,,
metrobus,metrobus_vehicle_positions,2026-07-21T06:40:22Z,2026-07-21,20260721T064017Z,2acab178-b1ce-4d1a-acbf-e9663b98823b,,,,,,69218,516,1260144,19.398656845092773,-99.07621765136719,215.0,0.0,0.0,,,,1781973302,2026-06-20 10:35:02-06:00,,
metrobus,metrobus_vehicle_positions,2026-07-21T06:40:22Z,2026-07-21,20260721T064017Z,51e4fb49-63db-4615-b9bc-653ae3c1403e,,,,,,69734,759,1280030,19.50722885131836,-99.19673156738281,135.0,0.0,0.0,,,,1784612704,2026-07-20 23:45:04-06:00,,
metrobus,metrobus_vehicle_positions,2026-07-21T06:40:22Z,2026-07-21,20260721T064017Z,d867254e-e7fc-486e-8654-a3cbe51a5fc3,,,,,,69220,518,1260146,19.398685455322266,-99.07622528076172,232.0,0.0,0.0,,,,1781973061,2026-06-20 10:31:01-06:00,,
metrobus,metrobus_vehicle_positions,2026-07-21T06:40:22Z,2026-07-21,20260721T064017Z,b3fa2e04-7250-406b-8f33-4346d046d47b,,,,,,69735,760,1280031,19.507123947143555,-99.19646453857422,198.0,0.0,0.0,,,,1784609318,2026-07-20 22:48:38-06:00,,
metrobus,metrobus_vehicle_positions,2026-07-21T06:40:22Z,2026-07-21,20260721T064017Z,4bfac5d2-af92-46f4-83a5-2f7a260f285d,,19471,1.0,06:03:11,20260721,69736,761,1280032,19.506914138793945,-99.19644165039062,166.0,0.0,0.0,,,,1784615855,2026-07-21 00:37:35-06:00,,
metrobus,metrobus_vehicle_positions,2026-07-21T06:40:22Z,2026-07-21,20260721T064017Z,6125de75-5e87-4a3c-bff3-1bb34a5bced1,,19471,1.0,04:47:02,20260721,69737,762,1280033,19.5071964263916,-99.19660949707031,182.0,0.0,0.0,,,,1784611241,2026-07-20 23:20:41-06:00,,
metrobus,metrobus_vehicle_positions,2026-07-21T06:40:22Z,2026-07-21,20260721T064017Z,dd308991-25f5-4c31-9008-7e2fee9c10da,,,,,,69222,520,1260148,19.420244216918945,-99.09256744384766,212.0,0.0,0.0,,,,1784612961,2026-07-20 23:49:21-06:00,,
metrobus,metrobus_vehicle_positions,2026-07-21T06:40:22Z,2026-07-21,20260721T064017Z,a53f3f1a-3536-4b1b-9c77-496ad0b405cc,,,,,,69738,763,1280034,19.506511688232422,-99.19986724853516,199.0,0.0,0.0,,,,1784616009,2026-07-21 00:40:09-06:00,,
metrobus,metrobus_vehicle_positions,2026-07-21T06:40:22Z,2026-07-21,20260721T064017Z,e433831e-4ca3-4126-9490-2c3887e37d8d,,,,,,69223,521,1260149,19.42215919494629,-99.09125518798828,0.0,0.0,0.0,,,,1784611534,2026-07-20 23:25:34-06:00,,
metrobus,metrobus_vehicle_positions,2026-07-21T06:40:22Z,2026-07-21,20260721T064017Z,497837b0-2fec-4a11-9529-fae581b26da5,,,,,,69739,764,1280035,19.506938934326172,-99.19650268554688,390.0,0.0,0.0,,,,1784614818,2026-07-21 00:20:18-06:00,,
metrobus,metrobus_vehicle_positions,2026-07-21T06:40:22Z,2026-07-21,20260721T064017Z,f08563eb-b3c4-4925-9efe-803cbf5998c1,,,,,,69224,522,1260150,19.42099380493164,-99.09210968017578,0.0,0.0,0.0,,,,1784616010,2026-07-21 00:40:10-06:00,,
metrobus,metrobus_vehicle_positions,2026-07-21T06:40:22Z,2026-07-21,20260721T064017Z,ad3bc0d4-3fc6-40c7-b584-4a3d52116019,,,,,,69740,765,1280036,19.507585525512695,-99.19926452636719,187.0,0.0,0.0,,,,1784616014,2026-07-21 00:40:14-06:00,,
metrobus,metrobus_vehicle_positions,2026-07-21T06:40:22Z,2026-07-21,20260721T064017Z,97370f2c-7f4d-45a4-a038-dd53b319e984,,,,,,69225,523,1260151,19.42202377319336,-99.09127044677734,309.0,0.0,0.0,,,,1784616013,2026-07-21 00:40:13-06:00,,
metrobus,metrobus_vehicle_positions,2026-07-21T06:40:22Z,2026-07-21,20260721T064017Z,d8d838c2-b65d-40d3-b754-215ff5a456f1,,19471,1.0,04:58:44,20260721,69741,766,1280037,19.507171630859375,-99.19664001464844,178.0,0.0,0.0,,,,1784613048,2026-07-20 23:50:48-06:00,,
metrobus,metrobus_vehicle_positions,2026-07-21T06:40:22Z,2026-07-21,20260721T064017Z,95169526-fa52-4cb2-bcc3-a980f4c16a75,,,,,,69226,524,1260152,19.398670196533203,-99.07628631591797,233.0,0.0,0.0,,,,1781972942,2026-06-20 10:29:02-06:00,,
metrobus,metrobus_vehicle_positions,2026-07-21T06:40:22Z,2026-07-21,20260721T064017Z,703ad376-013a-4f92-8b90-265f83b3a727,,,,,,69227,525,1260153,19.422929763793945,-99.09073638916016,210.0,0.0,0.0,,,,1784614969,2026-07-21 00:22:49-06:00,,
metrobus,metrobus_vehicle_positions,2026-07-21T06:40:22Z,2026-07-21,20260721T064017Z,467e3170-c8b7-4afe-bcb3-3c118a75ff1d,,19470,0.0,06:01:43,20260721,69742,767,1280038,19.493316650390625,-99.14571380615234,282.0,0.0,0.0,,,,1784616007,2026-07-21 00:40:07-06:00,,
metrobus,metrobus_vehicle_positions,2026-07-21T06:40:22Z,2026-07-21,20260721T064017Z,3d561132-35c7-4dad-ba50-0d0984f0ded0,,,,,,69743,768,1280039,19.50714874267578,-99.19640350341797,0.0,0.0,0.0,,,,1784610854,2026-07-20 23:14:14-06:00,,
metrobus,metrobus_vehicle_positions,2026-07-21T06:40:22Z,2026-07-21,20260721T064017Z,1d0b0421-a028-4a60-9bb5-3f5eba43013e,,,,,,69228,526,1260154,19.420116424560547,-99.09255981445312,0.0,0.0,0.0,,,,1784616015,2026-07-21 00:40:15-06:00,,
metrobus,metrobus_vehicle_positions,2026-07-21T06:40:22Z,2026-07-21,20260721T064017Z,96361ad5-7e0c-44ed-85cf-3bb0fe0be1eb,,19471,1.0,05:03:33,20260721,69744,769,1280040,19.507213592529297,-99.19668579101562,193.0,0.0,0.0,,,,1784613589,2026-07-20 23:59:49-06:00,,
metrobus,metrobus_vehicle_positions,2026-07-21T06:40:22Z,2026-07-21,20260721T064017Z,88c31dd7-9e60-42f0-b7f6-fe4d0b1ca1d0,,,,,,69229,527,1260155,19.421207427978516,-99.09195709228516,0.0,0.0,0.0,,,,1784614534,2026-07-21 00:15:34-06:00,,
metrobus,metrobus_vehicle_positions,2026-07-21T06:40:22Z,2026-07-21,20260721T064017Z,40c3409f-1c8e-484a-8fce-cdea171f5dd8,,19471,1.0,05:16:28,20260721,69745,770,1280041,19.507217407226562,-99.19670867919922,195.0,0.0,0.0,,,,1784612495,2026-07-20 23:41:35-06:00,,
metrobus,metrobus_vehicle_positions,2026-07-21T06:40:22Z,2026-07-21,20260721T064017Z,6ef51f18-b67d-4bc8-a479-a9a601254e87,,,,,,69746,771,1280042,19.50718879699707,-99.19651794433594,0.0,0.0,0.0,,,,1784613734,2026-07-21 00:02:14-06:00,,
metrobus,metrobus_vehicle_positions,2026-07-21T06:40:22Z,2026-07-21,20260721T064017Z,00c9c0d3-e95e-4ca1-87f6-fef00fd6bf3a,,,,,,69747,772,1280043,19.507112503051758,-99.1963119506836,0.0,0.0,0.0,,,,1784610478,2026-07-20 23:07:58-06:00,,
metrobus,metrobus_vehicle_positions,2026-07-21T06:40:22Z,2026-07-21,20260721T064017Z,452814fd-e695-41ac-8258-ad9698a1f775,,,,,,69232,530,1260158,19.42343521118164,-99.09175109863281,0.0,0.0,0.0,,,,1783893582,2026-07-12 15:59:42-06:00,,
metrobus,metrobus_vehicle_positions,2026-07-21T06:40:22Z,2026-07-21,20260721T064017Z,99eec1ad-10ec-4b16-beb1-e0af60a1f52c,,,,,,69748,773,TienepermisodeSEMOVI,19.507118225097656,-99.19633483886719,0.0,0.0,0.0,,,,1784615957,2026-07-21 00:39:17-06:00,,
metrobus,metrobus_vehicle_positions,2026-07-21T06:40:22Z,2026-07-21,20260721T064017Z,f79faf01-7ad4-4146-ad9a-32c65faae2ae,,,,,,69749,774,1280045,19.506948471069336,-99.196533203125,0.0,0.0,0.0,,,,1784616007,2026-07-21 00:40:07-06:00,,
metrobus,metrobus_vehicle_positions,2026-07-21T06:40:22Z,2026-07-21,20260721T064017Z,a18f8c96-2b6b-455a-891c-875b471d8895,,,,,,69234,532,1260160,19.42249298095703,-99.09188842773438,0.0,0.0,0.0,,,,1784542954,2026-07-20 04:22:34-06:00,,
metrobus,metrobus_vehicle_positions,2026-07-21T06:40:22Z,2026-07-21,20260721T064017Z,0ffdb765-6d4a-4384-8e85-940c9b7e2dd8,,,,,,69750,775,1280046,19.507169723510742,-99.19647979736328,0.0,0.0,0.0,,,,1784612776,2026-07-20 23:46:16-06:00,,
metrobus,metrobus_vehicle_positions,2026-07-21T06:40:22Z,2026-07-21,20260721T064017Z,4a2ef4a5-f49c-4ac3-8cc5-e24bfbf616b9,,,,,,69236,534,1260162,19.419858932495117,-99.09283447265625,0.0,0.0,0.0,,,,1784616007,2026-07-21 00:40:07-06:00,,
metrobus,metrobus_vehicle_positions,2026-07-21T06:40:22Z,2026-07-21,20260721T064017Z,b53ace87-b3aa-419a-8f62-8b069ea02659,,,,,,69751,776,1320053,19.50718116760254,-99.1965560913086,0.0,0.0,0.0,,,,1784616005,2026-07-21 00:40:05-06:00,,
metrobus,metrobus_vehicle_positions,2026-07-21T06:40:22Z,2026-07-21,20260721T064017Z,e1b7deeb-d125-4f14-afb0-78712073c302,,,,,,69752,777,1320051,19.50717544555664,-99.19652557373047,0.0,0.0,0.0,,,,1784615632,2026-07-21 00:33:52-06:00,,
metrobus,metrobus_vehicle_positions,2026-07-21T06:40:22Z,2026-07-21,20260721T064017Z,9536e4ca-a43e-4d09-9680-c7f9b6bc4385,,,,,,69753,778,1320052,19.50713539123535,-99.19634246826172,190.0,0.0,0.0,,,,1784604721,2026-07-20 21:32:01-06:00,,
metrobus,metrobus_vehicle_positions,2026-07-21T06:40:22Z,2026-07-21,20260721T064017Z,f3ca3c29-398b-43bc-a3f0-395a5718b2f5,,,,,,69238,536,1260164,19.423137664794922,-99.09175872802734,212.0,0.0,0.0,,,,1783624876,2026-07-09 13:21:16-06:00,,
metrobus,metrobus_vehicle_positions,2026-07-21T06:40:22Z,2026-07-21,20260721T064017Z,36a56833-8900-447a-ab28-476958a9882d,,,,,,69239,537,1260165,19.423171997070312,-99.09223175048828,116.0,0.0,0.0,,,,1784612860,2026-07-20 23:47:40-06:00,,
metrobus,metrobus_vehicle_positions,2026-07-21T06:40:22Z,2026-07-21,20260721T064017Z,fd4b8641-0557-46e6-b06c-31ff8bbb4374,,,,,,69240,538,1260166,19.41783905029297,-99.0919189453125,299.0,0.0,0.0,,,,1784616011,2026-07-21 00:40:11-06:00,,
metrobus,metrobus_vehicle_positions,2026-07-21T06:40:22Z,2026-07-21,20260721T064017Z,0d7620f9-9932-4c59-ad99-c5c93789f1ec,,,,,,69241,539,1260167,19.41849708557129,-99.09300994873047,306.0,0.0,0.0,,,,1784616011,2026-07-21 00:40:11-06:00,,
metrobus,metrobus_vehicle_positions,2026-07-21T06:40:22Z,2026-07-21,20260721T064017Z,b9a9c269-15a2-4c32-bf7f-dd7643bd6785,,19471,1.0,06:14:17,20260721,69179,781,1280047,19.507413864135742,-99.1973876953125,195.0,0.0,0.0,,,,1784616005,2026-07-21 00:40:05-06:00,,
metrobus,metrobus_vehicle_positions,2026-07-21T06:40:22Z,2026-07-21,20260721T064017Z,bfe3e74c-5afa-441d-af06-4a469cfa74a9,,,,,,69180,782,1280048,19.50736427307129,-99.1973648071289,190.0,0.0,0.0,,,,1784615672,2026-07-21 00:34:32-06:00,,
metrobus,metrobus_vehicle_positions,2026-07-21T06:40:22Z,2026-07-21,20260721T064017Z,871a8ca1-1f1e-4f70-95ad-7a85bd380c58,,19470,0.0,05:52:28,20260721,69181,783,1280049,19.502519607543945,-99.17887878417969,293.0,0.0,0.0,,,,1784616010,2026-07-21 00:40:10-06:00,,
metrobus,metrobus_vehicle_positions,2026-07-21T06:40:22Z,2026-07-21,20260721T064017Z,33a46097-5b54-40e8-abfd-b2dfd39da37f,,,,,,69243,541,1260169,19.42056655883789,-99.09221649169922,331.0,11.0,39.6,,,,1784616007,2026-07-21 00:40:07-06:00,,
metrobus,metrobus_vehicle_positions,2026-07-21T06:40:22Z,2026-07-21,20260721T064017Z,d7d11191-d587-4d3d-b24a-79b147e13a22,,19475,1.0,03:40:57,20260721,69182,784,1280050,19.50737953186035,-99.19729614257812,190.0,0.0,0.0,,,,1784607830,2026-07-20 22:23:50-06:00,,
metrobus,metrobus_vehicle_positions,2026-07-21T06:40:22Z,2026-07-21,20260721T064017Z,a28d9d5a-0b97-415e-a04e-ec1fdccf1d16,,19475,1.0,05:07:53,20260721,69183,785,1280051,19.50736427307129,-99.1972427368164,190.0,0.0,0.0,,,,1784612266,2026-07-20 23:37:46-06:00,,
metrobus,metrobus_vehicle_positions,2026-07-21T06:40:22Z,2026-07-21,20260721T064017Z,c2929729-b29a-4f9d-88eb-f4cde7db31dd,,,,,,69230,543,,19.42193603515625,-99.09136962890625,0.0,0.0,0.0,,,,1784614470,2026-07-21 00:14:30-06:00,,
metrobus,metrobus_vehicle_positions,2026-07-21T06:40:22Z,2026-07-21,20260721T064017Z,3cec7476-62dc-468c-b317-033ee6ce48b8,,,,,,69184,786,1280052,19.50737953186035,-99.197265625,0.0,0.0,0.0,,,,1784616003,2026-07-21 00:40:03-06:00,,
metrobus,metrobus_vehicle_positions,2026-07-21T06:40:22Z,2026-07-21,20260721T064017Z,d3602a1d-ed7e-4071-9abe-e5f1e3cd2c08,,20439,1.0,12:26:07,20260720,69246,544,1260172,19.401351928710938,-99.18523406982422,455.0,0.0,0.0,,,,1784612065,2026-07-20 23:34:25-06:00,,
metrobus,metrobus_vehicle_positions,2026-07-21T06:40:22Z,2026-07-21,20260721T064017Z,6e7a7779-aa61-4fc1-8c29-55043501218b,,19471,1.0,05:47:01,20260721,69185,787,1280053,19.50735855102539,-99.19721221923828,196.0,0.0,0.0,,,,1784614328,2026-07-21 00:12:08-06:00,,
metrobus,metrobus_vehicle_positions,2026-07-21T06:40:22Z,2026-07-21,20260721T064017Z,0dbeb407-01c6-4c29-98ae-bfe7c3a13fc4,,,,,,69186,788,1280054,19.507360458374023,-99.19717407226562,219.0,0.0,0.0,,,,1784610120,2026-07-20 23:02:00-06:00,,
metrobus,metrobus_vehicle_positions,2026-07-21T06:40:22Z,2026-07-21,20260721T064017Z,98fb5d9d-ea93-4f23-a8fa-51aff295d897,,,,,,69248,546,1260174,19.423009872436523,-99.09063720703125,210.0,0.0,0.0,,,,1784616009,2026-07-21 00:40:09-06:00,,
metrobus,metrobus_vehicle_positions,2026-07-21T06:40:22Z,2026-07-21,20260721T064017Z,9961fd36-bfce-4b63-b314-93c945532463,,19470,0.0,05:52:11,20260721,69187,789,TienepermisodeSEMOVI,19.505041122436523,-99.18922424316406,281.0,0.0,0.0,,,,1784616008,2026-07-21 00:40:08-06:00,,
metrobus,metrobus_vehicle_positions,2026-07-21T06:40:22Z,2026-07-21,20260721T064017Z,5515debe-65b5-4fba-a05e-303f20f48b7e,,,,,,69304,305,TienepermisodeSEMOVI,19.389850616455078,-99.05856323242188,301.0,0.0,0.0,,,,1784615493,2026-07-21 00:31:33-06:00,,
metrobus,metrobus_vehicle_positions,2026-07-21T06:40:22Z,2026-07-21,20260721T064017Z,48be42d6-38b3-4493-8589-5ba36b4545cf,,,,,,69249,547,1260175,19.422454833984375,-99.09104919433594,207.0,0.0,0.0,,,,1784616014,2026-07-21 00:40:14-06:00,,
metrobus,metrobus_vehicle_positions,2026-07-21T06:40:22Z,2026-07-21,20260721T064017Z,6335b51a-f59d-44b1-9dae-a6c8b1201c08,,,,,,69250,548,1260176,19.420875549316406,-99.0921630859375,0.0,0.0,0.0,,,,1784614689,2026-07-21 00:18:09-06:00,,
metrobus,metrobus_vehicle_positions,2026-07-21T06:40:22Z,2026-07-21,20260721T064017Z,af1b8b69-dbd1-4db6-b0aa-eb883be6f961,,,,,,69305,306,TienepermisodeSEMOVI,19.389989852905273,-99.05892181396484,0.0,0.0,0.0,,,,1784613603,2026-07-21 00:00:03-06:00,,
metrobus,metrobus_vehicle_positions,2026-07-21T06:40:22Z,2026-07-21,20260721T064017Z,f634828b-b722-4368-8ce8-5c121eb2bd8a,,,,,,69306,307,TienepermisodeSEMOVI,19.389404296875,-99.05826568603516,0.0,0.0,0.0,,,,1784615778,2026-07-21 00:36:18-06:00,,
metrobus,metrobus_vehicle_positions,2026-07-21T06:40:22Z,2026-07-21,20260721T064017Z,8b2bc862-8e52-4e13-9cd7-e3cb8db198a3,,,,,,69251,549,1260177,19.42150115966797,-99.09925842285156,118.0,20.0,72.0,,,,1784616019,2026-07-21 00:40:19-06:00,,
metrobus,metrobus_vehicle_positions,2026-07-21T06:40:22Z,2026-07-21,20260721T064017Z,1afe9f41-13cd-4759-b7ff-227e4283a319,,,,,,69307,308,TienepermisodeSEMOVI,19.389291763305664,-99.05812072753906,124.0,0.0,0.0,,,,1784615185,2026-07-21 00:26:25-06:00,,
metrobus,metrobus_vehicle_positions,2026-07-21T06:40:22Z,2026-07-21,20260721T064017Z,3449feda-babc-455e-80e3-db9bf3e77635,,,,,,74819,9701,,19.4792537689209,-99.06452178955078,905.0,0.0,0.0,,,,1784608307,2026-07-20 22:31:47-06:00,,
metrobus,metrobus_vehicle_positions,2026-07-21T06:40:22Z,2026-07-21,20260721T064017Z,b60b0cfb-9b88-48f9-9824-e207226712b4,,,,,,69188,790,1280056,19.50731658935547,-99.1971206665039,181.0,0.0,0.0,,,,1784608009,2026-07-20 22:26:49-06:00,,
metrobus,metrobus_vehicle_positions,2026-07-21T06:40:22Z,2026-07-21,20260721T064017Z,8f408aca-3a33-4d04-afd2-f83249c25b2d,,,,,,69189,791,1280057,19.50731086730957,-99.19711303710938,0.0,0.0,0.0,,,,1784616012,2026-07-21 00:40:12-06:00,,
metrobus,metrobus_vehicle_positions,2026-07-21T06:40:22Z,2026-07-21,20260721T064017Z,3cca841c-01b4-441b-9a9b-c7dbf200f483,,,,,,69190,792,1280058,19.506738662719727,-99.1961441040039,0.0,0.0,0.0,,,,1784609266,2026-07-20 22:47:46-06:00,,
metrobus,metrobus_vehicle_positions,2026-07-21T06:40:22Z,2026-07-21,20260721T064017Z,70beeb71-4141-4121-bdba-5baa95a4f589,,,,,,69253,551,1260179,19.41892433166504,-99.0932846069336,281.0,0.0,0.0,,,,1784616006,2026-07-21 00:40:06-06:00,,
metrobus,metrobus_vehicle_positions,2026-07-21T06:40:22Z,2026-07-21,20260721T064017Z,42c60fcb-36bd-40c3-8c70-d216a9399efe,,19471,1.0,03:53:50,20260721,69192,794,1280060,19.507305145263672,-99.19706726074219,201.0,0.0,0.0,,,,1784609946,2026-07-20 22:59:06-06:00,,
metrobus,metrobus_vehicle_positions,2026-07-21T06:40:22Z,2026-07-21,20260721T064017Z,fc3bee44-ba21-41c1-92d6-574b237b41d5,,19471,1.0,05:31:28,20260721,69193,795,1280061,19.507314682006836,-99.1970443725586,186.0,0.0,0.0,,,,1784616001,2026-07-21 00:40:01-06:00,,
metrobus,metrobus_vehicle_positions,2026-07-21T06:40:22Z,2026-07-21,20260721T064017Z,e3492b5e-f9c0-4dce-885f-ee816f0692c7,,,,,,69194,796,1280062,19.507041931152344,-99.19693756103516,0.0,0.0,0.0,,,,1784614323,2026-07-21 00:12:03-06:00,,
metrobus,metrobus_vehicle_positions,2026-07-21T06:40:22Z,2026-07-21,20260721T064017Z,7519d2a6-e543-402b-815d-72287ee16849,,,,,,69256,554,1260182,19.418550491333008,-99.09319305419922,299.0,0.0,0.0,,,,1784616013,2026-07-21 00:40:13-06:00,,
metrobus,metrobus_vehicle_positions,2026-07-21T06:40:22Z,2026-07-21,20260721T064017Z,6c247120-c45a-4ead-a9d7-b21f45bbd58d,,,,,,69195,797,1280063,19.506988525390625,-99.19695281982422,0.0,0.0,0.0,,,,1784614276,2026-07-21 00:11:16-06:00,,
metrobus,metrobus_vehicle_positions,2026-07-21T06:40:22Z,2026-07-21,20260721T064017Z,9a00218f-8503-45c9-8d22-6630007079ca,,,,,,69258,556,1260184,19.42241859436035,-99.0912094116211,0.0,0.0,0.0,,,,1784613840,2026-07-21 00:04:00-06:00,,
metrobus,metrobus_vehicle_positions,2026-07-21T06:40:22Z,2026-07-21,20260721T064017Z,023d9543-dff5-40f4-a640-b5abc06a4975,,,,,,69312,314,TienepermisodeSEMOVI,19.38995361328125,-99.05870056152344,0.0,0.0,0.0,,,,1784615812,2026-07-21 00:36:52-06:00,,
metrobus,metrobus_vehicle_positions,2026-07-21T06:40:22Z,2026-07-21,20260721T064017Z,2781116f-1586-4684-aad0-90d100e229f0,,,,,,69196,798,1280064,19.507041931152344,-99.19692993164062,0.0,0.0,0.0,,,,1784616014,2026-07-21 00:40:14-06:00,,
metrobus,metrobus_vehicle_positions,2026-07-21T06:40:22Z,2026-07-21,20260721T064017Z,9f363d43-26f0-4b25-b85e-7882948bceb9,,19471,1.0,06:27:27,20260721,69197,799,1320054,19.506860733032227,-99.19583892822266,346.0,0.0,0.0,,,,1784616014,2026-07-21 00:40:14-06:00,,
metrobus,metrobus_vehicle_positions,2026-07-21T06:40:22Z,2026-07-21,20260721T064017Z,bdd6f4b3-0006-4696-a31b-4eb8dbe42268,,,,,,69259,557,1260185,19.42213249206543,-99.09122467041016,281.0,0.0,0.0,,,,1784615820,2026-07-21 00:37:00-06:00,,
metrobus,metrobus_vehicle_positions,2026-07-21T06:40:22Z,2026-07-21,20260721T064017Z,2f72af92-72f3-4a6e-a109-67dcb6d93f49,,,,,,69260,558,1260186,19.420921325683594,-99.09205627441406,0.0,0.0,0.0,,,,1784607447,2026-07-20 22:17:27-06:00,,
metrobus,metrobus_vehicle_positions,2026-07-21T06:40:22Z,2026-07-21,20260721T064017Z,e1ecd199-290c-4bff-8fff-bb4952c92628,,20440,0.0,14:41:04,20260720,69261,559,1260187,19.41908836364746,-99.17935180664062,201.0,42.0,151.20000000000002,,,,1784560122,2026-07-20 09:08:42-06:00,,
metrobus,metrobus_vehicle_positions,2026-07-21T06:40:22Z,2026-07-21,20260721T064017Z,0926117c-1639-4e72-bc3d-bf4688b8113d,,,,,,69262,560,1260188,19.422779083251953,-99.09076690673828,211.0,0.0,0.0,,,,1784615528,2026-07-21 00:32:08-06:00,,
metrobus,metrobus_vehicle_positions,2026-07-21T06:40:22Z,2026-07-21,20260721T064017Z,d54c782f-77a8-40ab-ba1d-7eab367e6758,,,,,,69263,561,1260189,19.422292709350586,-99.09113311767578,210.0,0.0,0.0,,,,1784605770,2026-07-20 21:49:30-06:00,,
metrobus,metrobus_vehicle_positions,2026-07-21T06:40:22Z,2026-07-21,20260721T064017Z,3f4dae01-2587-47bf-afc7-a7a958f2b7bf,,,,,,69264,562,1260190,19.4226131439209,-99.09083557128906,210.0,0.0,0.0,,,,1784615893,2026-07-21 00:38:13-06:00,,
metrobus,metrobus_vehicle_positions,2026-07-21T06:40:22Z,2026-07-21,20260721T064017Z,2a932d11-cb60-4cd2-858e-defb13a5891e,,,,,,69316,320,TienepermisodeSEMOVI,19.38902473449707,-99.05779266357422,0.0,0.0,0.0,,,,1784616005,2026-07-21 00:40:05-06:00,,
metrobus,metrobus_vehicle_positions,2026-07-21T06:40:22Z,2026-07-21,20260721T064017Z,98081bed-239a-42d1-92a0-3508f7367fea,,,,,,69265,563,1260191,19.422588348388672,-99.09230041503906,479.0,0.0,0.0,,,,1784616006,2026-07-21 00:40:06-06:00,,
metrobus,metrobus_vehicle_positions,2026-07-21T06:40:22Z,2026-07-21,20260721T064017Z,f006bacc-9a9b-4191-9fd2-4e65aff6e655,,,,,,69266,564,1260192,19.423267364501953,-99.0942153930664,0.0,0.0,0.0,,,,1784611611,2026-07-20 23:26:51-06:00,,
metrobus,metrobus_vehicle_positions,2026-07-21T06:40:22Z,2026-07-21,20260721T064017Z,2b0ed015-ec7e-4803-a859-217c256c4f1e,,,,,,69267,565,1260193,19.41977310180664,-99.09278869628906,0.0,0.0,0.0,,,,1784613797,2026-07-21 00:03:17-06:00,,
metrobus,metrobus_vehicle_positions,2026-07-21T06:40:22Z,2026-07-21,20260721T064017Z,1906b819-857a-4be4-b0d1-30a23df94a5e,,,,,,69268,566,1260194,19.41994857788086,-99.09260559082031,0.0,0.0,0.0,,,,1784616012,2026-07-21 00:40:12-06:00,,
metrobus,metrobus_vehicle_positions,2026-07-21T06:40:22Z,2026-07-21,20260721T064017Z,a34b1677-30ab-41f1-872b-b1f2e17d3a0b,,,,,,69269,567,1260195,19.42222023010254,-99.09115600585938,299.0,0.0,0.0,,,,1784614208,2026-07-21 00:10:08-06:00,,
metrobus,metrobus_vehicle_positions,2026-07-21T06:40:22Z,2026-07-21,20260721T064017Z,6f3c1955-b214-47b9-9421-5ebd3b37ccbb,,,,,,69270,568,1260196,19.419876098632812,-99.09269714355469,0.0,0.0,0.0,,,,1784616003,2026-07-21 00:40:03-06:00,,
metrobus,metrobus_vehicle_positions,2026-07-21T06:40:22Z,2026-07-21,20260721T064017Z,b9c0bb93-e0d9-4014-a14e-ed442e8beef2,,,,,,69271,569,1260197,19.422353744506836,-99.09109497070312,0.0,0.0,0.0,,,,1784616001,2026-07-21 00:40:01-06:00,,
metrobus,metrobus_vehicle_positions,2026-07-21T06:40:22Z,2026-07-21,20260721T064017Z,494e1cd2-4b08-4138-a021-f17c4d8e9d6a,,,,,,74821,9704,,19.47925567626953,-99.06450653076172,917.0,0.0,0.0,,,,1784612765,2026-07-20 23:46:05-06:00,,
metrobus,metrobus_vehicle_positions,2026-07-21T06:40:22Z,2026-07-21,20260721T064017Z,d5669cc8-a69d-4849-84c4-3ec6f2f0452c,,,,,,74820,9702,,19.47941780090332,-99.064453125,194.0,0.0,0.0,,,,1784614607,2026-07-21 00:16:47-06:00,,
metrobus,metrobus_vehicle_positions,2026-07-21T06:40:22Z,2026-07-21,20260721T064017Z,853e73d7-1f8c-4a4b-85ee-da7585de3150,,,,,,74830,9703,,19.479389190673828,-99.06453704833984,195.0,0.0,0.0,,,,1784613698,2026-07-21 00:01:38-06:00,,
metrobus,metrobus_vehicle_positions,2026-07-21T06:40:22Z,2026-07-21,20260721T064017Z,a4d7cabd-8f90-48b1-87fa-9fbda87993c5,,,,,,69274,572,002A981,19.422977447509766,-99.09169006347656,0.0,0.0,0.0,,,,1784612430,2026-07-20 23:40:30-06:00,,
metrobus,metrobus_vehicle_positions,2026-07-21T06:40:22Z,2026-07-21,20260721T064017Z,cb6ff38c-9095-4f43-8d60-17938c6f13a0,,,,,,69275,573,002A982,19.4227294921875,-99.09188842773438,0.0,0.0,0.0,,,,1784614866,2026-07-21 00:21:06-06:00,,
metrobus,metrobus_vehicle_positions,2026-07-21T06:40:22Z,2026-07-21,20260721T064017Z,8d328ed0-0ded-4bd4-b8a1-7b6d7c1ba542,,,,,,69277,575,002A983,19.42264175415039,-99.09197235107422,230.0,0.0,0.0,,,,1784616012,2026-07-21 00:40:12-06:00,,
metrobus,metrobus_vehicle_positions,2026-07-21T06:40:22Z,2026-07-21,20260721T064017Z,2000530c-7f6d-4ed5-811b-9b8fca2cf6f7,,,,,,69278,576,002A984,19.422821044921875,-99.09184265136719,210.0,0.0,0.0,,,,1784616008,2026-07-21 00:40:08-06:00,,
metrobus,metrobus_vehicle_positions,2026-07-21T06:40:22Z,2026-07-21,20260721T064017Z,559c8382-7963-4bed-a0a0-7a6a4b070733,,,,,,69279,577,002A985,19.420339584350586,-99.09236907958984,32.0,0.0,0.0,,,,1784616008,2026-07-21 00:40:08-06:00,,
metrobus,metrobus_vehicle_positions,2026-07-21T06:40:22Z,2026-07-21,20260721T064017Z,89475c78-57d6-4656-8358-e9c69ea5478a,,,,,,69280,578,002A986,19.41781234741211,-99.09185028076172,300.0,0.0,0.0,,,,1784616005,2026-07-21 00:40:05-06:00,,
metrobus,metrobus_vehicle_positions,2026-07-21T06:40:22Z,2026-07-21,20260721T064017Z,4ce660cf-c5bc-40a6-838e-b715c9fd5f8a,,19566,0.0,06:25:28,20260721,70089,338,1250003,19.387161254882812,-99.06011962890625,820.0,0.0,0.0,,,,1784616002,2026-07-21 00:40:02-06:00,,
metrobus,metrobus_vehicle_positions,2026-07-21T06:40:22Z,2026-07-21,20260721T064017Z,adf12ec3-d205-4edc-bb02-ab4a01f250e3,,19563,0.0,05:54:57,20260721,70090,339,1250004,19.386947631835938,-99.05987548828125,118.0,0.0,0.0,,,,1784616009,2026-07-21 00:40:09-06:00,,
metrobus,metrobus_vehicle_positions,2026-07-21T06:40:22Z,2026-07-21,20260721T064017Z,5f3abb5d-d560-4579-8215-99d886f56b24,,,,,,69282,580,TienepermisodeSEMOVI,19.422807693481445,-99.09183502197266,0.0,0.0,0.0,,,,1784615125,2026-07-21 00:25:25-06:00,,
metrobus,metrobus_vehicle_positions,2026-07-21T06:40:22Z,2026-07-21,20260721T064017Z,932b4240-99da-4208-8225-0ed3e5d22610,,,,,,69283,581,002A989,19.423120498657227,-99.09193420410156,384.0,0.0,0.0,,,,1784615747,2026-07-21 00:35:47-06:00,,
metrobus,metrobus_vehicle_positions,2026-07-21T06:40:22Z,2026-07-21,20260721T064017Z,7af5c80d-337c-446c-9f47-dab61205d285,,,,,,70091,340,1250005,19.38697052001953,-99.05992126464844,356.0,0.0,0.0,,,,1784616004,2026-07-21 00:40:04-06:00,,
metrobus,metrobus_vehicle_positions,2026-07-21T06:40:22Z,2026-07-21,20260721T064017Z,77a6b753-47dc-4f07-a4e3-3e2bb6da41f8,,,,,,69284,582,002A990,19.422548294067383,-99.0919189453125,0.0,0.0,0.0,,,,1784616010,2026-07-21 00:40:10-06:00,,
metrobus,metrobus_vehicle_positions,2026-07-21T06:40:22Z,2026-07-21,20260721T064017Z,a8556647-5886-4fe1-8f0f-f66af72668b2,,,,,,69285,583,002A991,19.417734146118164,-99.09168243408203,303.0,0.0,0.0,,,,1784616009,2026-07-21 00:40:09-06:00,,
metrobus,metrobus_vehicle_positions,2026-07-21T06:40:22Z,2026-07-21,20260721T064017Z,1c461908-03c2-4de6-a5b0-63598bd84919,,,,,,70093,342,TienepermisodeSEMOVI,19.38710594177246,-99.05986785888672,187.0,0.0,0.0,,,,1784616003,2026-07-21 00:40:03-06:00,,
metrobus,metrobus_vehicle_positions,2026-07-21T06:40:22Z,2026-07-21,20260721T064017Z,c091538d-1b35-482b-ac51-9a0f7ec5fb8e,,,,,,69286,584,002A992,19.42340087890625,-99.09141540527344,224.0,0.0,0.0,,,,1784264482,2026-07-16 23:01:22-06:00,,
metrobus,metrobus_vehicle_positions,2026-07-21T06:40:22Z,2026-07-21,20260721T064017Z,bd70d034-9aa4-42a2-89fc-821f66d3a99d,,,,,,69287,585,002A993,19.423038482666016,-99.09168243408203,187.0,0.0,0.0,,,,1784606309,2026-07-20 21:58:29-06:00,,
metrobus,metrobus_vehicle_positions,2026-07-21T06:40:22Z,2026-07-21,20260721T064017Z,11ee73ba-601a-42f2-a787-82a6dad4dc8f,,,,,,70095,344,TienepermisodeSEMOVI,19.38651466369629,-99.05998229980469,0.0,0.0,0.0,,,,1784615449,2026-07-21 00:30:49-06:00,,
metrobus,metrobus_vehicle_positions,2026-07-21T06:40:22Z,2026-07-21,20260721T064017Z,e49732c0-ac1e-4711-8749-76b26fba875e,,,,,,69288,586,002A994,19.422828674316406,-99.09181213378906,0.0,0.0,0.0,,,,1784616008,2026-07-21 00:40:08-06:00,,
metrobus,metrobus_vehicle_positions,2026-07-21T06:40:22Z,2026-07-21,20260721T064017Z,cb7ab213-ae6a-4727-a11f-56e6db9f8d0c,,,,,,70096,345,TienepermisodeSEMOVI,19.386526107788086,-99.05999755859375,0.0,0.0,0.0,,,,1784616018,2026-07-21 00:40:18-06:00,,
metrobus,metrobus_vehicle_positions,2026-07-21T06:40:22Z,2026-07-21,20260721T064017Z,71d2c6c4-32ae-46f5-becf-401d810434a7,,,,,,69289,587,002A995,19.423015594482422,-99.09171295166016,202.0,0.0,0.0,,,,1784610541,2026-07-20 23:09:01-06:00,,
metrobus,metrobus_vehicle_positions,2026-07-21T06:40:22Z,2026-07-21,20260721T064017Z,0e62333c-f306-4ae8-ad2d-de6ca25f6887,,,,,,69290,588,002A996,19.422786712646484,-99.09182739257812,212.0,0.0,0.0,,,,1784612530,2026-07-20 23:42:10-06:00,,
metrobus,metrobus_vehicle_positions,2026-07-21T06:40:22Z,2026-07-21,20260721T064017Z,7cce4c88-2f64-4264-9228-ca84f69be0e2,,,,,,69291,589,002A997,19.423139572143555,-99.09170532226562,0.0,0.0,0.0,,,,1784616007,2026-07-21 00:40:07-06:00,,
metrobus,metrobus_vehicle_positions,2026-07-21T06:40:22Z,2026-07-21,20260721T064017Z,a2f70cdc-a94e-4b02-96dd-c2895f105db4,,,,,,70100,349,TienepermisodeSEMOVI,19.38672637939453,-99.05982971191406,348.0,0.0,0.0,,,,1784610096,2026-07-20 23:01:36-06:00,,
metrobus,metrobus_vehicle_positions,2026-07-21T06:40:22Z,2026-07-21,20260721T064017Z,e92b3792-c3d3-4e44-aac3-468a4b1b7a69,,,,,,69294,592,002A998,19.418216705322266,-99.09257507324219,300.0,0.0,0.0,,,,1784616011,2026-07-21 00:40:11-06:00,,
metrobus,metrobus_vehicle_positions,2026-07-21T06:40:22Z,2026-07-21,20260721T064017Z,7e43a2a8-227a-45c6-822c-e15a85476a30,,19566,0.0,05:16:16,20260721,70101,350,1250015,19.386571884155273,-99.05989837646484,247.0,0.0,0.0,,,,1784614577,2026-07-21 00:16:17-06:00,,
metrobus,metrobus_vehicle_positions,2026-07-21T06:40:22Z,2026-07-21,20260721T064017Z,07580958-9b93-44f8-bf22-3e41f219eebf,,,,,,69298,597,002A999,19.422943115234375,-99.09178161621094,168.0,0.0,0.0,,,,1784614274,2026-07-21 00:11:14-06:00,,
metrobus,metrobus_vehicle_positions,2026-07-21T06:40:22Z,2026-07-21,20260721T064017Z,332e55c9-d248-427f-bfba-e0af0e0b7637,,,,,,69299,598,003A001,19.422414779663086,-99.09255981445312,458.0,0.0,0.0,,,,1784616005,2026-07-21 00:40:05-06:00,,
metrobus,metrobus_vehicle_positions,2026-07-21T06:40:22Z,2026-07-21,20260721T064017Z,e7f507c4-e419-4d49-8f53-0eb7da946b81,,,,,,75093,9756,,19.506961822509766,-99.19586944580078,319.0,0.0,0.0,,,,1784233487,2026-07-16 14:24:47-06:00,,
metrobus,metrobus_vehicle_positions,2026-07-21T06:40:22Z,2026-07-21,20260721T064017Z,c99361f7-1744-4431-abe8-0309712ef253,,20295,0.0,05:03:50,20260721,69439,120,1230033,19.499988555908203,-99.1194076538086,158.0,0.0,0.0,,,,1784612522,2026-07-20 23:42:02-06:00,,
metrobus,metrobus_vehicle_positions,2026-07-21T06:40:22Z,2026-07-21,20260721T064017Z,63b26f22-6219-404e-aef1-842060d5f05d,,,,,,69440,121,1230034,19.50019073486328,-99.11959075927734,0.0,0.0,0.0,,,,1784130396,2026-07-15 09:46:36-06:00,,
metrobus,metrobus_vehicle_positions,2026-07-21T06:40:22Z,2026-07-21,20260721T064017Z,827c02b8-0329-445f-ba6d-6b0c134d3d11,,,,,,69687,364,ConPermisovencido,19.3886775970459,-99.05941009521484,191.0,0.0,0.0,,,,1784610554,2026-07-20 23:09:14-06:00,,
metrobus,metrobus_vehicle_positions,2026-07-21T06:40:22Z,2026-07-21,20260721T064017Z,e6d85c89-2fcc-4fb5-8b56-5c80912f30bd,,,,,,69442,123,1230036,19.500099182128906,-99.11947631835938,0.0,0.0,0.0,,,,1784616002,2026-07-21 00:40:02-06:00,,
metrobus,metrobus_vehicle_positions,2026-07-21T06:40:22Z,2026-07-21,20260721T064017Z,f4aea3a1-ed29-45bb-bf97-0fe43d206710,,,,,,69688,366,1250117,19.388996124267578,-99.05934143066406,318.0,0.0,0.0,,,,1784605872,2026-07-20 21:51:12-06:00,,
metrobus,metrobus_vehicle_positions,2026-07-21T06:40:22Z,2026-07-21,20260721T064017Z,1050351a-1abe-4b4c-95d3-d8b5981d7fb0,,,,,,70324,367,,19.388456344604492,-99.05968475341797,0.0,0.0,0.0,,,,1784438783,2026-07-18 23:26:23-06:00,,
metrobus,metrobus_vehicle_positions,2026-07-21T06:40:22Z,2026-07-21,20260721T064017Z,f106e598-7a7f-4282-86b4-9c0cb31e7146,,,,,,74672,9521,,19.42314910888672,-99.0939712524414,301.0,0.0,0.0,,,,1784611006,2026-07-20 23:16:46-06:00,,
metrobus,metrobus_vehicle_positions,2026-07-21T06:40:22Z,2026-07-21,20260721T064017Z,597cc202-f5af-45c2-856f-909606990acd,,19566,0.0,06:19:33,20260721,74993,9525,,19.389728546142578,-99.0592041015625,310.0,0.0,0.0,,,,1784616009,2026-07-21 00:40:09-06:00,,
metrobus,metrobus_vehicle_positions,2026-07-21T06:40:22Z,2026-07-21,20260721T064017Z,602f2e9c-9c08-4c2a-ab18-0caeddc121d2,,,,,,74671,9522,,19.422454833984375,-99.09259033203125,204.0,0.0,0.0,,,,1784609418,2026-07-20 22:50:18-06:00,,
metrobus,metrobus_vehicle_positions,2026-07-21T06:40:22Z,2026-07-21,20260721T064017Z,3759ba18-2b2f-44ad-8dbb-dd3c93b3a383,,,,,,74805,9523,,19.478755950927734,-99.06379699707031,338.0,0.0,0.0,,,,1784616005,2026-07-21 00:40:05-06:00,,
metrobus,metrobus_vehicle_positions,2026-07-21T06:40:22Z,2026-07-21,20260721T064017Z,3ba32a77-779f-4dd1-9e70-fc411b0653cf,,,,,,69690,372,1250123,19.38892936706543,-99.05928802490234,0.0,0.0,0.0,,,,1784610059,2026-07-20 23:00:59-06:00,,
metrobus,metrobus_vehicle_positions,2026-07-21T06:40:22Z,2026-07-21,20260721T064017Z,d75de0e1-c06b-4d38-9437-5fccac6c5574,,19564,0.0,05:53:13,20260721,69691,373,1250124,19.389156341552734,-99.05934143066406,910.0,0.0,0.0,,,,1784616007,2026-07-21 00:40:07-06:00,,
metrobus,metrobus_vehicle_positions,2026-07-21T06:40:22Z,2026-07-21,20260721T064017Z,04f31777-b454-4540-be81-028b1cd779f4,,,,,,73164,139,12300139,19.500154495239258,-99.11941528320312,281.0,0.0,0.0,,,,1784598205,2026-07-20 19:43:25-06:00,,
metrobus,metrobus_vehicle_positions,2026-07-21T06:40:22Z,2026-07-21,20260721T064017Z,01b9e7d3-a6d4-4e85-ac5e-f70e4b38d5c2,,,,,,75094,9759,,19.506881713867188,-99.19587707519531,298.0,0.0,0.0,,,,1784235134,2026-07-16 14:52:14-06:00,,
metrobus,metrobus_vehicle_positions,2026-07-21T06:40:22Z,2026-07-21,20260721T064017Z,3e81fb8d-9786-4330-b11b-dc790d84dad1,,,,,,72536,9515,,19.38616371154785,-99.05987548828125,0.0,0.0,0.0,,,,1784611743,2026-07-20 23:29:03-06:00,,
metrobus,metrobus_vehicle_positions,2026-07-21T06:40:22Z,2026-07-21,20260721T064017Z,f52fd564-3b21-4dcb-9880-0b7741af9c53,,,,,,75096,9758,,19.50687026977539,-99.19587707519531,343.0,0.0,0.0,,,,1784234649,2026-07-16 14:44:09-06:00,,
metrobus,metrobus_vehicle_positions,2026-07-21T06:40:22Z,2026-07-21,20260721T064017Z,0d096f10-f9ac-464e-bf9b-326f78be1b07,,,,,,74699,9519,,19.47935676574707,-99.06437683105469,108.0,0.0,0.0,,,,1784611949,2026-07-20 23:32:29-06:00,,
metrobus,metrobus_vehicle_positions,2026-07-21T06:40:22Z,2026-07-21,20260721T064017Z,0d4ce05d-3574-4523-be0f-8633fdcefce0,,,,,,69451,143,1230056,19.499727249145508,-99.11949157714844,356.0,0.0,0.0,,,,1784573447,2026-07-20 12:50:47-06:00,,
metrobus,metrobus_vehicle_positions,2026-07-21T06:40:22Z,2026-07-21,20260721T064017Z,596fe8a0-dcd8-4cee-8332-3c5c4f1f95ec,,,,,,69452,144,1230057,19.50006675720215,-99.11931610107422,396.0,0.0,0.0,,,,1784599096,2026-07-20 19:58:16-06:00,,
metrobus,metrobus_vehicle_positions,2026-07-21T06:40:22Z,2026-07-21,20260721T064017Z,3178e08a-e4dd-4d4b-947a-73ad3185abcc,,,,,,69454,146,1230005,19.500228881835938,-99.1196060180664,0.0,0.0,0.0,,,,1784616016,2026-07-21 00:40:16-06:00,,
metrobus,metrobus_vehicle_positions,2026-07-21T06:40:22Z,2026-07-21,20260721T064017Z,9705db4a-9203-49d9-bd34-e70a572c1484,,,,,,75062,9529,,19.650497436523438,-99.13294982910156,301.0,0.0,0.0,,,,1784576043,2026-07-20 13:34:03-06:00,,
metrobus,metrobus_vehicle_positions,2026-07-21T06:40:22Z,2026-07-21,20260721T064017Z,2911afbc-b42a-4274-a9d1-15cfd7809d33,,,,,,75057,9527,,19.422813415527344,-99.09226989746094,407.0,0.0,0.0,,,,1784609829,2026-07-20 22:57:09-06:00,,
metrobus,metrobus_vehicle_positions,2026-07-21T06:40:22Z,2026-07-21,20260721T064017Z,72557696-3cc9-431b-968b-723db7033069,,,,,,74680,9542,,19.402860641479492,-99.06166076660156,177.0,0.0,0.0,,,,1784610992,2026-07-20 23:16:32-06:00,,
metrobus,metrobus_vehicle_positions,2026-07-21T06:40:22Z,2026-07-21,20260721T064017Z,34f87386-0106-4684-bf40-715d45c124b7,,,,,,74681,9543,,19.402860641479492,-99.0616226196289,850.0,0.0,0.0,,,,1784610840,2026-07-20 23:14:00-06:00,,
metrobus,metrobus_vehicle_positions,2026-07-21T06:40:22Z,2026-07-21,20260721T064017Z,d9b4e95e-bd1a-4fc6-84bd-4e052725c63a,,,,,,74679,9541,,19.40288734436035,-99.06150817871094,123.0,0.0,0.0,,,,1784612183,2026-07-20 23:36:23-06:00,,
metrobus,metrobus_vehicle_positions,2026-07-21T06:40:22Z,2026-07-21,20260721T064017Z,76c1ebdc-5174-4d9b-a6c5-3a7afc476593,,19564,0.0,05:09:29,20260721,74915,9304,,19.38938331604004,-99.05773162841797,194.0,0.0,0.0,,,,1784616009,2026-07-21 00:40:09-06:00,,
metrobus,metrobus_vehicle_positions,2026-07-21T06:40:22Z,2026-07-21,20260721T064017Z,496de492-1f82-4ccf-b671-8d3181fb95d8,,19564,0.0,05:06:47,20260721,74546,9305,,19.389427185058594,-99.05762481689453,0.0,0.0,0.0,,,,1784612654,2026-07-20 23:44:14-06:00,,
metrobus,metrobus_vehicle_positions,2026-07-21T06:40:22Z,2026-07-21,20260721T064017Z,0db87ce3-914f-4795-b357-e914da00ef95,,19564,0.0,05:23:04,20260721,74518,9303,,19.389385223388672,-99.0577392578125,206.0,0.0,0.0,,,,1784612529,2026-07-20 23:42:09-06:00,,
metrobus,metrobus_vehicle_positions,2026-07-21T06:40:22Z,2026-07-21,20260721T064017Z,3ab218a0-1268-45ca-9518-13f579283c70,,,,,,69598,392,1250146,19.38901138305664,-99.0595932006836,0.0,0.0,0.0,,,,1780357248,2026-06-01 17:40:48-06:00,,
metrobus,metrobus_vehicle_positions,2026-07-21T06:40:22Z,2026-07-21,20260721T064017Z,634bef60-61a4-4c04-b382-2157bb847b0c,,19471,1.0,04:17:47,20260721,74141,9781,,19.507286071777344,-99.1969985961914,186.0,0.0,0.0,,,,1784607964,2026-07-20 22:26:04-06:00,,
metrobus,metrobus_vehicle_positions,2026-07-21T06:40:22Z,2026-07-21,20260721T064017Z,78bf492d-75a3-4869-8ab2-0dc9aa6cb8f0,,,,,,69599,394,1250147,19.388240814208984,-99.0594482421875,390.0,0.0,0.0,,,,1784612283,2026-07-20 23:38:03-06:00,,
metrobus,metrobus_vehicle_positions,2026-07-21T06:40:22Z,2026-07-21,20260721T064017Z,aa8dfa05-bfa8-4bdb-aa03-cdca9d27acb2,,,,,,70122,152,1230165,19.49995994567871,-99.11921691894531,0.0,0.0,0.0,,,,1784616017,2026-07-21 00:40:17-06:00,,
metrobus,metrobus_vehicle_positions,2026-07-21T06:40:22Z,2026-07-21,20260721T064017Z,6a2b35b3-35ef-4fbd-9f72-9318f0999620,,,,,,70123,153,1230166,19.50048065185547,-99.119384765625,814.0,0.0,0.0,,,,1784232785,2026-07-16 14:13:05-06:00,,
metrobus,metrobus_vehicle_positions,2026-07-21T06:40:22Z,2026-07-21,20260721T064017Z,c095398e-fb39-49f3-b5df-2661666286fc,,,,,,69601,398,TienepermisodeSEMOVI,19.388322830200195,-99.05944061279297,357.0,0.0,0.0,,,,1784609698,2026-07-20 22:54:58-06:00,,
metrobus,metrobus_vehicle_positions,2026-07-21T06:40:22Z,2026-07-21,20260721T064017Z,72762b94-32af-4e61-8352-9757de11a89d,,,,,,70126,156,1230169,19.499990463256836,-99.11921691894531,0.0,0.0,0.0,,,,1784560469,2026-07-20 09:14:29-06:00,,
metrobus,metrobus_vehicle_positions,2026-07-21T06:40:22Z,2026-07-21,20260721T064017Z,4df142ae-82d6-4521-8934-95018053452e,,,,,,69602,399,1250150,19.388246536254883,-99.05944061279297,0.0,0.0,0.0,,,,1784616004,2026-07-21 00:40:04-06:00,,
metrobus,metrobus_vehicle_positions,2026-07-21T06:40:22Z,2026-07-21,20260721T064017Z,a40a88bc-0217-4fd4-9b3a-5702c1b284e4,,19564,0.0,04:32:01,20260721,74547,9306,,19.389373779296875,-99.05760955810547,0.0,0.0,0.0,,,,1784612175,2026-07-20 23:36:15-06:00,,
metrobus,metrobus_vehicle_positions,2026-07-21T06:40:22Z,2026-07-21,20260721T064017Z,8f20dc0e-c4d8-48e5-b641-ed1b04d4bcdf,,19562,1.0,06:03:12,20260721,74465,9379,,19.390167236328125,-99.0848617553711,125.0,44.0,158.4,,,,1784616007,2026-07-21 00:40:07-06:00,,
metrobus,metrobus_vehicle_positions,2026-07-21T06:40:22Z,2026-07-21,20260721T064017Z,99b65a34-dd94-4ebe-911f-1fd6410561c2,,19562,1.0,05:56:12,20260721,74191,9382,,19.38436508178711,-99.07178497314453,100.0,33.0,118.8,,,,1784616015,2026-07-21 00:40:15-06:00,,
metrobus,metrobus_vehicle_positions,2026-07-21T06:40:22Z,2026-07-21,20260721T064017Z,06a76172-22d0-4cbe-9f12-af72b34e3ec3,,,,,,69580,2504,TienepermisodeSEMOVI,19.422969818115234,-99.09159851074219,663.0,0.0,0.0,,,,1784615129,2026-07-21 00:25:29-06:00,,
metrobus,metrobus_vehicle_positions,2026-07-21T06:40:22Z,2026-07-21,20260721T064017Z,85da260b-db20-46ce-a689-d00dc7ad4141,,19522,0.0,03:12:15,20260721,69579,2503,TienepermisodeSEMOVI,19.423301696777344,-99.0941162109375,304.0,0.0,0.0,,,,1784606609,2026-07-20 22:03:29-06:00,,
metrobus,metrobus_vehicle_positions,2026-07-21T06:40:22Z,2026-07-21,20260721T064017Z,cb1646f5-08c0-45d6-a1ba-70716a7463af,,,,,,69578,2502,TienepermisodeSEMOVI,19.430408477783203,-99.0532455444336,0.0,0.0,0.0,,,,1784034716,2026-07-14 07:11:56-06:00,,
metrobus,metrobus_vehicle_positions,2026-07-21T06:40:22Z,2026-07-21,20260721T064017Z,42810197-13db-4a69-8122-3f17bf000586,,,,,,69577,2501,TienepermisodeSEMOVI,19.423025131225586,-99.09149932861328,0.0,0.0,0.0,,,,1784612529,2026-07-20 23:42:09-06:00,,
metrobus,metrobus_vehicle_positions,2026-07-21T06:40:22Z,2026-07-21,20260721T064017Z,6790a2af-1e43-47ca-a6d5-7b55d25aca6a,,19522,0.0,06:00:11,20260721,69585,2509,TienepermisodeSEMOVI,19.422569274902344,-99.09186553955078,251.0,0.0,0.0,,,,1784616006,2026-07-21 00:40:06-06:00,,
metrobus,metrobus_vehicle_positions,2026-07-21T06:40:22Z,2026-07-21,20260721T064017Z,40eac681-3146-4f2d-9e21-db69cbeccfb1,,,,,,69584,2508,TienepermisodeSEMOVI,19.422687530517578,-99.09180450439453,206.0,0.0,0.0,,,,1784614627,2026-07-21 00:17:07-06:00,,
metrobus,metrobus_vehicle_positions,2026-07-21T06:40:22Z,2026-07-21,20260721T064017Z,3fb9f970-4f56-4414-9065-4e1305ee5270,,,,,,69583,2507,TienepermisodeSEMOVI,19.422649383544922,-99.09178924560547,0.0,0.0,0.0,,,,1784612751,2026-07-20 23:45:51-06:00,,
metrobus,metrobus_vehicle_positions,2026-07-21T06:40:22Z,2026-07-21,20260721T064017Z,0116c8be-f341-46fc-9810-8ebf191d2d4a,,,,,,69582,2506,TienepermisodeSEMOVI,19.422969818115234,-99.09162902832031,0.0,0.0,0.0,,,,1784616004,2026-07-21 00:40:04-06:00,,
metrobus,metrobus_vehicle_positions,2026-07-21T06:40:22Z,2026-07-21,20260721T064017Z,5c22405c-00fa-425c-a558-0b9d04e9c56e,,,,,,69581,2505,TienepermisodeSEMOVI,19.423158645629883,-99.09195709228516,793.0,0.0,0.0,,,,1784610225,2026-07-20 23:03:45-06:00,,
metrobus,metrobus_vehicle_positions,2026-07-21T06:40:22Z,2026-07-21,20260721T064017Z,32c56325-2a32-4060-be99-5194cad3fa08,,,,,,69591,2515,TienepermisodeSEMOVI,19.423099517822266,-99.09150695800781,0.0,0.0,0.0,,,,1784611207,2026-07-20 23:20:07-06:00,,
metrobus,metrobus_vehicle_positions,2026-07-21T06:40:22Z,2026-07-21,20260721T064017Z,a9a48658-1cca-455c-9158-f00a659b3758,,19522,0.0,06:34:48,20260721,69590,2514,TienepermisodeSEMOVI,19.416868209838867,-99.0727767944336,248.0,12.0,43.2,,,,1784616005,2026-07-21 00:40:05-06:00,,
metrobus,metrobus_vehicle_positions,2026-07-21T06:40:22Z,2026-07-21,20260721T064017Z,f0961496-871a-4562-b573-88b7631aae52,,,,,,69589,2513,TienepermisodeSEMOVI,19.42267417907715,-99.09178161621094,289.0,0.0,0.0,,,,1784608674,2026-07-20 22:37:54-06:00,,
metrobus,metrobus_vehicle_positions,2026-07-21T06:40:22Z,2026-07-21,20260721T064017Z,4a20fe2a-9e6e-4b82-b73c-29855d402e6d,,,,,,69588,2512,TienepermisodeSEMOVI,19.422834396362305,-99.09172058105469,0.0,0.0,0.0,,,,1784616004,2026-07-21 00:40:04-06:00,,
metrobus,metrobus_vehicle_positions,2026-07-21T06:40:22Z,2026-07-21,20260721T064017Z,d911ed3f-e137-47e7-a333-c422d254a519,,,,,,69587,2511,TienepermisodeSEMOVI,19.42310333251953,-99.09156036376953,0.0,0.0,0.0,,,,1784609750,2026-07-20 22:55:50-06:00,,
metrobus,metrobus_vehicle_positions,2026-07-21T06:40:22Z,2026-07-21,20260721T064017Z,15f0844f-5889-4ea4-96fa-66af1be5403f,,,,,,69586,2510,TienepermisodeSEMOVI,19.42276954650879,-99.09174346923828,206.0,0.0,0.0,,,,1784613195,2026-07-20 23:53:15-06:00,,
metrobus,metrobus_vehicle_positions,2026-07-21T06:40:22Z,2026-07-21,20260721T064017Z,36ff4f17-97b9-4f45-924d-2e9301f1d835,,20016,0.0,05:40:46,20260721,70010,1206,001A191,19.384788513183594,-99.04570770263672,192.0,0.0,0.0,,,,1784614254,2026-07-21 00:10:54-06:00,,
metrobus,metrobus_vehicle_positions,2026-07-21T06:40:22Z,2026-07-21,20260721T064017Z,d57bb9b7-1da7-40c9-9b1a-11cde9c58646,,20016,0.0,04:53:29,20260721,70009,1205,001A192,19.38526153564453,-99.04566192626953,118.0,0.0,0.0,,,,1784614118,2026-07-21 00:08:38-06:00,,
metrobus,metrobus_vehicle_positions,2026-07-21T06:40:22Z,2026-07-21,20260721T064017Z,6968544c-86c5-42f1-844f-7b3b0192142d,,20016,0.0,04:57:36,20260721,70008,1204,001A190,19.385059356689453,-99.04545593261719,121.0,0.0,0.0,,,,1784614371,2026-07-21 00:12:51-06:00,,
metrobus,metrobus_vehicle_positions,2026-07-21T06:40:22Z,2026-07-21,20260721T064017Z,0a93c9c1-418a-4e5e-a4a6-692755be425e,,,,,,70007,1203,001A189,19.385337829589844,-99.04560852050781,120.0,0.0,0.0,,,,1784589939,2026-07-20 17:25:39-06:00,,
metrobus,metrobus_vehicle_positions,2026-07-21T06:40:22Z,2026-07-21,20260721T064017Z,97edce88-ec60-4813-a5a0-54f32785e72c,,,,,,70006,1202,001A188,19.385360717773438,-99.04562377929688,0.0,0.0,0.0,,,,1784611315,2026-07-20 23:21:55-06:00,,
metrobus,metrobus_vehicle_positions,2026-07-21T06:40:22Z,2026-07-21,20260721T064017Z,86207195-cf04-48e0-9971-68f09985defb,,,,,,70013,1209,001A195,19.38529396057129,-99.0456314086914,0.0,0.0,0.0,,,,1784615297,2026-07-21 00:28:17-06:00,,
metrobus,metrobus_vehicle_positions,2026-07-21T06:40:22Z,2026-07-21,20260721T064017Z,41c89c10-876d-44b6-876e-3a1959d0025f,,20016,0.0,06:09:52,20260721,70012,1208,001A194,19.385421752929688,-99.04586791992188,121.0,0.0,0.0,,,,1784615877,2026-07-21 00:37:57-06:00,,
metrobus,metrobus_vehicle_positions,2026-07-21T06:40:22Z,2026-07-21,20260721T064017Z,10a020cf-7ccd-431f-9529-f8c42b7c6cad,,,,,,70011,1207,001A193,19.385448455810547,-99.04583740234375,120.0,0.0,0.0,,,,1784612839,2026-07-20 23:47:19-06:00,,
