_source_system,_source_table,_extracted_at_utc,_snapshot_date,_snapshot_id,extraction_timestamp,incident_id,incident_type,geometry_type,lat,lon,icon_category,icon_category_desc,magnitude_of_delay,delay_seconds,length_meters,from,to,road_numbers,time_validity,probability,number_of_reports,start_time,end_time,last_report_time,event_descriptions,event_codes,raw_geometry,raw_properties
tomtom,tomtom_cdmx_incidents,2026-07-04T07:19:02Z,2026-07-04,20260704T071858Z,2026-07-04T07:18:59.164372,TTI-0e6b35d1-b793-45b4-b4a5-22dc2fb82b8b-TTR24441700776023001,Feature,LineString,19.3563223408,-99.3501230235,11,Flooding,0,,156.211,Calle Alfonso Huitzi / Camino Xiguiro,Calle Quintana Roo,,present,certain,,2026-07-04T01:34:30Z,2026-07-04T09:26:00Z,,Inundación,907,"{""type"": ""LineString"", ""coordinates"": [[-99.3509692604, 19.3556813072], [-99.350772118, 19.3557456796], [-99.3506634886, 19.3558422381], [-99.3501230235, 19.3563223408], [-99.3500868136, 19.3563531825], [-99.3498266394, 19.3565597424]]}","{""id"": ""TTI-0e6b35d1-b793-45b4-b4a5-22dc2fb82b8b-TTR24441700776023001"", ""iconCategory"": 11, ""magnitudeOfDelay"": 0, ""startTime"": ""2026-07-04T01:34:30Z"", ""endTime"": ""2026-07-04T09:26:00Z"", ""from"": ""Calle Alfonso Huitzi / Camino Xiguiro"", ""to"": ""Calle Quintana Roo"", ""length"": 156.211, ""delay"": null, ""roadNumbers"": [], ""timeValidity"": ""present"", ""probabilityOfOccurrence"": ""certain"", ""numberOfReports"": null, ""lastReportTime"": null, ""events"": [{""code"": 907, ""description"": ""Inundación"", ""iconCategory"": 11}]}"
tomtom,tomtom_cdmx_incidents,2026-07-04T07:19:02Z,2026-07-04,20260704T071858Z,2026-07-04T07:18:59.164446,TTI-0e6b35d1-b793-45b4-b4a5-22dc2fb82b8b-TTR24441700856015001,Feature,LineString,19.3561452779,-99.3490917141,11,Flooding,0,,148.3572014036,El Cerrito,Calle Arboledas,,present,certain,,2026-07-04T01:31:36Z,2026-07-04T09:26:00Z,,Inundación,907,"{""type"": ""LineString"", ""coordinates"": [[-99.3487537558, 19.3561573773], [-99.3487765545, 19.3561989741], [-99.348834222, 19.3562136832], [-99.3489374871, 19.3561895634], [-99.3489549214, 19.3561855302], [-99.3490917141, 19.3561452779], [-99.3493880982, 19.3560446864], [-99.3496013338, 19.3559776254], [-99.3499862308, 19.3558677023], [-99.3500734026, 19.355831483]]}","{""id"": ""TTI-0e6b35d1-b793-45b4-b4a5-22dc2fb82b8b-TTR24441700856015001"", ""iconCategory"": 11, ""magnitudeOfDelay"": 0, ""startTime"": ""2026-07-04T01:31:36Z"", ""endTime"": ""2026-07-04T09:26:00Z"", ""from"": ""El Cerrito"", ""to"": ""Calle Arboledas"", ""length"": 148.3572014036, ""delay"": null, ""roadNumbers"": [], ""timeValidity"": ""present"", ""probabilityOfOccurrence"": ""certain"", ""numberOfReports"": null, ""lastReportTime"": null, ""events"": [{""code"": 907, ""description"": ""Inundación"", ""iconCategory"": 11}]}"
tomtom,tomtom_cdmx_incidents,2026-07-04T07:19:02Z,2026-07-04,20260704T071858Z,2026-07-04T07:18:59.164481,TTI-0e6b35d1-b793-45b4-b4a5-22dc2fb82b8b-TTR24415734752060000,Feature,LineString,19.5486447953,-99.3443616385,9,Road works,0,,726.936754821,Carretera Santa Ana Jilotzingo (Espíritu Santo-Rancho Blanco),Boulevard Cantón del Espíritu Santo (Espíritu Santo-Rancho Blanco),,present,probable,,2026-06-16T22:42:30Z,,,Obras,701,"{""type"": ""LineString"", ""coordinates"": [[-99.3446848447, 19.5507355812], [-99.3446781392, 19.5507275246], [-99.3444944078, 19.5505075471], [-99.3444313759, 19.5504203458], [-99.3443267698, 19.550276906], [-99.3442369158, 19.5501253304], [-99.3442033882, 19.5500167236], [-99.3441685194, 19.5498048017], [-99.3441577906, 19.5495634174], [-99.3441832716, 19.549332775], [-99.3442704434, 19.5488902093], [-99.3443616385, 19.5486447953], [-99.3444850201, 19.5484703907], [-99.3448377306, 19.5481297959], [-99.3452360386, 19.5476912552], [-99.3456692154, 19.5471910235], [-99.3458100314, 19.5470609299], [-99.3461707885, 19.5467618799], [-99.3462445492, 19.5466948187], [-99.3463035578, 19.5466049298], [-99.3464591259, 19.5463233355], [-99.346806472, 19.5455481391], [-99.3469325358, 19.545192767]]}","{""id"": ""TTI-0e6b35d1-b793-45b4-b4a5-22dc2fb82b8b-TTR24415734752060000"", ""iconCategory"": 9, ""magnitudeOfDelay"": 0, ""startTime"": ""2026-06-16T22:42:30Z"", ""endTime"": null, ""from"": ""Carretera Santa Ana Jilotzingo (Espíritu Santo-Rancho Blanco)"", ""to"": ""Boulevard Cantón del Espíritu Santo (Espíritu Santo-Rancho Blanco)"", ""length"": 726.936754821, ""delay"": null, ""roadNumbers"": [], ""timeValidity"": ""present"", ""probabilityOfOccurrence"": ""probable"", ""numberOfReports"": null, ""lastReportTime"": null, ""events"": [{""code"": 701, ""description"": ""Obras"", ""iconCategory"": 9}]}"
tomtom,tomtom_cdmx_incidents,2026-07-04T07:19:02Z,2026-07-04,20260704T071858Z,2026-07-04T07:18:59.164542,TTI-0e6b35d1-b793-45b4-b4a5-22dc2fb82b8b-TTR24456128044052000,Feature,LineString,19.347778183,-99.306345349,8,Road closed,4,,627.4461041277,Prolongación Avenida 16 de Septiembre,Avenida 16 de Septiembre,,present,probable,,2026-06-22T03:02:30Z,,,Cerrado,401,"{""type"": ""LineString"", ""coordinates"": [[-99.3055554385, 19.3492010805], [-99.3055648262, 19.3491970471], [-99.3057150299, 19.3490777083], [-99.3058585281, 19.3489556015], [-99.3059537465, 19.3488523958], [-99.306036895, 19.3487410443], [-99.3061119968, 19.3485989287], [-99.3061710054, 19.3484594228], [-99.3062313551, 19.3482649526], [-99.306345349, 19.347778183], [-99.3068750853, 19.3463472063], [-99.3072613234, 19.3453547525], [-99.3073028976, 19.3452367554], [-99.3073632473, 19.3450570706], [-99.3074222559, 19.3448411638], [-99.3074450547, 19.3447203983], [-99.3074839467, 19.3445112135], [-99.3075161333, 19.3443167386], [-99.3075577075, 19.3439774548]]}","{""id"": ""TTI-0e6b35d1-b793-45b4-b4a5-22dc2fb82b8b-TTR24456128044052000"", ""iconCategory"": 8, ""magnitudeOfDelay"": 4, ""startTime"": ""2026-06-22T03:02:30Z"", ""endTime"": null, ""from"": ""Prolongación Avenida 16 de Septiembre"", ""to"": ""Avenida 16 de Septiembre"", ""length"": 627.4461041277, ""delay"": null, ""roadNumbers"": [], ""timeValidity"": ""present"", ""probabilityOfOccurrence"": ""probable"", ""numberOfReports"": null, ""lastReportTime"": null, ""events"": [{""code"": 401, ""description"": ""Cerrado"", ""iconCategory"": 8}]}"
tomtom,tomtom_cdmx_incidents,2026-07-04T07:19:02Z,2026-07-04,20260704T071858Z,2026-07-04T07:18:59.164589,TTI-0e6b35d1-b793-45b4-b4a5-22dc2fb82b8b-TTR24456128128036000,Feature,LineString,19.3487410443,-99.306036895,8,Road closed,4,,352.7164915667,Avenida 16 de Septiembre,Prolongación Avenida 16 de Septiembre,,present,probable,,2026-06-23T16:16:30Z,,,Cerrado,401,"{""type"": ""LineString"", ""coordinates"": [[-99.3068737442, 19.3463512397], [-99.306345349, 19.347778183], [-99.3062313551, 19.3482649526], [-99.3061710054, 19.3484594228], [-99.3061119968, 19.3485989287], [-99.306036895, 19.3487410443], [-99.3059537465, 19.3488523958], [-99.3058585281, 19.3489556015], [-99.3057150299, 19.3490777083], [-99.3055648262, 19.3491970471], [-99.3055554385, 19.3492010805]]}","{""id"": ""TTI-0e6b35d1-b793-45b4-b4a5-22dc2fb82b8b-TTR24456128128036000"", ""iconCategory"": 8, ""magnitudeOfDelay"": 4, ""startTime"": ""2026-06-23T16:16:30Z"", ""endTime"": null, ""from"": ""Avenida 16 de Septiembre"", ""to"": ""Prolongación Avenida 16 de Septiembre"", ""length"": 352.7164915667, ""delay"": null, ""roadNumbers"": [], ""timeValidity"": ""present"", ""probabilityOfOccurrence"": ""probable"", ""numberOfReports"": null, ""lastReportTime"": null, ""events"": [{""code"": 401, ""description"": ""Cerrado"", ""iconCategory"": 8}]}"
tomtom,tomtom_cdmx_incidents,2026-07-04T07:19:02Z,2026-07-04,20260704T071858Z,2026-07-04T07:18:59.164619,TTI-0e6b35d1-b793-45b4-b4a5-22dc2fb82b8b-TTR24456128120023000,Feature,LineString,19.3569446297,-99.3017735237,8,Road closed,4,,150.8198741809,Avenida Ocampo,Avenida Juárez,,present,probable,,2026-06-02T17:31:00Z,,,Cerrado,401,"{""type"": ""LineString"", ""coordinates"": [[-99.3018754477, 19.3563102414], [-99.301840579, 19.3564711716], [-99.3018083925, 19.3567340371], [-99.3017735237, 19.3569446297], [-99.3016957397, 19.3571537985], [-99.3014664108, 19.3575964132]]}","{""id"": ""TTI-0e6b35d1-b793-45b4-b4a5-22dc2fb82b8b-TTR24456128120023000"", ""iconCategory"": 8, ""magnitudeOfDelay"": 4, ""startTime"": ""2026-06-02T17:31:00Z"", ""endTime"": null, ""from"": ""Avenida Ocampo"", ""to"": ""Avenida Juárez"", ""length"": 150.8198741809, ""delay"": null, ""roadNumbers"": [], ""timeValidity"": ""present"", ""probabilityOfOccurrence"": ""probable"", ""numberOfReports"": null, ""lastReportTime"": null, ""events"": [{""code"": 401, ""description"": ""Cerrado"", ""iconCategory"": 8}]}"
tomtom,tomtom_cdmx_incidents,2026-07-04T07:19:02Z,2026-07-04,20260704T071858Z,2026-07-04T07:18:59.164640,TTI-0e6b35d1-b793-45b4-b4a5-22dc2fb82b8b-TTR24456128336023000,Feature,LineString,19.3567340371,-99.3018083925,8,Road closed,4,,150.8198741809,Avenida Juárez,Avenida Ocampo,,present,probable,,2026-06-02T14:15:30Z,,,Cerrado,401,"{""type"": ""LineString"", ""coordinates"": [[-99.3014664108, 19.3575964132], [-99.3016957397, 19.3571537985], [-99.3017735237, 19.3569446297], [-99.3018083925, 19.3567340371], [-99.301840579, 19.3564711716], [-99.3018754477, 19.3563102414]]}","{""id"": ""TTI-0e6b35d1-b793-45b4-b4a5-22dc2fb82b8b-TTR24456128336023000"", ""iconCategory"": 8, ""magnitudeOfDelay"": 4, ""startTime"": ""2026-06-02T14:15:30Z"", ""endTime"": null, ""from"": ""Avenida Juárez"", ""to"": ""Avenida Ocampo"", ""length"": 150.8198741809, ""delay"": null, ""roadNumbers"": [], ""timeValidity"": ""present"", ""probabilityOfOccurrence"": ""probable"", ""numberOfReports"": null, ""lastReportTime"": null, ""events"": [{""code"": 401, ""description"": ""Cerrado"", ""iconCategory"": 8}]}"
tomtom,tomtom_cdmx_incidents,2026-07-04T07:19:02Z,2026-07-04,20260704T071858Z,2026-07-04T07:18:59.164665,TTI-0e6b35d1-b793-45b4-b4a5-22dc2fb82b8b-TTR24447472940022000,Feature,LineString,19.4217105632,-99.2991731221,8,Road closed,4,,170.259926229,Carretera La Venta-Lechería,Carretera La Venta-Lechería,,present,probable,,2024-08-30T14:38:00Z,,,Cerrado,401,"{""type"": ""LineString"", ""coordinates"": [[-99.2985414619, 19.4221102367], [-99.2985924239, 19.4220887353], [-99.2986259515, 19.4220659691], [-99.2986621613, 19.4220404362], [-99.2987238521, 19.4220002001], [-99.2987935895, 19.4219506362], [-99.2989236767, 19.4218634447], [-99.2990403528, 19.4217816286], [-99.2991731221, 19.4217105632], [-99.2992830927, 19.4216475607], [-99.2993716056, 19.4215965738], [-99.2994788939, 19.4215241645], [-99.2995244915, 19.4214839282], [-99.2996814007, 19.4213243271], [-99.2997417504, 19.4212693085], [-99.2997927124, 19.4212237759], [-99.2998222167, 19.4211862273]]}","{""id"": ""TTI-0e6b35d1-b793-45b4-b4a5-22dc2fb82b8b-TTR24447472940022000"", ""iconCategory"": 8, ""magnitudeOfDelay"": 4, ""startTime"": ""2024-08-30T14:38:00Z"", ""endTime"": null, ""from"": ""Carretera La Venta-Lechería"", ""to"": ""Carretera La Venta-Lechería"", ""length"": 170.259926229, ""delay"": null, ""roadNumbers"": [], ""timeValidity"": ""present"", ""probabilityOfOccurrence"": ""probable"", ""numberOfReports"": null, ""lastReportTime"": null, ""events"": [{""code"": 401, ""description"": ""Cerrado"", ""iconCategory"": 8}]}"
tomtom,tomtom_cdmx_incidents,2026-07-04T07:19:02Z,2026-07-04,20260704T071858Z,2026-07-04T07:18:59.164698,TTI-0e6b35d1-b793-45b4-b4a5-22dc2fb82b8b-TTL24456128760016000,Feature,LineString,19.3943841905,-99.2961489314,6,Jam,1,40.0,1448.12395088,Autopista de la Venta-Chamapa-Lechería (Autopista Naucalpan Cuajimalpa/Autopista de la Venta-Chamapa-Lechería),Carretera Mexico Toluca/Carretera México Toluca (Autopista Naucalpan Cuajimalpa/Autopista de la Venta-Chamapa-Lechería),MEX-57D,present,certain,,2026-07-04T07:17:30Z,2026-07-04T07:55:30Z,,Tráfico lento,115,"{""type"": ""LineString"", ""coordinates"": [[-99.2972794825, 19.4013150779], [-99.2972151095, 19.4005667002], [-99.2971641476, 19.400270305], [-99.2971333022, 19.4001254672], [-99.2969911451, 19.3994160607], [-99.2969214076, 19.3991129433], [-99.2968288714, 19.3986958989], [-99.2967054898, 19.3981540954], [-99.2965901548, 19.3976310276], [-99.2965740616, 19.3974915637], [-99.2965686972, 19.3974607298], [-99.2964842076, 19.397007392], [-99.2964345867, 19.3968022274], [-99.2963809425, 19.3964092909], [-99.29620794, 19.394846865], [-99.2961998934, 19.3947757878], [-99.2961677069, 19.3945156718], [-99.2961489314, 19.3943841905], [-99.2961395437, 19.3943332741], [-99.2961261327, 19.394248756], [-99.296079194, 19.3939295792], [-99.2959222848, 19.3927413376], [-99.2957492823, 19.3916564241], [-99.2957439179, 19.3916134923], [-99.2957211191, 19.3914499087], [-99.2956996614, 19.3912862458], [-99.295616513, 19.3906170446], [-99.2955803031, 19.390246943], [-99.2955119068, 19.3897546851], [-99.2954770381, 19.3894489405], [-99.2954716737, 19.3894086964], [-99.2954461927, 19.3890573304], [-99.2954354638, 19.3887019314], [-99.2954327816, 19.3885235595], [-99.2954354638, 19.3884243322]]}","{""id"": ""TTI-0e6b35d1-b793-45b4-b4a5-22dc2fb82b8b-TTL24456128760016000"", ""iconCategory"": 6, ""magnitudeOfDelay"": 1, ""startTime"": ""2026-07-04T07:17:30Z"", ""endTime"": ""2026-07-04T07:55:30Z"", ""from"": ""Autopista de la Venta-Chamapa-Lechería (Autopista Naucalpan Cuajimalpa/Autopista de la Venta-Chamapa-Lechería)"", ""to"": ""Carretera Mexico Toluca/Carretera México Toluca (Autopista Naucalpan Cuajimalpa/Autopista de la Venta-Chamapa-Lechería)"", ""length"": 1448.12395088, ""delay"": 40, ""roadNumbers"": [""MEX-57D""], ""timeValidity"": ""present"", ""probabilityOfOccurrence"": ""certain"", ""numberOfReports"": null, ""lastReportTime"": null, ""events"": [{""code"": 115, ""description"": ""Tráfico lento"", ""iconCategory"": 6}]}"
tomtom,tomtom_cdmx_incidents,2026-07-04T07:19:02Z,2026-07-04,20260704T071858Z,2026-07-04T07:18:59.164750,TTI-0e6b35d1-b793-45b4-b4a5-22dc2fb82b8b-TTR24459013952028000,Feature,LineString,19.3709739283,-99.2937403077,11,Flooding,0,,311.5651599035,Calle Benito Juárez,Avenida México,,present,certain,,2026-07-04T01:04:30Z,2026-07-04T08:53:00Z,,Inundación,907,"{""type"": ""LineString"", ""coordinates"": [[-99.2934573347, 19.3727628911], [-99.2934694046, 19.3726449137], [-99.2934640402, 19.372481311], [-99.2934653813, 19.3724223223], [-99.2934694046, 19.3723686314], [-99.2934814746, 19.3723002329], [-99.2934962267, 19.3721634357], [-99.2935096378, 19.3719394994], [-99.2935284132, 19.3718805104], [-99.2935659642, 19.3716859891], [-99.2935874218, 19.371557257], [-99.2936222906, 19.3713776011], [-99.2936853225, 19.3711576174], [-99.2936987335, 19.3711040052], [-99.2937148268, 19.3710516582], [-99.2937403077, 19.3709739283], [-99.2937671298, 19.3708720018], [-99.2937912697, 19.3707820944], [-99.2938154096, 19.3707096625], [-99.2938355262, 19.3706547059], [-99.2938529605, 19.3705889951], [-99.2938690538, 19.3705474021], [-99.2938905115, 19.3704911011], [-99.2939347679, 19.3704200133], [-99.2939937765, 19.3703369061], [-99.2940380329, 19.3702778375], [-99.294090336, 19.3702148152], [-99.2941171581, 19.3701772548], [-99.294127887, 19.3701423829], [-99.2941305692, 19.3701182652], [-99.2941332514, 19.3700780163]]}","{""id"": ""TTI-0e6b35d1-b793-45b4-b4a5-22dc2fb82b8b-TTR24459013952028000"", ""iconCategory"": 11, ""magnitudeOfDelay"": 0, ""startTime"": ""2026-07-04T01:04:30Z"", ""endTime"": ""2026-07-04T08:53:00Z"", ""from"": ""Calle Benito Juárez"", ""to"": ""Avenida México"", ""length"": 311.5651599035, ""delay"": null, ""roadNumbers"": [], ""timeValidity"": ""present"", ""probabilityOfOccurrence"": ""certain"", ""numberOfReports"": null, ""lastReportTime"": null, ""events"": [{""code"": 907, ""description"": ""Inundación"", ""iconCategory"": 11}]}"
tomtom,tomtom_cdmx_incidents,2026-07-04T07:19:02Z,2026-07-04,20260704T071858Z,2026-07-04T07:18:59.164793,TTI-0e6b35d1-b793-45b4-b4a5-22dc2fb82b8b-TTR24459014096031000,Feature,LineString,19.381655778,-99.2851384634,8,Road closed,4,,302.2683891228,Calle Jerecuaro / Calle Zitacuaro,Calle Espoleta,,present,probable,,2026-04-11T02:55:00Z,,,Cerrado,401,"{""type"": ""LineString"", ""coordinates"": [[-99.2846234793, 19.3832516973], [-99.2851384634, 19.381655778], [-99.285453623, 19.380648595]]}","{""id"": ""TTI-0e6b35d1-b793-45b4-b4a5-22dc2fb82b8b-TTR24459014096031000"", ""iconCategory"": 8, ""magnitudeOfDelay"": 4, ""startTime"": ""2026-04-11T02:55:00Z"", ""endTime"": null, ""from"": ""Calle Jerecuaro / Calle Zitacuaro"", ""to"": ""Calle Espoleta"", ""length"": 302.2683891228, ""delay"": null, ""roadNumbers"": [], ""timeValidity"": ""present"", ""probabilityOfOccurrence"": ""probable"", ""numberOfReports"": null, ""lastReportTime"": null, ""events"": [{""code"": 401, ""description"": ""Cerrado"", ""iconCategory"": 8}]}"
tomtom,tomtom_cdmx_incidents,2026-07-04T07:19:02Z,2026-07-04,20260704T071858Z,2026-07-04T07:18:59.164810,TTI-0e6b35d1-b793-45b4-b4a5-22dc2fb82b8b-TTR24459014024031000,Feature,LineString,19.381655778,-99.2851384634,8,Road closed,4,,302.2683891228,Calle Espoleta,Calle Jerecuaro / Calle Zitacuaro,,present,probable,,2026-04-11T02:55:30Z,,,Cerrado,401,"{""type"": ""LineString"", ""coordinates"": [[-99.285453623, 19.380648595], [-99.2851384634, 19.381655778], [-99.2846234793, 19.3832516973]]}","{""id"": ""TTI-0e6b35d1-b793-45b4-b4a5-22dc2fb82b8b-TTR24459014024031000"", ""iconCategory"": 8, ""magnitudeOfDelay"": 4, ""startTime"": ""2026-04-11T02:55:30Z"", ""endTime"": null, ""from"": ""Calle Espoleta"", ""to"": ""Calle Jerecuaro / Calle Zitacuaro"", ""length"": 302.2683891228, ""delay"": null, ""roadNumbers"": [], ""timeValidity"": ""present"", ""probabilityOfOccurrence"": ""probable"", ""numberOfReports"": null, ""lastReportTime"": null, ""events"": [{""code"": 401, ""description"": ""Cerrado"", ""iconCategory"": 8}]}"
tomtom,tomtom_cdmx_incidents,2026-07-04T07:19:02Z,2026-07-04,20260704T071858Z,2026-07-04T07:18:59.164826,TTI-0e6b35d1-b793-45b4-b4a5-22dc2fb82b8b-TTR24456128856015001,Feature,LineString,19.3949340709,-99.2837866301,11,Flooding,0,,98.1646061911,Calle Hacienda El Ciervo,Calle Vialidad de la Barranca,,present,certain,,2026-07-04T00:55:30Z,2026-07-04T08:53:00Z,,Inundación,907,"{""type"": ""LineString"", ""coordinates"": [[-99.2843096608, 19.3945276893], [-99.2842037136, 19.3946511061], [-99.2840655798, 19.3947557059], [-99.2837866301, 19.3949340709], [-99.283708846, 19.3949702816], [-99.2835425491, 19.394981034]]}","{""id"": ""TTI-0e6b35d1-b793-45b4-b4a5-22dc2fb82b8b-TTR24456128856015001"", ""iconCategory"": 11, ""magnitudeOfDelay"": 0, ""startTime"": ""2026-07-04T00:55:30Z"", ""endTime"": ""2026-07-04T08:53:00Z"", ""from"": ""Calle Hacienda El Ciervo"", ""to"": ""Calle Vialidad de la Barranca"", ""length"": 98.1646061911, ""delay"": null, ""roadNumbers"": [], ""timeValidity"": ""present"", ""probabilityOfOccurrence"": ""certain"", ""numberOfReports"": null, ""lastReportTime"": null, ""events"": [{""code"": 907, ""description"": ""Inundación"", ""iconCategory"": 11}]}"
tomtom,tomtom_cdmx_incidents,2026-07-04T07:19:02Z,2026-07-04,20260704T071858Z,2026-07-04T07:18:59.164846,TTI-0e6b35d1-b793-45b4-b4a5-22dc2fb82b8b-TTR24456128884011001,Feature,LineString,19.3963395584,-99.2827378864,11,Flooding,0,,94.3256239566,Calle Cuajimalpa Palo Solo,Calle Vialidad de la Barranca,,present,certain,,2026-07-04T02:04:00Z,2026-07-04T09:43:00Z,,Inundación,907,"{""type"": ""LineString"", ""coordinates"": [[-99.2832823748, 19.3968424697], [-99.2830905969, 19.3965957184], [-99.2829242999, 19.3964709591], [-99.2827378864, 19.3963395584], [-99.2826936299, 19.3963033481], [-99.2826346213, 19.3962657938]]}","{""id"": ""TTI-0e6b35d1-b793-45b4-b4a5-22dc2fb82b8b-TTR24456128884011001"", ""iconCategory"": 11, ""magnitudeOfDelay"": 0, ""startTime"": ""2026-07-04T02:04:00Z"", ""endTime"": ""2026-07-04T09:43:00Z"", ""from"": ""Calle Cuajimalpa Palo Solo"", ""to"": ""Calle Vialidad de la Barranca"", ""length"": 94.3256239566, ""delay"": null, ""roadNumbers"": [], ""timeValidity"": ""present"", ""probabilityOfOccurrence"": ""certain"", ""numberOfReports"": null, ""lastReportTime"": null, ""events"": [{""code"": 907, ""description"": ""Inundación"", ""iconCategory"": 11}]}"
tomtom,tomtom_cdmx_incidents,2026-07-04T07:19:02Z,2026-07-04,20260704T071858Z,2026-07-04T07:18:59.164865,TTI-0e6b35d1-b793-45b4-b4a5-22dc2fb82b8b-TTR24459014368011001,Feature,LineString,19.3947476415,-99.2809703106,11,Flooding,0,,115.2728820049,Autopista Cuajimalpa-Naucalpan (Vialidad de la Barranca),Avenida Hacienda de las Palmas (Vialidad de la Barranca),,present,certain,,2026-07-04T02:01:00Z,2026-07-04T09:43:00Z,,Inundación,907,"{""type"": ""LineString"", ""coordinates"": [[-99.2811352665, 19.3954115285], [-99.2810923511, 19.3952894564], [-99.2810413892, 19.3950600965], [-99.2810118849, 19.394911301], [-99.2809703106, 19.3947476415], [-99.2809434885, 19.3946349773], [-99.2809287364, 19.394562556], [-99.2809153253, 19.3944861024], [-99.280897891, 19.3944003193]]}","{""id"": ""TTI-0e6b35d1-b793-45b4-b4a5-22dc2fb82b8b-TTR24459014368011001"", ""iconCategory"": 11, ""magnitudeOfDelay"": 0, ""startTime"": ""2026-07-04T02:01:00Z"", ""endTime"": ""2026-07-04T09:43:00Z"", ""from"": ""Autopista Cuajimalpa-Naucalpan (Vialidad de la Barranca)"", ""to"": ""Avenida Hacienda de las Palmas (Vialidad de la Barranca)"", ""length"": 115.2728820049, ""delay"": null, ""roadNumbers"": [], ""timeValidity"": ""present"", ""probabilityOfOccurrence"": ""certain"", ""numberOfReports"": null, ""lastReportTime"": null, ""events"": [{""code"": 907, ""description"": ""Inundación"", ""iconCategory"": 11}]}"
tomtom,tomtom_cdmx_incidents,2026-07-04T07:19:02Z,2026-07-04,20260704T071858Z,2026-07-04T07:18:59.164888,TTI-0e6b35d1-b793-45b4-b4a5-22dc2fb82b8b-TTR24461899304009001,Feature,LineString,19.3639787248,-99.2796828503,11,Flooding,0,,75.9964072191,Loma de Vista Hermosa/Paseo de los Tamarindos (MEX-15),Carlos Echanove/Prolongación Calle Carlos Echanove (MEX-15),MEX-15,present,certain,,2026-07-04T02:52:00Z,2026-07-04T10:48:00Z,,Inundación,907,"{""type"": ""LineString"", ""coordinates"": [[-99.2792832012, 19.3640672125], [-99.2793743963, 19.3640471268], [-99.2796828503, 19.3639787248], [-99.2799886221, 19.3639116671]]}","{""id"": ""TTI-0e6b35d1-b793-45b4-b4a5-22dc2fb82b8b-TTR24461899304009001"", ""iconCategory"": 11, ""magnitudeOfDelay"": 0, ""startTime"": ""2026-07-04T02:52:00Z"", ""endTime"": ""2026-07-04T10:48:00Z"", ""from"": ""Loma de Vista Hermosa/Paseo de los Tamarindos (MEX-15)"", ""to"": ""Carlos Echanove/Prolongación Calle Carlos Echanove (MEX-15)"", ""length"": 75.9964072191, ""delay"": null, ""roadNumbers"": [""MEX-15""], ""timeValidity"": ""present"", ""probabilityOfOccurrence"": ""certain"", ""numberOfReports"": null, ""lastReportTime"": null, ""events"": [{""code"": 907, ""description"": ""Inundación"", ""iconCategory"": 11}]}"
tomtom,tomtom_cdmx_incidents,2026-07-04T07:19:02Z,2026-07-04,20260704T071858Z,2026-07-04T07:18:59.164907,TTI-0e6b35d1-b793-45b4-b4a5-22dc2fb82b8b-TTR24453244288015000,Feature,LineString,19.4507132737,-99.2731355781,8,Road closed,4,,90.7504709367,Carretera Naucalpan-Toluca / Callejón de Hidalgo,Avenida Minas Palacio,,present,probable,,2026-07-03T22:47:00Z,,,Cerrado,401,"{""type"": ""LineString"", ""coordinates"": [[-99.2734359855, 19.4513959004], [-99.2731355781, 19.4507132737], [-99.2731007094, 19.4506435645]]}","{""id"": ""TTI-0e6b35d1-b793-45b4-b4a5-22dc2fb82b8b-TTR24453244288015000"", ""iconCategory"": 8, ""magnitudeOfDelay"": 4, ""startTime"": ""2026-07-03T22:47:00Z"", ""endTime"": null, ""from"": ""Carretera Naucalpan-Toluca / Callejón de Hidalgo"", ""to"": ""Avenida Minas Palacio"", ""length"": 90.7504709367, ""delay"": null, ""roadNumbers"": [], ""timeValidity"": ""present"", ""probabilityOfOccurrence"": ""probable"", ""numberOfReports"": null, ""lastReportTime"": null, ""events"": [{""code"": 401, ""description"": ""Cerrado"", ""iconCategory"": 8}]}"
tomtom,tomtom_cdmx_incidents,2026-07-04T07:19:02Z,2026-07-04,20260704T071858Z,2026-07-04T07:18:59.164924,TTI-0e6b35d1-b793-45b4-b4a5-22dc2fb82b8b-TTL24459014352030000,Feature,LineString,19.3998599837,-99.2708033974,6,Jam,2,269.0,588.677164323,Boulevard Magnocentro,Boulevard Magnocentro,,present,certain,,2026-07-04T07:04:00Z,2026-07-04T07:40:30Z,,Tráfico en cola,108,"{""type"": ""LineString"", ""coordinates"": [[-99.2723081166, 19.4012681166], [-99.2722048516, 19.4012573645], [-99.2721766884, 19.4012533325], [-99.272145843, 19.4012479565], [-99.2721136565, 19.4012386275], [-99.2720841522, 19.4012292194], [-99.2720573301, 19.4012171233], [-99.2720331902, 19.4012037623], [-99.2720077092, 19.4011876341], [-99.2719849104, 19.4011702411], [-99.2719554061, 19.4011447049], [-99.2719178552, 19.4011004316], [-99.2718977386, 19.4010642223], [-99.2718749399, 19.4009971799], [-99.2718534822, 19.4008952721], [-99.27183873, 19.4008442787], [-99.2718159313, 19.4008000843], [-99.271760946, 19.4007383388], [-99.2716912085, 19.4006726402], [-99.2715570981, 19.4005707322], [-99.2710528428, 19.4002421596], [-99.270889228, 19.4001281552], [-99.270824855, 19.4000517042], [-99.2707899863, 19.3999310587], [-99.2708033974, 19.3998599837], [-99.2708275372, 19.3997942057], [-99.2708744759, 19.3997043934], [-99.2710139508, 19.3995689633], [-99.2710917348, 19.3994549584], [-99.27117086, 19.3993355773], [-99.2712660784, 19.3992188842], [-99.2713170404, 19.3991840186], [-99.2714431042, 19.3991129433], [-99.2715584392, 19.399100847], [-99.2716576809, 19.3991129433], [-99.271799838, 19.399206788], [-99.2720680589, 19.3994723516], [-99.2721565718, 19.399554179], [-99.2722826356, 19.3996695278], [-99.2724060172, 19.3997687483], [-99.2725615854, 19.399888129], [-99.2726527805, 19.3999672682], [-99.27274934, 19.4000517042], [-99.2728284652, 19.4000865697], [-99.2729518468, 19.4001536125], [-99.2730081732, 19.4002502237], [-99.2729907388, 19.4003655721], [-99.2729907388, 19.4004969695]]}","{""id"": ""TTI-0e6b35d1-b793-45b4-b4a5-22dc2fb82b8b-TTL24459014352030000"", ""iconCategory"": 6, ""magnitudeOfDelay"": 2, ""startTime"": ""2026-07-04T07:04:00Z"", ""endTime"": ""2026-07-04T07:40:30Z"", ""from"": ""Boulevard Magnocentro"", ""to"": ""Boulevard Magnocentro"", ""length"": 588.677164323, ""delay"": 269, ""roadNumbers"": [], ""timeValidity"": ""present"", ""probabilityOfOccurrence"": ""certain"", ""numberOfReports"": null, ""lastReportTime"": null, ""events"": [{""code"": 108, ""description"": ""Tráfico en cola"", ""iconCategory"": 6}]}"
tomtom,tomtom_cdmx_incidents,2026-07-04T07:19:02Z,2026-07-04,20260704T071858Z,2026-07-04T07:18:59.164978,TTI-0e6b35d1-b793-45b4-b4a5-22dc2fb82b8b-TTR24450358920022000,Feature,LineString,19.4555788531,-99.2714860195,8,Road closed,4,,202.4197368365,Calle Santa Rosa,Avenida de las Torres / Calle Primer de Pino Suárez,,present,probable,,2026-06-22T17:42:00Z,,,Cerrado,401,"{""type"": ""LineString"", ""coordinates"": [[-99.2719835693, 19.4551684344], [-99.2719755227, 19.4551670908], [-99.2719621116, 19.4551670908], [-99.2719500417, 19.4551711215], [-99.2719393129, 19.4551778393], [-99.2719191963, 19.4551911959], [-99.2718239779, 19.4552824002], [-99.2714860195, 19.4555788531], [-99.2714028711, 19.4556270632], [-99.2712942416, 19.4556807266], [-99.2711467201, 19.4557517771], [-99.2709120268, 19.45587657], [-99.2704386169, 19.4560334501], [-99.2703809494, 19.4560294194], [-99.270336693, 19.4560159838]]}","{""id"": ""TTI-0e6b35d1-b793-45b4-b4a5-22dc2fb82b8b-TTR24450358920022000"", ""iconCategory"": 8, ""magnitudeOfDelay"": 4, ""startTime"": ""2026-06-22T17:42:00Z"", ""endTime"": null, ""from"": ""Calle Santa Rosa"", ""to"": ""Avenida de las Torres / Calle Primer de Pino Suárez"", ""length"": 202.4197368365, ""delay"": null, ""roadNumbers"": [], ""timeValidity"": ""present"", ""probabilityOfOccurrence"": ""probable"", ""numberOfReports"": null, ""lastReportTime"": null, ""events"": [{""code"": 401, ""description"": ""Cerrado"", ""iconCategory"": 8}]}"
tomtom,tomtom_cdmx_incidents,2026-07-04T07:19:02Z,2026-07-04,20260704T071858Z,2026-07-04T07:18:59.165005,TTI-0e6b35d1-b793-45b4-b4a5-22dc2fb82b8b-TTR24450358992022000,Feature,LineString,19.4560106886,-99.2698136622,8,Road closed,4,,532.6859503318,Calzada de Guadalupe / Calle 20 de Noviembre,Calle Santa Rosa,,present,probable,,2026-06-22T17:38:00Z,,,Cerrado,401,"{""type"": ""LineString"", ""coordinates"": [[-99.2674653882, 19.4563084048], [-99.2680206055, 19.4562601158], [-99.2680769319, 19.4562480238], [-99.2681587393, 19.4562172011], [-99.2685932571, 19.4559529947], [-99.2686375136, 19.4559314978], [-99.2686643357, 19.4559261236], [-99.2686911578, 19.4559274671], [-99.2687166387, 19.4559328414], [-99.2690197284, 19.4561125618], [-99.2690398449, 19.4561246538], [-99.269258445, 19.4562399625], [-99.2693161125, 19.4562614594], [-99.2693469579, 19.45626549], [-99.2693938965, 19.4562614594], [-99.2694086487, 19.4562560852], [-99.2694247419, 19.4562507109], [-99.2695239837, 19.4561983913], [-99.26958031, 19.4561527895], [-99.2696487064, 19.4561112183], [-99.2697399015, 19.4560575551], [-99.2698136622, 19.4560106886], [-99.2698860819, 19.4559891917], [-99.2699343616, 19.4559865046], [-99.2699973935, 19.4559891917], [-99.2701462561, 19.4559959095], [-99.2703205997, 19.4560132967], [-99.270336693, 19.4560159838], [-99.2703809494, 19.4560294194], [-99.2704386169, 19.4560334501], [-99.2709120268, 19.45587657], [-99.2711467201, 19.4557517771], [-99.2712942416, 19.4556807266], [-99.2714028711, 19.4556270632], [-99.2714860195, 19.4555788531], [-99.2718239779, 19.4552824002], [-99.2719191963, 19.4551911959], [-99.2719393129, 19.4551778393], [-99.2719500417, 19.4551711215], [-99.2719621116, 19.4551670908], [-99.2719755227, 19.4551670908], [-99.2719835693, 19.4551684344]]}","{""id"": ""TTI-0e6b35d1-b793-45b4-b4a5-22dc2fb82b8b-TTR24450358992022000"", ""iconCategory"": 8, ""magnitudeOfDelay"": 4, ""startTime"": ""2026-06-22T17:38:00Z"", ""endTime"": null, ""from"": ""Calzada de Guadalupe / Calle 20 de Noviembre"", ""to"": ""Calle Santa Rosa"", ""length"": 532.6859503318, ""delay"": null, ""roadNumbers"": [], ""timeValidity"": ""present"", ""probabilityOfOccurrence"": ""probable"", ""numberOfReports"": null, ""lastReportTime"": null, ""events"": [{""code"": 401, ""description"": ""Cerrado"", ""iconCategory"": 8}]}"
tomtom,tomtom_cdmx_incidents,2026-07-04T07:19:02Z,2026-07-04,20260704T071858Z,2026-07-04T07:18:59.165053,TTI-0e6b35d1-b793-45b4-b4a5-22dc2fb82b8b-TTR24467670236004001,Feature,LineString,19.3630547016,-99.2651546652,1,Accident,0,,24.7984167499,Calle a Dovali Jaime/Calle Santa Fé (Avenida Santa Fe/Avenida Santa Fé),Calle de Carlos Lazo (Avenida Santa Fe/Avenida Santa Fé),,present,certain,,2026-07-04T00:04:00Z,2026-07-06T11:00:00Z,,Accidente grave,202,"{""type"": ""LineString"", ""coordinates"": [[-99.2650232369, 19.3631619313], [-99.2651291842, 19.3630734431], [-99.2651546652, 19.3630547016], [-99.2651774639, 19.3630372254], [-99.2652002627, 19.363014451]]}","{""id"": ""TTI-0e6b35d1-b793-45b4-b4a5-22dc2fb82b8b-TTR24467670236004001"", ""iconCategory"": 1, ""magnitudeOfDelay"": 0, ""startTime"": ""2026-07-04T00:04:00Z"", ""endTime"": ""2026-07-06T11:00:00Z"", ""from"": ""Calle a Dovali Jaime/Calle Santa Fé (Avenida Santa Fe/Avenida Santa Fé)"", ""to"": ""Calle de Carlos Lazo (Avenida Santa Fe/Avenida Santa Fé)"", ""length"": 24.7984167499, ""delay"": null, ""roadNumbers"": [], ""timeValidity"": ""present"", ""probabilityOfOccurrence"": ""certain"", ""numberOfReports"": null, ""lastReportTime"": null, ""events"": [{""code"": 202, ""description"": ""Accidente grave"", ""iconCategory"": 1}]}"
tomtom,tomtom_cdmx_incidents,2026-07-04T07:19:02Z,2026-07-04,20260704T071858Z,2026-07-04T07:18:59.165072,TTI-0e6b35d1-b793-45b4-b4a5-22dc2fb82b8b-TTR24476325884030000,Feature,LineString,19.3140359361,-99.265409475,8,Road closed,4,,317.6092641927,Calle Ocotepec,Cerrada Dalia,,present,probable,,2026-05-20T20:34:30Z,,,Cerrado,401,"{""type"": ""LineString"", ""coordinates"": [[-99.2642386908, 19.314990849], [-99.2642963583, 19.31490099], [-99.2644197399, 19.3147467424], [-99.264497524, 19.3146796644], [-99.2645914013, 19.3146367915], [-99.2647429461, 19.3145656793], [-99.2648918087, 19.3144785095], [-99.2649749572, 19.3143940291], [-99.2650768811, 19.3143296405], [-99.265126502, 19.3143108934], [-99.2652109916, 19.3142411258], [-99.26530621, 19.3141512664], [-99.265409475, 19.3140359361], [-99.2655060345, 19.3138844563], [-99.2655985708, 19.3137221394], [-99.2656683082, 19.3135880617], [-99.2657125646, 19.3134606285], [-99.2657447511, 19.3132889771], [-99.2657474334, 19.3132138302], [-99.2657527978, 19.3130247761], [-99.2657621855, 19.3128893531], [-99.2657621855, 19.3128571585], [-99.2657407278, 19.3128356426], [-99.2657139057, 19.3128195849], [-99.2656522149, 19.3128101717]]}","{""id"": ""TTI-0e6b35d1-b793-45b4-b4a5-22dc2fb82b8b-TTR24476325884030000"", ""iconCategory"": 8, ""magnitudeOfDelay"": 4, ""startTime"": ""2026-05-20T20:34:30Z"", ""endTime"": null, ""from"": ""Calle Ocotepec"", ""to"": ""Cerrada Dalia"", ""length"": 317.6092641927, ""delay"": null, ""roadNumbers"": [], ""timeValidity"": ""present"", ""probabilityOfOccurrence"": ""probable"", ""numberOfReports"": null, ""lastReportTime"": null, ""events"": [{""code"": 401, ""description"": ""Cerrado"", ""iconCategory"": 8}]}"
tomtom,tomtom_cdmx_incidents,2026-07-04T07:19:02Z,2026-07-04,20260704T071858Z,2026-07-04T07:18:59.165106,TTI-0e6b35d1-b793-45b4-b4a5-22dc2fb82b8b-TTR24476325924030000,Feature,LineString,19.3140359361,-99.265409475,8,Road closed,4,,317.6092641927,Cerrada Dalia,Calle Ocotepec,,present,probable,,2026-05-16T17:39:00Z,,,Cerrado,401,"{""type"": ""LineString"", ""coordinates"": [[-99.2656522149, 19.3128101717], [-99.2657139057, 19.3128195849], [-99.2657407278, 19.3128356426], [-99.2657621855, 19.3128571585], [-99.2657621855, 19.3128893531], [-99.2657527978, 19.3130247761], [-99.2657474334, 19.3132138302], [-99.2657447511, 19.3132889771], [-99.2657125646, 19.3134606285], [-99.2656683082, 19.3135880617], [-99.2655985708, 19.3137221394], [-99.2655060345, 19.3138844563], [-99.265409475, 19.3140359361], [-99.26530621, 19.3141512664], [-99.2652109916, 19.3142411258], [-99.265126502, 19.3143108934], [-99.2650768811, 19.3143296405], [-99.2649749572, 19.3143940291], [-99.2648918087, 19.3144785095], [-99.2647429461, 19.3145656793], [-99.2645914013, 19.3146367915], [-99.264497524, 19.3146796644], [-99.2644197399, 19.3147467424], [-99.2642963583, 19.31490099], [-99.2642386908, 19.314990849]]}","{""id"": ""TTI-0e6b35d1-b793-45b4-b4a5-22dc2fb82b8b-TTR24476325924030000"", ""iconCategory"": 8, ""magnitudeOfDelay"": 4, ""startTime"": ""2026-05-16T17:39:00Z"", ""endTime"": null, ""from"": ""Cerrada Dalia"", ""to"": ""Calle Ocotepec"", ""length"": 317.6092641927, ""delay"": null, ""roadNumbers"": [], ""timeValidity"": ""present"", ""probabilityOfOccurrence"": ""probable"", ""numberOfReports"": null, ""lastReportTime"": null, ""events"": [{""code"": 401, ""description"": ""Cerrado"", ""iconCategory"": 8}]}"
tomtom,tomtom_cdmx_incidents,2026-07-04T07:19:02Z,2026-07-04,20260704T071858Z,2026-07-04T07:18:59.165140,TTI-0e6b35d1-b793-45b4-b4a5-22dc2fb82b8b-TTR24467670380012001,Feature,LineString,19.3656081085,-99.2626897151,1,Accident,0,,110.5562471827,Calle a Dovali Jaime/Calle Santa Fé (Avenida Santa Fe/Avenida Santa Fé),Calle de Carlos Lazo (Avenida Santa Fe/Avenida Santa Fé),,present,certain,,2026-07-04T00:04:00Z,2026-07-06T11:00:00Z,,Accidente grave,202,"{""type"": ""LineString"", ""coordinates"": [[-99.2625931556, 19.3656912972], [-99.2626897151, 19.3656081085], [-99.2633441741, 19.3649939186]]}","{""id"": ""TTI-0e6b35d1-b793-45b4-b4a5-22dc2fb82b8b-TTR24467670380012001"", ""iconCategory"": 1, ""magnitudeOfDelay"": 0, ""startTime"": ""2026-07-04T00:04:00Z"", ""endTime"": ""2026-07-06T11:00:00Z"", ""from"": ""Calle a Dovali Jaime/Calle Santa Fé (Avenida Santa Fe/Avenida Santa Fé)"", ""to"": ""Calle de Carlos Lazo (Avenida Santa Fe/Avenida Santa Fé)"", ""length"": 110.5562471827, ""delay"": null, ""roadNumbers"": [], ""timeValidity"": ""present"", ""probabilityOfOccurrence"": ""certain"", ""numberOfReports"": null, ""lastReportTime"": null, ""events"": [{""code"": 202, ""description"": ""Accidente grave"", ""iconCategory"": 1}]}"
tomtom,tomtom_cdmx_incidents,2026-07-04T07:19:02Z,2026-07-04,20260704T071858Z,2026-07-04T07:18:59.165160,TTI-0e6b35d1-b793-45b4-b4a5-22dc2fb82b8b-TTR24467670376004002,Feature,LineString,19.3660909502,-99.2621747309,1,Accident,0,,47.1679184067,Calle a Dovali Jaime/Calle Santa Fé (Avenida Santa Fe/Avenida Santa Fé),Calle de Carlos Lazo (Avenida Santa Fe/Avenida Santa Fé),,present,certain,,2026-07-04T00:04:00Z,2026-07-06T11:00:00Z,,Accidente grave,202,"{""type"": ""LineString"", ""coordinates"": [[-99.2621076757, 19.3661593513], [-99.2621747309, 19.3660909502], [-99.2624147887, 19.3658495295]]}","{""id"": ""TTI-0e6b35d1-b793-45b4-b4a5-22dc2fb82b8b-TTR24467670376004002"", ""iconCategory"": 1, ""magnitudeOfDelay"": 0, ""startTime"": ""2026-07-04T00:04:00Z"", ""endTime"": ""2026-07-06T11:00:00Z"", ""from"": ""Calle a Dovali Jaime/Calle Santa Fé (Avenida Santa Fe/Avenida Santa Fé)"", ""to"": ""Calle de Carlos Lazo (Avenida Santa Fe/Avenida Santa Fé)"", ""length"": 47.1679184067, ""delay"": null, ""roadNumbers"": [], ""timeValidity"": ""present"", ""probabilityOfOccurrence"": ""certain"", ""numberOfReports"": null, ""lastReportTime"": null, ""events"": [{""code"": 202, ""description"": ""Accidente grave"", ""iconCategory"": 1}]}"
tomtom,tomtom_cdmx_incidents,2026-07-04T07:19:02Z,2026-07-04,20260704T071858Z,2026-07-04T07:18:59.165177,TTI-0e6b35d1-b793-45b4-b4a5-22dc2fb82b8b-TTR24467670376012001,Feature,LineString,19.3663135503,-99.2619521076,1,Accident,0,,86.7464985339,Calle a Dovali Jaime/Calle Santa Fé (Avenida Santa Fe/Avenida Santa Fé),Calle de Carlos Lazo (Avenida Santa Fe/Avenida Santa Fé),,present,certain,,2026-07-04T00:04:00Z,2026-07-06T11:00:00Z,,Accidente grave,202,"{""type"": ""LineString"", ""coordinates"": [[-99.2613875026, 19.3668835317], [-99.2619521076, 19.3663135503]]}","{""id"": ""TTI-0e6b35d1-b793-45b4-b4a5-22dc2fb82b8b-TTR24467670376012001"", ""iconCategory"": 1, ""magnitudeOfDelay"": 0, ""startTime"": ""2026-07-04T00:04:00Z"", ""endTime"": ""2026-07-06T11:00:00Z"", ""from"": ""Calle a Dovali Jaime/Calle Santa Fé (Avenida Santa Fe/Avenida Santa Fé)"", ""to"": ""Calle de Carlos Lazo (Avenida Santa Fe/Avenida Santa Fé)"", ""length"": 86.7464985339, ""delay"": null, ""roadNumbers"": [], ""timeValidity"": ""present"", ""probabilityOfOccurrence"": ""certain"", ""numberOfReports"": null, ""lastReportTime"": null, ""events"": [{""code"": 202, ""description"": ""Accidente grave"", ""iconCategory"": 1}]}"
tomtom,tomtom_cdmx_incidents,2026-07-04T07:19:02Z,2026-07-04,20260704T071858Z,2026-07-04T07:18:59.165193,TTI-0e6b35d1-b793-45b4-b4a5-22dc2fb82b8b-TTR24467670336012000,Feature,LineString,19.3694222498,-99.261379456,8,Road closed,4,,102.8342001117,Avenida Vasco de Quiroga,Avenida Antonio Dovali Jaime,,present,probable,,2026-07-03T22:33:30Z,,,Cerrado,401,"{""type"": ""LineString"", ""coordinates"": [[-99.2618139738, 19.3693820007], [-99.2617227787, 19.3694168727], [-99.2616597468, 19.3694276269], [-99.261572575, 19.3694423348], [-99.2614666278, 19.3694423348], [-99.261379456, 19.3694222498], [-99.2612721676, 19.3693712465], [-99.2612024302, 19.3693082238], [-99.2611340339, 19.3692089848], [-99.2610160167, 19.3690668079]]}","{""id"": ""TTI-0e6b35d1-b793-45b4-b4a5-22dc2fb82b8b-TTR24467670336012000"", ""iconCategory"": 8, ""magnitudeOfDelay"": 4, ""startTime"": ""2026-07-03T22:33:30Z"", ""endTime"": null, ""from"": ""Avenida Vasco de Quiroga"", ""to"": ""Avenida Antonio Dovali Jaime"", ""length"": 102.8342001117, ""delay"": null, ""roadNumbers"": [], ""timeValidity"": ""present"", ""probabilityOfOccurrence"": ""probable"", ""numberOfReports"": null, ""lastReportTime"": null, ""events"": [{""code"": 401, ""description"": ""Cerrado"", ""iconCategory"": 8}]}"
tomtom,tomtom_cdmx_incidents,2026-07-04T07:19:02Z,2026-07-04,20260704T071858Z,2026-07-04T07:18:59.165215,TTI-0e6b35d1-b793-45b4-b4a5-22dc2fb82b8b-TTR24467670376004003,Feature,LineString,19.3672952804,-99.2609771246,1,Accident,0,,45.6729442452,Calle a Dovali Jaime/Calle Santa Fé (Avenida Santa Fe/Avenida Santa Fé),Calle de Carlos Lazo (Avenida Santa Fe/Avenida Santa Fé),,present,certain,,2026-07-04T00:13:00Z,2026-07-06T11:00:00Z,,Accidente grave,202,"{""type"": ""LineString"", ""coordinates"": [[-99.2607665712, 19.3675004031], [-99.2609771246, 19.3672952804], [-99.261072343, 19.3672080597]]}","{""id"": ""TTI-0e6b35d1-b793-45b4-b4a5-22dc2fb82b8b-TTR24467670376004003"", ""iconCategory"": 1, ""magnitudeOfDelay"": 0, ""startTime"": ""2026-07-04T00:13:00Z"", ""endTime"": ""2026-07-06T11:00:00Z"", ""from"": ""Calle a Dovali Jaime/Calle Santa Fé (Avenida Santa Fe/Avenida Santa Fé)"", ""to"": ""Calle de Carlos Lazo (Avenida Santa Fe/Avenida Santa Fé)"", ""length"": 45.6729442452, ""delay"": null, ""roadNumbers"": [], ""timeValidity"": ""present"", ""probabilityOfOccurrence"": ""certain"", ""numberOfReports"": null, ""lastReportTime"": null, ""events"": [{""code"": 202, ""description"": ""Accidente grave"", ""iconCategory"": 1}]}"
tomtom,tomtom_cdmx_incidents,2026-07-04T07:19:02Z,2026-07-04,20260704T071858Z,2026-07-04T07:18:59.165231,TTI-0e6b35d1-b793-45b4-b4a5-22dc2fb82b8b-TTR24467670380004000,Feature,LineString,19.3675004031,-99.2607665712,8,Road closed,0,,10.4394533395,Avenida Antonio Dovali Jaime,Avenida Antonio Dovali Jaime,,present,probable,,2026-07-04T03:26:30Z,2026-07-06T11:00:00Z,,Carretera cerrada intermitentemente,666,"{""type"": ""LineString"", ""coordinates"": [[-99.2606928105, 19.3675634265], [-99.2607665712, 19.3675004031]]}","{""id"": ""TTI-0e6b35d1-b793-45b4-b4a5-22dc2fb82b8b-TTR24467670380004000"", ""iconCategory"": 8, ""magnitudeOfDelay"": 0, ""startTime"": ""2026-07-04T03:26:30Z"", ""endTime"": ""2026-07-06T11:00:00Z"", ""from"": ""Avenida Antonio Dovali Jaime"", ""to"": ""Avenida Antonio Dovali Jaime"", ""length"": 10.4394533395, ""delay"": null, ""roadNumbers"": [], ""timeValidity"": ""present"", ""probabilityOfOccurrence"": ""probable"", ""numberOfReports"": null, ""lastReportTime"": null, ""events"": [{""code"": 666, ""description"": ""Carretera cerrada intermitentemente"", ""iconCategory"": 8}]}"
tomtom,tomtom_cdmx_incidents,2026-07-04T07:19:02Z,2026-07-04,20260704T071858Z,2026-07-04T07:18:59.165248,TTI-0e6b35d1-b793-45b4-b4a5-22dc2fb82b8b-TTR24467670364004003,Feature,LineString,19.368015423,-99.2600759024,8,Road closed,0,,45.797791907,Avenida Javier Barros Sierra,Avenida Javier Barros Sierra,,present,probable,,2026-07-04T05:02:00Z,2026-07-06T11:00:00Z,,Carretera cerrada intermitentemente,666,"{""type"": ""LineString"", ""coordinates"": [[-99.2599887306, 19.3682339876], [-99.2600490803, 19.3680998756], [-99.2600759024, 19.368015423], [-99.2600906545, 19.367901396], [-99.2600946779, 19.3678383727]]}","{""id"": ""TTI-0e6b35d1-b793-45b4-b4a5-22dc2fb82b8b-TTR24467670364004003"", ""iconCategory"": 8, ""magnitudeOfDelay"": 0, ""startTime"": ""2026-07-04T05:02:00Z"", ""endTime"": ""2026-07-06T11:00:00Z"", ""from"": ""Avenida Javier Barros Sierra"", ""to"": ""Avenida Javier Barros Sierra"", ""length"": 45.797791907, ""delay"": null, ""roadNumbers"": [], ""timeValidity"": ""present"", ""probabilityOfOccurrence"": ""probable"", ""numberOfReports"": null, ""lastReportTime"": null, ""events"": [{""code"": 666, ""description"": ""Carretera cerrada intermitentemente"", ""iconCategory"": 8}]}"
tomtom,tomtom_cdmx_incidents,2026-07-04T07:19:02Z,2026-07-04,20260704T071858Z,2026-07-04T07:18:59.165267,TTI-0e6b35d1-b793-45b4-b4a5-22dc2fb82b8b-TTR24438818632022000,Feature,LineString,19.5597799127,-99.2600383515,8,Road closed,4,,172.7599825833,Calle Puebla,Avenida Pioneros del Cooperativismo / Calle Pioneros del Cooperativismo,,present,probable,,2026-06-02T20:11:30Z,,,Cerrado,401,"{""type"": ""LineString"", ""coordinates"": [[-99.2613647038, 19.5598054239], [-99.2609798068, 19.5597973677], [-99.2608430142, 19.5597906543], [-99.2605855221, 19.559778649], [-99.260275727, 19.5597879689], [-99.2601590509, 19.5597852835], [-99.2600383515, 19.5597799127], [-99.2600021416, 19.5597773063], [-99.2599672729, 19.5597719355], [-99.2599391097, 19.5597625366], [-99.2599028999, 19.5597464243], [-99.2597312385, 19.5596954809]]}","{""id"": ""TTI-0e6b35d1-b793-45b4-b4a5-22dc2fb82b8b-TTR24438818632022000"", ""iconCategory"": 8, ""magnitudeOfDelay"": 4, ""startTime"": ""2026-06-02T20:11:30Z"", ""endTime"": null, ""from"": ""Calle Puebla"", ""to"": ""Avenida Pioneros del Cooperativismo / Calle Pioneros del Cooperativismo"", ""length"": 172.7599825833, ""delay"": null, ""roadNumbers"": [], ""timeValidity"": ""present"", ""probabilityOfOccurrence"": ""probable"", ""numberOfReports"": null, ""lastReportTime"": null, ""events"": [{""code"": 401, ""description"": ""Cerrado"", ""iconCategory"": 8}]}"
tomtom,tomtom_cdmx_incidents,2026-07-04T07:19:02Z,2026-07-04,20260704T071858Z,2026-07-04T07:18:59.165292,TTI-0e6b35d1-b793-45b4-b4a5-22dc2fb82b8b-TTR24438818704022000,Feature,LineString,19.5597906543,-99.2608430142,8,Road closed,4,,241.914932129,Avenida Pioneros del Cooperativismo / Calle Pioneros del Cooperativismo,Calle Juan Angulo,,present,probable,,2026-06-05T02:53:00Z,,,Cerrado,401,"{""type"": ""LineString"", ""coordinates"": [[-99.2597312385, 19.5596954809], [-99.2599028999, 19.5597464243], [-99.2599391097, 19.5597625366], [-99.2599672729, 19.5597719355], [-99.2600021416, 19.5597773063], [-99.2600383515, 19.5597799127], [-99.2601590509, 19.5597852835], [-99.260275727, 19.5597879689], [-99.2605855221, 19.559778649], [-99.2608430142, 19.5597906543], [-99.2609798068, 19.5597973677], [-99.2613647038, 19.5598054239], [-99.2615242953, 19.5597946823], [-99.2616181726, 19.5598054239], [-99.2617053444, 19.5598255643], [-99.2618139738, 19.5598563673], [-99.2619105334, 19.5598818785], [-99.2620070929, 19.5599127605]]}","{""id"": ""TTI-0e6b35d1-b793-45b4-b4a5-22dc2fb82b8b-TTR24438818704022000"", ""iconCategory"": 8, ""magnitudeOfDelay"": 4, ""startTime"": ""2026-06-05T02:53:00Z"", ""endTime"": null, ""from"": ""Avenida Pioneros del Cooperativismo / Calle Pioneros del Cooperativismo"", ""to"": ""Calle Juan Angulo"", ""length"": 241.914932129, ""delay"": null, ""roadNumbers"": [], ""timeValidity"": ""present"", ""probabilityOfOccurrence"": ""probable"", ""numberOfReports"": null, ""lastReportTime"": null, ""events"": [{""code"": 401, ""description"": ""Cerrado"", ""iconCategory"": 8}]}"
tomtom,tomtom_cdmx_incidents,2026-07-04T07:19:02Z,2026-07-04,20260704T071858Z,2026-07-04T07:18:59.165322,TTI-0e6b35d1-b793-45b4-b4a5-22dc2fb82b8b-TTR24467670288004000,Feature,LineString,19.3666609324,-99.2590861673,8,Road closed,0,,176.9991572353,Avenida Javier Barros Sierra,Avenida Javier Barros Sierra,,present,probable,,2026-07-04T00:04:00Z,2026-07-06T11:00:00Z,,Carretera cerrada intermitentemente,666,"{""type"": ""LineString"", ""coordinates"": [[-99.2589225525, 19.3660319591], [-99.2589145059, 19.3662505264], [-99.2589131648, 19.366325649], [-99.2589252347, 19.3664074139], [-99.258941328, 19.3664677491], [-99.2589520568, 19.366498668], [-99.2589775378, 19.3665428716], [-99.2590097243, 19.3665817771], [-99.2590861673, 19.3666609324], [-99.2591076249, 19.3666810178], [-99.2592564875, 19.3668124423], [-99.2593570704, 19.3669009285], [-99.2593838925, 19.3669251258], [-99.2595019097, 19.3670336972], [-99.2596521134, 19.3671638562], [-99.2597915882, 19.3672872147]]}","{""id"": ""TTI-0e6b35d1-b793-45b4-b4a5-22dc2fb82b8b-TTR24467670288004000"", ""iconCategory"": 8, ""magnitudeOfDelay"": 0, ""startTime"": ""2026-07-04T00:04:00Z"", ""endTime"": ""2026-07-06T11:00:00Z"", ""from"": ""Avenida Javier Barros Sierra"", ""to"": ""Avenida Javier Barros Sierra"", ""length"": 176.9991572353, ""delay"": null, ""roadNumbers"": [], ""timeValidity"": ""present"", ""probabilityOfOccurrence"": ""probable"", ""numberOfReports"": null, ""lastReportTime"": null, ""events"": [{""code"": 666, ""description"": ""Carretera cerrada intermitentemente"", ""iconCategory"": 8}]}"
tomtom,tomtom_cdmx_incidents,2026-07-04T07:19:02Z,2026-07-04,20260704T071858Z,2026-07-04T07:18:59.165350,TTI-0e6b35d1-b793-45b4-b4a5-22dc2fb82b8b-TTR24467670340012000,Feature,LineString,19.3672388993,-99.259544825,8,Road closed,4,,188.2603567868,Avenida Javier Barros Sierra,Avenida Javier Barros Sierra,,present,probable,,2026-07-03T21:56:30Z,,,Cerrado | Obras,"401,701","{""type"": ""LineString"", ""coordinates"": [[-99.2600946779, 19.3677807266], [-99.2600866312, 19.3677431656], [-99.2600517625, 19.3676908966], [-99.2599055821, 19.3675567842], [-99.2598130459, 19.3674722522], [-99.2597070987, 19.3673810777], [-99.2596105391, 19.3672966247], [-99.259544825, 19.3672388993], [-99.2594455833, 19.3671517576], [-99.259326225, 19.3670471401], [-99.259185409, 19.3669130271], [-99.2590647096, 19.3668097537], [-99.2589426691, 19.3667199232], [-99.2588689083, 19.3666702634], [-99.2587884421, 19.3666474894]]}","{""id"": ""TTI-0e6b35d1-b793-45b4-b4a5-22dc2fb82b8b-TTR24467670340012000"", ""iconCategory"": 8, ""magnitudeOfDelay"": 4, ""startTime"": ""2026-07-03T21:56:30Z"", ""endTime"": null, ""from"": ""Avenida Javier Barros Sierra"", ""to"": ""Avenida Javier Barros Sierra"", ""length"": 188.2603567868, ""delay"": null, ""roadNumbers"": [], ""timeValidity"": ""present"", ""probabilityOfOccurrence"": ""probable"", ""numberOfReports"": null, ""lastReportTime"": null, ""events"": [{""code"": 401, ""description"": ""Cerrado"", ""iconCategory"": 8}, {""code"": 701, ""description"": ""Obras"", ""iconCategory"": 9}]}"
tomtom,tomtom_cdmx_incidents,2026-07-04T07:19:02Z,2026-07-04,20260704T071858Z,2026-07-04T07:18:59.165378,TTI-0e6b35d1-b793-45b4-b4a5-22dc2fb82b8b-TTR24450359560014000,Feature,LineString,19.496140529,-99.2569176013,8,Road closed,4,,101.2574454623,Camino a San Mateo Nopala,Camino Real a San Mateo,,present,probable,,2026-07-02T13:51:30Z,,,Cerrado,401,"{""type"": ""LineString"", ""coordinates"": [[-99.2564495558, 19.4960024139], [-99.2565823252, 19.4960024139], [-99.2566386515, 19.4960117375], [-99.2566990012, 19.4960278562], [-99.2567821497, 19.4960600145], [-99.2568398172, 19.4960882223], [-99.2568773681, 19.4961096348], [-99.2569176013, 19.496140529], [-99.2569417412, 19.4961686577], [-99.256965881, 19.4962196212], [-99.2569725866, 19.496242456], [-99.256977951, 19.496266555], [-99.2569766099, 19.4963068517], [-99.2569685632, 19.4963484125], [-99.2568974847, 19.4965509229]]}","{""id"": ""TTI-0e6b35d1-b793-45b4-b4a5-22dc2fb82b8b-TTR24450359560014000"", ""iconCategory"": 8, ""magnitudeOfDelay"": 4, ""startTime"": ""2026-07-02T13:51:30Z"", ""endTime"": null, ""from"": ""Camino a San Mateo Nopala"", ""to"": ""Camino Real a San Mateo"", ""length"": 101.2574454623, ""delay"": null, ""roadNumbers"": [], ""timeValidity"": ""present"", ""probabilityOfOccurrence"": ""probable"", ""numberOfReports"": null, ""lastReportTime"": null, ""events"": [{""code"": 401, ""description"": ""Cerrado"", ""iconCategory"": 8}]}"
tomtom,tomtom_cdmx_incidents,2026-07-04T07:19:02Z,2026-07-04,20260704T071858Z,2026-07-04T07:18:59.165405,TTI-0e6b35d1-b793-45b4-b4a5-22dc2fb82b8b-TTR24450359536014000,Feature,LineString,19.496140529,-99.2569176013,8,Road closed,4,,101.2574454623,Camino Real a San Mateo,Camino a San Mateo Nopala,,present,probable,,2026-07-02T13:17:30Z,,,Cerrado,401,"{""type"": ""LineString"", ""coordinates"": [[-99.2568974847, 19.4965509229], [-99.2569685632, 19.4963484125], [-99.2569766099, 19.4963068517], [-99.256977951, 19.496266555], [-99.2569725866, 19.496242456], [-99.256965881, 19.4962196212], [-99.2569417412, 19.4961686577], [-99.2569176013, 19.496140529], [-99.2568773681, 19.4961096348], [-99.2568398172, 19.4960882223], [-99.2567821497, 19.4960600145], [-99.2566990012, 19.4960278562], [-99.2566386515, 19.4960117375], [-99.2565823252, 19.4960024139], [-99.2564495558, 19.4960024139]]}","{""id"": ""TTI-0e6b35d1-b793-45b4-b4a5-22dc2fb82b8b-TTR24450359536014000"", ""iconCategory"": 8, ""magnitudeOfDelay"": 4, ""startTime"": ""2026-07-02T13:17:30Z"", ""endTime"": null, ""from"": ""Camino Real a San Mateo"", ""to"": ""Camino a San Mateo Nopala"", ""length"": 101.2574454623, ""delay"": null, ""roadNumbers"": [], ""timeValidity"": ""present"", ""probabilityOfOccurrence"": ""probable"", ""numberOfReports"": null, ""lastReportTime"": null, ""events"": [{""code"": 401, ""description"": ""Cerrado"", ""iconCategory"": 8}]}"
tomtom,tomtom_cdmx_incidents,2026-07-04T07:19:02Z,2026-07-04,20260704T071858Z,2026-07-04T07:18:59.165430,TTI-0e6b35d1-b793-45b4-b4a5-22dc2fb82b8b-TTR24464785488030000,Feature,LineString,19.4029082745,-99.2574473376,8,Road closed,4,,271.2991251871,Calle Fuente del Pescador,Avenida de los Bosques,,present,probable,,2026-06-02T16:06:30Z,,,Cerrado,401,"{""type"": ""LineString"", ""coordinates"": [[-99.2560338134, 19.4033924287], [-99.2563825006, 19.4032958193], [-99.2570718283, 19.4031228394], [-99.2571697289, 19.4030920066], [-99.2572488541, 19.4030638618], [-99.257286405, 19.4030477338], [-99.2573172504, 19.403031685], [-99.2573480958, 19.403010181], [-99.2573776001, 19.4029874122], [-99.2574097866, 19.4029565793], [-99.2574325854, 19.4029296994], [-99.2574473376, 19.4029082745], [-99.2574620897, 19.4028855057], [-99.2574795241, 19.4028559377], [-99.2574929351, 19.4028210729], [-99.2575009817, 19.40278352], [-99.2576283867, 19.4021760322], [-99.2576498443, 19.4021236951], [-99.257671302, 19.4020928621], [-99.2577021474, 19.4020727811], [-99.2577370161, 19.4020606851], [-99.2577678615, 19.4020579971], [-99.2578228468, 19.4020579971]]}","{""id"": ""TTI-0e6b35d1-b793-45b4-b4a5-22dc2fb82b8b-TTR24464785488030000"", ""iconCategory"": 8, ""magnitudeOfDelay"": 4, ""startTime"": ""2026-06-02T16:06:30Z"", ""endTime"": null, ""from"": ""Calle Fuente del Pescador"", ""to"": ""Avenida de los Bosques"", ""length"": 271.2991251871, ""delay"": null, ""roadNumbers"": [], ""timeValidity"": ""present"", ""probabilityOfOccurrence"": ""probable"", ""numberOfReports"": null, ""lastReportTime"": null, ""events"": [{""code"": 401, ""description"": ""Cerrado"", ""iconCategory"": 8}]}"
tomtom,tomtom_cdmx_incidents,2026-07-04T07:19:02Z,2026-07-04,20260704T071858Z,2026-07-04T07:18:59.165463,TTI-0e6b35d1-b793-45b4-b4a5-22dc2fb82b8b-TTR24456130016031000,Feature,LineString,19.4644636538,-99.2556918318,8,Road closed,4,,274.5915503677,Calle San Isidro,Calle Durango,,present,probable,,2026-05-17T20:30:30Z,,,Cerrado,401,"{""type"": ""LineString"", ""coordinates"": [[-99.2569645399, 19.464384467], [-99.2564616257, 19.464342898], [-99.2563717717, 19.464340211], [-99.2562872822, 19.4643455849], [-99.256079411, 19.4643818591], [-99.2559144551, 19.4644180542], [-99.2558205778, 19.464439471], [-99.2556918318, 19.4644636538], [-99.2551647777, 19.4645454484], [-99.255002504, 19.4645695521], [-99.2548630292, 19.4645870174], [-99.2547892684, 19.4645937348], [-99.2547034377, 19.4645977653], [-99.2545076365, 19.4646097776], [-99.2543721849, 19.4646178386]]}","{""id"": ""TTI-0e6b35d1-b793-45b4-b4a5-22dc2fb82b8b-TTR24456130016031000"", ""iconCategory"": 8, ""magnitudeOfDelay"": 4, ""startTime"": ""2026-05-17T20:30:30Z"", ""endTime"": null, ""from"": ""Calle San Isidro"", ""to"": ""Calle Durango"", ""length"": 274.5915503677, ""delay"": null, ""roadNumbers"": [], ""timeValidity"": ""present"", ""probabilityOfOccurrence"": ""probable"", ""numberOfReports"": null, ""lastReportTime"": null, ""events"": [{""code"": 401, ""description"": ""Cerrado"", ""iconCategory"": 8}]}"
tomtom,tomtom_cdmx_incidents,2026-07-04T07:19:02Z,2026-07-04,20260704T071858Z,2026-07-04T07:18:59.165489,TTI-0e6b35d1-b793-45b4-b4a5-22dc2fb82b8b-TTR24456130088031000,Feature,LineString,19.4644636538,-99.2556918318,8,Road closed,4,,274.5915503677,Calle Durango,Calle San Isidro,,present,probable,,2026-05-17T20:31:00Z,,,Cerrado,401,"{""type"": ""LineString"", ""coordinates"": [[-99.2543721849, 19.4646178386], [-99.2545076365, 19.4646097776], [-99.2547034377, 19.4645977653], [-99.2547892684, 19.4645937348], [-99.2548630292, 19.4645870174], [-99.255002504, 19.4645695521], [-99.2551647777, 19.4645454484], [-99.2556918318, 19.4644636538], [-99.2558205778, 19.464439471], [-99.2559144551, 19.4644180542], [-99.256079411, 19.4643818591], [-99.2562872822, 19.4643455849], [-99.2563717717, 19.464340211], [-99.2564616257, 19.464342898], [-99.2569645399, 19.464384467]]}","{""id"": ""TTI-0e6b35d1-b793-45b4-b4a5-22dc2fb82b8b-TTR24456130088031000"", ""iconCategory"": 8, ""magnitudeOfDelay"": 4, ""startTime"": ""2026-05-17T20:31:00Z"", ""endTime"": null, ""from"": ""Calle Durango"", ""to"": ""Calle San Isidro"", ""length"": 274.5915503677, ""delay"": null, ""roadNumbers"": [], ""timeValidity"": ""present"", ""probabilityOfOccurrence"": ""probable"", ""numberOfReports"": null, ""lastReportTime"": null, ""events"": [{""code"": 401, ""description"": ""Cerrado"", ""iconCategory"": 8}]}"
tomtom,tomtom_cdmx_incidents,2026-07-04T07:19:02Z,2026-07-04,20260704T071858Z,2026-07-04T07:18:59.165534,TTI-0e6b35d1-b793-45b4-b4a5-22dc2fb82b8b-TTR24459015040023000,Feature,LineString,19.4411257671,-99.2530552203,8,Road closed,4,,181.9485141039,Avenida Naucalpan / Calle Río Hondo,Calle Sierra Nevada,,present,probable,,2026-06-17T00:01:30Z,,,Cerrado,401,"{""type"": ""LineString"", ""coordinates"": [[-99.2536506707, 19.4404377224], [-99.2536077554, 19.440507515], [-99.2535715455, 19.4405637916], [-99.2534964437, 19.4406550041], [-99.253410613, 19.4407421855], [-99.2533328289, 19.4408186173], [-99.2530552203, 19.4411257671], [-99.2528621012, 19.4413081122], [-99.2528138215, 19.4413564056], [-99.2527467663, 19.4414408993], [-99.2527092153, 19.441495911], [-99.2526756877, 19.4415508437], [-99.2525737638, 19.4417117686]]}","{""id"": ""TTI-0e6b35d1-b793-45b4-b4a5-22dc2fb82b8b-TTR24459015040023000"", ""iconCategory"": 8, ""magnitudeOfDelay"": 4, ""startTime"": ""2026-06-17T00:01:30Z"", ""endTime"": null, ""from"": ""Avenida Naucalpan / Calle Río Hondo"", ""to"": ""Calle Sierra Nevada"", ""length"": 181.9485141039, ""delay"": null, ""roadNumbers"": [], ""timeValidity"": ""present"", ""probabilityOfOccurrence"": ""probable"", ""numberOfReports"": null, ""lastReportTime"": null, ""events"": [{""code"": 401, ""description"": ""Cerrado"", ""iconCategory"": 8}]}"
tomtom,tomtom_cdmx_incidents,2026-07-04T07:19:02Z,2026-07-04,20260704T071858Z,2026-07-04T07:18:59.165562,TTI-0e6b35d1-b793-45b4-b4a5-22dc2fb82b8b-TTR24459015112023000,Feature,LineString,19.4411257671,-99.2530552203,8,Road closed,4,,181.9485141039,Calle Sierra Nevada,Avenida Naucalpan / Calle Río Hondo,,present,probable,,2026-06-16T19:52:00Z,,,Cerrado,401,"{""type"": ""LineString"", ""coordinates"": [[-99.2525737638, 19.4417117686], [-99.2526756877, 19.4415508437], [-99.2527092153, 19.441495911], [-99.2527467663, 19.4414408993], [-99.2528138215, 19.4413564056], [-99.2528621012, 19.4413081122], [-99.2530552203, 19.4411257671], [-99.2533328289, 19.4408186173], [-99.253410613, 19.4407421855], [-99.2534964437, 19.4406550041], [-99.2535715455, 19.4405637916], [-99.2536077554, 19.440507515], [-99.2536506707, 19.4404377224]]}","{""id"": ""TTI-0e6b35d1-b793-45b4-b4a5-22dc2fb82b8b-TTR24459015112023000"", ""iconCategory"": 8, ""magnitudeOfDelay"": 4, ""startTime"": ""2026-06-16T19:52:00Z"", ""endTime"": null, ""from"": ""Calle Sierra Nevada"", ""to"": ""Avenida Naucalpan / Calle Río Hondo"", ""length"": 181.9485141039, ""delay"": null, ""roadNumbers"": [], ""timeValidity"": ""present"", ""probabilityOfOccurrence"": ""probable"", ""numberOfReports"": null, ""lastReportTime"": null, ""events"": [{""code"": 401, ""description"": ""Cerrado"", ""iconCategory"": 8}]}"
tomtom,tomtom_cdmx_incidents,2026-07-04T07:19:02Z,2026-07-04,20260704T071858Z,2026-07-04T07:18:59.165588,TTI-0e6b35d1-b793-45b4-b4a5-22dc2fb82b8b-TTR24447474668052000,Feature,LineString,19.5285107282,-99.254783904,8,Road closed,4,,553.9280548434,Avenida Vía Jorge Jiménez Cantú,Boulevard Bellavista,,present,probable,,2026-06-29T13:22:30Z,,,Cerrado,401,"{""type"": ""LineString"", ""coordinates"": [[-99.2523243183, 19.529800908], [-99.2523591871, 19.5297740492], [-99.2524155134, 19.5297378686], [-99.252474522, 19.5297084028], [-99.2525295073, 19.5296922875], [-99.2525952214, 19.5296842298], [-99.2531209344, 19.5296640856], [-99.253410613, 19.5296587139], [-99.2534910793, 19.5296467063], [-99.2535728866, 19.5296144756], [-99.2536922449, 19.5295393496], [-99.2537686879, 19.5294750462], [-99.2538692707, 19.5293556818], [-99.253975218, 19.5292563826], [-99.2544781322, 19.528752144], [-99.2546337003, 19.5286086849], [-99.254783904, 19.5285107282], [-99.255258655, 19.5282773699], [-99.2553605789, 19.5282532756], [-99.2554732317, 19.5282613334], [-99.2557575459, 19.5282667052], [-99.2558554465, 19.5282667052], [-99.2559801692, 19.5282331313], [-99.2560391778, 19.5281956074], [-99.2561169619, 19.5281325674], [-99.2561545128, 19.5280735562], [-99.2561813349, 19.528015888], [-99.2561866993, 19.5279353894], [-99.2561786527, 19.5278240817], [-99.256157195, 19.5277677563], [-99.2560955042, 19.5276873366], [-99.2559399361, 19.5275223892], [-99.2558541054, 19.5274459193]]}","{""id"": ""TTI-0e6b35d1-b793-45b4-b4a5-22dc2fb82b8b-TTR24447474668052000"", ""iconCategory"": 8, ""magnitudeOfDelay"": 4, ""startTime"": ""2026-06-29T13:22:30Z"", ""endTime"": null, ""from"": ""Avenida Vía Jorge Jiménez Cantú"", ""to"": ""Boulevard Bellavista"", ""length"": 553.9280548434, ""delay"": null, ""roadNumbers"": [], ""timeValidity"": ""present"", ""probabilityOfOccurrence"": ""probable"", ""numberOfReports"": null, ""lastReportTime"": null, ""events"": [{""code"": 401, ""description"": ""Cerrado"", ""iconCategory"": 8}]}"
tomtom,tomtom_cdmx_incidents,2026-07-04T07:19:02Z,2026-07-04,20260704T071858Z,2026-07-04T07:18:59.165630,TTI-0e6b35d1-b793-45b4-b4a5-22dc2fb82b8b-TTR24456130012023000,Feature,LineString,19.4686049384,-99.2518683428,8,Road closed,4,,233.9688630732,Calle Vicente Guerrero,Calle Zapote / Prolongación Popocatepetl,,present,probable,,2026-06-24T20:06:30Z,,,Cerrado,401,"{""type"": ""LineString"", ""coordinates"": [[-99.2535407001, 19.468095374], [-99.2531973774, 19.46820127], [-99.2529331798, 19.4682830627], [-99.2526663, 19.4683582172], [-99.252486592, 19.4684118763], [-99.2522572631, 19.4684842648], [-99.2518683428, 19.4686049384], [-99.2517878765, 19.4686331509], [-99.2517181391, 19.4686559106], [-99.2516323084, 19.4686841231], [-99.2515598888, 19.4687015089], [-99.2515142912, 19.4687149435], [-99.2514177317, 19.4687430769]]}","{""id"": ""TTI-0e6b35d1-b793-45b4-b4a5-22dc2fb82b8b-TTR24456130012023000"", ""iconCategory"": 8, ""magnitudeOfDelay"": 4, ""startTime"": ""2026-06-24T20:06:30Z"", ""endTime"": null, ""from"": ""Calle Vicente Guerrero"", ""to"": ""Calle Zapote / Prolongación Popocatepetl"", ""length"": 233.9688630732, ""delay"": null, ""roadNumbers"": [], ""timeValidity"": ""present"", ""probabilityOfOccurrence"": ""probable"", ""numberOfReports"": null, ""lastReportTime"": null, ""events"": [{""code"": 401, ""description"": ""Cerrado"", ""iconCategory"": 8}]}"
tomtom,tomtom_cdmx_incidents,2026-07-04T07:19:02Z,2026-07-04,20260704T071858Z,2026-07-04T07:18:59.165655,TTI-0e6b35d1-b793-45b4-b4a5-22dc2fb82b8b-TTR24456130084023000,Feature,LineString,19.4686049384,-99.2518683428,8,Road closed,4,,233.9688630732,Calle Zapote / Prolongación Popocatepetl,Calle Vicente Guerrero,,present,probable,,2026-06-25T16:55:30Z,,,Cerrado,401,"{""type"": ""LineString"", ""coordinates"": [[-99.2514177317, 19.4687430769], [-99.2515142912, 19.4687149435], [-99.2515598888, 19.4687015089], [-99.2516323084, 19.4686841231], [-99.2517181391, 19.4686559106], [-99.2517878765, 19.4686331509], [-99.2518683428, 19.4686049384], [-99.2522572631, 19.4684842648], [-99.252486592, 19.4684118763], [-99.2526663, 19.4683582172], [-99.2529331798, 19.4682830627], [-99.2531973774, 19.46820127], [-99.2535407001, 19.468095374]]}","{""id"": ""TTI-0e6b35d1-b793-45b4-b4a5-22dc2fb82b8b-TTR24456130084023000"", ""iconCategory"": 8, ""magnitudeOfDelay"": 4, ""startTime"": ""2026-06-25T16:55:30Z"", ""endTime"": null, ""from"": ""Calle Zapote / Prolongación Popocatepetl"", ""to"": ""Calle Vicente Guerrero"", ""length"": 233.9688630732, ""delay"": null, ""roadNumbers"": [], ""timeValidity"": ""present"", ""probabilityOfOccurrence"": ""probable"", ""numberOfReports"": null, ""lastReportTime"": null, ""events"": [{""code"": 401, ""description"": ""Cerrado"", ""iconCategory"": 8}]}"
tomtom,tomtom_cdmx_incidents,2026-07-04T07:19:02Z,2026-07-04,20260704T071858Z,2026-07-04T07:18:59.165679,TTI-0e6b35d1-b793-45b4-b4a5-22dc2fb82b8b-TTR24456130128023000,Feature,LineString,19.4803423367,-99.2507485205,8,Road closed,4,,163.1535491055,Calle San Juan Totoltepec,Corredor Vía Adolfo López Mateos,,present,probable,,2026-04-24T23:16:00Z,,,Cerrado,401,"{""type"": ""LineString"", ""coordinates"": [[-99.2507619316, 19.4795671399], [-99.2507592494, 19.4798474281], [-99.2507485205, 19.4803423367], [-99.2507270629, 19.4807996299], [-99.2507056052, 19.4810329778]]}","{""id"": ""TTI-0e6b35d1-b793-45b4-b4a5-22dc2fb82b8b-TTR24456130128023000"", ""iconCategory"": 8, ""magnitudeOfDelay"": 4, ""startTime"": ""2026-04-24T23:16:00Z"", ""endTime"": null, ""from"": ""Calle San Juan Totoltepec"", ""to"": ""Corredor Vía Adolfo López Mateos"", ""length"": 163.1535491055, ""delay"": null, ""roadNumbers"": [], ""timeValidity"": ""present"", ""probabilityOfOccurrence"": ""probable"", ""numberOfReports"": null, ""lastReportTime"": null, ""events"": [{""code"": 401, ""description"": ""Cerrado"", ""iconCategory"": 8}]}"
tomtom,tomtom_cdmx_incidents,2026-07-04T07:19:02Z,2026-07-04,20260704T071858Z,2026-07-04T07:18:59.165696,TTI-0e6b35d1-b793-45b4-b4a5-22dc2fb82b8b-TTR24464785644015000,Feature,LineString,19.4176309277,-99.2482889349,8,Road closed,4,,125.1524296483,Calle Bosque Del Corregidor,Calle Paseo de la Herradura,,present,probable,,2026-06-23T22:59:30Z,,,Cerrado,401,"{""type"": ""LineString"", ""coordinates"": [[-99.2478115017, 19.4180252358], [-99.2480622882, 19.4177368566], [-99.2481548244, 19.4176751965], [-99.2482151741, 19.4176457103], [-99.2482540662, 19.4176349593], [-99.2482889349, 19.4176309277], [-99.2483211214, 19.41762824], [-99.2483613545, 19.4176255522], [-99.2484015877, 19.4176457103], [-99.2484391386, 19.4176751965], [-99.2487207705, 19.4179072123]]}","{""id"": ""TTI-0e6b35d1-b793-45b4-b4a5-22dc2fb82b8b-TTR24464785644015000"", ""iconCategory"": 8, ""magnitudeOfDelay"": 4, ""startTime"": ""2026-06-23T22:59:30Z"", ""endTime"": null, ""from"": ""Calle Bosque Del Corregidor"", ""to"": ""Calle Paseo de la Herradura"", ""length"": 125.1524296483, ""delay"": null, ""roadNumbers"": [], ""timeValidity"": ""present"", ""probabilityOfOccurrence"": ""probable"", ""numberOfReports"": null, ""lastReportTime"": null, ""events"": [{""code"": 401, ""description"": ""Cerrado"", ""iconCategory"": 8}]}"
tomtom,tomtom_cdmx_incidents,2026-07-04T07:19:02Z,2026-07-04,20260704T071858Z,2026-07-04T07:18:59.165719,TTI-0e6b35d1-b793-45b4-b4a5-22dc2fb82b8b-TTR24453244812031000,Feature,LineString,19.4892284663,-99.2478986735,8,Road closed,4,,295.4306140012,Avenida Alcanfores / Avenida de los Alcanfores,Camino a San Mateo Nopala,,present,probable,,2025-08-30T19:33:00Z,,,Cerrado,401,"{""type"": ""LineString"", ""coordinates"": [[-99.2492344136, 19.487242294], [-99.2491794283, 19.4873495997], [-99.2491043264, 19.487472946], [-99.2489755804, 19.4876526315], [-99.2484740073, 19.4883835401], [-99.2480153496, 19.489046096], [-99.2478986735, 19.4892284663], [-99.2478825802, 19.489260626], [-99.2478745336, 19.4892874917], [-99.2478772158, 19.4893263678], [-99.2478839213, 19.48938002], [-99.2477417642, 19.4894417318]]}","{""id"": ""TTI-0e6b35d1-b793-45b4-b4a5-22dc2fb82b8b-TTR24453244812031000"", ""iconCategory"": 8, ""magnitudeOfDelay"": 4, ""startTime"": ""2025-08-30T19:33:00Z"", ""endTime"": null, ""from"": ""Avenida Alcanfores / Avenida de los Alcanfores"", ""to"": ""Camino a San Mateo Nopala"", ""length"": 295.4306140012, ""delay"": null, ""roadNumbers"": [], ""timeValidity"": ""present"", ""probabilityOfOccurrence"": ""probable"", ""numberOfReports"": null, ""lastReportTime"": null, ""events"": [{""code"": 401, ""description"": ""Cerrado"", ""iconCategory"": 8}]}"
tomtom,tomtom_cdmx_incidents,2026-07-04T07:19:02Z,2026-07-04,20260704T071858Z,2026-07-04T07:18:59.165743,TTI-0e6b35d1-b793-45b4-b4a5-22dc2fb82b8b-TTR24479211488014000,Feature,LineString,19.3229972004,-99.2434958274,8,Road closed,4,,65.1273929306,Avenida Luis Cabrera,Calle Orquídea,,present,probable,,2026-07-02T13:44:00Z,,,Cerrado,401,"{""type"": ""LineString"", ""coordinates"": [[-99.2437747771, 19.3229904771], [-99.2434958274, 19.3229972004], [-99.2431565279, 19.3230347716]]}","{""id"": ""TTI-0e6b35d1-b793-45b4-b4a5-22dc2fb82b8b-TTR24479211488014000"", ""iconCategory"": 8, ""magnitudeOfDelay"": 4, ""startTime"": ""2026-07-02T13:44:00Z"", ""endTime"": null, ""from"": ""Avenida Luis Cabrera"", ""to"": ""Calle Orquídea"", ""length"": 65.1273929306, ""delay"": null, ""roadNumbers"": [], ""timeValidity"": ""present"", ""probabilityOfOccurrence"": ""probable"", ""numberOfReports"": null, ""lastReportTime"": null, ""events"": [{""code"": 401, ""description"": ""Cerrado"", ""iconCategory"": 8}]}"
tomtom,tomtom_cdmx_incidents,2026-07-04T07:19:02Z,2026-07-04,20260704T071858Z,2026-07-04T07:18:59.165759,TTI-0e6b35d1-b793-45b4-b4a5-22dc2fb82b8b-TTR24479211560014000,Feature,LineString,19.3229972004,-99.2434958274,8,Road closed,4,,65.1273929306,Calle Orquídea,Avenida Luis Cabrera,,present,probable,,2026-06-29T04:32:30Z,,,Cerrado,401,"{""type"": ""LineString"", ""coordinates"": [[-99.2431565279, 19.3230347716], [-99.2434958274, 19.3229972004], [-99.2437747771, 19.3229904771]]}","{""id"": ""TTI-0e6b35d1-b793-45b4-b4a5-22dc2fb82b8b-TTR24479211560014000"", ""iconCategory"": 8, ""magnitudeOfDelay"": 4, ""startTime"": ""2026-06-29T04:32:30Z"", ""endTime"": null, ""from"": ""Calle Orquídea"", ""to"": ""Avenida Luis Cabrera"", ""length"": 65.1273929306, ""delay"": null, ""roadNumbers"": [], ""timeValidity"": ""present"", ""probabilityOfOccurrence"": ""probable"", ""numberOfReports"": null, ""lastReportTime"": null, ""events"": [{""code"": 401, ""description"": ""Cerrado"", ""iconCategory"": 8}]}"
tomtom,tomtom_cdmx_incidents,2026-07-04T07:19:02Z,2026-07-04,20260704T071858Z,2026-07-04T07:18:59.165775,TTI-0e6b35d1-b793-45b4-b4a5-22dc2fb82b8b-TTR24482096916022000,Feature,LineString,19.3156519757,-99.2430599684,8,Road closed,4,,197.3893407855,Avenida San Jerónimo,Calle Margaritas,,present,probable,,2026-06-01T20:51:00Z,,,Cerrado,401,"{""type"": ""LineString"", ""coordinates"": [[-99.2424417192, 19.3145509664], [-99.2426656837, 19.3149492417], [-99.2428199107, 19.3152335314], [-99.24295268, 19.3154669586], [-99.2430237586, 19.315590277], [-99.2430599684, 19.3156519757], [-99.2430948371, 19.3157136744], [-99.2432718629, 19.3160114099], [-99.2433027083, 19.3160825214], [-99.2433107549, 19.3161227046]]}","{""id"": ""TTI-0e6b35d1-b793-45b4-b4a5-22dc2fb82b8b-TTR24482096916022000"", ""iconCategory"": 8, ""magnitudeOfDelay"": 4, ""startTime"": ""2026-06-01T20:51:00Z"", ""endTime"": null, ""from"": ""Avenida San Jerónimo"", ""to"": ""Calle Margaritas"", ""length"": 197.3893407855, ""delay"": null, ""roadNumbers"": [], ""timeValidity"": ""present"", ""probabilityOfOccurrence"": ""probable"", ""numberOfReports"": null, ""lastReportTime"": null, ""events"": [{""code"": 401, ""description"": ""Cerrado"", ""iconCategory"": 8}]}"
tomtom,tomtom_cdmx_incidents,2026-07-04T07:19:02Z,2026-07-04,20260704T071858Z,2026-07-04T07:18:59.165797,TTI-0e6b35d1-b793-45b4-b4a5-22dc2fb82b8b-TTR24482096844014000,Feature,LineString,19.3149492417,-99.2426656837,8,Road closed,4,,85.6494938867,Calle Palma,Avenida San Jerónimo,,present,probable,,2026-06-02T13:41:00Z,,,Cerrado,401,"{""type"": ""LineString"", ""coordinates"": [[-99.2428199107, 19.3152335314], [-99.2426656837, 19.3149492417], [-99.2424417192, 19.3145509664]]}","{""id"": ""TTI-0e6b35d1-b793-45b4-b4a5-22dc2fb82b8b-TTR24482096844014000"", ""iconCategory"": 8, ""magnitudeOfDelay"": 4, ""startTime"": ""2026-06-02T13:41:00Z"", ""endTime"": null, ""from"": ""Calle Palma"", ""to"": ""Avenida San Jerónimo"", ""length"": 85.6494938867, ""delay"": null, ""roadNumbers"": [], ""timeValidity"": ""present"", ""probabilityOfOccurrence"": ""probable"", ""numberOfReports"": null, ""lastReportTime"": null, ""events"": [{""code"": 401, ""description"": ""Cerrado"", ""iconCategory"": 8}]}"
tomtom,tomtom_cdmx_incidents,2026-07-04T07:19:02Z,2026-07-04,20260704T071858Z,2026-07-04T07:18:59.165814,TTI-0e6b35d1-b793-45b4-b4a5-22dc2fb82b8b-TTR24467671100012000,Feature,LineString,19.4168490281,-99.241142189,9,Road works,0,,108.9315593921,Avenida de la Fuentes/Avenida de las Fuentes/Calle Fuente de Rey (Avenida de los Bosques),Calle Fuente de Rey (Avenida de los Bosques),,present,probable,,2026-06-30T20:16:30Z,,,Obras | Nuevo trazado de carretera por obras,"701,810","{""type"": ""LineString"", ""coordinates"": [[-99.240616476, 19.4172044446], [-99.241142189, 19.4168490281], [-99.241450643, 19.4166210425]]}","{""id"": ""TTI-0e6b35d1-b793-45b4-b4a5-22dc2fb82b8b-TTR24467671100012000"", ""iconCategory"": 9, ""magnitudeOfDelay"": 0, ""startTime"": ""2026-06-30T20:16:30Z"", ""endTime"": null, ""from"": ""Avenida de la Fuentes/Avenida de las Fuentes/Calle Fuente de Rey (Avenida de los Bosques)"", ""to"": ""Calle Fuente de Rey (Avenida de los Bosques)"", ""length"": 108.9315593921, ""delay"": null, ""roadNumbers"": [], ""timeValidity"": ""present"", ""probabilityOfOccurrence"": ""probable"", ""numberOfReports"": null, ""lastReportTime"": null, ""events"": [{""code"": 701, ""description"": ""Obras"", ""iconCategory"": 9}, {""code"": 810, ""description"": ""Nuevo trazado de carretera por obras"", ""iconCategory"": 9}]}"
tomtom,tomtom_cdmx_incidents,2026-07-04T07:19:02Z,2026-07-04,20260704T071858Z,2026-07-04T07:18:59.165832,TTI-0e6b35d1-b793-45b4-b4a5-22dc2fb82b8b-TTR24487867368023000,Feature,LineString,19.2895608322,-99.2357482666,8,Road closed,4,,39.7757102939,Calle Sinanche,Calle Acanceh,,present,probable,,2026-07-03T01:47:00Z,,,Cerrado,401,"{""type"": ""LineString"", ""coordinates"": [[-99.2357764298, 19.2899175547], [-99.2357482666, 19.2895608322]]}","{""id"": ""TTI-0e6b35d1-b793-45b4-b4a5-22dc2fb82b8b-TTR24487867368023000"", ""iconCategory"": 8, ""magnitudeOfDelay"": 4, ""startTime"": ""2026-07-03T01:47:00Z"", ""endTime"": null, ""from"": ""Calle Sinanche"", ""to"": ""Calle Acanceh"", ""length"": 39.7757102939, ""delay"": null, ""roadNumbers"": [], ""timeValidity"": ""present"", ""probabilityOfOccurrence"": ""probable"", ""numberOfReports"": null, ""lastReportTime"": null, ""events"": [{""code"": 401, ""description"": ""Cerrado"", ""iconCategory"": 8}]}"
tomtom,tomtom_cdmx_incidents,2026-07-04T07:19:02Z,2026-07-04,20260704T071858Z,2026-07-04T07:18:59.165847,TTI-0e6b35d1-b793-45b4-b4a5-22dc2fb82b8b-TTR24487867436023000,Feature,LineString,19.2899175547,-99.2357764298,8,Road closed,4,,39.7757102939,Calle Acanceh,Calle Sinanche,,present,probable,,2026-07-03T04:02:30Z,,,Cerrado,401,"{""type"": ""LineString"", ""coordinates"": [[-99.2357482666, 19.2895608322], [-99.2357764298, 19.2899175547]]}","{""id"": ""TTI-0e6b35d1-b793-45b4-b4a5-22dc2fb82b8b-TTR24487867436023000"", ""iconCategory"": 8, ""magnitudeOfDelay"": 4, ""startTime"": ""2026-07-03T04:02:30Z"", ""endTime"": null, ""from"": ""Calle Acanceh"", ""to"": ""Calle Sinanche"", ""length"": 39.7757102939, ""delay"": null, ""roadNumbers"": [], ""timeValidity"": ""present"", ""probabilityOfOccurrence"": ""probable"", ""numberOfReports"": null, ""lastReportTime"": null, ""events"": [{""code"": 401, ""description"": ""Cerrado"", ""iconCategory"": 8}]}"
tomtom,tomtom_cdmx_incidents,2026-07-04T07:19:02Z,2026-07-04,20260704T071858Z,2026-07-04T07:18:59.165862,TTI-0e6b35d1-b793-45b4-b4a5-22dc2fb82b8b-TTR24459015672011001,Feature,LineString,19.4740512033,-99.2342596406,8,Road closed,4,,118.7888854627,Calle Manuel Ávila Camacho (Via Gustavo Baz Prada/Calle Gustavo Baz),Calle Dieciseis de Septiembre/Calle (Via Gustavo Baz Prada/Calle Gustavo Baz),,present,certain,,2025-06-25T13:57:00Z,,,Cerrado,401,"{""type"": ""LineString"", ""coordinates"": [[-99.2343173081, 19.4749752278], [-99.2343092615, 19.4748009019], [-99.2342971915, 19.4742174696], [-99.234277075, 19.4741329931], [-99.2342596406, 19.4740512033], [-99.2342529351, 19.4739800817], [-99.2342529351, 19.4739371717], [-99.2342582995, 19.4739117259]]}","{""id"": ""TTI-0e6b35d1-b793-45b4-b4a5-22dc2fb82b8b-TTR24459015672011001"", ""iconCategory"": 8, ""magnitudeOfDelay"": 4, ""startTime"": ""2025-06-25T13:57:00Z"", ""endTime"": null, ""from"": ""Calle Manuel Ávila Camacho (Via Gustavo Baz Prada/Calle Gustavo Baz)"", ""to"": ""Calle Dieciseis de Septiembre/Calle (Via Gustavo Baz Prada/Calle Gustavo Baz)"", ""length"": 118.7888854627, ""delay"": null, ""roadNumbers"": [], ""timeValidity"": ""present"", ""probabilityOfOccurrence"": ""certain"", ""numberOfReports"": null, ""lastReportTime"": null, ""events"": [{""code"": 401, ""description"": ""Cerrado"", ""iconCategory"": 8}]}"
tomtom,tomtom_cdmx_incidents,2026-07-04T07:19:02Z,2026-07-04,20260704T071858Z,2026-07-04T07:18:59.165883,TTI-0e6b35d1-b793-45b4-b4a5-22dc2fb82b8b-TTR24459015824014000,Feature,LineString,19.4840249845,-99.2323163802,8,Road closed,4,,93.5023454794,Calle Reforma,Calle Cuauhtémoc / Calle Emiliano Zapata,,present,probable,,2026-07-02T14:29:00Z,,,Cerrado,401,"{""type"": ""LineString"", ""coordinates"": [[-99.2321929986, 19.484372352], [-99.232237255, 19.4842731042], [-99.2322774882, 19.4841631098], [-99.2323163802, 19.4840249845], [-99.2323432023, 19.4839284231], [-99.2323847765, 19.4837849243], [-99.2324223274, 19.483562327]]}","{""id"": ""TTI-0e6b35d1-b793-45b4-b4a5-22dc2fb82b8b-TTR24459015824014000"", ""iconCategory"": 8, ""magnitudeOfDelay"": 4, ""startTime"": ""2026-07-02T14:29:00Z"", ""endTime"": null, ""from"": ""Calle Reforma"", ""to"": ""Calle Cuauhtémoc / Calle Emiliano Zapata"", ""length"": 93.5023454794, ""delay"": null, ""roadNumbers"": [], ""timeValidity"": ""present"", ""probabilityOfOccurrence"": ""probable"", ""numberOfReports"": null, ""lastReportTime"": null, ""events"": [{""code"": 401, ""description"": ""Cerrado"", ""iconCategory"": 8}]}"
tomtom,tomtom_cdmx_incidents,2026-07-04T07:19:02Z,2026-07-04,20260704T071858Z,2026-07-04T07:18:59.165903,TTI-0e6b35d1-b793-45b4-b4a5-22dc2fb82b8b-TTR24461901168010000,Feature,LineString,19.4789274614,-99.231159007,8,Road closed,4,,236.7747680136,Periférico Manuel Ávila Camacho,Calle Vía Gustavo Baz,,present,probable,,2026-07-04T03:49:00Z,,,Cerrado,401,"{""type"": ""LineString"", ""coordinates"": [[-99.2311321849, 19.4785063549], [-99.2311187739, 19.4785827689], [-99.2311187739, 19.4786270211], [-99.2311227972, 19.478663213], [-99.2311308438, 19.4787088086], [-99.2311415726, 19.4787799281], [-99.2311523015, 19.4788603721], [-99.2311576659, 19.4788926129], [-99.231159007, 19.4789274614], [-99.2311576659, 19.4789623099], [-99.2311563248, 19.4790199957], [-99.2311482782, 19.4794746059], [-99.2311563248, 19.479705269], [-99.2311683947, 19.4800888375], [-99.231184488, 19.4802215927], [-99.2312555665, 19.4806253102]]}","{""id"": ""TTI-0e6b35d1-b793-45b4-b4a5-22dc2fb82b8b-TTR24461901168010000"", ""iconCategory"": 8, ""magnitudeOfDelay"": 4, ""startTime"": ""2026-07-04T03:49:00Z"", ""endTime"": null, ""from"": ""Periférico Manuel Ávila Camacho"", ""to"": ""Calle Vía Gustavo Baz"", ""length"": 236.7747680136, ""delay"": null, ""roadNumbers"": [], ""timeValidity"": ""present"", ""probabilityOfOccurrence"": ""probable"", ""numberOfReports"": null, ""lastReportTime"": null, ""events"": [{""code"": 401, ""description"": ""Cerrado"", ""iconCategory"": 8}]}"
tomtom,tomtom_cdmx_incidents,2026-07-04T07:19:02Z,2026-07-04,20260704T071858Z,2026-07-04T07:18:59.165933,TTI-0e6b35d1-b793-45b4-b4a5-22dc2fb82b8b-TTR24459015860014000,Feature,LineString,19.483562327,-99.2324223274,8,Road closed,4,,328.62112182,Calle Vía Gustavo Baz,Paseo de la Hacienda de Echegaray,,present,probable,,2026-07-02T17:31:00Z,,,Cerrado,401,"{""type"": ""LineString"", ""coordinates"": [[-99.2306855971, 19.4830660849], [-99.2310450131, 19.4831720501], [-99.2313534672, 19.4832632386], [-99.2315237874, 19.4833115195], [-99.2324223274, 19.483562327], [-99.2327455336, 19.4836535153], [-99.2332001681, 19.4837956709], [-99.2336735779, 19.4839578972]]}","{""id"": ""TTI-0e6b35d1-b793-45b4-b4a5-22dc2fb82b8b-TTR24459015860014000"", ""iconCategory"": 8, ""magnitudeOfDelay"": 4, ""startTime"": ""2026-07-02T17:31:00Z"", ""endTime"": null, ""from"": ""Calle Vía Gustavo Baz"", ""to"": ""Paseo de la Hacienda de Echegaray"", ""length"": 328.62112182, ""delay"": null, ""roadNumbers"": [], ""timeValidity"": ""present"", ""probabilityOfOccurrence"": ""probable"", ""numberOfReports"": null, ""lastReportTime"": null, ""events"": [{""code"": 401, ""description"": ""Cerrado"", ""iconCategory"": 8}]}"
tomtom,tomtom_cdmx_incidents,2026-07-04T07:19:02Z,2026-07-04,20260704T071858Z,2026-07-04T07:18:59.165954,TTI-0e6b35d1-b793-45b4-b4a5-22dc2fb82b8b-TTR24461901212011000,Feature,LineString,19.4820696451,-99.2308693284,8,Road closed,4,,629.5106987257,Calle Dieciseis de Septiembre/Calle (Via Gustavo Baz Prada/Calle Gustavo Baz),Calle Hacienda de la Gavia (Via Gustavo Baz Prada/Calle Gustavo Baz Prada),,present,probable,,2026-07-04T04:00:00Z,,,Cerrado,401,"{""type"": ""LineString"", ""coordinates"": [[-99.2312944586, 19.4792291656], [-99.2312515432, 19.4793659516], [-99.23123545, 19.4794411009], [-99.2312220389, 19.4795470685], [-99.2312421555, 19.4801706242], [-99.2312569076, 19.4803771849], [-99.2312609309, 19.4804402435], [-99.2312555665, 19.4806253102], [-99.2312461788, 19.4807285113], [-99.2312247211, 19.4808935065], [-99.231209969, 19.480964546], [-99.2310383076, 19.4815479539], [-99.2309497947, 19.4818268954], [-99.2308974916, 19.481978456], [-99.2308693284, 19.4820696451], [-99.2308290953, 19.4821850144], [-99.2308009321, 19.4822641134], [-99.2307700867, 19.482349929], [-99.2306534106, 19.4826731201], [-99.2305394167, 19.4830137739], [-99.2304830903, 19.4831988377], [-99.2304079885, 19.4834161412], [-99.2303302044, 19.4836333653], [-99.2302926535, 19.4837420168], [-99.2302819246, 19.483775521], [-99.2301598841, 19.484093415], [-99.2301344032, 19.4841872896], [-99.2299640829, 19.4846968824]]}","{""id"": ""TTI-0e6b35d1-b793-45b4-b4a5-22dc2fb82b8b-TTR24461901212011000"", ""iconCategory"": 8, ""magnitudeOfDelay"": 4, ""startTime"": ""2026-07-04T04:00:00Z"", ""endTime"": null, ""from"": ""Calle Dieciseis de Septiembre/Calle (Via Gustavo Baz Prada/Calle Gustavo Baz)"", ""to"": ""Calle Hacienda de la Gavia (Via Gustavo Baz Prada/Calle Gustavo Baz Prada)"", ""length"": 629.5106987257, ""delay"": null, ""roadNumbers"": [], ""timeValidity"": ""present"", ""probabilityOfOccurrence"": ""probable"", ""numberOfReports"": null, ""lastReportTime"": null, ""events"": [{""code"": 401, ""description"": ""Cerrado"", ""iconCategory"": 8}]}"
tomtom,tomtom_cdmx_incidents,2026-07-04T07:19:02Z,2026-07-04,20260704T071858Z,2026-07-04T07:18:59.165992,TTI-0e6b35d1-b793-45b4-b4a5-22dc2fb82b8b-TTR24487867552014000,Feature,LineString,19.2993911049,-99.2305152768,8,Road closed,4,,156.1417422637,Calle Sacalum,Calle Chicoasen,,present,probable,,2026-07-03T21:34:00Z,,,Cerrado,401,"{""type"": ""LineString"", ""coordinates"": [[-99.22941423, 19.2991939657], [-99.2300566191, 19.2992878679], [-99.2303717787, 19.2993535282], [-99.2305152768, 19.2993911049], [-99.2305863554, 19.2994032085], [-99.2306627983, 19.2994098537], [-99.2308787162, 19.2994313712]]}","{""id"": ""TTI-0e6b35d1-b793-45b4-b4a5-22dc2fb82b8b-TTR24487867552014000"", ""iconCategory"": 8, ""magnitudeOfDelay"": 4, ""startTime"": ""2026-07-03T21:34:00Z"", ""endTime"": null, ""from"": ""Calle Sacalum"", ""to"": ""Calle Chicoasen"", ""length"": 156.1417422637, ""delay"": null, ""roadNumbers"": [], ""timeValidity"": ""present"", ""probabilityOfOccurrence"": ""probable"", ""numberOfReports"": null, ""lastReportTime"": null, ""events"": [{""code"": 401, ""description"": ""Cerrado"", ""iconCategory"": 8}]}"
tomtom,tomtom_cdmx_incidents,2026-07-04T07:19:02Z,2026-07-04,20260704T071858Z,2026-07-04T07:18:59.166012,TTI-0e6b35d1-b793-45b4-b4a5-22dc2fb82b8b-TTR24487867480014000,Feature,LineString,19.2991631132,-99.2292063588,8,Road closed,4,,135.9073897451,Calle Seye,Calle Sacalum,,present,probable,,2026-07-03T21:39:00Z,,,Cerrado,401,"{""type"": ""LineString"", ""coordinates"": [[-99.2300566191, 19.2992878679], [-99.22941423, 19.2991939657], [-99.2292063588, 19.2991631132], [-99.2287772054, 19.2990987186]]}","{""id"": ""TTI-0e6b35d1-b793-45b4-b4a5-22dc2fb82b8b-TTR24487867480014000"", ""iconCategory"": 8, ""magnitudeOfDelay"": 4, ""startTime"": ""2026-07-03T21:39:00Z"", ""endTime"": null, ""from"": ""Calle Seye"", ""to"": ""Calle Sacalum"", ""length"": 135.9073897451, ""delay"": null, ""roadNumbers"": [], ""timeValidity"": ""present"", ""probabilityOfOccurrence"": ""probable"", ""numberOfReports"": null, ""lastReportTime"": null, ""events"": [{""code"": 401, ""description"": ""Cerrado"", ""iconCategory"": 8}]}"
tomtom,tomtom_cdmx_incidents,2026-07-04T07:19:02Z,2026-07-04,20260704T071858Z,2026-07-04T07:18:59.166028,TTI-0e6b35d1-b793-45b4-b4a5-22dc2fb82b8b-TTR24490752564015000,Feature,LineString,19.2736539684,-99.2277780825,8,Road closed,4,,67.3096937968,Calle Mayahuel / Calle Seye,Calle Segunda de Venusia / Calle Xitle,,present,probable,,2026-03-21T08:49:30Z,,,Cerrado,401,"{""type"": ""LineString"", ""coordinates"": [[-99.2276319021, 19.2739181539], [-99.2277311439, 19.2737277093], [-99.2277780825, 19.2736539684], [-99.2279229218, 19.2733790219]]}","{""id"": ""TTI-0e6b35d1-b793-45b4-b4a5-22dc2fb82b8b-TTR24490752564015000"", ""iconCategory"": 8, ""magnitudeOfDelay"": 4, ""startTime"": ""2026-03-21T08:49:30Z"", ""endTime"": null, ""from"": ""Calle Mayahuel / Calle Seye"", ""to"": ""Calle Segunda de Venusia / Calle Xitle"", ""length"": 67.3096937968, ""delay"": null, ""roadNumbers"": [], ""timeValidity"": ""present"", ""probabilityOfOccurrence"": ""probable"", ""numberOfReports"": null, ""lastReportTime"": null, ""events"": [{""code"": 401, ""description"": ""Cerrado"", ""iconCategory"": 8}]}"
tomtom,tomtom_cdmx_incidents,2026-07-04T07:19:02Z,2026-07-04,20260704T071858Z,2026-07-04T07:18:59.166045,TTI-0e6b35d1-b793-45b4-b4a5-22dc2fb82b8b-TTR24490752492015000,Feature,LineString,19.2737277093,-99.2277311439,8,Road closed,4,,67.3096937968,Calle Segunda de Venusia / Calle Xitle,Calle Mayahuel / Calle Seye,,present,probable,,2026-03-21T04:03:30Z,,,Cerrado,401,"{""type"": ""LineString"", ""coordinates"": [[-99.2279229218, 19.2733790219], [-99.2277780825, 19.2736539684], [-99.2277311439, 19.2737277093], [-99.2276319021, 19.2739181539]]}","{""id"": ""TTI-0e6b35d1-b793-45b4-b4a5-22dc2fb82b8b-TTR24490752492015000"", ""iconCategory"": 8, ""magnitudeOfDelay"": 4, ""startTime"": ""2026-03-21T04:03:30Z"", ""endTime"": null, ""from"": ""Calle Segunda de Venusia / Calle Xitle"", ""to"": ""Calle Mayahuel / Calle Seye"", ""length"": 67.3096937968, ""delay"": null, ""roadNumbers"": [], ""timeValidity"": ""present"", ""probabilityOfOccurrence"": ""probable"", ""numberOfReports"": null, ""lastReportTime"": null, ""events"": [{""code"": 401, ""description"": ""Cerrado"", ""iconCategory"": 8}]}"
tomtom,tomtom_cdmx_incidents,2026-07-04T07:19:02Z,2026-07-04,20260704T071858Z,2026-07-04T07:18:59.166062,TTI-0e6b35d1-b793-45b4-b4a5-22dc2fb82b8b-TTR24490752840022000,Feature,LineString,19.2860806702,-99.2257597202,8,Road closed,4,,155.7277616583,Calle Halacho,Calle Tenosique,,present,probable,,2026-04-15T19:35:00Z,,,Cerrado,401,"{""type"": ""LineString"", ""coordinates"": [[-99.225872373, 19.2874284714], [-99.2258629853, 19.2873372523], [-99.2257597202, 19.2860806702], [-99.2257556969, 19.2860323308]]}","{""id"": ""TTI-0e6b35d1-b793-45b4-b4a5-22dc2fb82b8b-TTR24490752840022000"", ""iconCategory"": 8, ""magnitudeOfDelay"": 4, ""startTime"": ""2026-04-15T19:35:00Z"", ""endTime"": null, ""from"": ""Calle Halacho"", ""to"": ""Calle Tenosique"", ""length"": 155.7277616583, ""delay"": null, ""roadNumbers"": [], ""timeValidity"": ""present"", ""probabilityOfOccurrence"": ""probable"", ""numberOfReports"": null, ""lastReportTime"": null, ""events"": [{""code"": 401, ""description"": ""Cerrado"", ""iconCategory"": 8}]}"
tomtom,tomtom_cdmx_incidents,2026-07-04T07:19:02Z,2026-07-04,20260704T071858Z,2026-07-04T07:18:59.166080,TTI-0e6b35d1-b793-45b4-b4a5-22dc2fb82b8b-TTR24453245448014000,Feature,LineString,19.5258017279,-99.2256899828,8,Road closed,4,,88.3788585509,Calle Madreselvas,Periférico Manuel Ávila Camacho,,present,certain,1.0,2026-07-02T20:05:00Z,,2026-06-02T04:16:30Z,Cerrado,401,"{""type"": ""LineString"", ""coordinates"": [[-99.2257624025, 19.5265004698], [-99.2257556969, 19.5263341782], [-99.2257328982, 19.5260149452], [-99.2256899828, 19.5258017279], [-99.2256805951, 19.5257709184], [-99.2256484086, 19.5257198852]]}","{""id"": ""TTI-0e6b35d1-b793-45b4-b4a5-22dc2fb82b8b-TTR24453245448014000"", ""iconCategory"": 8, ""magnitudeOfDelay"": 4, ""startTime"": ""2026-07-02T20:05:00Z"", ""endTime"": null, ""from"": ""Calle Madreselvas"", ""to"": ""Periférico Manuel Ávila Camacho"", ""length"": 88.3788585509, ""delay"": null, ""roadNumbers"": [], ""timeValidity"": ""present"", ""probabilityOfOccurrence"": ""certain"", ""numberOfReports"": 1, ""lastReportTime"": ""2026-06-02T04:16:30Z"", ""events"": [{""code"": 401, ""description"": ""Cerrado"", ""iconCategory"": 8}]}"
tomtom,tomtom_cdmx_incidents,2026-07-04T07:19:02Z,2026-07-04,20260704T071858Z,2026-07-04T07:18:59.166099,TTI-0e6b35d1-b793-45b4-b4a5-22dc2fb82b8b-TTR24490752908022000,Feature,LineString,19.2860806702,-99.2257597202,8,Road closed,4,,312.2612189818,Calle Homún,Calle Halacho,,present,probable,,2026-03-24T01:44:00Z,,,Cerrado,401,"{""type"": ""LineString"", ""coordinates"": [[-99.2256309742, 19.2846295326], [-99.2256604785, 19.2849889558], [-99.2257556969, 19.2860323308], [-99.2257597202, 19.2860806702], [-99.2258629853, 19.2873372523], [-99.225872373, 19.2874284714]]}","{""id"": ""TTI-0e6b35d1-b793-45b4-b4a5-22dc2fb82b8b-TTR24490752908022000"", ""iconCategory"": 8, ""magnitudeOfDelay"": 4, ""startTime"": ""2026-03-24T01:44:00Z"", ""endTime"": null, ""from"": ""Calle Homún"", ""to"": ""Calle Halacho"", ""length"": 312.2612189818, ""delay"": null, ""roadNumbers"": [], ""timeValidity"": ""present"", ""probabilityOfOccurrence"": ""probable"", ""numberOfReports"": null, ""lastReportTime"": null, ""events"": [{""code"": 401, ""description"": ""Cerrado"", ""iconCategory"": 8}]}"
tomtom,tomtom_cdmx_incidents,2026-07-04T07:19:02Z,2026-07-04,20260704T071858Z,2026-07-04T07:18:59.166118,TTI-0e6b35d1-b793-45b4-b4a5-22dc2fb82b8b-TTL24464786460024000,Feature,LineString,19.467448933,-99.2256645018,6,Jam,3,91.0,265.1885469793,Anillo Periférico (Viaducto Elevado Bicentenario),Avenida Parque de Chapultepec (Viaducto Elevado Bicentenario),,present,certain,,2026-07-04T07:17:30Z,2026-07-04T07:24:30Z,,Tráfico parado,101,"{""type"": ""LineString"", ""coordinates"": [[-99.2263699228, 19.4688302432], [-99.2262465412, 19.4686116557], [-99.2261486406, 19.4684171711], [-99.2260480577, 19.4682227653], [-99.225948816, 19.4680269367], [-99.2257583791, 19.4676407318], [-99.2257194871, 19.4675589388], [-99.2256645018, 19.467448933], [-99.2255759889, 19.4672651947], [-99.2255545313, 19.4672236263], [-99.2254807705, 19.4670801127], [-99.2254405374, 19.466994289], [-99.2253480012, 19.4668239848], [-99.2253131324, 19.4667568905], [-99.2252728993, 19.4666818143]]}","{""id"": ""TTI-0e6b35d1-b793-45b4-b4a5-22dc2fb82b8b-TTL24464786460024000"", ""iconCategory"": 6, ""magnitudeOfDelay"": 3, ""startTime"": ""2026-07-04T07:17:30Z"", ""endTime"": ""2026-07-04T07:24:30Z"", ""from"": ""Anillo Periférico (Viaducto Elevado Bicentenario)"", ""to"": ""Avenida Parque de Chapultepec (Viaducto Elevado Bicentenario)"", ""length"": 265.1885469793, ""delay"": 91, ""roadNumbers"": [], ""timeValidity"": ""present"", ""probabilityOfOccurrence"": ""certain"", ""numberOfReports"": null, ""lastReportTime"": null, ""events"": [{""code"": 101, ""description"": ""Tráfico parado"", ""iconCategory"": 6}]}"
tomtom,tomtom_cdmx_incidents,2026-07-04T07:19:02Z,2026-07-04,20260704T071858Z,2026-07-04T07:18:59.166147,TTI-0e6b35d1-b793-45b4-b4a5-22dc2fb82b8b-TTR24456130960006000,Feature,LineString,19.5264186275,-99.2252232784,8,Road closed,4,,44.8813013865,Periférico Manuel Ávila Camacho,Calle Madreselvas,,present,certain,1.0,2026-06-30T21:46:30Z,,2026-06-02T04:16:30Z,Cerrado,401,"{""type"": ""LineString"", ""coordinates"": [[-99.2251253778, 19.5263971399], [-99.225192433, 19.5264105696], [-99.2252232784, 19.5264186275], [-99.2255464846, 19.5264695814]]}","{""id"": ""TTI-0e6b35d1-b793-45b4-b4a5-22dc2fb82b8b-TTR24456130960006000"", ""iconCategory"": 8, ""magnitudeOfDelay"": 4, ""startTime"": ""2026-06-30T21:46:30Z"", ""endTime"": null, ""from"": ""Periférico Manuel Ávila Camacho"", ""to"": ""Calle Madreselvas"", ""length"": 44.8813013865, ""delay"": null, ""roadNumbers"": [], ""timeValidity"": ""present"", ""probabilityOfOccurrence"": ""certain"", ""numberOfReports"": 1, ""lastReportTime"": ""2026-06-02T04:16:30Z"", ""events"": [{""code"": 401, ""description"": ""Cerrado"", ""iconCategory"": 8}]}"
tomtom,tomtom_cdmx_incidents,2026-07-04T07:19:02Z,2026-07-04,20260704T071858Z,2026-07-04T07:18:59.166164,TTI-0e6b35d1-b793-45b4-b4a5-22dc2fb82b8b-TTL24456131008024002,Feature,LineString,19.525102983,-99.2256510908,6,Jam,1,49.0,770.9901672245,Anillo Periférico (Viaducto Elevado Bicentenario),Calle Viveros de Atizapán (Viaducto Elevado Bicentenario),,present,certain,,2026-07-04T07:13:00Z,2026-07-04T07:27:30Z,,Tráfico lento,115,"{""type"": ""LineString"", ""coordinates"": [[-99.2282863611, 19.5216416034], [-99.2282474691, 19.5216925588], [-99.228156274, 19.5218119288], [-99.2275876457, 19.5225683582], [-99.2271397168, 19.5231422941], [-99.2262840921, 19.5242594291], [-99.2259072417, 19.5247757687], [-99.2257261926, 19.5250077891], [-99.2256510908, 19.525102983], [-99.2252675349, 19.5256193198], [-99.2251602465, 19.5257615176], [-99.2249657864, 19.5260203171], [-99.2249134833, 19.5260900729], [-99.2245057875, 19.5266131214], [-99.2242563421, 19.526938989], [-99.2240377421, 19.527224646], [-99.22399885, 19.5272755997]]}","{""id"": ""TTI-0e6b35d1-b793-45b4-b4a5-22dc2fb82b8b-TTL24456131008024002"", ""iconCategory"": 6, ""magnitudeOfDelay"": 1, ""startTime"": ""2026-07-04T07:13:00Z"", ""endTime"": ""2026-07-04T07:27:30Z"", ""from"": ""Anillo Periférico (Viaducto Elevado Bicentenario)"", ""to"": ""Calle Viveros de Atizapán (Viaducto Elevado Bicentenario)"", ""length"": 770.9901672245, ""delay"": 49, ""roadNumbers"": [], ""timeValidity"": ""present"", ""probabilityOfOccurrence"": ""certain"", ""numberOfReports"": null, ""lastReportTime"": null, ""events"": [{""code"": 115, ""description"": ""Tráfico lento"", ""iconCategory"": 6}]}"
tomtom,tomtom_cdmx_incidents,2026-07-04T07:19:02Z,2026-07-04,20260704T071858Z,2026-07-04T07:18:59.166193,TTI-0e6b35d1-b793-45b4-b4a5-22dc2fb82b8b-TTR24490752908023000,Feature,LineString,19.2918326405,-99.223754769,8,Road closed,4,,156.2141948524,Calle Acanceh,Calle Chemax,,present,probable,,2026-03-05T02:55:30Z,,,Cerrado,401,"{""type"": ""LineString"", ""coordinates"": [[-99.2236327285, 19.2904325027], [-99.223754769, 19.2918326405]]}","{""id"": ""TTI-0e6b35d1-b793-45b4-b4a5-22dc2fb82b8b-TTR24490752908023000"", ""iconCategory"": 8, ""magnitudeOfDelay"": 4, ""startTime"": ""2026-03-05T02:55:30Z"", ""endTime"": null, ""from"": ""Calle Acanceh"", ""to"": ""Calle Chemax"", ""length"": 156.2141948524, ""delay"": null, ""roadNumbers"": [], ""timeValidity"": ""present"", ""probabilityOfOccurrence"": ""probable"", ""numberOfReports"": null, ""lastReportTime"": null, ""events"": [{""code"": 401, ""description"": ""Cerrado"", ""iconCategory"": 8}]}"
tomtom,tomtom_cdmx_incidents,2026-07-04T07:19:02Z,2026-07-04,20260704T071858Z,2026-07-04T07:18:59.166208,TTI-0e6b35d1-b793-45b4-b4a5-22dc2fb82b8b-TTR24490752840023000,Feature,LineString,19.2904325027,-99.2236327285,8,Road closed,4,,156.2141948524,Calle Chemax,Calle Acanceh,,present,probable,,2026-03-04T20:38:00Z,,,Cerrado,401,"{""type"": ""LineString"", ""coordinates"": [[-99.223754769, 19.2918326405], [-99.2236327285, 19.2904325027]]}","{""id"": ""TTI-0e6b35d1-b793-45b4-b4a5-22dc2fb82b8b-TTR24490752840023000"", ""iconCategory"": 8, ""magnitudeOfDelay"": 4, ""startTime"": ""2026-03-04T20:38:00Z"", ""endTime"": null, ""from"": ""Calle Chemax"", ""to"": ""Calle Acanceh"", ""length"": 156.2141948524, ""delay"": null, ""roadNumbers"": [], ""timeValidity"": ""present"", ""probabilityOfOccurrence"": ""probable"", ""numberOfReports"": null, ""lastReportTime"": null, ""events"": [{""code"": 401, ""description"": ""Cerrado"", ""iconCategory"": 8}]}"
tomtom,tomtom_cdmx_incidents,2026-07-04T07:19:02Z,2026-07-04,20260704T071858Z,2026-07-04T07:18:59.166223,TTI-0e6b35d1-b793-45b4-b4a5-22dc2fb82b8b-TTL24456130864033000,Feature,LineString,19.5269376461,-99.2243810648,6,Jam,3,101.0,559.9728884699,Avenida Satélite/Circunvalación Ponientecerrada de Alfonso de Zoritia (Anillo Periférico/Calle Manuel Ávila Camacho),Calle del Convento de Santa Mónica/Calle Viveros de Atizapán (Anillo Periférico/Calle Queretaro Rafael Merino),,present,certain,,2026-07-04T07:10:00Z,2026-07-04T07:37:30Z,,Tráfico parado,101,"{""type"": ""LineString"", ""coordinates"": [[-99.2264772112, 19.5241857226], [-99.2262411768, 19.5244860784], [-99.2259810025, 19.5248200082], [-99.2259059006, 19.524928632], [-99.2257194871, 19.5251700531], [-99.2253614122, 19.5256569232], [-99.2245540673, 19.5267190581], [-99.2245004231, 19.5267847846], [-99.2243810648, 19.5269376461], [-99.2242979163, 19.5270435825], [-99.224204039, 19.5271656345], [-99.2241155261, 19.5272850005], [-99.224024331, 19.5274016804], [-99.2237306291, 19.5277838719], [-99.223434245, 19.5281700912], [-99.2233591432, 19.5282747629]]}","{""id"": ""TTI-0e6b35d1-b793-45b4-b4a5-22dc2fb82b8b-TTL24456130864033000"", ""iconCategory"": 6, ""magnitudeOfDelay"": 3, ""startTime"": ""2026-07-04T07:10:00Z"", ""endTime"": ""2026-07-04T07:37:30Z"", ""from"": ""Avenida Satélite/Circunvalación Ponientecerrada de Alfonso de Zoritia (Anillo Periférico/Calle Manuel Ávila Camacho)"", ""to"": ""Calle del Convento de Santa Mónica/Calle Viveros de Atizapán (Anillo Periférico/Calle Queretaro Rafael Merino)"", ""length"": 559.9728884699, ""delay"": 101, ""roadNumbers"": [], ""timeValidity"": ""present"", ""probabilityOfOccurrence"": ""certain"", ""numberOfReports"": null, ""lastReportTime"": null, ""events"": [{""code"": 101, ""description"": ""Tráfico parado"", ""iconCategory"": 6}]}"
tomtom,tomtom_cdmx_incidents,2026-07-04T07:19:02Z,2026-07-04,20260704T071858Z,2026-07-04T07:18:59.166258,TTI-0e6b35d1-b793-45b4-b4a5-22dc2fb82b8b-TTR24473441736030001,Feature,LineString,19.3973346271,-99.2233645076,0,Unknown,0,,347.7503381069,Calle Ignacio Zaragoza,Avenida Constituyentes,,present,certain,,2026-06-10T19:37:30Z,2026-07-20T03:00:00Z,,Partido de fútbol,1459,"{""type"": ""LineString"", ""coordinates"": [[-99.2234650904, 19.3993543146], [-99.2234865481, 19.3991786425], [-99.2235147113, 19.3986636422], [-99.2234557027, 19.3982291242], [-99.223434245, 19.3981580485], [-99.2232961113, 19.3978442554], [-99.2232840413, 19.3977946051], [-99.2232786769, 19.3976162432], [-99.2232934291, 19.3975465112], [-99.2233645076, 19.3973346271], [-99.2233806009, 19.397165673], [-99.2233752364, 19.3970811563], [-99.223369872, 19.3970154563], [-99.2233497554, 19.3969484121], [-99.2233108634, 19.3968960734], [-99.2231915051, 19.3968035714], [-99.2230600769, 19.3967419034], [-99.2227301652, 19.3966573865]]}","{""id"": ""TTI-0e6b35d1-b793-45b4-b4a5-22dc2fb82b8b-TTR24473441736030001"", ""iconCategory"": 0, ""magnitudeOfDelay"": 0, ""startTime"": ""2026-06-10T19:37:30Z"", ""endTime"": ""2026-07-20T03:00:00Z"", ""from"": ""Calle Ignacio Zaragoza"", ""to"": ""Avenida Constituyentes"", ""length"": 347.7503381069, ""delay"": null, ""roadNumbers"": [], ""timeValidity"": ""present"", ""probabilityOfOccurrence"": ""certain"", ""numberOfReports"": null, ""lastReportTime"": null, ""events"": [{""code"": 1459, ""description"": ""Partido de fútbol"", ""iconCategory"": 0}]}"
tomtom,tomtom_cdmx_incidents,2026-07-04T07:19:02Z,2026-07-04,20260704T071858Z,2026-07-04T07:18:59.166287,TTI-0e6b35d1-b793-45b4-b4a5-22dc2fb82b8b-TTR24493637992015001,Feature,LineString,19.2743285544,-99.2223103995,8,Road closed,4,,70.2965217737,Calle Yobaín,Calle Hopelchen,,present,certain,,2026-07-01T07:03:00Z,,,Cerrado,401,"{""type"": ""LineString"", ""coordinates"": [[-99.2229675407, 19.2744505588], [-99.2223103995, 19.2743285544]]}","{""id"": ""TTI-0e6b35d1-b793-45b4-b4a5-22dc2fb82b8b-TTR24493637992015001"", ""iconCategory"": 8, ""magnitudeOfDelay"": 4, ""startTime"": ""2026-07-01T07:03:00Z"", ""endTime"": null, ""from"": ""Calle Yobaín"", ""to"": ""Calle Hopelchen"", ""length"": 70.2965217737, ""delay"": null, ""roadNumbers"": [], ""timeValidity"": ""present"", ""probabilityOfOccurrence"": ""certain"", ""numberOfReports"": null, ""lastReportTime"": null, ""events"": [{""code"": 401, ""description"": ""Cerrado"", ""iconCategory"": 8}]}"
tomtom,tomtom_cdmx_incidents,2026-07-04T07:19:02Z,2026-07-04,20260704T071858Z,2026-07-04T07:18:59.166304,TTI-0e6b35d1-b793-45b4-b4a5-22dc2fb82b8b-TTR24493638064015001,Feature,LineString,19.2744505588,-99.2229675407,8,Road closed,4,,70.2965217737,Calle Hopelchen,Calle Yobaín,,present,certain,,2026-07-01T07:03:00Z,,,Cerrado,401,"{""type"": ""LineString"", ""coordinates"": [[-99.2223103995, 19.2743285544], [-99.2229675407, 19.2744505588]]}","{""id"": ""TTI-0e6b35d1-b793-45b4-b4a5-22dc2fb82b8b-TTR24493638064015001"", ""iconCategory"": 8, ""magnitudeOfDelay"": 4, ""startTime"": ""2026-07-01T07:03:00Z"", ""endTime"": null, ""from"": ""Calle Hopelchen"", ""to"": ""Calle Yobaín"", ""length"": 70.2965217737, ""delay"": null, ""roadNumbers"": [], ""timeValidity"": ""present"", ""probabilityOfOccurrence"": ""certain"", ""numberOfReports"": null, ""lastReportTime"": null, ""events"": [{""code"": 401, ""description"": ""Cerrado"", ""iconCategory"": 8}]}"
tomtom,tomtom_cdmx_incidents,2026-07-04T07:19:02Z,2026-07-04,20260704T071858Z,2026-07-04T07:18:59.166319,TTI-0e6b35d1-b793-45b4-b4a5-22dc2fb82b8b-TTR24456130952030000,Feature,LineString,19.5251486444,-99.2201539034,8,Road closed,4,,259.9775379712,Calle Viveros de la Cascada,Avenida Viveros de Atizapán,,present,probable,,2026-07-03T01:51:00Z,,,Cerrado,401,"{""type"": ""LineString"", ""coordinates"": [[-99.2190810198, 19.525184826], [-99.2191936726, 19.5251713961], [-99.2196590358, 19.5251901979], [-99.2201539034, 19.5251486444], [-99.2205522114, 19.5250600865], [-99.221265679, 19.5247797976], [-99.2214614803, 19.5246805746]]}","{""id"": ""TTI-0e6b35d1-b793-45b4-b4a5-22dc2fb82b8b-TTR24456130952030000"", ""iconCategory"": 8, ""magnitudeOfDelay"": 4, ""startTime"": ""2026-07-03T01:51:00Z"", ""endTime"": null, ""from"": ""Calle Viveros de la Cascada"", ""to"": ""Avenida Viveros de Atizapán"", ""length"": 259.9775379712, ""delay"": null, ""roadNumbers"": [], ""timeValidity"": ""present"", ""probabilityOfOccurrence"": ""probable"", ""numberOfReports"": null, ""lastReportTime"": null, ""events"": [{""code"": 401, ""description"": ""Cerrado"", ""iconCategory"": 8}]}"
tomtom,tomtom_cdmx_incidents,2026-07-04T07:19:02Z,2026-07-04,20260704T071858Z,2026-07-04T07:18:59.166341,TTI-0e6b35d1-b793-45b4-b4a5-22dc2fb82b8b-TTR24459016356013000,Feature,LineString,19.5191874273,-99.2182642872,8,Road closed,4,,66.0979577042,Avenida Viveros de Atizapán,Calle Viveros de la Floresta,,present,probable,,2026-06-22T20:12:00Z,,,Cerrado,401,"{""type"": ""LineString"", ""coordinates"": [[-99.2188946063, 19.5192074938], [-99.2182642872, 19.5191874273]]}","{""id"": ""TTI-0e6b35d1-b793-45b4-b4a5-22dc2fb82b8b-TTR24459016356013000"", ""iconCategory"": 8, ""magnitudeOfDelay"": 4, ""startTime"": ""2026-06-22T20:12:00Z"", ""endTime"": null, ""from"": ""Avenida Viveros de Atizapán"", ""to"": ""Calle Viveros de la Floresta"", ""length"": 66.0979577042, ""delay"": null, ""roadNumbers"": [], ""timeValidity"": ""present"", ""probabilityOfOccurrence"": ""probable"", ""numberOfReports"": null, ""lastReportTime"": null, ""events"": [{""code"": 401, ""description"": ""Cerrado"", ""iconCategory"": 8}]}"
tomtom,tomtom_cdmx_incidents,2026-07-04T07:19:02Z,2026-07-04,20260704T071858Z,2026-07-04T07:18:59.166356,TTI-0e6b35d1-b793-45b4-b4a5-22dc2fb82b8b-TTR24456131008017000,Feature,LineString,19.5327164932,-99.219968831,8,Road closed,4,,741.9200838883,Paseo del Convento de Santa Monica/Viveros de Atizapan (Anillo Periférico Manuel Ávila Camacho),Avenida de los Maestros/Avenida Mario Colín/Avenida Primero de Mayo (Anillo Periférico Manuel Ávila Camacho),MEX-57D,present,probable,,2026-07-04T05:06:30Z,,,Cerrado,401,"{""type"": ""LineString"", ""coordinates"": [[-99.221893316, 19.5301992091], [-99.2216210717, 19.5305586429], [-99.2215540165, 19.5306498047], [-99.2214494104, 19.530791998], [-99.2213313932, 19.5309515704], [-99.2211597318, 19.5311741814], [-99.2209424729, 19.5314464016], [-99.2206393832, 19.5318326913], [-99.2205656225, 19.5319332528], [-99.2201927954, 19.5324241313], [-99.2201217169, 19.5325179778], [-99.2200211341, 19.5326480832], [-99.219968831, 19.5327164932], [-99.2199125046, 19.5327928816], [-99.2194994444, 19.533338738], [-99.2190689499, 19.5338952569], [-99.2188583965, 19.5341809805], [-99.2186384553, 19.5344652818], [-99.2181999141, 19.5350446261], [-99.2181637043, 19.5350875199], [-99.218095308, 19.5351827868], [-99.2180483693, 19.5352391096], [-99.2179316932, 19.5353986776], [-99.2177881951, 19.5355810746], [-99.2177586908, 19.535614568]]}","{""id"": ""TTI-0e6b35d1-b793-45b4-b4a5-22dc2fb82b8b-TTR24456131008017000"", ""iconCategory"": 8, ""magnitudeOfDelay"": 4, ""startTime"": ""2026-07-04T05:06:30Z"", ""endTime"": null, ""from"": ""Paseo del Convento de Santa Monica/Viveros de Atizapan (Anillo Periférico Manuel Ávila Camacho)"", ""to"": ""Avenida de los Maestros/Avenida Mario Colín/Avenida Primero de Mayo (Anillo Periférico Manuel Ávila Camacho)"", ""length"": 741.9200838883, ""delay"": null, ""roadNumbers"": [""MEX-57D""], ""timeValidity"": ""present"", ""probabilityOfOccurrence"": ""probable"", ""numberOfReports"": null, ""lastReportTime"": null, ""events"": [{""code"": 401, ""description"": ""Cerrado"", ""iconCategory"": 8}]}"
tomtom,tomtom_cdmx_incidents,2026-07-04T07:19:02Z,2026-07-04,20260704T071858Z,2026-07-04T07:18:59.166395,TTI-0e6b35d1-b793-45b4-b4a5-22dc2fb82b8b-TTR24459016428013000,Feature,LineString,19.5191874273,-99.2182642872,8,Road closed,4,,146.5680821701,Calle Viveros de la Floresta,Avenida Viveros de Atizapán,,present,probable,,2026-06-22T19:56:30Z,,,Cerrado,401,"{""type"": ""LineString"", ""coordinates"": [[-99.2174971754, 19.5191565375], [-99.2182642872, 19.5191874273], [-99.2188946063, 19.5192074938]]}","{""id"": ""TTI-0e6b35d1-b793-45b4-b4a5-22dc2fb82b8b-TTR24459016428013000"", ""iconCategory"": 8, ""magnitudeOfDelay"": 4, ""startTime"": ""2026-06-22T19:56:30Z"", ""endTime"": null, ""from"": ""Calle Viveros de la Floresta"", ""to"": ""Avenida Viveros de Atizapán"", ""length"": 146.5680821701, ""delay"": null, ""roadNumbers"": [], ""timeValidity"": ""present"", ""probabilityOfOccurrence"": ""probable"", ""numberOfReports"": null, ""lastReportTime"": null, ""events"": [{""code"": 401, ""description"": ""Cerrado"", ""iconCategory"": 8}]}"
tomtom,tomtom_cdmx_incidents,2026-07-04T07:19:02Z,2026-07-04,20260704T071858Z,2026-07-04T07:18:59.166411,TTI-0e6b35d1-b793-45b4-b4a5-22dc2fb82b8b-TTR24464786768004000,Feature,LineString,19.4864148203,-99.2175923938,8,Road closed,4,,319.8536774752,Avenida San Agustín (Calzada de las Armas/Avenida de las Armas Norte),Calle Veintitrés de Abril (Calzada de las Armas/Calle de las Armas),,present,probable,,2026-07-04T05:29:30Z,,,Cerrado,401,"{""type"": ""LineString"", ""coordinates"": [[-99.2172839398, 19.4873590028], [-99.2173550183, 19.4871497644], [-99.2174301202, 19.4869029924], [-99.2174582833, 19.4868158358], [-99.2175387496, 19.486581153], [-99.2175923938, 19.4864148203], [-99.2178176994, 19.4857671091], [-99.217966562, 19.4852936311], [-99.2181288356, 19.4847867267], [-99.218185162, 19.484611068]]}","{""id"": ""TTI-0e6b35d1-b793-45b4-b4a5-22dc2fb82b8b-TTR24464786768004000"", ""iconCategory"": 8, ""magnitudeOfDelay"": 4, ""startTime"": ""2026-07-04T05:29:30Z"", ""endTime"": null, ""from"": ""Avenida San Agustín (Calzada de las Armas/Avenida de las Armas Norte)"", ""to"": ""Calle Veintitrés de Abril (Calzada de las Armas/Calle de las Armas)"", ""length"": 319.8536774752, ""delay"": null, ""roadNumbers"": [], ""timeValidity"": ""present"", ""probabilityOfOccurrence"": ""probable"", ""numberOfReports"": null, ""lastReportTime"": null, ""events"": [{""code"": 401, ""description"": ""Cerrado"", ""iconCategory"": 8}]}"
tomtom,tomtom_cdmx_incidents,2026-07-04T07:19:02Z,2026-07-04,20260704T071858Z,2026-07-04T07:18:59.166434,TTI-0e6b35d1-b793-45b4-b4a5-22dc2fb82b8b-TTR24464786696004000,Feature,LineString,19.4869606753,-99.2173362428,8,Road closed,4,,97.2994144786,Calle Veintitrés de Abril (Calzada de las Armas/Calle de las Armas),Calle San Isidro/Calzada de Echegaray (Calzada de las Armas/Calle de las Armas),,present,probable,,2026-07-04T05:15:30Z,,,Cerrado,401,"{""type"": ""LineString"", ""coordinates"": [[-99.2174770588, 19.4865140668], [-99.2174435312, 19.4866307762], [-99.2173577005, 19.4868976192], [-99.2173362428, 19.4869606753], [-99.2172772342, 19.4871176043], [-99.2172544355, 19.4871859545], [-99.2172021324, 19.4873495997]]}","{""id"": ""TTI-0e6b35d1-b793-45b4-b4a5-22dc2fb82b8b-TTR24464786696004000"", ""iconCategory"": 8, ""magnitudeOfDelay"": 4, ""startTime"": ""2026-07-04T05:15:30Z"", ""endTime"": null, ""from"": ""Calle Veintitrés de Abril (Calzada de las Armas/Calle de las Armas)"", ""to"": ""Calle San Isidro/Calzada de Echegaray (Calzada de las Armas/Calle de las Armas)"", ""length"": 97.2994144786, ""delay"": null, ""roadNumbers"": [], ""timeValidity"": ""present"", ""probabilityOfOccurrence"": ""probable"", ""numberOfReports"": null, ""lastReportTime"": null, ""events"": [{""code"": 401, ""description"": ""Cerrado"", ""iconCategory"": 8}]}"
tomtom,tomtom_cdmx_incidents,2026-07-04T07:19:02Z,2026-07-04,20260704T071858Z,2026-07-04T07:18:59.166454,TTI-0e6b35d1-b793-45b4-b4a5-22dc2fb82b8b-TTR24459016304013000,Feature,LineString,19.5139396394,-99.217222249,8,Road closed,4,,123.5225024654,Calle Vía Gustavo Baz / Calle Adolfo López Mateos,Avenida del Cristo / Calle del Cristo,,present,probable,,2026-07-04T05:52:00Z,,,Cerrado,401,"{""type"": ""LineString"", ""coordinates"": [[-99.2168467397, 19.5134514699], [-99.2170116955, 19.5136741051], [-99.2171364183, 19.5138323512], [-99.2171940858, 19.5139061415], [-99.217222249, 19.5139396394], [-99.2173402661, 19.5140711028], [-99.2175293619, 19.5142762771], [-99.2175736183, 19.5143245488]]}","{""id"": ""TTI-0e6b35d1-b793-45b4-b4a5-22dc2fb82b8b-TTR24459016304013000"", ""iconCategory"": 8, ""magnitudeOfDelay"": 4, ""startTime"": ""2026-07-04T05:52:00Z"", ""endTime"": null, ""from"": ""Calle Vía Gustavo Baz / Calle Adolfo López Mateos"", ""to"": ""Avenida del Cristo / Calle del Cristo"", ""length"": 123.5225024654, ""delay"": null, ""roadNumbers"": [], ""timeValidity"": ""present"", ""probabilityOfOccurrence"": ""probable"", ""numberOfReports"": null, ""lastReportTime"": null, ""events"": [{""code"": 401, ""description"": ""Cerrado"", ""iconCategory"": 8}]}"
tomtom,tomtom_cdmx_incidents,2026-07-04T07:19:02Z,2026-07-04,20260704T071858Z,2026-07-04T07:18:59.166474,TTI-0e6b35d1-b793-45b4-b4a5-22dc2fb82b8b-TTR24459016232013000,Feature,LineString,19.5139061415,-99.2171940858,8,Road closed,4,,123.5225024654,Avenida del Cristo / Calle del Cristo,Calle Vía Gustavo Baz / Calle Adolfo López Mateos,,present,probable,,2026-07-04T04:42:30Z,,,Cerrado,401,"{""type"": ""LineString"", ""coordinates"": [[-99.2175736183, 19.5143245488], [-99.2175293619, 19.5142762771], [-99.2173402661, 19.5140711028], [-99.217222249, 19.5139396394], [-99.2171940858, 19.5139061415], [-99.2171364183, 19.5138323512], [-99.2170116955, 19.5136741051], [-99.2168467397, 19.5134514699]]}","{""id"": ""TTI-0e6b35d1-b793-45b4-b4a5-22dc2fb82b8b-TTR24459016232013000"", ""iconCategory"": 8, ""magnitudeOfDelay"": 4, ""startTime"": ""2026-07-04T04:42:30Z"", ""endTime"": null, ""from"": ""Avenida del Cristo / Calle del Cristo"", ""to"": ""Calle Vía Gustavo Baz / Calle Adolfo López Mateos"", ""length"": 123.5225024654, ""delay"": null, ""roadNumbers"": [], ""timeValidity"": ""present"", ""probabilityOfOccurrence"": ""probable"", ""numberOfReports"": null, ""lastReportTime"": null, ""events"": [{""code"": 401, ""description"": ""Cerrado"", ""iconCategory"": 8}]}"
tomtom,tomtom_cdmx_incidents,2026-07-04T07:19:02Z,2026-07-04,20260704T071858Z,2026-07-04T07:18:59.166495,TTI-0e6b35d1-b793-45b4-b4a5-22dc2fb82b8b-TTR24473442276014000,Feature,LineString,19.4282618918,-99.2157778794,8,Road closed,4,,133.536364237,Calle Monte Tambor,Calle Monte Sinai / Calle Sierra Gamón,,present,probable,,2026-07-04T01:48:30Z,,,Cerrado,401,"{""type"": ""LineString"", ""coordinates"": [[-99.2167890722, 19.4282940636], [-99.2159039432, 19.4282645003], [-99.2157778794, 19.4282618918], [-99.2156357223, 19.4282712192], [-99.2155203873, 19.4282994388]]}","{""id"": ""TTI-0e6b35d1-b793-45b4-b4a5-22dc2fb82b8b-TTR24473442276014000"", ""iconCategory"": 8, ""magnitudeOfDelay"": 4, ""startTime"": ""2026-07-04T01:48:30Z"", ""endTime"": null, ""from"": ""Calle Monte Tambor"", ""to"": ""Calle Monte Sinai / Calle Sierra Gamón"", ""length"": 133.536364237, ""delay"": null, ""roadNumbers"": [], ""timeValidity"": ""present"", ""probabilityOfOccurrence"": ""probable"", ""numberOfReports"": null, ""lastReportTime"": null, ""events"": [{""code"": 401, ""description"": ""Cerrado"", ""iconCategory"": 8}]}"
tomtom,tomtom_cdmx_incidents,2026-07-04T07:19:02Z,2026-07-04,20260704T071858Z,2026-07-04T07:18:59.166531,TTI-0e6b35d1-b793-45b4-b4a5-22dc2fb82b8b-TTR24461901296012000,Feature,LineString,19.4899432485,-99.2163545543,8,Road closed,4,,582.1935626325,Avenida San Agustín (Calzada de las Armas/Avenida de las Armas Norte),Calle San Isidro/Calzada de Echegaray (Calzada de las Armas/Calle de las Armas),,present,probable,,2026-07-04T04:08:00Z,,,Cerrado,401,"{""type"": ""LineString"", ""coordinates"": [[-99.2154841775, 19.4924229951], [-99.2155136818, 19.492333155], [-99.2155981714, 19.4921158635], [-99.2157886082, 19.4916115881], [-99.2160903567, 19.490710415], [-99.2163545543, 19.4899432485], [-99.2163585777, 19.4899325813], [-99.2165315801, 19.4894658319], [-99.2166361863, 19.4891815305], [-99.2169634158, 19.4883057874], [-99.2172410244, 19.4874569054]]}","{""id"": ""TTI-0e6b35d1-b793-45b4-b4a5-22dc2fb82b8b-TTR24461901296012000"", ""iconCategory"": 8, ""magnitudeOfDelay"": 4, ""startTime"": ""2026-07-04T04:08:00Z"", ""endTime"": null, ""from"": ""Avenida San Agustín (Calzada de las Armas/Avenida de las Armas Norte)"", ""to"": ""Calle San Isidro/Calzada de Echegaray (Calzada de las Armas/Calle de las Armas)"", ""length"": 582.1935626325, ""delay"": null, ""roadNumbers"": [], ""timeValidity"": ""present"", ""probabilityOfOccurrence"": ""probable"", ""numberOfReports"": null, ""lastReportTime"": null, ""events"": [{""code"": 401, ""description"": ""Cerrado"", ""iconCategory"": 8}]}"
tomtom,tomtom_cdmx_incidents,2026-07-04T07:19:02Z,2026-07-04,20260704T071858Z,2026-07-04T07:18:59.166556,TTI-0e6b35d1-b793-45b4-b4a5-22dc2fb82b8b-TTR24464786696020000,Feature,LineString,19.4893961393,-99.2165060991,8,Road closed,4,,593.9878906778,Calle San Isidro/Calzada de Echegaray (Calzada de las Armas/Calle de las Armas),Avenida San Agustín (Calzada de las Armas/Avenida de las Armas Norte),,present,probable,,2026-07-04T04:12:30Z,,,Cerrado,401,"{""type"": ""LineString"", ""coordinates"": [[-99.2171779925, 19.4874434725], [-99.2171578759, 19.487518539], [-99.2171337361, 19.487609725], [-99.2170787508, 19.4877948626], [-99.2169057483, 19.4882869813], [-99.2167314047, 19.4887550774], [-99.2165825421, 19.4891734708], [-99.2165060991, 19.4893961393], [-99.2164886648, 19.4894523991], [-99.2163317556, 19.4899137754], [-99.2160380537, 19.490690266], [-99.2157188708, 19.4915901749], [-99.2154426033, 19.4924122491], [-99.2154278511, 19.4924524677], [-99.2154037112, 19.4925155216]]}","{""id"": ""TTI-0e6b35d1-b793-45b4-b4a5-22dc2fb82b8b-TTR24464786696020000"", ""iconCategory"": 8, ""magnitudeOfDelay"": 4, ""startTime"": ""2026-07-04T04:12:30Z"", ""endTime"": null, ""from"": ""Calle San Isidro/Calzada de Echegaray (Calzada de las Armas/Calle de las Armas)"", ""to"": ""Avenida San Agustín (Calzada de las Armas/Avenida de las Armas Norte)"", ""length"": 593.9878906778, ""delay"": null, ""roadNumbers"": [], ""timeValidity"": ""present"", ""probabilityOfOccurrence"": ""probable"", ""numberOfReports"": null, ""lastReportTime"": null, ""events"": [{""code"": 401, ""description"": ""Cerrado"", ""iconCategory"": 8}]}"
tomtom,tomtom_cdmx_incidents,2026-07-04T07:19:02Z,2026-07-04,20260704T071858Z,2026-07-04T07:18:59.166584,TTI-0e6b35d1-b793-45b4-b4a5-22dc2fb82b8b-TTR24456131148033000,Feature,LineString,19.5398900557,-99.2145977074,8,Road closed,4,,402.1441240029,Viaducto Elevado Bicentenario,Tlanepantla,MEX-57D,present,probable,,2026-07-04T05:07:00Z,,,Cerrado,401,"{""type"": ""LineString"", ""coordinates"": [[-99.215502953, 19.5385757848], [-99.2153071517, 19.5388399353], [-99.2152642364, 19.5388962568], [-99.2151019627, 19.539128257], [-99.215067094, 19.5391766002], [-99.2149973566, 19.5392811858], [-99.2149182314, 19.5393965142], [-99.214873975, 19.5394622356], [-99.2148283774, 19.539537357], [-99.2147237713, 19.5396928921], [-99.2145977074, 19.5398900557], [-99.2144059295, 19.5401810612], [-99.2143724019, 19.5402414109], [-99.2142771835, 19.5404076881], [-99.2142302448, 19.5404801234], [-99.213988846, 19.5408569914], [-99.2139580006, 19.5409092837], [-99.2137957269, 19.5411654523], [-99.2136468643, 19.5414041634], [-99.2135878557, 19.5414980048], [-99.2134912962, 19.541653617]]}","{""id"": ""TTI-0e6b35d1-b793-45b4-b4a5-22dc2fb82b8b-TTR24456131148033000"", ""iconCategory"": 8, ""magnitudeOfDelay"": 4, ""startTime"": ""2026-07-04T05:07:00Z"", ""endTime"": null, ""from"": ""Viaducto Elevado Bicentenario"", ""to"": ""Tlanepantla"", ""length"": 402.1441240029, ""delay"": null, ""roadNumbers"": [""MEX-57D""], ""timeValidity"": ""present"", ""probabilityOfOccurrence"": ""probable"", ""numberOfReports"": null, ""lastReportTime"": null, ""events"": [{""code"": 401, ""description"": ""Cerrado"", ""iconCategory"": 8}]}"
tomtom,tomtom_cdmx_incidents,2026-07-04T07:19:02Z,2026-07-04,20260704T071858Z,2026-07-04T07:18:59.166616,TTI-0e6b35d1-b793-45b4-b4a5-22dc2fb82b8b-TTR24461901368012000,Feature,LineString,19.4956268635,-99.2142865712,8,Road closed,4,,617.2671044296,Avenida San Agustín (Calzada de las Armas/Avenida de las Armas Norte),Calle Hacienda del Rosario (Calzada de las Armas/Avenida de las Armas Norte),,present,probable,,2026-07-04T05:20:30Z,,,Cerrado,401,"{""type"": ""LineString"", ""coordinates"": [[-99.2151797468, 19.4931176935], [-99.2151301259, 19.4932692435], [-99.2150456363, 19.4935186924], [-99.2149477357, 19.4937949267], [-99.2149155492, 19.4938861092], [-99.2148820216, 19.4939866943], [-99.2147787565, 19.4942924791], [-99.2147251124, 19.4944440281], [-99.2146298939, 19.4947256338], [-99.2145574743, 19.4949308327], [-99.2143026644, 19.495582616], [-99.2142865712, 19.4956268635], [-99.2142396325, 19.4957569986], [-99.2141725773, 19.495943391], [-99.2140880877, 19.4961982086], [-99.2140223736, 19.4963913166], [-99.2140062803, 19.4964395936], [-99.2137608582, 19.4972335146], [-99.2137434239, 19.4972885074], [-99.21361736, 19.497645249], [-99.2135342116, 19.497900064], [-99.2135060484, 19.4979885577], [-99.2134068066, 19.4984083494]]}","{""id"": ""TTI-0e6b35d1-b793-45b4-b4a5-22dc2fb82b8b-TTR24461901368012000"", ""iconCategory"": 8, ""magnitudeOfDelay"": 4, ""startTime"": ""2026-07-04T05:20:30Z"", ""endTime"": null, ""from"": ""Avenida San Agustín (Calzada de las Armas/Avenida de las Armas Norte)"", ""to"": ""Calle Hacienda del Rosario (Calzada de las Armas/Avenida de las Armas Norte)"", ""length"": 617.2671044296, ""delay"": null, ""roadNumbers"": [], ""timeValidity"": ""present"", ""probabilityOfOccurrence"": ""probable"", ""numberOfReports"": null, ""lastReportTime"": null, ""events"": [{""code"": 401, ""description"": ""Cerrado"", ""iconCategory"": 8}]}"
tomtom,tomtom_cdmx_incidents,2026-07-04T07:19:02Z,2026-07-04,20260704T071858Z,2026-07-04T07:18:59.166677,TTI-0e6b35d1-b793-45b4-b4a5-22dc2fb82b8b-TTR24461901772001001,Feature,LineString,19.5118461649,-99.2135731036,1,Accident,0,,42.7568932604,Avenida Aquiles Serdán,Avenida Presidente Benito Juárez,,present,certain,,2026-07-03T18:19:00Z,2026-07-06T18:16:00Z,,Incidente,214,"{""type"": ""LineString"", ""coordinates"": [[-99.2133638913, 19.5117013477], [-99.2134108299, 19.5117295527], [-99.2135731036, 19.5118461649], [-99.2136911208, 19.5119307008]]}","{""id"": ""TTI-0e6b35d1-b793-45b4-b4a5-22dc2fb82b8b-TTR24461901772001001"", ""iconCategory"": 1, ""magnitudeOfDelay"": 0, ""startTime"": ""2026-07-03T18:19:00Z"", ""endTime"": ""2026-07-06T18:16:00Z"", ""from"": ""Avenida Aquiles Serdán"", ""to"": ""Avenida Presidente Benito Juárez"", ""length"": 42.7568932604, ""delay"": null, ""roadNumbers"": [], ""timeValidity"": ""present"", ""probabilityOfOccurrence"": ""certain"", ""numberOfReports"": null, ""lastReportTime"": null, ""events"": [{""code"": 214, ""description"": ""Incidente"", ""iconCategory"": 1}]}"
tomtom,tomtom_cdmx_incidents,2026-07-04T07:19:02Z,2026-07-04,20260704T071858Z,2026-07-04T07:18:59.166697,TTI-0e6b35d1-b793-45b4-b4a5-22dc2fb82b8b-TTL24461901736017000,Feature,LineString,19.5122042965,-99.2126960212,6,Jam,3,61.0,157.6807715217,Carretera Naucalpan-Ecatepec,Avenida Adolfo López Mateos,,present,certain,,2026-07-04T07:13:30Z,2026-07-04T07:37:30Z,,Tráfico parado,101,"{""type"": ""LineString"", ""coordinates"": [[-99.2122534568, 19.5127822985], [-99.2123862261, 19.5126025619], [-99.2125659341, 19.512361201], [-99.2126423771, 19.5122686068], [-99.2126960212, 19.5122042965], [-99.2127536887, 19.5121425933], [-99.2129159624, 19.5119574836], [-99.2132083232, 19.5116919461]]}","{""id"": ""TTI-0e6b35d1-b793-45b4-b4a5-22dc2fb82b8b-TTL24461901736017000"", ""iconCategory"": 6, ""magnitudeOfDelay"": 3, ""startTime"": ""2026-07-04T07:13:30Z"", ""endTime"": ""2026-07-04T07:37:30Z"", ""from"": ""Carretera Naucalpan-Ecatepec"", ""to"": ""Avenida Adolfo López Mateos"", ""length"": 157.6807715217, ""delay"": 61, ""roadNumbers"": [], ""timeValidity"": ""present"", ""probabilityOfOccurrence"": ""certain"", ""numberOfReports"": null, ""lastReportTime"": null, ""events"": [{""code"": 101, ""description"": ""Tráfico parado"", ""iconCategory"": 6}]}"
tomtom,tomtom_cdmx_incidents,2026-07-04T07:19:02Z,2026-07-04,20260704T071858Z,2026-07-04T07:18:59.166718,TTI-0e6b35d1-b793-45b4-b4a5-22dc2fb82b8b-TTR24467671880013000,Feature,LineString,19.4725223195,-99.2107071633,8,Road closed,4,,213.7806746176,Avenida Ferrocarriles Nacionales,Cerrada Ahuizotla,,present,probable,,2026-07-02T20:08:00Z,,,Cerrado,401,"{""type"": ""LineString"", ""coordinates"": [[-99.2109525854, 19.4716238061], [-99.210806405, 19.4721910476], [-99.2107889706, 19.4722581397], [-99.2107795829, 19.4722983633], [-99.2107071633, 19.4725223195], [-99.2106213326, 19.4727556793], [-99.2104805166, 19.4731539627], [-99.2103718871, 19.4734651605]]}","{""id"": ""TTI-0e6b35d1-b793-45b4-b4a5-22dc2fb82b8b-TTR24467671880013000"", ""iconCategory"": 8, ""magnitudeOfDelay"": 4, ""startTime"": ""2026-07-02T20:08:00Z"", ""endTime"": null, ""from"": ""Avenida Ferrocarriles Nacionales"", ""to"": ""Cerrada Ahuizotla"", ""length"": 213.7806746176, ""delay"": null, ""roadNumbers"": [], ""timeValidity"": ""present"", ""probabilityOfOccurrence"": ""probable"", ""numberOfReports"": null, ""lastReportTime"": null, ""events"": [{""code"": 401, ""description"": ""Cerrado"", ""iconCategory"": 8}]}"
tomtom,tomtom_cdmx_incidents,2026-07-04T07:19:02Z,2026-07-04,20260704T071858Z,2026-07-04T07:18:59.166739,TTI-0e6b35d1-b793-45b4-b4a5-22dc2fb82b8b-TTR24467671952005000,Feature,LineString,19.4722983633,-99.2107795829,8,Road closed,4,,213.7806746176,Cerrada Ahuizotla,Avenida Ferrocarriles Nacionales,,present,probable,,2026-07-02T20:55:00Z,,,Cerrado,401,"{""type"": ""LineString"", ""coordinates"": [[-99.2103718871, 19.4734651605], [-99.2104805166, 19.4731539627], [-99.2106213326, 19.4727556793], [-99.2107071633, 19.4725223195], [-99.2107795829, 19.4722983633], [-99.2107889706, 19.4722581397], [-99.210806405, 19.4721910476], [-99.2109525854, 19.4716238061]]}","{""id"": ""TTI-0e6b35d1-b793-45b4-b4a5-22dc2fb82b8b-TTR24467671952005000"", ""iconCategory"": 8, ""magnitudeOfDelay"": 4, ""startTime"": ""2026-07-02T20:55:00Z"", ""endTime"": null, ""from"": ""Cerrada Ahuizotla"", ""to"": ""Avenida Ferrocarriles Nacionales"", ""length"": 213.7806746176, ""delay"": null, ""roadNumbers"": [], ""timeValidity"": ""present"", ""probabilityOfOccurrence"": ""probable"", ""numberOfReports"": null, ""lastReportTime"": null, ""events"": [{""code"": 401, ""description"": ""Cerrado"", ""iconCategory"": 8}]}"
tomtom,tomtom_cdmx_incidents,2026-07-04T07:19:02Z,2026-07-04,20260704T071858Z,2026-07-04T07:18:59.166759,TTI-0e6b35d1-b793-45b4-b4a5-22dc2fb82b8b-TTR24487868116022001,Feature,LineString,19.3319155793,-99.2110048885,0,Unknown,0,,240.8782385104,Boulevard Adolfo López Mateos,Cerrada Ninguno,,present,certain,,2026-06-10T19:43:30Z,2026-07-20T03:00:00Z,,Partido de fútbol,1459,"{""type"": ""LineString"", ""coordinates"": [[-99.2102941031, 19.3323929842], [-99.2103397006, 19.3324238304], [-99.2103624994, 19.3324399653], [-99.2103893215, 19.3324519874], [-99.2104000503, 19.3324546766], [-99.2104241902, 19.3324573657], [-99.2104456479, 19.3324560212], [-99.2104671055, 19.3324506429], [-99.2104885632, 19.3324426545], [-99.2105059976, 19.3324305533], [-99.2109418565, 19.3319718936], [-99.2110048885, 19.3319155793], [-99.2110209817, 19.3318994444], [-99.2110478038, 19.3318833885], [-99.2110987658, 19.3318511976], [-99.2112248296, 19.3318042163], [-99.2112409228, 19.3317989171], [-99.2112905437, 19.3317800929], [-99.2114434296, 19.3317438683], [-99.2115306014, 19.3317237786], [-99.211615091, 19.3317050335], [-99.2117626125, 19.3316688089], [-99.2122628445, 19.3315816482]]}","{""id"": ""TTI-0e6b35d1-b793-45b4-b4a5-22dc2fb82b8b-TTR24487868116022001"", ""iconCategory"": 0, ""magnitudeOfDelay"": 0, ""startTime"": ""2026-06-10T19:43:30Z"", ""endTime"": ""2026-07-20T03:00:00Z"", ""from"": ""Boulevard Adolfo López Mateos"", ""to"": ""Cerrada Ninguno"", ""length"": 240.8782385104, ""delay"": null, ""roadNumbers"": [], ""timeValidity"": ""present"", ""probabilityOfOccurrence"": ""certain"", ""numberOfReports"": null, ""lastReportTime"": null, ""events"": [{""code"": 1459, ""description"": ""Partido de fútbol"", ""iconCategory"": 0}]}"
tomtom,tomtom_cdmx_incidents,2026-07-04T07:19:02Z,2026-07-04,20260704T071858Z,2026-07-04T07:18:59.166793,TTI-0e6b35d1-b793-45b4-b4a5-22dc2fb82b8b-TTR24467671912013000,Feature,LineString,19.4722983633,-99.2107795829,8,Road closed,4,,146.8960174479,Calle Filiberto Gómez,Calle Hormiguero,,present,probable,,2026-07-02T20:55:00Z,,,Cerrado,401,"{""type"": ""LineString"", ""coordinates"": [[-99.21137101, 19.4724499329], [-99.2112744505, 19.4724270947], [-99.2111483866, 19.472396275], [-99.2109928185, 19.4723533646], [-99.2107795829, 19.4722983633], [-99.2106414491, 19.4722648568], [-99.2102820331, 19.472166945], [-99.2100178355, 19.4721079134]]}","{""id"": ""TTI-0e6b35d1-b793-45b4-b4a5-22dc2fb82b8b-TTR24467671912013000"", ""iconCategory"": 8, ""magnitudeOfDelay"": 4, ""startTime"": ""2026-07-02T20:55:00Z"", ""endTime"": null, ""from"": ""Calle Filiberto Gómez"", ""to"": ""Calle Hormiguero"", ""length"": 146.8960174479, ""delay"": null, ""roadNumbers"": [], ""timeValidity"": ""present"", ""probabilityOfOccurrence"": ""probable"", ""numberOfReports"": null, ""lastReportTime"": null, ""events"": [{""code"": 401, ""description"": ""Cerrado"", ""iconCategory"": 8}]}"
tomtom,tomtom_cdmx_incidents,2026-07-04T07:19:02Z,2026-07-04,20260704T071858Z,2026-07-04T07:18:59.166813,TTI-0e6b35d1-b793-45b4-b4a5-22dc2fb82b8b-TTR24467671984013000,Feature,LineString,19.472396275,-99.2111483866,8,Road closed,4,,214.3348070064,Calle Hormiguero,Calle Gobernador Isidro Fabela,,present,probable,,2026-07-02T20:13:00Z,,,Cerrado,401,"{""type"": ""LineString"", ""coordinates"": [[-99.2100178355, 19.4721079134], [-99.2102820331, 19.472166945], [-99.2106414491, 19.4722648568], [-99.2107795829, 19.4722983633], [-99.2109928185, 19.4723533646], [-99.2111483866, 19.472396275], [-99.2112744505, 19.4724270947], [-99.21137101, 19.4724499329], [-99.2114957327, 19.4724780657], [-99.2116633708, 19.4725236629], [-99.2119919414, 19.4726081403]]}","{""id"": ""TTI-0e6b35d1-b793-45b4-b4a5-22dc2fb82b8b-TTR24467671984013000"", ""iconCategory"": 8, ""magnitudeOfDelay"": 4, ""startTime"": ""2026-07-02T20:13:00Z"", ""endTime"": null, ""from"": ""Calle Hormiguero"", ""to"": ""Calle Gobernador Isidro Fabela"", ""length"": 214.3348070064, ""delay"": null, ""roadNumbers"": [], ""timeValidity"": ""present"", ""probabilityOfOccurrence"": ""probable"", ""numberOfReports"": null, ""lastReportTime"": null, ""events"": [{""code"": 401, ""description"": ""Cerrado"", ""iconCategory"": 8}]}"
tomtom,tomtom_cdmx_incidents,2026-07-04T07:19:02Z,2026-07-04,20260704T071858Z,2026-07-04T07:18:59.166836,TTI-0e6b35d1-b793-45b4-b4a5-22dc2fb82b8b-TTR24464786876013001,Feature,LineString,19.4973408138,-99.2098273987,0,Unknown,0,,97.0076540349,Calzada de las Armas,Calle Hacienda Los Pedernales,,present,certain,,2026-06-10T16:25:30Z,2026-07-20T03:00:00Z,,Partido de fútbol,1459,"{""type"": ""LineString"", ""coordinates"": [[-99.2107085044, 19.4976077181], [-99.2098273987, 19.4973408138]]}","{""id"": ""TTI-0e6b35d1-b793-45b4-b4a5-22dc2fb82b8b-TTR24464786876013001"", ""iconCategory"": 0, ""magnitudeOfDelay"": 0, ""startTime"": ""2026-06-10T16:25:30Z"", ""endTime"": ""2026-07-20T03:00:00Z"", ""from"": ""Calzada de las Armas"", ""to"": ""Calle Hacienda Los Pedernales"", ""length"": 97.0076540349, ""delay"": null, ""roadNumbers"": [], ""timeValidity"": ""present"", ""probabilityOfOccurrence"": ""certain"", ""numberOfReports"": null, ""lastReportTime"": null, ""events"": [{""code"": 1459, ""description"": ""Partido de fútbol"", ""iconCategory"": 0}]}"
tomtom,tomtom_cdmx_incidents,2026-07-04T07:19:02Z,2026-07-04,20260704T071858Z,2026-07-04T07:18:59.166851,TTI-0e6b35d1-b793-45b4-b4a5-22dc2fb82b8b-TTR24453246220011000,Feature,LineString,19.5684891084,-99.2079565579,8,Road closed,4,,106.7291614405,Avenida Ceylán,Autopista México-Querétaro,,present,probable,,2025-06-28T23:31:30Z,,,Cerrado,401,"{""type"": ""LineString"", ""coordinates"": [[-99.20752204, 19.5681484768], [-99.2077218646, 19.5682879518], [-99.207817083, 19.5683590319], [-99.2079565579, 19.5684891084], [-99.208073234, 19.5686393241], [-99.2081791813, 19.5687948312], [-99.2082220966, 19.5688324245]]}","{""id"": ""TTI-0e6b35d1-b793-45b4-b4a5-22dc2fb82b8b-TTR24453246220011000"", ""iconCategory"": 8, ""magnitudeOfDelay"": 4, ""startTime"": ""2025-06-28T23:31:30Z"", ""endTime"": null, ""from"": ""Avenida Ceylán"", ""to"": ""Autopista México-Querétaro"", ""length"": 106.7291614405, ""delay"": null, ""roadNumbers"": [], ""timeValidity"": ""present"", ""probabilityOfOccurrence"": ""probable"", ""numberOfReports"": null, ""lastReportTime"": null, ""events"": [{""code"": 401, ""description"": ""Cerrado"", ""iconCategory"": 8}]}"
tomtom,tomtom_cdmx_incidents,2026-07-04T07:19:02Z,2026-07-04,20260704T071858Z,2026-07-04T07:18:59.166871,TTI-0e6b35d1-b793-45b4-b4a5-22dc2fb82b8b-TTR24459016452015000,Feature,LineString,19.5264615236,-99.2066342289,8,Road closed,4,,116.7353603211,Calle Ixtlahuaca,Avenida Atlacomulco,,present,probable,,2026-06-16T02:40:30Z,,,Cerrado,401,"{""type"": ""LineString"", ""coordinates"": [[-99.2066074068, 19.5264253423], [-99.2066342289, 19.5264615236], [-99.2072216326, 19.5273011161]]}","{""id"": ""TTI-0e6b35d1-b793-45b4-b4a5-22dc2fb82b8b-TTR24459016452015000"", ""iconCategory"": 8, ""magnitudeOfDelay"": 4, ""startTime"": ""2026-06-16T02:40:30Z"", ""endTime"": null, ""from"": ""Calle Ixtlahuaca"", ""to"": ""Avenida Atlacomulco"", ""length"": 116.7353603211, ""delay"": null, ""roadNumbers"": [], ""timeValidity"": ""present"", ""probabilityOfOccurrence"": ""probable"", ""numberOfReports"": null, ""lastReportTime"": null, ""events"": [{""code"": 401, ""description"": ""Cerrado"", ""iconCategory"": 8}]}"
tomtom,tomtom_cdmx_incidents,2026-07-04T07:19:02Z,2026-07-04,20260704T071858Z,2026-07-04T07:18:59.166887,TTI-0e6b35d1-b793-45b4-b4a5-22dc2fb82b8b-TTR24473442420003004,Feature,LineString,19.4384649425,-99.2061152214,7,Lane closed,0,,37.9687381519,Calle Juan Vázquez de Mella,Calle Ferrocarril de Cuernavaca,,present,probable,,2026-07-02T18:37:30Z,2026-07-11T00:00:00Z,,Estrechamiento a dos carriles | Obras de refuerzo del firme,"515,704","{""type"": ""LineString"", ""coordinates"": [[-99.2064773196, 19.4384635988], [-99.2061152214, 19.4384649425]]}","{""id"": ""TTI-0e6b35d1-b793-45b4-b4a5-22dc2fb82b8b-TTR24473442420003004"", ""iconCategory"": 7, ""magnitudeOfDelay"": 0, ""startTime"": ""2026-07-02T18:37:30Z"", ""endTime"": ""2026-07-11T00:00:00Z"", ""from"": ""Calle Juan Vázquez de Mella"", ""to"": ""Calle Ferrocarril de Cuernavaca"", ""length"": 37.9687381519, ""delay"": null, ""roadNumbers"": [], ""timeValidity"": ""present"", ""probabilityOfOccurrence"": ""probable"", ""numberOfReports"": null, ""lastReportTime"": null, ""events"": [{""code"": 515, ""description"": ""Estrechamiento a dos carriles"", ""iconCategory"": 7}, {""code"": 704, ""description"": ""Obras de refuerzo del firme"", ""iconCategory"": 9}]}"
tomtom,tomtom_cdmx_incidents,2026-07-04T07:19:02Z,2026-07-04,20260704T071858Z,2026-07-04T07:18:59.166904,TTI-0e6b35d1-b793-45b4-b4a5-22dc2fb82b8b-TTR24473442464019000,Feature,LineString,19.4382383309,-99.2061970288,8,Road closed,4,,246.0825300117,Avenida Ejército Nacional (Calle Ferrocarril de Cuernavaca),Avenida Horacio (Calle Ferrocarril de Cuernavaca),,present,probable,,2026-07-04T05:05:30Z,,,Cerrado,401,"{""type"": ""LineString"", ""coordinates"": [[-99.2061152214, 19.4384649425], [-99.2061339969, 19.438418071], [-99.2061527723, 19.4383657456], [-99.2061702067, 19.4383107329], [-99.2061970288, 19.4382383309], [-99.2062412852, 19.4381324154], [-99.206520235, 19.4374068132], [-99.2068689222, 19.4365686516], [-99.2069386596, 19.4363929406]]}","{""id"": ""TTI-0e6b35d1-b793-45b4-b4a5-22dc2fb82b8b-TTR24473442464019000"", ""iconCategory"": 8, ""magnitudeOfDelay"": 4, ""startTime"": ""2026-07-04T05:05:30Z"", ""endTime"": null, ""from"": ""Avenida Ejército Nacional (Calle Ferrocarril de Cuernavaca)"", ""to"": ""Avenida Horacio (Calle Ferrocarril de Cuernavaca)"", ""length"": 246.0825300117, ""delay"": null, ""roadNumbers"": [], ""timeValidity"": ""present"", ""probabilityOfOccurrence"": ""probable"", ""numberOfReports"": null, ""lastReportTime"": null, ""events"": [{""code"": 401, ""description"": ""Cerrado"", ""iconCategory"": 8}]}"
tomtom,tomtom_cdmx_incidents,2026-07-04T07:19:02Z,2026-07-04,20260704T071858Z,2026-07-04T07:18:59.166926,TTI-0e6b35d1-b793-45b4-b4a5-22dc2fb82b8b-TTR24461901548013000,Feature,LineString,19.501067716,-99.2079270536,8,Road closed,4,,671.2245254057,Calzada de las Armas / Calle Hacienda del Rosario,Calle Hacienda Sotelo,,present,probable,,2026-07-04T06:28:30Z,,,Cerrado,401,"{""type"": ""LineString"", ""coordinates"": [[-99.2122092003, 19.5023511619], [-99.211306637, 19.5020695695], [-99.2102136368, 19.5017436518], [-99.2098408097, 19.5016336692], [-99.2094344551, 19.5015116769], [-99.2088255936, 19.5013359573], [-99.2083521837, 19.5011951603], [-99.2079270536, 19.501067716], [-99.207418775, 19.5009175164], [-99.2070486302, 19.5008115628], [-99.2066114301, 19.5006855404], [-99.2065698558, 19.5006747949], [-99.2061983699, 19.5005715275], [-99.2060991282, 19.5005447428]]}","{""id"": ""TTI-0e6b35d1-b793-45b4-b4a5-22dc2fb82b8b-TTR24461901548013000"", ""iconCategory"": 8, ""magnitudeOfDelay"": 4, ""startTime"": ""2026-07-04T06:28:30Z"", ""endTime"": null, ""from"": ""Calzada de las Armas / Calle Hacienda del Rosario"", ""to"": ""Calle Hacienda Sotelo"", ""length"": 671.2245254057, ""delay"": null, ""roadNumbers"": [], ""timeValidity"": ""present"", ""probabilityOfOccurrence"": ""probable"", ""numberOfReports"": null, ""lastReportTime"": null, ""events"": [{""code"": 401, ""description"": ""Cerrado"", ""iconCategory"": 8}]}"
tomtom,tomtom_cdmx_incidents,2026-07-04T07:19:02Z,2026-07-04,20260704T071858Z,2026-07-04T07:18:59.166952,TTI-0e6b35d1-b793-45b4-b4a5-22dc2fb82b8b-TTR24493638544028000,Feature,LineString,19.3038006477,-99.2060723061,8,Road closed,4,,255.9615384412,Calle Picacho Ajusco,Boulevard Adolfo Ruiz Cortines,,present,probable,,2026-07-04T06:07:00Z,,,Cerrado,401,"{""type"": ""LineString"", ""coordinates"": [[-99.2066409344, 19.303304411], [-99.2064612264, 19.3034519453], [-99.2064089233, 19.3034935555], [-99.2062922472, 19.303595445], [-99.2062305564, 19.303651769], [-99.2061675245, 19.3037067481], [-99.2061111981, 19.3037630721], [-99.2060723061, 19.3038006477], [-99.2057678754, 19.3041225324], [-99.205441987, 19.3044832576], [-99.2053293342, 19.3045838808], [-99.2052381391, 19.3046616422], [-99.2051362151, 19.3047273795], [-99.2050128335, 19.3047957272], [-99.2048693353, 19.3048628092]]}","{""id"": ""TTI-0e6b35d1-b793-45b4-b4a5-22dc2fb82b8b-TTR24493638544028000"", ""iconCategory"": 8, ""magnitudeOfDelay"": 4, ""startTime"": ""2026-07-04T06:07:00Z"", ""endTime"": null, ""from"": ""Calle Picacho Ajusco"", ""to"": ""Boulevard Adolfo Ruiz Cortines"", ""length"": 255.9615384412, ""delay"": null, ""roadNumbers"": [], ""timeValidity"": ""present"", ""probabilityOfOccurrence"": ""probable"", ""numberOfReports"": null, ""lastReportTime"": null, ""events"": [{""code"": 401, ""description"": ""Cerrado"", ""iconCategory"": 8}]}"
tomtom,tomtom_cdmx_incidents,2026-07-04T07:19:02Z,2026-07-04,20260704T071858Z,2026-07-04T07:18:59.166978,TTI-0e6b35d1-b793-45b4-b4a5-22dc2fb82b8b-TTR24479212892014000,Feature,LineString,19.4042815956,-99.2046118433,8,Road closed,4,,92.7271298372,Calle Poniente 73,Avenida Constituyentes,,present,probable,,2026-06-02T00:01:30Z,,,Cerrado,401,"{""type"": ""LineString"", ""coordinates"": [[-99.2045380825, 19.4039489986], [-99.2046118433, 19.4042815956], [-99.2047097439, 19.4047670106]]}","{""id"": ""TTI-0e6b35d1-b793-45b4-b4a5-22dc2fb82b8b-TTR24479212892014000"", ""iconCategory"": 8, ""magnitudeOfDelay"": 4, ""startTime"": ""2026-06-02T00:01:30Z"", ""endTime"": null, ""from"": ""Calle Poniente 73"", ""to"": ""Avenida Constituyentes"", ""length"": 92.7271298372, ""delay"": null, ""roadNumbers"": [], ""timeValidity"": ""present"", ""probabilityOfOccurrence"": ""probable"", ""numberOfReports"": null, ""lastReportTime"": null, ""events"": [{""code"": 401, ""description"": ""Cerrado"", ""iconCategory"": 8}]}"
tomtom,tomtom_cdmx_incidents,2026-07-04T07:19:02Z,2026-07-04,20260704T071858Z,2026-07-04T07:18:59.166994,TTI-0e6b35d1-b793-45b4-b4a5-22dc2fb82b8b-TTR24508064556011000,Feature,LineString,19.2177151491,-99.2043194825,8,Road closed,4,,404.6332973519,Calle Francisco Javier Mina / Calle Ramón Corona,Prolongación Filomeno González,,present,probable,,2026-07-03T06:38:30Z,,,Cerrado,401,"{""type"": ""LineString"", ""coordinates"": [[-99.2042484039, 19.2193406074], [-99.2042792493, 19.2187893448], [-99.2043033892, 19.218326726], [-99.2042980248, 19.2182087164], [-99.2043087536, 19.2180356989], [-99.2043194825, 19.2177151491], [-99.204441523, 19.2177151491], [-99.2045206482, 19.2177191856], [-99.2053722495, 19.217701773], [-99.2061380202, 19.2177111125], [-99.2064491564, 19.217699082]]}","{""id"": ""TTI-0e6b35d1-b793-45b4-b4a5-22dc2fb82b8b-TTR24508064556011000"", ""iconCategory"": 8, ""magnitudeOfDelay"": 4, ""startTime"": ""2026-07-03T06:38:30Z"", ""endTime"": null, ""from"": ""Calle Francisco Javier Mina / Calle Ramón Corona"", ""to"": ""Prolongación Filomeno González"", ""length"": 404.6332973519, ""delay"": null, ""roadNumbers"": [], ""timeValidity"": ""present"", ""probabilityOfOccurrence"": ""probable"", ""numberOfReports"": null, ""lastReportTime"": null, ""events"": [{""code"": 401, ""description"": ""Cerrado"", ""iconCategory"": 8}]}"
tomtom,tomtom_cdmx_incidents,2026-07-04T07:19:02Z,2026-07-04,20260704T071858Z,2026-07-04T07:18:59.167017,TTI-0e6b35d1-b793-45b4-b4a5-22dc2fb82b8b-TTR24508064484011000,Feature,LineString,19.2177151491,-99.2043194825,8,Road closed,4,,404.6332973519,Prolongación Filomeno González,Calle Francisco Javier Mina / Calle Ramón Corona,,present,probable,,2026-07-03T06:39:00Z,,,Cerrado,401,"{""type"": ""LineString"", ""coordinates"": [[-99.2064491564, 19.217699082], [-99.2061380202, 19.2177111125], [-99.2053722495, 19.217701773], [-99.2045206482, 19.2177191856], [-99.204441523, 19.2177151491], [-99.2043194825, 19.2177151491], [-99.2043087536, 19.2180356989], [-99.2042980248, 19.2182087164], [-99.2043033892, 19.218326726], [-99.2042792493, 19.2187893448], [-99.2042484039, 19.2193406074]]}","{""id"": ""TTI-0e6b35d1-b793-45b4-b4a5-22dc2fb82b8b-TTR24508064484011000"", ""iconCategory"": 8, ""magnitudeOfDelay"": 4, ""startTime"": ""2026-07-03T06:39:00Z"", ""endTime"": null, ""from"": ""Prolongación Filomeno González"", ""to"": ""Calle Francisco Javier Mina / Calle Ramón Corona"", ""length"": 404.6332973519, ""delay"": null, ""roadNumbers"": [], ""timeValidity"": ""present"", ""probabilityOfOccurrence"": ""probable"", ""numberOfReports"": null, ""lastReportTime"": null, ""events"": [{""code"": 401, ""description"": ""Cerrado"", ""iconCategory"": 8}]}"
tomtom,tomtom_cdmx_incidents,2026-07-04T07:19:02Z,2026-07-04,20260704T071858Z,2026-07-04T07:18:59.167039,TTI-0e6b35d1-b793-45b4-b4a5-22dc2fb82b8b-TTR24459016684005000,Feature,LineString,19.5379628813,-99.2039117867,8,Road closed,4,,245.2276297362,Avenida Sor Juana Inés de la Cruz,Avenida Mario Colín,,present,probable,,2026-07-02T15:59:30Z,,,Cerrado,401,"{""type"": ""LineString"", ""coordinates"": [[-99.2036314959, 19.539188607], [-99.203710621, 19.5389431783], [-99.2037790174, 19.5386387418], [-99.2038179094, 19.5384174839], [-99.2038594836, 19.5382310614], [-99.2039117867, 19.5379628813], [-99.2039868886, 19.5375484849], [-99.2039976174, 19.5374854485], [-99.2040713782, 19.5370951437], [-99.2040847892, 19.5370267356]]}","{""id"": ""TTI-0e6b35d1-b793-45b4-b4a5-22dc2fb82b8b-TTR24459016684005000"", ""iconCategory"": 8, ""magnitudeOfDelay"": 4, ""startTime"": ""2026-07-02T15:59:30Z"", ""endTime"": null, ""from"": ""Avenida Sor Juana Inés de la Cruz"", ""to"": ""Avenida Mario Colín"", ""length"": 245.2276297362, ""delay"": null, ""roadNumbers"": [], ""timeValidity"": ""present"", ""probabilityOfOccurrence"": ""probable"", ""numberOfReports"": null, ""lastReportTime"": null, ""events"": [{""code"": 401, ""description"": ""Cerrado"", ""iconCategory"": 8}]}"
tomtom,tomtom_cdmx_incidents,2026-07-04T07:19:02Z,2026-07-04,20260704T071858Z,2026-07-04T07:18:59.167061,TTI-0e6b35d1-b793-45b4-b4a5-22dc2fb82b8b-TTR24459016612005000,Feature,LineString,19.5381680253,-99.2037723118,8,Road closed,4,,246.7641467846,Avenida Mario Colín,Avenida Sor Juana Inés de la Cruz,,present,probable,,2026-07-02T15:29:30Z,,,Cerrado,401,"{""type"": ""LineString"", ""coordinates"": [[-99.2039868886, 19.5370066713], [-99.2039064223, 19.5374693339], [-99.2038956935, 19.5375431133], [-99.2038340027, 19.5378314373], [-99.203812545, 19.5379548241], [-99.2037723118, 19.5381680253], [-99.2037240321, 19.5384121124], [-99.2036945278, 19.5385797344], [-99.2036757523, 19.5386709707], [-99.2036033327, 19.5389284857], [-99.2035040909, 19.5391739145]]}","{""id"": ""TTI-0e6b35d1-b793-45b4-b4a5-22dc2fb82b8b-TTR24459016612005000"", ""iconCategory"": 8, ""magnitudeOfDelay"": 4, ""startTime"": ""2026-07-02T15:29:30Z"", ""endTime"": null, ""from"": ""Avenida Mario Colín"", ""to"": ""Avenida Sor Juana Inés de la Cruz"", ""length"": 246.7641467846, ""delay"": null, ""roadNumbers"": [], ""timeValidity"": ""present"", ""probabilityOfOccurrence"": ""probable"", ""numberOfReports"": null, ""lastReportTime"": null, ""events"": [{""code"": 401, ""description"": ""Cerrado"", ""iconCategory"": 8}]}"
tomtom,tomtom_cdmx_incidents,2026-07-04T07:19:02Z,2026-07-04,20260704T071858Z,2026-07-04T07:18:59.167083,TTI-0e6b35d1-b793-45b4-b4a5-22dc2fb82b8b-TTL24473442524007000,Feature,LineString,19.445010932,-99.2027235681,6,Jam,2,90.0,37.4546428573,Calle Lago Zurich,Calle Lago Zurich,,present,certain,,2026-07-04T07:13:00Z,2026-07-04T07:37:30Z,,Tráfico en cola,108,"{""type"": ""LineString"", ""coordinates"": [[-99.2028201276, 19.4448754606], [-99.2027651424, 19.4449089728], [-99.202747708, 19.4449250966], [-99.2027356381, 19.444946516], [-99.2027289325, 19.4449827154], [-99.2027235681, 19.445010932], [-99.2027249092, 19.4450431005], [-99.2027356381, 19.4450846746], [-99.202747708, 19.4451047502], [-99.2027718479, 19.4451195304], [-99.2028080577, 19.4451343105]]}","{""id"": ""TTI-0e6b35d1-b793-45b4-b4a5-22dc2fb82b8b-TTL24473442524007000"", ""iconCategory"": 6, ""magnitudeOfDelay"": 2, ""startTime"": ""2026-07-04T07:13:00Z"", ""endTime"": ""2026-07-04T07:37:30Z"", ""from"": ""Calle Lago Zurich"", ""to"": ""Calle Lago Zurich"", ""length"": 37.4546428573, ""delay"": 90, ""roadNumbers"": [], ""timeValidity"": ""present"", ""probabilityOfOccurrence"": ""certain"", ""numberOfReports"": null, ""lastReportTime"": null, ""events"": [{""code"": 108, ""description"": ""Tráfico en cola"", ""iconCategory"": 6}]}"
tomtom,tomtom_cdmx_incidents,2026-07-04T07:19:02Z,2026-07-04,20260704T071858Z,2026-07-04T07:18:59.167109,TTI-0e6b35d1-b793-45b4-b4a5-22dc2fb82b8b-TTR24476327964011001,Feature,LineString,19.4384529282,-99.2006931359,7,Lane closed,0,,79.1883388447,Cerrada Miguel de Cervantes,Prolongación Moliére,,present,probable,,2026-07-02T18:46:30Z,2026-07-11T00:00:00Z,,Estrechamiento a dos carriles | Obras de refuerzo del firme,"515,704","{""type"": ""LineString"", ""coordinates"": [[-99.2000614757, 19.4384153836], [-99.2002492303, 19.4384233668], [-99.2006931359, 19.4384529282], [-99.2008151764, 19.4384596467]]}","{""id"": ""TTI-0e6b35d1-b793-45b4-b4a5-22dc2fb82b8b-TTR24476327964011001"", ""iconCategory"": 7, ""magnitudeOfDelay"": 0, ""startTime"": ""2026-07-02T18:46:30Z"", ""endTime"": ""2026-07-11T00:00:00Z"", ""from"": ""Cerrada Miguel de Cervantes"", ""to"": ""Prolongación Moliére"", ""length"": 79.1883388447, ""delay"": null, ""roadNumbers"": [], ""timeValidity"": ""present"", ""probabilityOfOccurrence"": ""probable"", ""numberOfReports"": null, ""lastReportTime"": null, ""events"": [{""code"": 515, ""description"": ""Estrechamiento a dos carriles"", ""iconCategory"": 7}, {""code"": 704, ""description"": ""Obras de refuerzo del firme"", ""iconCategory"": 9}]}"
tomtom,tomtom_cdmx_incidents,2026-07-04T07:19:02Z,2026-07-04,20260704T071858Z,2026-07-04T07:18:59.167127,TTI-0e6b35d1-b793-45b4-b4a5-22dc2fb82b8b-TTR24482098112015000,Feature,LineString,19.3979274276,-99.20030958,8,Road closed,4,,124.4915986946,La Fabrica (Avenida de las Torres),Sur 122 (Avenida Rio de Tacubaya),,present,probable,,2023-12-29T17:25:30Z,,,Cerrado,401,"{""type"": ""LineString"", ""coordinates"": [[-99.2010042721, 19.3977436897], [-99.2008339519, 19.397789308], [-99.2006421739, 19.3978361912], [-99.2004678303, 19.3978939058], [-99.20030958, 19.3979274276], [-99.2000453824, 19.3979837191], [-99.1999582106, 19.3979931273], [-99.1998536045, 19.3980105998]]}","{""id"": ""TTI-0e6b35d1-b793-45b4-b4a5-22dc2fb82b8b-TTR24482098112015000"", ""iconCategory"": 8, ""magnitudeOfDelay"": 4, ""startTime"": ""2023-12-29T17:25:30Z"", ""endTime"": null, ""from"": ""La Fabrica (Avenida de las Torres)"", ""to"": ""Sur 122 (Avenida Rio de Tacubaya)"", ""length"": 124.4915986946, ""delay"": null, ""roadNumbers"": [], ""timeValidity"": ""present"", ""probabilityOfOccurrence"": ""probable"", ""numberOfReports"": null, ""lastReportTime"": null, ""events"": [{""code"": 401, ""description"": ""Cerrado"", ""iconCategory"": 8}]}"
tomtom,tomtom_cdmx_incidents,2026-07-04T07:19:02Z,2026-07-04,20260704T071858Z,2026-07-04T07:18:59.167150,TTI-0e6b35d1-b793-45b4-b4a5-22dc2fb82b8b-TTR24482098212005000,Feature,LineString,19.3987321087,-99.1991133148,8,Road closed,4,,40.4894545914,Avenida Sur 122,Avenida Sur 122,,present,certain,1.0,2025-08-01T13:00:00Z,,2025-02-03T04:33:00Z,Cerrado,401,"{""type"": ""LineString"", ""coordinates"": [[-99.1990087086, 19.3985724852], [-99.1990408951, 19.3985738292], [-99.1990623528, 19.3985872696], [-99.1990717405, 19.3986046629], [-99.1990824694, 19.3986381846], [-99.1991133148, 19.3987321087], [-99.1991334314, 19.3987924319], [-99.1991522068, 19.3988098253], [-99.1991750056, 19.3988178894], [-99.1992232854, 19.3988165454]]}","{""id"": ""TTI-0e6b35d1-b793-45b4-b4a5-22dc2fb82b8b-TTR24482098212005000"", ""iconCategory"": 8, ""magnitudeOfDelay"": 4, ""startTime"": ""2025-08-01T13:00:00Z"", ""endTime"": null, ""from"": ""Avenida Sur 122"", ""to"": ""Avenida Sur 122"", ""length"": 40.4894545914, ""delay"": null, ""roadNumbers"": [], ""timeValidity"": ""present"", ""probabilityOfOccurrence"": ""certain"", ""numberOfReports"": 1, ""lastReportTime"": ""2025-02-03T04:33:00Z"", ""events"": [{""code"": 401, ""description"": ""Cerrado"", ""iconCategory"": 8}]}"
tomtom,tomtom_cdmx_incidents,2026-07-04T07:19:02Z,2026-07-04,20260704T071858Z,2026-07-04T07:18:59.167172,TTI-0e6b35d1-b793-45b4-b4a5-22dc2fb82b8b-TTR24479213132013000,Feature,LineString,19.422149129,-99.1989322657,8,Road closed,4,,146.1269111169,Periférico Boulevard Adolfo López Mateos,Calle Fernando Alencastre,,present,probable,,2026-07-04T06:50:00Z,,,Cerrado,401,"{""type"": ""LineString"", ""coordinates"": [[-99.1985715086, 19.4225487224], [-99.1985849196, 19.4224669066], [-99.1985956484, 19.4224227181], [-99.1986063773, 19.4223865137], [-99.198615765, 19.4223582931], [-99.1986305172, 19.4223220886], [-99.1986425871, 19.4222939471], [-99.1986640448, 19.4222604302], [-99.1986841613, 19.4222389289], [-99.1987015957, 19.4222201942], [-99.1987217123, 19.4222040682], [-99.1987485344, 19.4221880212], [-99.1987740153, 19.4221745828], [-99.1988169307, 19.4221624883], [-99.198871916, 19.4221531605], [-99.1989322657, 19.422149129], [-99.1990999037, 19.4221450974], [-99.1992662007, 19.4221450974], [-99.1993332559, 19.4221370344], [-99.1993708069, 19.4221289714], [-99.1993962878, 19.4221222522], [-99.1994257921, 19.4221115806], [-99.1994566375, 19.4220967983], [-99.1994834596, 19.4220806723], [-99.199500894, 19.422067313], [-99.1995223517, 19.4220471554], [-99.199539786, 19.4220243892], [-99.199551856, 19.4220082631], [-99.1995666081, 19.4219868408], [-99.1995827014, 19.4219546677], [-99.1995974535, 19.4219264471]]}","{""id"": ""TTI-0e6b35d1-b793-45b4-b4a5-22dc2fb82b8b-TTR24479213132013000"", ""iconCategory"": 8, ""magnitudeOfDelay"": 4, ""startTime"": ""2026-07-04T06:50:00Z"", ""endTime"": null, ""from"": ""Periférico Boulevard Adolfo López Mateos"", ""to"": ""Calle Fernando Alencastre"", ""length"": 146.1269111169, ""delay"": null, ""roadNumbers"": [], ""timeValidity"": ""present"", ""probabilityOfOccurrence"": ""probable"", ""numberOfReports"": null, ""lastReportTime"": null, ""events"": [{""code"": 401, ""description"": ""Cerrado"", ""iconCategory"": 8}]}"
tomtom,tomtom_cdmx_incidents,2026-07-04T07:19:02Z,2026-07-04,20260704T071858Z,2026-07-04T07:18:59.167214,TTI-0e6b35d1-b793-45b4-b4a5-22dc2fb82b8b-TTR24482098188021000,Feature,LineString,19.3990418679,-99.1987713331,8,Road closed,4,,165.6299948216,Calzada de las Minas de Arena,Avenida Río de Tacubaya,,present,certain,4.0,2022-08-26T16:34:30Z,,2025-04-02T18:39:00Z,Cerrado,401,"{""type"": ""LineString"", ""coordinates"": [[-99.1979237551, 19.399100847], [-99.1979908103, 19.3991277276], [-99.1980712766, 19.3991397448], [-99.1981571073, 19.3991478089], [-99.1982643956, 19.3991397448], [-99.1984186226, 19.3991021911], [-99.1986399049, 19.399047244], [-99.198705619, 19.3990418679], [-99.1987713331, 19.3990418679], [-99.1988424117, 19.3990566522], [-99.1989148313, 19.3990821097], [-99.1990127319, 19.3991331037], [-99.1990569884, 19.3991639372], [-99.1991361136, 19.3992202283], [-99.1992621774, 19.3993114639], [-99.1993895823, 19.3992658461]]}","{""id"": ""TTI-0e6b35d1-b793-45b4-b4a5-22dc2fb82b8b-TTR24482098188021000"", ""iconCategory"": 8, ""magnitudeOfDelay"": 4, ""startTime"": ""2022-08-26T16:34:30Z"", ""endTime"": null, ""from"": ""Calzada de las Minas de Arena"", ""to"": ""Avenida Río de Tacubaya"", ""length"": 165.6299948216, ""delay"": null, ""roadNumbers"": [], ""timeValidity"": ""present"", ""probabilityOfOccurrence"": ""certain"", ""numberOfReports"": 4, ""lastReportTime"": ""2025-04-02T18:39:00Z"", ""events"": [{""code"": 401, ""description"": ""Cerrado"", ""iconCategory"": 8}]}"
tomtom,tomtom_cdmx_incidents,2026-07-04T07:19:02Z,2026-07-04,20260704T071858Z,2026-07-04T07:18:59.167241,TTI-0e6b35d1-b793-45b4-b4a5-22dc2fb82b8b-TTR24484983348037000,Feature,LineString,19.3822726725,-99.2001633996,8,Road closed,4,,446.2975982763,Calle Nellie Campobello,Avenida Alta Tensión,,present,probable,,2026-07-04T05:37:00Z,,,Cerrado,401,"{""type"": ""LineString"", ""coordinates"": [[-99.1977333182, 19.3831081885], [-99.1979948336, 19.3830076137], [-99.1982187981, 19.3829311547], [-99.1984709257, 19.3828467097], [-99.1987002546, 19.3827662181], [-99.1988947148, 19.3827018564], [-99.1989899332, 19.3826656431], [-99.1990811283, 19.3826321181], [-99.1991656179, 19.3826053139], [-99.1992527897, 19.3825758213], [-99.1993185038, 19.3825556589], [-99.1994150633, 19.3825275105], [-99.1995236928, 19.3824966738], [-99.1996282989, 19.3824644929], [-99.1996926719, 19.3824443304], [-99.199731564, 19.3824296237], [-99.1997610683, 19.3824188704], [-99.1997758204, 19.3824134937], [-99.1997905726, 19.382408117], [-99.1999005431, 19.3823679502], [-99.2001017088, 19.3823061976], [-99.2001633996, 19.3822726725], [-99.2001969272, 19.3822364591], [-99.2002291137, 19.3821868831], [-99.2002358193, 19.3821547021], [-99.2002425248, 19.3820996703], [-99.2002425248, 19.3820595034], [-99.2002304548, 19.3819964065], [-99.200206315, 19.3819239795], [-99.2001419419, 19.3817403026], [-99.200104391, 19.3816330061], [-99.2000896389, 19.3815914159], [-99.2000762278, 19.381552514], [-99.2000614757, 19.3815109237], [-99.2000453824, 19.3814546265], [-99.200026607, 19.3813848876], [-99.2000239247, 19.3813580832], [-99.2000239247, 19.3813459857], [-99.2000359947, 19.3812145728], [-99.2000453824, 19.3811837359], [-99.2000561113, 19.3811475222], [-99.2000762278, 19.3810670298], [-99.2001379186, 19.3807639572]]}","{""id"": ""TTI-0e6b35d1-b793-45b4-b4a5-22dc2fb82b8b-TTR24484983348037000"", ""iconCategory"": 8, ""magnitudeOfDelay"": 4, ""startTime"": ""2026-07-04T05:37:00Z"", ""endTime"": null, ""from"": ""Calle Nellie Campobello"", ""to"": ""Avenida Alta Tensión"", ""length"": 446.2975982763, ""delay"": null, ""roadNumbers"": [], ""timeValidity"": ""present"", ""probabilityOfOccurrence"": ""probable"", ""numberOfReports"": null, ""lastReportTime"": null, ""events"": [{""code"": 401, ""description"": ""Cerrado"", ""iconCategory"": 8}]}"
tomtom,tomtom_cdmx_incidents,2026-07-04T07:19:02Z,2026-07-04,20260704T071858Z,2026-07-04T07:18:59.167289,TTI-0e6b35d1-b793-45b4-b4a5-22dc2fb82b8b-TTR24482098372006001,Feature,LineString,19.4156943931,-99.196613496,0,Unknown,0,,20.1598373153,Calle Ninguno,Calle Kiosko,,present,certain,,2026-06-03T18:43:30Z,2026-07-20T03:00:00Z,,Gran evento,1501,"{""type"": ""LineString"", ""coordinates"": [[-99.1966228837, 19.4156192933], [-99.196613496, 19.4156943931], [-99.1965974027, 19.4157989794]]}","{""id"": ""TTI-0e6b35d1-b793-45b4-b4a5-22dc2fb82b8b-TTR24482098372006001"", ""iconCategory"": 0, ""magnitudeOfDelay"": 0, ""startTime"": ""2026-06-03T18:43:30Z"", ""endTime"": ""2026-07-20T03:00:00Z"", ""from"": ""Calle Ninguno"", ""to"": ""Calle Kiosko"", ""length"": 20.1598373153, ""delay"": null, ""roadNumbers"": [], ""timeValidity"": ""present"", ""probabilityOfOccurrence"": ""certain"", ""numberOfReports"": null, ""lastReportTime"": null, ""events"": [{""code"": 1501, ""description"": ""Gran evento"", ""iconCategory"": 0}]}"
tomtom,tomtom_cdmx_incidents,2026-07-04T07:19:02Z,2026-07-04,20260704T071858Z,2026-07-04T07:18:59.167306,TTI-0e6b35d1-b793-45b4-b4a5-22dc2fb82b8b-TTR24482098184037000,Feature,LineString,19.3990177545,-99.1984990889,8,Road closed,4,,416.1811306181,Avenida Rio de Tacubaya (Calzada Minas de Arena),Sur 122 (Calzada Minas de Arena),,present,certain,5.0,2022-08-03T13:23:00Z,,2026-01-13T18:14:00Z,Cerrado,401,"{""type"": ""LineString"", ""coordinates"": [[-99.1963855082, 19.3992792073], [-99.1964257414, 19.3992712222], [-99.1964565868, 19.3992658461], [-99.1965155954, 19.3992497178], [-99.1968106383, 19.3991410888], [-99.1969957108, 19.3990807657], [-99.1971217746, 19.3990553082], [-99.1972196752, 19.3990432119], [-99.197255885, 19.3990391799], [-99.1979237551, 19.399100847], [-99.198102122, 19.3990874858], [-99.1982067281, 19.3990727015], [-99.1982804889, 19.3990632933], [-99.1984990889, 19.3990177545], [-99.1987284178, 19.3989681045], [-99.1988866681, 19.3989332388], [-99.198975181, 19.3989184545], [-99.1990194375, 19.3989104694], [-99.1990476007, 19.3989050932], [-99.1991079504, 19.398895685], [-99.1991562301, 19.3988876209], [-99.1991656179, 19.3988849328], [-99.1992407197, 19.3988742596], [-99.199424451, 19.398847379], [-99.1998482401, 19.3987427819], [-99.2000467235, 19.3986972429], [-99.2002572769, 19.3986449048]]}","{""id"": ""TTI-0e6b35d1-b793-45b4-b4a5-22dc2fb82b8b-TTR24482098184037000"", ""iconCategory"": 8, ""magnitudeOfDelay"": 4, ""startTime"": ""2022-08-03T13:23:00Z"", ""endTime"": null, ""from"": ""Avenida Rio de Tacubaya (Calzada Minas de Arena)"", ""to"": ""Sur 122 (Calzada Minas de Arena)"", ""length"": 416.1811306181, ""delay"": null, ""roadNumbers"": [], ""timeValidity"": ""present"", ""probabilityOfOccurrence"": ""certain"", ""numberOfReports"": 5, ""lastReportTime"": ""2026-01-13T18:14:00Z"", ""events"": [{""code"": 401, ""description"": ""Cerrado"", ""iconCategory"": 8}]}"
tomtom,tomtom_cdmx_incidents,2026-07-04T07:19:02Z,2026-07-04,20260704T071858Z,2026-07-04T07:18:59.167342,TTI-0e6b35d1-b793-45b4-b4a5-22dc2fb82b8b-TTR24479213080018001,Feature,LineString,19.4264701402,-99.1971056813,0,Unknown,0,,174.8422441747,Boulevard Adolfo López Mateos (Paseo de la Reforma),Calzada Chivatito/Calle Rubén Dario (Paseo de la Reforma),,present,certain,,2026-06-12T18:34:00Z,2026-07-20T03:00:00Z,,Gran evento,1501,"{""type"": ""LineString"", ""coordinates"": [[-99.1974516863, 19.4265224694], [-99.1971056813, 19.4264701402], [-99.19580481, 19.4262770279]]}","{""id"": ""TTI-0e6b35d1-b793-45b4-b4a5-22dc2fb82b8b-TTR24479213080018001"", ""iconCategory"": 0, ""magnitudeOfDelay"": 0, ""startTime"": ""2026-06-12T18:34:00Z"", ""endTime"": ""2026-07-20T03:00:00Z"", ""from"": ""Boulevard Adolfo López Mateos (Paseo de la Reforma)"", ""to"": ""Calzada Chivatito/Calle Rubén Dario (Paseo de la Reforma)"", ""length"": 174.8422441747, ""delay"": null, ""roadNumbers"": [], ""timeValidity"": ""present"", ""probabilityOfOccurrence"": ""certain"", ""numberOfReports"": null, ""lastReportTime"": null, ""events"": [{""code"": 1501, ""description"": ""Gran evento"", ""iconCategory"": 0}]}"
tomtom,tomtom_cdmx_incidents,2026-07-04T07:19:02Z,2026-07-04,20260704T071858Z,2026-07-04T07:18:59.167359,TTI-0e6b35d1-b793-45b4-b4a5-22dc2fb82b8b-TTR24482098528044000,Feature,LineString,19.4259766481,-99.1919638867,8,Road closed,4,,507.2790625414,Calzada Chivatito,Calle Campos Elíseos,,present,probable,,2026-07-04T05:39:00Z,,,Cerrado,401,"{""type"": ""LineString"", ""coordinates"": [[-99.1922937984, 19.4230382724], [-99.1923139149, 19.4231388224], [-99.1923206205, 19.4232394515], [-99.1923259849, 19.4234003155], [-99.1922937984, 19.4237597493], [-99.1922723407, 19.4239984754], [-99.1921798045, 19.4249426261], [-99.1921047026, 19.4253811831], [-99.1920497173, 19.4257123925], [-99.1920188719, 19.4258317542], [-99.1919853443, 19.4258934903], [-99.1919638867, 19.4259766481], [-99.1919410879, 19.4260677897], [-99.1919156069, 19.4261858074], [-99.1918713504, 19.4264191548], [-99.1918539161, 19.4266498142], [-99.1918539161, 19.4267209566], [-99.1918565983, 19.4268201605], [-99.1918552572, 19.426876521], [-99.1918512339, 19.4269543032], [-99.1918337995, 19.4271957122], [-99.191788202, 19.4275564023]]}","{""id"": ""TTI-0e6b35d1-b793-45b4-b4a5-22dc2fb82b8b-TTR24482098528044000"", ""iconCategory"": 8, ""magnitudeOfDelay"": 4, ""startTime"": ""2026-07-04T05:39:00Z"", ""endTime"": null, ""from"": ""Calzada Chivatito"", ""to"": ""Calle Campos Elíseos"", ""length"": 507.2790625414, ""delay"": null, ""roadNumbers"": [], ""timeValidity"": ""present"", ""probabilityOfOccurrence"": ""probable"", ""numberOfReports"": null, ""lastReportTime"": null, ""events"": [{""code"": 401, ""description"": ""Cerrado"", ""iconCategory"": 8}]}"
tomtom,tomtom_cdmx_incidents,2026-07-04T07:19:02Z,2026-07-04,20260704T071858Z,2026-07-04T07:18:59.167391,TTI-0e6b35d1-b793-45b4-b4a5-22dc2fb82b8b-TTR24467672388005000,Feature,LineString,19.4985866796,-99.1913000399,8,Road closed,4,,20.7082154918,Avenida Real de San Martín / Calle 16 de Septiembre,Eje Vial 4 Norte,,present,certain,1.0,2024-07-26T20:37:00Z,,2024-08-11T08:25:00Z,Cerrado,401,"{""type"": ""LineString"", ""coordinates"": [[-99.1912477368, 19.4986564472], [-99.1913000399, 19.4985866796], [-99.1913456375, 19.4984954997]]}","{""id"": ""TTI-0e6b35d1-b793-45b4-b4a5-22dc2fb82b8b-TTR24467672388005000"", ""iconCategory"": 8, ""magnitudeOfDelay"": 4, ""startTime"": ""2024-07-26T20:37:00Z"", ""endTime"": null, ""from"": ""Avenida Real de San Martín / Calle 16 de Septiembre"", ""to"": ""Eje Vial 4 Norte"", ""length"": 20.7082154918, ""delay"": null, ""roadNumbers"": [], ""timeValidity"": ""present"", ""probabilityOfOccurrence"": ""certain"", ""numberOfReports"": 1, ""lastReportTime"": ""2024-08-11T08:25:00Z"", ""events"": [{""code"": 401, ""description"": ""Cerrado"", ""iconCategory"": 8}]}"
tomtom,tomtom_cdmx_incidents,2026-07-04T07:19:02Z,2026-07-04,20260704T071858Z,2026-07-04T07:18:59.167407,TTI-0e6b35d1-b793-45b4-b4a5-22dc2fb82b8b-TTR24464787552021000,Feature,LineString,19.5390705927,-99.1885708922,8,Road closed,4,,144.360091296,Calle José María Morelos,Avenida Radial Toltecas / Calle Río Lerma,,present,probable,,2026-06-18T13:11:00Z,,,Cerrado,401,"{""type"": ""LineString"", ""coordinates"": [[-99.188593691, 19.538771528], [-99.1885749156, 19.5390236713], [-99.1885708922, 19.5390705927], [-99.1884890849, 19.5400227619], [-99.1884850616, 19.5400657334]]}","{""id"": ""TTI-0e6b35d1-b793-45b4-b4a5-22dc2fb82b8b-TTR24464787552021000"", ""iconCategory"": 8, ""magnitudeOfDelay"": 4, ""startTime"": ""2026-06-18T13:11:00Z"", ""endTime"": null, ""from"": ""Calle José María Morelos"", ""to"": ""Avenida Radial Toltecas / Calle Río Lerma"", ""length"": 144.360091296, ""delay"": null, ""roadNumbers"": [], ""timeValidity"": ""present"", ""probabilityOfOccurrence"": ""probable"", ""numberOfReports"": null, ""lastReportTime"": null, ""events"": [{""code"": 401, ""description"": ""Cerrado"", ""iconCategory"": 8}]}"
tomtom,tomtom_cdmx_incidents,2026-07-04T07:19:02Z,2026-07-04,20260704T071858Z,2026-07-04T07:18:59.167425,TTI-0e6b35d1-b793-45b4-b4a5-22dc2fb82b8b-TTL24473443032023000,Feature,LineString,19.4747324674,-99.1884636039,6,Jam,3,180.0,361.0056878022,Eje Vial Manuel Acuña,Camino a Nextengo,,present,certain,,2026-07-04T07:17:30Z,2026-07-04T07:37:30Z,,Tráfico parado,101,"{""type"": ""LineString"", ""coordinates"": [[-99.1883536333, 19.4762036436], [-99.1883965487, 19.4756162653], [-99.1884314174, 19.4751535838], [-99.1884542162, 19.4748558232], [-99.1884636039, 19.4747324674], [-99.1884796971, 19.4745192615], [-99.1885252947, 19.4739090391], [-99.1885923499, 19.4729648573]]}","{""id"": ""TTI-0e6b35d1-b793-45b4-b4a5-22dc2fb82b8b-TTL24473443032023000"", ""iconCategory"": 6, ""magnitudeOfDelay"": 3, ""startTime"": ""2026-07-04T07:17:30Z"", ""endTime"": ""2026-07-04T07:37:30Z"", ""from"": ""Eje Vial Manuel Acuña"", ""to"": ""Camino a Nextengo"", ""length"": 361.0056878022, ""delay"": 180, ""roadNumbers"": [], ""timeValidity"": ""present"", ""probabilityOfOccurrence"": ""certain"", ""numberOfReports"": null, ""lastReportTime"": null, ""events"": [{""code"": 101, ""description"": ""Tráfico parado"", ""iconCategory"": 6}]}"
tomtom,tomtom_cdmx_incidents,2026-07-04T07:19:02Z,2026-07-04,20260704T071858Z,2026-07-04T07:18:59.167446,TTI-0e6b35d1-b793-45b4-b4a5-22dc2fb82b8b-TTR24459017292031000,Feature,LineString,19.5760005904,-99.1899347955,8,Road closed,4,,300.5811257647,El Olivo II,Calle 9,,present,probable,,2026-05-05T05:19:00Z,,,Cerrado,401,"{""type"": ""LineString"", ""coordinates"": [[-99.1880612725, 19.5763077205], [-99.1886084432, 19.5762030799], [-99.1886486763, 19.5761964461], [-99.1892414445, 19.5760971757], [-99.1894010359, 19.576068982], [-99.1899347955, 19.5760005904], [-99.190017944, 19.5760113309], [-99.190056836, 19.5760274416], [-99.1903733367, 19.5762259034], [-99.1907555515, 19.5764673268]]}","{""id"": ""TTI-0e6b35d1-b793-45b4-b4a5-22dc2fb82b8b-TTR24459017292031000"", ""iconCategory"": 8, ""magnitudeOfDelay"": 4, ""startTime"": ""2026-05-05T05:19:00Z"", ""endTime"": null, ""from"": ""El Olivo II"", ""to"": ""Calle 9"", ""length"": 300.5811257647, ""delay"": null, ""roadNumbers"": [], ""timeValidity"": ""present"", ""probabilityOfOccurrence"": ""probable"", ""numberOfReports"": null, ""lastReportTime"": null, ""events"": [{""code"": 401, ""description"": ""Cerrado"", ""iconCategory"": 8}]}"
tomtom,tomtom_cdmx_incidents,2026-07-04T07:19:02Z,2026-07-04,20260704T071858Z,2026-07-04T07:18:59.167468,TTI-0e6b35d1-b793-45b4-b4a5-22dc2fb82b8b-TTR24459017220031000,Feature,LineString,19.576068982,-99.1894010359,8,Road closed,4,,300.5811257647,Calle 9,El Olivo II,,present,probable,,2026-05-13T16:05:30Z,,,Cerrado,401,"{""type"": ""LineString"", ""coordinates"": [[-99.1907555515, 19.5764673268], [-99.1903733367, 19.5762259034], [-99.190056836, 19.5760274416], [-99.190017944, 19.5760113309], [-99.1899347955, 19.5760005904], [-99.1894010359, 19.576068982], [-99.1892414445, 19.5760971757], [-99.1886486763, 19.5761964461], [-99.1886084432, 19.5762030799], [-99.1880612725, 19.5763077205]]}","{""id"": ""TTI-0e6b35d1-b793-45b4-b4a5-22dc2fb82b8b-TTR24459017220031000"", ""iconCategory"": 8, ""magnitudeOfDelay"": 4, ""startTime"": ""2026-05-13T16:05:30Z"", ""endTime"": null, ""from"": ""Calle 9"", ""to"": ""El Olivo II"", ""length"": 300.5811257647, ""delay"": null, ""roadNumbers"": [], ""timeValidity"": ""present"", ""probabilityOfOccurrence"": ""probable"", ""numberOfReports"": null, ""lastReportTime"": null, ""events"": [{""code"": 401, ""description"": ""Cerrado"", ""iconCategory"": 8}]}"
tomtom,tomtom_cdmx_incidents,2026-07-04T07:19:02Z,2026-07-04,20260704T071858Z,2026-07-04T07:18:59.167489,TTI-0e6b35d1-b793-45b4-b4a5-22dc2fb82b8b-TTR24464787660022000,Feature,LineString,19.5380513532,-99.1865471655,8,Road closed,4,,181.1100115022,Calle Patzcuaro,Calle Parque Morelos,,present,probable,,2026-06-16T20:28:00Z,,,Cerrado,401,"{""type"": ""LineString"", ""coordinates"": [[-99.1870997006, 19.5373915258], [-99.1866195852, 19.5373566899], [-99.1865806932, 19.5373607185], [-99.1865485067, 19.5373714616], [-99.1865324134, 19.5373861543], [-99.1865230257, 19.5374022689], [-99.1865176612, 19.537411669], [-99.1865136379, 19.5374371838], [-99.18654046, 19.5380245746], [-99.1865471655, 19.5380513532], [-99.1865511889, 19.5380607533], [-99.1865538711, 19.5380661248], [-99.1865793521, 19.5380956681], [-99.1866034919, 19.5381184179], [-99.1866397018, 19.5381493041], [-99.1867992932, 19.5382833545], [-99.1868207509, 19.5383182693], [-99.186822092, 19.5383276694], [-99.1868234331, 19.5383584765]]}","{""id"": ""TTI-0e6b35d1-b793-45b4-b4a5-22dc2fb82b8b-TTR24464787660022000"", ""iconCategory"": 8, ""magnitudeOfDelay"": 4, ""startTime"": ""2026-06-16T20:28:00Z"", ""endTime"": null, ""from"": ""Calle Patzcuaro"", ""to"": ""Calle Parque Morelos"", ""length"": 181.1100115022, ""delay"": null, ""roadNumbers"": [], ""timeValidity"": ""present"", ""probabilityOfOccurrence"": ""probable"", ""numberOfReports"": null, ""lastReportTime"": null, ""events"": [{""code"": 401, ""description"": ""Cerrado"", ""iconCategory"": 8}]}"
tomtom,tomtom_cdmx_incidents,2026-07-04T07:19:02Z,2026-07-04,20260704T071858Z,2026-07-04T07:18:59.167534,TTI-0e6b35d1-b793-45b4-b4a5-22dc2fb82b8b-TTR24493639348005001,Feature,LineString,19.3478559239,-99.1863433177,0,Unknown,0,,38.3363563719,Avenida Miguel Ángel de Quevedo / Calle Arenal,Avenida Insurgentes S,,present,certain,,2026-06-25T17:16:30Z,2026-07-20T03:00:00Z,,Partido de fútbol,1459,"{""type"": ""LineString"", ""coordinates"": [[-99.1860067004, 19.3479900525], [-99.1863433177, 19.3478559239]]}","{""id"": ""TTI-0e6b35d1-b793-45b4-b4a5-22dc2fb82b8b-TTR24493639348005001"", ""iconCategory"": 0, ""magnitudeOfDelay"": 0, ""startTime"": ""2026-06-25T17:16:30Z"", ""endTime"": ""2026-07-20T03:00:00Z"", ""from"": ""Avenida Miguel Ángel de Quevedo / Calle Arenal"", ""to"": ""Avenida Insurgentes S"", ""length"": 38.3363563719, ""delay"": null, ""roadNumbers"": [], ""timeValidity"": ""present"", ""probabilityOfOccurrence"": ""certain"", ""numberOfReports"": null, ""lastReportTime"": null, ""events"": [{""code"": 1459, ""description"": ""Partido de fútbol"", ""iconCategory"": 0}]}"
tomtom,tomtom_cdmx_incidents,2026-07-04T07:19:02Z,2026-07-04,20260704T071858Z,2026-07-04T07:18:59.167550,TTI-0e6b35d1-b793-45b4-b4a5-22dc2fb82b8b-TTR24505179896015000,Feature,LineString,19.2750889835,-99.1820772642,8,Road closed,4,,107.4496997154,Calle Ahuantepec,Calle La Loma,,present,probable,,2026-07-01T00:57:30Z,,,Cerrado,401,"{""type"": ""LineString"", ""coordinates"": [[-99.1821952814, 19.2757206014], [-99.1821925992, 19.275636101], [-99.182189917, 19.2756065891], [-99.182176506, 19.2755409193], [-99.1820893342, 19.2751211064], [-99.1820772642, 19.2750889835], [-99.1820718998, 19.2750822583], [-99.1820625121, 19.2750674627], [-99.1820437366, 19.2750554364], [-99.1817594225, 19.2749896872]]}","{""id"": ""TTI-0e6b35d1-b793-45b4-b4a5-22dc2fb82b8b-TTR24505179896015000"", ""iconCategory"": 8, ""magnitudeOfDelay"": 4, ""startTime"": ""2026-07-01T00:57:30Z"", ""endTime"": null, ""from"": ""Calle Ahuantepec"", ""to"": ""Calle La Loma"", ""length"": 107.4496997154, ""delay"": null, ""roadNumbers"": [], ""timeValidity"": ""present"", ""probabilityOfOccurrence"": ""probable"", ""numberOfReports"": null, ""lastReportTime"": null, ""events"": [{""code"": 401, ""description"": ""Cerrado"", ""iconCategory"": 8}]}"
tomtom,tomtom_cdmx_incidents,2026-07-04T07:19:02Z,2026-07-04,20260704T071858Z,2026-07-04T07:18:59.167572,TTI-0e6b35d1-b793-45b4-b4a5-22dc2fb82b8b-TTR24505179968015000,Feature,LineString,19.2751211064,-99.1820893342,8,Road closed,4,,107.4496997154,Calle La Loma,Calle Ahuantepec,,present,probable,,2026-07-01T00:57:00Z,,,Cerrado,401,"{""type"": ""LineString"", ""coordinates"": [[-99.1817594225, 19.2749896872], [-99.1820437366, 19.2750554364], [-99.1820625121, 19.2750674627], [-99.1820718998, 19.2750822583], [-99.1820772642, 19.2750889835], [-99.1820893342, 19.2751211064], [-99.182176506, 19.2755409193], [-99.182189917, 19.2756065891], [-99.1821925992, 19.275636101], [-99.1821952814, 19.2757206014]]}","{""id"": ""TTI-0e6b35d1-b793-45b4-b4a5-22dc2fb82b8b-TTR24505179968015000"", ""iconCategory"": 8, ""magnitudeOfDelay"": 4, ""startTime"": ""2026-07-01T00:57:00Z"", ""endTime"": null, ""from"": ""Calle La Loma"", ""to"": ""Calle Ahuantepec"", ""length"": 107.4496997154, ""delay"": null, ""roadNumbers"": [], ""timeValidity"": ""present"", ""probabilityOfOccurrence"": ""probable"", ""numberOfReports"": null, ""lastReportTime"": null, ""events"": [{""code"": 401, ""description"": ""Cerrado"", ""iconCategory"": 8}]}"
tomtom,tomtom_cdmx_incidents,2026-07-04T07:19:02Z,2026-07-04,20260704T071858Z,2026-07-04T07:18:59.167594,TTI-0e6b35d1-b793-45b4-b4a5-22dc2fb82b8b-TTR24487869064022000,Feature,LineString,19.3944056956,-99.1818211133,8,Road closed,4,,205.612343041,Avenida Revolución / Circuito Revolución,Avenida Patriotismo,,present,probable,,2026-06-19T17:01:00Z,,,Cerrado,401,"{""type"": ""LineString"", ""coordinates"": [[-99.1835927123, 19.3945974226], [-99.1833392436, 19.3945692763], [-99.182664668, 19.394498199], [-99.182356214, 19.3944713967], [-99.1818211133, 19.3944056956], [-99.1817352826, 19.3943962871], [-99.1816963905, 19.3943922549], [-99.1816454286, 19.3943855346]]}","{""id"": ""TTI-0e6b35d1-b793-45b4-b4a5-22dc2fb82b8b-TTR24487869064022000"", ""iconCategory"": 8, ""magnitudeOfDelay"": 4, ""startTime"": ""2026-06-19T17:01:00Z"", ""endTime"": null, ""from"": ""Avenida Revolución / Circuito Revolución"", ""to"": ""Avenida Patriotismo"", ""length"": 205.612343041, ""delay"": null, ""roadNumbers"": [], ""timeValidity"": ""present"", ""probabilityOfOccurrence"": ""probable"", ""numberOfReports"": null, ""lastReportTime"": null, ""events"": [{""code"": 401, ""description"": ""Cerrado"", ""iconCategory"": 8}]}"
tomtom,tomtom_cdmx_incidents,2026-07-04T07:19:02Z,2026-07-04,20260704T071858Z,2026-07-04T07:18:59.167615,TTI-0e6b35d1-b793-45b4-b4a5-22dc2fb82b8b-TTR24467673136014000,Feature,LineString,19.5382632904,-99.1792233938,8,Road closed,4,,119.2438556555,Calle Tlaxcala,Avenida Jesús Reyes Heroles,,present,probable,,2026-06-20T17:04:30Z,,,Cerrado,401,"{""type"": ""LineString"", ""coordinates"": [[-99.1786695177, 19.5381506469], [-99.1792233938, 19.5382632904], [-99.1797826344, 19.5383732481]]}","{""id"": ""TTI-0e6b35d1-b793-45b4-b4a5-22dc2fb82b8b-TTR24467673136014000"", ""iconCategory"": 8, ""magnitudeOfDelay"": 4, ""startTime"": ""2026-06-20T17:04:30Z"", ""endTime"": null, ""from"": ""Calle Tlaxcala"", ""to"": ""Avenida Jesús Reyes Heroles"", ""length"": 119.2438556555, ""delay"": null, ""roadNumbers"": [], ""timeValidity"": ""present"", ""probabilityOfOccurrence"": ""probable"", ""numberOfReports"": null, ""lastReportTime"": null, ""events"": [{""code"": 401, ""description"": ""Cerrado"", ""iconCategory"": 8}]}"
tomtom,tomtom_cdmx_incidents,2026-07-04T07:19:02Z,2026-07-04,20260704T071858Z,2026-07-04T07:18:59.167631,TTI-0e6b35d1-b793-45b4-b4a5-22dc2fb82b8b-TTR24467673064022000,Feature,LineString,19.5381506469,-99.1786695177,8,Road closed,4,,182.3199120119,Avenida Jesús Reyes Heroles,Calle Villa Hermosa / Calle de Cuernavaca,,present,probable,,2026-06-20T05:33:30Z,,,Cerrado,401,"{""type"": ""LineString"", ""coordinates"": [[-99.1797826344, 19.5383732481], [-99.1792233938, 19.5382632904], [-99.1786695177, 19.5381506469], [-99.1780807728, 19.5380326319]]}","{""id"": ""TTI-0e6b35d1-b793-45b4-b4a5-22dc2fb82b8b-TTR24467673064022000"", ""iconCategory"": 8, ""magnitudeOfDelay"": 4, ""startTime"": ""2026-06-20T05:33:30Z"", ""endTime"": null, ""from"": ""Avenida Jesús Reyes Heroles"", ""to"": ""Calle Villa Hermosa / Calle de Cuernavaca"", ""length"": 182.3199120119, ""delay"": null, ""roadNumbers"": [], ""timeValidity"": ""present"", ""probabilityOfOccurrence"": ""probable"", ""numberOfReports"": null, ""lastReportTime"": null, ""events"": [{""code"": 401, ""description"": ""Cerrado"", ""iconCategory"": 8}]}"
tomtom,tomtom_cdmx_incidents,2026-07-04T07:19:02Z,2026-07-04,20260704T071858Z,2026-07-04T07:18:59.167648,TTI-0e6b35d1-b793-45b4-b4a5-22dc2fb82b8b-TTR24482099020022000,Feature,LineString,19.4458249435,-99.1771835739,8,Road closed,4,,213.9399730653,Calle Laguna Tamiahua,Avenida Marina Nacional / Calle Laguna de Términos,,present,probable,,2026-06-01T21:18:00Z,,,Cerrado,401,"{""type"": ""LineString"", ""coordinates"": [[-99.1770870143, 19.4466873218], [-99.1771835739, 19.4458249435], [-99.1773431653, 19.444778876]]}","{""id"": ""TTI-0e6b35d1-b793-45b4-b4a5-22dc2fb82b8b-TTR24482099020022000"", ""iconCategory"": 8, ""magnitudeOfDelay"": 4, ""startTime"": ""2026-06-01T21:18:00Z"", ""endTime"": null, ""from"": ""Calle Laguna Tamiahua"", ""to"": ""Avenida Marina Nacional / Calle Laguna de Términos"", ""length"": 213.9399730653, ""delay"": null, ""roadNumbers"": [], ""timeValidity"": ""present"", ""probabilityOfOccurrence"": ""probable"", ""numberOfReports"": null, ""lastReportTime"": null, ""events"": [{""code"": 401, ""description"": ""Cerrado"", ""iconCategory"": 8}]}"
tomtom,tomtom_cdmx_incidents,2026-07-04T07:19:02Z,2026-07-04,20260704T071858Z,2026-07-04T07:18:59.167664,TTI-0e6b35d1-b793-45b4-b4a5-22dc2fb82b8b-TTR24484984024002001,Feature,LineString,19.4232769996,-99.1758692915,0,Unknown,0,,12.0128966669,Circuito Melchor Ocampo/Calzada General Mariano Escobedo (Paseo de la Reforma),Calle Lieja (Paseo de la Reforma),,present,certain,,2026-07-03T13:43:30Z,2026-07-20T03:34:00Z,,Partido de fútbol,1459,"{""type"": ""LineString"", ""coordinates"": [[-99.1759832853, 19.4232876712], [-99.1758692915, 19.4232769996]]}","{""id"": ""TTI-0e6b35d1-b793-45b4-b4a5-22dc2fb82b8b-TTR24484984024002001"", ""iconCategory"": 0, ""magnitudeOfDelay"": 0, ""startTime"": ""2026-07-03T13:43:30Z"", ""endTime"": ""2026-07-20T03:34:00Z"", ""from"": ""Circuito Melchor Ocampo/Calzada General Mariano Escobedo (Paseo de la Reforma)"", ""to"": ""Calle Lieja (Paseo de la Reforma)"", ""length"": 12.0128966669, ""delay"": null, ""roadNumbers"": [], ""timeValidity"": ""present"", ""probabilityOfOccurrence"": ""certain"", ""numberOfReports"": null, ""lastReportTime"": null, ""events"": [{""code"": 1459, ""description"": ""Partido de fútbol"", ""iconCategory"": 0}]}"
tomtom,tomtom_cdmx_incidents,2026-07-04T07:19:02Z,2026-07-04,20260704T071858Z,2026-07-04T07:18:59.167680,TTI-0e6b35d1-b793-45b4-b4a5-22dc2fb82b8b-TTL24484983996022000,Feature,LineString,19.4262635899,-99.1757083589,6,Jam,3,121.0,166.7917873469,Paseo de la Reforma / Calle Río Rodano,Avenida Melchor Ocampo,,present,certain,,2026-07-04T07:16:00Z,2026-07-04T07:37:30Z,,Tráfico parado,101,"{""type"": ""LineString"", ""coordinates"": [[-99.1764379198, 19.4251129742], [-99.1763775701, 19.4252242734], [-99.1760248596, 19.4257808477], [-99.1758920902, 19.4259940386], [-99.1757083589, 19.4262635899], [-99.1756506914, 19.4263521228], [-99.1756252104, 19.426384295], [-99.1756185049, 19.426397733]]}","{""id"": ""TTI-0e6b35d1-b793-45b4-b4a5-22dc2fb82b8b-TTL24484983996022000"", ""iconCategory"": 6, ""magnitudeOfDelay"": 3, ""startTime"": ""2026-07-04T07:16:00Z"", ""endTime"": ""2026-07-04T07:37:30Z"", ""from"": ""Paseo de la Reforma / Calle Río Rodano"", ""to"": ""Avenida Melchor Ocampo"", ""length"": 166.7917873469, ""delay"": 121, ""roadNumbers"": [], ""timeValidity"": ""present"", ""probabilityOfOccurrence"": ""certain"", ""numberOfReports"": null, ""lastReportTime"": null, ""events"": [{""code"": 101, ""description"": ""Tráfico parado"", ""iconCategory"": 6}]}"
tomtom,tomtom_cdmx_incidents,2026-07-04T07:19:02Z,2026-07-04,20260704T071858Z,2026-07-04T07:18:59.167703,TTI-0e6b35d1-b793-45b4-b4a5-22dc2fb82b8b-TTR24476328688047000,Feature,LineString,19.4834415854,-99.1790959889,8,Road closed,4,,496.2546835458,Avenida de Las Granjas,Calle 20 de Noviembre / Calzada Santo Tomás,,present,probable,,2026-05-29T02:03:00Z,,,Cerrado,401,"{""type"": ""LineString"", ""coordinates"": [[-99.1745684201, 19.4824424613], [-99.1748795563, 19.4825122358], [-99.1790624613, 19.4834228578], [-99.1790959889, 19.4834415854], [-99.1791254932, 19.4834697953], [-99.1791442687, 19.4835032996]]}","{""id"": ""TTI-0e6b35d1-b793-45b4-b4a5-22dc2fb82b8b-TTR24476328688047000"", ""iconCategory"": 8, ""magnitudeOfDelay"": 4, ""startTime"": ""2026-05-29T02:03:00Z"", ""endTime"": null, ""from"": ""Avenida de Las Granjas"", ""to"": ""Calle 20 de Noviembre / Calzada Santo Tomás"", ""length"": 496.2546835458, ""delay"": null, ""roadNumbers"": [], ""timeValidity"": ""present"", ""probabilityOfOccurrence"": ""probable"", ""numberOfReports"": null, ""lastReportTime"": null, ""events"": [{""code"": 401, ""description"": ""Cerrado"", ""iconCategory"": 8}]}"
tomtom,tomtom_cdmx_incidents,2026-07-04T07:19:02Z,2026-07-04,20260704T071858Z,2026-07-04T07:18:59.167722,TTI-0e6b35d1-b793-45b4-b4a5-22dc2fb82b8b-TTR24476328616047000,Feature,LineString,19.4834228578,-99.1790624613,8,Road closed,4,,496.2546835458,Calle 20 de Noviembre / Calzada Santo Tomás,Avenida de Las Granjas,,present,probable,,2026-05-29T23:26:30Z,,,Cerrado,401,"{""type"": ""LineString"", ""coordinates"": [[-99.1791442687, 19.4835032996], [-99.1791254932, 19.4834697953], [-99.1790959889, 19.4834415854], [-99.1790624613, 19.4834228578], [-99.1748795563, 19.4825122358], [-99.1745684201, 19.4824424613]]}","{""id"": ""TTI-0e6b35d1-b793-45b4-b4a5-22dc2fb82b8b-TTR24476328616047000"", ""iconCategory"": 8, ""magnitudeOfDelay"": 4, ""startTime"": ""2026-05-29T23:26:30Z"", ""endTime"": null, ""from"": ""Calle 20 de Noviembre / Calzada Santo Tomás"", ""to"": ""Avenida de Las Granjas"", ""length"": 496.2546835458, ""delay"": null, ""roadNumbers"": [], ""timeValidity"": ""present"", ""probabilityOfOccurrence"": ""probable"", ""numberOfReports"": null, ""lastReportTime"": null, ""events"": [{""code"": 401, ""description"": ""Cerrado"", ""iconCategory"": 8}]}"
tomtom,tomtom_cdmx_incidents,2026-07-04T07:19:02Z,2026-07-04,20260704T071858Z,2026-07-04T07:18:59.167741,TTI-0e6b35d1-b793-45b4-b4a5-22dc2fb82b8b-TTR24484984012018001,Feature,LineString,19.4234271921,-99.1751544828,0,Unknown,0,,166.5439653781,Circuito Melchor Ocampo/Calzada General Mariano Escobedo (Paseo de la Reforma),Calle Río Mississipi Tres Poniente/Calle Sevilla Tres Poniente (Paseo de la Reforma),,present,certain,,2026-06-30T19:52:05Z,2026-07-18T02:00:00Z,,Partido de fútbol,1459,"{""type"": ""LineString"", ""coordinates"": [[-99.1757338399, 19.423274312], [-99.1755836362, 19.4232716243], [-99.1754897589, 19.4232810311], [-99.1754092926, 19.4233078286], [-99.1753154153, 19.4233467205], [-99.1751544828, 19.4234271921], [-99.17504183, 19.4234794432], [-99.1748862619, 19.4235492431], [-99.174707895, 19.4236297145], [-99.1742787415, 19.4238281262]]}","{""id"": ""TTI-0e6b35d1-b793-45b4-b4a5-22dc2fb82b8b-TTR24484984012018001"", ""iconCategory"": 0, ""magnitudeOfDelay"": 0, ""startTime"": ""2026-06-30T19:52:05Z"", ""endTime"": ""2026-07-18T02:00:00Z"", ""from"": ""Circuito Melchor Ocampo/Calzada General Mariano Escobedo (Paseo de la Reforma)"", ""to"": ""Calle Río Mississipi Tres Poniente/Calle Sevilla Tres Poniente (Paseo de la Reforma)"", ""length"": 166.5439653781, ""delay"": null, ""roadNumbers"": [], ""timeValidity"": ""present"", ""probabilityOfOccurrence"": ""certain"", ""numberOfReports"": null, ""lastReportTime"": null, ""events"": [{""code"": 1459, ""description"": ""Partido de fútbol"", ""iconCategory"": 0}]}"
tomtom,tomtom_cdmx_incidents,2026-07-04T07:19:02Z,2026-07-04,20260704T071858Z,2026-07-04T07:18:59.167763,TTI-0e6b35d1-b793-45b4-b4a5-22dc2fb82b8b-TTR24508065716013001,Feature,LineString,19.2909716577,-99.1733238751,0,Unknown,0,,77.8582253928,Calle Vivanco,Avenida Insurgentes S,,present,certain,,2026-06-10T19:40:30Z,2026-07-20T03:00:00Z,,Partido de fútbol,1459,"{""type"": ""LineString"", ""coordinates"": [[-99.1729818935, 19.2908630357], [-99.1733238751, 19.2909716577], [-99.1736832911, 19.2910910389]]}","{""id"": ""TTI-0e6b35d1-b793-45b4-b4a5-22dc2fb82b8b-TTR24508065716013001"", ""iconCategory"": 0, ""magnitudeOfDelay"": 0, ""startTime"": ""2026-06-10T19:40:30Z"", ""endTime"": ""2026-07-20T03:00:00Z"", ""from"": ""Calle Vivanco"", ""to"": ""Avenida Insurgentes S"", ""length"": 77.8582253928, ""delay"": null, ""roadNumbers"": [], ""timeValidity"": ""present"", ""probabilityOfOccurrence"": ""certain"", ""numberOfReports"": null, ""lastReportTime"": null, ""events"": [{""code"": 1459, ""description"": ""Partido de fútbol"", ""iconCategory"": 0}]}"
tomtom,tomtom_cdmx_incidents,2026-07-04T07:19:02Z,2026-07-04,20260704T071858Z,2026-07-04T07:18:59.167780,TTI-0e6b35d1-b793-45b4-b4a5-22dc2fb82b8b-TTR24490754524013000,Feature,LineString,19.3990659814,-99.171988135,8,Road closed,4,,56.5689802628,Calle Ohio / Viaducto Miguel Alemán,Viaducto Miguel Alemán,,present,certain,1.0,2026-07-04T05:30:00Z,,2026-02-06T07:11:30Z,Cerrado,401,"{""type"": ""LineString"", ""coordinates"": [[-99.1722818369, 19.3988822447], [-99.172232216, 19.398942647], [-99.1721477264, 19.3990016261], [-99.1720887178, 19.3990284276], [-99.171988135, 19.3990659814], [-99.1719425375, 19.399096894], [-99.1719116921, 19.3991223515], [-99.1718634123, 19.3991853626]]}","{""id"": ""TTI-0e6b35d1-b793-45b4-b4a5-22dc2fb82b8b-TTR24490754524013000"", ""iconCategory"": 8, ""magnitudeOfDelay"": 4, ""startTime"": ""2026-07-04T05:30:00Z"", ""endTime"": null, ""from"": ""Calle Ohio / Viaducto Miguel Alemán"", ""to"": ""Viaducto Miguel Alemán"", ""length"": 56.5689802628, ""delay"": null, ""roadNumbers"": [], ""timeValidity"": ""present"", ""probabilityOfOccurrence"": ""certain"", ""numberOfReports"": 1, ""lastReportTime"": ""2026-02-06T07:11:30Z"", ""events"": [{""code"": 401, ""description"": ""Cerrado"", ""iconCategory"": 8}]}"
tomtom,tomtom_cdmx_incidents,2026-07-04T07:19:02Z,2026-07-04,20260704T071858Z,2026-07-04T07:18:59.167800,TTI-0e6b35d1-b793-45b4-b4a5-22dc2fb82b8b-TTR24470558504038000,Feature,LineString,19.5446442651,-99.1677904779,8,Road closed,4,,385.7042301525,Avenida Tenayuca-Tlalnepantla,Avenida Alfredo del Mazo Vélez,,present,probable,,2026-06-18T18:27:30Z,,,Cerrado,401,"{""type"": ""LineString"", ""coordinates"": [[-99.168100273, 19.5438918886], [-99.1680090779, 19.5440621906], [-99.1679084951, 19.5443411822], [-99.1677904779, 19.5446442651], [-99.1674632484, 19.5454824202], [-99.1671494299, 19.5461824987], [-99.1667766029, 19.5471266481]]}","{""id"": ""TTI-0e6b35d1-b793-45b4-b4a5-22dc2fb82b8b-TTR24470558504038000"", ""iconCategory"": 8, ""magnitudeOfDelay"": 4, ""startTime"": ""2026-06-18T18:27:30Z"", ""endTime"": null, ""from"": ""Avenida Tenayuca-Tlalnepantla"", ""to"": ""Avenida Alfredo del Mazo Vélez"", ""length"": 385.7042301525, ""delay"": null, ""roadNumbers"": [], ""timeValidity"": ""present"", ""probabilityOfOccurrence"": ""probable"", ""numberOfReports"": null, ""lastReportTime"": null, ""events"": [{""code"": 401, ""description"": ""Cerrado"", ""iconCategory"": 8}]}"
tomtom,tomtom_cdmx_incidents,2026-07-04T07:19:02Z,2026-07-04,20260704T071858Z,2026-07-04T07:18:59.167820,TTI-0e6b35d1-b793-45b4-b4a5-22dc2fb82b8b-TTR24493640024011000,Feature,LineString,19.3934119531,-99.1669268066,8,Road closed,4,,297.0094217083,Calle de Pedro Romero de Terreros/Calle González de Cossio (Calle División del Norte),Calle Amores/Calle Colonia del Valle (Calle División del Norte),,present,probable,,2026-07-04T06:29:30Z,,,Cerrado,401,"{""type"": ""LineString"", ""coordinates"": [[-99.1680439467, 19.3946805965], [-99.1674927527, 19.3940569495], [-99.1671306545, 19.3936425804], [-99.1669268066, 19.3934119531], [-99.1665097231, 19.3929559159], [-99.1662401611, 19.3926568977], [-99.1662227267, 19.3926353924]]}","{""id"": ""TTI-0e6b35d1-b793-45b4-b4a5-22dc2fb82b8b-TTR24493640024011000"", ""iconCategory"": 8, ""magnitudeOfDelay"": 4, ""startTime"": ""2026-07-04T06:29:30Z"", ""endTime"": null, ""from"": ""Calle de Pedro Romero de Terreros/Calle González de Cossio (Calle División del Norte)"", ""to"": ""Calle Amores/Calle Colonia del Valle (Calle División del Norte)"", ""length"": 297.0094217083, ""delay"": null, ""roadNumbers"": [], ""timeValidity"": ""present"", ""probabilityOfOccurrence"": ""probable"", ""numberOfReports"": null, ""lastReportTime"": null, ""events"": [{""code"": 401, ""description"": ""Cerrado"", ""iconCategory"": 8}]}"
tomtom,tomtom_cdmx_incidents,2026-07-04T07:19:02Z,2026-07-04,20260704T071858Z,2026-07-04T07:18:59.167840,TTI-0e6b35d1-b793-45b4-b4a5-22dc2fb82b8b-TTR24484984352041000,Feature,LineString,19.4432419704,-99.1658512408,9,Road works,0,,508.7288311797,Circuito Bicentenario exit [21-B],Circuito Bicentenario exit [20],,present,probable,,2026-07-02T21:23:30Z,,,Obras | Nuevo trazado de carretera por obras,"701,810","{""type"": ""LineString"", ""coordinates"": [[-99.1652222628, 19.4453931599], [-99.1653684432, 19.4447976871], [-99.1654609794, 19.4443913511], [-99.1655012125, 19.4442156486], [-99.1655240113, 19.4441136889], [-99.1655468101, 19.444023822], [-99.1655709499, 19.4439367215], [-99.1656299585, 19.4437127258], [-99.165648734, 19.4436496529], [-99.1656701917, 19.4435987519], [-99.1656970138, 19.4435343353], [-99.1657412702, 19.4434378288], [-99.1657627279, 19.4433949107], [-99.1658163721, 19.4433036998], [-99.1658512408, 19.4432419704], [-99.1659384126, 19.4430917962], [-99.1659786457, 19.4430220838], [-99.1661932224, 19.4426706757], [-99.1662213856, 19.4426264137], [-99.1662924642, 19.442508408], [-99.1663005108, 19.4424976586], [-99.1663407439, 19.4424212276], [-99.1665325219, 19.4420510858], [-99.166598236, 19.4419089726], [-99.1666719967, 19.4417573745], [-99.1668302471, 19.4414341809], [-99.1669428999, 19.4412035424], [-99.1669656986, 19.44115928]]}","{""id"": ""TTI-0e6b35d1-b793-45b4-b4a5-22dc2fb82b8b-TTR24484984352041000"", ""iconCategory"": 9, ""magnitudeOfDelay"": 0, ""startTime"": ""2026-07-02T21:23:30Z"", ""endTime"": null, ""from"": ""Circuito Bicentenario exit [21-B]"", ""to"": ""Circuito Bicentenario exit [20]"", ""length"": 508.7288311797, ""delay"": null, ""roadNumbers"": [], ""timeValidity"": ""present"", ""probabilityOfOccurrence"": ""probable"", ""numberOfReports"": null, ""lastReportTime"": null, ""events"": [{""code"": 701, ""description"": ""Obras"", ""iconCategory"": 9}, {""code"": 810, ""description"": ""Nuevo trazado de carretera por obras"", ""iconCategory"": 9}]}"
tomtom,tomtom_cdmx_incidents,2026-07-04T07:19:02Z,2026-07-04,20260704T071858Z,2026-07-04T07:18:59.167881,TTI-0e6b35d1-b793-45b4-b4a5-22dc2fb82b8b-TTR24487869480034001,Feature,LineString,19.4274585426,-99.1665620262,8,Road closed,4,,408.0164981896,Calle Río Tíber Dos Poniente (Paseo de la Reforma),Calle Río Rhin/Calle Niza (Paseo de la Reforma),,present,probable,,2026-07-04T04:52:00Z,,,Cerrado,401,"{""type"": ""LineString"", ""coordinates"": [[-99.1673076803, 19.4269100369], [-99.1671534533, 19.4270950857], [-99.1670622582, 19.4272023522], [-99.1669683808, 19.4272787904], [-99.1668651158, 19.4273324631], [-99.1668222004, 19.4273539638], [-99.1666572446, 19.4274209954], [-99.1665620262, 19.4274585426], [-99.166444009, 19.4275148238], [-99.1663300151, 19.4275684965], [-99.165519988, 19.4279373275], [-99.1649781817, 19.4281841102], [-99.1641802246, 19.4285810013], [-99.1640380675, 19.4286333298], [-99.1639361435, 19.428662814]]}","{""id"": ""TTI-0e6b35d1-b793-45b4-b4a5-22dc2fb82b8b-TTR24487869480034001"", ""iconCategory"": 8, ""magnitudeOfDelay"": 4, ""startTime"": ""2026-07-04T04:52:00Z"", ""endTime"": null, ""from"": ""Calle Río Tíber Dos Poniente (Paseo de la Reforma)"", ""to"": ""Calle Río Rhin/Calle Niza (Paseo de la Reforma)"", ""length"": 408.0164981896, ""delay"": null, ""roadNumbers"": [], ""timeValidity"": ""present"", ""probabilityOfOccurrence"": ""probable"", ""numberOfReports"": null, ""lastReportTime"": null, ""events"": [{""code"": 401, ""description"": ""Cerrado"", ""iconCategory"": 8}]}"
tomtom,tomtom_cdmx_incidents,2026-07-04T07:19:02Z,2026-07-04,20260704T071858Z,2026-07-04T07:18:59.167907,TTI-0e6b35d1-b793-45b4-b4a5-22dc2fb82b8b-TTR24496525192013001,Feature,LineString,19.377110754,-99.1626406366,0,Unknown,0,,76.7797091118,Calle Heriberto Frías,Avenida Universidad,,present,certain,,2026-06-11T18:52:00Z,2026-07-20T03:00:00Z,,Partido de fútbol,1459,"{""type"": ""LineString"", ""coordinates"": [[-99.1633527631, 19.3772703985], [-99.1626406366, 19.377110754]]}","{""id"": ""TTI-0e6b35d1-b793-45b4-b4a5-22dc2fb82b8b-TTR24496525192013001"", ""iconCategory"": 0, ""magnitudeOfDelay"": 0, ""startTime"": ""2026-06-11T18:52:00Z"", ""endTime"": ""2026-07-20T03:00:00Z"", ""from"": ""Calle Heriberto Frías"", ""to"": ""Avenida Universidad"", ""length"": 76.7797091118, ""delay"": null, ""roadNumbers"": [], ""timeValidity"": ""present"", ""probabilityOfOccurrence"": ""certain"", ""numberOfReports"": null, ""lastReportTime"": null, ""events"": [{""code"": 1459, ""description"": ""Partido de fútbol"", ""iconCategory"": 0}]}"
tomtom,tomtom_cdmx_incidents,2026-07-04T07:19:02Z,2026-07-04,20260704T071858Z,2026-07-04T07:18:59.167927,TTI-0e6b35d1-b793-45b4-b4a5-22dc2fb82b8b-TTR24508065944020000,Feature,LineString,19.3076912244,-99.1633970195,1,Accident,0,,170.715747128,Boulevard Gransur (Avenida del Iman),Calzada de Tlalpan/Retorno Estadio Azteca (Avenida del Iman),,present,certain,,2026-07-03T19:19:30Z,2026-07-05T12:00:00Z,,Incidente,214,"{""type"": ""LineString"", ""coordinates"": [[-99.1636504883, 19.3079392968], [-99.1636048907, 19.3078829743], [-99.1635579521, 19.3078266517], [-99.1635177189, 19.3077863874], [-99.1634895557, 19.3077609157], [-99.1633970195, 19.3076912244], [-99.1631609851, 19.307483337], [-99.1630013937, 19.3073197481], [-99.162902152, 19.3072218161], [-99.1626808697, 19.3069992145], [-99.1625159139, 19.3068422699]]}","{""id"": ""TTI-0e6b35d1-b793-45b4-b4a5-22dc2fb82b8b-TTR24508065944020000"", ""iconCategory"": 1, ""magnitudeOfDelay"": 0, ""startTime"": ""2026-07-03T19:19:30Z"", ""endTime"": ""2026-07-05T12:00:00Z"", ""from"": ""Boulevard Gransur (Avenida del Iman)"", ""to"": ""Calzada de Tlalpan/Retorno Estadio Azteca (Avenida del Iman)"", ""length"": 170.715747128, ""delay"": null, ""roadNumbers"": [], ""timeValidity"": ""present"", ""probabilityOfOccurrence"": ""certain"", ""numberOfReports"": null, ""lastReportTime"": null, ""events"": [{""code"": 214, ""description"": ""Incidente"", ""iconCategory"": 1}]}"
tomtom,tomtom_cdmx_incidents,2026-07-04T07:19:02Z,2026-07-04,20260704T071858Z,2026-07-04T07:18:59.167953,TTI-0e6b35d1-b793-45b4-b4a5-22dc2fb82b8b-TTR24508065944004016,Feature,LineString,19.3066115991,-99.1622946316,1,Accident,0,,24.3672677779,Boulevard Gransur (Avenida del Iman),Calzada de Tlalpan/Retorno Estadio Azteca (Avenida del Iman),,present,certain,,2026-07-03T19:19:30Z,2026-07-05T12:00:00Z,,Incidente,214,"{""type"": ""LineString"", ""coordinates"": [[-99.1624475175, 19.3067765335], [-99.1622946316, 19.3066115991]]}","{""id"": ""TTI-0e6b35d1-b793-45b4-b4a5-22dc2fb82b8b-TTR24508065944004016"", ""iconCategory"": 1, ""magnitudeOfDelay"": 0, ""startTime"": ""2026-07-03T19:19:30Z"", ""endTime"": ""2026-07-05T12:00:00Z"", ""from"": ""Boulevard Gransur (Avenida del Iman)"", ""to"": ""Calzada de Tlalpan/Retorno Estadio Azteca (Avenida del Iman)"", ""length"": 24.3672677779, ""delay"": null, ""roadNumbers"": [], ""timeValidity"": ""present"", ""probabilityOfOccurrence"": ""certain"", ""numberOfReports"": null, ""lastReportTime"": null, ""events"": [{""code"": 214, ""description"": ""Incidente"", ""iconCategory"": 1}]}"
tomtom,tomtom_cdmx_incidents,2026-07-04T07:19:02Z,2026-07-04,20260704T071858Z,2026-07-04T07:18:59.167969,TTI-0e6b35d1-b793-45b4-b4a5-22dc2fb82b8b-TTR24508065940004003,Feature,LineString,19.3063795831,-99.1620653028,1,Accident,0,,25.1107852721,Boulevard Gransur (Avenida del Iman),Calzada de Tlalpan/Retorno Estadio Azteca (Avenida del Iman),,present,certain,,2026-07-03T19:22:30Z,2026-07-05T12:00:00Z,,Incidente,214,"{""type"": ""LineString"", ""coordinates"": [[-99.1622302586, 19.306543173], [-99.1620653028, 19.3063795831]]}","{""id"": ""TTI-0e6b35d1-b793-45b4-b4a5-22dc2fb82b8b-TTR24508065940004003"", ""iconCategory"": 1, ""magnitudeOfDelay"": 0, ""startTime"": ""2026-07-03T19:22:30Z"", ""endTime"": ""2026-07-05T12:00:00Z"", ""from"": ""Boulevard Gransur (Avenida del Iman)"", ""to"": ""Calzada de Tlalpan/Retorno Estadio Azteca (Avenida del Iman)"", ""length"": 25.1107852721, ""delay"": null, ""roadNumbers"": [], ""timeValidity"": ""present"", ""probabilityOfOccurrence"": ""certain"", ""numberOfReports"": null, ""lastReportTime"": null, ""events"": [{""code"": 214, ""description"": ""Incidente"", ""iconCategory"": 1}]}"
tomtom,tomtom_cdmx_incidents,2026-07-04T07:19:02Z,2026-07-04,20260704T071858Z,2026-07-04T07:18:59.167984,TTI-0e6b35d1-b793-45b4-b4a5-22dc2fb82b8b-TTR24508065944012002,Feature,LineString,19.3059772526,-99.1616790647,1,Accident,0,,51.0415349814,Boulevard Gransur (Avenida del Iman),Calzada de Tlalpan/Retorno Estadio Azteca (Avenida del Iman),,present,certain,,2026-07-03T19:19:30Z,2026-07-05T12:00:00Z,,Incidente,214,"{""type"": ""LineString"", ""coordinates"": [[-99.161901688, 19.3062025451], [-99.1617541665, 19.3060497133], [-99.1616790647, 19.3059772526], [-99.1616267616, 19.3059249638], [-99.1615744585, 19.3058632614]]}","{""id"": ""TTI-0e6b35d1-b793-45b4-b4a5-22dc2fb82b8b-TTR24508065944012002"", ""iconCategory"": 1, ""magnitudeOfDelay"": 0, ""startTime"": ""2026-07-03T19:19:30Z"", ""endTime"": ""2026-07-05T12:00:00Z"", ""from"": ""Boulevard Gransur (Avenida del Iman)"", ""to"": ""Calzada de Tlalpan/Retorno Estadio Azteca (Avenida del Iman)"", ""length"": 51.0415349814, ""delay"": null, ""roadNumbers"": [], ""timeValidity"": ""present"", ""probabilityOfOccurrence"": ""certain"", ""numberOfReports"": null, ""lastReportTime"": null, ""events"": [{""code"": 214, ""description"": ""Incidente"", ""iconCategory"": 1}]}"
tomtom,tomtom_cdmx_incidents,2026-07-04T07:19:02Z,2026-07-04,20260704T071858Z,2026-07-04T07:18:59.168001,TTI-0e6b35d1-b793-45b4-b4a5-22dc2fb82b8b-TTR24490754832013000,Feature,LineString,19.4131141029,-99.1613732928,8,Road closed,4,,93.1322361443,Avenida San Luis Potosí,Calle Tonalá,,present,probable,,2026-07-04T05:24:00Z,,,Cerrado,401,"{""type"": ""LineString"", ""coordinates"": [[-99.162106877, 19.4135861315], [-99.1613732928, 19.4131141029]]}","{""id"": ""TTI-0e6b35d1-b793-45b4-b4a5-22dc2fb82b8b-TTR24490754832013000"", ""iconCategory"": 8, ""magnitudeOfDelay"": 4, ""startTime"": ""2026-07-04T05:24:00Z"", ""endTime"": null, ""from"": ""Avenida San Luis Potosí"", ""to"": ""Calle Tonalá"", ""length"": 93.1322361443, ""delay"": null, ""roadNumbers"": [], ""timeValidity"": ""present"", ""probabilityOfOccurrence"": ""probable"", ""numberOfReports"": null, ""lastReportTime"": null, ""events"": [{""code"": 401, ""description"": ""Cerrado"", ""iconCategory"": 8}]}"
tomtom,tomtom_cdmx_incidents,2026-07-04T07:19:02Z,2026-07-04,20260704T071858Z,2026-07-04T07:18:59.168016,TTI-0e6b35d1-b793-45b4-b4a5-22dc2fb82b8b-TTR24508066016028000,Feature,LineString,19.306823522,-99.1623952145,1,Accident,0,,330.5165619475,Calzada de Tlalpan/Retorno Estadio Azteca (Avenida del Iman),Boulevard Gransur (Avenida del Iman),,present,certain,,2026-07-03T19:19:30Z,2026-07-05T12:00:00Z,,Incidente,214,"{""type"": ""LineString"", ""coordinates"": [[-99.1612485701, 19.3056379683], [-99.1613813395, 19.3057720525], [-99.1617018634, 19.3061060364], [-99.1618547494, 19.3062642474], [-99.1621846611, 19.3065968855], [-99.1623952145, 19.306823522], [-99.1626379544, 19.3070555373], [-99.1628578955, 19.3072741045], [-99.1631489152, 19.3075570627], [-99.1634090895, 19.3077998352]]}","{""id"": ""TTI-0e6b35d1-b793-45b4-b4a5-22dc2fb82b8b-TTR24508066016028000"", ""iconCategory"": 1, ""magnitudeOfDelay"": 0, ""startTime"": ""2026-07-03T19:19:30Z"", ""endTime"": ""2026-07-05T12:00:00Z"", ""from"": ""Calzada de Tlalpan/Retorno Estadio Azteca (Avenida del Iman)"", ""to"": ""Boulevard Gransur (Avenida del Iman)"", ""length"": 330.5165619475, ""delay"": null, ""roadNumbers"": [], ""timeValidity"": ""present"", ""probabilityOfOccurrence"": ""certain"", ""numberOfReports"": null, ""lastReportTime"": null, ""events"": [{""code"": 214, ""description"": ""Incidente"", ""iconCategory"": 1}]}"
tomtom,tomtom_cdmx_incidents,2026-07-04T07:19:02Z,2026-07-04,20260704T071858Z,2026-07-04T07:18:59.168039,TTI-0e6b35d1-b793-45b4-b4a5-22dc2fb82b8b-TTR24508065944004015,Feature,LineString,19.3055776106,-99.1613035554,1,Accident,0,,41.0744038191,Boulevard Gransur (Avenida del Iman),Calzada de Tlalpan/Retorno Estadio Azteca (Avenida del Iman),,present,certain,,2026-07-03T19:19:30Z,2026-07-05T12:00:00Z,,Incidente,214,"{""type"": ""LineString"", ""coordinates"": [[-99.1614242548, 19.3057077396], [-99.1613035554, 19.3055776106], [-99.1611613983, 19.3054341127]]}","{""id"": ""TTI-0e6b35d1-b793-45b4-b4a5-22dc2fb82b8b-TTR24508065944004015"", ""iconCategory"": 1, ""magnitudeOfDelay"": 0, ""startTime"": ""2026-07-03T19:19:30Z"", ""endTime"": ""2026-07-05T12:00:00Z"", ""from"": ""Boulevard Gransur (Avenida del Iman)"", ""to"": ""Calzada de Tlalpan/Retorno Estadio Azteca (Avenida del Iman)"", ""length"": 41.0744038191, ""delay"": null, ""roadNumbers"": [], ""timeValidity"": ""present"", ""probabilityOfOccurrence"": ""certain"", ""numberOfReports"": null, ""lastReportTime"": null, ""events"": [{""code"": 214, ""description"": ""Incidente"", ""iconCategory"": 1}]}"
tomtom,tomtom_cdmx_incidents,2026-07-04T07:19:02Z,2026-07-04,20260704T071858Z,2026-07-04T07:18:59.168055,TTI-0e6b35d1-b793-45b4-b4a5-22dc2fb82b8b-TTR24484984652017000,Feature,LineString,19.460546236,-99.1613732928,9,Road works,0,,222.8079796059,Circuito Bicentenario exit [21-A],Circuito Bicentenario exit [21-B],,present,probable,,2026-07-02T21:23:30Z,,,Obras | Nuevo trazado de carretera por obras,"701,810","{""type"": ""LineString"", ""coordinates"": [[-99.1606544608, 19.4613334574], [-99.1607872302, 19.4611524782], [-99.1608153934, 19.4611121727], [-99.1609924192, 19.460857379], [-99.1610889787, 19.4607608038], [-99.1611855382, 19.4606790073], [-99.1613732928, 19.460546236], [-99.1614832634, 19.4604671264], [-99.1619606966, 19.4600929952], [-99.1620089764, 19.4600541121], [-99.1620518917, 19.4600178369], [-99.1621538157, 19.4599387271]]}","{""id"": ""TTI-0e6b35d1-b793-45b4-b4a5-22dc2fb82b8b-TTR24484984652017000"", ""iconCategory"": 9, ""magnitudeOfDelay"": 0, ""startTime"": ""2026-07-02T21:23:30Z"", ""endTime"": null, ""from"": ""Circuito Bicentenario exit [21-A]"", ""to"": ""Circuito Bicentenario exit [21-B]"", ""length"": 222.8079796059, ""delay"": null, ""roadNumbers"": [], ""timeValidity"": ""present"", ""probabilityOfOccurrence"": ""probable"", ""numberOfReports"": null, ""lastReportTime"": null, ""events"": [{""code"": 701, ""description"": ""Obras"", ""iconCategory"": 9}, {""code"": 810, ""description"": ""Nuevo trazado de carretera por obras"", ""iconCategory"": 9}]}"
tomtom,tomtom_cdmx_incidents,2026-07-04T07:19:02Z,2026-07-04,20260704T071858Z,2026-07-04T07:18:59.168081,TTI-0e6b35d1-b793-45b4-b4a5-22dc2fb82b8b-TTR24508065944004014,Feature,LineString,19.3049633531,-99.1607054228,1,Accident,0,,45.0592765456,Boulevard Gransur (Avenida del Iman),Calzada de Tlalpan/Retorno Estadio Azteca (Avenida del Iman),,present,certain,,2026-07-03T19:19:30Z,2026-07-05T12:00:00Z,,Incidente,214,"{""type"": ""LineString"", ""coordinates"": [[-99.1608556265, 19.3051202995], [-99.1607054228, 19.3049633531], [-99.1605659479, 19.3048211994]]}","{""id"": ""TTI-0e6b35d1-b793-45b4-b4a5-22dc2fb82b8b-TTR24508065944004014"", ""iconCategory"": 1, ""magnitudeOfDelay"": 0, ""startTime"": ""2026-07-03T19:19:30Z"", ""endTime"": ""2026-07-05T12:00:00Z"", ""from"": ""Boulevard Gransur (Avenida del Iman)"", ""to"": ""Calzada de Tlalpan/Retorno Estadio Azteca (Avenida del Iman)"", ""length"": 45.0592765456, ""delay"": null, ""roadNumbers"": [], ""timeValidity"": ""present"", ""probabilityOfOccurrence"": ""certain"", ""numberOfReports"": null, ""lastReportTime"": null, ""events"": [{""code"": 214, ""description"": ""Incidente"", ""iconCategory"": 1}]}"
tomtom,tomtom_cdmx_incidents,2026-07-04T07:19:02Z,2026-07-04,20260704T071858Z,2026-07-04T07:18:59.168097,TTI-0e6b35d1-b793-45b4-b4a5-22dc2fb82b8b-TTR24508065944004018,Feature,LineString,19.3045597533,-99.1603138203,1,Accident,0,,14.994738003,Boulevard Gransur (Avenida del Iman),Calzada de Tlalpan/Retorno Estadio Azteca (Avenida del Iman),,present,certain,,2026-07-03T19:22:30Z,2026-07-05T12:00:00Z,,Incidente,214,"{""type"": ""LineString"", ""coordinates"": [[-99.1604090387, 19.3046602974], [-99.1603138203, 19.3045597533]]}","{""id"": ""TTI-0e6b35d1-b793-45b4-b4a5-22dc2fb82b8b-TTR24508065944004018"", ""iconCategory"": 1, ""magnitudeOfDelay"": 0, ""startTime"": ""2026-07-03T19:22:30Z"", ""endTime"": ""2026-07-05T12:00:00Z"", ""from"": ""Boulevard Gransur (Avenida del Iman)"", ""to"": ""Calzada de Tlalpan/Retorno Estadio Azteca (Avenida del Iman)"", ""length"": 14.994738003, ""delay"": null, ""roadNumbers"": [], ""timeValidity"": ""present"", ""probabilityOfOccurrence"": ""certain"", ""numberOfReports"": null, ""lastReportTime"": null, ""events"": [{""code"": 214, ""description"": ""Incidente"", ""iconCategory"": 1}]}"
tomtom,tomtom_cdmx_incidents,2026-07-04T07:19:02Z,2026-07-04,20260704T071858Z,2026-07-04T07:18:59.168112,TTI-0e6b35d1-b793-45b4-b4a5-22dc2fb82b8b-TTR24487869640006001,Feature,LineString,19.4320102225,-99.1602507884,0,Unknown,0,,41.4363678528,Calle Río Támesis,Avenida Insurgentes Centro,,present,certain,,2026-06-25T17:16:30Z,2026-09-01T00:00:00Z,,Gran evento,1501,"{""type"": ""LineString"", ""coordinates"": [[-99.160631662, 19.4321095023], [-99.1602507884, 19.4320102225]]}","{""id"": ""TTI-0e6b35d1-b793-45b4-b4a5-22dc2fb82b8b-TTR24487869640006001"", ""iconCategory"": 0, ""magnitudeOfDelay"": 0, ""startTime"": ""2026-06-25T17:16:30Z"", ""endTime"": ""2026-09-01T00:00:00Z"", ""from"": ""Calle Río Támesis"", ""to"": ""Avenida Insurgentes Centro"", ""length"": 41.4363678528, ""delay"": null, ""roadNumbers"": [], ""timeValidity"": ""present"", ""probabilityOfOccurrence"": ""certain"", ""numberOfReports"": null, ""lastReportTime"": null, ""events"": [{""code"": 1501, ""description"": ""Gran evento"", ""iconCategory"": 0}]}"
tomtom,tomtom_cdmx_incidents,2026-07-04T07:19:02Z,2026-07-04,20260704T071858Z,2026-07-04T07:18:59.168127,TTI-0e6b35d1-b793-45b4-b4a5-22dc2fb82b8b-TTR24508066016020000,Feature,LineString,19.3052235328,-99.1608448977,1,Accident,0,,179.3550851789,Calzada de Tlalpan/Retorno Estadio Azteca (Avenida del Iman),Boulevard Gransur (Avenida del Iman),,present,certain,,2026-07-03T19:19:30Z,2026-07-05T12:00:00Z,,Incidente,214,"{""type"": ""LineString"", ""coordinates"": [[-99.1599168533, 19.3042579626], [-99.1603942865, 19.3047528517], [-99.1608448977, 19.3052235328], [-99.1610071713, 19.3053951926], [-99.1610648388, 19.3054528608]]}","{""id"": ""TTI-0e6b35d1-b793-45b4-b4a5-22dc2fb82b8b-TTR24508066016020000"", ""iconCategory"": 1, ""magnitudeOfDelay"": 0, ""startTime"": ""2026-07-03T19:19:30Z"", ""endTime"": ""2026-07-05T12:00:00Z"", ""from"": ""Calzada de Tlalpan/Retorno Estadio Azteca (Avenida del Iman)"", ""to"": ""Boulevard Gransur (Avenida del Iman)"", ""length"": 179.3550851789, ""delay"": null, ""roadNumbers"": [], ""timeValidity"": ""present"", ""probabilityOfOccurrence"": ""certain"", ""numberOfReports"": null, ""lastReportTime"": null, ""events"": [{""code"": 214, ""description"": ""Incidente"", ""iconCategory"": 1}]}"
tomtom,tomtom_cdmx_incidents,2026-07-04T07:19:02Z,2026-07-04,20260704T071858Z,2026-07-04T07:18:59.168145,TTI-0e6b35d1-b793-45b4-b4a5-22dc2fb82b8b-TTR24508065944004017,Feature,LineString,19.3040205641,-99.1597894484,1,Accident,0,,23.0762151437,Boulevard Gransur (Avenida del Iman),Calzada de Tlalpan/Retorno Estadio Azteca (Avenida del Iman),,present,certain,,2026-07-03T19:22:30Z,2026-07-05T12:00:00Z,,Incidente,214,"{""type"": ""LineString"", ""coordinates"": [[-99.1599396521, 19.3041721321], [-99.1597894484, 19.3040205641]]}","{""id"": ""TTI-0e6b35d1-b793-45b4-b4a5-22dc2fb82b8b-TTR24508065944004017"", ""iconCategory"": 1, ""magnitudeOfDelay"": 0, ""startTime"": ""2026-07-03T19:22:30Z"", ""endTime"": ""2026-07-05T12:00:00Z"", ""from"": ""Boulevard Gransur (Avenida del Iman)"", ""to"": ""Calzada de Tlalpan/Retorno Estadio Azteca (Avenida del Iman)"", ""length"": 23.0762151437, ""delay"": null, ""roadNumbers"": [], ""timeValidity"": ""present"", ""probabilityOfOccurrence"": ""certain"", ""numberOfReports"": null, ""lastReportTime"": null, ""events"": [{""code"": 214, ""description"": ""Incidente"", ""iconCategory"": 1}]}"
tomtom,tomtom_cdmx_incidents,2026-07-04T07:19:02Z,2026-07-04,20260704T071858Z,2026-07-04T07:18:59.168160,TTI-0e6b35d1-b793-45b4-b4a5-22dc2fb82b8b-TTR24508065944004019,Feature,LineString,19.3038180512,-99.1595936472,1,Accident,0,,5.0318272901,Boulevard Gransur (Avenida del Iman),Calzada de Tlalpan/Retorno Estadio Azteca (Avenida del Iman),,present,certain,,2026-07-03T19:22:30Z,2026-07-05T12:00:00Z,,Incidente,214,"{""type"": ""LineString"", ""coordinates"": [[-99.1596258337, 19.3038515924], [-99.1595936472, 19.3038180512]]}","{""id"": ""TTI-0e6b35d1-b793-45b4-b4a5-22dc2fb82b8b-TTR24508065944004019"", ""iconCategory"": 1, ""magnitudeOfDelay"": 0, ""startTime"": ""2026-07-03T19:22:30Z"", ""endTime"": ""2026-07-05T12:00:00Z"", ""from"": ""Boulevard Gransur (Avenida del Iman)"", ""to"": ""Calzada de Tlalpan/Retorno Estadio Azteca (Avenida del Iman)"", ""length"": 5.0318272901, ""delay"": null, ""roadNumbers"": [], ""timeValidity"": ""present"", ""probabilityOfOccurrence"": ""certain"", ""numberOfReports"": null, ""lastReportTime"": null, ""events"": [{""code"": 214, ""description"": ""Incidente"", ""iconCategory"": 1}]}"
tomtom,tomtom_cdmx_incidents,2026-07-04T07:19:02Z,2026-07-04,20260704T071858Z,2026-07-04T07:18:59.168175,TTI-0e6b35d1-b793-45b4-b4a5-22dc2fb82b8b-TTR24508066016004009,Feature,LineString,19.3039468368,-99.1596016938,1,Accident,0,,25.2205708073,Calzada de Tlalpan/Retorno Estadio Azteca (Avenida del Iman),Boulevard Gransur (Avenida del Iman),,present,certain,,2026-07-03T19:19:30Z,2026-07-05T12:00:00Z,,Incidente,214,"{""type"": ""LineString"", ""coordinates"": [[-99.1595131809, 19.3038569717], [-99.1596016938, 19.3039468368], [-99.1596781367, 19.3040219089]]}","{""id"": ""TTI-0e6b35d1-b793-45b4-b4a5-22dc2fb82b8b-TTR24508066016004009"", ""iconCategory"": 1, ""magnitudeOfDelay"": 0, ""startTime"": ""2026-07-03T19:19:30Z"", ""endTime"": ""2026-07-05T12:00:00Z"", ""from"": ""Calzada de Tlalpan/Retorno Estadio Azteca (Avenida del Iman)"", ""to"": ""Boulevard Gransur (Avenida del Iman)"", ""length"": 25.2205708073, ""delay"": null, ""roadNumbers"": [], ""timeValidity"": ""present"", ""probabilityOfOccurrence"": ""certain"", ""numberOfReports"": null, ""lastReportTime"": null, ""events"": [{""code"": 214, ""description"": ""Incidente"", ""iconCategory"": 1}]}"
tomtom,tomtom_cdmx_incidents,2026-07-04T07:19:02Z,2026-07-04,20260704T071858Z,2026-07-04T07:18:59.168193,TTI-0e6b35d1-b793-45b4-b4a5-22dc2fb82b8b-TTR24508065940012003,Feature,LineString,19.3036129276,-99.1593804115,1,Accident,0,,59.2044116735,Boulevard Gransur (Avenida del Iman),Calzada de Tlalpan/Retorno Estadio Azteca (Avenida del Iman),,present,certain,,2026-07-03T19:19:30Z,2026-07-05T12:00:00Z,,Incidente,214,"{""type"": ""LineString"", ""coordinates"": [[-99.1595668251, 19.3037898892], [-99.1595185453, 19.3037416342], [-99.1593804115, 19.3036129276], [-99.1592476422, 19.3034814521], [-99.1591711992, 19.3034104142]]}","{""id"": ""TTI-0e6b35d1-b793-45b4-b4a5-22dc2fb82b8b-TTR24508065940012003"", ""iconCategory"": 1, ""magnitudeOfDelay"": 0, ""startTime"": ""2026-07-03T19:19:30Z"", ""endTime"": ""2026-07-05T12:00:00Z"", ""from"": ""Boulevard Gransur (Avenida del Iman)"", ""to"": ""Calzada de Tlalpan/Retorno Estadio Azteca (Avenida del Iman)"", ""length"": 59.2044116735, ""delay"": null, ""roadNumbers"": [], ""timeValidity"": ""present"", ""probabilityOfOccurrence"": ""certain"", ""numberOfReports"": null, ""lastReportTime"": null, ""events"": [{""code"": 214, ""description"": ""Incidente"", ""iconCategory"": 1}]}"
tomtom,tomtom_cdmx_incidents,2026-07-04T07:19:02Z,2026-07-04,20260704T071858Z,2026-07-04T07:18:59.168211,TTI-0e6b35d1-b793-45b4-b4a5-22dc2fb82b8b-TTR24508066016012005,Feature,LineString,19.3037898892,-99.1594461257,1,Accident,0,,67.289660015,Circuito Estadio Azteca / Calle Jicualmas,Retorno del Circuito de los Diamantes,,present,certain,,2026-07-03T19:19:30Z,2026-07-05T12:00:00Z,,Incidente,214,"{""type"": ""LineString"", ""coordinates"": [[-99.1589968556, 19.3033581246], [-99.1594461257, 19.3037898892]]}","{""id"": ""TTI-0e6b35d1-b793-45b4-b4a5-22dc2fb82b8b-TTR24508066016012005"", ""iconCategory"": 1, ""magnitudeOfDelay"": 0, ""startTime"": ""2026-07-03T19:19:30Z"", ""endTime"": ""2026-07-05T12:00:00Z"", ""from"": ""Circuito Estadio Azteca / Calle Jicualmas"", ""to"": ""Retorno del Circuito de los Diamantes"", ""length"": 67.289660015, ""delay"": null, ""roadNumbers"": [], ""timeValidity"": ""present"", ""probabilityOfOccurrence"": ""certain"", ""numberOfReports"": null, ""lastReportTime"": null, ""events"": [{""code"": 214, ""description"": ""Incidente"", ""iconCategory"": 1}]}"
tomtom,tomtom_cdmx_incidents,2026-07-04T07:19:02Z,2026-07-04,20260704T071858Z,2026-07-04T07:18:59.168226,TTI-0e6b35d1-b793-45b4-b4a5-22dc2fb82b8b-TTR24508065944004013,Feature,LineString,19.3032655695,-99.1590303833,1,Accident,0,,49.0657584222,Avenida del Imán,Circuito Estadio Azteca,,present,certain,,2026-07-03T19:19:30Z,2026-07-05T12:00:00Z,,Incidente,214,"{""type"": ""LineString"", ""coordinates"": [[-99.1591711992, 19.3034104142], [-99.1590303833, 19.3032655695], [-99.1588694507, 19.3030737352]]}","{""id"": ""TTI-0e6b35d1-b793-45b4-b4a5-22dc2fb82b8b-TTR24508065944004013"", ""iconCategory"": 1, ""magnitudeOfDelay"": 0, ""startTime"": ""2026-07-03T19:19:30Z"", ""endTime"": ""2026-07-05T12:00:00Z"", ""from"": ""Avenida del Imán"", ""to"": ""Circuito Estadio Azteca"", ""length"": 49.0657584222, ""delay"": null, ""roadNumbers"": [], ""timeValidity"": ""present"", ""probabilityOfOccurrence"": ""certain"", ""numberOfReports"": null, ""lastReportTime"": null, ""events"": [{""code"": 214, ""description"": ""Incidente"", ""iconCategory"": 1}]}"
tomtom,tomtom_cdmx_incidents,2026-07-04T07:19:02Z,2026-07-04,20260704T071858Z,2026-07-04T07:18:59.168242,TTI-0e6b35d1-b793-45b4-b4a5-22dc2fb82b8b-TTR24508065944012001,Feature,LineString,19.3024635818,-99.1582364494,1,Accident,0,,112.0681811985,Avenida del Imán (Circuito Estadio Azteca),Calzada de Tlalpan (Circuito Estadio Azteca),,present,certain,,2026-07-03T19:22:30Z,2026-07-05T12:00:00Z,,Incidente,214,"{""type"": ""LineString"", ""coordinates"": [[-99.1588694507, 19.3030737352], [-99.1584040875, 19.3026258308], [-99.1582364494, 19.3024635818], [-99.1581237966, 19.3023522778]]}","{""id"": ""TTI-0e6b35d1-b793-45b4-b4a5-22dc2fb82b8b-TTR24508065944012001"", ""iconCategory"": 1, ""magnitudeOfDelay"": 0, ""startTime"": ""2026-07-03T19:22:30Z"", ""endTime"": ""2026-07-05T12:00:00Z"", ""from"": ""Avenida del Imán (Circuito Estadio Azteca)"", ""to"": ""Calzada de Tlalpan (Circuito Estadio Azteca)"", ""length"": 112.0681811985, ""delay"": null, ""roadNumbers"": [], ""timeValidity"": ""present"", ""probabilityOfOccurrence"": ""certain"", ""numberOfReports"": null, ""lastReportTime"": null, ""events"": [{""code"": 214, ""description"": ""Incidente"", ""iconCategory"": 1}]}"
tomtom,tomtom_cdmx_incidents,2026-07-04T07:19:02Z,2026-07-04,20260704T071858Z,2026-07-04T07:18:59.168260,TTI-0e6b35d1-b793-45b4-b4a5-22dc2fb82b8b-TTR24508066076005001,Feature,LineString,19.3119532544,-99.1571327204,0,Unknown,0,,41.7618544058,Diagonal Santa Úrsula,Calle San Ricardo,,present,certain,,2026-06-25T17:16:30Z,2026-07-20T03:00:00Z,,Partido de fútbol,1459,"{""type"": ""LineString"", ""coordinates"": [[-99.1571877057, 19.311970657], [-99.1571327204, 19.3119532544], [-99.1568108553, 19.3118499462]]}","{""id"": ""TTI-0e6b35d1-b793-45b4-b4a5-22dc2fb82b8b-TTR24508066076005001"", ""iconCategory"": 0, ""magnitudeOfDelay"": 0, ""startTime"": ""2026-06-25T17:16:30Z"", ""endTime"": ""2026-07-20T03:00:00Z"", ""from"": ""Diagonal Santa Úrsula"", ""to"": ""Calle San Ricardo"", ""length"": 41.7618544058, ""delay"": null, ""roadNumbers"": [], ""timeValidity"": ""present"", ""probabilityOfOccurrence"": ""certain"", ""numberOfReports"": null, ""lastReportTime"": null, ""events"": [{""code"": 1459, ""description"": ""Partido de fútbol"", ""iconCategory"": 0}]}"
tomtom,tomtom_cdmx_incidents,2026-07-04T07:19:02Z,2026-07-04,20260704T071858Z,2026-07-04T07:18:59.168276,TTI-0e6b35d1-b793-45b4-b4a5-22dc2fb82b8b-TTR24508065820007001,Feature,LineString,19.3015811376,-99.1564742381,1,Accident,0,,16.9398969909,Avenida Del Imán,Avenida Del Imán,,present,certain,,2026-07-03T19:22:30Z,2026-07-05T12:00:00Z,,Incidente,214,"{""type"": ""LineString"", ""coordinates"": [[-99.1564514393, 19.3016642798], [-99.1564742381, 19.3015811376], [-99.1564916724, 19.3015167439]]}","{""id"": ""TTI-0e6b35d1-b793-45b4-b4a5-22dc2fb82b8b-TTR24508065820007001"", ""iconCategory"": 1, ""magnitudeOfDelay"": 0, ""startTime"": ""2026-07-03T19:22:30Z"", ""endTime"": ""2026-07-05T12:00:00Z"", ""from"": ""Avenida Del Imán"", ""to"": ""Avenida Del Imán"", ""length"": 16.9398969909, ""delay"": null, ""roadNumbers"": [], ""timeValidity"": ""present"", ""probabilityOfOccurrence"": ""certain"", ""numberOfReports"": null, ""lastReportTime"": null, ""events"": [{""code"": 214, ""description"": ""Incidente"", ""iconCategory"": 1}]}"
tomtom,tomtom_cdmx_incidents,2026-07-04T07:19:02Z,2026-07-04,20260704T071858Z,2026-07-04T07:18:59.168292,TTI-0e6b35d1-b793-45b4-b4a5-22dc2fb82b8b-TTR24508065748007002,Feature,LineString,19.3015811376,-99.1564742381,1,Accident,0,,16.9398969909,Avenida Del Imán,Avenida Del Imán,,present,certain,,2026-07-03T19:22:30Z,2026-07-05T12:00:00Z,,Incidente,214,"{""type"": ""LineString"", ""coordinates"": [[-99.1564916724, 19.3015167439], [-99.1564742381, 19.3015811376], [-99.1564514393, 19.3016642798]]}","{""id"": ""TTI-0e6b35d1-b793-45b4-b4a5-22dc2fb82b8b-TTR24508065748007002"", ""iconCategory"": 1, ""magnitudeOfDelay"": 0, ""startTime"": ""2026-07-03T19:22:30Z"", ""endTime"": ""2026-07-05T12:00:00Z"", ""from"": ""Avenida Del Imán"", ""to"": ""Avenida Del Imán"", ""length"": 16.9398969909, ""delay"": null, ""roadNumbers"": [], ""timeValidity"": ""present"", ""probabilityOfOccurrence"": ""certain"", ""numberOfReports"": null, ""lastReportTime"": null, ""events"": [{""code"": 214, ""description"": ""Incidente"", ""iconCategory"": 1}]}"
tomtom,tomtom_cdmx_incidents,2026-07-04T07:19:02Z,2026-07-04,20260704T071858Z,2026-07-04T07:18:59.168307,TTI-0e6b35d1-b793-45b4-b4a5-22dc2fb82b8b-TTR24508065784012001,Feature,LineString,19.3015167439,-99.1564916724,1,Accident,0,,80.4559503131,Avenida del Imán (Circuito Estadio Azteca),Calzada de Tlalpan (Circuito Estadio Azteca),,present,certain,,2026-07-03T19:19:30Z,2026-07-05T12:00:00Z,,Incidente,214,"{""type"": ""LineString"", ""coordinates"": [[-99.1567129547, 19.3015744134], [-99.1564916724, 19.3015167439], [-99.1559579128, 19.3014604192]]}","{""id"": ""TTI-0e6b35d1-b793-45b4-b4a5-22dc2fb82b8b-TTR24508065784012001"", ""iconCategory"": 1, ""magnitudeOfDelay"": 0, ""startTime"": ""2026-07-03T19:19:30Z"", ""endTime"": ""2026-07-05T12:00:00Z"", ""from"": ""Avenida del Imán (Circuito Estadio Azteca)"", ""to"": ""Calzada de Tlalpan (Circuito Estadio Azteca)"", ""length"": 80.4559503131, ""delay"": null, ""roadNumbers"": [], ""timeValidity"": ""present"", ""probabilityOfOccurrence"": ""certain"", ""numberOfReports"": null, ""lastReportTime"": null, ""events"": [{""code"": 214, ""description"": ""Incidente"", ""iconCategory"": 1}]}"
tomtom,tomtom_cdmx_incidents,2026-07-04T07:19:02Z,2026-07-04,20260704T071858Z,2026-07-04T07:18:59.168323,TTI-0e6b35d1-b793-45b4-b4a5-22dc2fb82b8b-TTR24496525336011000,Feature,LineString,19.3852888753,-99.1577013487,8,Road closed,4,,577.6040227853,Avenida Division del Norte (Eje 5 S),Avenida Universidad (Eje 5 S),,present,probable,,2026-07-04T03:14:00Z,,,Cerrado,401,"{""type"": ""LineString"", ""coordinates"": [[-99.161118483, 19.3860063291], [-99.1610125357, 19.3859835578], [-99.1605444902, 19.3859003795], [-99.1604398841, 19.3858681993], [-99.1597290987, 19.3857193163], [-99.1590478176, 19.3855718564], [-99.158937847, 19.3855516943], [-99.1585516089, 19.3854659065], [-99.1582672948, 19.385402811], [-99.1578019315, 19.3853089583], [-99.1577013487, 19.3852888753], [-99.1576637978, 19.3852821546], [-99.1574760431, 19.3852445976], [-99.1573660726, 19.3852257797], [-99.1572037989, 19.3851962876], [-99.1570737118, 19.3851667955], [-99.1566418761, 19.3850675661], [-99.1562140638, 19.3849696808], [-99.1560356969, 19.3849294356], [-99.1558693999, 19.3848891903], [-99.1557487005, 19.3848610423]]}","{""id"": ""TTI-0e6b35d1-b793-45b4-b4a5-22dc2fb82b8b-TTR24496525336011000"", ""iconCategory"": 8, ""magnitudeOfDelay"": 4, ""startTime"": ""2026-07-04T03:14:00Z"", ""endTime"": null, ""from"": ""Avenida Division del Norte (Eje 5 S)"", ""to"": ""Avenida Universidad (Eje 5 S)"", ""length"": 577.6040227853, ""delay"": null, ""roadNumbers"": [], ""timeValidity"": ""present"", ""probabilityOfOccurrence"": ""probable"", ""numberOfReports"": null, ""lastReportTime"": null, ""events"": [{""code"": 401, ""description"": ""Cerrado"", ""iconCategory"": 8}]}"
tomtom,tomtom_cdmx_incidents,2026-07-04T07:19:02Z,2026-07-04,20260704T071858Z,2026-07-04T07:18:59.168355,TTI-0e6b35d1-b793-45b4-b4a5-22dc2fb82b8b-TTR24508065860028000,Feature,LineString,19.3017943327,-99.1569489891,1,Accident,0,,264.1918004945,Calzada de Tlalpan (Circuito Estadio Azteca),Avenida del Imán (Circuito Estadio Azteca),,present,certain,,2026-07-03T19:19:30Z,2026-07-05T12:00:00Z,,Incidente,214,"{""type"": ""LineString"", ""coordinates"": [[-99.1555408293, 19.3015596994], [-99.1557044441, 19.3015824824], [-99.1559351141, 19.3016052654], [-99.1564514393, 19.3016642798], [-99.1566458994, 19.3017071561], [-99.156678086, 19.3017138803], [-99.1567719633, 19.3017353184], [-99.1569489891, 19.3017943327], [-99.1571126038, 19.3018506574], [-99.15721721, 19.3019003369], [-99.1574210578, 19.3020008826], [-99.1576088125, 19.3021175661], [-99.1577362174, 19.302216846], [-99.1578649634, 19.3023241156]]}","{""id"": ""TTI-0e6b35d1-b793-45b4-b4a5-22dc2fb82b8b-TTR24508065860028000"", ""iconCategory"": 1, ""magnitudeOfDelay"": 0, ""startTime"": ""2026-07-03T19:19:30Z"", ""endTime"": ""2026-07-05T12:00:00Z"", ""from"": ""Calzada de Tlalpan (Circuito Estadio Azteca)"", ""to"": ""Avenida del Imán (Circuito Estadio Azteca)"", ""length"": 264.1918004945, ""delay"": null, ""roadNumbers"": [], ""timeValidity"": ""present"", ""probabilityOfOccurrence"": ""certain"", ""numberOfReports"": null, ""lastReportTime"": null, ""events"": [{""code"": 214, ""description"": ""Incidente"", ""iconCategory"": 1}]}"
tomtom,tomtom_cdmx_incidents,2026-07-04T07:19:02Z,2026-07-04,20260704T071858Z,2026-07-04T07:18:59.168381,TTI-0e6b35d1-b793-45b4-b4a5-22dc2fb82b8b-TTR24510951240004001,Feature,LineString,19.301484547,-99.1551720256,1,Accident,0,,20.8889248389,Avenida del Imán (Circuito Estadio Azteca),Calzada de Tlalpan (Circuito Estadio Azteca),,present,certain,,2026-07-03T19:19:30Z,2026-07-05T12:00:00Z,,Incidente,214,"{""type"": ""LineString"", ""coordinates"": [[-99.1553383225, 19.3013813114], [-99.1551720256, 19.301484547]]}","{""id"": ""TTI-0e6b35d1-b793-45b4-b4a5-22dc2fb82b8b-TTR24510951240004001"", ""iconCategory"": 1, ""magnitudeOfDelay"": 0, ""startTime"": ""2026-07-03T19:19:30Z"", ""endTime"": ""2026-07-05T12:00:00Z"", ""from"": ""Avenida del Imán (Circuito Estadio Azteca)"", ""to"": ""Calzada de Tlalpan (Circuito Estadio Azteca)"", ""length"": 20.8889248389, ""delay"": null, ""roadNumbers"": [], ""timeValidity"": ""present"", ""probabilityOfOccurrence"": ""certain"", ""numberOfReports"": null, ""lastReportTime"": null, ""events"": [{""code"": 214, ""description"": ""Incidente"", ""iconCategory"": 1}]}"
tomtom,tomtom_cdmx_incidents,2026-07-04T07:19:02Z,2026-07-04,20260704T071858Z,2026-07-04T07:18:59.168397,TTI-0e6b35d1-b793-45b4-b4a5-22dc2fb82b8b-TTR24510951328006001,Feature,LineString,19.3015180887,-99.1553275937,1,Accident,0,,16.7466833573,Circuito Estadio Azteca,Avenida Del Imán / Circuito Estadio Azteca,,present,certain,,2026-07-03T19:22:30Z,2026-07-05T12:00:00Z,,Incidente,214,"{""type"": ""LineString"", ""coordinates"": [[-99.1551720256, 19.301484547], [-99.1553275937, 19.3015180887]]}","{""id"": ""TTI-0e6b35d1-b793-45b4-b4a5-22dc2fb82b8b-TTR24510951328006001"", ""iconCategory"": 1, ""magnitudeOfDelay"": 0, ""startTime"": ""2026-07-03T19:22:30Z"", ""endTime"": ""2026-07-05T12:00:00Z"", ""from"": ""Circuito Estadio Azteca"", ""to"": ""Avenida Del Imán / Circuito Estadio Azteca"", ""length"": 16.7466833573, ""delay"": null, ""roadNumbers"": [], ""timeValidity"": ""present"", ""probabilityOfOccurrence"": ""certain"", ""numberOfReports"": null, ""lastReportTime"": null, ""events"": [{""code"": 214, ""description"": ""Incidente"", ""iconCategory"": 1}]}"
tomtom,tomtom_cdmx_incidents,2026-07-04T07:19:02Z,2026-07-04,20260704T071858Z,2026-07-04T07:18:59.168412,TTI-0e6b35d1-b793-45b4-b4a5-22dc2fb82b8b-TTR24510951260012001,Feature,LineString,19.3013155728,-99.1550701016,1,Accident,0,,57.6982724935,Avenida Del Imán / Circuito Estadio Azteca,Calle Coscomate,,present,certain,,2026-07-03T19:22:30Z,2026-07-05T12:00:00Z,,Incidente,214,"{""type"": ""LineString"", ""coordinates"": [[-99.1553383225, 19.3013813114], [-99.15517739, 19.3013437351], [-99.1550701016, 19.3013155728], [-99.1548072452, 19.3012472236]]}","{""id"": ""TTI-0e6b35d1-b793-45b4-b4a5-22dc2fb82b8b-TTR24510951260012001"", ""iconCategory"": 1, ""magnitudeOfDelay"": 0, ""startTime"": ""2026-07-03T19:22:30Z"", ""endTime"": ""2026-07-05T12:00:00Z"", ""from"": ""Avenida Del Imán / Circuito Estadio Azteca"", ""to"": ""Calle Coscomate"", ""length"": 57.6982724935, ""delay"": null, ""roadNumbers"": [], ""timeValidity"": ""present"", ""probabilityOfOccurrence"": ""certain"", ""numberOfReports"": null, ""lastReportTime"": null, ""events"": [{""code"": 214, ""description"": ""Incidente"", ""iconCategory"": 1}]}"
tomtom,tomtom_cdmx_incidents,2026-07-04T07:19:02Z,2026-07-04,20260704T071858Z,2026-07-04T07:18:59.168429,TTI-0e6b35d1-b793-45b4-b4a5-22dc2fb82b8b-TTR24510951372015002,Feature,LineString,19.3030590213,-99.1546315605,8,Road closed,4,,63.8756833956,Circuito Estadio Azteca,Circuito Estadio Azteca,,present,certain,,2026-06-04T23:25:00Z,,,Cerrado,401,"{""type"": ""LineString"", ""coordinates"": [[-99.1548461372, 19.3027009826], [-99.1547133678, 19.3029074522], [-99.1546717936, 19.3029852935], [-99.1546315605, 19.3030590213], [-99.154599374, 19.3030925626], [-99.1545537764, 19.3031126558], [-99.1544800157, 19.3031207247]]}","{""id"": ""TTI-0e6b35d1-b793-45b4-b4a5-22dc2fb82b8b-TTR24510951372015002"", ""iconCategory"": 8, ""magnitudeOfDelay"": 4, ""startTime"": ""2026-06-04T23:25:00Z"", ""endTime"": null, ""from"": ""Circuito Estadio Azteca"", ""to"": ""Circuito Estadio Azteca"", ""length"": 63.8756833956, ""delay"": null, ""roadNumbers"": [], ""timeValidity"": ""present"", ""probabilityOfOccurrence"": ""certain"", ""numberOfReports"": null, ""lastReportTime"": null, ""events"": [{""code"": 401, ""description"": ""Cerrado"", ""iconCategory"": 8}]}"
tomtom,tomtom_cdmx_incidents,2026-07-04T07:19:02Z,2026-07-04,20260704T071858Z,2026-07-04T07:18:59.168448,TTI-0e6b35d1-b793-45b4-b4a5-22dc2fb82b8b-TTR24510951444015002,Feature,LineString,19.3030590213,-99.1546315605,8,Road closed,4,,63.8756833956,Circuito Estadio Azteca,Circuito Estadio Azteca,,present,certain,,2026-06-04T23:25:00Z,,,Cerrado,401,"{""type"": ""LineString"", ""coordinates"": [[-99.1544800157, 19.3031207247], [-99.1545537764, 19.3031126558], [-99.154599374, 19.3030925626], [-99.1546315605, 19.3030590213], [-99.1546717936, 19.3029852935], [-99.1547133678, 19.3029074522], [-99.1548461372, 19.3027009826]]}","{""id"": ""TTI-0e6b35d1-b793-45b4-b4a5-22dc2fb82b8b-TTR24510951444015002"", ""iconCategory"": 8, ""magnitudeOfDelay"": 4, ""startTime"": ""2026-06-04T23:25:00Z"", ""endTime"": null, ""from"": ""Circuito Estadio Azteca"", ""to"": ""Circuito Estadio Azteca"", ""length"": 63.8756833956, ""delay"": null, ""roadNumbers"": [], ""timeValidity"": ""present"", ""probabilityOfOccurrence"": ""certain"", ""numberOfReports"": null, ""lastReportTime"": null, ""events"": [{""code"": 401, ""description"": ""Cerrado"", ""iconCategory"": 8}]}"
tomtom,tomtom_cdmx_incidents,2026-07-04T07:19:02Z,2026-07-04,20260704T071858Z,2026-07-04T07:18:59.168467,TTI-0e6b35d1-b793-45b4-b4a5-22dc2fb82b8b-TTR24510951372015003,Feature,LineString,19.303390242,-99.154573893,8,Road closed,4,,57.7373725106,Circuito Estadio Azteca,Circuito Estadio Azteca,,present,certain,,2026-06-04T23:25:00Z,,,Cerrado,401,"{""type"": ""LineString"", ""coordinates"": [[-99.1547562832, 19.3031126558], [-99.1546677703, 19.3032480869], [-99.154573893, 19.303390242], [-99.1545054966, 19.3034479108], [-99.1544102782, 19.3035042349]]}","{""id"": ""TTI-0e6b35d1-b793-45b4-b4a5-22dc2fb82b8b-TTR24510951372015003"", ""iconCategory"": 8, ""magnitudeOfDelay"": 4, ""startTime"": ""2026-06-04T23:25:00Z"", ""endTime"": null, ""from"": ""Circuito Estadio Azteca"", ""to"": ""Circuito Estadio Azteca"", ""length"": 57.7373725106, ""delay"": null, ""roadNumbers"": [], ""timeValidity"": ""present"", ""probabilityOfOccurrence"": ""certain"", ""numberOfReports"": null, ""lastReportTime"": null, ""events"": [{""code"": 401, ""description"": ""Cerrado"", ""iconCategory"": 8}]}"
tomtom,tomtom_cdmx_incidents,2026-07-04T07:19:02Z,2026-07-04,20260704T071858Z,2026-07-04T07:18:59.168484,TTI-0e6b35d1-b793-45b4-b4a5-22dc2fb82b8b-TTR24510951444015003,Feature,LineString,19.303390242,-99.154573893,8,Road closed,4,,57.7373725106,Circuito Estadio Azteca,Circuito Estadio Azteca,,present,certain,,2026-06-04T23:25:00Z,,,Cerrado,401,"{""type"": ""LineString"", ""coordinates"": [[-99.1544102782, 19.3035042349], [-99.1545054966, 19.3034479108], [-99.154573893, 19.303390242], [-99.1546677703, 19.3032480869], [-99.1547562832, 19.3031126558]]}","{""id"": ""TTI-0e6b35d1-b793-45b4-b4a5-22dc2fb82b8b-TTR24510951444015003"", ""iconCategory"": 8, ""magnitudeOfDelay"": 4, ""startTime"": ""2026-06-04T23:25:00Z"", ""endTime"": null, ""from"": ""Circuito Estadio Azteca"", ""to"": ""Circuito Estadio Azteca"", ""length"": 57.7373725106, ""delay"": null, ""roadNumbers"": [], ""timeValidity"": ""present"", ""probabilityOfOccurrence"": ""certain"", ""numberOfReports"": null, ""lastReportTime"": null, ""events"": [{""code"": 401, ""description"": ""Cerrado"", ""iconCategory"": 8}]}"
tomtom,tomtom_cdmx_incidents,2026-07-04T07:19:02Z,2026-07-04,20260704T071858Z,2026-07-04T07:18:59.168514,TTI-0e6b35d1-b793-45b4-b4a5-22dc2fb82b8b-TTR24510951372007001,Feature,LineString,19.3039615506,-99.1544022316,8,Road closed,4,,49.0420211164,Circuito Estadio Azteca,Circuito Estadio Azteca,,present,certain,,2026-06-04T23:25:00Z,,,Cerrado,401,"{""type"": ""LineString"", ""coordinates"": [[-99.1546221727, 19.3036839654], [-99.154548412, 19.3037765202], [-99.1544022316, 19.3039615506], [-99.1543029899, 19.3039495264]]}","{""id"": ""TTI-0e6b35d1-b793-45b4-b4a5-22dc2fb82b8b-TTR24510951372007001"", ""iconCategory"": 8, ""magnitudeOfDelay"": 4, ""startTime"": ""2026-06-04T23:25:00Z"", ""endTime"": null, ""from"": ""Circuito Estadio Azteca"", ""to"": ""Circuito Estadio Azteca"", ""length"": 49.0420211164, ""delay"": null, ""roadNumbers"": [], ""timeValidity"": ""present"", ""probabilityOfOccurrence"": ""certain"", ""numberOfReports"": null, ""lastReportTime"": null, ""events"": [{""code"": 401, ""description"": ""Cerrado"", ""iconCategory"": 8}]}"
tomtom,tomtom_cdmx_incidents,2026-07-04T07:19:02Z,2026-07-04,20260704T071858Z,2026-07-04T07:18:59.168533,TTI-0e6b35d1-b793-45b4-b4a5-22dc2fb82b8b-TTR24510951444007001,Feature,LineString,19.3037765202,-99.154548412,8,Road closed,4,,49.0420211164,Circuito Estadio Azteca,Circuito Estadio Azteca,,present,certain,,2026-06-04T23:25:00Z,,,Cerrado,401,"{""type"": ""LineString"", ""coordinates"": [[-99.1543029899, 19.3039495264], [-99.1544022316, 19.3039615506], [-99.154548412, 19.3037765202], [-99.1546221727, 19.3036839654]]}","{""id"": ""TTI-0e6b35d1-b793-45b4-b4a5-22dc2fb82b8b-TTR24510951444007001"", ""iconCategory"": 8, ""magnitudeOfDelay"": 4, ""startTime"": ""2026-06-04T23:25:00Z"", ""endTime"": null, ""from"": ""Circuito Estadio Azteca"", ""to"": ""Circuito Estadio Azteca"", ""length"": 49.0420211164, ""delay"": null, ""roadNumbers"": [], ""timeValidity"": ""present"", ""probabilityOfOccurrence"": ""certain"", ""numberOfReports"": null, ""lastReportTime"": null, ""events"": [{""code"": 401, ""description"": ""Cerrado"", ""iconCategory"": 8}]}"
tomtom,tomtom_cdmx_incidents,2026-07-04T07:19:02Z,2026-07-04,20260704T071858Z,2026-07-04T07:18:59.168550,TTI-0e6b35d1-b793-45b4-b4a5-22dc2fb82b8b-TTR24510951452007001,Feature,LineString,19.3042150869,-99.1543874795,8,Road closed,4,,41.5878300508,Circuito Estadio Azteca,Circuito Estadio Azteca,,present,certain,,2026-06-04T23:25:00Z,,,Cerrado,401,"{""type"": ""LineString"", ""coordinates"": [[-99.1541621739, 19.3043411034], [-99.1542573923, 19.3043156312], [-99.1543874795, 19.3042150869], [-99.1544880623, 19.304138591]]}","{""id"": ""TTI-0e6b35d1-b793-45b4-b4a5-22dc2fb82b8b-TTR24510951452007001"", ""iconCategory"": 8, ""magnitudeOfDelay"": 4, ""startTime"": ""2026-06-04T23:25:00Z"", ""endTime"": null, ""from"": ""Circuito Estadio Azteca"", ""to"": ""Circuito Estadio Azteca"", ""length"": 41.5878300508, ""delay"": null, ""roadNumbers"": [], ""timeValidity"": ""present"", ""probabilityOfOccurrence"": ""certain"", ""numberOfReports"": null, ""lastReportTime"": null, ""events"": [{""code"": 401, ""description"": ""Cerrado"", ""iconCategory"": 8}]}"
tomtom,tomtom_cdmx_incidents,2026-07-04T07:19:02Z,2026-07-04,20260704T071858Z,2026-07-04T07:18:59.168567,TTI-0e6b35d1-b793-45b4-b4a5-22dc2fb82b8b-TTR24510951380007001,Feature,LineString,19.3043156312,-99.1542573923,8,Road closed,4,,41.5878300508,Circuito Estadio Azteca,Circuito Estadio Azteca,,present,certain,,2026-06-04T23:25:00Z,,,Cerrado,401,"{""type"": ""LineString"", ""coordinates"": [[-99.1544880623, 19.304138591], [-99.1543874795, 19.3042150869], [-99.1542573923, 19.3043156312], [-99.1541621739, 19.3043411034]]}","{""id"": ""TTI-0e6b35d1-b793-45b4-b4a5-22dc2fb82b8b-TTR24510951380007001"", ""iconCategory"": 8, ""magnitudeOfDelay"": 4, ""startTime"": ""2026-06-04T23:25:00Z"", ""endTime"": null, ""from"": ""Circuito Estadio Azteca"", ""to"": ""Circuito Estadio Azteca"", ""length"": 41.5878300508, ""delay"": null, ""roadNumbers"": [], ""timeValidity"": ""present"", ""probabilityOfOccurrence"": ""certain"", ""numberOfReports"": null, ""lastReportTime"": null, ""events"": [{""code"": 401, ""description"": ""Cerrado"", ""iconCategory"": 8}]}"
tomtom,tomtom_cdmx_incidents,2026-07-04T07:19:02Z,2026-07-04,20260704T071858Z,2026-07-04T07:18:59.168585,TTI-0e6b35d1-b793-45b4-b4a5-22dc2fb82b8b-TTR24510951264012001,Feature,LineString,19.3008300872,-99.15382958,1,Accident,0,,73.4733521399,Avenida Del Imán / Circuito Estadio Azteca,Calzada de Tlalpan,,present,certain,,2026-07-03T19:19:30Z,2026-07-05T12:00:00Z,,Incidente,214,"{""type"": ""LineString"", ""coordinates"": [[-99.1541098708, 19.3009561854], [-99.1539771015, 19.3008944812], [-99.15382958, 19.3008300872], [-99.153483575, 19.3006611122]]}","{""id"": ""TTI-0e6b35d1-b793-45b4-b4a5-22dc2fb82b8b-TTR24510951264012001"", ""iconCategory"": 1, ""magnitudeOfDelay"": 0, ""startTime"": ""2026-07-03T19:19:30Z"", ""endTime"": ""2026-07-05T12:00:00Z"", ""from"": ""Avenida Del Imán / Circuito Estadio Azteca"", ""to"": ""Calzada de Tlalpan"", ""length"": 73.4733521399, ""delay"": null, ""roadNumbers"": [], ""timeValidity"": ""present"", ""probabilityOfOccurrence"": ""certain"", ""numberOfReports"": null, ""lastReportTime"": null, ""events"": [{""code"": 214, ""description"": ""Incidente"", ""iconCategory"": 1}]}"
tomtom,tomtom_cdmx_incidents,2026-07-04T07:19:02Z,2026-07-04,20260704T071858Z,2026-07-04T07:18:59.168606,TTI-0e6b35d1-b793-45b4-b4a5-22dc2fb82b8b-TTR24510951236015001,Feature,LineString,19.301944558,-99.1534232253,8,Road closed,4,,127.0630255471,Calzada de Tlalpan / Entrada B Estadio Azteca,Circuito Estadio Azteca,,present,certain,,2026-06-04T23:25:00Z,,,Cerrado,401,"{""type"": ""LineString"", ""coordinates"": [[-99.1533883566, 19.3014081289], [-99.153432613, 19.3014953057], [-99.1534567529, 19.301523468], [-99.1534527296, 19.3016481418], [-99.153444683, 19.3017621359], [-99.1534232253, 19.301944558], [-99.1534084732, 19.302096128], [-99.153393721, 19.3022369392], [-99.15338031, 19.30238044], [-99.1533655578, 19.3025293199]]}","{""id"": ""TTI-0e6b35d1-b793-45b4-b4a5-22dc2fb82b8b-TTR24510951236015001"", ""iconCategory"": 8, ""magnitudeOfDelay"": 4, ""startTime"": ""2026-06-04T23:25:00Z"", ""endTime"": null, ""from"": ""Calzada de Tlalpan / Entrada B Estadio Azteca"", ""to"": ""Circuito Estadio Azteca"", ""length"": 127.0630255471, ""delay"": null, ""roadNumbers"": [], ""timeValidity"": ""present"", ""probabilityOfOccurrence"": ""certain"", ""numberOfReports"": null, ""lastReportTime"": null, ""events"": [{""code"": 401, ""description"": ""Cerrado"", ""iconCategory"": 8}]}"
tomtom,tomtom_cdmx_incidents,2026-07-04T07:19:02Z,2026-07-04,20260704T071858Z,2026-07-04T07:18:59.168628,TTI-0e6b35d1-b793-45b4-b4a5-22dc2fb82b8b-TTR24510951288015001,Feature,LineString,19.3017621359,-99.153444683,8,Road closed,4,,127.0630255471,Circuito Estadio Azteca,Calzada de Tlalpan / Entrada B Estadio Azteca,,present,certain,,2026-06-04T23:25:00Z,,,Cerrado,401,"{""type"": ""LineString"", ""coordinates"": [[-99.1533655578, 19.3025293199], [-99.15338031, 19.30238044], [-99.153393721, 19.3022369392], [-99.1534084732, 19.302096128], [-99.1534232253, 19.301944558], [-99.153444683, 19.3017621359], [-99.1534527296, 19.3016481418], [-99.1534567529, 19.301523468], [-99.153432613, 19.3014953057], [-99.1533883566, 19.3014081289]]}","{""id"": ""TTI-0e6b35d1-b793-45b4-b4a5-22dc2fb82b8b-TTR24510951288015001"", ""iconCategory"": 8, ""magnitudeOfDelay"": 4, ""startTime"": ""2026-06-04T23:25:00Z"", ""endTime"": null, ""from"": ""Circuito Estadio Azteca"", ""to"": ""Calzada de Tlalpan / Entrada B Estadio Azteca"", ""length"": 127.0630255471, ""delay"": null, ""roadNumbers"": [], ""timeValidity"": ""present"", ""probabilityOfOccurrence"": ""certain"", ""numberOfReports"": null, ""lastReportTime"": null, ""events"": [{""code"": 401, ""description"": ""Cerrado"", ""iconCategory"": 8}]}"
tomtom,tomtom_cdmx_incidents,2026-07-04T07:19:02Z,2026-07-04,20260704T071858Z,2026-07-04T07:18:59.168650,TTI-0e6b35d1-b793-45b4-b4a5-22dc2fb82b8b-TTR24510951240014002,Feature,LineString,19.301109022,-99.1533508057,1,Accident,0,,59.0471868921,Calle Luís Murillo,Calle Jicualmas,,present,certain,,2026-07-03T19:22:30Z,2026-07-05T12:00:00Z,,Incidente,214,"{""type"": ""LineString"", ""coordinates"": [[-99.15382958, 19.3008300872], [-99.1533508057, 19.301109022]]}","{""id"": ""TTI-0e6b35d1-b793-45b4-b4a5-22dc2fb82b8b-TTR24510951240014002"", ""iconCategory"": 1, ""magnitudeOfDelay"": 0, ""startTime"": ""2026-07-03T19:22:30Z"", ""endTime"": ""2026-07-05T12:00:00Z"", ""from"": ""Calle Luís Murillo"", ""to"": ""Calle Jicualmas"", ""length"": 59.0471868921, ""delay"": null, ""roadNumbers"": [], ""timeValidity"": ""present"", ""probabilityOfOccurrence"": ""certain"", ""numberOfReports"": null, ""lastReportTime"": null, ""events"": [{""code"": 214, ""description"": ""Incidente"", ""iconCategory"": 1}]}"
tomtom,tomtom_cdmx_incidents,2026-07-04T07:19:02Z,2026-07-04,20260704T071858Z,2026-07-04T07:18:59.168667,TTI-0e6b35d1-b793-45b4-b4a5-22dc2fb82b8b-TTR24490755112014002,Feature,LineString,19.4353884678,-99.1534634584,0,Unknown,0,,101.3373603743,Calle Ignacio Ramírez,Calle José María La Fragua,,present,certain,,2026-06-24T14:43:00Z,2026-07-20T04:00:00Z,,Partido de fútbol,1459,"{""type"": ""LineString"", ""coordinates"": [[-99.1542909199, 19.4355239471], [-99.1536874229, 19.4354300443], [-99.1535211259, 19.4353951865], [-99.1534634584, 19.4353884678], [-99.1534124965, 19.4353871241], [-99.1533373946, 19.435392499]]}","{""id"": ""TTI-0e6b35d1-b793-45b4-b4a5-22dc2fb82b8b-TTR24490755112014002"", ""iconCategory"": 0, ""magnitudeOfDelay"": 0, ""startTime"": ""2026-06-24T14:43:00Z"", ""endTime"": ""2026-07-20T04:00:00Z"", ""from"": ""Calle Ignacio Ramírez"", ""to"": ""Calle José María La Fragua"", ""length"": 101.3373603743, ""delay"": null, ""roadNumbers"": [], ""timeValidity"": ""present"", ""probabilityOfOccurrence"": ""certain"", ""numberOfReports"": null, ""lastReportTime"": null, ""events"": [{""code"": 1459, ""description"": ""Partido de fútbol"", ""iconCategory"": 0}]}"
tomtom,tomtom_cdmx_incidents,2026-07-04T07:19:02Z,2026-07-04,20260704T071858Z,2026-07-04T07:18:59.168686,TTI-0e6b35d1-b793-45b4-b4a5-22dc2fb82b8b-TTR24510951308015001,Feature,LineString,19.2999047574,-99.1539636904,1,Accident,0,,106.1974641021,Calle Luís Murillo,Callejón de las Ánimas / Privada Leonardo Oliva,,present,certain,,2026-07-03T19:22:30Z,2026-07-05T12:00:00Z,,Incidente,214,"{""type"": ""LineString"", ""coordinates"": [[-99.1532381529, 19.3005403931], [-99.1536485309, 19.3001769696], [-99.1539636904, 19.2999047574], [-99.1539824659, 19.2998939986]]}","{""id"": ""TTI-0e6b35d1-b793-45b4-b4a5-22dc2fb82b8b-TTR24510951308015001"", ""iconCategory"": 1, ""magnitudeOfDelay"": 0, ""startTime"": ""2026-07-03T19:22:30Z"", ""endTime"": ""2026-07-05T12:00:00Z"", ""from"": ""Calle Luís Murillo"", ""to"": ""Callejón de las Ánimas / Privada Leonardo Oliva"", ""length"": 106.1974641021, ""delay"": null, ""roadNumbers"": [], ""timeValidity"": ""present"", ""probabilityOfOccurrence"": ""certain"", ""numberOfReports"": null, ""lastReportTime"": null, ""events"": [{""code"": 214, ""description"": ""Incidente"", ""iconCategory"": 1}]}"
tomtom,tomtom_cdmx_incidents,2026-07-04T07:19:02Z,2026-07-04,20260704T071858Z,2026-07-04T07:18:59.168703,TTI-0e6b35d1-b793-45b4-b4a5-22dc2fb82b8b-TTR24510951328014001,Feature,LineString,19.3013504593,-99.1541527862,1,Accident,0,,112.1311241469,Calle Coscomate,Circuito Estadio Azteca,,present,certain,,2026-07-03T19:19:30Z,2026-07-05T12:00:00Z,,Incidente,214,"{""type"": ""LineString"", ""coordinates"": [[-99.1530879492, 19.301267317], [-99.1541527862, 19.3013504593]]}","{""id"": ""TTI-0e6b35d1-b793-45b4-b4a5-22dc2fb82b8b-TTR24510951328014001"", ""iconCategory"": 1, ""magnitudeOfDelay"": 0, ""startTime"": ""2026-07-03T19:19:30Z"", ""endTime"": ""2026-07-05T12:00:00Z"", ""from"": ""Calle Coscomate"", ""to"": ""Circuito Estadio Azteca"", ""length"": 112.1311241469, ""delay"": null, ""roadNumbers"": [], ""timeValidity"": ""present"", ""probabilityOfOccurrence"": ""certain"", ""numberOfReports"": null, ""lastReportTime"": null, ""events"": [{""code"": 214, ""description"": ""Incidente"", ""iconCategory"": 1}]}"
tomtom,tomtom_cdmx_incidents,2026-07-04T07:19:02Z,2026-07-04,20260704T071858Z,2026-07-04T07:18:59.168721,TTI-0e6b35d1-b793-45b4-b4a5-22dc2fb82b8b-TTR24510951232007002,Feature,LineString,19.3013330556,-99.1530195529,8,Road closed,4,,19.1131501593,Calle Coscomate / Calle Jicualmas,Calzada de Tlalpan / Entrada B Estadio Azteca,,present,certain,,2026-06-04T23:25:00Z,,,Cerrado,401,"{""type"": ""LineString"", ""coordinates"": [[-99.1530879492, 19.301267317], [-99.1530195529, 19.3013330556], [-99.1529659087, 19.3013946806]]}","{""id"": ""TTI-0e6b35d1-b793-45b4-b4a5-22dc2fb82b8b-TTR24510951232007002"", ""iconCategory"": 8, ""magnitudeOfDelay"": 4, ""startTime"": ""2026-06-04T23:25:00Z"", ""endTime"": null, ""from"": ""Calle Coscomate / Calle Jicualmas"", ""to"": ""Calzada de Tlalpan / Entrada B Estadio Azteca"", ""length"": 19.1131501593, ""delay"": null, ""roadNumbers"": [], ""timeValidity"": ""present"", ""probabilityOfOccurrence"": ""certain"", ""numberOfReports"": null, ""lastReportTime"": null, ""events"": [{""code"": 401, ""description"": ""Cerrado"", ""iconCategory"": 8}]}"
tomtom,tomtom_cdmx_incidents,2026-07-04T07:19:02Z,2026-07-04,20260704T071858Z,2026-07-04T07:18:59.168737,TTI-0e6b35d1-b793-45b4-b4a5-22dc2fb82b8b-TTR24510951304007001,Feature,LineString,19.3013330556,-99.1530195529,8,Road closed,4,,19.1131501593,Calzada de Tlalpan / Entrada B Estadio Azteca,Calle Coscomate / Calle Jicualmas,,present,certain,,2026-06-04T23:25:00Z,,,Cerrado,401,"{""type"": ""LineString"", ""coordinates"": [[-99.1529659087, 19.3013946806], [-99.1530195529, 19.3013330556], [-99.1530879492, 19.301267317]]}","{""id"": ""TTI-0e6b35d1-b793-45b4-b4a5-22dc2fb82b8b-TTR24510951304007001"", ""iconCategory"": 8, ""magnitudeOfDelay"": 4, ""startTime"": ""2026-06-04T23:25:00Z"", ""endTime"": null, ""from"": ""Calzada de Tlalpan / Entrada B Estadio Azteca"", ""to"": ""Calle Coscomate / Calle Jicualmas"", ""length"": 19.1131501593, ""delay"": null, ""roadNumbers"": [], ""timeValidity"": ""present"", ""probabilityOfOccurrence"": ""certain"", ""numberOfReports"": null, ""lastReportTime"": null, ""events"": [{""code"": 401, ""description"": ""Cerrado"", ""iconCategory"": 8}]}"
tomtom,tomtom_cdmx_incidents,2026-07-04T07:19:02Z,2026-07-04,20260704T071858Z,2026-07-04T07:18:59.168753,TTI-0e6b35d1-b793-45b4-b4a5-22dc2fb82b8b-TTR24510951400007010,Feature,LineString,19.3032025213,-99.1529618854,8,Road closed,4,,35.3106296369,Circuito Estadio Azteca,Circuito Estadio Azteca,,present,certain,,2026-06-04T23:25:00Z,,,Cerrado,401,"{""type"": ""LineString"", ""coordinates"": [[-99.1532958204, 19.3032414419], [-99.1529618854, 19.3032025213]]}","{""id"": ""TTI-0e6b35d1-b793-45b4-b4a5-22dc2fb82b8b-TTR24510951400007010"", ""iconCategory"": 8, ""magnitudeOfDelay"": 4, ""startTime"": ""2026-06-04T23:25:00Z"", ""endTime"": null, ""from"": ""Circuito Estadio Azteca"", ""to"": ""Circuito Estadio Azteca"", ""length"": 35.3106296369, ""delay"": null, ""roadNumbers"": [], ""timeValidity"": ""present"", ""probabilityOfOccurrence"": ""certain"", ""numberOfReports"": null, ""lastReportTime"": null, ""events"": [{""code"": 401, ""description"": ""Cerrado"", ""iconCategory"": 8}]}"
tomtom,tomtom_cdmx_incidents,2026-07-04T07:19:02Z,2026-07-04,20260704T071858Z,2026-07-04T07:18:59.168769,TTI-0e6b35d1-b793-45b4-b4a5-22dc2fb82b8b-TTR24510951472007011,Feature,LineString,19.3032414419,-99.1532958204,8,Road closed,4,,35.3106296369,Circuito Estadio Azteca,Circuito Estadio Azteca,,present,certain,,2026-06-04T23:25:00Z,,,Cerrado,401,"{""type"": ""LineString"", ""coordinates"": [[-99.1529618854, 19.3032025213], [-99.1532958204, 19.3032414419]]}","{""id"": ""TTI-0e6b35d1-b793-45b4-b4a5-22dc2fb82b8b-TTR24510951472007011"", ""iconCategory"": 8, ""magnitudeOfDelay"": 4, ""startTime"": ""2026-06-04T23:25:00Z"", ""endTime"": null, ""from"": ""Circuito Estadio Azteca"", ""to"": ""Circuito Estadio Azteca"", ""length"": 35.3106296369, ""delay"": null, ""roadNumbers"": [], ""timeValidity"": ""present"", ""probabilityOfOccurrence"": ""certain"", ""numberOfReports"": null, ""lastReportTime"": null, ""events"": [{""code"": 401, ""description"": ""Cerrado"", ""iconCategory"": 8}]}"
tomtom,tomtom_cdmx_incidents,2026-07-04T07:19:02Z,2026-07-04,20260704T071858Z,2026-07-04T07:18:59.168784,TTI-0e6b35d1-b793-45b4-b4a5-22dc2fb82b8b-TTR24510951400007009,Feature,LineString,19.3030603661,-99.1529605443,8,Road closed,4,,36.8476251261,Circuito Estadio Azteca,Circuito Estadio Azteca,,present,certain,,2026-06-04T23:25:00Z,,,Cerrado,401,"{""type"": ""LineString"", ""coordinates"": [[-99.1533092314, 19.3030992867], [-99.1529605443, 19.3030603661]]}","{""id"": ""TTI-0e6b35d1-b793-45b4-b4a5-22dc2fb82b8b-TTR24510951400007009"", ""iconCategory"": 8, ""magnitudeOfDelay"": 4, ""startTime"": ""2026-06-04T23:25:00Z"", ""endTime"": null, ""from"": ""Circuito Estadio Azteca"", ""to"": ""Circuito Estadio Azteca"", ""length"": 36.8476251261, ""delay"": null, ""roadNumbers"": [], ""timeValidity"": ""present"", ""probabilityOfOccurrence"": ""certain"", ""numberOfReports"": null, ""lastReportTime"": null, ""events"": [{""code"": 401, ""description"": ""Cerrado"", ""iconCategory"": 8}]}"
tomtom,tomtom_cdmx_incidents,2026-07-04T07:19:02Z,2026-07-04,20260704T071858Z,2026-07-04T07:18:59.168799,TTI-0e6b35d1-b793-45b4-b4a5-22dc2fb82b8b-TTR24510951472007009,Feature,LineString,19.3030992867,-99.1533092314,8,Road closed,4,,36.8476251261,Circuito Estadio Azteca,Circuito Estadio Azteca,,present,certain,,2026-06-04T23:25:00Z,,,Cerrado,401,"{""type"": ""LineString"", ""coordinates"": [[-99.1529605443, 19.3030603661], [-99.1533092314, 19.3030992867]]}","{""id"": ""TTI-0e6b35d1-b793-45b4-b4a5-22dc2fb82b8b-TTR24510951472007009"", ""iconCategory"": 8, ""magnitudeOfDelay"": 4, ""startTime"": ""2026-06-04T23:25:00Z"", ""endTime"": null, ""from"": ""Circuito Estadio Azteca"", ""to"": ""Circuito Estadio Azteca"", ""length"": 36.8476251261, ""delay"": null, ""roadNumbers"": [], ""timeValidity"": ""present"", ""probabilityOfOccurrence"": ""certain"", ""numberOfReports"": null, ""lastReportTime"": null, ""events"": [{""code"": 401, ""description"": ""Cerrado"", ""iconCategory"": 8}]}"
tomtom,tomtom_cdmx_incidents,2026-07-04T07:19:02Z,2026-07-04,20260704T071858Z,2026-07-04T07:18:59.168814,TTI-0e6b35d1-b793-45b4-b4a5-22dc2fb82b8b-TTR24510951400007007,Feature,LineString,19.3029141763,-99.1529592032,8,Road closed,4,,38.4758337665,Circuito Estadio Azteca,Circuito Estadio Azteca,,present,certain,,2026-06-04T23:25:00Z,,,Cerrado,401,"{""type"": ""LineString"", ""coordinates"": [[-99.1533226425, 19.302959742], [-99.1529592032, 19.3029141763]]}","{""id"": ""TTI-0e6b35d1-b793-45b4-b4a5-22dc2fb82b8b-TTR24510951400007007"", ""iconCategory"": 8, ""magnitudeOfDelay"": 4, ""startTime"": ""2026-06-04T23:25:00Z"", ""endTime"": null, ""from"": ""Circuito Estadio Azteca"", ""to"": ""Circuito Estadio Azteca"", ""length"": 38.4758337665, ""delay"": null, ""roadNumbers"": [], ""timeValidity"": ""present"", ""probabilityOfOccurrence"": ""certain"", ""numberOfReports"": null, ""lastReportTime"": null, ""events"": [{""code"": 401, ""description"": ""Cerrado"", ""iconCategory"": 8}]}"
tomtom,tomtom_cdmx_incidents,2026-07-04T07:19:02Z,2026-07-04,20260704T071858Z,2026-07-04T07:18:59.168829,TTI-0e6b35d1-b793-45b4-b4a5-22dc2fb82b8b-TTR24510951472007007,Feature,LineString,19.302959742,-99.1533226425,8,Road closed,4,,38.4758337665,Circuito Estadio Azteca,Circuito Estadio Azteca,,present,certain,,2026-06-04T23:25:00Z,,,Cerrado,401,"{""type"": ""LineString"", ""coordinates"": [[-99.1529592032, 19.3029141763], [-99.1533226425, 19.302959742]]}","{""id"": ""TTI-0e6b35d1-b793-45b4-b4a5-22dc2fb82b8b-TTR24510951472007007"", ""iconCategory"": 8, ""magnitudeOfDelay"": 4, ""startTime"": ""2026-06-04T23:25:00Z"", ""endTime"": null, ""from"": ""Circuito Estadio Azteca"", ""to"": ""Circuito Estadio Azteca"", ""length"": 38.4758337665, ""delay"": null, ""roadNumbers"": [], ""timeValidity"": ""present"", ""probabilityOfOccurrence"": ""certain"", ""numberOfReports"": null, ""lastReportTime"": null, ""events"": [{""code"": 401, ""description"": ""Cerrado"", ""iconCategory"": 8}]}"
tomtom,tomtom_cdmx_incidents,2026-07-04T07:19:02Z,2026-07-04,20260704T071858Z,2026-07-04T07:18:59.168847,TTI-0e6b35d1-b793-45b4-b4a5-22dc2fb82b8b-TTR24510951400007011,Feature,LineString,19.3033634247,-99.1529457921,8,Road closed,4,,35.3519643626,Circuito Estadio Azteca,Circuito Estadio Azteca,,present,certain,,2026-06-04T23:25:00Z,,,Cerrado,401,"{""type"": ""LineString"", ""coordinates"": [[-99.1532810682, 19.3033942764], [-99.1529457921, 19.3033634247]]}","{""id"": ""TTI-0e6b35d1-b793-45b4-b4a5-22dc2fb82b8b-TTR24510951400007011"", ""iconCategory"": 8, ""magnitudeOfDelay"": 4, ""startTime"": ""2026-06-04T23:25:00Z"", ""endTime"": null, ""from"": ""Circuito Estadio Azteca"", ""to"": ""Circuito Estadio Azteca"", ""length"": 35.3519643626, ""delay"": null, ""roadNumbers"": [], ""timeValidity"": ""present"", ""probabilityOfOccurrence"": ""certain"", ""numberOfReports"": null, ""lastReportTime"": null, ""events"": [{""code"": 401, ""description"": ""Cerrado"", ""iconCategory"": 8}]}"
tomtom,tomtom_cdmx_incidents,2026-07-04T07:19:02Z,2026-07-04,20260704T071858Z,2026-07-04T07:18:59.168863,TTI-0e6b35d1-b793-45b4-b4a5-22dc2fb82b8b-TTR24510951472007010,Feature,LineString,19.3033942764,-99.1532810682,8,Road closed,4,,35.3519643626,Circuito Estadio Azteca,Circuito Estadio Azteca,,present,certain,,2026-06-04T23:25:00Z,,,Cerrado,401,"{""type"": ""LineString"", ""coordinates"": [[-99.1529457921, 19.3033634247], [-99.1532810682, 19.3033942764]]}","{""id"": ""TTI-0e6b35d1-b793-45b4-b4a5-22dc2fb82b8b-TTR24510951472007010"", ""iconCategory"": 8, ""magnitudeOfDelay"": 4, ""startTime"": ""2026-06-04T23:25:00Z"", ""endTime"": null, ""from"": ""Circuito Estadio Azteca"", ""to"": ""Circuito Estadio Azteca"", ""length"": 35.3519643626, ""delay"": null, ""roadNumbers"": [], ""timeValidity"": ""present"", ""probabilityOfOccurrence"": ""certain"", ""numberOfReports"": null, ""lastReportTime"": null, ""events"": [{""code"": 401, ""description"": ""Cerrado"", ""iconCategory"": 8}]}"
tomtom,tomtom_cdmx_incidents,2026-07-04T07:19:02Z,2026-07-04,20260704T071858Z,2026-07-04T07:18:59.168878,TTI-0e6b35d1-b793-45b4-b4a5-22dc2fb82b8b-TTR24510951472007006,Feature,LineString,19.302814976,-99.1533373946,8,Road closed,4,,43.0035828564,Circuito Estadio Azteca,Circuito Estadio Azteca,,present,certain,,2026-06-04T23:25:00Z,,,Cerrado,401,"{""type"": ""LineString"", ""coordinates"": [[-99.1529296989, 19.3027760553], [-99.1533373946, 19.302814976]]}","{""id"": ""TTI-0e6b35d1-b793-45b4-b4a5-22dc2fb82b8b-TTR24510951472007006"", ""iconCategory"": 8, ""magnitudeOfDelay"": 4, ""startTime"": ""2026-06-04T23:25:00Z"", ""endTime"": null, ""from"": ""Circuito Estadio Azteca"", ""to"": ""Circuito Estadio Azteca"", ""length"": 43.0035828564, ""delay"": null, ""roadNumbers"": [], ""timeValidity"": ""present"", ""probabilityOfOccurrence"": ""certain"", ""numberOfReports"": null, ""lastReportTime"": null, ""events"": [{""code"": 401, ""description"": ""Cerrado"", ""iconCategory"": 8}]}"
tomtom,tomtom_cdmx_incidents,2026-07-04T07:19:02Z,2026-07-04,20260704T071858Z,2026-07-04T07:18:59.168893,TTI-0e6b35d1-b793-45b4-b4a5-22dc2fb82b8b-TTR24510951400007006,Feature,LineString,19.3027760553,-99.1529296989,8,Road closed,4,,43.0035828564,Circuito Estadio Azteca,Circuito Estadio Azteca,,present,certain,,2026-06-04T23:25:00Z,,,Cerrado,401,"{""type"": ""LineString"", ""coordinates"": [[-99.1533373946, 19.302814976], [-99.1529296989, 19.3027760553]]}","{""id"": ""TTI-0e6b35d1-b793-45b4-b4a5-22dc2fb82b8b-TTR24510951400007006"", ""iconCategory"": 8, ""magnitudeOfDelay"": 4, ""startTime"": ""2026-06-04T23:25:00Z"", ""endTime"": null, ""from"": ""Circuito Estadio Azteca"", ""to"": ""Circuito Estadio Azteca"", ""length"": 43.0035828564, ""delay"": null, ""roadNumbers"": [], ""timeValidity"": ""present"", ""probabilityOfOccurrence"": ""certain"", ""numberOfReports"": null, ""lastReportTime"": null, ""events"": [{""code"": 401, ""description"": ""Cerrado"", ""iconCategory"": 8}]}"
tomtom,tomtom_cdmx_incidents,2026-07-04T07:19:02Z,2026-07-04,20260704T071858Z,2026-07-04T07:18:59.168908,TTI-0e6b35d1-b793-45b4-b4a5-22dc2fb82b8b-TTR24510951472007008,Feature,LineString,19.3035512243,-99.153264975,8,Road closed,4,,37.2497854623,Circuito Estadio Azteca,Circuito Estadio Azteca,,present,certain,,2026-06-04T23:25:00Z,,,Cerrado,401,"{""type"": ""LineString"", ""coordinates"": [[-99.1529122645, 19.3035136486], [-99.153264975, 19.3035512243]]}","{""id"": ""TTI-0e6b35d1-b793-45b4-b4a5-22dc2fb82b8b-TTR24510951472007008"", ""iconCategory"": 8, ""magnitudeOfDelay"": 4, ""startTime"": ""2026-06-04T23:25:00Z"", ""endTime"": null, ""from"": ""Circuito Estadio Azteca"", ""to"": ""Circuito Estadio Azteca"", ""length"": 37.2497854623, ""delay"": null, ""roadNumbers"": [], ""timeValidity"": ""present"", ""probabilityOfOccurrence"": ""certain"", ""numberOfReports"": null, ""lastReportTime"": null, ""events"": [{""code"": 401, ""description"": ""Cerrado"", ""iconCategory"": 8}]}"
tomtom,tomtom_cdmx_incidents,2026-07-04T07:19:02Z,2026-07-04,20260704T071858Z,2026-07-04T07:18:59.168923,TTI-0e6b35d1-b793-45b4-b4a5-22dc2fb82b8b-TTR24510951400007008,Feature,LineString,19.3035136486,-99.1529122645,8,Road closed,4,,37.2497854623,Circuito Estadio Azteca,Circuito Estadio Azteca,,present,certain,,2026-06-04T23:25:00Z,,,Cerrado,401,"{""type"": ""LineString"", ""coordinates"": [[-99.153264975, 19.3035512243], [-99.1529122645, 19.3035136486]]}","{""id"": ""TTI-0e6b35d1-b793-45b4-b4a5-22dc2fb82b8b-TTR24510951400007008"", ""iconCategory"": 8, ""magnitudeOfDelay"": 4, ""startTime"": ""2026-06-04T23:25:00Z"", ""endTime"": null, ""from"": ""Circuito Estadio Azteca"", ""to"": ""Circuito Estadio Azteca"", ""length"": 37.2497854623, ""delay"": null, ""roadNumbers"": [], ""timeValidity"": ""present"", ""probabilityOfOccurrence"": ""certain"", ""numberOfReports"": null, ""lastReportTime"": null, ""events"": [{""code"": 401, ""description"": ""Cerrado"", ""iconCategory"": 8}]}"
tomtom,tomtom_cdmx_incidents,2026-07-04T07:19:02Z,2026-07-04,20260704T071858Z,2026-07-04T07:18:59.168937,TTI-0e6b35d1-b793-45b4-b4a5-22dc2fb82b8b-TTR24510951240023001,Feature,LineString,19.3018600712,-99.1547200734,8,Road closed,4,,243.7940728489,Circuito Estadio Azteca,Circuito Estadio Azteca,,present,certain,,2026-06-04T23:25:00Z,,,Cerrado,401,"{""type"": ""LineString"", ""coordinates"": [[-99.1549373323, 19.3015127094], [-99.1548541838, 19.3016455312], [-99.1548126096, 19.3017111906], [-99.1547884697, 19.3017514564], [-99.1547442133, 19.3018319089], [-99.1547200734, 19.3018600712], [-99.1546932513, 19.3018774748], [-99.1546449715, 19.3018828541], [-99.153444683, 19.3017621359], [-99.152841186, 19.3017018559]]}","{""id"": ""TTI-0e6b35d1-b793-45b4-b4a5-22dc2fb82b8b-TTR24510951240023001"", ""iconCategory"": 8, ""magnitudeOfDelay"": 4, ""startTime"": ""2026-06-04T23:25:00Z"", ""endTime"": null, ""from"": ""Circuito Estadio Azteca"", ""to"": ""Circuito Estadio Azteca"", ""length"": 243.7940728489, ""delay"": null, ""roadNumbers"": [], ""timeValidity"": ""present"", ""probabilityOfOccurrence"": ""certain"", ""numberOfReports"": null, ""lastReportTime"": null, ""events"": [{""code"": 401, ""description"": ""Cerrado"", ""iconCategory"": 8}]}"
tomtom,tomtom_cdmx_incidents,2026-07-04T07:19:02Z,2026-07-04,20260704T071858Z,2026-07-04T07:18:59.168959,TTI-0e6b35d1-b793-45b4-b4a5-22dc2fb82b8b-TTR24510951312023001,Feature,LineString,19.3018319089,-99.1547442133,8,Road closed,4,,243.7940728489,Circuito Estadio Azteca,Circuito Estadio Azteca,,present,certain,,2026-06-04T23:25:00Z,,,Cerrado,401,"{""type"": ""LineString"", ""coordinates"": [[-99.152841186, 19.3017018559], [-99.153444683, 19.3017621359], [-99.1546449715, 19.3018828541], [-99.1546932513, 19.3018774748], [-99.1547200734, 19.3018600712], [-99.1547442133, 19.3018319089], [-99.1547884697, 19.3017514564], [-99.1548126096, 19.3017111906], [-99.1548541838, 19.3016455312], [-99.1549373323, 19.3015127094]]}","{""id"": ""TTI-0e6b35d1-b793-45b4-b4a5-22dc2fb82b8b-TTR24510951312023001"", ""iconCategory"": 8, ""magnitudeOfDelay"": 4, ""startTime"": ""2026-06-04T23:25:00Z"", ""endTime"": null, ""from"": ""Circuito Estadio Azteca"", ""to"": ""Circuito Estadio Azteca"", ""length"": 243.7940728489, ""delay"": null, ""roadNumbers"": [], ""timeValidity"": ""present"", ""probabilityOfOccurrence"": ""certain"", ""numberOfReports"": null, ""lastReportTime"": null, ""events"": [{""code"": 401, ""description"": ""Cerrado"", ""iconCategory"": 8}]}"
tomtom,tomtom_cdmx_incidents,2026-07-04T07:19:02Z,2026-07-04,20260704T071858Z,2026-07-04T07:18:59.168981,TTI-0e6b35d1-b793-45b4-b4a5-22dc2fb82b8b-TTR24510951472015020,Feature,LineString,19.3026728204,-99.1533508057,8,Road closed,4,,54.0407579374,Circuito Estadio Azteca,Circuito Estadio Azteca,,present,certain,,2026-06-04T23:25:00Z,,,Cerrado,401,"{""type"": ""LineString"", ""coordinates"": [[-99.1528398448, 19.3026124616], [-99.1533508057, 19.3026728204]]}","{""id"": ""TTI-0e6b35d1-b793-45b4-b4a5-22dc2fb82b8b-TTR24510951472015020"", ""iconCategory"": 8, ""magnitudeOfDelay"": 4, ""startTime"": ""2026-06-04T23:25:00Z"", ""endTime"": null, ""from"": ""Circuito Estadio Azteca"", ""to"": ""Circuito Estadio Azteca"", ""length"": 54.0407579374, ""delay"": null, ""roadNumbers"": [], ""timeValidity"": ""present"", ""probabilityOfOccurrence"": ""certain"", ""numberOfReports"": null, ""lastReportTime"": null, ""events"": [{""code"": 401, ""description"": ""Cerrado"", ""iconCategory"": 8}]}"
tomtom,tomtom_cdmx_incidents,2026-07-04T07:19:02Z,2026-07-04,20260704T071858Z,2026-07-04T07:18:59.168997,TTI-0e6b35d1-b793-45b4-b4a5-22dc2fb82b8b-TTR24510951400015022,Feature,LineString,19.3026124616,-99.1528398448,8,Road closed,4,,54.0407579374,Circuito Estadio Azteca,Circuito Estadio Azteca,,present,certain,,2026-06-04T23:25:00Z,,,Cerrado,401,"{""type"": ""LineString"", ""coordinates"": [[-99.1533508057, 19.3026728204], [-99.1528398448, 19.3026124616]]}","{""id"": ""TTI-0e6b35d1-b793-45b4-b4a5-22dc2fb82b8b-TTR24510951400015022"", ""iconCategory"": 8, ""magnitudeOfDelay"": 4, ""startTime"": ""2026-06-04T23:25:00Z"", ""endTime"": null, ""from"": ""Circuito Estadio Azteca"", ""to"": ""Circuito Estadio Azteca"", ""length"": 54.0407579374, ""delay"": null, ""roadNumbers"": [], ""timeValidity"": ""present"", ""probabilityOfOccurrence"": ""certain"", ""numberOfReports"": null, ""lastReportTime"": null, ""events"": [{""code"": 401, ""description"": ""Cerrado"", ""iconCategory"": 8}]}"
tomtom,tomtom_cdmx_incidents,2026-07-04T07:19:02Z,2026-07-04,20260704T071858Z,2026-07-04T07:18:59.169011,TTI-0e6b35d1-b793-45b4-b4a5-22dc2fb82b8b-TTR24510951328015005,Feature,LineString,19.301944558,-99.1534232253,8,Road closed,4,,62.7732836753,Circuito Estadio Azteca,Calzada de Tlalpan / Entrada B Estadio Azteca,,present,certain,,2026-06-04T23:25:00Z,,,Cerrado,401,"{""type"": ""LineString"", ""coordinates"": [[-99.1528277749, 19.3018909231], [-99.1534232253, 19.301944558]]}","{""id"": ""TTI-0e6b35d1-b793-45b4-b4a5-22dc2fb82b8b-TTR24510951328015005"", ""iconCategory"": 8, ""magnitudeOfDelay"": 4, ""startTime"": ""2026-06-04T23:25:00Z"", ""endTime"": null, ""from"": ""Circuito Estadio Azteca"", ""to"": ""Calzada de Tlalpan / Entrada B Estadio Azteca"", ""length"": 62.7732836753, ""delay"": null, ""roadNumbers"": [], ""timeValidity"": ""present"", ""probabilityOfOccurrence"": ""certain"", ""numberOfReports"": null, ""lastReportTime"": null, ""events"": [{""code"": 401, ""description"": ""Cerrado"", ""iconCategory"": 8}]}"
tomtom,tomtom_cdmx_incidents,2026-07-04T07:19:02Z,2026-07-04,20260704T071858Z,2026-07-04T07:18:59.169026,TTI-0e6b35d1-b793-45b4-b4a5-22dc2fb82b8b-TTR24510951256015004,Feature,LineString,19.3018909231,-99.1528277749,8,Road closed,4,,62.7732836753,Calzada de Tlalpan / Entrada B Estadio Azteca,Circuito Estadio Azteca,,present,certain,,2026-06-04T23:25:00Z,,,Cerrado,401,"{""type"": ""LineString"", ""coordinates"": [[-99.1534232253, 19.301944558], [-99.1528277749, 19.3018909231]]}","{""id"": ""TTI-0e6b35d1-b793-45b4-b4a5-22dc2fb82b8b-TTR24510951256015004"", ""iconCategory"": 8, ""magnitudeOfDelay"": 4, ""startTime"": ""2026-06-04T23:25:00Z"", ""endTime"": null, ""from"": ""Calzada de Tlalpan / Entrada B Estadio Azteca"", ""to"": ""Circuito Estadio Azteca"", ""length"": 62.7732836753, ""delay"": null, ""roadNumbers"": [], ""timeValidity"": ""present"", ""probabilityOfOccurrence"": ""certain"", ""numberOfReports"": null, ""lastReportTime"": null, ""events"": [{""code"": 401, ""description"": ""Cerrado"", ""iconCategory"": 8}]}"
tomtom,tomtom_cdmx_incidents,2026-07-04T07:19:02Z,2026-07-04,20260704T071858Z,2026-07-04T07:18:59.169041,TTI-0e6b35d1-b793-45b4-b4a5-22dc2fb82b8b-TTR24510951328015006,Feature,LineString,19.302096128,-99.1534084732,8,Road closed,4,,62.6713981918,Circuito Estadio Azteca,Circuito Estadio Azteca,,present,certain,,2026-06-04T23:25:00Z,,,Cerrado,401,"{""type"": ""LineString"", ""coordinates"": [[-99.152815705, 19.3020277], [-99.1534084732, 19.302096128]]}","{""id"": ""TTI-0e6b35d1-b793-45b4-b4a5-22dc2fb82b8b-TTR24510951328015006"", ""iconCategory"": 8, ""magnitudeOfDelay"": 4, ""startTime"": ""2026-06-04T23:25:00Z"", ""endTime"": null, ""from"": ""Circuito Estadio Azteca"", ""to"": ""Circuito Estadio Azteca"", ""length"": 62.6713981918, ""delay"": null, ""roadNumbers"": [], ""timeValidity"": ""present"", ""probabilityOfOccurrence"": ""certain"", ""numberOfReports"": null, ""lastReportTime"": null, ""events"": [{""code"": 401, ""description"": ""Cerrado"", ""iconCategory"": 8}]}"
tomtom,tomtom_cdmx_incidents,2026-07-04T07:19:02Z,2026-07-04,20260704T071858Z,2026-07-04T07:18:59.169056,TTI-0e6b35d1-b793-45b4-b4a5-22dc2fb82b8b-TTR24510951256015005,Feature,LineString,19.3020277,-99.152815705,8,Road closed,4,,62.6713981918,Circuito Estadio Azteca,Circuito Estadio Azteca,,present,certain,,2026-06-04T23:25:00Z,,,Cerrado,401,"{""type"": ""LineString"", ""coordinates"": [[-99.1534084732, 19.302096128], [-99.152815705, 19.3020277]]}","{""id"": ""TTI-0e6b35d1-b793-45b4-b4a5-22dc2fb82b8b-TTR24510951256015005"", ""iconCategory"": 8, ""magnitudeOfDelay"": 4, ""startTime"": ""2026-06-04T23:25:00Z"", ""endTime"": null, ""from"": ""Circuito Estadio Azteca"", ""to"": ""Circuito Estadio Azteca"", ""length"": 62.6713981918, ""delay"": null, ""roadNumbers"": [], ""timeValidity"": ""present"", ""probabilityOfOccurrence"": ""certain"", ""numberOfReports"": null, ""lastReportTime"": null, ""events"": [{""code"": 401, ""description"": ""Cerrado"", ""iconCategory"": 8}]}"
tomtom,tomtom_cdmx_incidents,2026-07-04T07:19:02Z,2026-07-04,20260704T071858Z,2026-07-04T07:18:59.169071,TTI-0e6b35d1-b793-45b4-b4a5-22dc2fb82b8b-TTR24510951328015007,Feature,LineString,19.3022369392,-99.153393721,8,Road closed,4,,62.2341635494,Circuito Estadio Azteca,Circuito Estadio Azteca,,present,certain,,2026-06-04T23:25:00Z,,,Cerrado,401,"{""type"": ""LineString"", ""coordinates"": [[-99.1528049761, 19.3021698562], [-99.153393721, 19.3022369392]]}","{""id"": ""TTI-0e6b35d1-b793-45b4-b4a5-22dc2fb82b8b-TTR24510951328015007"", ""iconCategory"": 8, ""magnitudeOfDelay"": 4, ""startTime"": ""2026-06-04T23:25:00Z"", ""endTime"": null, ""from"": ""Circuito Estadio Azteca"", ""to"": ""Circuito Estadio Azteca"", ""length"": 62.2341635494, ""delay"": null, ""roadNumbers"": [], ""timeValidity"": ""present"", ""probabilityOfOccurrence"": ""certain"", ""numberOfReports"": null, ""lastReportTime"": null, ""events"": [{""code"": 401, ""description"": ""Cerrado"", ""iconCategory"": 8}]}"
tomtom,tomtom_cdmx_incidents,2026-07-04T07:19:02Z,2026-07-04,20260704T071858Z,2026-07-04T07:18:59.169085,TTI-0e6b35d1-b793-45b4-b4a5-22dc2fb82b8b-TTR24510951256015006,Feature,LineString,19.3021698562,-99.1528049761,8,Road closed,4,,62.2341635494,Circuito Estadio Azteca,Circuito Estadio Azteca,,present,certain,,2026-06-04T23:25:00Z,,,Cerrado,401,"{""type"": ""LineString"", ""coordinates"": [[-99.153393721, 19.3022369392], [-99.1528049761, 19.3021698562]]}","{""id"": ""TTI-0e6b35d1-b793-45b4-b4a5-22dc2fb82b8b-TTR24510951256015006"", ""iconCategory"": 8, ""magnitudeOfDelay"": 4, ""startTime"": ""2026-06-04T23:25:00Z"", ""endTime"": null, ""from"": ""Circuito Estadio Azteca"", ""to"": ""Circuito Estadio Azteca"", ""length"": 62.2341635494, ""delay"": null, ""roadNumbers"": [], ""timeValidity"": ""present"", ""probabilityOfOccurrence"": ""certain"", ""numberOfReports"": null, ""lastReportTime"": null, ""events"": [{""code"": 401, ""description"": ""Cerrado"", ""iconCategory"": 8}]}"
tomtom,tomtom_cdmx_incidents,2026-07-04T07:19:02Z,2026-07-04,20260704T071858Z,2026-07-04T07:18:59.169100,TTI-0e6b35d1-b793-45b4-b4a5-22dc2fb82b8b-TTR24510951256015007,Feature,LineString,19.302313357,-99.1527929062,8,Road closed,4,,62.0943844856,Circuito Estadio Azteca,Circuito Estadio Azteca,,present,certain,,2026-06-04T23:25:00Z,,,Cerrado,401,"{""type"": ""LineString"", ""coordinates"": [[-99.15338031, 19.30238044], [-99.1527929062, 19.302313357]]}","{""id"": ""TTI-0e6b35d1-b793-45b4-b4a5-22dc2fb82b8b-TTR24510951256015007"", ""iconCategory"": 8, ""magnitudeOfDelay"": 4, ""startTime"": ""2026-06-04T23:25:00Z"", ""endTime"": null, ""from"": ""Circuito Estadio Azteca"", ""to"": ""Circuito Estadio Azteca"", ""length"": 62.0943844856, ""delay"": null, ""roadNumbers"": [], ""timeValidity"": ""present"", ""probabilityOfOccurrence"": ""certain"", ""numberOfReports"": null, ""lastReportTime"": null, ""events"": [{""code"": 401, ""description"": ""Cerrado"", ""iconCategory"": 8}]}"
tomtom,tomtom_cdmx_incidents,2026-07-04T07:19:02Z,2026-07-04,20260704T071858Z,2026-07-04T07:18:59.169115,TTI-0e6b35d1-b793-45b4-b4a5-22dc2fb82b8b-TTR24510951328015008,Feature,LineString,19.30238044,-99.15338031,8,Road closed,4,,62.0943844856,Circuito Estadio Azteca,Circuito Estadio Azteca,,present,certain,,2026-06-04T23:25:00Z,,,Cerrado,401,"{""type"": ""LineString"", ""coordinates"": [[-99.1527929062, 19.302313357], [-99.15338031, 19.30238044]]}","{""id"": ""TTI-0e6b35d1-b793-45b4-b4a5-22dc2fb82b8b-TTR24510951328015008"", ""iconCategory"": 8, ""magnitudeOfDelay"": 4, ""startTime"": ""2026-06-04T23:25:00Z"", ""endTime"": null, ""from"": ""Circuito Estadio Azteca"", ""to"": ""Circuito Estadio Azteca"", ""length"": 62.0943844856, ""delay"": null, ""roadNumbers"": [], ""timeValidity"": ""present"", ""probabilityOfOccurrence"": ""certain"", ""numberOfReports"": null, ""lastReportTime"": null, ""events"": [{""code"": 401, ""description"": ""Cerrado"", ""iconCategory"": 8}]}"
tomtom,tomtom_cdmx_incidents,2026-07-04T07:19:02Z,2026-07-04,20260704T071858Z,2026-07-04T07:18:59.169129,TTI-0e6b35d1-b793-45b4-b4a5-22dc2fb82b8b-TTR24510951400015021,Feature,LineString,19.3024662714,-99.1527915651,8,Road closed,4,,60.6438450766,Avenida Estadio Azteca,Circuito Estadio Azteca,,present,certain,,2026-06-04T23:25:00Z,,,Cerrado,401,"{""type"": ""LineString"", ""coordinates"": [[-99.1533655578, 19.3025293199], [-99.1527915651, 19.3024662714]]}","{""id"": ""TTI-0e6b35d1-b793-45b4-b4a5-22dc2fb82b8b-TTR24510951400015021"", ""iconCategory"": 8, ""magnitudeOfDelay"": 4, ""startTime"": ""2026-06-04T23:25:00Z"", ""endTime"": null, ""from"": ""Avenida Estadio Azteca"", ""to"": ""Circuito Estadio Azteca"", ""length"": 60.6438450766, ""delay"": null, ""roadNumbers"": [], ""timeValidity"": ""present"", ""probabilityOfOccurrence"": ""certain"", ""numberOfReports"": null, ""lastReportTime"": null, ""events"": [{""code"": 401, ""description"": ""Cerrado"", ""iconCategory"": 8}]}"
tomtom,tomtom_cdmx_incidents,2026-07-04T07:19:02Z,2026-07-04,20260704T071858Z,2026-07-04T07:18:59.169144,TTI-0e6b35d1-b793-45b4-b4a5-22dc2fb82b8b-TTR24510951328015009,Feature,LineString,19.3025293199,-99.1533655578,8,Road closed,4,,60.6438450766,Circuito Estadio Azteca,Avenida Estadio Azteca,,present,certain,,2026-06-04T23:25:00Z,,,Cerrado,401,"{""type"": ""LineString"", ""coordinates"": [[-99.1527915651, 19.3024662714], [-99.1533655578, 19.3025293199]]}","{""id"": ""TTI-0e6b35d1-b793-45b4-b4a5-22dc2fb82b8b-TTR24510951328015009"", ""iconCategory"": 8, ""magnitudeOfDelay"": 4, ""startTime"": ""2026-06-04T23:25:00Z"", ""endTime"": null, ""from"": ""Circuito Estadio Azteca"", ""to"": ""Avenida Estadio Azteca"", ""length"": 60.6438450766, ""delay"": null, ""roadNumbers"": [], ""timeValidity"": ""present"", ""probabilityOfOccurrence"": ""certain"", ""numberOfReports"": null, ""lastReportTime"": null, ""events"": [{""code"": 401, ""description"": ""Cerrado"", ""iconCategory"": 8}]}"
tomtom,tomtom_cdmx_incidents,2026-07-04T07:19:02Z,2026-07-04,20260704T071858Z,2026-07-04T07:18:59.169158,TTI-0e6b35d1-b793-45b4-b4a5-22dc2fb82b8b-TTR24510951400047001,Feature,LineString,19.3025426891,-99.1528009528,8,Road closed,4,,476.4135599374,Circuito Estadio Azteca,Circuito Estadio Azteca,,present,certain,,2026-06-04T23:25:00Z,,,Cerrado,401,"{""type"": ""LineString"", ""coordinates"": [[-99.1547884697, 19.3017514564], [-99.1534527296, 19.3016481418], [-99.1529337222, 19.3016012309], [-99.1528841013, 19.3016066103], [-99.1528613025, 19.3016173689], [-99.1528492326, 19.3016293933], [-99.152841186, 19.3017018559], [-99.1528277749, 19.3018909231], [-99.152815705, 19.3020277], [-99.1528049761, 19.3021698562], [-99.1527929062, 19.302313357], [-99.1527848596, 19.3024153263], [-99.1527915651, 19.3024662714], [-99.1528009528, 19.3025426891], [-99.1528398448, 19.3026124616], [-99.1528438682, 19.3026177618], [-99.1529296989, 19.3027760553], [-99.1529592032, 19.3028283451], [-99.1529592032, 19.3029141763], [-99.1529605443, 19.3030603661], [-99.1529618854, 19.3032025213], [-99.1529618854, 19.3032253041], [-99.1529457921, 19.3033634247], [-99.1529323811, 19.3034787625], [-99.1529122645, 19.3035136486], [-99.1528505737, 19.3036262966], [-99.153252905, 19.3036705964]]}","{""id"": ""TTI-0e6b35d1-b793-45b4-b4a5-22dc2fb82b8b-TTR24510951400047001"", ""iconCategory"": 8, ""magnitudeOfDelay"": 4, ""startTime"": ""2026-06-04T23:25:00Z"", ""endTime"": null, ""from"": ""Circuito Estadio Azteca"", ""to"": ""Circuito Estadio Azteca"", ""length"": 476.4135599374, ""delay"": null, ""roadNumbers"": [], ""timeValidity"": ""present"", ""probabilityOfOccurrence"": ""certain"", ""numberOfReports"": null, ""lastReportTime"": null, ""events"": [{""code"": 401, ""description"": ""Cerrado"", ""iconCategory"": 8}]}"
tomtom,tomtom_cdmx_incidents,2026-07-04T07:19:02Z,2026-07-04,20260704T071858Z,2026-07-04T07:18:59.169197,TTI-0e6b35d1-b793-45b4-b4a5-22dc2fb82b8b-TTR24510951436047001,Feature,LineString,19.3025426891,-99.1528009528,8,Road closed,4,,476.4135599374,Circuito Estadio Azteca,Circuito Estadio Azteca,,present,certain,,2026-06-04T23:25:00Z,,,Cerrado,401,"{""type"": ""LineString"", ""coordinates"": [[-99.153252905, 19.3036705964], [-99.1528505737, 19.3036262966], [-99.1529122645, 19.3035136486], [-99.1529323811, 19.3034787625], [-99.1529457921, 19.3033634247], [-99.1529618854, 19.3032253041], [-99.1529618854, 19.3032025213], [-99.1529605443, 19.3030603661], [-99.1529592032, 19.3029141763], [-99.1529592032, 19.3028283451], [-99.1529296989, 19.3027760553], [-99.1528438682, 19.3026177618], [-99.1528398448, 19.3026124616], [-99.1528009528, 19.3025426891], [-99.1527915651, 19.3024662714], [-99.1527848596, 19.3024153263], [-99.1527929062, 19.302313357], [-99.1528049761, 19.3021698562], [-99.152815705, 19.3020277], [-99.1528277749, 19.3018909231], [-99.152841186, 19.3017018559], [-99.1528492326, 19.3016293933], [-99.1528613025, 19.3016173689], [-99.1528841013, 19.3016066103], [-99.1529337222, 19.3016012309], [-99.1534527296, 19.3016481418], [-99.1547884697, 19.3017514564]]}","{""id"": ""TTI-0e6b35d1-b793-45b4-b4a5-22dc2fb82b8b-TTR24510951436047001"", ""iconCategory"": 8, ""magnitudeOfDelay"": 4, ""startTime"": ""2026-06-04T23:25:00Z"", ""endTime"": null, ""from"": ""Circuito Estadio Azteca"", ""to"": ""Circuito Estadio Azteca"", ""length"": 476.4135599374, ""delay"": null, ""roadNumbers"": [], ""timeValidity"": ""present"", ""probabilityOfOccurrence"": ""certain"", ""numberOfReports"": null, ""lastReportTime"": null, ""events"": [{""code"": 401, ""description"": ""Cerrado"", ""iconCategory"": 8}]}"
tomtom,tomtom_cdmx_incidents,2026-07-04T07:19:02Z,2026-07-04,20260704T071858Z,2026-07-04T07:18:59.169232,TTI-0e6b35d1-b793-45b4-b4a5-22dc2fb82b8b-TTR24510951400015023,Feature,LineString,19.3037671065,-99.1527271921,8,Road closed,4,,54.0220088136,Circuito Estadio Azteca,Circuito Estadio Azteca,,present,certain,,2026-06-04T23:25:00Z,,,Cerrado,401,"{""type"": ""LineString"", ""coordinates"": [[-99.1532381529, 19.3038261201], [-99.1527271921, 19.3037671065]]}","{""id"": ""TTI-0e6b35d1-b793-45b4-b4a5-22dc2fb82b8b-TTR24510951400015023"", ""iconCategory"": 8, ""magnitudeOfDelay"": 4, ""startTime"": ""2026-06-04T23:25:00Z"", ""endTime"": null, ""from"": ""Circuito Estadio Azteca"", ""to"": ""Circuito Estadio Azteca"", ""length"": 54.0220088136, ""delay"": null, ""roadNumbers"": [], ""timeValidity"": ""present"", ""probabilityOfOccurrence"": ""certain"", ""numberOfReports"": null, ""lastReportTime"": null, ""events"": [{""code"": 401, ""description"": ""Cerrado"", ""iconCategory"": 8}]}"
tomtom,tomtom_cdmx_incidents,2026-07-04T07:19:02Z,2026-07-04,20260704T071858Z,2026-07-04T07:18:59.169247,TTI-0e6b35d1-b793-45b4-b4a5-22dc2fb82b8b-TTR24510951472015021,Feature,LineString,19.3038261201,-99.1532381529,8,Road closed,4,,54.0220088136,Circuito Estadio Azteca,Circuito Estadio Azteca,,present,certain,,2026-06-04T23:25:00Z,,,Cerrado,401,"{""type"": ""LineString"", ""coordinates"": [[-99.1527271921, 19.3037671065], [-99.1532381529, 19.3038261201]]}","{""id"": ""TTI-0e6b35d1-b793-45b4-b4a5-22dc2fb82b8b-TTR24510951472015021"", ""iconCategory"": 8, ""magnitudeOfDelay"": 4, ""startTime"": ""2026-06-04T23:25:00Z"", ""endTime"": null, ""from"": ""Circuito Estadio Azteca"", ""to"": ""Circuito Estadio Azteca"", ""length"": 54.0220088136, ""delay"": null, ""roadNumbers"": [], ""timeValidity"": ""present"", ""probabilityOfOccurrence"": ""certain"", ""numberOfReports"": null, ""lastReportTime"": null, ""events"": [{""code"": 401, ""description"": ""Cerrado"", ""iconCategory"": 8}]}"
tomtom,tomtom_cdmx_incidents,2026-07-04T07:19:02Z,2026-07-04,20260704T071858Z,2026-07-04T07:18:59.169261,TTI-0e6b35d1-b793-45b4-b4a5-22dc2fb82b8b-TTR24510951468015001,Feature,LineString,19.3039723091,-99.1532234007,8,Road closed,4,,69.0192464655,Circuito Estadio Azteca,Circuito Estadio Azteca,,present,certain,,2026-06-04T23:25:00Z,,,Cerrado,401,"{""type"": ""LineString"", ""coordinates"": [[-99.1525676006, 19.3039253989], [-99.1532234007, 19.3039723091]]}","{""id"": ""TTI-0e6b35d1-b793-45b4-b4a5-22dc2fb82b8b-TTR24510951468015001"", ""iconCategory"": 8, ""magnitudeOfDelay"": 4, ""startTime"": ""2026-06-04T23:25:00Z"", ""endTime"": null, ""from"": ""Circuito Estadio Azteca"", ""to"": ""Circuito Estadio Azteca"", ""length"": 69.0192464655, ""delay"": null, ""roadNumbers"": [], ""timeValidity"": ""present"", ""probabilityOfOccurrence"": ""certain"", ""numberOfReports"": null, ""lastReportTime"": null, ""events"": [{""code"": 401, ""description"": ""Cerrado"", ""iconCategory"": 8}]}"
tomtom,tomtom_cdmx_incidents,2026-07-04T07:19:02Z,2026-07-04,20260704T071858Z,2026-07-04T07:18:59.169276,TTI-0e6b35d1-b793-45b4-b4a5-22dc2fb82b8b-TTR24510951396015001,Feature,LineString,19.3039253989,-99.1525676006,8,Road closed,4,,69.0192464655,Circuito Estadio Azteca,Circuito Estadio Azteca,,present,certain,,2026-06-04T23:25:00Z,,,Cerrado,401,"{""type"": ""LineString"", ""coordinates"": [[-99.1532234007, 19.3039723091], [-99.1525676006, 19.3039253989]]}","{""id"": ""TTI-0e6b35d1-b793-45b4-b4a5-22dc2fb82b8b-TTR24510951396015001"", ""iconCategory"": 8, ""magnitudeOfDelay"": 4, ""startTime"": ""2026-06-04T23:25:00Z"", ""endTime"": null, ""from"": ""Circuito Estadio Azteca"", ""to"": ""Circuito Estadio Azteca"", ""length"": 69.0192464655, ""delay"": null, ""roadNumbers"": [], ""timeValidity"": ""present"", ""probabilityOfOccurrence"": ""certain"", ""numberOfReports"": null, ""lastReportTime"": null, ""events"": [{""code"": 401, ""description"": ""Cerrado"", ""iconCategory"": 8}]}"
tomtom,tomtom_cdmx_incidents,2026-07-04T07:19:02Z,2026-07-04,20260704T071858Z,2026-07-04T07:18:59.169291,TTI-0e6b35d1-b793-45b4-b4a5-22dc2fb82b8b-TTR24490755188006000,Feature,LineString,19.4287808297,-99.1529283577,8,Road closed,4,,154.7703579839,Eje Vial 1 Poniente-Avenida Bucareli,Calle Abraham González,,present,probable,,2026-06-23T20:50:00Z,,,Cerrado,401,"{""type"": ""LineString"", ""coordinates"": [[-99.1525287086, 19.4286306422], [-99.152635997, 19.4286722204], [-99.1528438682, 19.4287500018], [-99.1529283577, 19.4287808297], [-99.1533239836, 19.4289297523], [-99.1536203677, 19.429041049], [-99.1538993174, 19.4291469704]]}","{""id"": ""TTI-0e6b35d1-b793-45b4-b4a5-22dc2fb82b8b-TTR24490755188006000"", ""iconCategory"": 8, ""magnitudeOfDelay"": 4, ""startTime"": ""2026-06-23T20:50:00Z"", ""endTime"": null, ""from"": ""Eje Vial 1 Poniente-Avenida Bucareli"", ""to"": ""Calle Abraham González"", ""length"": 154.7703579839, ""delay"": null, ""roadNumbers"": [], ""timeValidity"": ""present"", ""probabilityOfOccurrence"": ""probable"", ""numberOfReports"": null, ""lastReportTime"": null, ""events"": [{""code"": 401, ""description"": ""Cerrado"", ""iconCategory"": 8}]}"
tomtom,tomtom_cdmx_incidents,2026-07-04T07:19:02Z,2026-07-04,20260704T071858Z,2026-07-04T07:18:59.169310,TTI-0e6b35d1-b793-45b4-b4a5-22dc2fb82b8b-TTR24510951400015020,Feature,LineString,19.3040554501,-99.1525179798,8,Road closed,4,,72.8338381613,Circuito Estadio Azteca,Circuito Estadio Azteca,,present,certain,,2026-06-04T23:25:00Z,,,Cerrado,401,"{""type"": ""LineString"", ""coordinates"": [[-99.1532086486, 19.3041198427], [-99.1525179798, 19.3040554501]]}","{""id"": ""TTI-0e6b35d1-b793-45b4-b4a5-22dc2fb82b8b-TTR24510951400015020"", ""iconCategory"": 8, ""magnitudeOfDelay"": 4, ""startTime"": ""2026-06-04T23:25:00Z"", ""endTime"": null, ""from"": ""Circuito Estadio Azteca"", ""to"": ""Circuito Estadio Azteca"", ""length"": 72.8338381613, ""delay"": null, ""roadNumbers"": [], ""timeValidity"": ""present"", ""probabilityOfOccurrence"": ""certain"", ""numberOfReports"": null, ""lastReportTime"": null, ""events"": [{""code"": 401, ""description"": ""Cerrado"", ""iconCategory"": 8}]}"
tomtom,tomtom_cdmx_incidents,2026-07-04T07:19:02Z,2026-07-04,20260704T071858Z,2026-07-04T07:18:59.169325,TTI-0e6b35d1-b793-45b4-b4a5-22dc2fb82b8b-TTR24510951472015019,Feature,LineString,19.3041198427,-99.1532086486,8,Road closed,4,,72.8338381613,Circuito Estadio Azteca,Circuito Estadio Azteca,,present,certain,,2026-06-04T23:25:00Z,,,Cerrado,401,"{""type"": ""LineString"", ""coordinates"": [[-99.1525179798, 19.3040554501], [-99.1532086486, 19.3041198427]]}","{""id"": ""TTI-0e6b35d1-b793-45b4-b4a5-22dc2fb82b8b-TTR24510951472015019"", ""iconCategory"": 8, ""magnitudeOfDelay"": 4, ""startTime"": ""2026-06-04T23:25:00Z"", ""endTime"": null, ""from"": ""Circuito Estadio Azteca"", ""to"": ""Circuito Estadio Azteca"", ""length"": 72.8338381613, ""delay"": null, ""roadNumbers"": [], ""timeValidity"": ""present"", ""probabilityOfOccurrence"": ""certain"", ""numberOfReports"": null, ""lastReportTime"": null, ""events"": [{""code"": 401, ""description"": ""Cerrado"", ""iconCategory"": 8}]}"
tomtom,tomtom_cdmx_incidents,2026-07-04T07:19:02Z,2026-07-04,20260704T071858Z,2026-07-04T07:18:59.169340,TTI-0e6b35d1-b793-45b4-b4a5-22dc2fb82b8b-TTR24510951400015019,Feature,LineString,19.3042123973,-99.1524938399,8,Road closed,4,,73.7496375691,Circuito Estadio Azteca,Circuito Estadio Azteca,,present,certain,,2026-06-04T23:25:00Z,,,Cerrado,401,"{""type"": ""LineString"", ""coordinates"": [[-99.1531925553, 19.3042834349], [-99.1524938399, 19.3042123973]]}","{""id"": ""TTI-0e6b35d1-b793-45b4-b4a5-22dc2fb82b8b-TTR24510951400015019"", ""iconCategory"": 8, ""magnitudeOfDelay"": 4, ""startTime"": ""2026-06-04T23:25:00Z"", ""endTime"": null, ""from"": ""Circuito Estadio Azteca"", ""to"": ""Circuito Estadio Azteca"", ""length"": 73.7496375691, ""delay"": null, ""roadNumbers"": [], ""timeValidity"": ""present"", ""probabilityOfOccurrence"": ""certain"", ""numberOfReports"": null, ""lastReportTime"": null, ""events"": [{""code"": 401, ""description"": ""Cerrado"", ""iconCategory"": 8}]}"
tomtom,tomtom_cdmx_incidents,2026-07-04T07:19:02Z,2026-07-04,20260704T071858Z,2026-07-04T07:18:59.169355,TTI-0e6b35d1-b793-45b4-b4a5-22dc2fb82b8b-TTR24510951472015018,Feature,LineString,19.3042834349,-99.1531925553,8,Road closed,4,,73.7496375691,Circuito Estadio Azteca,Circuito Estadio Azteca,,present,certain,,2026-06-04T23:25:00Z,,,Cerrado,401,"{""type"": ""LineString"", ""coordinates"": [[-99.1524938399, 19.3042123973], [-99.1531925553, 19.3042834349]]}","{""id"": ""TTI-0e6b35d1-b793-45b4-b4a5-22dc2fb82b8b-TTR24510951472015018"", ""iconCategory"": 8, ""magnitudeOfDelay"": 4, ""startTime"": ""2026-06-04T23:25:00Z"", ""endTime"": null, ""from"": ""Circuito Estadio Azteca"", ""to"": ""Circuito Estadio Azteca"", ""length"": 73.7496375691, ""delay"": null, ""roadNumbers"": [], ""timeValidity"": ""present"", ""probabilityOfOccurrence"": ""certain"", ""numberOfReports"": null, ""lastReportTime"": null, ""events"": [{""code"": 401, ""description"": ""Cerrado"", ""iconCategory"": 8}]}"
tomtom,tomtom_cdmx_incidents,2026-07-04T07:19:02Z,2026-07-04,20260704T071858Z,2026-07-04T07:18:59.169372,TTI-0e6b35d1-b793-45b4-b4a5-22dc2fb82b8b-TTR24510951400015018,Feature,LineString,19.3043384138,-99.1524750644,8,Road closed,4,,74.5333248351,Circuito Estadio Azteca,Circuito Estadio Azteca,,present,certain,,2026-06-04T23:25:00Z,,,Cerrado,401,"{""type"": ""LineString"", ""coordinates"": [[-99.1531804854, 19.3044162545], [-99.1524750644, 19.3043384138]]}","{""id"": ""TTI-0e6b35d1-b793-45b4-b4a5-22dc2fb82b8b-TTR24510951400015018"", ""iconCategory"": 8, ""magnitudeOfDelay"": 4, ""startTime"": ""2026-06-04T23:25:00Z"", ""endTime"": null, ""from"": ""Circuito Estadio Azteca"", ""to"": ""Circuito Estadio Azteca"", ""length"": 74.5333248351, ""delay"": null, ""roadNumbers"": [], ""timeValidity"": ""present"", ""probabilityOfOccurrence"": ""certain"", ""numberOfReports"": null, ""lastReportTime"": null, ""events"": [{""code"": 401, ""description"": ""Cerrado"", ""iconCategory"": 8}]}"
tomtom,tomtom_cdmx_incidents,2026-07-04T07:19:02Z,2026-07-04,20260704T071858Z,2026-07-04T07:18:59.169387,TTI-0e6b35d1-b793-45b4-b4a5-22dc2fb82b8b-TTR24510951472015017,Feature,LineString,19.3044162545,-99.1531804854,8,Road closed,4,,74.5333248351,Circuito Estadio Azteca,Circuito Estadio Azteca,,present,certain,,2026-06-04T23:25:00Z,,,Cerrado,401,"{""type"": ""LineString"", ""coordinates"": [[-99.1524750644, 19.3043384138], [-99.1531804854, 19.3044162545]]}","{""id"": ""TTI-0e6b35d1-b793-45b4-b4a5-22dc2fb82b8b-TTR24510951472015017"", ""iconCategory"": 8, ""magnitudeOfDelay"": 4, ""startTime"": ""2026-06-04T23:25:00Z"", ""endTime"": null, ""from"": ""Circuito Estadio Azteca"", ""to"": ""Circuito Estadio Azteca"", ""length"": 74.5333248351, ""delay"": null, ""roadNumbers"": [], ""timeValidity"": ""present"", ""probabilityOfOccurrence"": ""certain"", ""numberOfReports"": null, ""lastReportTime"": null, ""events"": [{""code"": 401, ""description"": ""Cerrado"", ""iconCategory"": 8}]}"
tomtom,tomtom_cdmx_incidents,2026-07-04T07:19:02Z,2026-07-04,20260704T071858Z,2026-07-04T07:18:59.169402,TTI-0e6b35d1-b793-45b4-b4a5-22dc2fb82b8b-TTR24510951472015016,Feature,LineString,19.3045355468,-99.1531684155,8,Road closed,4,,75.0411003864,Circuito Estadio Azteca,Circuito Estadio Azteca,,present,certain,,2026-06-04T23:25:00Z,,,Cerrado,401,"{""type"": ""LineString"", ""coordinates"": [[-99.1524576301, 19.3044618197], [-99.1531684155, 19.3045355468]]}","{""id"": ""TTI-0e6b35d1-b793-45b4-b4a5-22dc2fb82b8b-TTR24510951472015016"", ""iconCategory"": 8, ""magnitudeOfDelay"": 4, ""startTime"": ""2026-06-04T23:25:00Z"", ""endTime"": null, ""from"": ""Circuito Estadio Azteca"", ""to"": ""Circuito Estadio Azteca"", ""length"": 75.0411003864, ""delay"": null, ""roadNumbers"": [], ""timeValidity"": ""present"", ""probabilityOfOccurrence"": ""certain"", ""numberOfReports"": null, ""lastReportTime"": null, ""events"": [{""code"": 401, ""description"": ""Cerrado"", ""iconCategory"": 8}]}"
tomtom,tomtom_cdmx_incidents,2026-07-04T07:19:02Z,2026-07-04,20260704T071858Z,2026-07-04T07:18:59.169416,TTI-0e6b35d1-b793-45b4-b4a5-22dc2fb82b8b-TTR24510951400015017,Feature,LineString,19.3044618197,-99.1524576301,8,Road closed,4,,75.0411003864,Circuito Estadio Azteca,Circuito Estadio Azteca,,present,certain,,2026-06-04T23:25:00Z,,,Cerrado,401,"{""type"": ""LineString"", ""coordinates"": [[-99.1531684155, 19.3045355468], [-99.1524576301, 19.3044618197]]}","{""id"": ""TTI-0e6b35d1-b793-45b4-b4a5-22dc2fb82b8b-TTR24510951400015017"", ""iconCategory"": 8, ""magnitudeOfDelay"": 4, ""startTime"": ""2026-06-04T23:25:00Z"", ""endTime"": null, ""from"": ""Circuito Estadio Azteca"", ""to"": ""Circuito Estadio Azteca"", ""length"": 75.0411003864, ""delay"": null, ""roadNumbers"": [], ""timeValidity"": ""present"", ""probabilityOfOccurrence"": ""certain"", ""numberOfReports"": null, ""lastReportTime"": null, ""events"": [{""code"": 401, ""description"": ""Cerrado"", ""iconCategory"": 8}]}"
tomtom,tomtom_cdmx_incidents,2026-07-04T07:19:02Z,2026-07-04,20260704T071858Z,2026-07-04T07:18:59.169431,TTI-0e6b35d1-b793-45b4-b4a5-22dc2fb82b8b-TTR24510951472015015,Feature,LineString,19.3046844248,-99.1531536633,8,Road closed,4,,75.8644598017,Circuito Estadio Azteca,Circuito Estadio Azteca,,present,certain,,2026-06-04T23:25:00Z,,,Cerrado,401,"{""type"": ""LineString"", ""coordinates"": [[-99.1524348313, 19.3046120426], [-99.1531536633, 19.3046844248]]}","{""id"": ""TTI-0e6b35d1-b793-45b4-b4a5-22dc2fb82b8b-TTR24510951472015015"", ""iconCategory"": 8, ""magnitudeOfDelay"": 4, ""startTime"": ""2026-06-04T23:25:00Z"", ""endTime"": null, ""from"": ""Circuito Estadio Azteca"", ""to"": ""Circuito Estadio Azteca"", ""length"": 75.8644598017, ""delay"": null, ""roadNumbers"": [], ""timeValidity"": ""present"", ""probabilityOfOccurrence"": ""certain"", ""numberOfReports"": null, ""lastReportTime"": null, ""events"": [{""code"": 401, ""description"": ""Cerrado"", ""iconCategory"": 8}]}"
tomtom,tomtom_cdmx_incidents,2026-07-04T07:19:02Z,2026-07-04,20260704T071858Z,2026-07-04T07:18:59.169446,TTI-0e6b35d1-b793-45b4-b4a5-22dc2fb82b8b-TTR24510951400015016,Feature,LineString,19.3046120426,-99.1524348313,8,Road closed,4,,75.8644598017,Circuito Estadio Azteca,Circuito Estadio Azteca,,present,certain,,2026-06-04T23:25:00Z,,,Cerrado,401,"{""type"": ""LineString"", ""coordinates"": [[-99.1531536633, 19.3046844248], [-99.1524348313, 19.3046120426]]}","{""id"": ""TTI-0e6b35d1-b793-45b4-b4a5-22dc2fb82b8b-TTR24510951400015016"", ""iconCategory"": 8, ""magnitudeOfDelay"": 4, ""startTime"": ""2026-06-04T23:25:00Z"", ""endTime"": null, ""from"": ""Circuito Estadio Azteca"", ""to"": ""Circuito Estadio Azteca"", ""length"": 75.8644598017, ""delay"": null, ""roadNumbers"": [], ""timeValidity"": ""present"", ""probabilityOfOccurrence"": ""certain"", ""numberOfReports"": null, ""lastReportTime"": null, ""events"": [{""code"": 401, ""description"": ""Cerrado"", ""iconCategory"": 8}]}"
tomtom,tomtom_cdmx_incidents,2026-07-04T07:19:02Z,2026-07-04,20260704T071858Z,2026-07-04T07:18:59.169461,TTI-0e6b35d1-b793-45b4-b4a5-22dc2fb82b8b-TTR24510951472015014,Feature,LineString,19.304830613,-99.1531389112,8,Road closed,4,,76.5961701406,Circuito Estadio Azteca,Circuito Estadio Azteca,,present,certain,,2026-06-04T23:25:00Z,,,Cerrado,401,"{""type"": ""LineString"", ""coordinates"": [[-99.1524133736, 19.3047555413], [-99.1531389112, 19.304830613]]}","{""id"": ""TTI-0e6b35d1-b793-45b4-b4a5-22dc2fb82b8b-TTR24510951472015014"", ""iconCategory"": 8, ""magnitudeOfDelay"": 4, ""startTime"": ""2026-06-04T23:25:00Z"", ""endTime"": null, ""from"": ""Circuito Estadio Azteca"", ""to"": ""Circuito Estadio Azteca"", ""length"": 76.5961701406, ""delay"": null, ""roadNumbers"": [], ""timeValidity"": ""present"", ""probabilityOfOccurrence"": ""certain"", ""numberOfReports"": null, ""lastReportTime"": null, ""events"": [{""code"": 401, ""description"": ""Cerrado"", ""iconCategory"": 8}]}"
tomtom,tomtom_cdmx_incidents,2026-07-04T07:19:02Z,2026-07-04,20260704T071858Z,2026-07-04T07:18:59.169475,TTI-0e6b35d1-b793-45b4-b4a5-22dc2fb82b8b-TTR24510951400015015,Feature,LineString,19.3047555413,-99.1524133736,8,Road closed,4,,76.5961701406,Circuito Estadio Azteca,Circuito Estadio Azteca,,present,certain,,2026-06-04T23:25:00Z,,,Cerrado,401,"{""type"": ""LineString"", ""coordinates"": [[-99.1531389112, 19.304830613], [-99.1524133736, 19.3047555413]]}","{""id"": ""TTI-0e6b35d1-b793-45b4-b4a5-22dc2fb82b8b-TTR24510951400015015"", ""iconCategory"": 8, ""magnitudeOfDelay"": 4, ""startTime"": ""2026-06-04T23:25:00Z"", ""endTime"": null, ""from"": ""Circuito Estadio Azteca"", ""to"": ""Circuito Estadio Azteca"", ""length"": 76.5961701406, ""delay"": null, ""roadNumbers"": [], ""timeValidity"": ""present"", ""probabilityOfOccurrence"": ""certain"", ""numberOfReports"": null, ""lastReportTime"": null, ""events"": [{""code"": 401, ""description"": ""Cerrado"", ""iconCategory"": 8}]}"
tomtom,tomtom_cdmx_incidents,2026-07-04T07:19:02Z,2026-07-04,20260704T071858Z,2026-07-04T07:18:59.169490,TTI-0e6b35d1-b793-45b4-b4a5-22dc2fb82b8b-TTR24510951472015013,Feature,LineString,19.3049727667,-99.1531255001,8,Road closed,4,,80.6832212881,Circuito Estadio Azteca,Circuito Estadio Azteca,,present,certain,,2026-06-04T23:25:00Z,,,Cerrado,401,"{""type"": ""LineString"", ""coordinates"": [[-99.1523624116, 19.304884247], [-99.1531255001, 19.3049727667]]}","{""id"": ""TTI-0e6b35d1-b793-45b4-b4a5-22dc2fb82b8b-TTR24510951472015013"", ""iconCategory"": 8, ""magnitudeOfDelay"": 4, ""startTime"": ""2026-06-04T23:25:00Z"", ""endTime"": null, ""from"": ""Circuito Estadio Azteca"", ""to"": ""Circuito Estadio Azteca"", ""length"": 80.6832212881, ""delay"": null, ""roadNumbers"": [], ""timeValidity"": ""present"", ""probabilityOfOccurrence"": ""certain"", ""numberOfReports"": null, ""lastReportTime"": null, ""events"": [{""code"": 401, ""description"": ""Cerrado"", ""iconCategory"": 8}]}"
tomtom,tomtom_cdmx_incidents,2026-07-04T07:19:02Z,2026-07-04,20260704T071858Z,2026-07-04T07:18:59.169521,TTI-0e6b35d1-b793-45b4-b4a5-22dc2fb82b8b-TTR24510951400015014,Feature,LineString,19.304884247,-99.1523624116,8,Road closed,4,,80.6832212881,Circuito Estadio Azteca,Circuito Estadio Azteca,,present,certain,,2026-06-04T23:25:00Z,,,Cerrado,401,"{""type"": ""LineString"", ""coordinates"": [[-99.1531255001, 19.3049727667], [-99.1523624116, 19.304884247]]}","{""id"": ""TTI-0e6b35d1-b793-45b4-b4a5-22dc2fb82b8b-TTR24510951400015014"", ""iconCategory"": 8, ""magnitudeOfDelay"": 4, ""startTime"": ""2026-06-04T23:25:00Z"", ""endTime"": null, ""from"": ""Circuito Estadio Azteca"", ""to"": ""Circuito Estadio Azteca"", ""length"": 80.6832212881, ""delay"": null, ""roadNumbers"": [], ""timeValidity"": ""present"", ""probabilityOfOccurrence"": ""certain"", ""numberOfReports"": null, ""lastReportTime"": null, ""events"": [{""code"": 401, ""description"": ""Cerrado"", ""iconCategory"": 8}]}"
tomtom,tomtom_cdmx_incidents,2026-07-04T07:19:02Z,2026-07-04,20260704T071858Z,2026-07-04T07:18:59.169539,TTI-0e6b35d1-b793-45b4-b4a5-22dc2fb82b8b-TTR24510951472015012,Feature,LineString,19.3051042409,-99.1531120891,8,Road closed,4,,88.6844688569,Circuito Estadio Azteca,Circuito Estadio Azteca,,present,certain,,2026-06-04T23:25:00Z,,,Cerrado,401,"{""type"": ""LineString"", ""coordinates"": [[-99.1522725576, 19.3050130317], [-99.1531120891, 19.3051042409]]}","{""id"": ""TTI-0e6b35d1-b793-45b4-b4a5-22dc2fb82b8b-TTR24510951472015012"", ""iconCategory"": 8, ""magnitudeOfDelay"": 4, ""startTime"": ""2026-06-04T23:25:00Z"", ""endTime"": null, ""from"": ""Circuito Estadio Azteca"", ""to"": ""Circuito Estadio Azteca"", ""length"": 88.6844688569, ""delay"": null, ""roadNumbers"": [], ""timeValidity"": ""present"", ""probabilityOfOccurrence"": ""certain"", ""numberOfReports"": null, ""lastReportTime"": null, ""events"": [{""code"": 401, ""description"": ""Cerrado"", ""iconCategory"": 8}]}"
tomtom,tomtom_cdmx_incidents,2026-07-04T07:19:02Z,2026-07-04,20260704T071858Z,2026-07-04T07:18:59.169554,TTI-0e6b35d1-b793-45b4-b4a5-22dc2fb82b8b-TTR24510951400015013,Feature,LineString,19.3050130317,-99.1522725576,8,Road closed,4,,88.6844688569,Circuito Estadio Azteca,Circuito Estadio Azteca,,present,certain,,2026-06-04T23:25:00Z,,,Cerrado,401,"{""type"": ""LineString"", ""coordinates"": [[-99.1531120891, 19.3051042409], [-99.1522725576, 19.3050130317]]}","{""id"": ""TTI-0e6b35d1-b793-45b4-b4a5-22dc2fb82b8b-TTR24510951400015013"", ""iconCategory"": 8, ""magnitudeOfDelay"": 4, ""startTime"": ""2026-06-04T23:25:00Z"", ""endTime"": null, ""from"": ""Circuito Estadio Azteca"", ""to"": ""Circuito Estadio Azteca"", ""length"": 88.6844688569, ""delay"": null, ""roadNumbers"": [], ""timeValidity"": ""present"", ""probabilityOfOccurrence"": ""certain"", ""numberOfReports"": null, ""lastReportTime"": null, ""events"": [{""code"": 401, ""description"": ""Cerrado"", ""iconCategory"": 8}]}"
tomtom,tomtom_cdmx_incidents,2026-07-04T07:19:02Z,2026-07-04,20260704T071858Z,2026-07-04T07:18:59.169569,TTI-0e6b35d1-b793-45b4-b4a5-22dc2fb82b8b-TTR24510951396023001,Feature,LineString,19.3053120523,-99.1533494646,8,Road closed,4,,185.939141522,Circuito Estadio Azteca,Circuito Estadio Azteca,,present,certain,,2026-06-04T23:25:00Z,,,Cerrado,401,"{""type"": ""LineString"", ""coordinates"": [[-99.1538336033, 19.3052208432], [-99.1536740119, 19.3052584185], [-99.1536069566, 19.3052732113], [-99.1533494646, 19.3053120523], [-99.1530946547, 19.3052852354], [-99.1520834619, 19.305149806]]}","{""id"": ""TTI-0e6b35d1-b793-45b4-b4a5-22dc2fb82b8b-TTR24510951396023001"", ""iconCategory"": 8, ""magnitudeOfDelay"": 4, ""startTime"": ""2026-06-04T23:25:00Z"", ""endTime"": null, ""from"": ""Circuito Estadio Azteca"", ""to"": ""Circuito Estadio Azteca"", ""length"": 185.939141522, ""delay"": null, ""roadNumbers"": [], ""timeValidity"": ""present"", ""probabilityOfOccurrence"": ""certain"", ""numberOfReports"": null, ""lastReportTime"": null, ""events"": [{""code"": 401, ""description"": ""Cerrado"", ""iconCategory"": 8}]}"
tomtom,tomtom_cdmx_incidents,2026-07-04T07:19:02Z,2026-07-04,20260704T071858Z,2026-07-04T07:18:59.169588,TTI-0e6b35d1-b793-45b4-b4a5-22dc2fb82b8b-TTR24510951468023001,Feature,LineString,19.3052732113,-99.1536069566,8,Road closed,4,,185.939141522,Circuito Estadio Azteca,Circuito Estadio Azteca,,present,certain,,2026-06-04T23:25:00Z,,,Cerrado,401,"{""type"": ""LineString"", ""coordinates"": [[-99.1520834619, 19.305149806], [-99.1530946547, 19.3052852354], [-99.1533494646, 19.3053120523], [-99.1536069566, 19.3052732113], [-99.1536740119, 19.3052584185], [-99.1538336033, 19.3052208432]]}","{""id"": ""TTI-0e6b35d1-b793-45b4-b4a5-22dc2fb82b8b-TTR24510951468023001"", ""iconCategory"": 8, ""magnitudeOfDelay"": 4, ""startTime"": ""2026-06-04T23:25:00Z"", ""endTime"": null, ""from"": ""Circuito Estadio Azteca"", ""to"": ""Circuito Estadio Azteca"", ""length"": 185.939141522, ""delay"": null, ""roadNumbers"": [], ""timeValidity"": ""present"", ""probabilityOfOccurrence"": ""certain"", ""numberOfReports"": null, ""lastReportTime"": null, ""events"": [{""code"": 401, ""description"": ""Cerrado"", ""iconCategory"": 8}]}"
tomtom,tomtom_cdmx_incidents,2026-07-04T07:19:02Z,2026-07-04,20260704T071858Z,2026-07-04T07:18:59.169606,TTI-0e6b35d1-b793-45b4-b4a5-22dc2fb82b8b-TTR24510951284031003,Feature,LineString,19.3021953287,-99.1521719748,8,Road closed,4,,287.2204821703,Calzada de Tlalpan / Entrada B Estadio Azteca,Circuito Estadio Azteca,,present,certain,,2026-06-04T23:25:00Z,,,Cerrado,401,"{""type"": ""LineString"", ""coordinates"": [[-99.1526641602, 19.3014054392], [-99.1526708657, 19.3015905514], [-99.1526373381, 19.3018413227], [-99.1525903994, 19.3021980184], [-99.1525528485, 19.3023831297], [-99.1525233442, 19.3024139815], [-99.1524857933, 19.3024381092], [-99.152430808, 19.3024367644], [-99.1522671932, 19.3023308397], [-99.152213549, 19.3022892292], [-99.1521719748, 19.3021953287], [-99.1521464938, 19.3020303897], [-99.1521263773, 19.301952627], [-99.1521022374, 19.3018936128], [-99.1520526165, 19.3018292192], [-99.1522913331, 19.3016642798], [-99.1523181552, 19.3016455312], [-99.1524656767, 19.3015516304], [-99.1525568718, 19.301492616], [-99.1526641602, 19.3014054392]]}","{""id"": ""TTI-0e6b35d1-b793-45b4-b4a5-22dc2fb82b8b-TTR24510951284031003"", ""iconCategory"": 8, ""magnitudeOfDelay"": 4, ""startTime"": ""2026-06-04T23:25:00Z"", ""endTime"": null, ""from"": ""Calzada de Tlalpan / Entrada B Estadio Azteca"", ""to"": ""Circuito Estadio Azteca"", ""length"": 287.2204821703, ""delay"": null, ""roadNumbers"": [], ""timeValidity"": ""present"", ""probabilityOfOccurrence"": ""certain"", ""numberOfReports"": null, ""lastReportTime"": null, ""events"": [{""code"": 401, ""description"": ""Cerrado"", ""iconCategory"": 8}]}"
tomtom,tomtom_cdmx_incidents,2026-07-04T07:19:02Z,2026-07-04,20260704T071858Z,2026-07-04T07:18:59.169639,TTI-0e6b35d1-b793-45b4-b4a5-22dc2fb82b8b-TTR24510951284031002,Feature,LineString,19.3022892292,-99.152213549,8,Road closed,4,,287.2204821703,Circuito Estadio Azteca,Calzada de Tlalpan / Entrada B Estadio Azteca,,present,certain,,2026-06-04T23:25:00Z,,,Cerrado,401,"{""type"": ""LineString"", ""coordinates"": [[-99.1526641602, 19.3014054392], [-99.1525568718, 19.301492616], [-99.1524656767, 19.3015516304], [-99.1523181552, 19.3016455312], [-99.1522913331, 19.3016642798], [-99.1520526165, 19.3018292192], [-99.1521022374, 19.3018936128], [-99.1521263773, 19.301952627], [-99.1521464938, 19.3020303897], [-99.1521719748, 19.3021953287], [-99.152213549, 19.3022892292], [-99.1522671932, 19.3023308397], [-99.152430808, 19.3024367644], [-99.1524857933, 19.3024381092], [-99.1525233442, 19.3024139815], [-99.1525528485, 19.3023831297], [-99.1525903994, 19.3021980184], [-99.1526373381, 19.3018413227], [-99.1526708657, 19.3015905514], [-99.1526641602, 19.3014054392]]}","{""id"": ""TTI-0e6b35d1-b793-45b4-b4a5-22dc2fb82b8b-TTR24510951284031002"", ""iconCategory"": 8, ""magnitudeOfDelay"": 4, ""startTime"": ""2026-06-04T23:25:00Z"", ""endTime"": null, ""from"": ""Circuito Estadio Azteca"", ""to"": ""Calzada de Tlalpan / Entrada B Estadio Azteca"", ""length"": 287.2204821703, ""delay"": null, ""roadNumbers"": [], ""timeValidity"": ""present"", ""probabilityOfOccurrence"": ""certain"", ""numberOfReports"": null, ""lastReportTime"": null, ""events"": [{""code"": 401, ""description"": ""Cerrado"", ""iconCategory"": 8}]}"
tomtom,tomtom_cdmx_incidents,2026-07-04T07:19:02Z,2026-07-04,20260704T071858Z,2026-07-04T07:18:59.169669,TTI-0e6b35d1-b793-45b4-b4a5-22dc2fb82b8b-TTR24510951236007001,Feature,LineString,19.3019123613,-99.1519506926,8,Road closed,4,,14.13796377,Circuito Estadio Azteca,Bosques de Tetlameya,,present,certain,,2026-06-04T23:25:00Z,,,Cerrado,401,"{""type"": ""LineString"", ""coordinates"": [[-99.1520526165, 19.3018292192], [-99.1519506926, 19.3019123613]]}","{""id"": ""TTI-0e6b35d1-b793-45b4-b4a5-22dc2fb82b8b-TTR24510951236007001"", ""iconCategory"": 8, ""magnitudeOfDelay"": 4, ""startTime"": ""2026-06-04T23:25:00Z"", ""endTime"": null, ""from"": ""Circuito Estadio Azteca"", ""to"": ""Bosques de Tetlameya"", ""length"": 14.13796377, ""delay"": null, ""roadNumbers"": [], ""timeValidity"": ""present"", ""probabilityOfOccurrence"": ""certain"", ""numberOfReports"": null, ""lastReportTime"": null, ""events"": [{""code"": 401, ""description"": ""Cerrado"", ""iconCategory"": 8}]}"
tomtom,tomtom_cdmx_incidents,2026-07-04T07:19:02Z,2026-07-04,20260704T071858Z,2026-07-04T07:18:59.169683,TTI-0e6b35d1-b793-45b4-b4a5-22dc2fb82b8b-TTR24510951308007001,Feature,LineString,19.3018292192,-99.1520526165,8,Road closed,4,,14.13796377,Bosques de Tetlameya,Circuito Estadio Azteca,,present,certain,,2026-06-04T23:25:00Z,,,Cerrado,401,"{""type"": ""LineString"", ""coordinates"": [[-99.1519506926, 19.3019123613], [-99.1520526165, 19.3018292192]]}","{""id"": ""TTI-0e6b35d1-b793-45b4-b4a5-22dc2fb82b8b-TTR24510951308007001"", ""iconCategory"": 8, ""magnitudeOfDelay"": 4, ""startTime"": ""2026-06-04T23:25:00Z"", ""endTime"": null, ""from"": ""Bosques de Tetlameya"", ""to"": ""Circuito Estadio Azteca"", ""length"": 14.13796377, ""delay"": null, ""roadNumbers"": [], ""timeValidity"": ""present"", ""probabilityOfOccurrence"": ""certain"", ""numberOfReports"": null, ""lastReportTime"": null, ""events"": [{""code"": 401, ""description"": ""Cerrado"", ""iconCategory"": 8}]}"
tomtom,tomtom_cdmx_incidents,2026-07-04T07:19:02Z,2026-07-04,20260704T071858Z,2026-07-04T07:18:59.169698,TTI-0e6b35d1-b793-45b4-b4a5-22dc2fb82b8b-TTR24510951260007001,Feature,LineString,19.3017876877,-99.1519118005,8,Road closed,4,,18.1734316313,Circuito Estadio Azteca,Calzada de Tlalpan / Entrada B Estadio Azteca,,present,certain,,2026-06-04T23:25:00Z,,,Cerrado,401,"{""type"": ""LineString"", ""coordinates"": [[-99.1520526165, 19.3018292192], [-99.1519118005, 19.3017876877], [-99.1518863195, 19.301784998]]}","{""id"": ""TTI-0e6b35d1-b793-45b4-b4a5-22dc2fb82b8b-TTR24510951260007001"", ""iconCategory"": 8, ""magnitudeOfDelay"": 4, ""startTime"": ""2026-06-04T23:25:00Z"", ""endTime"": null, ""from"": ""Circuito Estadio Azteca"", ""to"": ""Calzada de Tlalpan / Entrada B Estadio Azteca"", ""length"": 18.1734316313, ""delay"": null, ""roadNumbers"": [], ""timeValidity"": ""present"", ""probabilityOfOccurrence"": ""certain"", ""numberOfReports"": null, ""lastReportTime"": null, ""events"": [{""code"": 401, ""description"": ""Cerrado"", ""iconCategory"": 8}]}"
tomtom,tomtom_cdmx_incidents,2026-07-04T07:19:02Z,2026-07-04,20260704T071858Z,2026-07-04T07:18:59.169714,TTI-0e6b35d1-b793-45b4-b4a5-22dc2fb82b8b-TTR24510951332007001,Feature,LineString,19.3017876877,-99.1519118005,8,Road closed,4,,18.1734316313,Calzada de Tlalpan / Entrada B Estadio Azteca,Circuito Estadio Azteca,,present,certain,,2026-06-04T23:25:00Z,,,Cerrado,401,"{""type"": ""LineString"", ""coordinates"": [[-99.1518863195, 19.301784998], [-99.1519118005, 19.3017876877], [-99.1520526165, 19.3018292192]]}","{""id"": ""TTI-0e6b35d1-b793-45b4-b4a5-22dc2fb82b8b-TTR24510951332007001"", ""iconCategory"": 8, ""magnitudeOfDelay"": 4, ""startTime"": ""2026-06-04T23:25:00Z"", ""endTime"": null, ""from"": ""Calzada de Tlalpan / Entrada B Estadio Azteca"", ""to"": ""Circuito Estadio Azteca"", ""length"": 18.1734316313, ""delay"": null, ""roadNumbers"": [], ""timeValidity"": ""present"", ""probabilityOfOccurrence"": ""certain"", ""numberOfReports"": null, ""lastReportTime"": null, ""events"": [{""code"": 401, ""description"": ""Cerrado"", ""iconCategory"": 8}]}"
tomtom,tomtom_cdmx_incidents,2026-07-04T07:19:02Z,2026-07-04,20260704T071858Z,2026-07-04T07:18:59.169729,TTI-0e6b35d1-b793-45b4-b4a5-22dc2fb82b8b-TTR24510951376023001,Feature,LineString,19.305412675,-99.1529913897,8,Road closed,4,,167.4770401299,Calzada de Tlalpan / Entrada B Estadio Azteca,Circuito Estadio Azteca,,present,certain,,2026-06-04T23:25:00Z,,,Cerrado,401,"{""type"": ""LineString"", ""coordinates"": [[-99.1531120891, 19.3051042409], [-99.1530946547, 19.3052852354], [-99.1530812437, 19.305412675], [-99.1529913897, 19.305412675], [-99.1522537822, 19.3053241555], [-99.1518219465, 19.305281201]]}","{""id"": ""TTI-0e6b35d1-b793-45b4-b4a5-22dc2fb82b8b-TTR24510951376023001"", ""iconCategory"": 8, ""magnitudeOfDelay"": 4, ""startTime"": ""2026-06-04T23:25:00Z"", ""endTime"": null, ""from"": ""Calzada de Tlalpan / Entrada B Estadio Azteca"", ""to"": ""Circuito Estadio Azteca"", ""length"": 167.4770401299, ""delay"": null, ""roadNumbers"": [], ""timeValidity"": ""present"", ""probabilityOfOccurrence"": ""certain"", ""numberOfReports"": null, ""lastReportTime"": null, ""events"": [{""code"": 401, ""description"": ""Cerrado"", ""iconCategory"": 8}]}"
tomtom,tomtom_cdmx_incidents,2026-07-04T07:19:02Z,2026-07-04,20260704T071858Z,2026-07-04T07:18:59.169748,TTI-0e6b35d1-b793-45b4-b4a5-22dc2fb82b8b-TTR24510951448023001,Feature,LineString,19.305412675,-99.1530812437,8,Road closed,4,,167.4770401299,Circuito Estadio Azteca,Calzada de Tlalpan / Entrada B Estadio Azteca,,present,certain,,2026-06-04T23:25:00Z,,,Cerrado,401,"{""type"": ""LineString"", ""coordinates"": [[-99.1518219465, 19.305281201], [-99.1522537822, 19.3053241555], [-99.1529913897, 19.305412675], [-99.1530812437, 19.305412675], [-99.1530946547, 19.3052852354], [-99.1531120891, 19.3051042409]]}","{""id"": ""TTI-0e6b35d1-b793-45b4-b4a5-22dc2fb82b8b-TTR24510951448023001"", ""iconCategory"": 8, ""magnitudeOfDelay"": 4, ""startTime"": ""2026-06-04T23:25:00Z"", ""endTime"": null, ""from"": ""Circuito Estadio Azteca"", ""to"": ""Calzada de Tlalpan / Entrada B Estadio Azteca"", ""length"": 167.4770401299, ""delay"": null, ""roadNumbers"": [], ""timeValidity"": ""present"", ""probabilityOfOccurrence"": ""certain"", ""numberOfReports"": null, ""lastReportTime"": null, ""events"": [{""code"": 401, ""description"": ""Cerrado"", ""iconCategory"": 8}]}"
tomtom,tomtom_cdmx_incidents,2026-07-04T07:19:02Z,2026-07-04,20260704T071858Z,2026-07-04T07:18:59.169768,TTI-0e6b35d1-b793-45b4-b4a5-22dc2fb82b8b-TTR24510951388023001,Feature,LineString,19.3056178755,-99.1524656767,8,Road closed,4,,212.6944780121,Circuito Estadio Azteca,Circuito Estadio Azteca,,present,certain,,2026-06-04T23:25:00Z,,,Cerrado,401,"{""type"": ""LineString"", ""coordinates"": [[-99.1535935456, 19.3051578748], [-99.1534741873, 19.3052329464], [-99.1533494646, 19.3053120523], [-99.1532703394, 19.3053496276], [-99.1530812437, 19.305412675], [-99.1527432853, 19.3055253217], [-99.1524656767, 19.3056178755], [-99.1521759981, 19.3056205651], [-99.1519104594, 19.3055722314], [-99.1518568152, 19.3055642418], [-99.1518273109, 19.3055548282], [-99.1518058533, 19.3055065736], [-99.1517696435, 19.3054287335]]}","{""id"": ""TTI-0e6b35d1-b793-45b4-b4a5-22dc2fb82b8b-TTR24510951388023001"", ""iconCategory"": 8, ""magnitudeOfDelay"": 4, ""startTime"": ""2026-06-04T23:25:00Z"", ""endTime"": null, ""from"": ""Circuito Estadio Azteca"", ""to"": ""Circuito Estadio Azteca"", ""length"": 212.6944780121, ""delay"": null, ""roadNumbers"": [], ""timeValidity"": ""present"", ""probabilityOfOccurrence"": ""certain"", ""numberOfReports"": null, ""lastReportTime"": null, ""events"": [{""code"": 401, ""description"": ""Cerrado"", ""iconCategory"": 8}]}"
tomtom,tomtom_cdmx_incidents,2026-07-04T07:19:02Z,2026-07-04,20260704T071858Z,2026-07-04T07:18:59.169792,TTI-0e6b35d1-b793-45b4-b4a5-22dc2fb82b8b-TTR24510951472015011,Feature,LineString,19.3055253217,-99.1527432853,8,Road closed,4,,102.7391956697,Circuito Estadio Azteca,Avenida Estadio Azteca,,present,certain,,2026-06-04T23:25:00Z,,,Cerrado,401,"{""type"": ""LineString"", ""coordinates"": [[-99.1517696435, 19.3054287335], [-99.1527432853, 19.3055253217]]}","{""id"": ""TTI-0e6b35d1-b793-45b4-b4a5-22dc2fb82b8b-TTR24510951472015011"", ""iconCategory"": 8, ""magnitudeOfDelay"": 4, ""startTime"": ""2026-06-04T23:25:00Z"", ""endTime"": null, ""from"": ""Circuito Estadio Azteca"", ""to"": ""Avenida Estadio Azteca"", ""length"": 102.7391956697, ""delay"": null, ""roadNumbers"": [], ""timeValidity"": ""present"", ""probabilityOfOccurrence"": ""certain"", ""numberOfReports"": null, ""lastReportTime"": null, ""events"": [{""code"": 401, ""description"": ""Cerrado"", ""iconCategory"": 8}]}"
tomtom,tomtom_cdmx_incidents,2026-07-04T07:19:02Z,2026-07-04,20260704T071858Z,2026-07-04T07:18:59.169806,TTI-0e6b35d1-b793-45b4-b4a5-22dc2fb82b8b-TTR24510951460023001,Feature,LineString,19.3056178755,-99.1524656767,8,Road closed,4,,212.6944780121,Circuito Estadio Azteca,Circuito Estadio Azteca,,present,certain,,2026-06-04T23:25:00Z,,,Cerrado,401,"{""type"": ""LineString"", ""coordinates"": [[-99.1517696435, 19.3054287335], [-99.1518058533, 19.3055065736], [-99.1518273109, 19.3055548282], [-99.1518568152, 19.3055642418], [-99.1519104594, 19.3055722314], [-99.1521759981, 19.3056205651], [-99.1524656767, 19.3056178755], [-99.1527432853, 19.3055253217], [-99.1530812437, 19.305412675], [-99.1532703394, 19.3053496276], [-99.1533494646, 19.3053120523], [-99.1534741873, 19.3052329464], [-99.1535935456, 19.3051578748]]}","{""id"": ""TTI-0e6b35d1-b793-45b4-b4a5-22dc2fb82b8b-TTR24510951460023001"", ""iconCategory"": 8, ""magnitudeOfDelay"": 4, ""startTime"": ""2026-06-04T23:25:00Z"", ""endTime"": null, ""from"": ""Circuito Estadio Azteca"", ""to"": ""Circuito Estadio Azteca"", ""length"": 212.6944780121, ""delay"": null, ""roadNumbers"": [], ""timeValidity"": ""present"", ""probabilityOfOccurrence"": ""certain"", ""numberOfReports"": null, ""lastReportTime"": null, ""events"": [{""code"": 401, ""description"": ""Cerrado"", ""iconCategory"": 8}]}"
tomtom,tomtom_cdmx_incidents,2026-07-04T07:19:02Z,2026-07-04,20260704T071858Z,2026-07-04T07:18:59.169830,TTI-0e6b35d1-b793-45b4-b4a5-22dc2fb82b8b-TTR24510951400015012,Feature,LineString,19.3054287335,-99.1517696435,8,Road closed,4,,102.7391956697,Avenida Estadio Azteca,Circuito Estadio Azteca,,present,certain,,2026-06-04T23:25:00Z,,,Cerrado,401,"{""type"": ""LineString"", ""coordinates"": [[-99.1527432853, 19.3055253217], [-99.1517696435, 19.3054287335]]}","{""id"": ""TTI-0e6b35d1-b793-45b4-b4a5-22dc2fb82b8b-TTR24510951400015012"", ""iconCategory"": 8, ""magnitudeOfDelay"": 4, ""startTime"": ""2026-06-04T23:25:00Z"", ""endTime"": null, ""from"": ""Avenida Estadio Azteca"", ""to"": ""Circuito Estadio Azteca"", ""length"": 102.7391956697, ""delay"": null, ""roadNumbers"": [], ""timeValidity"": ""present"", ""probabilityOfOccurrence"": ""certain"", ""numberOfReports"": null, ""lastReportTime"": null, ""events"": [{""code"": 401, ""description"": ""Cerrado"", ""iconCategory"": 8}]}"
tomtom,tomtom_cdmx_incidents,2026-07-04T07:19:02Z,2026-07-04,20260704T071858Z,2026-07-04T07:18:59.169845,TTI-0e6b35d1-b793-45b4-b4a5-22dc2fb82b8b-TTR24510951272015002,Feature,LineString,19.3017032007,-99.1523275429,8,Road closed,4,,135.5593596635,Calzada de Tlalpan / Entrada B Estadio Azteca,Calzada de Tlalpan / Entrada B Estadio Azteca,,present,certain,,2026-06-04T23:25:00Z,,,Cerrado,401,"{""type"": ""LineString"", ""coordinates"": [[-99.1517334336, 19.3016267036], [-99.1519292349, 19.3016267036], [-99.1522430533, 19.3016401519], [-99.1522913331, 19.3016642798], [-99.1523275429, 19.3017032007], [-99.1523449773, 19.3017769291], [-99.1523262018, 19.3019619617], [-99.1522671932, 19.3023308397]]}","{""id"": ""TTI-0e6b35d1-b793-45b4-b4a5-22dc2fb82b8b-TTR24510951272015002"", ""iconCategory"": 8, ""magnitudeOfDelay"": 4, ""startTime"": ""2026-06-04T23:25:00Z"", ""endTime"": null, ""from"": ""Calzada de Tlalpan / Entrada B Estadio Azteca"", ""to"": ""Calzada de Tlalpan / Entrada B Estadio Azteca"", ""length"": 135.5593596635, ""delay"": null, ""roadNumbers"": [], ""timeValidity"": ""present"", ""probabilityOfOccurrence"": ""certain"", ""numberOfReports"": null, ""lastReportTime"": null, ""events"": [{""code"": 401, ""description"": ""Cerrado"", ""iconCategory"": 8}]}"
tomtom,tomtom_cdmx_incidents,2026-07-04T07:19:02Z,2026-07-04,20260704T071858Z,2026-07-04T07:18:59.169865,TTI-0e6b35d1-b793-45b4-b4a5-22dc2fb82b8b-TTR24510951272015003,Feature,LineString,19.3016642798,-99.1522913331,8,Road closed,4,,135.5593596635,Calzada de Tlalpan / Entrada B Estadio Azteca,Calzada de Tlalpan / Entrada B Estadio Azteca,,present,certain,,2026-06-04T23:25:00Z,,,Cerrado,401,"{""type"": ""LineString"", ""coordinates"": [[-99.1522671932, 19.3023308397], [-99.1523262018, 19.3019619617], [-99.1523449773, 19.3017769291], [-99.1523275429, 19.3017032007], [-99.1522913331, 19.3016642798], [-99.1522430533, 19.3016401519], [-99.1519292349, 19.3016267036], [-99.1517334336, 19.3016267036]]}","{""id"": ""TTI-0e6b35d1-b793-45b4-b4a5-22dc2fb82b8b-TTR24510951272015003"", ""iconCategory"": 8, ""magnitudeOfDelay"": 4, ""startTime"": ""2026-06-04T23:25:00Z"", ""endTime"": null, ""from"": ""Calzada de Tlalpan / Entrada B Estadio Azteca"", ""to"": ""Calzada de Tlalpan / Entrada B Estadio Azteca"", ""length"": 135.5593596635, ""delay"": null, ""roadNumbers"": [], ""timeValidity"": ""present"", ""probabilityOfOccurrence"": ""certain"", ""numberOfReports"": null, ""lastReportTime"": null, ""events"": [{""code"": 401, ""description"": ""Cerrado"", ""iconCategory"": 8}]}"
tomtom,tomtom_cdmx_incidents,2026-07-04T07:19:02Z,2026-07-04,20260704T071858Z,2026-07-04T07:18:59.169885,TTI-0e6b35d1-b793-45b4-b4a5-22dc2fb82b8b-TTR24510951384015003,Feature,LineString,19.3048963502,-99.1516730839,8,Road closed,4,,69.1756139989,Circuito Estadio Azteca,Circuito Estadio Azteca,,present,certain,,2026-06-04T23:25:00Z,,,Cerrado,401,"{""type"": ""LineString"", ""coordinates"": [[-99.1522283012, 19.304561019], [-99.1516730839, 19.3048963502]]}","{""id"": ""TTI-0e6b35d1-b793-45b4-b4a5-22dc2fb82b8b-TTR24510951384015003"", ""iconCategory"": 8, ""magnitudeOfDelay"": 4, ""startTime"": ""2026-06-04T23:25:00Z"", ""endTime"": null, ""from"": ""Circuito Estadio Azteca"", ""to"": ""Circuito Estadio Azteca"", ""length"": 69.1756139989, ""delay"": null, ""roadNumbers"": [], ""timeValidity"": ""present"", ""probabilityOfOccurrence"": ""certain"", ""numberOfReports"": null, ""lastReportTime"": null, ""events"": [{""code"": 401, ""description"": ""Cerrado"", ""iconCategory"": 8}]}"
tomtom,tomtom_cdmx_incidents,2026-07-04T07:19:02Z,2026-07-04,20260704T071858Z,2026-07-04T07:18:59.169899,TTI-0e6b35d1-b793-45b4-b4a5-22dc2fb82b8b-TTR24510951456015003,Feature,LineString,19.304561019,-99.1522283012,8,Road closed,4,,69.1756139989,Circuito Estadio Azteca,Circuito Estadio Azteca,,present,certain,,2026-06-04T23:25:00Z,,,Cerrado,401,"{""type"": ""LineString"", ""coordinates"": [[-99.1516730839, 19.3048963502], [-99.1522283012, 19.304561019]]}","{""id"": ""TTI-0e6b35d1-b793-45b4-b4a5-22dc2fb82b8b-TTR24510951456015003"", ""iconCategory"": 8, ""magnitudeOfDelay"": 4, ""startTime"": ""2026-06-04T23:25:00Z"", ""endTime"": null, ""from"": ""Circuito Estadio Azteca"", ""to"": ""Circuito Estadio Azteca"", ""length"": 69.1756139989, ""delay"": null, ""roadNumbers"": [], ""timeValidity"": ""present"", ""probabilityOfOccurrence"": ""certain"", ""numberOfReports"": null, ""lastReportTime"": null, ""events"": [{""code"": 401, ""description"": ""Cerrado"", ""iconCategory"": 8}]}"
tomtom,tomtom_cdmx_incidents,2026-07-04T07:19:02Z,2026-07-04,20260704T071858Z,2026-07-04T07:18:59.169915,TTI-0e6b35d1-b793-45b4-b4a5-22dc2fb82b8b-TTR24510951264020000,Feature,LineString,19.2999852107,-99.1523583883,1,Accident,0,,206.6037631006,Avenida Del Imán / Circuito Estadio Azteca,Calzada de Tlalpan,,present,certain,,2026-07-03T19:19:30Z,2026-07-05T12:00:00Z,,Incidente,214,"{""type"": ""LineString"", ""coordinates"": [[-99.1532381529, 19.3005403931], [-99.1529672498, 19.3004545607], [-99.1528814191, 19.3004184082], [-99.1528224105, 19.3003889008], [-99.1527687663, 19.300345945], [-99.1526695246, 19.3002614573], [-99.1524482423, 19.3000710434], [-99.1523583883, 19.2999852107], [-99.152186727, 19.2998216143], [-99.1521478349, 19.2997880722], [-99.1519976312, 19.2996941703], [-99.1518648619, 19.2996231307], [-99.1517495269, 19.2995788299], [-99.1516180986, 19.2995426772]]}","{""id"": ""TTI-0e6b35d1-b793-45b4-b4a5-22dc2fb82b8b-TTR24510951264020000"", ""iconCategory"": 1, ""magnitudeOfDelay"": 0, ""startTime"": ""2026-07-03T19:19:30Z"", ""endTime"": ""2026-07-05T12:00:00Z"", ""from"": ""Avenida Del Imán / Circuito Estadio Azteca"", ""to"": ""Calzada de Tlalpan"", ""length"": 206.6037631006, ""delay"": null, ""roadNumbers"": [], ""timeValidity"": ""present"", ""probabilityOfOccurrence"": ""certain"", ""numberOfReports"": null, ""lastReportTime"": null, ""events"": [{""code"": 214, ""description"": ""Incidente"", ""iconCategory"": 1}]}"
tomtom,tomtom_cdmx_incidents,2026-07-04T07:19:02Z,2026-07-04,20260704T071858Z,2026-07-04T07:18:59.169941,TTI-0e6b35d1-b793-45b4-b4a5-22dc2fb82b8b-TTR24505180864020001,Feature,LineString,19.3326906893,-99.1522122079,3,Dangerous conditions,0,,185.8839529594,Calle Rey Tecpancatzín (Calle Aztecas),Diez Sur Pedro Henriquez Ureña (Calle Aztecas),,present,certain,,2026-07-03T15:47:30Z,2026-07-10T17:41:00Z,,Rotura de tubería de abastecimiento,919,"{""type"": ""LineString"", ""coordinates"": [[-99.1527553553, 19.3318806993], [-99.1526064927, 19.3321703378], [-99.1524656767, 19.3324010517], [-99.1524026448, 19.3325043468], [-99.1523262018, 19.3325941962], [-99.1522122079, 19.3326906893], [-99.1521411294, 19.332751037], [-99.1518474275, 19.3329455256], [-99.1517750079, 19.3329938512], [-99.1516717428, 19.3330635317], [-99.151610052, 19.3331064789]]}","{""id"": ""TTI-0e6b35d1-b793-45b4-b4a5-22dc2fb82b8b-TTR24505180864020001"", ""iconCategory"": 3, ""magnitudeOfDelay"": 0, ""startTime"": ""2026-07-03T15:47:30Z"", ""endTime"": ""2026-07-10T17:41:00Z"", ""from"": ""Calle Rey Tecpancatzín (Calle Aztecas)"", ""to"": ""Diez Sur Pedro Henriquez Ureña (Calle Aztecas)"", ""length"": 185.8839529594, ""delay"": null, ""roadNumbers"": [], ""timeValidity"": ""present"", ""probabilityOfOccurrence"": ""certain"", ""numberOfReports"": null, ""lastReportTime"": null, ""events"": [{""code"": 919, ""description"": ""Rotura de tubería de abastecimiento"", ""iconCategory"": 3}]}"
tomtom,tomtom_cdmx_incidents,2026-07-04T07:19:02Z,2026-07-04,20260704T071858Z,2026-07-04T07:18:59.169964,TTI-0e6b35d1-b793-45b4-b4a5-22dc2fb82b8b-TTR24510951312004001,Feature,LineString,19.2982162562,-99.1516006643,1,Accident,0,,12.8084384975,Bosques de Tetlameya,Avenida Renato Leduc / Calle José Apolinar Nieto,,present,certain,,2026-07-03T19:16:30Z,2026-07-05T12:00:00Z,,Incidente,214,"{""type"": ""LineString"", ""coordinates"": [[-99.15157116, 19.2982297048], [-99.1516006643, 19.2982162562], [-99.1516757661, 19.2981706892]]}","{""id"": ""TTI-0e6b35d1-b793-45b4-b4a5-22dc2fb82b8b-TTR24510951312004001"", ""iconCategory"": 1, ""magnitudeOfDelay"": 0, ""startTime"": ""2026-07-03T19:16:30Z"", ""endTime"": ""2026-07-05T12:00:00Z"", ""from"": ""Bosques de Tetlameya"", ""to"": ""Avenida Renato Leduc / Calle José Apolinar Nieto"", ""length"": 12.8084384975, ""delay"": null, ""roadNumbers"": [], ""timeValidity"": ""present"", ""probabilityOfOccurrence"": ""certain"", ""numberOfReports"": null, ""lastReportTime"": null, ""events"": [{""code"": 214, ""description"": ""Incidente"", ""iconCategory"": 1}]}"
tomtom,tomtom_cdmx_incidents,2026-07-04T07:19:02Z,2026-07-04,20260704T071858Z,2026-07-04T07:18:59.169981,TTI-0e6b35d1-b793-45b4-b4a5-22dc2fb82b8b-TTR24510951272023003,Feature,LineString,19.3015516304,-99.1524656767,8,Road closed,4,,200.9498755736,Calzada de Tlalpan / Entrada B Estadio Azteca,Calzada de Tlalpan / Entrada B Estadio Azteca,,present,certain,,2026-06-04T23:25:00Z,,,Cerrado,401,"{""type"": ""LineString"", ""coordinates"": [[-99.1515161747, 19.3014711778], [-99.1517361158, 19.3014832022], [-99.1521304006, 19.3015033747], [-99.1523878926, 19.3015207784], [-99.1524656767, 19.3015516304], [-99.1525018865, 19.3015905514], [-99.1525166387, 19.3017179148], [-99.152430808, 19.3024367644]]}","{""id"": ""TTI-0e6b35d1-b793-45b4-b4a5-22dc2fb82b8b-TTR24510951272023003"", ""iconCategory"": 8, ""magnitudeOfDelay"": 4, ""startTime"": ""2026-06-04T23:25:00Z"", ""endTime"": null, ""from"": ""Calzada de Tlalpan / Entrada B Estadio Azteca"", ""to"": ""Calzada de Tlalpan / Entrada B Estadio Azteca"", ""length"": 200.9498755736, ""delay"": null, ""roadNumbers"": [], ""timeValidity"": ""present"", ""probabilityOfOccurrence"": ""certain"", ""numberOfReports"": null, ""lastReportTime"": null, ""events"": [{""code"": 401, ""description"": ""Cerrado"", ""iconCategory"": 8}]}"
tomtom,tomtom_cdmx_incidents,2026-07-04T07:19:02Z,2026-07-04,20260704T071858Z,2026-07-04T07:18:59.170001,TTI-0e6b35d1-b793-45b4-b4a5-22dc2fb82b8b-TTR24510951272023002,Feature,LineString,19.3015207784,-99.1523878926,8,Road closed,4,,200.9498755736,Calzada de Tlalpan / Entrada B Estadio Azteca,Calzada de Tlalpan / Entrada B Estadio Azteca,,present,certain,,2026-06-04T23:25:00Z,,,Cerrado,401,"{""type"": ""LineString"", ""coordinates"": [[-99.152430808, 19.3024367644], [-99.1525166387, 19.3017179148], [-99.1525018865, 19.3015905514], [-99.1524656767, 19.3015516304], [-99.1523878926, 19.3015207784], [-99.1521304006, 19.3015033747], [-99.1517361158, 19.3014832022], [-99.1515161747, 19.3014711778]]}","{""id"": ""TTI-0e6b35d1-b793-45b4-b4a5-22dc2fb82b8b-TTR24510951272023002"", ""iconCategory"": 8, ""magnitudeOfDelay"": 4, ""startTime"": ""2026-06-04T23:25:00Z"", ""endTime"": null, ""from"": ""Calzada de Tlalpan / Entrada B Estadio Azteca"", ""to"": ""Calzada de Tlalpan / Entrada B Estadio Azteca"", ""length"": 200.9498755736, ""delay"": null, ""roadNumbers"": [], ""timeValidity"": ""present"", ""probabilityOfOccurrence"": ""certain"", ""numberOfReports"": null, ""lastReportTime"": null, ""events"": [{""code"": 401, ""description"": ""Cerrado"", ""iconCategory"": 8}]}"
tomtom,tomtom_cdmx_incidents,2026-07-04T07:19:02Z,2026-07-04,20260704T071858Z,2026-07-04T07:18:59.170020,TTI-0e6b35d1-b793-45b4-b4a5-22dc2fb82b8b-TTR24510951444031001,Feature,LineString,19.3046120426,-99.1524348313,8,Road closed,4,,277.9804105025,Circuito Estadio Azteca,Circuito Estadio Azteca,,present,certain,,2026-06-04T23:25:00Z,,,Cerrado,401,"{""type"": ""LineString"", ""coordinates"": [[-99.1515134925, 19.3055803002], [-99.1515859121, 19.3054931256], [-99.1516811306, 19.3054595848], [-99.1517696435, 19.3054287335], [-99.1518219465, 19.305281201], [-99.1520834619, 19.305149806], [-99.1520928496, 19.3051417372], [-99.1522725576, 19.3050130317], [-99.1523624116, 19.304884247], [-99.1524039859, 19.3048225442], [-99.1524133736, 19.3047555413], [-99.1524348313, 19.3046120426], [-99.1524576301, 19.3044618197], [-99.1524750644, 19.3043384138], [-99.1524938399, 19.3042123973], [-99.1525179798, 19.3040554501], [-99.1525246853, 19.3040085399], [-99.1525676006, 19.3039253989], [-99.1525702828, 19.3039200196], [-99.1526990289, 19.3037979581], [-99.1527271921, 19.3037671065], [-99.1528385037, 19.3036490793], [-99.1528505737, 19.3036262966]]}","{""id"": ""TTI-0e6b35d1-b793-45b4-b4a5-22dc2fb82b8b-TTR24510951444031001"", ""iconCategory"": 8, ""magnitudeOfDelay"": 4, ""startTime"": ""2026-06-04T23:25:00Z"", ""endTime"": null, ""from"": ""Circuito Estadio Azteca"", ""to"": ""Circuito Estadio Azteca"", ""length"": 277.9804105025, ""delay"": null, ""roadNumbers"": [], ""timeValidity"": ""present"", ""probabilityOfOccurrence"": ""certain"", ""numberOfReports"": null, ""lastReportTime"": null, ""events"": [{""code"": 401, ""description"": ""Cerrado"", ""iconCategory"": 8}]}"
tomtom,tomtom_cdmx_incidents,2026-07-04T07:19:02Z,2026-07-04,20260704T071858Z,2026-07-04T07:18:59.170053,TTI-0e6b35d1-b793-45b4-b4a5-22dc2fb82b8b-TTR24510951372031001,Feature,LineString,19.3046120426,-99.1524348313,8,Road closed,4,,277.9804105025,Circuito Estadio Azteca,Circuito Estadio Azteca,,present,certain,,2026-06-04T23:25:00Z,,,Cerrado,401,"{""type"": ""LineString"", ""coordinates"": [[-99.1528505737, 19.3036262966], [-99.1528385037, 19.3036490793], [-99.1527271921, 19.3037671065], [-99.1526990289, 19.3037979581], [-99.1525702828, 19.3039200196], [-99.1525676006, 19.3039253989], [-99.1525246853, 19.3040085399], [-99.1525179798, 19.3040554501], [-99.1524938399, 19.3042123973], [-99.1524750644, 19.3043384138], [-99.1524576301, 19.3044618197], [-99.1524348313, 19.3046120426], [-99.1524133736, 19.3047555413], [-99.1524039859, 19.3048225442], [-99.1523624116, 19.304884247], [-99.1522725576, 19.3050130317], [-99.1520928496, 19.3051417372], [-99.1520834619, 19.305149806], [-99.1518219465, 19.305281201], [-99.1517696435, 19.3054287335], [-99.1516811306, 19.3054595848], [-99.1515859121, 19.3054931256], [-99.1515134925, 19.3055803002]]}","{""id"": ""TTI-0e6b35d1-b793-45b4-b4a5-22dc2fb82b8b-TTR24510951372031001"", ""iconCategory"": 8, ""magnitudeOfDelay"": 4, ""startTime"": ""2026-06-04T23:25:00Z"", ""endTime"": null, ""from"": ""Circuito Estadio Azteca"", ""to"": ""Circuito Estadio Azteca"", ""length"": 277.9804105025, ""delay"": null, ""roadNumbers"": [], ""timeValidity"": ""present"", ""probabilityOfOccurrence"": ""certain"", ""numberOfReports"": null, ""lastReportTime"": null, ""events"": [{""code"": 401, ""description"": ""Cerrado"", ""iconCategory"": 8}]}"
tomtom,tomtom_cdmx_incidents,2026-07-04T07:19:02Z,2026-07-04,20260704T071858Z,2026-07-04T07:18:59.170085,TTI-0e6b35d1-b793-45b4-b4a5-22dc2fb82b8b-TTR24510951456007001,Feature,LineString,19.3052020951,-99.1514880115,8,Road closed,4,,38.721763687,Bosques de Tetlameya,Circuito Estadio Azteca,,present,certain,,2026-06-04T23:25:00Z,,,Cerrado,401,"{""type"": ""LineString"", ""coordinates"": [[-99.1514343673, 19.3052316016], [-99.1514880115, 19.3052020951], [-99.1517495269, 19.3050505279]]}","{""id"": ""TTI-0e6b35d1-b793-45b4-b4a5-22dc2fb82b8b-TTR24510951456007001"", ""iconCategory"": 8, ""magnitudeOfDelay"": 4, ""startTime"": ""2026-06-04T23:25:00Z"", ""endTime"": null, ""from"": ""Bosques de Tetlameya"", ""to"": ""Circuito Estadio Azteca"", ""length"": 38.721763687, ""delay"": null, ""roadNumbers"": [], ""timeValidity"": ""present"", ""probabilityOfOccurrence"": ""certain"", ""numberOfReports"": null, ""lastReportTime"": null, ""events"": [{""code"": 401, ""description"": ""Cerrado"", ""iconCategory"": 8}]}"
tomtom,tomtom_cdmx_incidents,2026-07-04T07:19:02Z,2026-07-04,20260704T071858Z,2026-07-04T07:18:59.170100,TTI-0e6b35d1-b793-45b4-b4a5-22dc2fb82b8b-TTR24510951384007001,Feature,LineString,19.3052020951,-99.1514880115,8,Road closed,4,,38.721763687,Circuito Estadio Azteca,Bosques de Tetlameya,,present,certain,,2026-06-04T23:25:00Z,,,Cerrado,401,"{""type"": ""LineString"", ""coordinates"": [[-99.1517495269, 19.3050505279], [-99.1514880115, 19.3052020951], [-99.1514343673, 19.3052316016]]}","{""id"": ""TTI-0e6b35d1-b793-45b4-b4a5-22dc2fb82b8b-TTR24510951384007001"", ""iconCategory"": 8, ""magnitudeOfDelay"": 4, ""startTime"": ""2026-06-04T23:25:00Z"", ""endTime"": null, ""from"": ""Circuito Estadio Azteca"", ""to"": ""Bosques de Tetlameya"", ""length"": 38.721763687, ""delay"": null, ""roadNumbers"": [], ""timeValidity"": ""present"", ""probabilityOfOccurrence"": ""certain"", ""numberOfReports"": null, ""lastReportTime"": null, ""events"": [{""code"": 401, ""description"": ""Cerrado"", ""iconCategory"": 8}]}"
tomtom,tomtom_cdmx_incidents,2026-07-04T07:19:02Z,2026-07-04,20260704T071858Z,2026-07-04T07:18:59.170116,TTI-0e6b35d1-b793-45b4-b4a5-22dc2fb82b8b-TTR24490755156043000,Feature,LineString,19.4293615797,-99.1522269601,8,Road closed,4,,460.6454546508,Calle Ayuntamiento (Eje 1 Poniente),Calle Tolsa/Barcelona (Eje 1 Poniente),,present,certain,,2026-06-23T21:38:00Z,2026-07-11T04:00:00Z,,Cerrado | Huelga,"401,1475","{""type"": ""LineString"", ""coordinates"": [[-99.1514102274, 19.4313611873], [-99.1515416557, 19.4312283921], [-99.151596641, 19.4311720331], [-99.1516958827, 19.4310540191], [-99.1517227048, 19.4305967436], [-99.1518098766, 19.4303982612], [-99.1520874852, 19.4296914372], [-99.1522269601, 19.4293615797], [-99.1524643356, 19.4287875486], [-99.1525287086, 19.4286306422], [-99.1526346559, 19.4283745327], [-99.1527110988, 19.4281920939], [-99.1529042179, 19.427788483], [-99.1530101651, 19.4275550585]]}","{""id"": ""TTI-0e6b35d1-b793-45b4-b4a5-22dc2fb82b8b-TTR24490755156043000"", ""iconCategory"": 8, ""magnitudeOfDelay"": 4, ""startTime"": ""2026-06-23T21:38:00Z"", ""endTime"": ""2026-07-11T04:00:00Z"", ""from"": ""Calle Ayuntamiento (Eje 1 Poniente)"", ""to"": ""Calle Tolsa/Barcelona (Eje 1 Poniente)"", ""length"": 460.6454546508, ""delay"": null, ""roadNumbers"": [], ""timeValidity"": ""present"", ""probabilityOfOccurrence"": ""certain"", ""numberOfReports"": null, ""lastReportTime"": null, ""events"": [{""code"": 401, ""description"": ""Cerrado"", ""iconCategory"": 8}, {""code"": 1475, ""description"": ""Huelga"", ""iconCategory"": 3}]}"
tomtom,tomtom_cdmx_incidents,2026-07-04T07:19:02Z,2026-07-04,20260704T071858Z,2026-07-04T07:18:59.170144,TTI-0e6b35d1-b793-45b4-b4a5-22dc2fb82b8b-TTR24510951308003002,Feature,LineString,19.2982659369,-99.1515148336,1,Accident,0,,33.6213061981,Calle Acoxpa (Calle Tlalpán),Calle Renato Leduc/Calzada México-Xochimilco (Calle Tlalpán),,present,certain,,2026-07-03T19:16:30Z,2026-07-05T12:00:00Z,,Incidente,214,"{""type"": ""LineString"", ""coordinates"": [[-99.1513136679, 19.2984094411], [-99.1514222974, 19.2983342873], [-99.1515148336, 19.2982659369], [-99.1515349502, 19.2982524883], [-99.15157116, 19.2982297048]]}","{""id"": ""TTI-0e6b35d1-b793-45b4-b4a5-22dc2fb82b8b-TTR24510951308003002"", ""iconCategory"": 1, ""magnitudeOfDelay"": 0, ""startTime"": ""2026-07-03T19:16:30Z"", ""endTime"": ""2026-07-05T12:00:00Z"", ""from"": ""Calle Acoxpa (Calle Tlalpán)"", ""to"": ""Calle Renato Leduc/Calzada México-Xochimilco (Calle Tlalpán)"", ""length"": 33.6213061981, ""delay"": null, ""roadNumbers"": [], ""timeValidity"": ""present"", ""probabilityOfOccurrence"": ""certain"", ""numberOfReports"": null, ""lastReportTime"": null, ""events"": [{""code"": 214, ""description"": ""Incidente"", ""iconCategory"": 1}]}"
tomtom,tomtom_cdmx_incidents,2026-07-04T07:19:02Z,2026-07-04,20260704T071858Z,2026-07-04T07:18:59.170164,TTI-0e6b35d1-b793-45b4-b4a5-22dc2fb82b8b-TTR24510951452023001,Feature,LineString,19.3045476501,-99.1519734913,8,Road closed,4,,156.9323033066,Circuito Estadio Azteca,Circuito Estadio Azteca,,present,certain,,2026-06-04T23:25:00Z,,,Cerrado,401,"{""type"": ""LineString"", ""coordinates"": [[-99.1512439305, 19.3049808355], [-99.1517776901, 19.3046911488], [-99.1518890018, 19.304616077], [-99.1519734913, 19.3045476501], [-99.1520499343, 19.3044685438], [-99.1521129662, 19.3043813686], [-99.1522966975, 19.3040393914]]}","{""id"": ""TTI-0e6b35d1-b793-45b4-b4a5-22dc2fb82b8b-TTR24510951452023001"", ""iconCategory"": 8, ""magnitudeOfDelay"": 4, ""startTime"": ""2026-06-04T23:25:00Z"", ""endTime"": null, ""from"": ""Circuito Estadio Azteca"", ""to"": ""Circuito Estadio Azteca"", ""length"": 156.9323033066, ""delay"": null, ""roadNumbers"": [], ""timeValidity"": ""present"", ""probabilityOfOccurrence"": ""certain"", ""numberOfReports"": null, ""lastReportTime"": null, ""events"": [{""code"": 401, ""description"": ""Cerrado"", ""iconCategory"": 8}]}"
tomtom,tomtom_cdmx_incidents,2026-07-04T07:19:02Z,2026-07-04,20260704T071858Z,2026-07-04T07:18:59.170184,TTI-0e6b35d1-b793-45b4-b4a5-22dc2fb82b8b-TTR24510951380023001,Feature,LineString,19.3045476501,-99.1519734913,8,Road closed,4,,156.9323033066,Circuito Estadio Azteca,Circuito Estadio Azteca,,present,certain,,2026-06-04T23:25:00Z,,,Cerrado,401,"{""type"": ""LineString"", ""coordinates"": [[-99.1522966975, 19.3040393914], [-99.1521129662, 19.3043813686], [-99.1520499343, 19.3044685438], [-99.1519734913, 19.3045476501], [-99.1518890018, 19.304616077], [-99.1517776901, 19.3046911488], [-99.1512439305, 19.3049808355]]}","{""id"": ""TTI-0e6b35d1-b793-45b4-b4a5-22dc2fb82b8b-TTR24510951380023001"", ""iconCategory"": 8, ""magnitudeOfDelay"": 4, ""startTime"": ""2026-06-04T23:25:00Z"", ""endTime"": null, ""from"": ""Circuito Estadio Azteca"", ""to"": ""Circuito Estadio Azteca"", ""length"": 156.9323033066, ""delay"": null, ""roadNumbers"": [], ""timeValidity"": ""present"", ""probabilityOfOccurrence"": ""certain"", ""numberOfReports"": null, ""lastReportTime"": null, ""events"": [{""code"": 401, ""description"": ""Cerrado"", ""iconCategory"": 8}]}"
tomtom,tomtom_cdmx_incidents,2026-07-04T07:19:02Z,2026-07-04,20260704T071858Z,2026-07-04T07:18:59.170202,TTI-0e6b35d1-b793-45b4-b4a5-22dc2fb82b8b-TTR24510951384015002,Feature,LineString,19.3044269339,-99.1518863195,8,Road closed,4,,141.7563171643,Bosques de Tetlameya,Circuito Estadio Azteca,,present,certain,,2026-06-04T23:25:00Z,,,Cerrado,401,"{""type"": ""LineString"", ""coordinates"": [[-99.1521572227, 19.3039736539], [-99.1519976312, 19.3042888141], [-99.1519493515, 19.3043599308], [-99.1518863195, 19.3044269339], [-99.1518031711, 19.3044953608], [-99.1516905183, 19.3045677431], [-99.151211744, 19.3048225442]]}","{""id"": ""TTI-0e6b35d1-b793-45b4-b4a5-22dc2fb82b8b-TTR24510951384015002"", ""iconCategory"": 8, ""magnitudeOfDelay"": 4, ""startTime"": ""2026-06-04T23:25:00Z"", ""endTime"": null, ""from"": ""Bosques de Tetlameya"", ""to"": ""Circuito Estadio Azteca"", ""length"": 141.7563171643, ""delay"": null, ""roadNumbers"": [], ""timeValidity"": ""present"", ""probabilityOfOccurrence"": ""certain"", ""numberOfReports"": null, ""lastReportTime"": null, ""events"": [{""code"": 401, ""description"": ""Cerrado"", ""iconCategory"": 8}]}"
tomtom,tomtom_cdmx_incidents,2026-07-04T07:19:02Z,2026-07-04,20260704T071858Z,2026-07-04T07:18:59.170221,TTI-0e6b35d1-b793-45b4-b4a5-22dc2fb82b8b-TTR24510951456015002,Feature,LineString,19.3044269339,-99.1518863195,8,Road closed,4,,141.7563171643,Circuito Estadio Azteca,Bosques de Tetlameya,,present,certain,,2026-06-04T23:25:00Z,,,Cerrado,401,"{""type"": ""LineString"", ""coordinates"": [[-99.151211744, 19.3048225442], [-99.1516905183, 19.3045677431], [-99.1518031711, 19.3044953608], [-99.1518863195, 19.3044269339], [-99.1519493515, 19.3043599308], [-99.1519976312, 19.3042888141], [-99.1521572227, 19.3039736539]]}","{""id"": ""TTI-0e6b35d1-b793-45b4-b4a5-22dc2fb82b8b-TTR24510951456015002"", ""iconCategory"": 8, ""magnitudeOfDelay"": 4, ""startTime"": ""2026-06-04T23:25:00Z"", ""endTime"": null, ""from"": ""Circuito Estadio Azteca"", ""to"": ""Bosques de Tetlameya"", ""length"": 141.7563171643, ""delay"": null, ""roadNumbers"": [], ""timeValidity"": ""present"", ""probabilityOfOccurrence"": ""certain"", ""numberOfReports"": null, ""lastReportTime"": null, ""events"": [{""code"": 401, ""description"": ""Cerrado"", ""iconCategory"": 8}]}"
tomtom,tomtom_cdmx_incidents,2026-07-04T07:19:02Z,2026-07-04,20260704T071858Z,2026-07-04T07:18:59.170240,TTI-0e6b35d1-b793-45b4-b4a5-22dc2fb82b8b-TTR24510951424015001,Feature,LineString,19.3050036181,-99.1512479538,8,Road closed,4,,83.784946543,Circuito Estadio Azteca,Bosques de Tetlameya,,present,certain,,2026-06-04T23:25:00Z,,,Cerrado,401,"{""type"": ""LineString"", ""coordinates"": [[-99.1514343673, 19.3052316016], [-99.1513968164, 19.3052195775], [-99.1513592655, 19.305195371], [-99.1513203734, 19.3051551852], [-99.1512640471, 19.3050975169], [-99.1512479538, 19.3050036181], [-99.1512439305, 19.3049808355], [-99.151211744, 19.3048225442], [-99.151199674, 19.3047675654], [-99.1511674875, 19.304676356], [-99.1511661464, 19.3045677431]]}","{""id"": ""TTI-0e6b35d1-b793-45b4-b4a5-22dc2fb82b8b-TTR24510951424015001"", ""iconCategory"": 8, ""magnitudeOfDelay"": 4, ""startTime"": ""2026-06-04T23:25:00Z"", ""endTime"": null, ""from"": ""Circuito Estadio Azteca"", ""to"": ""Bosques de Tetlameya"", ""length"": 83.784946543, ""delay"": null, ""roadNumbers"": [], ""timeValidity"": ""present"", ""probabilityOfOccurrence"": ""certain"", ""numberOfReports"": null, ""lastReportTime"": null, ""events"": [{""code"": 401, ""description"": ""Cerrado"", ""iconCategory"": 8}]}"
tomtom,tomtom_cdmx_incidents,2026-07-04T07:19:02Z,2026-07-04,20260704T071858Z,2026-07-04T07:18:59.170262,TTI-0e6b35d1-b793-45b4-b4a5-22dc2fb82b8b-TTR24510951496015001,Feature,LineString,19.3050036181,-99.1512479538,8,Road closed,4,,83.784946543,Bosques de Tetlameya,Circuito Estadio Azteca,,present,certain,,2026-06-04T23:25:00Z,,,Cerrado,401,"{""type"": ""LineString"", ""coordinates"": [[-99.1511661464, 19.3045677431], [-99.1511674875, 19.304676356], [-99.151199674, 19.3047675654], [-99.151211744, 19.3048225442], [-99.1512439305, 19.3049808355], [-99.1512479538, 19.3050036181], [-99.1512640471, 19.3050975169], [-99.1513203734, 19.3051551852], [-99.1513592655, 19.305195371], [-99.1513968164, 19.3052195775], [-99.1514343673, 19.3052316016]]}","{""id"": ""TTI-0e6b35d1-b793-45b4-b4a5-22dc2fb82b8b-TTR24510951496015001"", ""iconCategory"": 8, ""magnitudeOfDelay"": 4, ""startTime"": ""2026-06-04T23:25:00Z"", ""endTime"": null, ""from"": ""Bosques de Tetlameya"", ""to"": ""Circuito Estadio Azteca"", ""length"": 83.784946543, ""delay"": null, ""roadNumbers"": [], ""timeValidity"": ""present"", ""probabilityOfOccurrence"": ""certain"", ""numberOfReports"": null, ""lastReportTime"": null, ""events"": [{""code"": 401, ""description"": ""Cerrado"", ""iconCategory"": 8}]}"
tomtom,tomtom_cdmx_incidents,2026-07-04T07:19:02Z,2026-07-04,20260704T071858Z,2026-07-04T07:18:59.170284,TTI-0e6b35d1-b793-45b4-b4a5-22dc2fb82b8b-TTR24510951252023001,Feature,LineString,19.3013866907,-99.1527808363,8,Road closed,4,,237.8322790444,Circuito Estadio Azteca,Calzada de Tlalpan / Entrada B Estadio Azteca,,present,certain,,2026-06-04T23:25:00Z,,,Cerrado,401,"{""type"": ""LineString"", ""coordinates"": [[-99.1533883566, 19.3014081289], [-99.1531764621, 19.3014040944], [-99.1529659087, 19.3013946806], [-99.1528720314, 19.3013907252], [-99.1527808363, 19.3013866907], [-99.1527285332, 19.301384001], [-99.1526641602, 19.3014054392], [-99.1519654447, 19.3013518041], [-99.1511299366, 19.3013115383]]}","{""id"": ""TTI-0e6b35d1-b793-45b4-b4a5-22dc2fb82b8b-TTR24510951252023001"", ""iconCategory"": 8, ""magnitudeOfDelay"": 4, ""startTime"": ""2026-06-04T23:25:00Z"", ""endTime"": null, ""from"": ""Circuito Estadio Azteca"", ""to"": ""Calzada de Tlalpan / Entrada B Estadio Azteca"", ""length"": 237.8322790444, ""delay"": null, ""roadNumbers"": [], ""timeValidity"": ""present"", ""probabilityOfOccurrence"": ""certain"", ""numberOfReports"": null, ""lastReportTime"": null, ""events"": [{""code"": 401, ""description"": ""Cerrado"", ""iconCategory"": 8}]}"
tomtom,tomtom_cdmx_incidents,2026-07-04T07:19:02Z,2026-07-04,20260704T071858Z,2026-07-04T07:18:59.170305,TTI-0e6b35d1-b793-45b4-b4a5-22dc2fb82b8b-TTR24510951324023001,Feature,LineString,19.3013866907,-99.1527808363,8,Road closed,4,,237.8322790444,Calzada de Tlalpan / Entrada B Estadio Azteca,Circuito Estadio Azteca,,present,certain,,2026-06-04T23:25:00Z,,,Cerrado,401,"{""type"": ""LineString"", ""coordinates"": [[-99.1511299366, 19.3013115383], [-99.1519654447, 19.3013518041], [-99.1526641602, 19.3014054392], [-99.1527285332, 19.301384001], [-99.1527808363, 19.3013866907], [-99.1528720314, 19.3013907252], [-99.1529659087, 19.3013946806], [-99.1531764621, 19.3014040944], [-99.1533883566, 19.3014081289]]}","{""id"": ""TTI-0e6b35d1-b793-45b4-b4a5-22dc2fb82b8b-TTR24510951324023001"", ""iconCategory"": 8, ""magnitudeOfDelay"": 4, ""startTime"": ""2026-06-04T23:25:00Z"", ""endTime"": null, ""from"": ""Calzada de Tlalpan / Entrada B Estadio Azteca"", ""to"": ""Circuito Estadio Azteca"", ""length"": 237.8322790444, ""delay"": null, ""roadNumbers"": [], ""timeValidity"": ""present"", ""probabilityOfOccurrence"": ""certain"", ""numberOfReports"": null, ""lastReportTime"": null, ""events"": [{""code"": 401, ""description"": ""Cerrado"", ""iconCategory"": 8}]}"
tomtom,tomtom_cdmx_incidents,2026-07-04T07:19:02Z,2026-07-04,20260704T071858Z,2026-07-04T07:18:59.170325,TTI-0e6b35d1-b793-45b4-b4a5-22dc2fb82b8b-TTR24490755116030000,Feature,LineString,19.4296914372,-99.1520874852,8,Road closed,4,,279.4974290511,Calle Abraham González,Calle 3 Guerras,,present,certain,,2026-06-19T22:25:00Z,2026-07-11T04:00:00Z,,Cerrado | Huelga,"401,1475","{""type"": ""LineString"", ""coordinates"": [[-99.1534862572, 19.4301286377], [-99.1529390866, 19.4299703888], [-99.1521974558, 19.4297277192], [-99.1520874852, 19.4296914372], [-99.1515470201, 19.429496985], [-99.1513834054, 19.4294380169], [-99.1509743685, 19.4292905176]]}","{""id"": ""TTI-0e6b35d1-b793-45b4-b4a5-22dc2fb82b8b-TTR24490755116030000"", ""iconCategory"": 8, ""magnitudeOfDelay"": 4, ""startTime"": ""2026-06-19T22:25:00Z"", ""endTime"": ""2026-07-11T04:00:00Z"", ""from"": ""Calle Abraham González"", ""to"": ""Calle 3 Guerras"", ""length"": 279.4974290511, ""delay"": null, ""roadNumbers"": [], ""timeValidity"": ""present"", ""probabilityOfOccurrence"": ""certain"", ""numberOfReports"": null, ""lastReportTime"": null, ""events"": [{""code"": 401, ""description"": ""Cerrado"", ""iconCategory"": 8}, {""code"": 1475, ""description"": ""Huelga"", ""iconCategory"": 3}]}"
tomtom,tomtom_cdmx_incidents,2026-07-04T07:19:02Z,2026-07-04,20260704T071858Z,2026-07-04T07:18:59.170349,TTI-0e6b35d1-b793-45b4-b4a5-22dc2fb82b8b-TTR24510951256004001,Feature,LineString,19.2994447406,-99.151045447,1,Accident,0,,47.9725362025,Calle Leonardo Oliva,Calzada de Tlalpan,,present,certain,,2026-07-03T19:19:30Z,2026-07-05T12:00:00Z,,Incidente,214,"{""type"": ""LineString"", ""coordinates"": [[-99.1513673121, 19.2994903072], [-99.1512452716, 19.2994742482], [-99.1511728519, 19.2994702136], [-99.1511326188, 19.2994634894], [-99.151045447, 19.2994447406], [-99.1509730274, 19.2994259918], [-99.1509408409, 19.2994138882], [-99.1509207243, 19.299407164]]}","{""id"": ""TTI-0e6b35d1-b793-45b4-b4a5-22dc2fb82b8b-TTR24510951256004001"", ""iconCategory"": 1, ""magnitudeOfDelay"": 0, ""startTime"": ""2026-07-03T19:19:30Z"", ""endTime"": ""2026-07-05T12:00:00Z"", ""from"": ""Calle Leonardo Oliva"", ""to"": ""Calzada de Tlalpan"", ""length"": 47.9725362025, ""delay"": null, ""roadNumbers"": [], ""timeValidity"": ""present"", ""probabilityOfOccurrence"": ""certain"", ""numberOfReports"": null, ""lastReportTime"": null, ""events"": [{""code"": 214, ""description"": ""Incidente"", ""iconCategory"": 1}]}"
tomtom,tomtom_cdmx_incidents,2026-07-04T07:19:02Z,2026-07-04,20260704T071858Z,2026-07-04T07:18:59.170369,TTI-0e6b35d1-b793-45b4-b4a5-22dc2fb82b8b-TTR24513836780003001,Feature,LineString,19.2987406712,-99.1508536691,1,Accident,0,,44.0752807701,Calle Acoxpa (Calle Tlalpán),Calle Renato Leduc/Calzada México-Xochimilco (Calle Tlalpán),,present,certain,,2026-07-03T19:16:30Z,2026-07-05T12:00:00Z,,Incidente,214,"{""type"": ""LineString"", ""coordinates"": [[-99.1507235819, 19.2988412188], [-99.1507946605, 19.2987835483], [-99.1508536691, 19.2987406712], [-99.1509073133, 19.2987017495], [-99.1510521525, 19.2985944776]]}","{""id"": ""TTI-0e6b35d1-b793-45b4-b4a5-22dc2fb82b8b-TTR24513836780003001"", ""iconCategory"": 1, ""magnitudeOfDelay"": 0, ""startTime"": ""2026-07-03T19:16:30Z"", ""endTime"": ""2026-07-05T12:00:00Z"", ""from"": ""Calle Acoxpa (Calle Tlalpán)"", ""to"": ""Calle Renato Leduc/Calzada México-Xochimilco (Calle Tlalpán)"", ""length"": 44.0752807701, ""delay"": null, ""roadNumbers"": [], ""timeValidity"": ""present"", ""probabilityOfOccurrence"": ""certain"", ""numberOfReports"": null, ""lastReportTime"": null, ""events"": [{""code"": 214, ""description"": ""Incidente"", ""iconCategory"": 1}]}"
tomtom,tomtom_cdmx_incidents,2026-07-04T07:19:02Z,2026-07-04,20260704T071858Z,2026-07-04T07:18:59.170387,TTI-0e6b35d1-b793-45b4-b4a5-22dc2fb82b8b-TTR24513836760012002,Feature,LineString,19.2991684926,-99.1507061476,1,Accident,0,,55.0497267689,Calle Tlalpan,Calzada de Tlalpan,,present,certain,,2026-07-03T19:19:30Z,2026-07-05T12:00:00Z,,Incidente,214,"{""type"": ""LineString"", ""coordinates"": [[-99.1508764678, 19.2993884152], [-99.1507423574, 19.2992476015], [-99.1507168764, 19.2992059902], [-99.1507061476, 19.2991684926], [-99.1507101709, 19.2990544967], [-99.1507141942, 19.298990102], [-99.1507168764, 19.2989499146]]}","{""id"": ""TTI-0e6b35d1-b793-45b4-b4a5-22dc2fb82b8b-TTR24513836760012002"", ""iconCategory"": 1, ""magnitudeOfDelay"": 0, ""startTime"": ""2026-07-03T19:19:30Z"", ""endTime"": ""2026-07-05T12:00:00Z"", ""from"": ""Calle Tlalpan"", ""to"": ""Calzada de Tlalpan"", ""length"": 55.0497267689, ""delay"": null, ""roadNumbers"": [], ""timeValidity"": ""present"", ""probabilityOfOccurrence"": ""certain"", ""numberOfReports"": null, ""lastReportTime"": null, ""events"": [{""code"": 214, ""description"": ""Incidente"", ""iconCategory"": 1}]}"
tomtom,tomtom_cdmx_incidents,2026-07-04T07:19:02Z,2026-07-04,20260704T071858Z,2026-07-04T07:18:59.170407,TTI-0e6b35d1-b793-45b4-b4a5-22dc2fb82b8b-TTR24513836820006001,Feature,LineString,19.2995064454,-99.1504043991,8,Road closed,4,,9.7073594069,Calle Luís Murillo,Calle Jicualmas,,present,certain,,2026-06-30T09:26:32Z,2026-07-07T12:00:00Z,,Cerrado | Gran evento,"401,1501","{""type"": ""LineString"", ""coordinates"": [[-99.1503990346, 19.2994648342], [-99.1503990346, 19.299485007], [-99.1504043991, 19.2995064454], [-99.1504285389, 19.2995453669]]}","{""id"": ""TTI-0e6b35d1-b793-45b4-b4a5-22dc2fb82b8b-TTR24513836820006001"", ""iconCategory"": 8, ""magnitudeOfDelay"": 4, ""startTime"": ""2026-06-30T09:26:32Z"", ""endTime"": ""2026-07-07T12:00:00Z"", ""from"": ""Calle Luís Murillo"", ""to"": ""Calle Jicualmas"", ""length"": 9.7073594069, ""delay"": null, ""roadNumbers"": [], ""timeValidity"": ""present"", ""probabilityOfOccurrence"": ""certain"", ""numberOfReports"": null, ""lastReportTime"": null, ""events"": [{""code"": 401, ""description"": ""Cerrado"", ""iconCategory"": 8}, {""code"": 1501, ""description"": ""Gran evento"", ""iconCategory"": 0}]}"
tomtom,tomtom_cdmx_incidents,2026-07-04T07:19:02Z,2026-07-04,20260704T071858Z,2026-07-04T07:18:59.170427,TTI-0e6b35d1-b793-45b4-b4a5-22dc2fb82b8b-TTR24484984708015000,Feature,LineString,19.4726054535,-99.1500476653,8,Road closed,4,,75.953244268,Calle 7,Avenida 3 Norte,,present,probable,,2026-07-02T19:24:00Z,,,Cerrado,401,"{""type"": ""LineString"", ""coordinates"": [[-99.1501616591, 19.4719308975], [-99.1500476653, 19.4726054535]]}","{""id"": ""TTI-0e6b35d1-b793-45b4-b4a5-22dc2fb82b8b-TTR24484984708015000"", ""iconCategory"": 8, ""magnitudeOfDelay"": 4, ""startTime"": ""2026-07-02T19:24:00Z"", ""endTime"": null, ""from"": ""Calle 7"", ""to"": ""Avenida 3 Norte"", ""length"": 75.953244268, ""delay"": null, ""roadNumbers"": [], ""timeValidity"": ""present"", ""probabilityOfOccurrence"": ""probable"", ""numberOfReports"": null, ""lastReportTime"": null, ""events"": [{""code"": 401, ""description"": ""Cerrado"", ""iconCategory"": 8}]}"
tomtom,tomtom_cdmx_incidents,2026-07-04T07:19:02Z,2026-07-04,20260704T071858Z,2026-07-04T07:18:59.170442,TTI-0e6b35d1-b793-45b4-b4a5-22dc2fb82b8b-TTR24484984780015000,Feature,LineString,19.4719308975,-99.1501616591,8,Road closed,4,,75.953244268,Avenida 3 Norte,Calle 7,,present,probable,,2026-07-02T16:38:30Z,,,Cerrado,401,"{""type"": ""LineString"", ""coordinates"": [[-99.1500476653, 19.4726054535], [-99.1501616591, 19.4719308975]]}","{""id"": ""TTI-0e6b35d1-b793-45b4-b4a5-22dc2fb82b8b-TTR24484984780015000"", ""iconCategory"": 8, ""magnitudeOfDelay"": 4, ""startTime"": ""2026-07-02T16:38:30Z"", ""endTime"": null, ""from"": ""Avenida 3 Norte"", ""to"": ""Calle 7"", ""length"": 75.953244268, ""delay"": null, ""roadNumbers"": [], ""timeValidity"": ""present"", ""probabilityOfOccurrence"": ""probable"", ""numberOfReports"": null, ""lastReportTime"": null, ""events"": [{""code"": 401, ""description"": ""Cerrado"", ""iconCategory"": 8}]}"
tomtom,tomtom_cdmx_incidents,2026-07-04T07:19:02Z,2026-07-04,20260704T071858Z,2026-07-04T07:18:59.170457,TTI-0e6b35d1-b793-45b4-b4a5-22dc2fb82b8b-TTR24510951424047003,Feature,LineString,19.3039790331,-99.1520123834,8,Road closed,4,,473.2975484352,Circuito Estadio Azteca,Circuito Estadio Azteca,,present,certain,,2026-06-04T23:25:00Z,,,Cerrado,401,"{""type"": ""LineString"", ""coordinates"": [[-99.1500248665, 19.3045637087], [-99.1501026505, 19.3045798463], [-99.1503360027, 19.3045744671], [-99.1505505795, 19.304582536], [-99.1509153599, 19.3045865704], [-99.1510172838, 19.3045852256], [-99.1510387415, 19.3045852256], [-99.1511661464, 19.3045677431], [-99.1511701697, 19.3045663983], [-99.1512935514, 19.3045235227], [-99.1515161747, 19.3044068408], [-99.1516476029, 19.3043343794], [-99.151776349, 19.3042498938], [-99.1518594975, 19.3042029836], [-99.1519480104, 19.3040957153], [-99.1520123834, 19.3039790331], [-99.1520485932, 19.3039360783], [-99.1521572227, 19.3039736539], [-99.1522966975, 19.3040393914], [-99.1523020619, 19.3041426254], [-99.1522966975, 19.3042673763], [-99.1522618288, 19.3044269339], [-99.1522283012, 19.304561019], [-99.1522189135, 19.3045959049], [-99.152200138, 19.3047179658], [-99.1521599049, 19.3048011064], [-99.1520633453, 19.3048587748], [-99.1517495269, 19.3050505279], [-99.1516730839, 19.3048963502], [-99.1512640471, 19.3050975169]]}","{""id"": ""TTI-0e6b35d1-b793-45b4-b4a5-22dc2fb82b8b-TTR24510951424047003"", ""iconCategory"": 8, ""magnitudeOfDelay"": 4, ""startTime"": ""2026-06-04T23:25:00Z"", ""endTime"": null, ""from"": ""Circuito Estadio Azteca"", ""to"": ""Circuito Estadio Azteca"", ""length"": 473.2975484352, ""delay"": null, ""roadNumbers"": [], ""timeValidity"": ""present"", ""probabilityOfOccurrence"": ""certain"", ""numberOfReports"": null, ""lastReportTime"": null, ""events"": [{""code"": 401, ""description"": ""Cerrado"", ""iconCategory"": 8}]}"
tomtom,tomtom_cdmx_incidents,2026-07-04T07:19:02Z,2026-07-04,20260704T071858Z,2026-07-04T07:18:59.170495,TTI-0e6b35d1-b793-45b4-b4a5-22dc2fb82b8b-TTR24510951424047002,Feature,LineString,19.3040957153,-99.1519480104,8,Road closed,4,,473.2975484352,Circuito Estadio Azteca,Circuito Estadio Azteca,,present,certain,,2026-06-04T23:25:00Z,,,Cerrado,401,"{""type"": ""LineString"", ""coordinates"": [[-99.1512640471, 19.3050975169], [-99.1516730839, 19.3048963502], [-99.1517495269, 19.3050505279], [-99.1520633453, 19.3048587748], [-99.1521599049, 19.3048011064], [-99.152200138, 19.3047179658], [-99.1522189135, 19.3045959049], [-99.1522283012, 19.304561019], [-99.1522618288, 19.3044269339], [-99.1522966975, 19.3042673763], [-99.1523020619, 19.3041426254], [-99.1522966975, 19.3040393914], [-99.1521572227, 19.3039736539], [-99.1520485932, 19.3039360783], [-99.1520123834, 19.3039790331], [-99.1519480104, 19.3040957153], [-99.1518594975, 19.3042029836], [-99.151776349, 19.3042498938], [-99.1516476029, 19.3043343794], [-99.1515161747, 19.3044068408], [-99.1512935514, 19.3045235227], [-99.1511701697, 19.3045663983], [-99.1511661464, 19.3045677431], [-99.1510387415, 19.3045852256], [-99.1510172838, 19.3045852256], [-99.1509153599, 19.3045865704], [-99.1505505795, 19.304582536], [-99.1503360027, 19.3045744671], [-99.1501026505, 19.3045798463], [-99.1500248665, 19.3045637087]]}","{""id"": ""TTI-0e6b35d1-b793-45b4-b4a5-22dc2fb82b8b-TTR24510951424047002"", ""iconCategory"": 8, ""magnitudeOfDelay"": 4, ""startTime"": ""2026-06-04T23:25:00Z"", ""endTime"": null, ""from"": ""Circuito Estadio Azteca"", ""to"": ""Circuito Estadio Azteca"", ""length"": 473.2975484352, ""delay"": null, ""roadNumbers"": [], ""timeValidity"": ""present"", ""probabilityOfOccurrence"": ""certain"", ""numberOfReports"": null, ""lastReportTime"": null, ""events"": [{""code"": 401, ""description"": ""Cerrado"", ""iconCategory"": 8}]}"
tomtom,tomtom_cdmx_incidents,2026-07-04T07:19:02Z,2026-07-04,20260704T071858Z,2026-07-04T07:18:59.170550,TTI-0e6b35d1-b793-45b4-b4a5-22dc2fb82b8b-TTR24510951344007001,Feature,LineString,19.3016066103,-99.1491906995,8,Road closed,4,,11.1060809691,Calzada de Tlalpan / Entrada B Estadio Azteca,Calzada de Tlalpan / Entrada B Estadio Azteca,,present,certain,,2026-06-04T23:25:00Z,,,Cerrado,401,"{""type"": ""LineString"", ""coordinates"": [[-99.149146443, 19.3015610442], [-99.1491906995, 19.3016066103], [-99.1492161805, 19.3016361174]]}","{""id"": ""TTI-0e6b35d1-b793-45b4-b4a5-22dc2fb82b8b-TTR24510951344007001"", ""iconCategory"": 8, ""magnitudeOfDelay"": 4, ""startTime"": ""2026-06-04T23:25:00Z"", ""endTime"": null, ""from"": ""Calzada de Tlalpan / Entrada B Estadio Azteca"", ""to"": ""Calzada de Tlalpan / Entrada B Estadio Azteca"", ""length"": 11.1060809691, ""delay"": null, ""roadNumbers"": [], ""timeValidity"": ""present"", ""probabilityOfOccurrence"": ""certain"", ""numberOfReports"": null, ""lastReportTime"": null, ""events"": [{""code"": 401, ""description"": ""Cerrado"", ""iconCategory"": 8}]}"
tomtom,tomtom_cdmx_incidents,2026-07-04T07:19:02Z,2026-07-04,20260704T071858Z,2026-07-04T07:18:59.170568,TTI-0e6b35d1-b793-45b4-b4a5-22dc2fb82b8b-TTR24510951268007001,Feature,LineString,19.3016066103,-99.1491906995,8,Road closed,4,,11.1060809691,Calzada de Tlalpan / Entrada B Estadio Azteca,Calzada de Tlalpan / Entrada B Estadio Azteca,,present,certain,,2026-06-04T23:25:00Z,,,Cerrado,401,"{""type"": ""LineString"", ""coordinates"": [[-99.1492161805, 19.3016361174], [-99.1491906995, 19.3016066103], [-99.149146443, 19.3015610442]]}","{""id"": ""TTI-0e6b35d1-b793-45b4-b4a5-22dc2fb82b8b-TTR24510951268007001"", ""iconCategory"": 8, ""magnitudeOfDelay"": 4, ""startTime"": ""2026-06-04T23:25:00Z"", ""endTime"": null, ""from"": ""Calzada de Tlalpan / Entrada B Estadio Azteca"", ""to"": ""Calzada de Tlalpan / Entrada B Estadio Azteca"", ""length"": 11.1060809691, ""delay"": null, ""roadNumbers"": [], ""timeValidity"": ""present"", ""probabilityOfOccurrence"": ""certain"", ""numberOfReports"": null, ""lastReportTime"": null, ""events"": [{""code"": 401, ""description"": ""Cerrado"", ""iconCategory"": 8}]}"
tomtom,tomtom_cdmx_incidents,2026-07-04T07:19:02Z,2026-07-04,20260704T071858Z,2026-07-04T07:18:59.170585,TTI-0e6b35d1-b793-45b4-b4a5-22dc2fb82b8b-TTR24510951328039001,Feature,LineString,19.3013035484,-99.1498223597,8,Road closed,4,,425.4589836267,Calzada de Tlalpan / Entrada B Estadio Azteca,Bosques de Tetlameya,,present,certain,,2026-06-04T23:25:00Z,,,Cerrado,401,"{""type"": ""LineString"", ""coordinates"": [[-99.1485094184, 19.3019042923], [-99.1485134417, 19.3019190854], [-99.148517465, 19.3019324546], [-99.148529535, 19.3019539718], [-99.148542946, 19.3019686858], [-99.1485576982, 19.3019807893], [-99.1486663276, 19.301990124], [-99.1487119252, 19.3019928136], [-99.1488460356, 19.3020022274], [-99.1489050442, 19.3020022274], [-99.148941254, 19.3019914688], [-99.148978805, 19.3019619617], [-99.1490981633, 19.3018251847], [-99.1491759473, 19.3016884076], [-99.1492161805, 19.3016361174], [-99.1492725069, 19.3015744134], [-99.1493985707, 19.3014738675], [-99.1495541388, 19.3014054392], [-99.1498223597, 19.3013035484], [-99.1501174027, 19.3012605928], [-99.1501804346, 19.301259248], [-99.1503936702, 19.3012538686], [-99.1507182175, 19.3012713515], [-99.1508509869, 19.3012779965], [-99.1510521525, 19.3012860655], [-99.1511299366, 19.3013115383], [-99.1512157673, 19.3013410455], [-99.1514652127, 19.3014376361], [-99.1515161747, 19.3014711778], [-99.1516529674, 19.3015610442], [-99.1517079526, 19.3016039206], [-99.1517334336, 19.3016267036], [-99.1517991478, 19.3016910973], [-99.1518675441, 19.3017675153], [-99.1518863195, 19.301784998], [-99.1519506926, 19.3019123613]]}","{""id"": ""TTI-0e6b35d1-b793-45b4-b4a5-22dc2fb82b8b-TTR24510951328039001"", ""iconCategory"": 8, ""magnitudeOfDelay"": 4, ""startTime"": ""2026-06-04T23:25:00Z"", ""endTime"": null, ""from"": ""Calzada de Tlalpan / Entrada B Estadio Azteca"", ""to"": ""Bosques de Tetlameya"", ""length"": 425.4589836267, ""delay"": null, ""roadNumbers"": [], ""timeValidity"": ""present"", ""probabilityOfOccurrence"": ""certain"", ""numberOfReports"": null, ""lastReportTime"": null, ""events"": [{""code"": 401, ""description"": ""Cerrado"", ""iconCategory"": 8}]}"
tomtom,tomtom_cdmx_incidents,2026-07-04T07:19:02Z,2026-07-04,20260704T071858Z,2026-07-04T07:18:59.170627,TTI-0e6b35d1-b793-45b4-b4a5-22dc2fb82b8b-TTR24510951256039001,Feature,LineString,19.3014054392,-99.1495541388,8,Road closed,4,,425.4589836267,Bosques de Tetlameya,Calzada de Tlalpan / Entrada B Estadio Azteca,,present,certain,,2026-06-04T23:25:00Z,,,Cerrado,401,"{""type"": ""LineString"", ""coordinates"": [[-99.1519506926, 19.3019123613], [-99.1518863195, 19.301784998], [-99.1518675441, 19.3017675153], [-99.1517991478, 19.3016910973], [-99.1517334336, 19.3016267036], [-99.1517079526, 19.3016039206], [-99.1516529674, 19.3015610442], [-99.1515161747, 19.3014711778], [-99.1514652127, 19.3014376361], [-99.1512157673, 19.3013410455], [-99.1511299366, 19.3013115383], [-99.1510521525, 19.3012860655], [-99.1508509869, 19.3012779965], [-99.1507182175, 19.3012713515], [-99.1503936702, 19.3012538686], [-99.1501804346, 19.301259248], [-99.1501174027, 19.3012605928], [-99.1498223597, 19.3013035484], [-99.1495541388, 19.3014054392], [-99.1493985707, 19.3014738675], [-99.1492725069, 19.3015744134], [-99.1492161805, 19.3016361174], [-99.1491759473, 19.3016884076], [-99.1490981633, 19.3018251847], [-99.148978805, 19.3019619617], [-99.148941254, 19.3019914688], [-99.1489050442, 19.3020022274], [-99.1488460356, 19.3020022274], [-99.1487119252, 19.3019928136], [-99.1486663276, 19.301990124], [-99.1485576982, 19.3019807893], [-99.148542946, 19.3019686858], [-99.148529535, 19.3019539718], [-99.148517465, 19.3019324546], [-99.1485134417, 19.3019190854], [-99.1485094184, 19.3019042923]]}","{""id"": ""TTI-0e6b35d1-b793-45b4-b4a5-22dc2fb82b8b-TTR24510951256039001"", ""iconCategory"": 8, ""magnitudeOfDelay"": 4, ""startTime"": ""2026-06-04T23:25:00Z"", ""endTime"": null, ""from"": ""Bosques de Tetlameya"", ""to"": ""Calzada de Tlalpan / Entrada B Estadio Azteca"", ""length"": 425.4589836267, ""delay"": null, ""roadNumbers"": [], ""timeValidity"": ""present"", ""probabilityOfOccurrence"": ""certain"", ""numberOfReports"": null, ""lastReportTime"": null, ""events"": [{""code"": 401, ""description"": ""Cerrado"", ""iconCategory"": 8}]}"
tomtom,tomtom_cdmx_incidents,2026-07-04T07:19:02Z,2026-07-04,20260704T071858Z,2026-07-04T07:18:59.170669,TTI-0e6b35d1-b793-45b4-b4a5-22dc2fb82b8b-TTR24510951284023001,Feature,LineString,19.3013182624,-99.1493207866,8,Road closed,4,,249.7166132056,Calzada de Tlalpan / Entrada B Estadio Azteca,Calzada de Tlalpan / Entrada B Estadio Azteca,,present,certain,,2026-06-04T23:25:00Z,,,Cerrado,401,"{""type"": ""LineString"", ""coordinates"": [[-99.1482157165, 19.301944558], [-99.1482908184, 19.3019659962], [-99.1483484859, 19.3019686858], [-99.14840213, 19.301960696], [-99.1485094184, 19.3019042923], [-99.1485281939, 19.3018895783], [-99.1486555988, 19.3017902983], [-99.1489962393, 19.301531537], [-99.1491410786, 19.3014081289], [-99.1492912823, 19.3013048932], [-99.1493100578, 19.3013088486], [-99.1493207866, 19.3013182624], [-99.1493435854, 19.3013437351], [-99.1493556553, 19.3013772769], [-99.1493489498, 19.3014000599], [-99.1492537314, 19.3014832022], [-99.1492027694, 19.3015248129], [-99.149146443, 19.3015610442], [-99.1490901166, 19.3016079551], [-99.1489050442, 19.3017728946], [-99.1487669105, 19.3018989921], [-99.1486663276, 19.301990124]]}","{""id"": ""TTI-0e6b35d1-b793-45b4-b4a5-22dc2fb82b8b-TTR24510951284023001"", ""iconCategory"": 8, ""magnitudeOfDelay"": 4, ""startTime"": ""2026-06-04T23:25:00Z"", ""endTime"": null, ""from"": ""Calzada de Tlalpan / Entrada B Estadio Azteca"", ""to"": ""Calzada de Tlalpan / Entrada B Estadio Azteca"", ""length"": 249.7166132056, ""delay"": null, ""roadNumbers"": [], ""timeValidity"": ""present"", ""probabilityOfOccurrence"": ""certain"", ""numberOfReports"": null, ""lastReportTime"": null, ""events"": [{""code"": 401, ""description"": ""Cerrado"", ""iconCategory"": 8}]}"
tomtom,tomtom_cdmx_incidents,2026-07-04T07:19:02Z,2026-07-04,20260704T071858Z,2026-07-04T07:18:59.170701,TTI-0e6b35d1-b793-45b4-b4a5-22dc2fb82b8b-TTR24510951264023001,Feature,LineString,19.3013088486,-99.1493100578,8,Road closed,4,,249.6745719412,Calzada de Tlalpan / Entrada B Estadio Azteca,Calzada de Tlalpan / Entrada B Estadio Azteca,,present,certain,,2026-06-04T23:25:00Z,,,Cerrado,401,"{""type"": ""LineString"", ""coordinates"": [[-99.1486663276, 19.301990124], [-99.1487669105, 19.3018989921], [-99.1489050442, 19.3017728946], [-99.1490901166, 19.3016079551], [-99.149146443, 19.3015610442], [-99.1492027694, 19.3015248129], [-99.1492537314, 19.3014832022], [-99.1493489498, 19.3014000599], [-99.1493556553, 19.3013772769], [-99.1493435854, 19.3013437351], [-99.1493207866, 19.3013182624], [-99.1493100578, 19.3013088486], [-99.1492912823, 19.3013048932], [-99.1491410786, 19.3014081289], [-99.1489962393, 19.301531537], [-99.1486555988, 19.3017902983], [-99.1485281939, 19.3018895783], [-99.1485094184, 19.3019042923], [-99.14840213, 19.301960696], [-99.1483484859, 19.3019686858], [-99.1482908184, 19.3019659962], [-99.1482157165, 19.3019459029]]}","{""id"": ""TTI-0e6b35d1-b793-45b4-b4a5-22dc2fb82b8b-TTR24510951264023001"", ""iconCategory"": 8, ""magnitudeOfDelay"": 4, ""startTime"": ""2026-06-04T23:25:00Z"", ""endTime"": null, ""from"": ""Calzada de Tlalpan / Entrada B Estadio Azteca"", ""to"": ""Calzada de Tlalpan / Entrada B Estadio Azteca"", ""length"": 249.6745719412, ""delay"": null, ""roadNumbers"": [], ""timeValidity"": ""present"", ""probabilityOfOccurrence"": ""certain"", ""numberOfReports"": null, ""lastReportTime"": null, ""events"": [{""code"": 401, ""description"": ""Cerrado"", ""iconCategory"": 8}]}"
tomtom,tomtom_cdmx_incidents,2026-07-04T07:19:02Z,2026-07-04,20260704T071858Z,2026-07-04T07:18:59.170732,TTI-0e6b35d1-b793-45b4-b4a5-22dc2fb82b8b-TTR24496525536012001,Feature,LineString,19.4003280187,-99.1486180479,0,Unknown,0,,114.8448404253,Calle Zempoala,Avenida Doctor José María Vertiz,,present,certain,,2026-06-10T16:34:30Z,2026-07-20T03:00:00Z,,Partido de fútbol,1459,"{""type"": ""LineString"", ""coordinates"": [[-99.1479595655, 19.4007061615], [-99.1480574662, 19.400649871], [-99.1486180479, 19.4003280187], [-99.1487521583, 19.4002529118], [-99.1488969976, 19.4001724288]]}","{""id"": ""TTI-0e6b35d1-b793-45b4-b4a5-22dc2fb82b8b-TTR24496525536012001"", ""iconCategory"": 0, ""magnitudeOfDelay"": 0, ""startTime"": ""2026-06-10T16:34:30Z"", ""endTime"": ""2026-07-20T03:00:00Z"", ""from"": ""Calle Zempoala"", ""to"": ""Avenida Doctor José María Vertiz"", ""length"": 114.8448404253, ""delay"": null, ""roadNumbers"": [], ""timeValidity"": ""present"", ""probabilityOfOccurrence"": ""certain"", ""numberOfReports"": null, ""lastReportTime"": null, ""events"": [{""code"": 1459, ""description"": ""Partido de fútbol"", ""iconCategory"": 0}]}"
tomtom,tomtom_cdmx_incidents,2026-07-04T07:19:02Z,2026-07-04,20260704T071858Z,2026-07-04T07:18:59.170751,TTI-0e6b35d1-b793-45b4-b4a5-22dc2fb82b8b-TTR24510951412015001,Feature,LineString,19.3037818995,-99.1484450454,8,Road closed,4,,119.8449933674,Circuito Estadio Azteca,Circuito Estadio Azteca,,present,certain,,2026-06-04T23:25:00Z,,,Cerrado,401,"{""type"": ""LineString"", ""coordinates"": [[-99.1488527411, 19.3041520391], [-99.1487467939, 19.3040380466], [-99.148697173, 19.3039883677], [-99.1486569399, 19.3039481816], [-99.148607319, 19.3039025371], [-99.1484450454, 19.3037818995], [-99.1483310515, 19.3037027137], [-99.1482157165, 19.3036289862], [-99.1481044048, 19.3035726622], [-99.1479917521, 19.3035217175], [-99.14795286, 19.3035055797]]}","{""id"": ""TTI-0e6b35d1-b793-45b4-b4a5-22dc2fb82b8b-TTR24510951412015001"", ""iconCategory"": 8, ""magnitudeOfDelay"": 4, ""startTime"": ""2026-06-04T23:25:00Z"", ""endTime"": null, ""from"": ""Circuito Estadio Azteca"", ""to"": ""Circuito Estadio Azteca"", ""length"": 119.8449933674, ""delay"": null, ""roadNumbers"": [], ""timeValidity"": ""present"", ""probabilityOfOccurrence"": ""certain"", ""numberOfReports"": null, ""lastReportTime"": null, ""events"": [{""code"": 401, ""description"": ""Cerrado"", ""iconCategory"": 8}]}"
tomtom,tomtom_cdmx_incidents,2026-07-04T07:19:02Z,2026-07-04,20260704T071858Z,2026-07-04T07:18:59.170774,TTI-0e6b35d1-b793-45b4-b4a5-22dc2fb82b8b-TTR24510951484015001,Feature,LineString,19.3037818995,-99.1484450454,8,Road closed,4,,119.8449933674,Circuito Estadio Azteca,Circuito Estadio Azteca,,present,certain,,2026-06-04T23:25:00Z,,,Cerrado,401,"{""type"": ""LineString"", ""coordinates"": [[-99.14795286, 19.3035055797], [-99.1479917521, 19.3035217175], [-99.1481044048, 19.3035726622], [-99.1482157165, 19.3036289862], [-99.1483310515, 19.3037027137], [-99.1484450454, 19.3037818995], [-99.148607319, 19.3039025371], [-99.1486569399, 19.3039481816], [-99.148697173, 19.3039883677], [-99.1487467939, 19.3040380466], [-99.1488527411, 19.3041520391]]}","{""id"": ""TTI-0e6b35d1-b793-45b4-b4a5-22dc2fb82b8b-TTR24510951484015001"", ""iconCategory"": 8, ""magnitudeOfDelay"": 4, ""startTime"": ""2026-06-04T23:25:00Z"", ""endTime"": null, ""from"": ""Circuito Estadio Azteca"", ""to"": ""Circuito Estadio Azteca"", ""length"": 119.8449933674, ""delay"": null, ""roadNumbers"": [], ""timeValidity"": ""present"", ""probabilityOfOccurrence"": ""certain"", ""numberOfReports"": null, ""lastReportTime"": null, ""events"": [{""code"": 401, ""description"": ""Cerrado"", ""iconCategory"": 8}]}"
tomtom,tomtom_cdmx_incidents,2026-07-04T07:19:02Z,2026-07-04,20260704T071858Z,2026-07-04T07:18:59.170796,TTI-0e6b35d1-b793-45b4-b4a5-22dc2fb82b8b-TTR24510951424031001,Feature,LineString,19.3042298007,-99.148709243,8,Road closed,4,,274.7355886818,Circuito Estadio Azteca,Circuito Estadio Azteca,,present,certain,,2026-06-04T23:25:00Z,,,Cerrado,401,"{""type"": ""LineString"", ""coordinates"": [[-99.1480105275, 19.3033674592], [-99.1482948417, 19.3034935555], [-99.1484490687, 19.3035847656], [-99.1486877853, 19.3037657617], [-99.1488017792, 19.3038731094], [-99.148902362, 19.3039991262], [-99.1489238197, 19.3040340122], [-99.1489425951, 19.3040715878], [-99.1489385718, 19.3040943705], [-99.1488527411, 19.3041520391], [-99.1487950737, 19.3041908804], [-99.1487789804, 19.304200294], [-99.1487534994, 19.3042150869], [-99.148709243, 19.3042298007], [-99.1486663276, 19.3042271111], [-99.148619389, 19.3042137421], [-99.1485764736, 19.30419357], [-99.148453092, 19.3040984049], [-99.1482747251, 19.3039736539], [-99.1481607312, 19.3039038819], [-99.147978341, 19.3038006477], [-99.1479099447, 19.303771141], [-99.1478831226, 19.3037523927], [-99.1478723938, 19.3037255755], [-99.1478737349, 19.3036947239], [-99.147875076, 19.3036893447], [-99.1478965336, 19.3036397448]]}","{""id"": ""TTI-0e6b35d1-b793-45b4-b4a5-22dc2fb82b8b-TTR24510951424031001"", ""iconCategory"": 8, ""magnitudeOfDelay"": 4, ""startTime"": ""2026-06-04T23:25:00Z"", ""endTime"": null, ""from"": ""Circuito Estadio Azteca"", ""to"": ""Circuito Estadio Azteca"", ""length"": 274.7355886818, ""delay"": null, ""roadNumbers"": [], ""timeValidity"": ""present"", ""probabilityOfOccurrence"": ""certain"", ""numberOfReports"": null, ""lastReportTime"": null, ""events"": [{""code"": 401, ""description"": ""Cerrado"", ""iconCategory"": 8}]}"
tomtom,tomtom_cdmx_incidents,2026-07-04T07:19:02Z,2026-07-04,20260704T071858Z,2026-07-04T07:18:59.170831,TTI-0e6b35d1-b793-45b4-b4a5-22dc2fb82b8b-TTR24510951448031001,Feature,LineString,19.3042298007,-99.148709243,8,Road closed,4,,274.7355886818,Circuito Estadio Azteca,Circuito Estadio Azteca,,present,certain,,2026-06-04T23:25:00Z,,,Cerrado,401,"{""type"": ""LineString"", ""coordinates"": [[-99.1478965336, 19.3036397448], [-99.147875076, 19.3036893447], [-99.1478737349, 19.3036947239], [-99.1478723938, 19.3037255755], [-99.1478831226, 19.3037523927], [-99.1479099447, 19.303771141], [-99.147978341, 19.3038006477], [-99.1481607312, 19.3039038819], [-99.1482747251, 19.3039736539], [-99.148453092, 19.3040984049], [-99.1485764736, 19.30419357], [-99.148619389, 19.3042137421], [-99.1486663276, 19.3042271111], [-99.148709243, 19.3042298007], [-99.1487534994, 19.3042150869], [-99.1487789804, 19.304200294], [-99.1487950737, 19.3041908804], [-99.1488527411, 19.3041520391], [-99.1489385718, 19.3040943705], [-99.1489425951, 19.3040715878], [-99.1489238197, 19.3040340122], [-99.148902362, 19.3039991262], [-99.1488017792, 19.3038731094], [-99.1486877853, 19.3037657617], [-99.1484490687, 19.3035847656], [-99.1482948417, 19.3034935555], [-99.1480105275, 19.3033674592]]}","{""id"": ""TTI-0e6b35d1-b793-45b4-b4a5-22dc2fb82b8b-TTR24510951448031001"", ""iconCategory"": 8, ""magnitudeOfDelay"": 4, ""startTime"": ""2026-06-04T23:25:00Z"", ""endTime"": null, ""from"": ""Circuito Estadio Azteca"", ""to"": ""Circuito Estadio Azteca"", ""length"": 274.7355886818, ""delay"": null, ""roadNumbers"": [], ""timeValidity"": ""present"", ""probabilityOfOccurrence"": ""certain"", ""numberOfReports"": null, ""lastReportTime"": null, ""events"": [{""code"": 401, ""description"": ""Cerrado"", ""iconCategory"": 8}]}"
tomtom,tomtom_cdmx_incidents,2026-07-04T07:19:02Z,2026-07-04,20260704T071858Z,2026-07-04T07:18:59.170866,TTI-0e6b35d1-b793-45b4-b4a5-22dc2fb82b8b-TTR24508066384006000,Feature,LineString,19.3314126259,-99.1477516943,8,Road closed,4,,118.7207536664,Avenida Del Panteón,Calle del Cerrito,,present,probable,,2026-07-03T19:22:00Z,,,Cerrado,401,"{""type"": ""LineString"", ""coordinates"": [[-99.1478951925, 19.3307112252], [-99.1478925103, 19.3307367724], [-99.1478656882, 19.3308909258], [-99.1478335017, 19.331042469], [-99.147812044, 19.3311350083], [-99.1478026563, 19.3311819898], [-99.1477919275, 19.3312275475], [-99.1477718109, 19.3313200868], [-99.1477516943, 19.3314126259], [-99.1477369422, 19.3314783524], [-99.1477315778, 19.3315186109], [-99.1478254551, 19.3316071162], [-99.1478482539, 19.3316325842], [-99.1478616649, 19.331671498], [-99.1478536183, 19.3317077227], [-99.147849595, 19.3317157111]]}","{""id"": ""TTI-0e6b35d1-b793-45b4-b4a5-22dc2fb82b8b-TTR24508066384006000"", ""iconCategory"": 8, ""magnitudeOfDelay"": 4, ""startTime"": ""2026-07-03T19:22:00Z"", ""endTime"": null, ""from"": ""Avenida Del Panteón"", ""to"": ""Calle del Cerrito"", ""length"": 118.7207536664, ""delay"": null, ""roadNumbers"": [], ""timeValidity"": ""present"", ""probabilityOfOccurrence"": ""probable"", ""numberOfReports"": null, ""lastReportTime"": null, ""events"": [{""code"": 401, ""description"": ""Cerrado"", ""iconCategory"": 8}]}"
tomtom,tomtom_cdmx_incidents,2026-07-04T07:19:02Z,2026-07-04,20260704T071858Z,2026-07-04T07:18:59.170892,TTI-0e6b35d1-b793-45b4-b4a5-22dc2fb82b8b-TTR24490755168019001,Feature,LineString,19.4361917778,-99.1489318663,0,Unknown,0,,195.8894566885,Avenida Hidalgo / Calle Balderas,Avenida Rosales,,present,certain,,2026-06-24T14:43:00Z,2026-07-20T04:00:00Z,,Partido de fútbol,1459,"{""type"": ""LineString"", ""coordinates"": [[-99.147708779, 19.436942837], [-99.1486435288, 19.4363648016], [-99.1489318663, 19.4361917778], [-99.1491048688, 19.4360979545], [-99.1492845768, 19.4359973334]]}","{""id"": ""TTI-0e6b35d1-b793-45b4-b4a5-22dc2fb82b8b-TTR24490755168019001"", ""iconCategory"": 0, ""magnitudeOfDelay"": 0, ""startTime"": ""2026-06-24T14:43:00Z"", ""endTime"": ""2026-07-20T04:00:00Z"", ""from"": ""Avenida Hidalgo / Calle Balderas"", ""to"": ""Avenida Rosales"", ""length"": 195.8894566885, ""delay"": null, ""roadNumbers"": [], ""timeValidity"": ""present"", ""probabilityOfOccurrence"": ""certain"", ""numberOfReports"": null, ""lastReportTime"": null, ""events"": [{""code"": 1459, ""description"": ""Partido de fútbol"", ""iconCategory"": 0}]}"
tomtom,tomtom_cdmx_incidents,2026-07-04T07:19:02Z,2026-07-04,20260704T071858Z,2026-07-04T07:18:59.170911,TTI-0e6b35d1-b793-45b4-b4a5-22dc2fb82b8b-TTR24510951480031001,Feature,LineString,19.3040527604,-99.1491504663,8,Road closed,4,,301.9816708174,Circuito Estadio Azteca,Bosques de Tetlameya,,present,certain,,2026-06-04T23:25:00Z,,,Cerrado,401,"{""type"": ""LineString"", ""coordinates"": [[-99.1477007324, 19.3030496075], [-99.1482492441, 19.3032802834], [-99.148517465, 19.3034023453], [-99.1486354822, 19.3034653934], [-99.1486918086, 19.3035149934], [-99.1487320417, 19.3035512243], [-99.1488420123, 19.3036933791], [-99.1490324492, 19.3039267437], [-99.1491504663, 19.3040527604], [-99.1492148394, 19.3041144635], [-99.1493489498, 19.3042043285], [-99.1495662087, 19.3043317689], [-99.1497164125, 19.3044175993], [-99.1498639339, 19.3044967056], [-99.1499819511, 19.3045543741], [-99.1500248665, 19.3045637087]]}","{""id"": ""TTI-0e6b35d1-b793-45b4-b4a5-22dc2fb82b8b-TTR24510951480031001"", ""iconCategory"": 8, ""magnitudeOfDelay"": 4, ""startTime"": ""2026-06-04T23:25:00Z"", ""endTime"": null, ""from"": ""Circuito Estadio Azteca"", ""to"": ""Bosques de Tetlameya"", ""length"": 301.9816708174, ""delay"": null, ""roadNumbers"": [], ""timeValidity"": ""present"", ""probabilityOfOccurrence"": ""certain"", ""numberOfReports"": null, ""lastReportTime"": null, ""events"": [{""code"": 401, ""description"": ""Cerrado"", ""iconCategory"": 8}]}"
tomtom,tomtom_cdmx_incidents,2026-07-04T07:19:02Z,2026-07-04,20260704T071858Z,2026-07-04T07:18:59.170938,TTI-0e6b35d1-b793-45b4-b4a5-22dc2fb82b8b-TTR24510951424023003,Feature,LineString,19.3036853102,-99.1480185741,8,Road closed,4,,187.4936054068,Circuito Estadio Azteca,Circuito Estadio Azteca,,present,certain,,2026-06-04T23:25:00Z,,,Cerrado,401,"{""type"": ""LineString"", ""coordinates"": [[-99.1476551348, 19.3031757041], [-99.147708779, 19.303233373], [-99.1477865631, 19.3032669144], [-99.1480105275, 19.3033674592], [-99.14795286, 19.3035055797], [-99.1478965336, 19.3036397448], [-99.1480185741, 19.3036853102], [-99.1481660956, 19.3037564271], [-99.1483592147, 19.3038770647], [-99.1485080773, 19.3039977814], [-99.1485992724, 19.3040715878], [-99.1486032957, 19.3040768879], [-99.1487534994, 19.3042150869]]}","{""id"": ""TTI-0e6b35d1-b793-45b4-b4a5-22dc2fb82b8b-TTR24510951424023003"", ""iconCategory"": 8, ""magnitudeOfDelay"": 4, ""startTime"": ""2026-06-04T23:25:00Z"", ""endTime"": null, ""from"": ""Circuito Estadio Azteca"", ""to"": ""Circuito Estadio Azteca"", ""length"": 187.4936054068, ""delay"": null, ""roadNumbers"": [], ""timeValidity"": ""present"", ""probabilityOfOccurrence"": ""certain"", ""numberOfReports"": null, ""lastReportTime"": null, ""events"": [{""code"": 401, ""description"": ""Cerrado"", ""iconCategory"": 8}]}"
tomtom,tomtom_cdmx_incidents,2026-07-04T07:19:02Z,2026-07-04,20260704T071858Z,2026-07-04T07:18:59.170961,TTI-0e6b35d1-b793-45b4-b4a5-22dc2fb82b8b-TTR24510951424023002,Feature,LineString,19.3036853102,-99.1480185741,8,Road closed,4,,187.4936054068,Circuito Estadio Azteca,Circuito Estadio Azteca,,present,certain,,2026-06-04T23:25:00Z,,,Cerrado,401,"{""type"": ""LineString"", ""coordinates"": [[-99.1487534994, 19.3042150869], [-99.1486032957, 19.3040768879], [-99.1485992724, 19.3040715878], [-99.1485080773, 19.3039977814], [-99.1483592147, 19.3038770647], [-99.1481660956, 19.3037564271], [-99.1480185741, 19.3036853102], [-99.1478965336, 19.3036397448], [-99.14795286, 19.3035055797], [-99.1480105275, 19.3033674592], [-99.1477865631, 19.3032669144], [-99.147708779, 19.303233373], [-99.1476551348, 19.3031757041]]}","{""id"": ""TTI-0e6b35d1-b793-45b4-b4a5-22dc2fb82b8b-TTR24510951424023002"", ""iconCategory"": 8, ""magnitudeOfDelay"": 4, ""startTime"": ""2026-06-04T23:25:00Z"", ""endTime"": null, ""from"": ""Circuito Estadio Azteca"", ""to"": ""Circuito Estadio Azteca"", ""length"": 187.4936054068, ""delay"": null, ""roadNumbers"": [], ""timeValidity"": ""present"", ""probabilityOfOccurrence"": ""certain"", ""numberOfReports"": null, ""lastReportTime"": null, ""events"": [{""code"": 401, ""description"": ""Cerrado"", ""iconCategory"": 8}]}"
tomtom,tomtom_cdmx_incidents,2026-07-04T07:19:02Z,2026-07-04,20260704T071858Z,2026-07-04T07:18:59.170985,TTI-0e6b35d1-b793-45b4-b4a5-22dc2fb82b8b-TTR24510951408031001,Feature,LineString,19.3036933791,-99.1488420123,8,Road closed,4,,319.3365317036,Bosques de Tetlameya,Circuito Estadio Azteca,,present,certain,,2026-06-04T23:25:00Z,,,Cerrado,401,"{""type"": ""LineString"", ""coordinates"": [[-99.1500248665, 19.3045637087], [-99.1499819511, 19.3045543741], [-99.1498639339, 19.3044967056], [-99.1497164125, 19.3044175993], [-99.1495662087, 19.3043317689], [-99.1493489498, 19.3042043285], [-99.1492148394, 19.3041144635], [-99.1491504663, 19.3040527604], [-99.1490324492, 19.3039267437], [-99.1488420123, 19.3036933791], [-99.1487320417, 19.3035512243], [-99.1486918086, 19.3035149934], [-99.1486596221, 19.303418404], [-99.1485898847, 19.3033124799], [-99.1485281939, 19.3032843179], [-99.1482707018, 19.3031810833], [-99.147978341, 19.3030522972], [-99.1477718109, 19.3029664661], [-99.1476377005, 19.3029276245]]}","{""id"": ""TTI-0e6b35d1-b793-45b4-b4a5-22dc2fb82b8b-TTR24510951408031001"", ""iconCategory"": 8, ""magnitudeOfDelay"": 4, ""startTime"": ""2026-06-04T23:25:00Z"", ""endTime"": null, ""from"": ""Bosques de Tetlameya"", ""to"": ""Circuito Estadio Azteca"", ""length"": 319.3365317036, ""delay"": null, ""roadNumbers"": [], ""timeValidity"": ""present"", ""probabilityOfOccurrence"": ""certain"", ""numberOfReports"": null, ""lastReportTime"": null, ""events"": [{""code"": 401, ""description"": ""Cerrado"", ""iconCategory"": 8}]}"
tomtom,tomtom_cdmx_incidents,2026-07-04T07:19:02Z,2026-07-04,20260704T071858Z,2026-07-04T07:18:59.171014,TTI-0e6b35d1-b793-45b4-b4a5-22dc2fb82b8b-TTR24510951236003000,Feature,LineString,19.3008582497,-99.1474553103,1,Accident,0,,10.5388129858,Calle Renato Leduc/Calzada México-Xochimilco (Calle Tlalpán),Calle Acoxpa (Calle Tlalpán),,present,certain,,2026-07-03T19:22:30Z,2026-07-05T12:00:00Z,,Incidente,214,"{""type"": ""LineString"", ""coordinates"": [[-99.1475277299, 19.30079259], [-99.1474553103, 19.3008582497]]}","{""id"": ""TTI-0e6b35d1-b793-45b4-b4a5-22dc2fb82b8b-TTR24510951236003000"", ""iconCategory"": 1, ""magnitudeOfDelay"": 0, ""startTime"": ""2026-07-03T19:22:30Z"", ""endTime"": ""2026-07-05T12:00:00Z"", ""from"": ""Calle Renato Leduc/Calzada México-Xochimilco (Calle Tlalpán)"", ""to"": ""Calle Acoxpa (Calle Tlalpán)"", ""length"": 10.5388129858, ""delay"": null, ""roadNumbers"": [], ""timeValidity"": ""present"", ""probabilityOfOccurrence"": ""certain"", ""numberOfReports"": null, ""lastReportTime"": null, ""events"": [{""code"": 214, ""description"": ""Incidente"", ""iconCategory"": 1}]}"
tomtom,tomtom_cdmx_incidents,2026-07-04T07:19:02Z,2026-07-04,20260704T071858Z,2026-07-04T07:18:59.171029,TTI-0e6b35d1-b793-45b4-b4a5-22dc2fb82b8b-TTR24510951244004000,Feature,LineString,19.3009132298,-99.1472688967,1,Accident,0,,30.9012685711,Calzada de Tlalpan,Viaducto Tlalpan,,present,certain,,2026-07-03T19:22:30Z,2026-07-05T12:00:00Z,,Incidente,214,"{""type"": ""LineString"", ""coordinates"": [[-99.1474553103, 19.3008582497], [-99.1472688967, 19.3009132298], [-99.1471709961, 19.300928023]]}","{""id"": ""TTI-0e6b35d1-b793-45b4-b4a5-22dc2fb82b8b-TTR24510951244004000"", ""iconCategory"": 1, ""magnitudeOfDelay"": 0, ""startTime"": ""2026-07-03T19:22:30Z"", ""endTime"": ""2026-07-05T12:00:00Z"", ""from"": ""Calzada de Tlalpan"", ""to"": ""Viaducto Tlalpan"", ""length"": 30.9012685711, ""delay"": null, ""roadNumbers"": [], ""timeValidity"": ""present"", ""probabilityOfOccurrence"": ""certain"", ""numberOfReports"": null, ""lastReportTime"": null, ""events"": [{""code"": 214, ""description"": ""Incidente"", ""iconCategory"": 1}]}"
tomtom,tomtom_cdmx_incidents,2026-07-04T07:19:02Z,2026-07-04,20260704T071858Z,2026-07-04T07:18:59.171045,TTI-0e6b35d1-b793-45b4-b4a5-22dc2fb82b8b-TTR24510951308027001,Feature,LineString,19.3011707262,-99.1477972919,1,Accident,0,,283.3406110081,Viaducto Tlalpan/Calz del Hueso (Calzada de Tlalpán),Calle Renato Leduc/Calzada México-Xochimilco (Calle Tlalpán),,present,certain,,2026-07-03T19:16:30Z,2026-07-05T12:00:00Z,,Incidente,214,"{""type"": ""LineString"", ""coordinates"": [[-99.1469456905, 19.3021806148], [-99.1470489556, 19.3020424931], [-99.1475089544, 19.3014832022], [-99.1475304121, 19.3014550398], [-99.1476484293, 19.3013155728], [-99.1477570588, 19.3012096473], [-99.1477972919, 19.3011707262], [-99.1480561251, 19.3009481164], [-99.1481151337, 19.3009065847], [-99.1481862122, 19.3008542151], [-99.1484209055, 19.3006785951], [-99.1486555988, 19.3005069304], [-99.1488299424, 19.3003794869]]}","{""id"": ""TTI-0e6b35d1-b793-45b4-b4a5-22dc2fb82b8b-TTR24510951308027001"", ""iconCategory"": 1, ""magnitudeOfDelay"": 0, ""startTime"": ""2026-07-03T19:16:30Z"", ""endTime"": ""2026-07-05T12:00:00Z"", ""from"": ""Viaducto Tlalpan/Calz del Hueso (Calzada de Tlalpán)"", ""to"": ""Calle Renato Leduc/Calzada México-Xochimilco (Calle Tlalpán)"", ""length"": 283.3406110081, ""delay"": null, ""roadNumbers"": [], ""timeValidity"": ""present"", ""probabilityOfOccurrence"": ""certain"", ""numberOfReports"": null, ""lastReportTime"": null, ""events"": [{""code"": 214, ""description"": ""Incidente"", ""iconCategory"": 1}]}"
tomtom,tomtom_cdmx_incidents,2026-07-04T07:19:02Z,2026-07-04,20260704T071858Z,2026-07-04T07:18:59.171070,TTI-0e6b35d1-b793-45b4-b4a5-22dc2fb82b8b-TTR24510951304011001,Feature,LineString,19.3014832022,-99.1475089544,0,Unknown,0,,121.2285654148,Viaducto Tlalpan/Calz del Hueso (Calzada de Tlalpán),Calle Acoxpa (Calle Tlalpán),,present,certain,,2026-07-03T18:28:00Z,2026-07-05T18:00:00Z,,Partido de fútbol,1459,"{""type"": ""LineString"", ""coordinates"": [[-99.1469456905, 19.3021806148], [-99.1470489556, 19.3020424931], [-99.1475089544, 19.3014832022], [-99.1475304121, 19.3014550398], [-99.1476484293, 19.3013155728]]}","{""id"": ""TTI-0e6b35d1-b793-45b4-b4a5-22dc2fb82b8b-TTR24510951304011001"", ""iconCategory"": 0, ""magnitudeOfDelay"": 0, ""startTime"": ""2026-07-03T18:28:00Z"", ""endTime"": ""2026-07-05T18:00:00Z"", ""from"": ""Viaducto Tlalpan/Calz del Hueso (Calzada de Tlalpán)"", ""to"": ""Calle Acoxpa (Calle Tlalpán)"", ""length"": 121.2285654148, ""delay"": null, ""roadNumbers"": [], ""timeValidity"": ""present"", ""probabilityOfOccurrence"": ""certain"", ""numberOfReports"": null, ""lastReportTime"": null, ""events"": [{""code"": 1459, ""description"": ""Partido de fútbol"", ""iconCategory"": 0}]}"
tomtom,tomtom_cdmx_incidents,2026-07-04T07:19:02Z,2026-07-04,20260704T071858Z,2026-07-04T07:18:59.171088,TTI-0e6b35d1-b793-45b4-b4a5-22dc2fb82b8b-TTR24510951444011001,Feature,LineString,19.3025225958,-99.1466935629,1,Accident,0,,57.24917261,Viaducto Tlalpan/Calz del Hueso (Calzada de Tlalpán),Calle Acoxpa (Calle Tlalpán),,present,certain,,2026-07-03T19:16:30Z,2026-07-05T12:00:00Z,,Incidente,214,"{""type"": ""LineString"", ""coordinates"": [[-99.1464883739, 19.3028042174], [-99.1466935629, 19.3025225958], [-99.146798169, 19.30238044]]}","{""id"": ""TTI-0e6b35d1-b793-45b4-b4a5-22dc2fb82b8b-TTR24510951444011001"", ""iconCategory"": 1, ""magnitudeOfDelay"": 0, ""startTime"": ""2026-07-03T19:16:30Z"", ""endTime"": ""2026-07-05T12:00:00Z"", ""from"": ""Viaducto Tlalpan/Calz del Hueso (Calzada de Tlalpán)"", ""to"": ""Calle Acoxpa (Calle Tlalpán)"", ""length"": 57.24917261, ""delay"": null, ""roadNumbers"": [], ""timeValidity"": ""present"", ""probabilityOfOccurrence"": ""certain"", ""numberOfReports"": null, ""lastReportTime"": null, ""events"": [{""code"": 214, ""description"": ""Incidente"", ""iconCategory"": 1}]}"
tomtom,tomtom_cdmx_incidents,2026-07-04T07:19:02Z,2026-07-04,20260704T071858Z,2026-07-04T07:18:59.171105,TTI-0e6b35d1-b793-45b4-b4a5-22dc2fb82b8b-TTR24510951252012000,Feature,LineString,19.3009334023,-99.1470489556,1,Accident,0,,84.2888447458,Calzada de Tlalpan/Avenida División del Norte (Calzada de Acoxpa/Calle Acoxpa),Calle Viaducto Tlalpan (Calzada de Acoxpa/Calle Acoxpa),,present,certain,,2026-07-03T19:22:30Z,2026-07-05T12:00:00Z,,Incidente,214,"{""type"": ""LineString"", ""coordinates"": [[-99.1471669728, 19.300928023], [-99.1471240574, 19.300928023], [-99.1470878476, 19.3009307126], [-99.1470489556, 19.3009334023], [-99.1469819004, 19.3009347471], [-99.1469161862, 19.3009307126], [-99.1463757211, 19.3008247078]]}","{""id"": ""TTI-0e6b35d1-b793-45b4-b4a5-22dc2fb82b8b-TTR24510951252012000"", ""iconCategory"": 1, ""magnitudeOfDelay"": 0, ""startTime"": ""2026-07-03T19:22:30Z"", ""endTime"": ""2026-07-05T12:00:00Z"", ""from"": ""Calzada de Tlalpan/Avenida División del Norte (Calzada de Acoxpa/Calle Acoxpa)"", ""to"": ""Calle Viaducto Tlalpan (Calzada de Acoxpa/Calle Acoxpa)"", ""length"": 84.2888447458, ""delay"": null, ""roadNumbers"": [], ""timeValidity"": ""present"", ""probabilityOfOccurrence"": ""certain"", ""numberOfReports"": null, ""lastReportTime"": null, ""events"": [{""code"": 214, ""description"": ""Incidente"", ""iconCategory"": 1}]}"
tomtom,tomtom_cdmx_incidents,2026-07-04T07:19:02Z,2026-07-04,20260704T071858Z,2026-07-04T07:18:59.171125,TTI-0e6b35d1-b793-45b4-b4a5-22dc2fb82b8b-TTR24513836800012001,Feature,LineString,19.3009481164,-99.146656012,1,Accident,0,,89.9235417057,Calle Viaducto Tlalpan (Calzada de Acoxpa/Calle Acoxpa),Calzada de Tlalpan/Avenida División del Norte (Calzada de Acoxpa/Calle Acoxpa),,present,certain,,2026-07-03T19:22:30Z,2026-07-05T12:00:00Z,,Incidente,214,"{""type"": ""LineString"", ""coordinates"": [[-99.1459854597, 19.3008327769], [-99.1465809101, 19.3009347471], [-99.146656012, 19.3009481164], [-99.14682365, 19.3009963723]]}","{""id"": ""TTI-0e6b35d1-b793-45b4-b4a5-22dc2fb82b8b-TTR24513836800012001"", ""iconCategory"": 1, ""magnitudeOfDelay"": 0, ""startTime"": ""2026-07-03T19:22:30Z"", ""endTime"": ""2026-07-05T12:00:00Z"", ""from"": ""Calle Viaducto Tlalpan (Calzada de Acoxpa/Calle Acoxpa)"", ""to"": ""Calzada de Tlalpan/Avenida División del Norte (Calzada de Acoxpa/Calle Acoxpa)"", ""length"": 89.9235417057, ""delay"": null, ""roadNumbers"": [], ""timeValidity"": ""present"", ""probabilityOfOccurrence"": ""certain"", ""numberOfReports"": null, ""lastReportTime"": null, ""events"": [{""code"": 214, ""description"": ""Incidente"", ""iconCategory"": 1}]}"
tomtom,tomtom_cdmx_incidents,2026-07-04T07:19:02Z,2026-07-04,20260704T071858Z,2026-07-04T07:18:59.171142,TTI-0e6b35d1-b793-45b4-b4a5-22dc2fb82b8b-TTL24499410988022000,Feature,LineString,19.3935004248,-99.1456394547,6,Jam,3,223.0,156.6601373568,Eje vial 4 Sur Xola,Calle Correspondencia,,present,certain,,2026-07-04T07:15:00Z,2026-07-04T07:37:30Z,,Tráfico parado,101,"{""type"": ""LineString"", ""coordinates"": [[-99.145579105, 19.3939939364], [-99.1456394547, 19.3935004248], [-99.1457574719, 19.3925951491]]}","{""id"": ""TTI-0e6b35d1-b793-45b4-b4a5-22dc2fb82b8b-TTL24499410988022000"", ""iconCategory"": 6, ""magnitudeOfDelay"": 3, ""startTime"": ""2026-07-04T07:15:00Z"", ""endTime"": ""2026-07-04T07:37:30Z"", ""from"": ""Eje vial 4 Sur Xola"", ""to"": ""Calle Correspondencia"", ""length"": 156.6601373568, ""delay"": 223, ""roadNumbers"": [], ""timeValidity"": ""present"", ""probabilityOfOccurrence"": ""certain"", ""numberOfReports"": null, ""lastReportTime"": null, ""events"": [{""code"": 101, ""description"": ""Tráfico parado"", ""iconCategory"": 6}]}"
tomtom,tomtom_cdmx_incidents,2026-07-04T07:19:02Z,2026-07-04,20260704T071858Z,2026-07-04T07:18:59.171158,TTI-0e6b35d1-b793-45b4-b4a5-22dc2fb82b8b-TTR24513836804012001,Feature,LineString,19.3007013783,-99.1453765983,1,Accident,0,,102.4186939176,Calle Federación Mexicana de Fútbol/Calle Almanalco (Calzada de Acoxpa/Calle Acoxpa),Calzada de Tlalpan/Avenida División del Norte (Calzada de Acoxpa/Calle Acoxpa),,present,certain,,2026-07-03T19:22:30Z,2026-07-05T12:00:00Z,,Incidente,214,"{""type"": ""LineString"", ""coordinates"": [[-99.1448683197, 19.3005216445], [-99.145296132, 19.3006772503], [-99.1453765983, 19.3007013783], [-99.1457977051, 19.3007965454]]}","{""id"": ""TTI-0e6b35d1-b793-45b4-b4a5-22dc2fb82b8b-TTR24513836804012001"", ""iconCategory"": 1, ""magnitudeOfDelay"": 0, ""startTime"": ""2026-07-03T19:22:30Z"", ""endTime"": ""2026-07-05T12:00:00Z"", ""from"": ""Calle Federación Mexicana de Fútbol/Calle Almanalco (Calzada de Acoxpa/Calle Acoxpa)"", ""to"": ""Calzada de Tlalpan/Avenida División del Norte (Calzada de Acoxpa/Calle Acoxpa)"", ""length"": 102.4186939176, ""delay"": null, ""roadNumbers"": [], ""timeValidity"": ""present"", ""probabilityOfOccurrence"": ""certain"", ""numberOfReports"": null, ""lastReportTime"": null, ""events"": [{""code"": 214, ""description"": ""Incidente"", ""iconCategory"": 1}]}"
tomtom,tomtom_cdmx_incidents,2026-07-04T07:19:02Z,2026-07-04,20260704T071858Z,2026-07-04T07:18:59.171176,TTI-0e6b35d1-b793-45b4-b4a5-22dc2fb82b8b-TTR24513836916019001,Feature,LineString,19.3044658542,-99.1452532166,1,Accident,0,,157.2169110639,Viaducto Tlalpan/Calz del Hueso (Calzada de Tlalpán),Calle Acoxpa (Calle Tlalpán),,present,certain,,2026-07-03T19:22:30Z,2026-07-05T12:00:00Z,,Incidente,214,"{""type"": ""LineString"", ""coordinates"": [[-99.1446966583, 19.305235636], [-99.1449675614, 19.3048601196], [-99.1450145, 19.3047957272], [-99.1452532166, 19.3044658542], [-99.1452867443, 19.304418865], [-99.1454382891, 19.3042176974], [-99.1455469185, 19.3040715878]]}","{""id"": ""TTI-0e6b35d1-b793-45b4-b4a5-22dc2fb82b8b-TTR24513836916019001"", ""iconCategory"": 1, ""magnitudeOfDelay"": 0, ""startTime"": ""2026-07-03T19:22:30Z"", ""endTime"": ""2026-07-05T12:00:00Z"", ""from"": ""Viaducto Tlalpan/Calz del Hueso (Calzada de Tlalpán)"", ""to"": ""Calle Acoxpa (Calle Tlalpán)"", ""length"": 157.2169110639, ""delay"": null, ""roadNumbers"": [], ""timeValidity"": ""present"", ""probabilityOfOccurrence"": ""certain"", ""numberOfReports"": null, ""lastReportTime"": null, ""events"": [{""code"": 214, ""description"": ""Incidente"", ""iconCategory"": 1}]}"
tomtom,tomtom_cdmx_incidents,2026-07-04T07:19:02Z,2026-07-04,20260704T071858Z,2026-07-04T07:18:59.171196,TTI-0e6b35d1-b793-45b4-b4a5-22dc2fb82b8b-TTR24513836732011002,Feature,LineString,19.3003794869,-99.144782489,1,Accident,0,,55.7951236742,Calzada de Tlalpan/Avenida División del Norte (Calzada de Acoxpa/Calle Acoxpa),Calle Viaducto Tlalpan (Calzada de Acoxpa/Calle Acoxpa),,present,certain,,2026-07-03T19:22:30Z,2026-07-05T12:00:00Z,,Incidente,214,"{""type"": ""LineString"", ""coordinates"": [[-99.1451204473, 19.3005403931], [-99.1448575908, 19.3004103392], [-99.144782489, 19.3003794869], [-99.1447221393, 19.3003567037], [-99.144641673, 19.3003231618]]}","{""id"": ""TTI-0e6b35d1-b793-45b4-b4a5-22dc2fb82b8b-TTR24513836732011002"", ""iconCategory"": 1, ""magnitudeOfDelay"": 0, ""startTime"": ""2026-07-03T19:22:30Z"", ""endTime"": ""2026-07-05T12:00:00Z"", ""from"": ""Calzada de Tlalpan/Avenida División del Norte (Calzada de Acoxpa/Calle Acoxpa)"", ""to"": ""Calle Viaducto Tlalpan (Calzada de Acoxpa/Calle Acoxpa)"", ""length"": 55.7951236742, ""delay"": null, ""roadNumbers"": [], ""timeValidity"": ""present"", ""probabilityOfOccurrence"": ""certain"", ""numberOfReports"": null, ""lastReportTime"": null, ""events"": [{""code"": 214, ""description"": ""Incidente"", ""iconCategory"": 1}]}"
tomtom,tomtom_cdmx_incidents,2026-07-04T07:19:02Z,2026-07-04,20260704T071858Z,2026-07-04T07:18:59.171213,TTI-0e6b35d1-b793-45b4-b4a5-22dc2fb82b8b-TTL24487870364023000,Feature,LineString,19.4796878843,-99.1458017284,6,Jam,2,141.0,320.4611746898,Eje Vial 1 Poniente / Calle Norte 19-A,Eje Central Lázaro Cárdenas,,present,certain,,2026-07-04T06:59:30Z,2026-07-04T07:37:30Z,,Tráfico en cola,108,"{""type"": ""LineString"", ""coordinates"": [[-99.1474968845, 19.4801625641], [-99.1470516378, 19.4800244353], [-99.1466412598, 19.479914517], [-99.1462080831, 19.4798004895], [-99.1458017284, 19.4796878843], [-99.1455898339, 19.4796328856], [-99.145399397, 19.4795846036], [-99.1449554914, 19.4794732626], [-99.1445571834, 19.4793740118]]}","{""id"": ""TTI-0e6b35d1-b793-45b4-b4a5-22dc2fb82b8b-TTL24487870364023000"", ""iconCategory"": 6, ""magnitudeOfDelay"": 2, ""startTime"": ""2026-07-04T06:59:30Z"", ""endTime"": ""2026-07-04T07:37:30Z"", ""from"": ""Eje Vial 1 Poniente / Calle Norte 19-A"", ""to"": ""Eje Central Lázaro Cárdenas"", ""length"": 320.4611746898, ""delay"": 141, ""roadNumbers"": [], ""timeValidity"": ""present"", ""probabilityOfOccurrence"": ""certain"", ""numberOfReports"": null, ""lastReportTime"": null, ""events"": [{""code"": 108, ""description"": ""Tráfico en cola"", ""iconCategory"": 6}]}"
tomtom,tomtom_cdmx_incidents,2026-07-04T07:19:02Z,2026-07-04,20260704T071858Z,2026-07-04T07:18:59.171235,TTI-0e6b35d1-b793-45b4-b4a5-22dc2fb82b8b-TTR24513836808003001,Feature,LineString,19.3003902457,-99.1445290202,1,Accident,0,,32.7919714482,Calle Federación Mexicana de Fútbol/Calle Almanalco (Calzada de Acoxpa/Calle Acoxpa),Calle Viaducto Tlalpan (Calzada de Acoxpa/Calle Acoxpa),,present,certain,,2026-07-03T19:22:30Z,2026-07-05T12:00:00Z,,Incidente,214,"{""type"": ""LineString"", ""coordinates"": [[-99.144397592, 19.3003366102], [-99.1444472128, 19.3003567037], [-99.1444820816, 19.3003714179], [-99.1445290202, 19.3003902457], [-99.1446054632, 19.3004210979], [-99.1446456963, 19.3004371569], [-99.1446845883, 19.3004532159]]}","{""id"": ""TTI-0e6b35d1-b793-45b4-b4a5-22dc2fb82b8b-TTR24513836808003001"", ""iconCategory"": 1, ""magnitudeOfDelay"": 0, ""startTime"": ""2026-07-03T19:22:30Z"", ""endTime"": ""2026-07-05T12:00:00Z"", ""from"": ""Calle Federación Mexicana de Fútbol/Calle Almanalco (Calzada de Acoxpa/Calle Acoxpa)"", ""to"": ""Calle Viaducto Tlalpan (Calzada de Acoxpa/Calle Acoxpa)"", ""length"": 32.7919714482, ""delay"": null, ""roadNumbers"": [], ""timeValidity"": ""present"", ""probabilityOfOccurrence"": ""certain"", ""numberOfReports"": null, ""lastReportTime"": null, ""events"": [{""code"": 214, ""description"": ""Incidente"", ""iconCategory"": 1}]}"
tomtom,tomtom_cdmx_incidents,2026-07-04T07:19:02Z,2026-07-04,20260704T071858Z,2026-07-04T07:18:59.171255,TTI-0e6b35d1-b793-45b4-b4a5-22dc2fb82b8b-TTR24513836732011001,Feature,LineString,19.300115265,-99.1443238312,1,Accident,0,,108.7262064854,Viaducto Tlalpan,Cerrada Emiliano Zapata,,present,certain,,2026-07-03T19:22:30Z,2026-07-05T12:00:00Z,,Incidente,214,"{""type"": ""LineString"", ""coordinates"": [[-99.1444579417, 19.300156876], [-99.1443935687, 19.300140817], [-99.1443238312, 19.300115265], [-99.1435070986, 19.2997706683]]}","{""id"": ""TTI-0e6b35d1-b793-45b4-b4a5-22dc2fb82b8b-TTR24513836732011001"", ""iconCategory"": 1, ""magnitudeOfDelay"": 0, ""startTime"": ""2026-07-03T19:22:30Z"", ""endTime"": ""2026-07-05T12:00:00Z"", ""from"": ""Viaducto Tlalpan"", ""to"": ""Cerrada Emiliano Zapata"", ""length"": 108.7262064854, ""delay"": null, ""roadNumbers"": [], ""timeValidity"": ""present"", ""probabilityOfOccurrence"": ""certain"", ""numberOfReports"": null, ""lastReportTime"": null, ""events"": [{""code"": 214, ""description"": ""Incidente"", ""iconCategory"": 1}]}"
tomtom,tomtom_cdmx_incidents,2026-07-04T07:19:02Z,2026-07-04,20260704T071858Z,2026-07-04T07:18:59.171274,TTI-0e6b35d1-b793-45b4-b4a5-22dc2fb82b8b-TTR24513836916011002,Feature,LineString,19.3069254094,-99.1434172446,1,Accident,0,,61.4500335643,Viaducto Tlalpan/Calz del Hueso (Calzada de Tlalpán),Calle Acoxpa (Calle Tlalpán),,present,certain,,2026-07-03T19:22:30Z,2026-07-05T12:00:00Z,,Incidente,214,"{""type"": ""LineString"", ""coordinates"": [[-99.143114155, 19.3073452198], [-99.1432254666, 19.3071909652], [-99.1434172446, 19.3069254094], [-99.1434467489, 19.3068905241]]}","{""id"": ""TTI-0e6b35d1-b793-45b4-b4a5-22dc2fb82b8b-TTR24513836916011002"", ""iconCategory"": 1, ""magnitudeOfDelay"": 0, ""startTime"": ""2026-07-03T19:22:30Z"", ""endTime"": ""2026-07-05T12:00:00Z"", ""from"": ""Viaducto Tlalpan/Calz del Hueso (Calzada de Tlalpán)"", ""to"": ""Calle Acoxpa (Calle Tlalpán)"", ""length"": 61.4500335643, ""delay"": null, ""roadNumbers"": [], ""timeValidity"": ""present"", ""probabilityOfOccurrence"": ""certain"", ""numberOfReports"": null, ""lastReportTime"": null, ""events"": [{""code"": 214, ""description"": ""Incidente"", ""iconCategory"": 1}]}"
tomtom,tomtom_cdmx_incidents,2026-07-04T07:19:02Z,2026-07-04,20260704T071858Z,2026-07-04T07:18:59.171292,TTI-0e6b35d1-b793-45b4-b4a5-22dc2fb82b8b-TTR24513836812011000,Feature,LineString,19.2999235061,-99.1432080323,1,Accident,0,,54.2669186138,Avenida del Bordo,Viaducto Tlalpan,,present,certain,,2026-07-03T19:22:30Z,2026-07-05T12:00:00Z,,Incidente,214,"{""type"": ""LineString"", ""coordinates"": [[-99.1430591697, 19.2998027864], [-99.1431087905, 19.2998551563], [-99.1432080323, 19.2999235061], [-99.1433595771, 19.2999959695], [-99.1434977108, 19.3000509498]]}","{""id"": ""TTI-0e6b35d1-b793-45b4-b4a5-22dc2fb82b8b-TTR24513836812011000"", ""iconCategory"": 1, ""magnitudeOfDelay"": 0, ""startTime"": ""2026-07-03T19:22:30Z"", ""endTime"": ""2026-07-05T12:00:00Z"", ""from"": ""Avenida del Bordo"", ""to"": ""Viaducto Tlalpan"", ""length"": 54.2669186138, ""delay"": null, ""roadNumbers"": [], ""timeValidity"": ""present"", ""probabilityOfOccurrence"": ""certain"", ""numberOfReports"": null, ""lastReportTime"": null, ""events"": [{""code"": 214, ""description"": ""Incidente"", ""iconCategory"": 1}]}"
tomtom,tomtom_cdmx_incidents,2026-07-04T07:19:02Z,2026-07-04,20260704T071858Z,2026-07-04T07:18:59.171310,TTI-0e6b35d1-b793-45b4-b4a5-22dc2fb82b8b-TTR24479214992007001,Feature,LineString,19.5405873938,-99.1430819685,0,Unknown,0,,39.0676606536,Avenida Lázaro Cárdenas / Calle Río Paraíso,Cerrada Paraíso,,present,certain,,2026-06-10T19:25:30Z,2026-07-20T03:00:00Z,,Partido de fútbol,1459,"{""type"": ""LineString"", ""coordinates"": [[-99.1429706568, 19.5409227122], [-99.1430819685, 19.5405873938]]}","{""id"": ""TTI-0e6b35d1-b793-45b4-b4a5-22dc2fb82b8b-TTR24479214992007001"", ""iconCategory"": 0, ""magnitudeOfDelay"": 0, ""startTime"": ""2026-06-10T19:25:30Z"", ""endTime"": ""2026-07-20T03:00:00Z"", ""from"": ""Avenida Lázaro Cárdenas / Calle Río Paraíso"", ""to"": ""Cerrada Paraíso"", ""length"": 39.0676606536, ""delay"": null, ""roadNumbers"": [], ""timeValidity"": ""present"", ""probabilityOfOccurrence"": ""certain"", ""numberOfReports"": null, ""lastReportTime"": null, ""events"": [{""code"": 1459, ""description"": ""Partido de fútbol"", ""iconCategory"": 0}]}"
tomtom,tomtom_cdmx_incidents,2026-07-04T07:19:02Z,2026-07-04,20260704T071858Z,2026-07-04T07:18:59.171325,TTI-0e6b35d1-b793-45b4-b4a5-22dc2fb82b8b-TTR24513836804011001,Feature,LineString,19.299637845,-99.1426112408,1,Accident,0,,54.3399500917,Calle Federación Mexicana de Fútbol/Calle Almanalco (Calzada de Acoxpa/Calle Acoxpa),Calle Viaducto Tlalpan (Calzada de Acoxpa/Calle Acoxpa),,present,certain,,2026-07-03T19:22:30Z,2026-07-05T12:00:00Z,,Incidente,214,"{""type"": ""LineString"", ""coordinates"": [[-99.1425777132, 19.2996231307], [-99.1426112408, 19.299637845], [-99.1430591697, 19.2998027864]]}","{""id"": ""TTI-0e6b35d1-b793-45b4-b4a5-22dc2fb82b8b-TTR24513836804011001"", ""iconCategory"": 1, ""magnitudeOfDelay"": 0, ""startTime"": ""2026-07-03T19:22:30Z"", ""endTime"": ""2026-07-05T12:00:00Z"", ""from"": ""Calle Federación Mexicana de Fútbol/Calle Almanalco (Calzada de Acoxpa/Calle Acoxpa)"", ""to"": ""Calle Viaducto Tlalpan (Calzada de Acoxpa/Calle Acoxpa)"", ""length"": 54.3399500917, ""delay"": null, ""roadNumbers"": [], ""timeValidity"": ""present"", ""probabilityOfOccurrence"": ""certain"", ""numberOfReports"": null, ""lastReportTime"": null, ""events"": [{""code"": 214, ""description"": ""Incidente"", ""iconCategory"": 1}]}"
tomtom,tomtom_cdmx_incidents,2026-07-04T07:19:02Z,2026-07-04,20260704T071858Z,2026-07-04T07:18:59.171342,TTI-0e6b35d1-b793-45b4-b4a5-22dc2fb82b8b-TTR24513836736003002,Feature,LineString,19.2994997212,-99.142678296,1,Accident,0,,32.6486025462,Calle Viaducto Tlalpan (Calzada de Acoxpa/Calle Acoxpa),Calle Federación Mexicana de Fútbol/Calle Almanalco (Calzada de Acoxpa/Calle Acoxpa),,present,certain,,2026-07-03T19:22:30Z,2026-07-05T12:00:00Z,,Incidente,214,"{""type"": ""LineString"", ""coordinates"": [[-99.142717188, 19.2995171251], [-99.142678296, 19.2994997212], [-99.142434215, 19.2993951394]]}","{""id"": ""TTI-0e6b35d1-b793-45b4-b4a5-22dc2fb82b8b-TTR24513836736003002"", ""iconCategory"": 1, ""magnitudeOfDelay"": 0, ""startTime"": ""2026-07-03T19:22:30Z"", ""endTime"": ""2026-07-05T12:00:00Z"", ""from"": ""Calle Viaducto Tlalpan (Calzada de Acoxpa/Calle Acoxpa)"", ""to"": ""Calle Federación Mexicana de Fútbol/Calle Almanalco (Calzada de Acoxpa/Calle Acoxpa)"", ""length"": 32.6486025462, ""delay"": null, ""roadNumbers"": [], ""timeValidity"": ""present"", ""probabilityOfOccurrence"": ""certain"", ""numberOfReports"": null, ""lastReportTime"": null, ""events"": [{""code"": 214, ""description"": ""Incidente"", ""iconCategory"": 1}]}"
tomtom,tomtom_cdmx_incidents,2026-07-04T07:19:02Z,2026-07-04,20260704T071858Z,2026-07-04T07:18:59.171358,TTI-0e6b35d1-b793-45b4-b4a5-22dc2fb82b8b-TTR24513836732003003,Feature,LineString,19.2993079615,-99.1422196383,1,Accident,0,,29.6350019027,Calle Viaducto Tlalpan (Calzada de Acoxpa/Calle Acoxpa),Calle Federación Mexicana de Fútbol/Calle Almanalco (Calzada de Acoxpa/Calle Acoxpa),,present,certain,,2026-07-03T19:22:30Z,2026-07-05T12:00:00Z,,Incidente,214,"{""type"": ""LineString"", ""coordinates"": [[-99.1422786469, 19.2993307449], [-99.1422196383, 19.2993079615], [-99.1420171315, 19.2992301975]]}","{""id"": ""TTI-0e6b35d1-b793-45b4-b4a5-22dc2fb82b8b-TTR24513836732003003"", ""iconCategory"": 1, ""magnitudeOfDelay"": 0, ""startTime"": ""2026-07-03T19:22:30Z"", ""endTime"": ""2026-07-05T12:00:00Z"", ""from"": ""Calle Viaducto Tlalpan (Calzada de Acoxpa/Calle Acoxpa)"", ""to"": ""Calle Federación Mexicana de Fútbol/Calle Almanalco (Calzada de Acoxpa/Calle Acoxpa)"", ""length"": 29.6350019027, ""delay"": null, ""roadNumbers"": [], ""timeValidity"": ""present"", ""probabilityOfOccurrence"": ""certain"", ""numberOfReports"": null, ""lastReportTime"": null, ""events"": [{""code"": 214, ""description"": ""Incidente"", ""iconCategory"": 1}]}"
tomtom,tomtom_cdmx_incidents,2026-07-04T07:19:02Z,2026-07-04,20260704T071858Z,2026-07-04T07:18:59.171374,TTI-0e6b35d1-b793-45b4-b4a5-22dc2fb82b8b-TTR24513836916019002,Feature,LineString,19.3086621534,-99.1421579474,1,Accident,0,,155.7864048959,Viaducto Tlalpan/Calz del Hueso (Calzada de Tlalpán),Calle Acoxpa (Calle Tlalpán),,present,certain,,2026-07-03T19:16:30Z,2026-07-05T12:00:00Z,,Incidente,214,"{""type"": ""LineString"", ""coordinates"": [[-99.1418709511, 19.3093340639], [-99.1419138664, 19.309214696], [-99.1419782394, 19.3090712012], [-99.1420721168, 19.308878108], [-99.1421579474, 19.3086621534], [-99.1422840113, 19.3084677149], [-99.1423457021, 19.3083805419], [-99.1424181217, 19.3082866449], [-99.1425575966, 19.3081015403]]}","{""id"": ""TTI-0e6b35d1-b793-45b4-b4a5-22dc2fb82b8b-TTR24513836916019002"", ""iconCategory"": 1, ""magnitudeOfDelay"": 0, ""startTime"": ""2026-07-03T19:16:30Z"", ""endTime"": ""2026-07-05T12:00:00Z"", ""from"": ""Viaducto Tlalpan/Calz del Hueso (Calzada de Tlalpán)"", ""to"": ""Calle Acoxpa (Calle Tlalpán)"", ""length"": 155.7864048959, ""delay"": null, ""roadNumbers"": [], ""timeValidity"": ""present"", ""probabilityOfOccurrence"": ""certain"", ""numberOfReports"": null, ""lastReportTime"": null, ""events"": [{""code"": 214, ""description"": ""Incidente"", ""iconCategory"": 1}]}"
tomtom,tomtom_cdmx_incidents,2026-07-04T07:19:02Z,2026-07-04,20260704T071858Z,2026-07-04T07:18:59.171396,TTI-0e6b35d1-b793-45b4-b4a5-22dc2fb82b8b-TTR24499410736003000,Feature,LineString,19.379192209,-99.1474459225,8,Road closed,4,,1740.7695868967,Cumbres de Maltrata/Calzada de Tlalpan (Eje 6 S),Avenida Universidad (Eje 6 S),,present,probable,,2026-07-03T15:38:30Z,,,Cerrado,401,"{""type"": ""LineString"", ""coordinates"": [[-99.1416469866, 19.3780884655], [-99.141715383, 19.378097875], [-99.1417945081, 19.3781125821], [-99.1419313008, 19.3781366986], [-99.1420292014, 19.3781568616], [-99.1424690837, 19.378254751], [-99.1426823193, 19.3782963422], [-99.1428526396, 19.3783298681], [-99.143051123, 19.3783660824], [-99.1434454078, 19.3784385109], [-99.143615728, 19.3784720368], [-99.143731063, 19.3784934649], [-99.1438276226, 19.3785122046], [-99.1439979428, 19.378528335], [-99.1441508287, 19.3785511073], [-99.1445840055, 19.3786316009], [-99.1451472694, 19.3787308343], [-99.1454610878, 19.3787911649], [-99.1455549652, 19.3788059511], [-99.1460551971, 19.3788944307], [-99.1461826021, 19.3789213146], [-99.1467405015, 19.3790554177], [-99.1471160108, 19.3791251576], [-99.1474459225, 19.379192209], [-99.1481634134, 19.3793263119], [-99.1487494761, 19.3794282332], [-99.1500288898, 19.3796776988], [-99.1513311023, 19.3799177548], [-99.1516918594, 19.379978085], [-99.1521639282, 19.3800437919], [-99.1523785049, 19.3800826942], [-99.1526038105, 19.3801202523], [-99.1530839259, 19.3802020103], [-99.1532126719, 19.3802262057], [-99.1534929627, 19.3802757823], [-99.1537665481, 19.3803267822], [-99.1542292291, 19.3804125726], [-99.1544558758, 19.3804541632], [-99.1550405973, 19.3805412978], [-99.1556816453, 19.380640609], [-99.1564058417, 19.380754548], [-99.1571354026, 19.3808712543], [-99.1574143523, 19.3809088122], [-99.1575994247, 19.3809450259], [-99.1577657217, 19.3809772071], [-99.1579454297, 19.3810134208]]}","{""id"": ""TTI-0e6b35d1-b793-45b4-b4a5-22dc2fb82b8b-TTR24499410736003000"", ""iconCategory"": 8, ""magnitudeOfDelay"": 4, ""startTime"": ""2026-07-03T15:38:30Z"", ""endTime"": null, ""from"": ""Cumbres de Maltrata/Calzada de Tlalpan (Eje 6 S)"", ""to"": ""Avenida Universidad (Eje 6 S)"", ""length"": 1740.7695868967, ""delay"": null, ""roadNumbers"": [], ""timeValidity"": ""present"", ""probabilityOfOccurrence"": ""probable"", ""numberOfReports"": null, ""lastReportTime"": null, ""events"": [{""code"": 401, ""description"": ""Cerrado"", ""iconCategory"": 8}]}"
tomtom,tomtom_cdmx_incidents,2026-07-04T07:19:02Z,2026-07-04,20260704T071858Z,2026-07-04T07:18:59.171450,TTI-0e6b35d1-b793-45b4-b4a5-22dc2fb82b8b-TTR24513836732003004,Feature,LineString,19.2990719006,-99.1415692026,1,Accident,0,,18.5289694542,Calle Viaducto Tlalpan (Calzada de Acoxpa/Calle Acoxpa),Calle Federación Mexicana de Fútbol/Calle Almanalco (Calzada de Acoxpa/Calle Acoxpa),,present,certain,,2026-07-03T19:22:30Z,2026-07-05T12:00:00Z,,Incidente,214,"{""type"": ""LineString"", ""coordinates"": [[-99.1417368406, 19.2991241916], [-99.1415692026, 19.2990719006]]}","{""id"": ""TTI-0e6b35d1-b793-45b4-b4a5-22dc2fb82b8b-TTR24513836732003004"", ""iconCategory"": 1, ""magnitudeOfDelay"": 0, ""startTime"": ""2026-07-03T19:22:30Z"", ""endTime"": ""2026-07-05T12:00:00Z"", ""from"": ""Calle Viaducto Tlalpan (Calzada de Acoxpa/Calle Acoxpa)"", ""to"": ""Calle Federación Mexicana de Fútbol/Calle Almanalco (Calzada de Acoxpa/Calle Acoxpa)"", ""length"": 18.5289694542, ""delay"": null, ""roadNumbers"": [], ""timeValidity"": ""present"", ""probabilityOfOccurrence"": ""certain"", ""numberOfReports"": null, ""lastReportTime"": null, ""events"": [{""code"": 214, ""description"": ""Incidente"", ""iconCategory"": 1}]}"
tomtom,tomtom_cdmx_incidents,2026-07-04T07:19:02Z,2026-07-04,20260704T071858Z,2026-07-04T07:18:59.171466,TTI-0e6b35d1-b793-45b4-b4a5-22dc2fb82b8b-TTR24499411096014000,Feature,LineString,19.401984235,-99.1411990577,8,Road closed,4,,86.2646069994,Calzada Casa del Obrero Mundial,Calle Andalucía,,present,probable,,2026-07-01T21:31:30Z,,,Cerrado,401,"{""type"": ""LineString"", ""coordinates"": [[-99.1420117671, 19.4021036141], [-99.1411990577, 19.401984235]]}","{""id"": ""TTI-0e6b35d1-b793-45b4-b4a5-22dc2fb82b8b-TTR24499411096014000"", ""iconCategory"": 8, ""magnitudeOfDelay"": 4, ""startTime"": ""2026-07-01T21:31:30Z"", ""endTime"": null, ""from"": ""Calzada Casa del Obrero Mundial"", ""to"": ""Calle Andalucía"", ""length"": 86.2646069994, ""delay"": null, ""roadNumbers"": [], ""timeValidity"": ""present"", ""probabilityOfOccurrence"": ""probable"", ""numberOfReports"": null, ""lastReportTime"": null, ""events"": [{""code"": 401, ""description"": ""Cerrado"", ""iconCategory"": 8}]}"
tomtom,tomtom_cdmx_incidents,2026-07-04T07:19:02Z,2026-07-04,20260704T071858Z,2026-07-04T07:18:59.171481,TTI-0e6b35d1-b793-45b4-b4a5-22dc2fb82b8b-TTR24493640584013001,Feature,LineString,19.4342459002,-99.1408906037,0,Unknown,0,,104.2749159,Calle López,Eje Central Lázaro Cárdenas,,present,certain,,2026-06-12T18:31:00Z,2026-07-20T04:00:00Z,,Partido de fútbol,1459,"{""type"": ""LineString"", ""coordinates"": [[-99.1418776566, 19.4343598806], [-99.1408906037, 19.4342459002]]}","{""id"": ""TTI-0e6b35d1-b793-45b4-b4a5-22dc2fb82b8b-TTR24493640584013001"", ""iconCategory"": 0, ""magnitudeOfDelay"": 0, ""startTime"": ""2026-06-12T18:31:00Z"", ""endTime"": ""2026-07-20T04:00:00Z"", ""from"": ""Calle López"", ""to"": ""Eje Central Lázaro Cárdenas"", ""length"": 104.2749159, ""delay"": null, ""roadNumbers"": [], ""timeValidity"": ""present"", ""probabilityOfOccurrence"": ""certain"", ""numberOfReports"": null, ""lastReportTime"": null, ""events"": [{""code"": 1459, ""description"": ""Partido de fútbol"", ""iconCategory"": 0}]}"
tomtom,tomtom_cdmx_incidents,2026-07-04T07:19:02Z,2026-07-04,20260704T071858Z,2026-07-04T07:18:59.171497,TTI-0e6b35d1-b793-45b4-b4a5-22dc2fb82b8b-TTR24516722276011002,Feature,LineString,19.299086694,-99.141099816,1,Accident,0,,131.0690034152,Calle Federación Mexicana de Fútbol/Calle Almanalco (Calzada de Acoxpa/Calle Acoxpa),Calle Viaducto Tlalpan (Calzada de Acoxpa/Calle Acoxpa),,present,certain,,2026-07-03T19:22:30Z,2026-07-05T12:00:00Z,,Incidente,214,"{""type"": ""LineString"", ""coordinates"": [[-99.1406693214, 19.2989177173], [-99.1408584172, 19.2989927917], [-99.141099816, 19.299086694], [-99.141664421, 19.2993052718], [-99.1418266946, 19.2993602524]]}","{""id"": ""TTI-0e6b35d1-b793-45b4-b4a5-22dc2fb82b8b-TTR24516722276011002"", ""iconCategory"": 1, ""magnitudeOfDelay"": 0, ""startTime"": ""2026-07-03T19:22:30Z"", ""endTime"": ""2026-07-05T12:00:00Z"", ""from"": ""Calle Federación Mexicana de Fútbol/Calle Almanalco (Calzada de Acoxpa/Calle Acoxpa)"", ""to"": ""Calle Viaducto Tlalpan (Calzada de Acoxpa/Calle Acoxpa)"", ""length"": 131.0690034152, ""delay"": null, ""roadNumbers"": [], ""timeValidity"": ""present"", ""probabilityOfOccurrence"": ""certain"", ""numberOfReports"": null, ""lastReportTime"": null, ""events"": [{""code"": 214, ""description"": ""Incidente"", ""iconCategory"": 1}]}"
tomtom,tomtom_cdmx_incidents,2026-07-04T07:19:02Z,2026-07-04,20260704T071858Z,2026-07-04T07:18:59.171532,TTI-0e6b35d1-b793-45b4-b4a5-22dc2fb82b8b-TTR24516722204011002,Feature,LineString,19.2987178878,-99.1406451816,1,Accident,0,,149.201682853,Calle Viaducto Tlalpan (Calzada de Acoxpa/Calle Acoxpa),Calle Federación Mexicana de Fútbol/Calle Almanalco (Calzada de Acoxpa/Calle Acoxpa),,present,certain,,2026-07-03T19:22:30Z,2026-07-05T12:00:00Z,,Incidente,214,"{""type"": ""LineString"", ""coordinates"": [[-99.1411869878, 19.2989351213], [-99.1409482712, 19.298831884], [-99.1407699043, 19.2987621098], [-99.1406451816, 19.2987178878], [-99.1400966698, 19.2985194029], [-99.139880752, 19.2984094411]]}","{""id"": ""TTI-0e6b35d1-b793-45b4-b4a5-22dc2fb82b8b-TTR24516722204011002"", ""iconCategory"": 1, ""magnitudeOfDelay"": 0, ""startTime"": ""2026-07-03T19:22:30Z"", ""endTime"": ""2026-07-05T12:00:00Z"", ""from"": ""Calle Viaducto Tlalpan (Calzada de Acoxpa/Calle Acoxpa)"", ""to"": ""Calle Federación Mexicana de Fútbol/Calle Almanalco (Calzada de Acoxpa/Calle Acoxpa)"", ""length"": 149.201682853, ""delay"": null, ""roadNumbers"": [], ""timeValidity"": ""present"", ""probabilityOfOccurrence"": ""certain"", ""numberOfReports"": null, ""lastReportTime"": null, ""events"": [{""code"": 214, ""description"": ""Incidente"", ""iconCategory"": 1}]}"
tomtom,tomtom_cdmx_incidents,2026-07-04T07:19:02Z,2026-07-04,20260704T071858Z,2026-07-04T07:18:59.171553,TTI-0e6b35d1-b793-45b4-b4a5-22dc2fb82b8b-TTR24493640692002001,Feature,LineString,19.4405343096,-99.1398955041,0,Unknown,0,,40.038053642,Calle Tacuba/Calle Hidalgo (Avenida Lázaro Cárdenas),Calle Mosqueta/Paseo de la Reforma (Avenida Lázaro Cárdenas),,present,certain,,2026-06-10T19:25:30Z,2026-07-20T03:00:00Z,,Partido de fútbol,1459,"{""type"": ""LineString"", ""coordinates"": [[-99.1399129385, 19.4403787582], [-99.1399022097, 19.4404645961], [-99.1398955041, 19.4405343096], [-99.1398727054, 19.4407368107]]}","{""id"": ""TTI-0e6b35d1-b793-45b4-b4a5-22dc2fb82b8b-TTR24493640692002001"", ""iconCategory"": 0, ""magnitudeOfDelay"": 0, ""startTime"": ""2026-06-10T19:25:30Z"", ""endTime"": ""2026-07-20T03:00:00Z"", ""from"": ""Calle Tacuba/Calle Hidalgo (Avenida Lázaro Cárdenas)"", ""to"": ""Calle Mosqueta/Paseo de la Reforma (Avenida Lázaro Cárdenas)"", ""length"": 40.038053642, ""delay"": null, ""roadNumbers"": [], ""timeValidity"": ""present"", ""probabilityOfOccurrence"": ""certain"", ""numberOfReports"": null, ""lastReportTime"": null, ""events"": [{""code"": 1459, ""description"": ""Partido de fútbol"", ""iconCategory"": 0}]}"
tomtom,tomtom_cdmx_incidents,2026-07-04T07:19:02Z,2026-07-04,20260704T071858Z,2026-07-04T07:18:59.171570,TTI-0e6b35d1-b793-45b4-b4a5-22dc2fb82b8b-TTR24493640800014000,Feature,LineString,19.4376281301,-99.1392115408,8,Road closed,4,,137.909602114,Callejón 57,Eje Central Lázaro Cárdenas / Calle Pensador Mexicano,,present,probable,,2026-06-18T23:27:30Z,,,Cerrado,401,"{""type"": ""LineString"", ""coordinates"": [[-99.1390331739, 19.4375999912], [-99.1392115408, 19.4376281301], [-99.140330022, 19.4378065271]]}","{""id"": ""TTI-0e6b35d1-b793-45b4-b4a5-22dc2fb82b8b-TTR24493640800014000"", ""iconCategory"": 8, ""magnitudeOfDelay"": 4, ""startTime"": ""2026-06-18T23:27:30Z"", ""endTime"": null, ""from"": ""Callejón 57"", ""to"": ""Eje Central Lázaro Cárdenas / Calle Pensador Mexicano"", ""length"": 137.909602114, ""delay"": null, ""roadNumbers"": [], ""timeValidity"": ""present"", ""probabilityOfOccurrence"": ""probable"", ""numberOfReports"": null, ""lastReportTime"": null, ""events"": [{""code"": 401, ""description"": ""Cerrado"", ""iconCategory"": 8}]}"
tomtom,tomtom_cdmx_incidents,2026-07-04T07:19:02Z,2026-07-04,20260704T071858Z,2026-07-04T07:18:59.171589,TTI-0e6b35d1-b793-45b4-b4a5-22dc2fb82b8b-TTR24516722204011003,Feature,LineString,19.2980848555,-99.138995623,1,Accident,0,,81.501401826,Calle Viaducto Tlalpan (Calzada de Acoxpa/Calle Acoxpa),Calle Federación Mexicana de Fútbol/Calle Almanalco (Calzada de Acoxpa/Calle Acoxpa),,present,certain,,2026-07-03T19:22:30Z,2026-07-05T12:00:00Z,,Incidente,214,"{""type"": ""LineString"", ""coordinates"": [[-99.1395655924, 19.2982860306], [-99.138995623, 19.2980848555], [-99.138841396, 19.2980218053]]}","{""id"": ""TTI-0e6b35d1-b793-45b4-b4a5-22dc2fb82b8b-TTR24516722204011003"", ""iconCategory"": 1, ""magnitudeOfDelay"": 0, ""startTime"": ""2026-07-03T19:22:30Z"", ""endTime"": ""2026-07-05T12:00:00Z"", ""from"": ""Calle Viaducto Tlalpan (Calzada de Acoxpa/Calle Acoxpa)"", ""to"": ""Calle Federación Mexicana de Fútbol/Calle Almanalco (Calzada de Acoxpa/Calle Acoxpa)"", ""length"": 81.501401826, ""delay"": null, ""roadNumbers"": [], ""timeValidity"": ""present"", ""probabilityOfOccurrence"": ""certain"", ""numberOfReports"": null, ""lastReportTime"": null, ""events"": [{""code"": 214, ""description"": ""Incidente"", ""iconCategory"": 1}]}"
tomtom,tomtom_cdmx_incidents,2026-07-04T07:19:02Z,2026-07-04,20260704T071858Z,2026-07-04T07:18:59.171606,TTI-0e6b35d1-b793-45b4-b4a5-22dc2fb82b8b-TTR24516722276011003,Feature,LineString,19.2981921279,-99.1388199383,1,Accident,0,,101.5853437419,Calle Calzada Acoxpa (Avenida Division del Norte/Avenida División del Norte),Calle Viaducto Tlalpan (Calzada de Acoxpa/Calle Acoxpa),,present,certain,,2026-07-03T19:22:30Z,2026-07-05T12:00:00Z,,Incidente,214,"{""type"": ""LineString"", ""coordinates"": [[-99.1385919506, 19.2981009939], [-99.1387367898, 19.2981586646], [-99.1388199383, 19.2981921279], [-99.1389500255, 19.2982418085], [-99.1394878084, 19.2984469389]]}","{""id"": ""TTI-0e6b35d1-b793-45b4-b4a5-22dc2fb82b8b-TTR24516722276011003"", ""iconCategory"": 1, ""magnitudeOfDelay"": 0, ""startTime"": ""2026-07-03T19:22:30Z"", ""endTime"": ""2026-07-05T12:00:00Z"", ""from"": ""Calle Calzada Acoxpa (Avenida Division del Norte/Avenida División del Norte)"", ""to"": ""Calle Viaducto Tlalpan (Calzada de Acoxpa/Calle Acoxpa)"", ""length"": 101.5853437419, ""delay"": null, ""roadNumbers"": [], ""timeValidity"": ""present"", ""probabilityOfOccurrence"": ""certain"", ""numberOfReports"": null, ""lastReportTime"": null, ""events"": [{""code"": 214, ""description"": ""Incidente"", ""iconCategory"": 1}]}"
tomtom,tomtom_cdmx_incidents,2026-07-04T07:19:02Z,2026-07-04,20260704T071858Z,2026-07-04T07:18:59.171624,TTI-0e6b35d1-b793-45b4-b4a5-22dc2fb82b8b-TTR24502296212027000,Feature,LineString,19.3769149738,-99.1387475187,8,Road closed,4,,255.6970585728,Avenida Presidente Plutarco Elias Calles (Eje 6 S),Cumbres de Maltrata/Calzada de Tlalpan (Eje 6 S),,present,probable,,2026-07-03T15:52:00Z,,,Cerrado,401,"{""type"": ""LineString"", ""coordinates"": [[-99.1375311369, 19.3769753051], [-99.1375780756, 19.3769713516], [-99.1376411075, 19.3769646305], [-99.137698775, 19.3769592537], [-99.138097083, 19.3769216948], [-99.1384779567, 19.376902955], [-99.1385128254, 19.376902955], [-99.138636207, 19.3769095969], [-99.1387475187, 19.3769149738], [-99.1387823874, 19.376916318], [-99.1388789469, 19.3769216948], [-99.1390988881, 19.3769390905], [-99.1391069347, 19.3769404347], [-99.1392826194, 19.3769565652], [-99.1396661753, 19.3770048777], [-99.1399571949, 19.3770410133]]}","{""id"": ""TTI-0e6b35d1-b793-45b4-b4a5-22dc2fb82b8b-TTR24502296212027000"", ""iconCategory"": 8, ""magnitudeOfDelay"": 4, ""startTime"": ""2026-07-03T15:52:00Z"", ""endTime"": null, ""from"": ""Avenida Presidente Plutarco Elias Calles (Eje 6 S)"", ""to"": ""Cumbres de Maltrata/Calzada de Tlalpan (Eje 6 S)"", ""length"": 255.6970585728, ""delay"": null, ""roadNumbers"": [], ""timeValidity"": ""present"", ""probabilityOfOccurrence"": ""probable"", ""numberOfReports"": null, ""lastReportTime"": null, ""events"": [{""code"": 401, ""description"": ""Cerrado"", ""iconCategory"": 8}]}"
tomtom,tomtom_cdmx_incidents,2026-07-04T07:19:02Z,2026-07-04,20260704T071858Z,2026-07-04T07:18:59.171652,TTI-0e6b35d1-b793-45b4-b4a5-22dc2fb82b8b-TTR24499411132022000,Feature,LineString,19.4047174414,-99.1372481638,8,Road closed,4,,150.8444190373,Calle Juan Hernández y Dávalos,Calle José Toribio Medina,,present,probable,,2026-07-03T03:05:00Z,,,Cerrado,401,"{""type"": ""LineString"", ""coordinates"": [[-99.1370845491, 19.4060652118], [-99.1372481638, 19.4047174414]]}","{""id"": ""TTI-0e6b35d1-b793-45b4-b4a5-22dc2fb82b8b-TTR24499411132022000"", ""iconCategory"": 8, ""magnitudeOfDelay"": 4, ""startTime"": ""2026-07-03T03:05:00Z"", ""endTime"": null, ""from"": ""Calle Juan Hernández y Dávalos"", ""to"": ""Calle José Toribio Medina"", ""length"": 150.8444190373, ""delay"": null, ""roadNumbers"": [], ""timeValidity"": ""present"", ""probabilityOfOccurrence"": ""probable"", ""numberOfReports"": null, ""lastReportTime"": null, ""events"": [{""code"": 401, ""description"": ""Cerrado"", ""iconCategory"": 8}]}"
tomtom,tomtom_cdmx_incidents,2026-07-04T07:19:02Z,2026-07-04,20260704T071858Z,2026-07-04T07:18:59.171667,TTI-0e6b35d1-b793-45b4-b4a5-22dc2fb82b8b-TTR24516722060013000,Feature,LineString,19.2856153139,-99.1359513158,9,Road works,0,,77.5432548596,Puente,Calle Belisario Domínguez,,present,probable,,2026-07-03T03:24:00Z,,,Obras | Nuevo trazado de carretera por obras,"701,810","{""type"": ""LineString"", ""coordinates"": [[-99.136582976, 19.2858875499], [-99.1359513158, 19.2856153139], [-99.1359097415, 19.2856005193]]}","{""id"": ""TTI-0e6b35d1-b793-45b4-b4a5-22dc2fb82b8b-TTR24516722060013000"", ""iconCategory"": 9, ""magnitudeOfDelay"": 0, ""startTime"": ""2026-07-03T03:24:00Z"", ""endTime"": null, ""from"": ""Puente"", ""to"": ""Calle Belisario Domínguez"", ""length"": 77.5432548596, ""delay"": null, ""roadNumbers"": [], ""timeValidity"": ""present"", ""probabilityOfOccurrence"": ""probable"", ""numberOfReports"": null, ""lastReportTime"": null, ""events"": [{""code"": 701, ""description"": ""Obras"", ""iconCategory"": 9}, {""code"": 810, ""description"": ""Nuevo trazado de carretera por obras"", ""iconCategory"": 9}]}"
tomtom,tomtom_cdmx_incidents,2026-07-04T07:19:02Z,2026-07-04,20260704T071858Z,2026-07-04T07:18:59.171685,TTI-0e6b35d1-b793-45b4-b4a5-22dc2fb82b8b-TTR24499411092022002,Feature,LineString,19.4100000713,-99.1372736448,8,Road closed,4,,177.903119167,Calle 5 de Febrero,Calzada San Antonio Abad,,present,probable,,2026-07-04T06:30:00Z,,,Cerrado,401,"{""type"": ""LineString"", ""coordinates"": [[-99.1373447234, 19.4100040241], [-99.1372736448, 19.4100000713], [-99.1356509084, 19.4099169053]]}","{""id"": ""TTI-0e6b35d1-b793-45b4-b4a5-22dc2fb82b8b-TTR24499411092022002"", ""iconCategory"": 8, ""magnitudeOfDelay"": 4, ""startTime"": ""2026-07-04T06:30:00Z"", ""endTime"": null, ""from"": ""Calle 5 de Febrero"", ""to"": ""Calzada San Antonio Abad"", ""length"": 177.903119167, ""delay"": null, ""roadNumbers"": [], ""timeValidity"": ""present"", ""probabilityOfOccurrence"": ""probable"", ""numberOfReports"": null, ""lastReportTime"": null, ""events"": [{""code"": 401, ""description"": ""Cerrado"", ""iconCategory"": 8}]}"
tomtom,tomtom_cdmx_incidents,2026-07-04T07:19:02Z,2026-07-04,20260704T071858Z,2026-07-04T07:18:59.171704,TTI-0e6b35d1-b793-45b4-b4a5-22dc2fb82b8b-TTR24505181672011000,Feature,LineString,19.3771939368,-99.1359016949,8,Road closed,4,,124.7846032759,Avenida Presidente Plutarco Elias Calles (Eje 6 S),Cumbres de Maltrata/Calzada de Tlalpan (Eje 6 S),,present,probable,,2026-07-03T15:49:30Z,,,Cerrado,401,"{""type"": ""LineString"", ""coordinates"": [[-99.135594582, 19.377240905], [-99.1356817538, 19.3772274629], [-99.1357286924, 19.3772193977], [-99.1357447857, 19.3772180535], [-99.1358587796, 19.3772006579], [-99.1359016949, 19.3771939368], [-99.136416679, 19.3771241961], [-99.1365253085, 19.3771094098], [-99.1366701478, 19.3770893257], [-99.1367707306, 19.3770732743]]}","{""id"": ""TTI-0e6b35d1-b793-45b4-b4a5-22dc2fb82b8b-TTR24505181672011000"", ""iconCategory"": 8, ""magnitudeOfDelay"": 4, ""startTime"": ""2026-07-03T15:49:30Z"", ""endTime"": null, ""from"": ""Avenida Presidente Plutarco Elias Calles (Eje 6 S)"", ""to"": ""Cumbres de Maltrata/Calzada de Tlalpan (Eje 6 S)"", ""length"": 124.7846032759, ""delay"": null, ""roadNumbers"": [], ""timeValidity"": ""present"", ""probabilityOfOccurrence"": ""probable"", ""numberOfReports"": null, ""lastReportTime"": null, ""events"": [{""code"": 401, ""description"": ""Cerrado"", ""iconCategory"": 8}]}"
tomtom,tomtom_cdmx_incidents,2026-07-04T07:19:02Z,2026-07-04,20260704T071858Z,2026-07-04T07:18:59.171726,TTI-0e6b35d1-b793-45b4-b4a5-22dc2fb82b8b-TTR24499411236022000,Feature,LineString,19.4103943189,-99.1369397098,8,Road closed,4,,182.3412835839,Calle 5 de Febrero,Calzada San Antonio Abad,,present,certain,1.0,2026-07-04T06:13:00Z,,2026-01-29T23:18:30Z,Cerrado,401,"{""type"": ""LineString"", ""coordinates"": [[-99.1372843737, 19.4104184306], [-99.1369397098, 19.4103943189], [-99.1355503255, 19.4102991367]]}","{""id"": ""TTI-0e6b35d1-b793-45b4-b4a5-22dc2fb82b8b-TTR24499411236022000"", ""iconCategory"": 8, ""magnitudeOfDelay"": 4, ""startTime"": ""2026-07-04T06:13:00Z"", ""endTime"": null, ""from"": ""Calle 5 de Febrero"", ""to"": ""Calzada San Antonio Abad"", ""length"": 182.3412835839, ""delay"": null, ""roadNumbers"": [], ""timeValidity"": ""present"", ""probabilityOfOccurrence"": ""certain"", ""numberOfReports"": 1, ""lastReportTime"": ""2026-01-29T23:18:30Z"", ""events"": [{""code"": 401, ""description"": ""Cerrado"", ""iconCategory"": 8}]}"
tomtom,tomtom_cdmx_incidents,2026-07-04T07:19:02Z,2026-07-04,20260704T071858Z,2026-07-04T07:18:59.171742,TTI-0e6b35d1-b793-45b4-b4a5-22dc2fb82b8b-TTR24513836876023000,Feature,LineString,19.3093286848,-99.1351037377,8,Road closed,4,,212.307636187,Calzada Del Hueso / Calle Santa Rosa,Calle Mar de la Tranquilidad,,present,probable,,2026-05-12T17:08:30Z,,,Cerrado,401,"{""type"": ""LineString"", ""coordinates"": [[-99.1369558031, 19.310097099], [-99.1351037377, 19.3093286848]]}","{""id"": ""TTI-0e6b35d1-b793-45b4-b4a5-22dc2fb82b8b-TTR24513836876023000"", ""iconCategory"": 8, ""magnitudeOfDelay"": 4, ""startTime"": ""2026-05-12T17:08:30Z"", ""endTime"": null, ""from"": ""Calzada Del Hueso / Calle Santa Rosa"", ""to"": ""Calle Mar de la Tranquilidad"", ""length"": 212.307636187, ""delay"": null, ""roadNumbers"": [], ""timeValidity"": ""present"", ""probabilityOfOccurrence"": ""probable"", ""numberOfReports"": null, ""lastReportTime"": null, ""events"": [{""code"": 401, ""description"": ""Cerrado"", ""iconCategory"": 8}]}"
tomtom,tomtom_cdmx_incidents,2026-07-04T07:19:02Z,2026-07-04,20260704T071858Z,2026-07-04T07:18:59.171757,TTI-0e6b35d1-b793-45b4-b4a5-22dc2fb82b8b-TTR24513836948023000,Feature,LineString,19.310097099,-99.1369558031,8,Road closed,4,,212.307636187,Calle Mar de la Tranquilidad,Calzada Del Hueso / Calle Santa Rosa,,present,probable,,2026-05-12T14:15:00Z,,,Cerrado,401,"{""type"": ""LineString"", ""coordinates"": [[-99.1351037377, 19.3093286848], [-99.1369558031, 19.310097099]]}","{""id"": ""TTI-0e6b35d1-b793-45b4-b4a5-22dc2fb82b8b-TTR24513836948023000"", ""iconCategory"": 8, ""magnitudeOfDelay"": 4, ""startTime"": ""2026-05-12T14:15:00Z"", ""endTime"": null, ""from"": ""Calle Mar de la Tranquilidad"", ""to"": ""Calzada Del Hueso / Calle Santa Rosa"", ""length"": 212.307636187, ""delay"": null, ""roadNumbers"": [], ""timeValidity"": ""present"", ""probabilityOfOccurrence"": ""probable"", ""numberOfReports"": null, ""lastReportTime"": null, ""events"": [{""code"": 401, ""description"": ""Cerrado"", ""iconCategory"": 8}]}"
tomtom,tomtom_cdmx_incidents,2026-07-04T07:19:02Z,2026-07-04,20260704T071858Z,2026-07-04T07:18:59.171792,TTI-0e6b35d1-b793-45b4-b4a5-22dc2fb82b8b-TTR24496526056023000,Feature,LineString,19.4319646139,-99.1343621069,8,Road closed,4,,212.450822688,Calle Venustiano Carranza,Calle Palma,,present,certain,,2026-06-14T01:05:00Z,,,Cerrado,401,"{""type"": ""LineString"", ""coordinates"": [[-99.1345015818, 19.4310647692], [-99.1344425732, 19.4314282173], [-99.1343621069, 19.4319646139], [-99.1345096284, 19.4319941765], [-99.1354135329, 19.432100096]]}","{""id"": ""TTI-0e6b35d1-b793-45b4-b4a5-22dc2fb82b8b-TTR24496526056023000"", ""iconCategory"": 8, ""magnitudeOfDelay"": 4, ""startTime"": ""2026-06-14T01:05:00Z"", ""endTime"": null, ""from"": ""Calle Venustiano Carranza"", ""to"": ""Calle Palma"", ""length"": 212.450822688, ""delay"": null, ""roadNumbers"": [], ""timeValidity"": ""present"", ""probabilityOfOccurrence"": ""certain"", ""numberOfReports"": null, ""lastReportTime"": null, ""events"": [{""code"": 401, ""description"": ""Cerrado"", ""iconCategory"": 8}]}"
tomtom,tomtom_cdmx_incidents,2026-07-04T07:19:02Z,2026-07-04,20260704T071858Z,2026-07-04T07:18:59.171827,TTI-0e6b35d1-b793-45b4-b4a5-22dc2fb82b8b-TTR24502296280011000,Feature,LineString,19.3832705155,-99.1428392285,8,Road closed,4,,2261.5596035316,Avenida Universidad (Eje 5 S),Avenida Presidente Plutarco Elias Calles (Eje 5 S),,present,certain,4.0,2026-07-04T03:16:00Z,,2025-07-08T01:30:00Z,Cerrado,401,"{""type"": ""LineString"", ""coordinates"": [[-99.1556092257, 19.384820797], [-99.1554737741, 19.3847939932], [-99.15539599, 19.3847792076], [-99.1552176231, 19.3847577803], [-99.1549306268, 19.3847323206], [-99.1542721445, 19.3846746014], [-99.1541487628, 19.3846678806], [-99.1539636904, 19.3846504858], [-99.1536606008, 19.3846236819], [-99.1530235762, 19.3845713392], [-99.1528948301, 19.384559321], [-99.1525608951, 19.384532438], [-99.1524576301, 19.3845270614], [-99.1524026448, 19.3845257173], [-99.1523114497, 19.3845177315], [-99.1521840447, 19.3845083224], [-99.1516905183, 19.3844721095], [-99.1513619477, 19.384439929], [-99.1511822397, 19.3844332083], [-99.1505841071, 19.3843916187], [-99.149916237, 19.3843460758], [-99.1490901166, 19.3842548317], [-99.1488943154, 19.3842226512], [-99.1484893018, 19.3841569459], [-99.1482693607, 19.3841207329], [-99.1481258625, 19.3840966173], [-99.147978341, 19.3840725016], [-99.1478576416, 19.3840536835], [-99.1474472636, 19.3840000755], [-99.1471750194, 19.3839625183], [-99.1469819004, 19.3839356353], [-99.1467270905, 19.3839047988], [-99.1461289579, 19.3838136336], [-99.1458956057, 19.383773388], [-99.1455603296, 19.3837130592], [-99.1454449946, 19.3836942411], [-99.1453001553, 19.3836781903], [-99.1451499516, 19.3836500421], [-99.1449554914, 19.383623159], [-99.1444887871, 19.3835279611], [-99.1443023736, 19.3834971246], [-99.1439094299, 19.383431419], [-99.1438396925, 19.3834206658], [-99.1437136287, 19.3834019267], [-99.143358236, 19.3833468953], [-99.143307274, 19.3833402535], [-99.1428392285, 19.3832705155], [-99.1426675672, 19.3832436323], [-99.1425589377, 19.3832329581], [-99.1421686763, 19.3831913682], [-99.1419661695, 19.38316322], [-99.1417059952, 19.3831243184], [-99.1416496688, 19.3831135651], [-99.1416121179, 19.3831068443], [-99.1415410394, 19.3830961701], [-99.1414753253, 19.3830854169], [-99.1413787657, 19.3830665986], [-99.1412687952, 19.3830492036], [-99.1408570761, 19.3829767771], [-99.1403139287, 19.3828802347], [-99.1402066404, 19.3828319239], [-99.1400229091, 19.3828091522], [-99.1399907226, 19.3828051198], [-99.1398056501, 19.3827715948], [-99.1395562047, 19.3827179864], [-99.139406001, 19.3826924473], [-99.1392155642, 19.3826589223], [-99.1390921825, 19.3826656431], [-99.1388856524, 19.3826415272], [-99.1385597641, 19.3826026256], [-99.1383612806, 19.3825797748], [-99.1380863542, 19.3825449056], [-99.137815451, 19.3825113805], [-99.1376652473, 19.3824953296], [-99.1374654228, 19.3824698696], [-99.137276327, 19.3824523954], [-99.1367412263, 19.3823786245], [-99.136210149, 19.3822646866], [-99.1356871182, 19.3821895714], [-99.1353464776, 19.3821560463], [-99.1351265365, 19.3821158003], [-99.1349428052, 19.3820916844], [-99.1348985487, 19.3820863077], [-99.1347429806, 19.3820661452], [-99.1346866542, 19.3820595034], [-99.1346517855, 19.3820541267], [-99.1346021646, 19.3820474059], [-99.134543156, 19.3820393409], [-99.1344479376, 19.3820232899], [-99.1344291622, 19.3820206016], [-99.1343446726, 19.3820098482], [-99.1342843229, 19.3820031274]]}","{""id"": ""TTI-0e6b35d1-b793-45b4-b4a5-22dc2fb82b8b-TTR24502296280011000"", ""iconCategory"": 8, ""magnitudeOfDelay"": 4, ""startTime"": ""2026-07-04T03:16:00Z"", ""endTime"": null, ""from"": ""Avenida Universidad (Eje 5 S)"", ""to"": ""Avenida Presidente Plutarco Elias Calles (Eje 5 S)"", ""length"": 2261.5596035316, ""delay"": null, ""roadNumbers"": [], ""timeValidity"": ""present"", ""probabilityOfOccurrence"": ""certain"", ""numberOfReports"": 4, ""lastReportTime"": ""2025-07-08T01:30:00Z"", ""events"": [{""code"": 401, ""description"": ""Cerrado"", ""iconCategory"": 8}]}"
tomtom,tomtom_cdmx_incidents,2026-07-04T07:19:02Z,2026-07-04,20260704T071858Z,2026-07-04T07:18:59.171987,TTI-0e6b35d1-b793-45b4-b4a5-22dc2fb82b8b-TTR24496526128013001,Feature,LineString,19.435161852,-99.1340093965,8,Road closed,4,,111.4796152968,Calle Monte de Piedad / Calle República de Brasil,Calle Palma,,present,probable,,2026-06-19T16:04:00Z,,,Cerrado,401,"{""type"": ""LineString"", ""coordinates"": [[-99.1338927204, 19.4351484147], [-99.1339450234, 19.4351537896], [-99.1340093965, 19.435161852], [-99.1341609413, 19.4351832726], [-99.1349468285, 19.4352785193]]}","{""id"": ""TTI-0e6b35d1-b793-45b4-b4a5-22dc2fb82b8b-TTR24496526128013001"", ""iconCategory"": 8, ""magnitudeOfDelay"": 4, ""startTime"": ""2026-06-19T16:04:00Z"", ""endTime"": null, ""from"": ""Calle Monte de Piedad / Calle República de Brasil"", ""to"": ""Calle Palma"", ""length"": 111.4796152968, ""delay"": null, ""roadNumbers"": [], ""timeValidity"": ""present"", ""probabilityOfOccurrence"": ""probable"", ""numberOfReports"": null, ""lastReportTime"": null, ""events"": [{""code"": 401, ""description"": ""Cerrado"", ""iconCategory"": 8}]}"
tomtom,tomtom_cdmx_incidents,2026-07-04T07:19:02Z,2026-07-04,20260704T071858Z,2026-07-04T07:18:59.172012,TTI-0e6b35d1-b793-45b4-b4a5-22dc2fb82b8b-TTR24496526032037000,Feature,LineString,19.4353428601,-99.1338712627,8,Road closed,4,,346.8163485143,Calle Palma,Calle República de Cuba / Calle Luis González Obregón,,present,probable,,2026-05-25T14:42:30Z,,,Cerrado,401,"{""type"": ""LineString"", ""coordinates"": [[-99.1351091022, 19.4340956387], [-99.1339758688, 19.4339656122], [-99.1339061314, 19.4350142788], [-99.1338927204, 19.4351484147], [-99.1338712627, 19.4353428601], [-99.1338658983, 19.4354192945], [-99.1338538283, 19.4355024475], [-99.1337921375, 19.4360000208]]}","{""id"": ""TTI-0e6b35d1-b793-45b4-b4a5-22dc2fb82b8b-TTR24496526032037000"", ""iconCategory"": 8, ""magnitudeOfDelay"": 4, ""startTime"": ""2026-05-25T14:42:30Z"", ""endTime"": null, ""from"": ""Calle Palma"", ""to"": ""Calle República de Cuba / Calle Luis González Obregón"", ""length"": 346.8163485143, ""delay"": null, ""roadNumbers"": [], ""timeValidity"": ""present"", ""probabilityOfOccurrence"": ""probable"", ""numberOfReports"": null, ""lastReportTime"": null, ""events"": [{""code"": 401, ""description"": ""Cerrado"", ""iconCategory"": 8}]}"
tomtom,tomtom_cdmx_incidents,2026-07-04T07:19:02Z,2026-07-04,20260704T071858Z,2026-07-04T07:18:59.172034,TTI-0e6b35d1-b793-45b4-b4a5-22dc2fb82b8b-TTR24496526020013002,Feature,LineString,19.4305980874,-99.1336325461,8,Road closed,4,,93.8721352432,Calle José María Izazaga (20 de Noviembre/Calle Veinte de Noviembre),Circuito del Zocalo/Avenida Plaza de la Constitución (20 de Noviembre/Calle Veinte de Noviembre),,present,certain,,2026-07-03T22:06:30Z,2026-07-20T03:00:00Z,,Cerrado | Encuentro deportivo,"401,1502","{""type"": ""LineString"", ""coordinates"": [[-99.1337291056, 19.4301072164], [-99.1336325461, 19.4305980874], [-99.1335842663, 19.4309400363]]}","{""id"": ""TTI-0e6b35d1-b793-45b4-b4a5-22dc2fb82b8b-TTR24496526020013002"", ""iconCategory"": 8, ""magnitudeOfDelay"": 4, ""startTime"": ""2026-07-03T22:06:30Z"", ""endTime"": ""2026-07-20T03:00:00Z"", ""from"": ""Calle José María Izazaga (20 de Noviembre/Calle Veinte de Noviembre)"", ""to"": ""Circuito del Zocalo/Avenida Plaza de la Constitución (20 de Noviembre/Calle Veinte de Noviembre)"", ""length"": 93.8721352432, ""delay"": null, ""roadNumbers"": [], ""timeValidity"": ""present"", ""probabilityOfOccurrence"": ""certain"", ""numberOfReports"": null, ""lastReportTime"": null, ""events"": [{""code"": 401, ""description"": ""Cerrado"", ""iconCategory"": 8}, {""code"": 1502, ""description"": ""Encuentro deportivo"", ""iconCategory"": 0}]}"
tomtom,tomtom_cdmx_incidents,2026-07-04T07:19:02Z,2026-07-04,20260704T071858Z,2026-07-04T07:18:59.172053,TTI-0e6b35d1-b793-45b4-b4a5-22dc2fb82b8b-TTR24505181676011000,Feature,LineString,19.3774192102,-99.1338886971,8,Road closed,4,,399.1969440508,Eje 1 Oriente (Eje 6 S),Avenida Presidente Plutarco Elias Calles (Eje 6 S),,present,probable,,2026-07-03T15:55:00Z,,,Cerrado,401,"{""type"": ""LineString"", ""coordinates"": [[-99.1315672451, 19.3771966252], [-99.1317952329, 19.3772167093], [-99.1320218796, 19.3772355282], [-99.1324523741, 19.3772837615], [-99.1329029852, 19.3773280413], [-99.1330236846, 19.3773401392], [-99.1330652589, 19.3773441718], [-99.1333428675, 19.3773709769], [-99.133849805, 19.3774165218], [-99.1338886971, 19.3774192102], [-99.134144848, 19.3774366849], [-99.1342279965, 19.3774326522], [-99.1343808824, 19.3774125682], [-99.1344586665, 19.3774031588], [-99.1347429806, 19.3773709769], [-99.1348905021, 19.3773535022], [-99.1350232715, 19.3773293855], [-99.1351506764, 19.3773093015], [-99.1353478188, 19.3772784638]]}","{""id"": ""TTI-0e6b35d1-b793-45b4-b4a5-22dc2fb82b8b-TTR24505181676011000"", ""iconCategory"": 8, ""magnitudeOfDelay"": 4, ""startTime"": ""2026-07-03T15:55:00Z"", ""endTime"": null, ""from"": ""Eje 1 Oriente (Eje 6 S)"", ""to"": ""Avenida Presidente Plutarco Elias Calles (Eje 6 S)"", ""length"": 399.1969440508, ""delay"": null, ""roadNumbers"": [], ""timeValidity"": ""present"", ""probabilityOfOccurrence"": ""probable"", ""numberOfReports"": null, ""lastReportTime"": null, ""events"": [{""code"": 401, ""description"": ""Cerrado"", ""iconCategory"": 8}]}"
tomtom,tomtom_cdmx_incidents,2026-07-04T07:19:02Z,2026-07-04,20260704T071858Z,2026-07-04T07:18:59.172084,TTI-0e6b35d1-b793-45b4-b4a5-22dc2fb82b8b-TTR24499411600015001,Feature,LineString,19.4316723072,-99.1320513839,8,Road closed,4,,119.5521784463,Calle Venustiano Carranza / Calle Maestro Erasmo Castellanos Quinto,Centro,,present,certain,,2025-07-31T17:19:30Z,,,Cerrado,401,"{""type"": ""LineString"", ""coordinates"": [[-99.1310871297, 19.4315569811], [-99.1320513839, 19.4316723072], [-99.1322190219, 19.431684322]]}","{""id"": ""TTI-0e6b35d1-b793-45b4-b4a5-22dc2fb82b8b-TTR24499411600015001"", ""iconCategory"": 8, ""magnitudeOfDelay"": 4, ""startTime"": ""2025-07-31T17:19:30Z"", ""endTime"": null, ""from"": ""Calle Venustiano Carranza / Calle Maestro Erasmo Castellanos Quinto"", ""to"": ""Centro"", ""length"": 119.5521784463, ""delay"": null, ""roadNumbers"": [], ""timeValidity"": ""present"", ""probabilityOfOccurrence"": ""certain"", ""numberOfReports"": null, ""lastReportTime"": null, ""events"": [{""code"": 401, ""description"": ""Cerrado"", ""iconCategory"": 8}]}"
tomtom,tomtom_cdmx_incidents,2026-07-04T07:19:02Z,2026-07-04,20260704T071858Z,2026-07-04T07:18:59.172100,TTI-0e6b35d1-b793-45b4-b4a5-22dc2fb82b8b-TTR24496526056015000,Feature,LineString,19.4316723072,-99.1320513839,8,Road closed,4,,119.5521784463,Centro,Calle Correo Mayor,,present,certain,,2025-07-31T17:19:30Z,,,Cerrado,401,"{""type"": ""LineString"", ""coordinates"": [[-99.1322190219, 19.431684322], [-99.1320513839, 19.4316723072], [-99.1310871297, 19.4315569811]]}","{""id"": ""TTI-0e6b35d1-b793-45b4-b4a5-22dc2fb82b8b-TTR24496526056015000"", ""iconCategory"": 8, ""magnitudeOfDelay"": 4, ""startTime"": ""2025-07-31T17:19:30Z"", ""endTime"": null, ""from"": ""Centro"", ""to"": ""Calle Correo Mayor"", ""length"": 119.5521784463, ""delay"": null, ""roadNumbers"": [], ""timeValidity"": ""present"", ""probabilityOfOccurrence"": ""certain"", ""numberOfReports"": null, ""lastReportTime"": null, ""events"": [{""code"": 401, ""description"": ""Cerrado"", ""iconCategory"": 8}]}"
tomtom,tomtom_cdmx_incidents,2026-07-04T07:19:02Z,2026-07-04,20260704T071858Z,2026-07-04T07:18:59.172115,TTI-0e6b35d1-b793-45b4-b4a5-22dc2fb82b8b-TTR24502296532038000,Feature,LineString,19.4077295125,-99.1305949444,8,Road closed,4,,235.2778203755,Calle Gumersindo Esquer,Eje Vial 3 Sur,,present,probable,,2026-06-20T19:52:01Z,,,Cerrado,401,"{""type"": ""LineString"", ""coordinates"": [[-99.1307505125, 19.4066405881], [-99.1307303959, 19.40678542], [-99.1307089383, 19.4069302519], [-99.1305949444, 19.4077295125], [-99.1304729039, 19.4086871181], [-99.1304661983, 19.408739374]]}","{""id"": ""TTI-0e6b35d1-b793-45b4-b4a5-22dc2fb82b8b-TTR24502296532038000"", ""iconCategory"": 8, ""magnitudeOfDelay"": 4, ""startTime"": ""2026-06-20T19:52:01Z"", ""endTime"": null, ""from"": ""Calle Gumersindo Esquer"", ""to"": ""Eje Vial 3 Sur"", ""length"": 235.2778203755, ""delay"": null, ""roadNumbers"": [], ""timeValidity"": ""present"", ""probabilityOfOccurrence"": ""probable"", ""numberOfReports"": null, ""lastReportTime"": null, ""events"": [{""code"": 401, ""description"": ""Cerrado"", ""iconCategory"": 8}]}"
tomtom,tomtom_cdmx_incidents,2026-07-04T07:19:02Z,2026-07-04,20260704T071858Z,2026-07-04T07:18:59.172134,TTI-0e6b35d1-b793-45b4-b4a5-22dc2fb82b8b-TTR24490755836005000,Feature,LineString,19.476450432,-99.1307143027,8,Road closed,4,,88.8675492359,Avenida Insurgentes N,Avenida Real del Monte,,present,probable,,2026-07-01T14:34:00Z,,,Cerrado,401,"{""type"": ""LineString"", ""coordinates"": [[-99.1311085874, 19.4765885638], [-99.1309597248, 19.4765308772], [-99.1307143027, 19.476450432], [-99.1305185014, 19.476384685], [-99.1303133124, 19.4763123001]]}","{""id"": ""TTI-0e6b35d1-b793-45b4-b4a5-22dc2fb82b8b-TTR24490755836005000"", ""iconCategory"": 8, ""magnitudeOfDelay"": 4, ""startTime"": ""2026-07-01T14:34:00Z"", ""endTime"": null, ""from"": ""Avenida Insurgentes N"", ""to"": ""Avenida Real del Monte"", ""length"": 88.8675492359, ""delay"": null, ""roadNumbers"": [], ""timeValidity"": ""present"", ""probabilityOfOccurrence"": ""probable"", ""numberOfReports"": null, ""lastReportTime"": null, ""events"": [{""code"": 401, ""description"": ""Cerrado"", ""iconCategory"": 8}]}"
tomtom,tomtom_cdmx_incidents,2026-07-04T07:19:02Z,2026-07-04,20260704T071858Z,2026-07-04T07:18:59.172152,TTI-0e6b35d1-b793-45b4-b4a5-22dc2fb82b8b-TTR24499411600015002,Feature,LineString,19.433486766,-99.1309302205,8,Road closed,4,,108.8465278333,Calle Correo Mayor,Calle Licenciado Primo Verdad,,present,certain,,2026-05-12T16:46:00Z,,,Cerrado,401,"{""type"": ""LineString"", ""coordinates"": [[-99.1299015933, 19.4333553953], [-99.1309302205, 19.433486766]]}","{""id"": ""TTI-0e6b35d1-b793-45b4-b4a5-22dc2fb82b8b-TTR24499411600015002"", ""iconCategory"": 8, ""magnitudeOfDelay"": 4, ""startTime"": ""2026-05-12T16:46:00Z"", ""endTime"": null, ""from"": ""Calle Correo Mayor"", ""to"": ""Calle Licenciado Primo Verdad"", ""length"": 108.8465278333, ""delay"": null, ""roadNumbers"": [], ""timeValidity"": ""present"", ""probabilityOfOccurrence"": ""certain"", ""numberOfReports"": null, ""lastReportTime"": null, ""events"": [{""code"": 401, ""description"": ""Cerrado"", ""iconCategory"": 8}]}"
tomtom,tomtom_cdmx_incidents,2026-07-04T07:19:02Z,2026-07-04,20260704T071858Z,2026-07-04T07:18:59.172167,TTI-0e6b35d1-b793-45b4-b4a5-22dc2fb82b8b-TTR24499411528015001,Feature,LineString,19.4333553953,-99.1299015933,8,Road closed,4,,108.8465278333,Calle Licenciado Primo Verdad,Calle Correo Mayor,,present,certain,,2026-06-30T09:26:32Z,,,Cerrado,401,"{""type"": ""LineString"", ""coordinates"": [[-99.1309302205, 19.433486766], [-99.1299015933, 19.4333553953]]}","{""id"": ""TTI-0e6b35d1-b793-45b4-b4a5-22dc2fb82b8b-TTR24499411528015001"", ""iconCategory"": 8, ""magnitudeOfDelay"": 4, ""startTime"": ""2026-06-30T09:26:32Z"", ""endTime"": null, ""from"": ""Calle Licenciado Primo Verdad"", ""to"": ""Calle Correo Mayor"", ""length"": 108.8465278333, ""delay"": null, ""roadNumbers"": [], ""timeValidity"": ""present"", ""probabilityOfOccurrence"": ""certain"", ""numberOfReports"": null, ""lastReportTime"": null, ""events"": [{""code"": 401, ""description"": ""Cerrado"", ""iconCategory"": 8}]}"
tomtom,tomtom_cdmx_incidents,2026-07-04T07:19:02Z,2026-07-04,20260704T071858Z,2026-07-04T07:18:59.172182,TTI-0e6b35d1-b793-45b4-b4a5-22dc2fb82b8b-TTR24508067152003000,Feature,LineString,19.3770490785,-99.1302087063,8,Road closed,4,,121.0000806236,Eje 1 Oriente (Eje 6 S),Avenida Presidente Plutarco Elias Calles (Eje 6 S),,present,probable,,2026-07-03T15:49:30Z,,,Cerrado,401,"{""type"": ""LineString"", ""coordinates"": [[-99.1297111565, 19.3769954683], [-99.129807716, 19.3770048777], [-99.1299042756, 19.3770155523], [-99.1301108057, 19.3770370597], [-99.1302087063, 19.3770490785], [-99.1304273063, 19.3770692417], [-99.1305721456, 19.3770866373], [-99.1308578009, 19.3771134424]]}","{""id"": ""TTI-0e6b35d1-b793-45b4-b4a5-22dc2fb82b8b-TTR24508067152003000"", ""iconCategory"": 8, ""magnitudeOfDelay"": 4, ""startTime"": ""2026-07-03T15:49:30Z"", ""endTime"": null, ""from"": ""Eje 1 Oriente (Eje 6 S)"", ""to"": ""Avenida Presidente Plutarco Elias Calles (Eje 6 S)"", ""length"": 121.0000806236, ""delay"": null, ""roadNumbers"": [], ""timeValidity"": ""present"", ""probabilityOfOccurrence"": ""probable"", ""numberOfReports"": null, ""lastReportTime"": null, ""events"": [{""code"": 401, ""description"": ""Cerrado"", ""iconCategory"": 8}]}"
tomtom,tomtom_cdmx_incidents,2026-07-04T07:19:02Z,2026-07-04,20260704T071858Z,2026-07-04T07:18:59.172204,TTI-0e6b35d1-b793-45b4-b4a5-22dc2fb82b8b-TTR24522492712030000,Feature,LineString,19.2718474629,-99.1278429979,8,Road closed,4,,307.5422866846,Calle Emiliano Zapata,Calle Durazno / Calle Ejido,,present,probable,,2026-06-24T19:14:00Z,,,Cerrado,401,"{""type"": ""LineString"", ""coordinates"": [[-99.1287898177, 19.2719829198], [-99.1282882446, 19.2718958065], [-99.1280562335, 19.2718622587], [-99.1279838139, 19.2718541883], [-99.1279140765, 19.271848808], [-99.1278429979, 19.2718474629], [-99.1270074898, 19.2718582235], [-99.1261599118, 19.2718609136], [-99.1260687167, 19.2718582235], [-99.1259721571, 19.2718514981], [-99.1258729154, 19.2718394715]]}","{""id"": ""TTI-0e6b35d1-b793-45b4-b4a5-22dc2fb82b8b-TTR24522492712030000"", ""iconCategory"": 8, ""magnitudeOfDelay"": 4, ""startTime"": ""2026-06-24T19:14:00Z"", ""endTime"": null, ""from"": ""Calle Emiliano Zapata"", ""to"": ""Calle Durazno / Calle Ejido"", ""length"": 307.5422866846, ""delay"": null, ""roadNumbers"": [], ""timeValidity"": ""present"", ""probabilityOfOccurrence"": ""probable"", ""numberOfReports"": null, ""lastReportTime"": null, ""events"": [{""code"": 401, ""description"": ""Cerrado"", ""iconCategory"": 8}]}"
tomtom,tomtom_cdmx_incidents,2026-07-04T07:19:02Z,2026-07-04,20260704T071858Z,2026-07-04T07:18:59.172227,TTI-0e6b35d1-b793-45b4-b4a5-22dc2fb82b8b-TTR24522492780030000,Feature,LineString,19.2718474629,-99.1278429979,8,Road closed,4,,254.0115355256,Calle Durazno / Calle Ejido,Calle Lázaro Cárdenas,,present,probable,,2026-06-24T20:27:30Z,,,Cerrado,401,"{""type"": ""LineString"", ""coordinates"": [[-99.1258729154, 19.2718394715], [-99.1259721571, 19.2718514981], [-99.1260687167, 19.2718582235], [-99.1261599118, 19.2718609136], [-99.1270074898, 19.2718582235], [-99.1278429979, 19.2718474629], [-99.1279140765, 19.271848808], [-99.1279838139, 19.2718541883], [-99.1280562335, 19.2718622587], [-99.1282882446, 19.2718958065]]}","{""id"": ""TTI-0e6b35d1-b793-45b4-b4a5-22dc2fb82b8b-TTR24522492780030000"", ""iconCategory"": 8, ""magnitudeOfDelay"": 4, ""startTime"": ""2026-06-24T20:27:30Z"", ""endTime"": null, ""from"": ""Calle Durazno / Calle Ejido"", ""to"": ""Calle Lázaro Cárdenas"", ""length"": 254.0115355256, ""delay"": null, ""roadNumbers"": [], ""timeValidity"": ""present"", ""probabilityOfOccurrence"": ""probable"", ""numberOfReports"": null, ""lastReportTime"": null, ""events"": [{""code"": 401, ""description"": ""Cerrado"", ""iconCategory"": 8}]}"
tomtom,tomtom_cdmx_incidents,2026-07-04T07:19:02Z,2026-07-04,20260704T071858Z,2026-07-04T07:18:59.172249,TTI-0e6b35d1-b793-45b4-b4a5-22dc2fb82b8b-TTR24487871132014000,Feature,LineString,19.5217918627,-99.1244540268,8,Road closed,4,,87.9783667902,Avenida La Presa,Calle Alpino Pentatlón Universitario,,present,probable,,2026-06-18T15:56:30Z,,,Cerrado,401,"{""type"": ""LineString"", ""coordinates"": [[-99.1241469139, 19.5220358955], [-99.1242086047, 19.5219822541], [-99.1242904121, 19.5219232407], [-99.1244540268, 19.5217918627], [-99.1246028894, 19.5216979309], [-99.1248349005, 19.5215906479]]}","{""id"": ""TTI-0e6b35d1-b793-45b4-b4a5-22dc2fb82b8b-TTR24487871132014000"", ""iconCategory"": 8, ""magnitudeOfDelay"": 4, ""startTime"": ""2026-06-18T15:56:30Z"", ""endTime"": null, ""from"": ""Avenida La Presa"", ""to"": ""Calle Alpino Pentatlón Universitario"", ""length"": 87.9783667902, ""delay"": null, ""roadNumbers"": [], ""timeValidity"": ""present"", ""probabilityOfOccurrence"": ""probable"", ""numberOfReports"": null, ""lastReportTime"": null, ""events"": [{""code"": 401, ""description"": ""Cerrado"", ""iconCategory"": 8}]}"
tomtom,tomtom_cdmx_incidents,2026-07-04T07:19:02Z,2026-07-04,20260704T071858Z,2026-07-04T07:18:59.172268,TTI-0e6b35d1-b793-45b4-b4a5-22dc2fb82b8b-TTR24508067152003001,Feature,LineString,19.3762525137,-99.1256610209,8,Road closed,4,,686.6063064263,Eje 2 Oriente (Eje 6 S),Eje 1 Oriente (Eje 6 S),,present,probable,,2026-07-03T15:51:30Z,,,Cerrado,401,"{""type"": ""LineString"", ""coordinates"": [[-99.1226770634, 19.3757026493], [-99.122825926, 19.3757442411], [-99.122890299, 19.3757576042], [-99.1230995113, 19.3757965075], [-99.1231933886, 19.3758126382], [-99.1234401518, 19.3758568393], [-99.1235621923, 19.3758783468], [-99.1236560697, 19.3758917099], [-99.1239859814, 19.375948088], [-99.1240852231, 19.3759654838], [-99.1241616661, 19.3759722049], [-99.1242260391, 19.375985568], [-99.1244540268, 19.3760271597], [-99.1245036477, 19.3760379134], [-99.1245935017, 19.3760593418], [-99.1247986907, 19.3760955567], [-99.124841606, 19.3761009335], [-99.1249019557, 19.376110343], [-99.1250320429, 19.3761384925], [-99.1251406723, 19.3761599209], [-99.1252747828, 19.3761854611], [-99.1254799718, 19.3762216758], [-99.125572508, 19.3762377274], [-99.1256100589, 19.3762457927], [-99.1256610209, 19.3762525137], [-99.1258018369, 19.3762779748], [-99.125931924, 19.37630478], [-99.1260204369, 19.3763209106], [-99.1261357719, 19.3763409948], [-99.1262309903, 19.3763610789], [-99.1263275498, 19.3763798979], [-99.1264053339, 19.376393261], [-99.1265273744, 19.3764134243], [-99.1266306395, 19.3764321642], [-99.126830464, 19.3764697231], [-99.1271804923, 19.3765300546], [-99.1273119205, 19.3765529063], [-99.1274218911, 19.376577023], [-99.1275144273, 19.3765984514], [-99.1275667304, 19.3766078609], [-99.1276243979, 19.3766199588], [-99.1278362924, 19.3766628945], [-99.1279140765, 19.3766762576], [-99.1280522102, 19.3767003743], [-99.1281407231, 19.3767165049], [-99.1282211894, 19.3767339006], [-99.1284035796, 19.3767674268], [-99.1286610717, 19.3768130509], [-99.1290969306, 19.3768962339]]}","{""id"": ""TTI-0e6b35d1-b793-45b4-b4a5-22dc2fb82b8b-TTR24508067152003001"", ""iconCategory"": 8, ""magnitudeOfDelay"": 4, ""startTime"": ""2026-07-03T15:51:30Z"", ""endTime"": null, ""from"": ""Eje 2 Oriente (Eje 6 S)"", ""to"": ""Eje 1 Oriente (Eje 6 S)"", ""length"": 686.6063064263, ""delay"": null, ""roadNumbers"": [], ""timeValidity"": ""present"", ""probabilityOfOccurrence"": ""probable"", ""numberOfReports"": null, ""lastReportTime"": null, ""events"": [{""code"": 401, ""description"": ""Cerrado"", ""iconCategory"": 8}]}"
tomtom,tomtom_cdmx_incidents,2026-07-04T07:19:02Z,2026-07-04,20260704T071858Z,2026-07-04T07:18:59.172321,TTI-0e6b35d1-b793-45b4-b4a5-22dc2fb82b8b-TTR24522493132005000,Feature,LineString,19.2980392885,-99.1198553795,9,Road works,0,,23.7437322051,Calle Candelillas,Calzada de los Tenorios,,present,probable,,2026-06-25T21:50:00Z,,,Obras | Nuevo trazado de carretera por obras,"701,810","{""type"": ""LineString"", ""coordinates"": [[-99.1200619096, 19.2979521099], [-99.1198553795, 19.2980392885]]}","{""id"": ""TTI-0e6b35d1-b793-45b4-b4a5-22dc2fb82b8b-TTR24522493132005000"", ""iconCategory"": 9, ""magnitudeOfDelay"": 0, ""startTime"": ""2026-06-25T21:50:00Z"", ""endTime"": null, ""from"": ""Calle Candelillas"", ""to"": ""Calzada de los Tenorios"", ""length"": 23.7437322051, ""delay"": null, ""roadNumbers"": [], ""timeValidity"": ""present"", ""probabilityOfOccurrence"": ""probable"", ""numberOfReports"": null, ""lastReportTime"": null, ""events"": [{""code"": 701, ""description"": ""Obras"", ""iconCategory"": 9}, {""code"": 810, ""description"": ""Nuevo trazado de carretera por obras"", ""iconCategory"": 9}]}"
tomtom,tomtom_cdmx_incidents,2026-07-04T07:19:02Z,2026-07-04,20260704T071858Z,2026-07-04T07:18:59.172338,TTI-0e6b35d1-b793-45b4-b4a5-22dc2fb82b8b-TTR24508067152011000,Feature,LineString,19.3754277164,-99.1212957257,8,Road closed,4,,297.2190786762,Antropologos (Eje 6 S),Eje 2 Oriente (Eje 6 S),,present,probable,,2026-07-03T15:51:30Z,,,Cerrado,401,"{""type"": ""LineString"", ""coordinates"": [[-99.1196528727, 19.3750978279], [-99.1198325807, 19.3751379965], [-99.1200659329, 19.375188998], [-99.120477652, 19.3752721027], [-99.1208799833, 19.375352598], [-99.1210878545, 19.3753901572], [-99.1211911196, 19.375407553], [-99.1212957257, 19.3754277164], [-99.1215089613, 19.3754732618], [-99.1216001564, 19.3754934252], [-99.1217061037, 19.3755175421], [-99.1220413798, 19.3755819066], [-99.1221956068, 19.3756127446], [-99.1224235946, 19.3756556806]]}","{""id"": ""TTI-0e6b35d1-b793-45b4-b4a5-22dc2fb82b8b-TTR24508067152011000"", ""iconCategory"": 8, ""magnitudeOfDelay"": 4, ""startTime"": ""2026-07-03T15:51:30Z"", ""endTime"": null, ""from"": ""Antropologos (Eje 6 S)"", ""to"": ""Eje 2 Oriente (Eje 6 S)"", ""length"": 297.2190786762, ""delay"": null, ""roadNumbers"": [], ""timeValidity"": ""present"", ""probabilityOfOccurrence"": ""probable"", ""numberOfReports"": null, ""lastReportTime"": null, ""events"": [{""code"": 401, ""description"": ""Cerrado"", ""iconCategory"": 8}]}"
tomtom,tomtom_cdmx_incidents,2026-07-04T07:19:02Z,2026-07-04,20260704T071858Z,2026-07-04T07:18:59.172363,TTI-0e6b35d1-b793-45b4-b4a5-22dc2fb82b8b-TTL24499411672006000,Feature,LineString,19.4459295894,-99.1196153218,6,Jam,3,165.0,182.2675118274,Avenida Ferrocarril de Cintura,Avenida Congreso de la Unión,,present,certain,,2026-07-04T07:15:30Z,2026-07-04T07:37:30Z,,Tráfico parado,101,"{""type"": ""LineString"", ""coordinates"": [[-99.1212326938, 19.4461897022], [-99.1198191697, 19.4459631014], [-99.1196153218, 19.4459295894], [-99.1195187622, 19.445916153]]}","{""id"": ""TTI-0e6b35d1-b793-45b4-b4a5-22dc2fb82b8b-TTL24499411672006000"", ""iconCategory"": 6, ""magnitudeOfDelay"": 3, ""startTime"": ""2026-07-04T07:15:30Z"", ""endTime"": ""2026-07-04T07:37:30Z"", ""from"": ""Avenida Ferrocarril de Cintura"", ""to"": ""Avenida Congreso de la Unión"", ""length"": 182.2675118274, ""delay"": 165, ""roadNumbers"": [], ""timeValidity"": ""present"", ""probabilityOfOccurrence"": ""certain"", ""numberOfReports"": null, ""lastReportTime"": null, ""events"": [{""code"": 101, ""description"": ""Tráfico parado"", ""iconCategory"": 6}]}"
tomtom,tomtom_cdmx_incidents,2026-07-04T07:19:02Z,2026-07-04,20260704T071858Z,2026-07-04T07:18:59.172381,TTI-0e6b35d1-b793-45b4-b4a5-22dc2fb82b8b-TTR24484986060015000,Feature,LineString,19.5450881853,-99.1186644787,8,Road closed,4,,133.5880559743,Calle Alpino Centauros,Calle Sierra Nevada,,present,probable,,2026-07-03T10:31:30Z,,,Cerrado,401,"{""type"": ""LineString"", ""coordinates"": [[-99.1191834861, 19.54588479], [-99.1189487928, 19.5455253902], [-99.1186644787, 19.5450881853], [-99.1185303682, 19.5448534291]]}","{""id"": ""TTI-0e6b35d1-b793-45b4-b4a5-22dc2fb82b8b-TTR24484986060015000"", ""iconCategory"": 8, ""magnitudeOfDelay"": 4, ""startTime"": ""2026-07-03T10:31:30Z"", ""endTime"": null, ""from"": ""Calle Alpino Centauros"", ""to"": ""Calle Sierra Nevada"", ""length"": 133.5880559743, ""delay"": null, ""roadNumbers"": [], ""timeValidity"": ""present"", ""probabilityOfOccurrence"": ""probable"", ""numberOfReports"": null, ""lastReportTime"": null, ""events"": [{""code"": 401, ""description"": ""Cerrado"", ""iconCategory"": 8}]}"
tomtom,tomtom_cdmx_incidents,2026-07-04T07:19:02Z,2026-07-04,20260704T071858Z,2026-07-04T07:18:59.172398,TTI-0e6b35d1-b793-45b4-b4a5-22dc2fb82b8b-TTR24484985988015000,Feature,LineString,19.5455253902,-99.1189487928,8,Road closed,4,,133.5880559743,Calle Sierra Nevada,Calle Alpino Centauros,,present,probable,,2026-07-01T05:13:00Z,,,Cerrado,401,"{""type"": ""LineString"", ""coordinates"": [[-99.1185303682, 19.5448534291], [-99.1186644787, 19.5450881853], [-99.1189487928, 19.5455253902], [-99.1191834861, 19.54588479]]}","{""id"": ""TTI-0e6b35d1-b793-45b4-b4a5-22dc2fb82b8b-TTR24484985988015000"", ""iconCategory"": 8, ""magnitudeOfDelay"": 4, ""startTime"": ""2026-07-01T05:13:00Z"", ""endTime"": null, ""from"": ""Calle Sierra Nevada"", ""to"": ""Calle Alpino Centauros"", ""length"": 133.5880559743, ""delay"": null, ""roadNumbers"": [], ""timeValidity"": ""present"", ""probabilityOfOccurrence"": ""probable"", ""numberOfReports"": null, ""lastReportTime"": null, ""events"": [{""code"": 401, ""description"": ""Cerrado"", ""iconCategory"": 8}]}"
tomtom,tomtom_cdmx_incidents,2026-07-04T07:19:02Z,2026-07-04,20260704T071858Z,2026-07-04T07:18:59.172414,TTI-0e6b35d1-b793-45b4-b4a5-22dc2fb82b8b-TTR24487871252005001,Feature,LineString,19.5336833928,-99.1176465804,8,Road closed,4,,33.1452762672,Calle Asociación de Excursionismo del Distrito Federal / Calle Club Exploradores Leopardos,Calle Club Excursionistas Tonatiuh,,present,probable,,2026-07-04T04:27:00Z,,,Cerrado,401,"{""type"": ""LineString"", ""coordinates"": [[-99.117744481, 19.5338644489], [-99.1176707202, 19.5337477736], [-99.1176465804, 19.5336833928], [-99.1176438981, 19.5336284124], [-99.1176465804, 19.533589547]]}","{""id"": ""TTI-0e6b35d1-b793-45b4-b4a5-22dc2fb82b8b-TTR24487871252005001"", ""iconCategory"": 8, ""magnitudeOfDelay"": 4, ""startTime"": ""2026-07-04T04:27:00Z"", ""endTime"": null, ""from"": ""Calle Asociación de Excursionismo del Distrito Federal / Calle Club Exploradores Leopardos"", ""to"": ""Calle Club Excursionistas Tonatiuh"", ""length"": 33.1452762672, ""delay"": null, ""roadNumbers"": [], ""timeValidity"": ""present"", ""probabilityOfOccurrence"": ""probable"", ""numberOfReports"": null, ""lastReportTime"": null, ""events"": [{""code"": 401, ""description"": ""Cerrado"", ""iconCategory"": 8}]}"
tomtom,tomtom_cdmx_incidents,2026-07-04T07:19:02Z,2026-07-04,20260704T071858Z,2026-07-04T07:18:59.172433,TTI-0e6b35d1-b793-45b4-b4a5-22dc2fb82b8b-TTR24487871252005000,Feature,LineString,19.5336833928,-99.1176465804,8,Road closed,4,,33.1452762672,Calle Club Excursionistas Tonatiuh,Calle Asociación de Excursionismo del Distrito Federal / Calle Club Exploradores Leopardos,,present,probable,,2026-07-02T21:26:30Z,,,Cerrado,401,"{""type"": ""LineString"", ""coordinates"": [[-99.1176465804, 19.533589547], [-99.1176438981, 19.5336284124], [-99.1176465804, 19.5336833928], [-99.1176707202, 19.5337477736], [-99.117744481, 19.5338644489]]}","{""id"": ""TTI-0e6b35d1-b793-45b4-b4a5-22dc2fb82b8b-TTR24487871252005000"", ""iconCategory"": 8, ""magnitudeOfDelay"": 4, ""startTime"": ""2026-07-02T21:26:30Z"", ""endTime"": null, ""from"": ""Calle Club Excursionistas Tonatiuh"", ""to"": ""Calle Asociación de Excursionismo del Distrito Federal / Calle Club Exploradores Leopardos"", ""length"": 33.1452762672, ""delay"": null, ""roadNumbers"": [], ""timeValidity"": ""present"", ""probabilityOfOccurrence"": ""probable"", ""numberOfReports"": null, ""lastReportTime"": null, ""events"": [{""code"": 401, ""description"": ""Cerrado"", ""iconCategory"": 8}]}"
tomtom,tomtom_cdmx_incidents,2026-07-04T07:19:02Z,2026-07-04,20260704T071858Z,2026-07-04T07:18:59.172450,TTI-0e6b35d1-b793-45b4-b4a5-22dc2fb82b8b-TTR24510952624003000,Feature,LineString,19.3747732366,-99.1179295534,8,Road closed,4,,98.8071440172,Independencia (Eje 6 S),Antropologos (Eje 6 S),,present,probable,,2026-07-03T15:59:00Z,,,Cerrado,401,"{""type"": ""LineString"", ""coordinates"": [[-99.1174896711, 19.3746780336], [-99.1177592331, 19.3747383657], [-99.1179295534, 19.3747732366], [-99.1184096688, 19.3748684396]]}","{""id"": ""TTI-0e6b35d1-b793-45b4-b4a5-22dc2fb82b8b-TTR24510952624003000"", ""iconCategory"": 8, ""magnitudeOfDelay"": 4, ""startTime"": ""2026-07-03T15:59:00Z"", ""endTime"": null, ""from"": ""Independencia (Eje 6 S)"", ""to"": ""Antropologos (Eje 6 S)"", ""length"": 98.8071440172, ""delay"": null, ""roadNumbers"": [], ""timeValidity"": ""present"", ""probabilityOfOccurrence"": ""probable"", ""numberOfReports"": null, ""lastReportTime"": null, ""events"": [{""code"": 401, ""description"": ""Cerrado"", ""iconCategory"": 8}]}"
tomtom,tomtom_cdmx_incidents,2026-07-04T07:19:02Z,2026-07-04,20260704T071858Z,2026-07-04T07:18:59.172467,TTI-0e6b35d1-b793-45b4-b4a5-22dc2fb82b8b-TTR24484985912022000,Feature,LineString,19.5430630461,-99.1174816245,8,Road closed,4,,191.3104687997,Calle Exploradores de México,Calle Excursionistas Cuahutli,,present,probable,,2026-06-17T20:37:30Z,,,Cerrado,401,"{""type"": ""LineString"", ""coordinates"": [[-99.1176371926, 19.5421028378], [-99.1176318282, 19.5421846722], [-99.1176130527, 19.5422597923], [-99.1175607497, 19.5423684044], [-99.1174896711, 19.5425481078], [-99.1174735779, 19.5425909997], [-99.1174065226, 19.5427989025], [-99.117398476, 19.5428699938], [-99.117398476, 19.5429330281], [-99.1174078638, 19.5429786055], [-99.1174266392, 19.5430134402], [-99.1174601668, 19.5430470111], [-99.1174816245, 19.5430630461], [-99.1175151521, 19.5430670746], [-99.1175366098, 19.5430670746], [-99.1175687963, 19.5430537252], [-99.1177297288, 19.5429115427], [-99.1177632564, 19.5428900573], [-99.1177887374, 19.5428833432], [-99.1178155595, 19.5428820003], [-99.1178437227, 19.5428873717], [-99.1178866381, 19.5429115427], [-99.1180059964, 19.5430201544], [-99.1180623228, 19.5430845314]]}","{""id"": ""TTI-0e6b35d1-b793-45b4-b4a5-22dc2fb82b8b-TTR24484985912022000"", ""iconCategory"": 8, ""magnitudeOfDelay"": 4, ""startTime"": ""2026-06-17T20:37:30Z"", ""endTime"": null, ""from"": ""Calle Exploradores de México"", ""to"": ""Calle Excursionistas Cuahutli"", ""length"": 191.3104687997, ""delay"": null, ""roadNumbers"": [], ""timeValidity"": ""present"", ""probabilityOfOccurrence"": ""probable"", ""numberOfReports"": null, ""lastReportTime"": null, ""events"": [{""code"": 401, ""description"": ""Cerrado"", ""iconCategory"": 8}]}"
tomtom,tomtom_cdmx_incidents,2026-07-04T07:19:02Z,2026-07-04,20260704T071858Z,2026-07-04T07:18:59.172501,TTI-0e6b35d1-b793-45b4-b4a5-22dc2fb82b8b-TTR24484985916022000,Feature,LineString,19.5430470111,-99.1174601668,8,Road closed,4,,191.3104687997,Calle Excursionistas Cuahutli,Calle Exploradores de México,,present,probable,,2026-06-16T22:58:00Z,,,Cerrado,401,"{""type"": ""LineString"", ""coordinates"": [[-99.1180623228, 19.5430845314], [-99.1180059964, 19.5430201544], [-99.1178866381, 19.5429115427], [-99.1178437227, 19.5428873717], [-99.1178155595, 19.5428820003], [-99.1177887374, 19.5428833432], [-99.1177632564, 19.5428900573], [-99.1177297288, 19.5429115427], [-99.1175687963, 19.5430537252], [-99.1175366098, 19.5430670746], [-99.1175151521, 19.5430670746], [-99.1174816245, 19.5430630461], [-99.1174601668, 19.5430470111], [-99.1174266392, 19.5430134402], [-99.1174078638, 19.5429786055], [-99.117398476, 19.5429330281], [-99.117398476, 19.5428699938], [-99.1174065226, 19.5427989025], [-99.1174735779, 19.5425909997], [-99.1174896711, 19.5425481078], [-99.1175607497, 19.5423684044], [-99.1176130527, 19.5422597923], [-99.1176318282, 19.5421846722], [-99.1176371926, 19.5421028378]]}","{""id"": ""TTI-0e6b35d1-b793-45b4-b4a5-22dc2fb82b8b-TTR24484985916022000"", ""iconCategory"": 8, ""magnitudeOfDelay"": 4, ""startTime"": ""2026-06-16T22:58:00Z"", ""endTime"": null, ""from"": ""Calle Excursionistas Cuahutli"", ""to"": ""Calle Exploradores de México"", ""length"": 191.3104687997, ""delay"": null, ""roadNumbers"": [], ""timeValidity"": ""present"", ""probabilityOfOccurrence"": ""probable"", ""numberOfReports"": null, ""lastReportTime"": null, ""events"": [{""code"": 401, ""description"": ""Cerrado"", ""iconCategory"": 8}]}"
tomtom,tomtom_cdmx_incidents,2026-07-04T07:19:02Z,2026-07-04,20260704T071858Z,2026-07-04T07:18:59.172553,TTI-0e6b35d1-b793-45b4-b4a5-22dc2fb82b8b-TTR24484985916031000,Feature,LineString,19.5439535797,-99.1174708957,8,Road closed,4,,207.8260790932,Calle Sierra Nevada,Calle Exploradores de México / Calle Club España,,present,probable,,2026-05-15T17:42:30Z,,,Cerrado,401,"{""type"": ""LineString"", ""coordinates"": [[-99.1180019731, 19.5451324193], [-99.1179013902, 19.5449781532], [-99.1175848895, 19.5444202508], [-99.1175285632, 19.5442405494], [-99.1174910122, 19.544012585], [-99.1174708957, 19.5439535797], [-99.1174387092, 19.5439026312], [-99.1173220331, 19.5437631351], [-99.1172174269, 19.5436504955], [-99.1171785349, 19.5435955184], [-99.117115503, 19.54348825]]}","{""id"": ""TTI-0e6b35d1-b793-45b4-b4a5-22dc2fb82b8b-TTR24484985916031000"", ""iconCategory"": 8, ""magnitudeOfDelay"": 4, ""startTime"": ""2026-05-15T17:42:30Z"", ""endTime"": null, ""from"": ""Calle Sierra Nevada"", ""to"": ""Calle Exploradores de México / Calle Club España"", ""length"": 207.8260790932, ""delay"": null, ""roadNumbers"": [], ""timeValidity"": ""present"", ""probabilityOfOccurrence"": ""probable"", ""numberOfReports"": null, ""lastReportTime"": null, ""events"": [{""code"": 401, ""description"": ""Cerrado"", ""iconCategory"": 8}]}"
tomtom,tomtom_cdmx_incidents,2026-07-04T07:19:02Z,2026-07-04,20260704T071858Z,2026-07-04T07:18:59.172577,TTI-0e6b35d1-b793-45b4-b4a5-22dc2fb82b8b-TTR24484985988023000,Feature,LineString,19.5439535797,-99.1174708957,8,Road closed,4,,207.8260790932,Calle Exploradores de México / Calle Club España,Calle Sierra Nevada,,present,probable,,2026-06-18T12:29:00Z,,,Cerrado,401,"{""type"": ""LineString"", ""coordinates"": [[-99.117115503, 19.54348825], [-99.1171785349, 19.5435955184], [-99.1172174269, 19.5436504955], [-99.1173220331, 19.5437631351], [-99.1174387092, 19.5439026312], [-99.1174708957, 19.5439535797], [-99.1174910122, 19.544012585], [-99.1175285632, 19.5442405494], [-99.1175848895, 19.5444202508], [-99.1179013902, 19.5449781532], [-99.1180019731, 19.5451324193]]}","{""id"": ""TTI-0e6b35d1-b793-45b4-b4a5-22dc2fb82b8b-TTR24484985988023000"", ""iconCategory"": 8, ""magnitudeOfDelay"": 4, ""startTime"": ""2026-06-18T12:29:00Z"", ""endTime"": null, ""from"": ""Calle Exploradores de México / Calle Club España"", ""to"": ""Calle Sierra Nevada"", ""length"": 207.8260790932, ""delay"": null, ""roadNumbers"": [], ""timeValidity"": ""present"", ""probabilityOfOccurrence"": ""probable"", ""numberOfReports"": null, ""lastReportTime"": null, ""events"": [{""code"": 401, ""description"": ""Cerrado"", ""iconCategory"": 8}]}"
tomtom,tomtom_cdmx_incidents,2026-07-04T07:19:02Z,2026-07-04,20260704T071858Z,2026-07-04T07:18:59.172600,TTI-0e6b35d1-b793-45b4-b4a5-22dc2fb82b8b-TTR24484985872015000,Feature,LineString,19.5440689047,-99.1167104894,8,Road closed,4,,95.921736382,Calle Exploradores de México / Calle Club España,Calle Ixtanca,,present,probable,,2026-06-06T16:49:30Z,,,Cerrado,401,"{""type"": ""LineString"", ""coordinates"": [[-99.117115503, 19.54348825], [-99.1170685643, 19.5435445699], [-99.1168057078, 19.5438798032], [-99.1167104894, 19.5440689047], [-99.1166943962, 19.5441225388], [-99.1166729385, 19.5442298068]]}","{""id"": ""TTI-0e6b35d1-b793-45b4-b4a5-22dc2fb82b8b-TTR24484985872015000"", ""iconCategory"": 8, ""magnitudeOfDelay"": 4, ""startTime"": ""2026-06-06T16:49:30Z"", ""endTime"": null, ""from"": ""Calle Exploradores de México / Calle Club España"", ""to"": ""Calle Ixtanca"", ""length"": 95.921736382, ""delay"": null, ""roadNumbers"": [], ""timeValidity"": ""present"", ""probabilityOfOccurrence"": ""probable"", ""numberOfReports"": null, ""lastReportTime"": null, ""events"": [{""code"": 401, ""description"": ""Cerrado"", ""iconCategory"": 8}]}"
tomtom,tomtom_cdmx_incidents,2026-07-04T07:19:02Z,2026-07-04,20260704T071858Z,2026-07-04T07:18:59.172619,TTI-0e6b35d1-b793-45b4-b4a5-22dc2fb82b8b-TTR24484985944015000,Feature,LineString,19.5438798032,-99.1168057078,8,Road closed,4,,95.921736382,Calle Ixtanca,Calle Exploradores de México / Calle Club España,,present,probable,,2026-06-16T02:38:00Z,,,Cerrado,401,"{""type"": ""LineString"", ""coordinates"": [[-99.1166729385, 19.5442298068], [-99.1166943962, 19.5441225388], [-99.1167104894, 19.5440689047], [-99.1168057078, 19.5438798032], [-99.1170685643, 19.5435445699], [-99.117115503, 19.54348825]]}","{""id"": ""TTI-0e6b35d1-b793-45b4-b4a5-22dc2fb82b8b-TTR24484985944015000"", ""iconCategory"": 8, ""magnitudeOfDelay"": 4, ""startTime"": ""2026-06-16T02:38:00Z"", ""endTime"": null, ""from"": ""Calle Ixtanca"", ""to"": ""Calle Exploradores de México / Calle Club España"", ""length"": 95.921736382, ""delay"": null, ""roadNumbers"": [], ""timeValidity"": ""present"", ""probabilityOfOccurrence"": ""probable"", ""numberOfReports"": null, ""lastReportTime"": null, ""events"": [{""code"": 401, ""description"": ""Cerrado"", ""iconCategory"": 8}]}"
tomtom,tomtom_cdmx_incidents,2026-07-04T07:19:02Z,2026-07-04,20260704T071858Z,2026-07-04T07:18:59.172637,TTI-0e6b35d1-b793-45b4-b4a5-22dc2fb82b8b-TTR24510952624011000,Feature,LineString,19.3744969579,-99.1165053004,8,Road closed,4,,123.4924316237,Santa María/Eje 3 Oriente (Eje 6 S),Antropologos (Eje 6 S),,present,probable,,2026-07-03T15:54:30Z,,,Cerrado,401,"{""type"": ""LineString"", ""coordinates"": [[-99.1159594709, 19.3743963778], [-99.1161043102, 19.3744218391], [-99.1162478084, 19.3744487237], [-99.1163899654, 19.3744782177], [-99.1164516562, 19.3744876274], [-99.1165053004, 19.3744969579], [-99.1165522391, 19.3745063675], [-99.1167614514, 19.3745452711], [-99.1170095557, 19.3745935053], [-99.1171141619, 19.3746123245]]}","{""id"": ""TTI-0e6b35d1-b793-45b4-b4a5-22dc2fb82b8b-TTR24510952624011000"", ""iconCategory"": 8, ""magnitudeOfDelay"": 4, ""startTime"": ""2026-07-03T15:54:30Z"", ""endTime"": null, ""from"": ""Santa María/Eje 3 Oriente (Eje 6 S)"", ""to"": ""Antropologos (Eje 6 S)"", ""length"": 123.4924316237, ""delay"": null, ""roadNumbers"": [], ""timeValidity"": ""present"", ""probabilityOfOccurrence"": ""probable"", ""numberOfReports"": null, ""lastReportTime"": null, ""events"": [{""code"": 401, ""description"": ""Cerrado"", ""iconCategory"": 8}]}"
tomtom,tomtom_cdmx_incidents,2026-07-04T07:19:02Z,2026-07-04,20260704T071858Z,2026-07-04T07:18:59.172663,TTI-0e6b35d1-b793-45b4-b4a5-22dc2fb82b8b-TTR24496526888012001,Feature,LineString,19.482893111,-99.1142146939,0,Unknown,0,,56.3406337794,Avenida Vicente Villada / Calle Zumárraga,Avenida San Juan de Aragón,,present,certain,,2026-06-11T18:52:00Z,2026-07-20T03:00:00Z,,Partido de fútbol,1459,"{""type"": ""LineString"", ""coordinates"": [[-99.1143528277, 19.4825014891], [-99.1143032068, 19.4826409591], [-99.1142146939, 19.482893111], [-99.1141811663, 19.482981613]]}","{""id"": ""TTI-0e6b35d1-b793-45b4-b4a5-22dc2fb82b8b-TTR24496526888012001"", ""iconCategory"": 0, ""magnitudeOfDelay"": 0, ""startTime"": ""2026-06-11T18:52:00Z"", ""endTime"": ""2026-07-20T03:00:00Z"", ""from"": ""Avenida Vicente Villada / Calle Zumárraga"", ""to"": ""Avenida San Juan de Aragón"", ""length"": 56.3406337794, ""delay"": null, ""roadNumbers"": [], ""timeValidity"": ""present"", ""probabilityOfOccurrence"": ""certain"", ""numberOfReports"": null, ""lastReportTime"": null, ""events"": [{""code"": 1459, ""description"": ""Partido de fútbol"", ""iconCategory"": 0}]}"
tomtom,tomtom_cdmx_incidents,2026-07-04T07:19:02Z,2026-07-04,20260704T071858Z,2026-07-04T07:18:59.172681,TTI-0e6b35d1-b793-45b4-b4a5-22dc2fb82b8b-TTR24531148736005000,Feature,LineString,19.2399922702,-99.1140604669,8,Road closed,4,,36.2678015587,Calle Monte Carmelo,Avenida Hidalgo / Carretera a San Pablo,,present,probable,,2026-07-03T10:25:30Z,,,Cerrado,401,"{""type"": ""LineString"", ""coordinates"": [[-99.1139303798, 19.240122293], [-99.1139746362, 19.2401035375], [-99.1140068227, 19.2400807459], [-99.1140336448, 19.240048537], [-99.1140604669, 19.2399922702], [-99.1140832657, 19.2399238163], [-99.1140846068, 19.2399010247], [-99.1140752191, 19.2398567869]]}","{""id"": ""TTI-0e6b35d1-b793-45b4-b4a5-22dc2fb82b8b-TTR24531148736005000"", ""iconCategory"": 8, ""magnitudeOfDelay"": 4, ""startTime"": ""2026-07-03T10:25:30Z"", ""endTime"": null, ""from"": ""Calle Monte Carmelo"", ""to"": ""Avenida Hidalgo / Carretera a San Pablo"", ""length"": 36.2678015587, ""delay"": null, ""roadNumbers"": [], ""timeValidity"": ""present"", ""probabilityOfOccurrence"": ""probable"", ""numberOfReports"": null, ""lastReportTime"": null, ""events"": [{""code"": 401, ""description"": ""Cerrado"", ""iconCategory"": 8}]}"
tomtom,tomtom_cdmx_incidents,2026-07-04T07:19:02Z,2026-07-04,20260704T071858Z,2026-07-04T07:18:59.172701,TTI-0e6b35d1-b793-45b4-b4a5-22dc2fb82b8b-TTR24502297220006001,Feature,LineString,19.4426706757,-99.113958543,0,Unknown,0,,41.7694820902,Avenida Ingeniero Eduardo Molina,Calle 18 de Marzo,,present,certain,,2026-06-10T19:43:30Z,2026-07-20T05:59:00Z,,Partido de fútbol,1459,"{""type"": ""LineString"", ""coordinates"": [[-99.1135803515, 19.44255267], [-99.113958543, 19.4426706757]]}","{""id"": ""TTI-0e6b35d1-b793-45b4-b4a5-22dc2fb82b8b-TTR24502297220006001"", ""iconCategory"": 0, ""magnitudeOfDelay"": 0, ""startTime"": ""2026-06-10T19:43:30Z"", ""endTime"": ""2026-07-20T05:59:00Z"", ""from"": ""Avenida Ingeniero Eduardo Molina"", ""to"": ""Calle 18 de Marzo"", ""length"": 41.7694820902, ""delay"": null, ""roadNumbers"": [], ""timeValidity"": ""present"", ""probabilityOfOccurrence"": ""certain"", ""numberOfReports"": null, ""lastReportTime"": null, ""events"": [{""code"": 1459, ""description"": ""Partido de fútbol"", ""iconCategory"": 0}]}"
tomtom,tomtom_cdmx_incidents,2026-07-04T07:19:02Z,2026-07-04,20260704T071858Z,2026-07-04T07:18:59.172716,TTI-0e6b35d1-b793-45b4-b4a5-22dc2fb82b8b-TTR24510952480011000,Feature,LineString,19.3740369931,-99.1140792424,8,Road closed,4,,89.8038690098,Santa María/Eje 3 Oriente (Eje 6 S),Independencia (Eje 6 S),,present,probable,,2026-07-03T15:47:30Z,,,Cerrado,401,"{""type"": ""LineString"", ""coordinates"": [[-99.1132423932, 19.3738666706], [-99.1140792424, 19.3740369931]]}","{""id"": ""TTI-0e6b35d1-b793-45b4-b4a5-22dc2fb82b8b-TTR24510952480011000"", ""iconCategory"": 8, ""magnitudeOfDelay"": 4, ""startTime"": ""2026-07-03T15:47:30Z"", ""endTime"": null, ""from"": ""Santa María/Eje 3 Oriente (Eje 6 S)"", ""to"": ""Independencia (Eje 6 S)"", ""length"": 89.8038690098, ""delay"": null, ""roadNumbers"": [], ""timeValidity"": ""present"", ""probabilityOfOccurrence"": ""probable"", ""numberOfReports"": null, ""lastReportTime"": null, ""events"": [{""code"": 401, ""description"": ""Cerrado"", ""iconCategory"": 8}]}"
tomtom,tomtom_cdmx_incidents,2026-07-04T07:19:02Z,2026-07-04,20260704T071858Z,2026-07-04T07:18:59.172732,TTI-0e6b35d1-b793-45b4-b4a5-22dc2fb82b8b-TTR24531148684013000,Feature,LineString,19.2401035375,-99.1139746362,8,Road closed,4,,128.1312600115,Avenida Hidalgo / Carretera a San Pablo,Calle Monte Carmelo,,present,probable,,2026-07-03T08:57:30Z,,,Cerrado,401,"{""type"": ""LineString"", ""coordinates"": [[-99.1140752191, 19.2398567869], [-99.1140846068, 19.2399010247], [-99.1140832657, 19.2399238163], [-99.1140604669, 19.2399922702], [-99.1140336448, 19.240048537], [-99.1140068227, 19.2400807459], [-99.1139746362, 19.2401035375], [-99.1139303798, 19.240122293], [-99.1136366779, 19.2401209477], [-99.1135548705, 19.2401196815], [-99.11343283, 19.2401143001], [-99.1130573207, 19.2400794005]]}","{""id"": ""TTI-0e6b35d1-b793-45b4-b4a5-22dc2fb82b8b-TTR24531148684013000"", ""iconCategory"": 8, ""magnitudeOfDelay"": 4, ""startTime"": ""2026-07-03T08:57:30Z"", ""endTime"": null, ""from"": ""Avenida Hidalgo / Carretera a San Pablo"", ""to"": ""Calle Monte Carmelo"", ""length"": 128.1312600115, ""delay"": null, ""roadNumbers"": [], ""timeValidity"": ""present"", ""probabilityOfOccurrence"": ""probable"", ""numberOfReports"": null, ""lastReportTime"": null, ""events"": [{""code"": 401, ""description"": ""Cerrado"", ""iconCategory"": 8}]}"
tomtom,tomtom_cdmx_incidents,2026-07-04T07:19:02Z,2026-07-04,20260704T071858Z,2026-07-04T07:18:59.172755,TTI-0e6b35d1-b793-45b4-b4a5-22dc2fb82b8b-TTR24531148732005000,Feature,LineString,19.2411576442,-99.1124658936,8,Road closed,4,,256.5292711708,Calle Monte Albán,Carretera a San Pablo,,present,probable,,2026-07-03T10:25:30Z,,,Cerrado,401,"{""type"": ""LineString"", ""coordinates"": [[-99.1117403561, 19.2416471843], [-99.1118704432, 19.2413145726], [-99.1121869439, 19.2414084289], [-99.1122741157, 19.2414298749], [-99.1123130077, 19.2414325656], [-99.1123532409, 19.2414298749], [-99.1123907918, 19.2414097742], [-99.1124082261, 19.2413869828], [-99.1124202961, 19.2413722633], [-99.1124337071, 19.241337364], [-99.1124471182, 19.2412890906], [-99.1124658936, 19.2411576442], [-99.1125155145, 19.2409203125], [-99.1125611121, 19.2406869373], [-99.1125785464, 19.2405917353], [-99.1126134151, 19.2404093241], [-99.1126268262, 19.2403409495], [-99.1126456016, 19.2402832584], [-99.1126737648, 19.2402228766], [-99.1126925403, 19.2401934375], [-99.1127341145, 19.2401424731], [-99.1127770299, 19.2401035375], [-99.1128360385, 19.2400807459]]}","{""id"": ""TTI-0e6b35d1-b793-45b4-b4a5-22dc2fb82b8b-TTR24531148732005000"", ""iconCategory"": 8, ""magnitudeOfDelay"": 4, ""startTime"": ""2026-07-03T10:25:30Z"", ""endTime"": null, ""from"": ""Calle Monte Albán"", ""to"": ""Carretera a San Pablo"", ""length"": 256.5292711708, ""delay"": null, ""roadNumbers"": [], ""timeValidity"": ""present"", ""probabilityOfOccurrence"": ""probable"", ""numberOfReports"": null, ""lastReportTime"": null, ""events"": [{""code"": 401, ""description"": ""Cerrado"", ""iconCategory"": 8}]}"
tomtom,tomtom_cdmx_incidents,2026-07-04T07:19:02Z,2026-07-04,20260704T071858Z,2026-07-04T07:18:59.172788,TTI-0e6b35d1-b793-45b4-b4a5-22dc2fb82b8b-TTR24531148664005000,Feature,LineString,19.2411576442,-99.1124658936,8,Road closed,4,,256.5292711708,Avenida Hidalgo / Carretera a San Pablo,Calle Monte Albán,,present,probable,,2026-07-03T08:57:30Z,,,Cerrado,401,"{""type"": ""LineString"", ""coordinates"": [[-99.1128360385, 19.2400807459], [-99.1127770299, 19.2401035375], [-99.1127341145, 19.2401424731], [-99.1126925403, 19.2401934375], [-99.1126737648, 19.2402228766], [-99.1126456016, 19.2402832584], [-99.1126268262, 19.2403409495], [-99.1126134151, 19.2404093241], [-99.1125785464, 19.2405917353], [-99.1125611121, 19.2406869373], [-99.1125155145, 19.2409203125], [-99.1124658936, 19.2411576442], [-99.1124471182, 19.2412890906], [-99.1124337071, 19.241337364], [-99.1124202961, 19.2413722633], [-99.1124082261, 19.2413869828], [-99.1123907918, 19.2414097742], [-99.1123532409, 19.2414298749], [-99.1123130077, 19.2414325656], [-99.1122741157, 19.2414298749], [-99.1121869439, 19.2414084289], [-99.1118704432, 19.2413145726], [-99.1117403561, 19.2416471843]]}","{""id"": ""TTI-0e6b35d1-b793-45b4-b4a5-22dc2fb82b8b-TTR24531148664005000"", ""iconCategory"": 8, ""magnitudeOfDelay"": 4, ""startTime"": ""2026-07-03T08:57:30Z"", ""endTime"": null, ""from"": ""Avenida Hidalgo / Carretera a San Pablo"", ""to"": ""Calle Monte Albán"", ""length"": 256.5292711708, ""delay"": null, ""roadNumbers"": [], ""timeValidity"": ""present"", ""probabilityOfOccurrence"": ""probable"", ""numberOfReports"": null, ""lastReportTime"": null, ""events"": [{""code"": 401, ""description"": ""Cerrado"", ""iconCategory"": 8}]}"
tomtom,tomtom_cdmx_incidents,2026-07-04T07:19:02Z,2026-07-04,20260704T071858Z,2026-07-04T07:18:59.172820,TTI-0e6b35d1-b793-45b4-b4a5-22dc2fb82b8b-TTR24510952480003000,Feature,LineString,19.3736077864,-99.1115485782,8,Road closed,4,,142.1224216118,Santa María/Eje 3 Oriente (Eje 6 S),Independencia (Eje 6 S),,present,probable,,2026-07-03T15:47:30Z,,,Cerrado,401,"{""type"": ""LineString"", ""coordinates"": [[-99.1106554026, 19.3735689616], [-99.1108672971, 19.3735716501], [-99.111045664, 19.3735796365], [-99.1111663634, 19.3735917346], [-99.1113809401, 19.3736024885], [-99.1115485782, 19.3736077864], [-99.1116652543, 19.3736131633], [-99.1117859537, 19.3736185403], [-99.1119133586, 19.37362795], [-99.1120072359, 19.3736413133]]}","{""id"": ""TTI-0e6b35d1-b793-45b4-b4a5-22dc2fb82b8b-TTR24510952480003000"", ""iconCategory"": 8, ""magnitudeOfDelay"": 4, ""startTime"": ""2026-07-03T15:47:30Z"", ""endTime"": null, ""from"": ""Santa María/Eje 3 Oriente (Eje 6 S)"", ""to"": ""Independencia (Eje 6 S)"", ""length"": 142.1224216118, ""delay"": null, ""roadNumbers"": [], ""timeValidity"": ""present"", ""probabilityOfOccurrence"": ""probable"", ""numberOfReports"": null, ""lastReportTime"": null, ""events"": [{""code"": 401, ""description"": ""Cerrado"", ""iconCategory"": 8}]}"
tomtom,tomtom_cdmx_incidents,2026-07-04T07:19:02Z,2026-07-04,20260704T071858Z,2026-07-04T07:18:59.172841,TTI-0e6b35d1-b793-45b4-b4a5-22dc2fb82b8b-TTR24510952908013000,Feature,LineString,19.3942809346,-99.1100894565,8,Road closed,4,,62.9225937886,Calle Sur 111,Calle Sur 109,,present,probable,,2026-07-04T02:57:30Z,,,Cerrado,401,"{""type"": ""LineString"", ""coordinates"": [[-99.1097273582, 19.3942406916], [-99.1100894565, 19.3942809346], [-99.1103241497, 19.3942970634]]}","{""id"": ""TTI-0e6b35d1-b793-45b4-b4a5-22dc2fb82b8b-TTR24510952908013000"", ""iconCategory"": 8, ""magnitudeOfDelay"": 4, ""startTime"": ""2026-07-04T02:57:30Z"", ""endTime"": null, ""from"": ""Calle Sur 111"", ""to"": ""Calle Sur 109"", ""length"": 62.9225937886, ""delay"": null, ""roadNumbers"": [], ""timeValidity"": ""present"", ""probabilityOfOccurrence"": ""probable"", ""numberOfReports"": null, ""lastReportTime"": null, ""events"": [{""code"": 401, ""description"": ""Cerrado"", ""iconCategory"": 8}]}"
tomtom,tomtom_cdmx_incidents,2026-07-04T07:19:02Z,2026-07-04,20260704T071858Z,2026-07-04T07:18:59.172857,TTI-0e6b35d1-b793-45b4-b4a5-22dc2fb82b8b-TTR24496526984015000,Feature,LineString,19.486945899,-99.1064952964,8,Road closed,4,,140.449877457,Avenida Ferrocarril Hidalgo,Calle General Vicente Guerrero,,present,probable,,2026-07-04T01:49:30Z,,,Cerrado,401,"{""type"": ""LineString"", ""coordinates"": [[-99.1051971072, 19.4872584135], [-99.1064952964, 19.486945899]]}","{""id"": ""TTI-0e6b35d1-b793-45b4-b4a5-22dc2fb82b8b-TTR24496526984015000"", ""iconCategory"": 8, ""magnitudeOfDelay"": 4, ""startTime"": ""2026-07-04T01:49:30Z"", ""endTime"": null, ""from"": ""Avenida Ferrocarril Hidalgo"", ""to"": ""Calle General Vicente Guerrero"", ""length"": 140.449877457, ""delay"": null, ""roadNumbers"": [], ""timeValidity"": ""present"", ""probabilityOfOccurrence"": ""probable"", ""numberOfReports"": null, ""lastReportTime"": null, ""events"": [{""code"": 401, ""description"": ""Cerrado"", ""iconCategory"": 8}]}"
tomtom,tomtom_cdmx_incidents,2026-07-04T07:19:02Z,2026-07-04,20260704T071858Z,2026-07-04T07:18:59.172872,TTI-0e6b35d1-b793-45b4-b4a5-22dc2fb82b8b-TTR24496526912015000,Feature,LineString,19.4872584135,-99.1051971072,8,Road closed,4,,140.449877457,Calle General Vicente Guerrero,Avenida Ferrocarril Hidalgo / Calle General Valentín Canalizo,,present,probable,,2026-07-04T01:50:00Z,,,Cerrado,401,"{""type"": ""LineString"", ""coordinates"": [[-99.1064952964, 19.486945899], [-99.1051971072, 19.4872584135]]}","{""id"": ""TTI-0e6b35d1-b793-45b4-b4a5-22dc2fb82b8b-TTR24496526912015000"", ""iconCategory"": 8, ""magnitudeOfDelay"": 4, ""startTime"": ""2026-07-04T01:50:00Z"", ""endTime"": null, ""from"": ""Calle General Vicente Guerrero"", ""to"": ""Avenida Ferrocarril Hidalgo / Calle General Valentín Canalizo"", ""length"": 140.449877457, ""delay"": null, ""roadNumbers"": [], ""timeValidity"": ""present"", ""probabilityOfOccurrence"": ""probable"", ""numberOfReports"": null, ""lastReportTime"": null, ""events"": [{""code"": 401, ""description"": ""Cerrado"", ""iconCategory"": 8}]}"
tomtom,tomtom_cdmx_incidents,2026-07-04T07:19:02Z,2026-07-04,20260704T071858Z,2026-07-04T07:18:59.172888,TTI-0e6b35d1-b793-45b4-b4a5-22dc2fb82b8b-TTR24513837948011000,Feature,LineString,19.3734978751,-99.1075842732,8,Road closed,4,,538.74106418,Avenida Rio Churubusco (Eje 6 S),Santa María/Eje 3 Oriente (Eje 6 S),,present,probable,,2026-07-03T15:46:30Z,,,Puente cerrado,24,"{""type"": ""LineString"", ""coordinates"": [[-99.1050817722, 19.3733141097], [-99.1051756495, 19.3733262078], [-99.1057147736, 19.3733651117], [-99.1057630533, 19.3733691444], [-99.1066763455, 19.3734388077], [-99.1067487651, 19.3734414962], [-99.1068855578, 19.3734549385], [-99.1069485897, 19.373457627], [-99.1070961112, 19.3734670367], [-99.1072691137, 19.3734790558], [-99.1073442155, 19.3734817443], [-99.1074461395, 19.3734898097], [-99.107529288, 19.3734938424], [-99.1075842732, 19.3734978751], [-99.1076701039, 19.3735019078], [-99.1077170426, 19.3735045963], [-99.1077465469, 19.3735058615], [-99.1077961677, 19.37350855], [-99.1078712696, 19.3735098942], [-99.1080134267, 19.3735112384], [-99.1081488782, 19.3735152712], [-99.1085498685, 19.3735193039], [-99.1093786711, 19.3735287135], [-99.110031789, 19.3735474538], [-99.110070681, 19.3735487981], [-99.1102088148, 19.3735501423]]}","{""id"": ""TTI-0e6b35d1-b793-45b4-b4a5-22dc2fb82b8b-TTR24513837948011000"", ""iconCategory"": 8, ""magnitudeOfDelay"": 4, ""startTime"": ""2026-07-03T15:46:30Z"", ""endTime"": null, ""from"": ""Avenida Rio Churubusco (Eje 6 S)"", ""to"": ""Santa María/Eje 3 Oriente (Eje 6 S)"", ""length"": 538.74106418, ""delay"": null, ""roadNumbers"": [], ""timeValidity"": ""present"", ""probabilityOfOccurrence"": ""probable"", ""numberOfReports"": null, ""lastReportTime"": null, ""events"": [{""code"": 24, ""description"": ""Puente cerrado"", ""iconCategory"": 8}]}"
tomtom,tomtom_cdmx_incidents,2026-07-04T07:19:02Z,2026-07-04,20260704T071858Z,2026-07-04T07:18:59.172923,TTI-0e6b35d1-b793-45b4-b4a5-22dc2fb82b8b-TTR24510952912013000,Feature,LineString,19.3940288031,-99.1074367517,8,Road closed,4,,477.8267987536,Calle Sur 121,Calle Sur 109,,present,probable,,2026-07-04T02:57:30Z,,,Cerrado,401,"{""type"": ""LineString"", ""coordinates"": [[-99.1047022396, 19.3937592774], [-99.104924863, 19.3937793595], [-99.1051743084, 19.3938035527], [-99.1054210717, 19.3938249788], [-99.1056678349, 19.3938464049], [-99.1060057932, 19.3938746304], [-99.1062297577, 19.3938933683], [-99.1065583283, 19.3939362995], [-99.1067514473, 19.3939631018], [-99.106901651, 19.3939792307], [-99.1072557026, 19.3940140974], [-99.1074367517, 19.3940288031], [-99.1075467223, 19.3940382116], [-99.1076151186, 19.394044932], [-99.1077653223, 19.3940582936], [-99.1079678291, 19.3940811428], [-99.1082467789, 19.3940998807], [-99.1083352918, 19.394106601], [-99.1086705679, 19.3941374355], [-99.1087403053, 19.3941428118], [-99.1090112084, 19.3941723023], [-99.1092338318, 19.3941938073]]}","{""id"": ""TTI-0e6b35d1-b793-45b4-b4a5-22dc2fb82b8b-TTR24510952912013000"", ""iconCategory"": 8, ""magnitudeOfDelay"": 4, ""startTime"": ""2026-07-04T02:57:30Z"", ""endTime"": null, ""from"": ""Calle Sur 121"", ""to"": ""Calle Sur 109"", ""length"": 477.8267987536, ""delay"": null, ""roadNumbers"": [], ""timeValidity"": ""present"", ""probabilityOfOccurrence"": ""probable"", ""numberOfReports"": null, ""lastReportTime"": null, ""events"": [{""code"": 401, ""description"": ""Cerrado"", ""iconCategory"": 8}]}"
tomtom,tomtom_cdmx_incidents,2026-07-04T07:19:02Z,2026-07-04,20260704T071858Z,2026-07-04T07:18:59.172954,TTI-0e6b35d1-b793-45b4-b4a5-22dc2fb82b8b-TTR24519608464014000,Feature,LineString,19.3435026937,-99.1053446287,8,Road closed,4,,134.2950110768,Calle Axayacatl,Avenida Tláhuac / Calle Moctezuma,,present,probable,,2026-07-03T12:59:30Z,,,Cerrado,401,"{""type"": ""LineString"", ""coordinates"": [[-99.1045506948, 19.3433068731], [-99.1053446287, 19.3435026937], [-99.1057858521, 19.3436233811]]}","{""id"": ""TTI-0e6b35d1-b793-45b4-b4a5-22dc2fb82b8b-TTR24519608464014000"", ""iconCategory"": 8, ""magnitudeOfDelay"": 4, ""startTime"": ""2026-07-03T12:59:30Z"", ""endTime"": null, ""from"": ""Calle Axayacatl"", ""to"": ""Avenida Tláhuac / Calle Moctezuma"", ""length"": 134.2950110768, ""delay"": null, ""roadNumbers"": [], ""timeValidity"": ""present"", ""probabilityOfOccurrence"": ""probable"", ""numberOfReports"": null, ""lastReportTime"": null, ""events"": [{""code"": 401, ""description"": ""Cerrado"", ""iconCategory"": 8}]}"
tomtom,tomtom_cdmx_incidents,2026-07-04T07:19:02Z,2026-07-04,20260704T071858Z,2026-07-04T07:18:59.172972,TTI-0e6b35d1-b793-45b4-b4a5-22dc2fb82b8b-TTR24519608392030000,Feature,LineString,19.3433068731,-99.1045506948,8,Road closed,4,,267.6008324323,Avenida Tláhuac / Calle Moctezuma,Calle Tizoc,,present,probable,,2026-06-25T05:59:30Z,,,Cerrado,401,"{""type"": ""LineString"", ""coordinates"": [[-99.1057858521, 19.3436233811], [-99.1053446287, 19.3435026937], [-99.1045506948, 19.3433068731], [-99.104090696, 19.3431942525], [-99.1033195609, 19.3430105319]]}","{""id"": ""TTI-0e6b35d1-b793-45b4-b4a5-22dc2fb82b8b-TTR24519608392030000"", ""iconCategory"": 8, ""magnitudeOfDelay"": 4, ""startTime"": ""2026-06-25T05:59:30Z"", ""endTime"": null, ""from"": ""Avenida Tláhuac / Calle Moctezuma"", ""to"": ""Calle Tizoc"", ""length"": 267.6008324323, ""delay"": null, ""roadNumbers"": [], ""timeValidity"": ""present"", ""probabilityOfOccurrence"": ""probable"", ""numberOfReports"": null, ""lastReportTime"": null, ""events"": [{""code"": 401, ""description"": ""Cerrado"", ""iconCategory"": 8}]}"
tomtom,tomtom_cdmx_incidents,2026-07-04T07:19:02Z,2026-07-04,20260704T071858Z,2026-07-04T07:18:59.172990,TTI-0e6b35d1-b793-45b4-b4a5-22dc2fb82b8b-TTR24516723444011000,Feature,LineString,19.3713198772,-99.1021125668,8,Road closed,4,,198.0698705326,Calle Paraje Hualquila (Eje 6 S),Eje 4 Oriente (Eje 6 S),,present,probable,,2026-07-03T15:56:00Z,,,Cerrado,401,"{""type"": ""LineString"", ""coordinates"": [[-99.1016244048, 19.3702980015], [-99.1016807312, 19.370449508], [-99.1018403226, 19.3707874715], [-99.1019127423, 19.3709537644], [-99.1019945496, 19.3711146802], [-99.1020428294, 19.3712032431], [-99.1020790392, 19.3712649208], [-99.1021125668, 19.3713198772], [-99.1022641117, 19.3715438935], [-99.1023593301, 19.3716323771], [-99.1024961227, 19.3717262376], [-99.1025189215, 19.3717410244], [-99.1025497669, 19.3717570764], [-99.1025940234, 19.3717812729]]}","{""id"": ""TTI-0e6b35d1-b793-45b4-b4a5-22dc2fb82b8b-TTR24516723444011000"", ""iconCategory"": 8, ""magnitudeOfDelay"": 4, ""startTime"": ""2026-07-03T15:56:00Z"", ""endTime"": null, ""from"": ""Calle Paraje Hualquila (Eje 6 S)"", ""to"": ""Eje 4 Oriente (Eje 6 S)"", ""length"": 198.0698705326, ""delay"": null, ""roadNumbers"": [], ""timeValidity"": ""present"", ""probabilityOfOccurrence"": ""probable"", ""numberOfReports"": null, ""lastReportTime"": null, ""events"": [{""code"": 401, ""description"": ""Cerrado"", ""iconCategory"": 8}]}"
tomtom,tomtom_cdmx_incidents,2026-07-04T07:19:02Z,2026-07-04,20260704T071858Z,2026-07-04T07:18:59.173016,TTI-0e6b35d1-b793-45b4-b4a5-22dc2fb82b8b-TTR24508067772030000,Feature,LineString,19.4257017211,-99.100318169,8,Road closed,4,,273.0944562955,Avenida Iztaccíhuatl,Calle Norte 9,,present,probable,,2026-06-09T00:52:30Z,,,Cerrado,401,"{""type"": ""LineString"", ""coordinates"": [[-99.1008291298, 19.4248313266], [-99.1007754856, 19.4249198603], [-99.1005045825, 19.4253784955], [-99.100318169, 19.4257017211], [-99.1001210266, 19.4260651021], [-99.1000030095, 19.4263186067], [-99.0996167714, 19.4270038656]]}","{""id"": ""TTI-0e6b35d1-b793-45b4-b4a5-22dc2fb82b8b-TTR24508067772030000"", ""iconCategory"": 8, ""magnitudeOfDelay"": 4, ""startTime"": ""2026-06-09T00:52:30Z"", ""endTime"": null, ""from"": ""Avenida Iztaccíhuatl"", ""to"": ""Calle Norte 9"", ""length"": 273.0944562955, ""delay"": null, ""roadNumbers"": [], ""timeValidity"": ""present"", ""probabilityOfOccurrence"": ""probable"", ""numberOfReports"": null, ""lastReportTime"": null, ""events"": [{""code"": 401, ""description"": ""Cerrado"", ""iconCategory"": 8}]}"
tomtom,tomtom_cdmx_incidents,2026-07-04T07:19:02Z,2026-07-04,20260704T071858Z,2026-07-04T07:18:59.173035,TTI-0e6b35d1-b793-45b4-b4a5-22dc2fb82b8b-TTR24508067844022000,Feature,LineString,19.4260651021,-99.1001210266,8,Road closed,4,,162.46625418,Calle Norte 9,Avenida Iztaccíhuatl,,present,probable,,2026-06-22T22:46:00Z,,,Cerrado,401,"{""type"": ""LineString"", ""coordinates"": [[-99.0996167714, 19.4270038656], [-99.1000030095, 19.4263186067], [-99.1001210266, 19.4260651021], [-99.100318169, 19.4257017211]]}","{""id"": ""TTI-0e6b35d1-b793-45b4-b4a5-22dc2fb82b8b-TTR24508067844022000"", ""iconCategory"": 8, ""magnitudeOfDelay"": 4, ""startTime"": ""2026-06-22T22:46:00Z"", ""endTime"": null, ""from"": ""Calle Norte 9"", ""to"": ""Avenida Iztaccíhuatl"", ""length"": 162.46625418, ""delay"": null, ""roadNumbers"": [], ""timeValidity"": ""present"", ""probabilityOfOccurrence"": ""probable"", ""numberOfReports"": null, ""lastReportTime"": null, ""events"": [{""code"": 401, ""description"": ""Cerrado"", ""iconCategory"": 8}]}"
tomtom,tomtom_cdmx_incidents,2026-07-04T07:19:02Z,2026-07-04,20260704T071858Z,2026-07-04T07:18:59.173052,TTI-0e6b35d1-b793-45b4-b4a5-22dc2fb82b8b-TTR24508067808014000,Feature,LineString,19.4254495594,-99.0998206192,8,Road closed,4,,180.6667521457,Calle Oriente 162,Calle Oriente 168,,present,probable,,2026-06-18T21:31:30Z,,,Cerrado,401,"{""type"": ""LineString"", ""coordinates"": [[-99.1008479053, 19.4259672415], [-99.100318169, 19.4257017211], [-99.0998206192, 19.4254495594], [-99.0993284339, 19.4252014286]]}","{""id"": ""TTI-0e6b35d1-b793-45b4-b4a5-22dc2fb82b8b-TTR24508067808014000"", ""iconCategory"": 8, ""magnitudeOfDelay"": 4, ""startTime"": ""2026-06-18T21:31:30Z"", ""endTime"": null, ""from"": ""Calle Oriente 162"", ""to"": ""Calle Oriente 168"", ""length"": 180.6667521457, ""delay"": null, ""roadNumbers"": [], ""timeValidity"": ""present"", ""probabilityOfOccurrence"": ""probable"", ""numberOfReports"": null, ""lastReportTime"": null, ""events"": [{""code"": 401, ""description"": ""Cerrado"", ""iconCategory"": 8}]}"
tomtom,tomtom_cdmx_incidents,2026-07-04T07:19:02Z,2026-07-04,20260704T071858Z,2026-07-04T07:18:59.173068,TTI-0e6b35d1-b793-45b4-b4a5-22dc2fb82b8b-TTR24508067880014000,Feature,LineString,19.4257017211,-99.100318169,8,Road closed,4,,180.6667521457,Calle Oriente 168,Calle Oriente 162,,present,probable,,2026-07-01T20:46:30Z,,,Cerrado,401,"{""type"": ""LineString"", ""coordinates"": [[-99.0993284339, 19.4252014286], [-99.0998206192, 19.4254495594], [-99.100318169, 19.4257017211], [-99.1008479053, 19.4259672415]]}","{""id"": ""TTI-0e6b35d1-b793-45b4-b4a5-22dc2fb82b8b-TTR24508067880014000"", ""iconCategory"": 8, ""magnitudeOfDelay"": 4, ""startTime"": ""2026-07-01T20:46:30Z"", ""endTime"": null, ""from"": ""Calle Oriente 168"", ""to"": ""Calle Oriente 162"", ""length"": 180.6667521457, ""delay"": null, ""roadNumbers"": [], ""timeValidity"": ""present"", ""probabilityOfOccurrence"": ""probable"", ""numberOfReports"": null, ""lastReportTime"": null, ""events"": [{""code"": 401, ""description"": ""Cerrado"", ""iconCategory"": 8}]}"
tomtom,tomtom_cdmx_incidents,2026-07-04T07:19:02Z,2026-07-04,20260704T071858Z,2026-07-04T07:18:59.173084,TTI-0e6b35d1-b793-45b4-b4a5-22dc2fb82b8b-TTL24508067572009000,Feature,LineString,19.4075900572,-99.1055860275,6,Jam,1,85.0,1572.3308046045,Calzada Ignacio Zaragoza (Viaducto Rio Piedad/Viaducto Río de la Piedad),Francisco del Paso y Troncoso (Viaducto Rio Piedad/Viaducto Río de la Piedad),,present,certain,,2026-07-04T06:59:00Z,2026-07-04T07:37:30Z,,Tráfico lento,115,"{""type"": ""LineString"", ""coordinates"": [[-99.0991862768, 19.4088909238], [-99.0994303578, 19.4088453087], [-99.0995577628, 19.4088225406], [-99.09967578, 19.4087957407], [-99.0999171788, 19.4087528135], [-99.100163942, 19.4086991346], [-99.1003114635, 19.4086723347], [-99.1003919298, 19.4086549424], [-99.100472396, 19.408640159], [-99.1009686047, 19.4085409439], [-99.1011094207, 19.4085086891], [-99.1012609655, 19.4084845771], [-99.1016150171, 19.4084000663], [-99.1016726846, 19.4083880498], [-99.1019824797, 19.4083263071], [-99.1020025963, 19.4083222752], [-99.1029319817, 19.4081358612], [-99.1029856259, 19.4081265326], [-99.1031975204, 19.4080795732], [-99.1034442836, 19.4080272381], [-99.1034845168, 19.4080179095], [-99.1035220677, 19.4080098458], [-99.1035596186, 19.408001782], [-99.1035971695, 19.4079937183], [-99.1036387438, 19.4079843897], [-99.103680318, 19.407974982], [-99.10371921, 19.4079669183], [-99.1040531451, 19.4078985347], [-99.1043696457, 19.4078314951], [-99.1055860275, 19.4075900572], [-99.1056973392, 19.407568633], [-99.1057120913, 19.4075646011], [-99.1058864349, 19.4075283933], [-99.1070853824, 19.4072735945], [-99.1072905713, 19.4072279789], [-99.1074126119, 19.4072025227], [-99.108492201, 19.4069905721], [-99.1086383814, 19.40695974], [-99.1089294011, 19.4068994198], [-99.1093934232, 19.4068041565], [-99.1100519055, 19.4066566366], [-99.1101685816, 19.4066311803], [-99.1107921952, 19.4065023967], [-99.1108592504, 19.4064890361], [-99.1114144677, 19.4063723482], [-99.1117926592, 19.4062918682], [-99.1123089844, 19.4061886198], [-99.112817263, 19.4060880593], [-99.1129634434, 19.4060584919], [-99.1130801195, 19.4060343795], [-99.1131739968, 19.406015643], [-99.1132638508, 19.4059954834], [-99.1134207601, 19.4059633072], [-99.1135119552, 19.4059432267], [-99.1135924214, 19.4059244111], [-99.113638019, 19.4059136593], [-99.1136809343, 19.4059043306], [-99.1137868816, 19.4058814831], [-99.113831138, 19.4058708103]]}","{""id"": ""TTI-0e6b35d1-b793-45b4-b4a5-22dc2fb82b8b-TTL24508067572009000"", ""iconCategory"": 6, ""magnitudeOfDelay"": 1, ""startTime"": ""2026-07-04T06:59:00Z"", ""endTime"": ""2026-07-04T07:37:30Z"", ""from"": ""Calzada Ignacio Zaragoza (Viaducto Rio Piedad/Viaducto Río de la Piedad)"", ""to"": ""Francisco del Paso y Troncoso (Viaducto Rio Piedad/Viaducto Río de la Piedad)"", ""length"": 1572.3308046045, ""delay"": 85, ""roadNumbers"": [], ""timeValidity"": ""present"", ""probabilityOfOccurrence"": ""certain"", ""numberOfReports"": null, ""lastReportTime"": null, ""events"": [{""code"": 115, ""description"": ""Tráfico lento"", ""iconCategory"": 6}]}"
tomtom,tomtom_cdmx_incidents,2026-07-04T07:19:02Z,2026-07-04,20260704T071858Z,2026-07-04T07:18:59.173149,TTI-0e6b35d1-b793-45b4-b4a5-22dc2fb82b8b-TTR24505182872050001,Feature,LineString,19.4571090031,-99.0990494841,11,Flooding,0,,629.7124982495,Avenida Río Consulado (Avenida Gran Canal),Eje 3 Norte/Ángel Albino Corzo (Avenida Gran Canal),,present,certain,,2026-07-04T01:49:30Z,2026-07-04T09:43:00Z,,Inundación,907,"{""type"": ""LineString"", ""coordinates"": [[-99.1004804427, 19.4533579325], [-99.100087499, 19.4543838703], [-99.0991996879, 19.4567214287], [-99.0991675013, 19.4568072578], [-99.0991326326, 19.4568971176], [-99.0990937406, 19.4570017564], [-99.0990722829, 19.4570526531], [-99.0990494841, 19.4571090031], [-99.099009251, 19.4572028934], [-99.0989287847, 19.4573947043], [-99.0988429541, 19.457598528], [-99.0987973565, 19.4577138356], [-99.0984795147, 19.4585212237], [-99.0984674448, 19.4585507025], [-99.098419165, 19.4586767577]]}","{""id"": ""TTI-0e6b35d1-b793-45b4-b4a5-22dc2fb82b8b-TTR24505182872050001"", ""iconCategory"": 11, ""magnitudeOfDelay"": 0, ""startTime"": ""2026-07-04T01:49:30Z"", ""endTime"": ""2026-07-04T09:43:00Z"", ""from"": ""Avenida Río Consulado (Avenida Gran Canal)"", ""to"": ""Eje 3 Norte/Ángel Albino Corzo (Avenida Gran Canal)"", ""length"": 629.7124982495, ""delay"": null, ""roadNumbers"": [], ""timeValidity"": ""present"", ""probabilityOfOccurrence"": ""certain"", ""numberOfReports"": null, ""lastReportTime"": null, ""events"": [{""code"": 907, ""description"": ""Inundación"", ""iconCategory"": 11}]}"
tomtom,tomtom_cdmx_incidents,2026-07-04T07:19:02Z,2026-07-04,20260704T071858Z,2026-07-04T07:18:59.173176,TTI-0e6b35d1-b793-45b4-b4a5-22dc2fb82b8b-TTR24508067880014001,Feature,LineString,19.4263735445,-99.0983507687,8,Road closed,4,,181.2876782403,Calle Oriente 172,Calle Oriente 166,,present,probable,,2026-07-02T18:10:00Z,,,Cerrado,401,"{""type"": ""LineString"", ""coordinates"": [[-99.0975809747, 19.4259846319], [-99.0977352017, 19.4260610707], [-99.0981040055, 19.4262475433], [-99.0983507687, 19.4263735445], [-99.0985894853, 19.4264929057], [-99.0991071516, 19.4267504411]]}","{""id"": ""TTI-0e6b35d1-b793-45b4-b4a5-22dc2fb82b8b-TTR24508067880014001"", ""iconCategory"": 8, ""magnitudeOfDelay"": 4, ""startTime"": ""2026-07-02T18:10:00Z"", ""endTime"": null, ""from"": ""Calle Oriente 172"", ""to"": ""Calle Oriente 166"", ""length"": 181.2876782403, ""delay"": null, ""roadNumbers"": [], ""timeValidity"": ""present"", ""probabilityOfOccurrence"": ""probable"", ""numberOfReports"": null, ""lastReportTime"": null, ""events"": [{""code"": 401, ""description"": ""Cerrado"", ""iconCategory"": 8}]}"
tomtom,tomtom_cdmx_incidents,2026-07-04T07:19:02Z,2026-07-04,20260704T071858Z,2026-07-04T07:18:59.173195,TTI-0e6b35d1-b793-45b4-b4a5-22dc2fb82b8b-TTR24508067076011000,Feature,LineString,19.3790687805,-99.1094215864,8,Road closed,4,,2706.5379643757,Playa Manzanillo (Eje 5 S),Eje 4 Oriente (Eje 5 S),,present,certain,7.0,2026-07-04T03:13:00Z,,2026-06-01T06:07:00Z,Cerrado,401,"{""type"": ""LineString"", ""coordinates"": [[-99.1227186376, 19.3801430244], [-99.1226180548, 19.3801363035], [-99.1225389296, 19.3801336151], [-99.1224879676, 19.3801322709], [-99.1223632449, 19.3801268942], [-99.1222921664, 19.3801229407], [-99.1221768314, 19.3801189081], [-99.122044062, 19.3801121872], [-99.1219247037, 19.3801068105], [-99.1216538006, 19.3800947128], [-99.1211723441, 19.3800719408], [-99.1209845895, 19.3800638757], [-99.1208062226, 19.3800558896], [-99.1206694299, 19.3800491687], [-99.1203690225, 19.3800196757], [-99.1202536875, 19.3800156431], [-99.119951939, 19.3799954804], [-99.1198822016, 19.3799914478], [-99.1195013279, 19.3799673315], [-99.1191848272, 19.3799445594], [-99.1188897842, 19.3799230525], [-99.118861621, 19.3799203641], [-99.1186524087, 19.3799016246], [-99.1186054701, 19.379897592], [-99.1183654124, 19.3798788525], [-99.1182165498, 19.3798627222], [-99.1181950921, 19.3798600339], [-99.1181575412, 19.3798573455], [-99.1176345104, 19.3798158338], [-99.1175969595, 19.3798131455], [-99.1175714785, 19.3798104571], [-99.1173059398, 19.3797916385], [-99.1171450073, 19.3797796199], [-99.1168606931, 19.3797581129], [-99.1166622096, 19.3797434059], [-99.1165804023, 19.3797366849], [-99.116486525, 19.379729964], [-99.1163685078, 19.3797205547], [-99.1162719482, 19.3797138337], [-99.1159500832, 19.3796883732], [-99.1157515997, 19.3796723221], [-99.1156094426, 19.3796602244], [-99.1153734082, 19.3796454383], [-99.1150434965, 19.3796159452], [-99.114497667, 19.3795730893], [-99.1144265884, 19.3795677126], [-99.1141436154, 19.3795448614], [-99.1137707883, 19.3795153683], [-99.1135535294, 19.3794966287], [-99.1134744042, 19.3794885636], [-99.1132035011, 19.37947781], [-99.112893706, 19.3794563821], [-99.1128025109, 19.3794496611], [-99.1124672347, 19.3794121029], [-99.112174874, 19.3793826098], [-99.1120260114, 19.3793638702], [-99.1118436212, 19.3793222793], [-99.1111395413, 19.3792498511], [-99.1110322529, 19.3792404418], [-99.1109651977, 19.3792337208], [-99.110904848, 19.3792270789], [-99.1107975596, 19.3792163254], [-99.1106714958, 19.3792042277], [-99.110365724, 19.3791733903], [-99.1101886982, 19.3791546507], [-99.1100747043, 19.3791412088], [-99.1098266, 19.379114404], [-99.1097059006, 19.3791009621], [-99.1096562797, 19.3790955853], [-99.109544968, 19.3790835667], [-99.1094792539, 19.3790755015], [-99.1094215864, 19.3790687805], [-99.1093303913, 19.3790594503], [-99.1092687005, 19.3790500409], [-99.109224444, 19.3790473525], [-99.1086960489, 19.3790030732], [-99.1085351163, 19.3789856778], [-99.1083580905, 19.3789614823], [-99.1081126684, 19.3789360217], [-99.1079866046, 19.3789199704], [-99.1078055555, 19.3789038401], [-99.1076446229, 19.3788864446], [-99.1075547689, 19.378875691], [-99.1075024659, 19.3788730027], [-99.1074541861, 19.3788676259], [-99.1073442155, 19.3788529188], [-99.1071028167, 19.3788287233], [-99.106978094, 19.3788140162], [-99.1068976277, 19.3788032627], [-99.1068533713, 19.3788019185], [-99.1068158204, 19.3787992301], [-99.1067782694, 19.3787965417], [-99.1067420596, 19.3787925091], [-99.1064483577, 19.3787643601], [-99.1062431687, 19.3787415878], [-99.1059762889, 19.3787120946], [-99.1058824116, 19.3786999968], [-99.1058086509, 19.3786932758], [-99.1056034619, 19.3786691594], [-99.10554043, 19.37865975], [-99.1054961735, 19.3786557174], [-99.1054572815, 19.3786503406], [-99.1051394397, 19.3786168148], [-99.105014717, 19.3786007635], [-99.1047867292, 19.3785645492], [-99.1046016568, 19.3785444654], [-99.1045426482, 19.3785377444], [-99.1044407243, 19.3785269908], [-99.1043441647, 19.3785175814], [-99.1040960604, 19.3784894323], [-99.1040357107, 19.3784813671], [-99.1038774604, 19.3784626274], [-99.1037648076, 19.3784505297], [-99.1036642248, 19.3784358225], [-99.1034067327, 19.3784036409], [-99.1032913977, 19.3783915431], [-99.1031183952, 19.3783741476], [-99.1028582209, 19.3783405426], [-99.1019905263, 19.3782386206], [-99.1019449288, 19.3782319787], [-99.101845687, 19.3782212251], [-99.1017477864, 19.3782064389], [-99.1016928011, 19.3781984528], [-99.1016244048, 19.3781903876], [-99.1015546674, 19.3781809782], [-99.1014876121, 19.3781715688], [-99.1014044637, 19.3781622384], [-99.10125426, 19.3781434196], [-99.1011295372, 19.3781287125], [-99.1007781679, 19.3780857771], [-99.1004147285, 19.3780414976], [-99.1000955457, 19.3780012506], [-99.0997334474, 19.3779543617], [-99.0994276756, 19.3779141147], [-99.0991326326, 19.3778725235], [-99.0989006215, 19.3778389974], [-99.0987919921, 19.3778216019], [-99.0983695442, 19.3777585034], [-99.0980396325, 19.3777075818], [-99.0976976508, 19.3776526275], [-99.0976265723, 19.3776405297], [-99.0971196348, 19.3775466725], [-99.0970834249, 19.3775318863]]}","{""id"": ""TTI-0e6b35d1-b793-45b4-b4a5-22dc2fb82b8b-TTR24508067076011000"", ""iconCategory"": 8, ""magnitudeOfDelay"": 4, ""startTime"": ""2026-07-04T03:13:00Z"", ""endTime"": null, ""from"": ""Playa Manzanillo (Eje 5 S)"", ""to"": ""Eje 4 Oriente (Eje 5 S)"", ""length"": 2706.5379643757, ""delay"": null, ""roadNumbers"": [], ""timeValidity"": ""present"", ""probabilityOfOccurrence"": ""certain"", ""numberOfReports"": 7, ""lastReportTime"": ""2026-06-01T06:07:00Z"", ""events"": [{""code"": 401, ""description"": ""Cerrado"", ""iconCategory"": 8}]}"
tomtom,tomtom_cdmx_incidents,2026-07-04T07:19:02Z,2026-07-04,20260704T071858Z,2026-07-04T07:18:59.173326,TTI-0e6b35d1-b793-45b4-b4a5-22dc2fb82b8b-TTR24516723492015001,Feature,LineString,19.3746578701,-99.0962680334,0,Unknown,0,,82.7356453856,Eje Vial 4 Oriente Río Churubusco,Cerrada Militares,,present,certain,,2026-06-10T19:37:30Z,2026-07-20T03:00:00Z,,Partido de fútbol,1459,"{""type"": ""LineString"", ""coordinates"": [[-99.0967401022, 19.3746672797], [-99.0963847095, 19.3746605586], [-99.0962680334, 19.3746578701], [-99.0959515327, 19.3746525723]]}","{""id"": ""TTI-0e6b35d1-b793-45b4-b4a5-22dc2fb82b8b-TTR24516723492015001"", ""iconCategory"": 0, ""magnitudeOfDelay"": 0, ""startTime"": ""2026-06-10T19:37:30Z"", ""endTime"": ""2026-07-20T03:00:00Z"", ""from"": ""Eje Vial 4 Oriente Río Churubusco"", ""to"": ""Cerrada Militares"", ""length"": 82.7356453856, ""delay"": null, ""roadNumbers"": [], ""timeValidity"": ""present"", ""probabilityOfOccurrence"": ""certain"", ""numberOfReports"": null, ""lastReportTime"": null, ""events"": [{""code"": 1459, ""description"": ""Partido de fútbol"", ""iconCategory"": 0}]}"
tomtom,tomtom_cdmx_incidents,2026-07-04T07:19:02Z,2026-07-04,20260704T071858Z,2026-07-04T07:18:59.173343,TTI-0e6b35d1-b793-45b4-b4a5-22dc2fb82b8b-TTR24493642240015000,Feature,LineString,19.5335506025,-99.0955974811,8,Road closed,4,,71.1657504153,Calle del Cerro Campana,Cerrada Nevado de Toluca,,present,probable,,2026-07-02T21:16:30Z,,,Cerrado,401,"{""type"": ""LineString"", ""coordinates"": [[-99.0949229056, 19.5334769002], [-99.0955974811, 19.5335506025]]}","{""id"": ""TTI-0e6b35d1-b793-45b4-b4a5-22dc2fb82b8b-TTR24493642240015000"", ""iconCategory"": 8, ""magnitudeOfDelay"": 4, ""startTime"": ""2026-07-02T21:16:30Z"", ""endTime"": null, ""from"": ""Calle del Cerro Campana"", ""to"": ""Cerrada Nevado de Toluca"", ""length"": 71.1657504153, ""delay"": null, ""roadNumbers"": [], ""timeValidity"": ""present"", ""probabilityOfOccurrence"": ""probable"", ""numberOfReports"": null, ""lastReportTime"": null, ""events"": [{""code"": 401, ""description"": ""Cerrado"", ""iconCategory"": 8}]}"
tomtom,tomtom_cdmx_incidents,2026-07-04T07:19:02Z,2026-07-04,20260704T071858Z,2026-07-04T07:18:59.173358,TTI-0e6b35d1-b793-45b4-b4a5-22dc2fb82b8b-TTR24493642168015000,Feature,LineString,19.5334769002,-99.0949229056,8,Road closed,4,,71.1657504153,Cerrada Nevado de Toluca,Calle del Cerro Campana,,present,probable,,2026-07-02T15:30:30Z,,,Cerrado,401,"{""type"": ""LineString"", ""coordinates"": [[-99.0955974811, 19.5335506025], [-99.0949229056, 19.5334769002]]}","{""id"": ""TTI-0e6b35d1-b793-45b4-b4a5-22dc2fb82b8b-TTR24493642168015000"", ""iconCategory"": 8, ""magnitudeOfDelay"": 4, ""startTime"": ""2026-07-02T15:30:30Z"", ""endTime"": null, ""from"": ""Cerrada Nevado de Toluca"", ""to"": ""Calle del Cerro Campana"", ""length"": 71.1657504153, ""delay"": null, ""roadNumbers"": [], ""timeValidity"": ""present"", ""probabilityOfOccurrence"": ""probable"", ""numberOfReports"": null, ""lastReportTime"": null, ""events"": [{""code"": 401, ""description"": ""Cerrado"", ""iconCategory"": 8}]}"
tomtom,tomtom_cdmx_incidents,2026-07-04T07:19:02Z,2026-07-04,20260704T071858Z,2026-07-04T07:18:59.173373,TTI-0e6b35d1-b793-45b4-b4a5-22dc2fb82b8b-TTR24525379120015000,Feature,LineString,19.3295793916,-99.094529962,8,Road closed,4,,217.5954535089,Calle Hermanos Lumiere / Calle Hidalgo,Calle Palmitas,,present,probable,,2026-06-19T05:49:00Z,,,Cerrado,401,"{""type"": ""LineString"", ""coordinates"": [[-99.0938822085, 19.3294063334], [-99.0939412171, 19.3294184349], [-99.0939854735, 19.3294251579], [-99.0940659398, 19.3294439032], [-99.0942724699, 19.3294895406], [-99.0942885631, 19.3294934953], [-99.094529962, 19.3295793916], [-99.0947351509, 19.3296584857], [-99.0947659963, 19.3296705871], [-99.0949591154, 19.3297456474], [-99.0951736921, 19.3298207868], [-99.0958603376, 19.3299763647]]}","{""id"": ""TTI-0e6b35d1-b793-45b4-b4a5-22dc2fb82b8b-TTR24525379120015000"", ""iconCategory"": 8, ""magnitudeOfDelay"": 4, ""startTime"": ""2026-06-19T05:49:00Z"", ""endTime"": null, ""from"": ""Calle Hermanos Lumiere / Calle Hidalgo"", ""to"": ""Calle Palmitas"", ""length"": 217.5954535089, ""delay"": null, ""roadNumbers"": [], ""timeValidity"": ""present"", ""probabilityOfOccurrence"": ""probable"", ""numberOfReports"": null, ""lastReportTime"": null, ""events"": [{""code"": 401, ""description"": ""Cerrado"", ""iconCategory"": 8}]}"
tomtom,tomtom_cdmx_incidents,2026-07-04T07:19:02Z,2026-07-04,20260704T071858Z,2026-07-04T07:18:59.173396,TTI-0e6b35d1-b793-45b4-b4a5-22dc2fb82b8b-TTR24525379192015000,Feature,LineString,19.3294895406,-99.0942724699,8,Road closed,4,,97.5701382112,Calle Juan de la Cierva,Calle Hermanos Lumiere / Calle Hidalgo,,present,probable,,2026-06-19T05:49:30Z,,,Cerrado,401,"{""type"": ""LineString"", ""coordinates"": [[-99.0947659963, 19.3296705871], [-99.0947351509, 19.3296584857], [-99.094529962, 19.3295793916], [-99.0942885631, 19.3294934953], [-99.0942724699, 19.3294895406], [-99.0940659398, 19.3294439032], [-99.0939854735, 19.3294251579], [-99.0939412171, 19.3294184349], [-99.0938822085, 19.3294063334]]}","{""id"": ""TTI-0e6b35d1-b793-45b4-b4a5-22dc2fb82b8b-TTR24525379192015000"", ""iconCategory"": 8, ""magnitudeOfDelay"": 4, ""startTime"": ""2026-06-19T05:49:30Z"", ""endTime"": null, ""from"": ""Calle Juan de la Cierva"", ""to"": ""Calle Hermanos Lumiere / Calle Hidalgo"", ""length"": 97.5701382112, ""delay"": null, ""roadNumbers"": [], ""timeValidity"": ""present"", ""probabilityOfOccurrence"": ""probable"", ""numberOfReports"": null, ""lastReportTime"": null, ""events"": [{""code"": 401, ""description"": ""Cerrado"", ""iconCategory"": 8}]}"
tomtom,tomtom_cdmx_incidents,2026-07-04T07:19:02Z,2026-07-04,20260704T071858Z,2026-07-04T07:18:59.173417,TTI-0e6b35d1-b793-45b4-b4a5-22dc2fb82b8b-TTR24513838572014001,Feature,LineString,19.4145490782,-99.0916868204,8,Road closed,4,,205.8039080887,Avenida General Francisco Morazán,Avenida 4,,present,probable,,2026-07-04T01:34:30Z,,,Cerrado,401,"{""type"": ""LineString"", ""coordinates"": [[-99.0921495015, 19.4137202851], [-99.0921240205, 19.4137645549], [-99.0916868204, 19.4145490782], [-99.0915594155, 19.4147770667], [-99.0912429148, 19.4153617403]]}","{""id"": ""TTI-0e6b35d1-b793-45b4-b4a5-22dc2fb82b8b-TTR24513838572014001"", ""iconCategory"": 8, ""magnitudeOfDelay"": 4, ""startTime"": ""2026-07-04T01:34:30Z"", ""endTime"": null, ""from"": ""Avenida General Francisco Morazán"", ""to"": ""Avenida 4"", ""length"": 205.8039080887, ""delay"": null, ""roadNumbers"": [], ""timeValidity"": ""present"", ""probabilityOfOccurrence"": ""probable"", ""numberOfReports"": null, ""lastReportTime"": null, ""events"": [{""code"": 401, ""description"": ""Cerrado"", ""iconCategory"": 8}]}"
tomtom,tomtom_cdmx_incidents,2026-07-04T07:19:02Z,2026-07-04,20260704T071858Z,2026-07-04T07:18:59.173436,TTI-0e6b35d1-b793-45b4-b4a5-22dc2fb82b8b-TTR24513838644014001,Feature,LineString,19.413791354,-99.0916371995,8,Road closed,4,,206.1746411227,Calzada Ignacio Zaragoza,Avenida General Francisco Morazán,,present,probable,,2026-07-03T17:44:30Z,,,Cerrado,401,"{""type"": ""LineString"", ""coordinates"": [[-99.0909022743, 19.4151646622], [-99.0911275798, 19.4147422044], [-99.0913381332, 19.4143492322], [-99.0916371995, 19.413791354], [-99.0917646045, 19.4135553006], [-99.0917887443, 19.4135096868]]}","{""id"": ""TTI-0e6b35d1-b793-45b4-b4a5-22dc2fb82b8b-TTR24513838644014001"", ""iconCategory"": 8, ""magnitudeOfDelay"": 4, ""startTime"": ""2026-07-03T17:44:30Z"", ""endTime"": null, ""from"": ""Calzada Ignacio Zaragoza"", ""to"": ""Avenida General Francisco Morazán"", ""length"": 206.1746411227, ""delay"": null, ""roadNumbers"": [], ""timeValidity"": ""present"", ""probabilityOfOccurrence"": ""probable"", ""numberOfReports"": null, ""lastReportTime"": null, ""events"": [{""code"": 401, ""description"": ""Cerrado"", ""iconCategory"": 8}]}"
tomtom,tomtom_cdmx_incidents,2026-07-04T07:19:02Z,2026-07-04,20260704T071858Z,2026-07-04T07:18:59.173454,TTI-0e6b35d1-b793-45b4-b4a5-22dc2fb82b8b-TTR24513838572014000,Feature,LineString,19.4141587933,-99.0910082215,8,Road closed,4,,206.0256896975,Avenida General Francisco Morazán,Avenida 4,,present,probable,,2026-07-03T12:09:30Z,,,Cerrado,401,"{""type"": ""LineString"", ""coordinates"": [[-99.0914641971, 19.4133205909], [-99.0914360339, 19.4133702365], [-99.0912053639, 19.4137926979], [-99.0910082215, 19.4141587933], [-99.0906984264, 19.4147314532], [-99.0905696803, 19.4149701926]]}","{""id"": ""TTI-0e6b35d1-b793-45b4-b4a5-22dc2fb82b8b-TTR24513838572014000"", ""iconCategory"": 8, ""magnitudeOfDelay"": 4, ""startTime"": ""2026-07-03T12:09:30Z"", ""endTime"": null, ""from"": ""Avenida General Francisco Morazán"", ""to"": ""Avenida 4"", ""length"": 206.0256896975, ""delay"": null, ""roadNumbers"": [], ""timeValidity"": ""present"", ""probabilityOfOccurrence"": ""probable"", ""numberOfReports"": null, ""lastReportTime"": null, ""events"": [{""code"": 401, ""description"": ""Cerrado"", ""iconCategory"": 8}]}"
tomtom,tomtom_cdmx_incidents,2026-07-04T07:19:02Z,2026-07-04,20260704T071858Z,2026-07-04T07:18:59.173472,TTI-0e6b35d1-b793-45b4-b4a5-22dc2fb82b8b-TTR24496527720023000,Feature,LineString,19.5329887108,-99.0917055959,8,Road closed,4,,159.0173223596,Avenida Acueducto / Calle de la Cantera,Calle Estrellas / Calle del Cerro de las Cruces,,present,probable,,2026-06-12T05:54:00Z,,,Cerrado,401,"{""type"": ""LineString"", ""coordinates"": [[-99.0904986018, 19.532288654], [-99.0911342853, 19.5326534549], [-99.0917055959, 19.5329887108], [-99.0917833799, 19.5330235476], [-99.0917954499, 19.5330302622]]}","{""id"": ""TTI-0e6b35d1-b793-45b4-b4a5-22dc2fb82b8b-TTR24496527720023000"", ""iconCategory"": 8, ""magnitudeOfDelay"": 4, ""startTime"": ""2026-06-12T05:54:00Z"", ""endTime"": null, ""from"": ""Avenida Acueducto / Calle de la Cantera"", ""to"": ""Calle Estrellas / Calle del Cerro de las Cruces"", ""length"": 159.0173223596, ""delay"": null, ""roadNumbers"": [], ""timeValidity"": ""present"", ""probabilityOfOccurrence"": ""probable"", ""numberOfReports"": null, ""lastReportTime"": null, ""events"": [{""code"": 401, ""description"": ""Cerrado"", ""iconCategory"": 8}]}"
tomtom,tomtom_cdmx_incidents,2026-07-04T07:19:02Z,2026-07-04,20260704T071858Z,2026-07-04T07:18:59.173492,TTI-0e6b35d1-b793-45b4-b4a5-22dc2fb82b8b-TTR24496527648023000,Feature,LineString,19.5329887108,-99.0917055959,8,Road closed,4,,159.0173223596,Calle Estrellas / Calle del Cerro de las Cruces,Avenida Acueducto / Calle de la Cantera,,present,probable,,2026-06-12T05:54:30Z,,,Cerrado,401,"{""type"": ""LineString"", ""coordinates"": [[-99.0917954499, 19.5330302622], [-99.0917833799, 19.5330235476], [-99.0917055959, 19.5329887108], [-99.0911342853, 19.5326534549], [-99.0904986018, 19.532288654]]}","{""id"": ""TTI-0e6b35d1-b793-45b4-b4a5-22dc2fb82b8b-TTR24496527648023000"", ""iconCategory"": 8, ""magnitudeOfDelay"": 4, ""startTime"": ""2026-06-12T05:54:30Z"", ""endTime"": null, ""from"": ""Calle Estrellas / Calle del Cerro de las Cruces"", ""to"": ""Avenida Acueducto / Calle de la Cantera"", ""length"": 159.0173223596, ""delay"": null, ""roadNumbers"": [], ""timeValidity"": ""present"", ""probabilityOfOccurrence"": ""probable"", ""numberOfReports"": null, ""lastReportTime"": null, ""events"": [{""code"": 401, ""description"": ""Cerrado"", ""iconCategory"": 8}]}"
tomtom,tomtom_cdmx_incidents,2026-07-04T07:19:02Z,2026-07-04,20260704T071858Z,2026-07-04T07:18:59.173525,TTI-0e6b35d1-b793-45b4-b4a5-22dc2fb82b8b-TTR24496527624007000,Feature,LineString,19.5324737404,-99.0901096815,8,Road closed,4,,45.6587277494,Calle del Cerro Estrella,Avenida Acueducto,,present,probable,,2026-06-13T15:40:30Z,,,Cerrado,401,"{""type"": ""LineString"", ""coordinates"": [[-99.0904986018, 19.532288654], [-99.0901096815, 19.5324737404]]}","{""id"": ""TTI-0e6b35d1-b793-45b4-b4a5-22dc2fb82b8b-TTR24496527624007000"", ""iconCategory"": 8, ""magnitudeOfDelay"": 4, ""startTime"": ""2026-06-13T15:40:30Z"", ""endTime"": null, ""from"": ""Calle del Cerro Estrella"", ""to"": ""Avenida Acueducto"", ""length"": 45.6587277494, ""delay"": null, ""roadNumbers"": [], ""timeValidity"": ""present"", ""probabilityOfOccurrence"": ""probable"", ""numberOfReports"": null, ""lastReportTime"": null, ""events"": [{""code"": 401, ""description"": ""Cerrado"", ""iconCategory"": 8}]}"
tomtom,tomtom_cdmx_incidents,2026-07-04T07:19:02Z,2026-07-04,20260704T071858Z,2026-07-04T07:18:59.173541,TTI-0e6b35d1-b793-45b4-b4a5-22dc2fb82b8b-TTR24496527696007000,Feature,LineString,19.532288654,-99.0904986018,8,Road closed,4,,45.6587277494,Avenida Acueducto,Calle del Cerro Estrella,,present,probable,,2026-06-25T01:19:00Z,,,Cerrado,401,"{""type"": ""LineString"", ""coordinates"": [[-99.0901096815, 19.5324737404], [-99.0904986018, 19.532288654]]}","{""id"": ""TTI-0e6b35d1-b793-45b4-b4a5-22dc2fb82b8b-TTR24496527696007000"", ""iconCategory"": 8, ""magnitudeOfDelay"": 4, ""startTime"": ""2026-06-25T01:19:00Z"", ""endTime"": null, ""from"": ""Avenida Acueducto"", ""to"": ""Calle del Cerro Estrella"", ""length"": 45.6587277494, ""delay"": null, ""roadNumbers"": [], ""timeValidity"": ""present"", ""probabilityOfOccurrence"": ""probable"", ""numberOfReports"": null, ""lastReportTime"": null, ""events"": [{""code"": 401, ""description"": ""Cerrado"", ""iconCategory"": 8}]}"
tomtom,tomtom_cdmx_incidents,2026-07-04T07:19:02Z,2026-07-04,20260704T071858Z,2026-07-04T07:18:59.173556,TTI-0e6b35d1-b793-45b4-b4a5-22dc2fb82b8b-TTR24513838644014000,Feature,LineString,19.4131597168,-99.0906179601,8,Road closed,4,,205.6245392272,Avenida 4,Avenida General Francisco Morazán,,present,probable,,2026-07-03T14:24:00Z,,,Cerrado,401,"{""type"": ""LineString"", ""coordinates"": [[-99.0898454839, 19.4145531099], [-99.0900895649, 19.4141145236], [-99.0902934128, 19.413748428], [-99.0906179601, 19.4131597168], [-99.0906488055, 19.4131006638], [-99.0906997675, 19.4130201872], [-99.0907587761, 19.412916943]]}","{""id"": ""TTI-0e6b35d1-b793-45b4-b4a5-22dc2fb82b8b-TTR24513838644014000"", ""iconCategory"": 8, ""magnitudeOfDelay"": 4, ""startTime"": ""2026-07-03T14:24:00Z"", ""endTime"": null, ""from"": ""Avenida 4"", ""to"": ""Avenida General Francisco Morazán"", ""length"": 205.6245392272, ""delay"": null, ""roadNumbers"": [], ""timeValidity"": ""present"", ""probabilityOfOccurrence"": ""probable"", ""numberOfReports"": null, ""lastReportTime"": null, ""events"": [{""code"": 401, ""description"": ""Cerrado"", ""iconCategory"": 8}]}"
tomtom,tomtom_cdmx_incidents,2026-07-04T07:19:02Z,2026-07-04,20260704T071858Z,2026-07-04T07:18:59.173575,TTI-0e6b35d1-b793-45b4-b4a5-22dc2fb82b8b-TTR24513838680014000,Feature,LineString,19.4143492322,-99.0913381332,8,Road closed,4,,411.3279826098,Calle 41,Calle 23,,present,probable,,2026-07-03T14:05:00Z,,,Cerrado,401,"{""type"": ""LineString"", ""coordinates"": [[-99.0897073501, 19.4134118186], [-99.090026533, 19.4135834437], [-99.0902934128, 19.413748428], [-99.0903631503, 19.4137886662], [-99.0904355699, 19.4138302482], [-99.0906635577, 19.4139616347], [-99.0910082215, 19.4141587933], [-99.0913381332, 19.4143492322], [-99.0916868204, 19.4145490782], [-99.0918598229, 19.4146496335], [-99.0920261198, 19.4147435483], [-99.0923707837, 19.4149406269], [-99.0927127653, 19.4151364404], [-99.0930574292, 19.4153349415]]}","{""id"": ""TTI-0e6b35d1-b793-45b4-b4a5-22dc2fb82b8b-TTR24513838680014000"", ""iconCategory"": 8, ""magnitudeOfDelay"": 4, ""startTime"": ""2026-07-03T14:05:00Z"", ""endTime"": null, ""from"": ""Calle 41"", ""to"": ""Calle 23"", ""length"": 411.3279826098, ""delay"": null, ""roadNumbers"": [], ""timeValidity"": ""present"", ""probabilityOfOccurrence"": ""probable"", ""numberOfReports"": null, ""lastReportTime"": null, ""events"": [{""code"": 401, ""description"": ""Cerrado"", ""iconCategory"": 8}]}"
tomtom,tomtom_cdmx_incidents,2026-07-04T07:19:02Z,2026-07-04,20260704T071858Z,2026-07-04T07:18:59.173601,TTI-0e6b35d1-b793-45b4-b4a5-22dc2fb82b8b-TTR24513838608006000,Feature,LineString,19.4141587933,-99.0910082215,8,Road closed,4,,411.3279826098,Calle 23,Calle 41,,present,probable,,2026-07-03T15:00:30Z,,,Cerrado,401,"{""type"": ""LineString"", ""coordinates"": [[-99.0930574292, 19.4153349415], [-99.0927127653, 19.4151364404], [-99.0923707837, 19.4149406269], [-99.0920261198, 19.4147435483], [-99.0918598229, 19.4146496335], [-99.0916868204, 19.4145490782], [-99.0913381332, 19.4143492322], [-99.0910082215, 19.4141587933], [-99.0906635577, 19.4139616347], [-99.0904355699, 19.4138302482], [-99.0903631503, 19.4137886662], [-99.0902934128, 19.413748428], [-99.090026533, 19.4135834437], [-99.0897073501, 19.4134118186]]}","{""id"": ""TTI-0e6b35d1-b793-45b4-b4a5-22dc2fb82b8b-TTR24513838608006000"", ""iconCategory"": 8, ""magnitudeOfDelay"": 4, ""startTime"": ""2026-07-03T15:00:30Z"", ""endTime"": null, ""from"": ""Calle 23"", ""to"": ""Calle 41"", ""length"": 411.3279826098, ""delay"": null, ""roadNumbers"": [], ""timeValidity"": ""present"", ""probabilityOfOccurrence"": ""probable"", ""numberOfReports"": null, ""lastReportTime"": null, ""events"": [{""code"": 401, ""description"": ""Cerrado"", ""iconCategory"": 8}]}"
tomtom,tomtom_cdmx_incidents,2026-07-04T07:19:02Z,2026-07-04,20260704T071858Z,2026-07-04T07:18:59.173629,TTI-0e6b35d1-b793-45b4-b4a5-22dc2fb82b8b-TTR24513838456017001,Feature,LineString,19.4079615425,-99.0889187807,0,Unknown,0,,197.4727551008,Calle Río Churubusco/Boulevard Puerto Aereo (Viaducto Rio Piedad/Viaducto Río de la Piedad),Calzada Ignacio Zaragoza (Viaducto Rio Piedad/Viaducto Río de la Piedad),,present,certain,,2026-06-11T18:58:00Z,2026-07-20T03:00:00Z,,Partido de fútbol,1459,"{""type"": ""LineString"", ""coordinates"": [[-99.0900949293, 19.4081184688], [-99.0895692164, 19.4080420216], [-99.0895169133, 19.4080353018], [-99.0894646102, 19.4080285821], [-99.0889187807, 19.4079615425], [-99.0887256616, 19.4079374303], [-99.0886063033, 19.4079226468], [-99.0884614641, 19.4079025666], [-99.0882307941, 19.4078690468]]}","{""id"": ""TTI-0e6b35d1-b793-45b4-b4a5-22dc2fb82b8b-TTR24513838456017001"", ""iconCategory"": 0, ""magnitudeOfDelay"": 0, ""startTime"": ""2026-06-11T18:58:00Z"", ""endTime"": ""2026-07-20T03:00:00Z"", ""from"": ""Calle Río Churubusco/Boulevard Puerto Aereo (Viaducto Rio Piedad/Viaducto Río de la Piedad)"", ""to"": ""Calzada Ignacio Zaragoza (Viaducto Rio Piedad/Viaducto Río de la Piedad)"", ""length"": 197.4727551008, ""delay"": null, ""roadNumbers"": [], ""timeValidity"": ""present"", ""probabilityOfOccurrence"": ""certain"", ""numberOfReports"": null, ""lastReportTime"": null, ""events"": [{""code"": 1459, ""description"": ""Partido de fútbol"", ""iconCategory"": 0}]}"
tomtom,tomtom_cdmx_incidents,2026-07-04T07:19:02Z,2026-07-04,20260704T071858Z,2026-07-04T07:18:59.173651,TTI-0e6b35d1-b793-45b4-b4a5-22dc2fb82b8b-TTR24528264520007000,Feature,LineString,19.3224580719,-99.0860903913,8,Road closed,4,,43.9303071275,Avenida Tláhuac / Cerrada San Francisco de Asís,Cerrada Anáhuac,,present,probable,,2026-06-18T20:03:30Z,,,Cerrado,401,"{""type"": ""LineString"", ""coordinates"": [[-99.0865034515, 19.3225224574], [-99.0860903913, 19.3224580719]]}","{""id"": ""TTI-0e6b35d1-b793-45b4-b4a5-22dc2fb82b8b-TTR24528264520007000"", ""iconCategory"": 8, ""magnitudeOfDelay"": 4, ""startTime"": ""2026-06-18T20:03:30Z"", ""endTime"": null, ""from"": ""Avenida Tláhuac / Cerrada San Francisco de Asís"", ""to"": ""Cerrada Anáhuac"", ""length"": 43.9303071275, ""delay"": null, ""roadNumbers"": [], ""timeValidity"": ""present"", ""probabilityOfOccurrence"": ""probable"", ""numberOfReports"": null, ""lastReportTime"": null, ""events"": [{""code"": 401, ""description"": ""Cerrado"", ""iconCategory"": 8}]}"
tomtom,tomtom_cdmx_incidents,2026-07-04T07:19:02Z,2026-07-04,20260704T071858Z,2026-07-04T07:18:59.173666,TTI-0e6b35d1-b793-45b4-b4a5-22dc2fb82b8b-TTR24528264592007000,Feature,LineString,19.3225224574,-99.0865034515,8,Road closed,4,,43.9303071275,Cerrada Anáhuac,Avenida Tláhuac / Cerrada San Francisco de Asís,,present,probable,,2026-03-25T22:55:00Z,,,Cerrado,401,"{""type"": ""LineString"", ""coordinates"": [[-99.0860903913, 19.3224580719], [-99.0865034515, 19.3225224574]]}","{""id"": ""TTI-0e6b35d1-b793-45b4-b4a5-22dc2fb82b8b-TTR24528264592007000"", ""iconCategory"": 8, ""magnitudeOfDelay"": 4, ""startTime"": ""2026-03-25T22:55:00Z"", ""endTime"": null, ""from"": ""Cerrada Anáhuac"", ""to"": ""Avenida Tláhuac / Cerrada San Francisco de Asís"", ""length"": 43.9303071275, ""delay"": null, ""roadNumbers"": [], ""timeValidity"": ""present"", ""probabilityOfOccurrence"": ""probable"", ""numberOfReports"": null, ""lastReportTime"": null, ""events"": [{""code"": 401, ""description"": ""Cerrado"", ""iconCategory"": 8}]}"
tomtom,tomtom_cdmx_incidents,2026-07-04T07:19:02Z,2026-07-04,20260704T071858Z,2026-07-04T07:18:59.173682,TTI-0e6b35d1-b793-45b4-b4a5-22dc2fb82b8b-TTL24513838572053000,Feature,LineString,19.4139656664,-99.0871444994,6,Jam,2,123.0,1051.6419905392,Granjas México,Calle Economía,,present,certain,,2026-07-04T07:01:00Z,2026-07-04T07:37:30Z,,Tráfico en cola,108,"{""type"": ""LineString"", ""coordinates"": [[-99.0902585441, 19.4083678905], [-99.0902156288, 19.4084403058], [-99.0901901478, 19.4084899529], [-99.0900801772, 19.4087112301], [-99.090026533, 19.4088279164], [-99.0899903232, 19.4089043633], [-99.0895571464, 19.4096848781], [-99.0894002372, 19.4099812562], [-99.0891950482, 19.410351392], [-99.08906362, 19.4105659471], [-99.0885781402, 19.4114511221], [-99.0884829217, 19.4116134208], [-99.0879867131, 19.4124287855], [-99.0879706198, 19.4124596165], [-99.0875468308, 19.4132387704], [-99.0874556357, 19.4134077869], [-99.0873912627, 19.4135231259], [-99.0872008258, 19.4138637668], [-99.0871579105, 19.4139415552], [-99.0871444994, 19.4139656664], [-99.0870814675, 19.4140715977], [-99.0870077068, 19.4142017192], [-99.0869044417, 19.4143760312], [-99.0868990773, 19.4143854385], [-99.0868467742, 19.4144699462], [-99.0867341215, 19.4146550091], [-99.0867046172, 19.4147033104], [-99.0866603607, 19.4147757228], [-99.0866281742, 19.4148293206], [-99.0865262503, 19.4149943037], [-99.0864377374, 19.4151364404], [-99.0862982625, 19.415353756], [-99.0860810036, 19.415695737], [-99.0856947655, 19.4162951901], [-99.0855244452, 19.416570133], [-99.0855043286, 19.4166076827], [-99.0854855532, 19.4166398568], [-99.0854667777, 19.4166706871]]}","{""id"": ""TTI-0e6b35d1-b793-45b4-b4a5-22dc2fb82b8b-TTL24513838572053000"", ""iconCategory"": 6, ""magnitudeOfDelay"": 2, ""startTime"": ""2026-07-04T07:01:00Z"", ""endTime"": ""2026-07-04T07:37:30Z"", ""from"": ""Granjas México"", ""to"": ""Calle Economía"", ""length"": 1051.6419905392, ""delay"": 123, ""roadNumbers"": [], ""timeValidity"": ""present"", ""probabilityOfOccurrence"": ""certain"", ""numberOfReports"": null, ""lastReportTime"": null, ""events"": [{""code"": 108, ""description"": ""Tráfico en cola"", ""iconCategory"": 6}]}"
tomtom,tomtom_cdmx_incidents,2026-07-04T07:19:02Z,2026-07-04,20260704T071858Z,2026-07-04T07:18:59.173727,TTI-0e6b35d1-b793-45b4-b4a5-22dc2fb82b8b-TTR24531149752023000,Feature,LineString,19.3061583252,-99.0844783837,8,Road closed,4,,161.7003454111,Calle 21,Calle 22,,present,probable,,2026-07-03T16:24:30Z,,,Cerrado,401,"{""type"": ""LineString"", ""coordinates"": [[-99.0841310376, 19.3065847824], [-99.0844783837, 19.3061583252], [-99.0850657874, 19.3054287335]]}","{""id"": ""TTI-0e6b35d1-b793-45b4-b4a5-22dc2fb82b8b-TTR24531149752023000"", ""iconCategory"": 8, ""magnitudeOfDelay"": 4, ""startTime"": ""2026-07-03T16:24:30Z"", ""endTime"": null, ""from"": ""Calle 21"", ""to"": ""Calle 22"", ""length"": 161.7003454111, ""delay"": null, ""roadNumbers"": [], ""timeValidity"": ""present"", ""probabilityOfOccurrence"": ""probable"", ""numberOfReports"": null, ""lastReportTime"": null, ""events"": [{""code"": 401, ""description"": ""Cerrado"", ""iconCategory"": 8}]}"
tomtom,tomtom_cdmx_incidents,2026-07-04T07:19:02Z,2026-07-04,20260704T071858Z,2026-07-04T07:18:59.173743,TTI-0e6b35d1-b793-45b4-b4a5-22dc2fb82b8b-TTR24531149680023000,Feature,LineString,19.3061583252,-99.0844783837,8,Road closed,4,,161.7003454111,Calle 22,Calle 21,,present,probable,,2026-07-03T18:02:00Z,,,Cerrado,401,"{""type"": ""LineString"", ""coordinates"": [[-99.0850657874, 19.3054287335], [-99.0844783837, 19.3061583252], [-99.0841310376, 19.3065847824]]}","{""id"": ""TTI-0e6b35d1-b793-45b4-b4a5-22dc2fb82b8b-TTR24531149680023000"", ""iconCategory"": 8, ""magnitudeOfDelay"": 4, ""startTime"": ""2026-07-03T18:02:00Z"", ""endTime"": null, ""from"": ""Calle 22"", ""to"": ""Calle 21"", ""length"": 161.7003454111, ""delay"": null, ""roadNumbers"": [], ""timeValidity"": ""present"", ""probabilityOfOccurrence"": ""probable"", ""numberOfReports"": null, ""lastReportTime"": null, ""events"": [{""code"": 401, ""description"": ""Cerrado"", ""iconCategory"": 8}]}"
tomtom,tomtom_cdmx_incidents,2026-07-04T07:19:02Z,2026-07-04,20260704T071858Z,2026-07-04T07:18:59.173758,TTI-0e6b35d1-b793-45b4-b4a5-22dc2fb82b8b-TTL24510953416022000,Feature,LineString,19.435660691,-99.0840747112,6,Jam,3,162.0,189.4714652639,Boulevard Puerto Aéreo,Calle Matilde Márquez,,present,certain,,2026-07-04T06:45:30Z,2026-07-04T07:37:30Z,,Tráfico parado,101,"{""type"": ""LineString"", ""coordinates"": [[-99.0857832784, 19.4359303053], [-99.0841149443, 19.435660691], [-99.0840747112, 19.435660691], [-99.0840411836, 19.4356674096], [-99.084007656, 19.4356875655]]}","{""id"": ""TTI-0e6b35d1-b793-45b4-b4a5-22dc2fb82b8b-TTL24510953416022000"", ""iconCategory"": 6, ""magnitudeOfDelay"": 3, ""startTime"": ""2026-07-04T06:45:30Z"", ""endTime"": ""2026-07-04T07:37:30Z"", ""from"": ""Boulevard Puerto Aéreo"", ""to"": ""Calle Matilde Márquez"", ""length"": 189.4714652639, ""delay"": 162, ""roadNumbers"": [], ""timeValidity"": ""present"", ""probabilityOfOccurrence"": ""certain"", ""numberOfReports"": null, ""lastReportTime"": null, ""events"": [{""code"": 101, ""description"": ""Tráfico parado"", ""iconCategory"": 6}]}"
tomtom,tomtom_cdmx_incidents,2026-07-04T07:19:02Z,2026-07-04,20260704T071858Z,2026-07-04T07:18:59.173776,TTI-0e6b35d1-b793-45b4-b4a5-22dc2fb82b8b-TTR24516723792014000,Feature,LineString,19.3930484991,-99.0843295211,8,Road closed,4,,96.5387577393,Avenida Ernesto Peralta Uruchurtu,Calle Oriente 217,,present,probable,,2026-06-28T10:41:00Z,,,Cerrado,401,"{""type"": ""LineString"", ""coordinates"": [[-99.0847895199, 19.3933126497], [-99.0843295211, 19.3930484991], [-99.0840036327, 19.3928607235]]}","{""id"": ""TTI-0e6b35d1-b793-45b4-b4a5-22dc2fb82b8b-TTR24516723792014000"", ""iconCategory"": 8, ""magnitudeOfDelay"": 4, ""startTime"": ""2026-06-28T10:41:00Z"", ""endTime"": null, ""from"": ""Avenida Ernesto Peralta Uruchurtu"", ""to"": ""Calle Oriente 217"", ""length"": 96.5387577393, ""delay"": null, ""roadNumbers"": [], ""timeValidity"": ""present"", ""probabilityOfOccurrence"": ""probable"", ""numberOfReports"": null, ""lastReportTime"": null, ""events"": [{""code"": 401, ""description"": ""Cerrado"", ""iconCategory"": 8}]}"
tomtom,tomtom_cdmx_incidents,2026-07-04T07:19:02Z,2026-07-04,20260704T071858Z,2026-07-04T07:18:59.173792,TTI-0e6b35d1-b793-45b4-b4a5-22dc2fb82b8b-TTR24531149680023001,Feature,LineString,19.3081377702,-99.0828636938,8,Road closed,4,,161.7143310003,Calle 20,Calle 18,,present,probable,,2026-07-04T02:23:30Z,,,Cerrado,401,"{""type"": ""LineString"", ""coordinates"": [[-99.0831962878, 19.3077273753], [-99.0828636938, 19.3081377702], [-99.0822521502, 19.3088767632]]}","{""id"": ""TTI-0e6b35d1-b793-45b4-b4a5-22dc2fb82b8b-TTR24531149680023001"", ""iconCategory"": 8, ""magnitudeOfDelay"": 4, ""startTime"": ""2026-07-04T02:23:30Z"", ""endTime"": null, ""from"": ""Calle 20"", ""to"": ""Calle 18"", ""length"": 161.7143310003, ""delay"": null, ""roadNumbers"": [], ""timeValidity"": ""present"", ""probabilityOfOccurrence"": ""probable"", ""numberOfReports"": null, ""lastReportTime"": null, ""events"": [{""code"": 401, ""description"": ""Cerrado"", ""iconCategory"": 8}]}"
tomtom,tomtom_cdmx_incidents,2026-07-04T07:19:02Z,2026-07-04,20260704T071858Z,2026-07-04T07:18:59.173807,TTI-0e6b35d1-b793-45b4-b4a5-22dc2fb82b8b-TTR24531149752022000,Feature,LineString,19.3093099372,-99.0824184471,8,Road closed,4,,161.4252591594,Periférico Canal de Garay / Avenida Manuel Ávila Camacho,Calle 18,,present,probable,,2026-07-03T18:14:00Z,,,Cerrado,401,"{""type"": ""LineString"", ""coordinates"": [[-99.0816513354, 19.310272788], [-99.0820308679, 19.3097953976], [-99.0824184471, 19.3093099372], [-99.0825780386, 19.3091140756]]}","{""id"": ""TTI-0e6b35d1-b793-45b4-b4a5-22dc2fb82b8b-TTR24531149752022000"", ""iconCategory"": 8, ""magnitudeOfDelay"": 4, ""startTime"": ""2026-07-03T18:14:00Z"", ""endTime"": null, ""from"": ""Periférico Canal de Garay / Avenida Manuel Ávila Camacho"", ""to"": ""Calle 18"", ""length"": 161.4252591594, ""delay"": null, ""roadNumbers"": [], ""timeValidity"": ""present"", ""probabilityOfOccurrence"": ""probable"", ""numberOfReports"": null, ""lastReportTime"": null, ""events"": [{""code"": 401, ""description"": ""Cerrado"", ""iconCategory"": 8}]}"
tomtom,tomtom_cdmx_incidents,2026-07-04T07:19:02Z,2026-07-04,20260704T071858Z,2026-07-04T07:18:59.173824,TTI-0e6b35d1-b793-45b4-b4a5-22dc2fb82b8b-TTR24531149680022000,Feature,LineString,19.3097953976,-99.0820308679,8,Road closed,4,,161.4252591594,Calle 18,Periférico Canal de Garay / Avenida Manuel Ávila Camacho,,present,probable,,2026-07-03T05:19:00Z,,,Cerrado,401,"{""type"": ""LineString"", ""coordinates"": [[-99.0825780386, 19.3091140756], [-99.0824184471, 19.3093099372], [-99.0820308679, 19.3097953976], [-99.0816513354, 19.310272788]]}","{""id"": ""TTI-0e6b35d1-b793-45b4-b4a5-22dc2fb82b8b-TTR24531149680022000"", ""iconCategory"": 8, ""magnitudeOfDelay"": 4, ""startTime"": ""2026-07-03T05:19:00Z"", ""endTime"": null, ""from"": ""Calle 18"", ""to"": ""Periférico Canal de Garay / Avenida Manuel Ávila Camacho"", ""length"": 161.4252591594, ""delay"": null, ""roadNumbers"": [], ""timeValidity"": ""present"", ""probabilityOfOccurrence"": ""probable"", ""numberOfReports"": null, ""lastReportTime"": null, ""events"": [{""code"": 401, ""description"": ""Cerrado"", ""iconCategory"": 8}]}"
tomtom,tomtom_cdmx_incidents,2026-07-04T07:19:02Z,2026-07-04,20260704T071858Z,2026-07-04T07:18:59.173843,TTI-0e6b35d1-b793-45b4-b4a5-22dc2fb82b8b-TTR24508068376002001,Feature,LineString,19.4639245195,-99.0815614814,9,Road works,0,,110.400499019,Avenida 535 (Avenida 510/Eje 4 Nte),Avenida Ingeniero José Loreto Fabela (Talisman/Eje 4 Nte),,present,probable,,2026-07-03T22:26:30Z,,,Obras | Nuevo trazado de carretera por obras,"701,810","{""type"": ""LineString"", ""coordinates"": [[-99.0824439281, 19.4641390828], [-99.082005387, 19.4640317617], [-99.0815614814, 19.4639245195], [-99.0814434642, 19.4638936982], [-99.0814246887, 19.4638896678]]}","{""id"": ""TTI-0e6b35d1-b793-45b4-b4a5-22dc2fb82b8b-TTR24508068376002001"", ""iconCategory"": 9, ""magnitudeOfDelay"": 0, ""startTime"": ""2026-07-03T22:26:30Z"", ""endTime"": null, ""from"": ""Avenida 535 (Avenida 510/Eje 4 Nte)"", ""to"": ""Avenida Ingeniero José Loreto Fabela (Talisman/Eje 4 Nte)"", ""length"": 110.400499019, ""delay"": null, ""roadNumbers"": [], ""timeValidity"": ""present"", ""probabilityOfOccurrence"": ""probable"", ""numberOfReports"": null, ""lastReportTime"": null, ""events"": [{""code"": 701, ""description"": ""Obras"", ""iconCategory"": 9}, {""code"": 810, ""description"": ""Nuevo trazado de carretera por obras"", ""iconCategory"": 9}]}"
tomtom,tomtom_cdmx_incidents,2026-07-04T07:19:02Z,2026-07-04,20260704T071858Z,2026-07-04T07:18:59.173863,TTI-0e6b35d1-b793-45b4-b4a5-22dc2fb82b8b-TTR24531149788006000,Feature,LineString,19.307967458,-99.0809834653,8,Road closed,4,,125.9324353997,Calle 10,Periférico Canal de Garay / Avenida Manuel Ávila Camacho,,present,probable,,2026-07-04T02:38:00Z,,,Cerrado,401,"{""type"": ""LineString"", ""coordinates"": [[-99.0803491229, 19.3074940162], [-99.0806656236, 19.3077314097], [-99.0809834653, 19.307967458], [-99.0812946016, 19.3081914031]]}","{""id"": ""TTI-0e6b35d1-b793-45b4-b4a5-22dc2fb82b8b-TTR24531149788006000"", ""iconCategory"": 8, ""magnitudeOfDelay"": 4, ""startTime"": ""2026-07-04T02:38:00Z"", ""endTime"": null, ""from"": ""Calle 10"", ""to"": ""Periférico Canal de Garay / Avenida Manuel Ávila Camacho"", ""length"": 125.9324353997, ""delay"": null, ""roadNumbers"": [], ""timeValidity"": ""present"", ""probabilityOfOccurrence"": ""probable"", ""numberOfReports"": null, ""lastReportTime"": null, ""events"": [{""code"": 401, ""description"": ""Cerrado"", ""iconCategory"": 8}]}"
tomtom,tomtom_cdmx_incidents,2026-07-04T07:19:02Z,2026-07-04,20260704T071858Z,2026-07-04T07:18:59.173880,TTI-0e6b35d1-b793-45b4-b4a5-22dc2fb82b8b-TTL24510953592014000,Feature,LineString,19.4386795395,-99.0801667327,6,Jam,3,240.0,217.8572051544,Calle Morelos,Calle Quetzalcoatl,,present,certain,,2026-07-04T07:14:30Z,2026-07-04T07:37:30Z,,Tráfico parado,101,"{""type"": ""LineString"", ""coordinates"": [[-99.0801224762, 19.4398315608], [-99.0801251584, 19.4397564722], [-99.0801425928, 19.439252192], [-99.0801425928, 19.439234803], [-99.0801667327, 19.4386795395], [-99.0802244002, 19.4380264208], [-99.0802485401, 19.4379473002], [-99.0802699977, 19.4378816167]]}","{""id"": ""TTI-0e6b35d1-b793-45b4-b4a5-22dc2fb82b8b-TTL24510953592014000"", ""iconCategory"": 6, ""magnitudeOfDelay"": 3, ""startTime"": ""2026-07-04T07:14:30Z"", ""endTime"": ""2026-07-04T07:37:30Z"", ""from"": ""Calle Morelos"", ""to"": ""Calle Quetzalcoatl"", ""length"": 217.8572051544, ""delay"": 240, ""roadNumbers"": [], ""timeValidity"": ""present"", ""probabilityOfOccurrence"": ""certain"", ""numberOfReports"": null, ""lastReportTime"": null, ""events"": [{""code"": 101, ""description"": ""Tráfico parado"", ""iconCategory"": 6}]}"
tomtom,tomtom_cdmx_incidents,2026-07-04T07:19:02Z,2026-07-04,20260704T071858Z,2026-07-04T07:18:59.173900,TTI-0e6b35d1-b793-45b4-b4a5-22dc2fb82b8b-TTR24522494368011000,Feature,LineString,19.3668995842,-99.0872249657,8,Road closed,4,,2586.0383769535,Ferrocarril San Rafael Atlixco (Eje 6 S),Eje 4 Oriente (Eje 6 S),,present,probable,,2026-07-03T15:37:30Z,,,Cerrado,401,"{""type"": ""LineString"", ""coordinates"": [[-99.0800755376, 19.3715653225], [-99.0800969952, 19.3716069153], [-99.0801908726, 19.3716712814], [-99.0802431756, 19.3717048086], [-99.0802901143, 19.3717262376], [-99.0803866738, 19.3717624534], [-99.0805583352, 19.3718254751], [-99.0807796174, 19.3718818547], [-99.0809673721, 19.3719140377], [-99.0811671966, 19.3719462206], [-99.0813415402, 19.3719568956], [-99.0816499943, 19.3719489091], [-99.0817398483, 19.3719341224], [-99.0818082446, 19.3719180704], [-99.0818887109, 19.3718965624], [-99.0820255035, 19.3718442947], [-99.0821220631, 19.3718053904], [-99.082262879, 19.3717464014], [-99.0824372226, 19.3716618716], [-99.0825686509, 19.3715774208], [-99.0826383883, 19.3715103662], [-99.0827148312, 19.3714392788], [-99.0827564055, 19.3714003744], [-99.0829897577, 19.3711442539], [-99.0834350044, 19.3706144571], [-99.0836898142, 19.3703100208], [-99.0838802511, 19.3700739835], [-99.0839768106, 19.3699613813], [-99.0841404253, 19.3697708905], [-99.0843764597, 19.3694852725], [-99.0846661383, 19.3691338635], [-99.0848740095, 19.3688871494], [-99.0849745923, 19.3687624479], [-99.0850161666, 19.3687127886], [-99.0853541249, 19.3683091092], [-99.0856035704, 19.3680100458], [-99.0857390219, 19.3678504713], [-99.0857859606, 19.3677967789], [-99.0858328992, 19.3677431656], [-99.0858905667, 19.3676761095], [-99.0860434526, 19.3674951051], [-99.0861064845, 19.3674293931], [-99.0861829275, 19.367354271], [-99.0863358134, 19.3672308336], [-99.0864793116, 19.3671410033], [-99.0865879411, 19.3670847012], [-99.0866952294, 19.3670323529], [-99.0868038589, 19.366990838], [-99.0869191939, 19.3669505883], [-99.0870345289, 19.3669251258], [-99.0871270651, 19.3669116828], [-99.0872249657, 19.3668995842], [-99.0874435657, 19.366884876], [-99.0876514369, 19.366884876], [-99.0878713781, 19.3668875646], [-99.0879397744, 19.3668902532], [-99.0880658382, 19.3668956304], [-99.0881007069, 19.3668969747], [-99.0881288701, 19.3668969747], [-99.0881771499, 19.3668969747], [-99.0890864188, 19.3669157157], [-99.0893626863, 19.3669210929], [-99.0897288078, 19.3669264701], [-99.0899983698, 19.3669452111], [-99.0904637331, 19.3669573097], [-99.0910712534, 19.3669747065], [-99.0919148082, 19.3669921823], [-99.0920676941, 19.3669975594], [-99.0922487432, 19.3670028575], [-99.0929769629, 19.3670176447], [-99.0940444821, 19.3670525173], [-99.0944494957, 19.3670578944], [-99.0949483866, 19.367069914], [-99.0951093191, 19.3670726026], [-99.0953761989, 19.3670900784], [-99.0957597548, 19.3671289837], [-99.0961795205, 19.3671933516], [-99.0962908322, 19.3672134369], [-99.0966448838, 19.3672778046], [-99.0967776531, 19.36731671], [-99.0968420261, 19.3673367953], [-99.0969131047, 19.3673583039], [-99.0970150286, 19.3673918321], [-99.0971129292, 19.367419983], [-99.097391879, 19.3675004031], [-99.0977499539, 19.367607709], [-99.0981321687, 19.367725769], [-99.0993324572, 19.3681039085], [-99.0995979959, 19.3681857516], [-99.099804526, 19.368250119], [-99.1001357788, 19.3683480143], [-99.100267207, 19.3683922965], [-99.100382542, 19.3684351554], [-99.1004992181, 19.3684834704], [-99.1005850488, 19.3685183426], [-99.100664174, 19.3685626248], [-99.1007392758, 19.3686162378], [-99.1008961851, 19.3687611036], [-99.1010074967, 19.3688884936], [-99.1011147851, 19.3690453786], [-99.1011764759, 19.3691647819], [-99.1013467962, 19.369638124]]}","{""id"": ""TTI-0e6b35d1-b793-45b4-b4a5-22dc2fb82b8b-TTR24522494368011000"", ""iconCategory"": 8, ""magnitudeOfDelay"": 4, ""startTime"": ""2026-07-03T15:37:30Z"", ""endTime"": null, ""from"": ""Ferrocarril San Rafael Atlixco (Eje 6 S)"", ""to"": ""Eje 4 Oriente (Eje 6 S)"", ""length"": 2586.0383769535, ""delay"": null, ""roadNumbers"": [], ""timeValidity"": ""present"", ""probabilityOfOccurrence"": ""probable"", ""numberOfReports"": null, ""lastReportTime"": null, ""events"": [{""code"": 401, ""description"": ""Cerrado"", ""iconCategory"": 8}]}"
tomtom,tomtom_cdmx_incidents,2026-07-04T07:19:02Z,2026-07-04,20260704T071858Z,2026-07-04T07:18:59.173993,TTI-0e6b35d1-b793-45b4-b4a5-22dc2fb82b8b-TTR24534035224005000,Feature,LineString,19.3042083629,-99.0795283669,8,Road closed,4,,117.8384888568,Calle 20,Calle Río Mixteco,,present,probable,,2026-07-02T22:49:30Z,,,Cerrado,401,"{""type"": ""LineString"", ""coordinates"": [[-99.0791045779, 19.3047407484], [-99.0793124491, 19.3044725782], [-99.0794425362, 19.3043156312], [-99.0795283669, 19.3042083629], [-99.0796356553, 19.3040648637], [-99.0797308737, 19.3039495264], [-99.0797764713, 19.3038918577]]}","{""id"": ""TTI-0e6b35d1-b793-45b4-b4a5-22dc2fb82b8b-TTR24534035224005000"", ""iconCategory"": 8, ""magnitudeOfDelay"": 4, ""startTime"": ""2026-07-02T22:49:30Z"", ""endTime"": null, ""from"": ""Calle 20"", ""to"": ""Calle Río Mixteco"", ""length"": 117.8384888568, ""delay"": null, ""roadNumbers"": [], ""timeValidity"": ""present"", ""probabilityOfOccurrence"": ""probable"", ""numberOfReports"": null, ""lastReportTime"": null, ""events"": [{""code"": 401, ""description"": ""Cerrado"", ""iconCategory"": 8}]}"
tomtom,tomtom_cdmx_incidents,2026-07-04T07:19:02Z,2026-07-04,20260704T071858Z,2026-07-04T07:18:59.174012,TTI-0e6b35d1-b793-45b4-b4a5-22dc2fb82b8b-TTR24502298176018000,Feature,LineString,19.5046068859,-99.078387087,8,Road closed,4,,220.0703200129,Anillo Periférico / Avenida Río de los Remedios,Autopista Urbana Siervo de La Nación,,present,probable,,2026-06-02T15:31:00Z,,,Cerrado,401,"{""type"": ""LineString"", ""coordinates"": [[-99.078746503, 19.5043856605], [-99.0788175815, 19.5044553465], [-99.0788564736, 19.50451168], [-99.0788658613, 19.5045412294], [-99.0788672024, 19.5045774156], [-99.078861838, 19.5046122586], [-99.0788604969, 19.5046176312], [-99.0788444036, 19.5046551605], [-99.0788135582, 19.5046873961], [-99.0787773484, 19.504712837], [-99.0787411386, 19.5047262686], [-99.0787116343, 19.5047316412], [-99.0786646956, 19.5047316412], [-99.0786003226, 19.504720896], [-99.0785855705, 19.5047155234], [-99.0784688944, 19.5046659057], [-99.0784300023, 19.5046377785], [-99.078387087, 19.5046068859], [-99.0783334428, 19.504554582], [-99.0782771164, 19.5044660918], [-99.0782637054, 19.5044325919], [-99.0782516354, 19.5043883468], [-99.078246271, 19.5043520816], [-99.0782449299, 19.5043426795], [-99.0782422477, 19.5042206893], [-99.0782476121, 19.5041764441], [-99.0782556588, 19.5041201105], [-99.0782637054, 19.5040678063], [-99.0782878453, 19.5040034137], [-99.0783200318, 19.5039229822], [-99.0783669704, 19.503837099], [-99.0784112269, 19.5037674126], [-99.0784581655, 19.5036855588], [-99.0784943754, 19.5036145293], [-99.0785171741, 19.5035232732]]}","{""id"": ""TTI-0e6b35d1-b793-45b4-b4a5-22dc2fb82b8b-TTR24502298176018000"", ""iconCategory"": 8, ""magnitudeOfDelay"": 4, ""startTime"": ""2026-06-02T15:31:00Z"", ""endTime"": null, ""from"": ""Anillo Periférico / Avenida Río de los Remedios"", ""to"": ""Autopista Urbana Siervo de La Nación"", ""length"": 220.0703200129, ""delay"": null, ""roadNumbers"": [], ""timeValidity"": ""present"", ""probabilityOfOccurrence"": ""probable"", ""numberOfReports"": null, ""lastReportTime"": null, ""events"": [{""code"": 401, ""description"": ""Cerrado"", ""iconCategory"": 8}]}"
tomtom,tomtom_cdmx_incidents,2026-07-04T07:19:02Z,2026-07-04,20260704T071858Z,2026-07-04T07:18:59.174054,TTI-0e6b35d1-b793-45b4-b4a5-22dc2fb82b8b-TTR24534035224013002,Feature,LineString,19.3050036181,-99.0788980478,8,Road closed,4,,147.5872101242,Calle San Antonio,Calle 20,,present,probable,,2026-07-03T20:51:30Z,,,Cerrado,401,"{""type"": ""LineString"", ""coordinates"": [[-99.0781470293, 19.3059625389], [-99.0784528011, 19.3055668523], [-99.0786714012, 19.3052973386], [-99.0788980478, 19.3050036181], [-99.0789449865, 19.3049459497], [-99.0789825374, 19.3048950054]]}","{""id"": ""TTI-0e6b35d1-b793-45b4-b4a5-22dc2fb82b8b-TTR24534035224013002"", ""iconCategory"": 8, ""magnitudeOfDelay"": 4, ""startTime"": ""2026-07-03T20:51:30Z"", ""endTime"": null, ""from"": ""Calle San Antonio"", ""to"": ""Calle 20"", ""length"": 147.5872101242, ""delay"": null, ""roadNumbers"": [], ""timeValidity"": ""present"", ""probabilityOfOccurrence"": ""probable"", ""numberOfReports"": null, ""lastReportTime"": null, ""events"": [{""code"": 401, ""description"": ""Cerrado"", ""iconCategory"": 8}]}"
tomtom,tomtom_cdmx_incidents,2026-07-04T07:19:02Z,2026-07-04,20260704T071858Z,2026-07-04T07:18:59.174072,TTI-0e6b35d1-b793-45b4-b4a5-22dc2fb82b8b-TTR24508068632029001,Feature,LineString,19.4776104824,-99.0781282538,0,Unknown,0,,269.8129458347,Calle Puerto Tampico,Avenida Francisco Morazán / Calle Estado de Baja California S,,present,certain,,2026-01-26T14:04:00Z,2026-07-20T03:00:00Z,,Partido de fútbol,1459,"{""type"": ""LineString"", ""coordinates"": [[-99.0788296515, 19.47578253], [-99.0787250453, 19.4760789454], [-99.0786660367, 19.4762371493], [-99.0784890109, 19.4767052013], [-99.0783495361, 19.4770847467], [-99.0781282538, 19.4776104824], [-99.0780853385, 19.4777218247], [-99.0780611986, 19.4777901788], [-99.0780062133, 19.4779309962], [-99.0779753679, 19.4780100973], [-99.0779539102, 19.4780637532]]}","{""id"": ""TTI-0e6b35d1-b793-45b4-b4a5-22dc2fb82b8b-TTR24508068632029001"", ""iconCategory"": 0, ""magnitudeOfDelay"": 0, ""startTime"": ""2026-01-26T14:04:00Z"", ""endTime"": ""2026-07-20T03:00:00Z"", ""from"": ""Calle Puerto Tampico"", ""to"": ""Avenida Francisco Morazán / Calle Estado de Baja California S"", ""length"": 269.8129458347, ""delay"": null, ""roadNumbers"": [], ""timeValidity"": ""present"", ""probabilityOfOccurrence"": ""certain"", ""numberOfReports"": null, ""lastReportTime"": null, ""events"": [{""code"": 1459, ""description"": ""Partido de fútbol"", ""iconCategory"": 0}]}"
tomtom,tomtom_cdmx_incidents,2026-07-04T07:19:02Z,2026-07-04,20260704T071858Z,2026-07-04T07:18:59.174096,TTI-0e6b35d1-b793-45b4-b4a5-22dc2fb82b8b-TTL24516724044014000,Feature,LineString,19.4180453148,-99.0771224254,6,Jam,3,140.0,115.7740068409,Avenida Miguel Lebrija,Calle Juan Guillermo Villasana,,present,certain,,2026-07-04T06:56:30Z,2026-07-04T07:37:30Z,,Tráfico parado,101,"{""type"": ""LineString"", ""coordinates"": [[-99.0776897127, 19.4171521124], [-99.0771224254, 19.4180453148]]}","{""id"": ""TTI-0e6b35d1-b793-45b4-b4a5-22dc2fb82b8b-TTL24516724044014000"", ""iconCategory"": 6, ""magnitudeOfDelay"": 3, ""startTime"": ""2026-07-04T06:56:30Z"", ""endTime"": ""2026-07-04T07:37:30Z"", ""from"": ""Avenida Miguel Lebrija"", ""to"": ""Calle Juan Guillermo Villasana"", ""length"": 115.7740068409, ""delay"": 140, ""roadNumbers"": [], ""timeValidity"": ""present"", ""probabilityOfOccurrence"": ""certain"", ""numberOfReports"": null, ""lastReportTime"": null, ""events"": [{""code"": 101, ""description"": ""Tráfico parado"", ""iconCategory"": 6}]}"
tomtom,tomtom_cdmx_incidents,2026-07-04T07:19:02Z,2026-07-04,20260704T071858Z,2026-07-04T07:18:59.174111,TTI-0e6b35d1-b793-45b4-b4a5-22dc2fb82b8b-TTR24502298124074000,Feature,LineString,19.5017168672,-99.0796343142,8,Road closed,4,,946.8956619365,Ejido (Avenida Gran Canal),Avenida Anillo Periférico/Rio de los Remedios (Avenida Gran Canal),,present,probable,,2026-04-18T14:11:33Z,,,Cerrado,401,"{""type"": ""LineString"", ""coordinates"": [[-99.0815614814, 19.4986738298], [-99.0812892372, 19.4990855605], [-99.0811028236, 19.4993484324], [-99.0809003168, 19.4996153334], [-99.0808560604, 19.4996770413], [-99.0806991512, 19.4998955869], [-99.0805999094, 19.5000351209], [-99.0805543119, 19.5001182407], [-99.0805248076, 19.5001919582], [-99.0804926211, 19.5002885888], [-99.0804765278, 19.5003770813], [-99.0804523879, 19.5004722897], [-99.0804202014, 19.5005554093], [-99.0803719217, 19.5006399511], [-99.0799883658, 19.5011978467], [-99.0798462087, 19.501415047], [-99.0797670835, 19.5015290592], [-99.0796343142, 19.5017168672], [-99.0791166478, 19.5024195847], [-99.0786123926, 19.5031907216], [-99.078425979, 19.5034763415], [-99.0782556588, 19.5037378631], [-99.0781711692, 19.5038720211], [-99.0780826563, 19.5039980411], [-99.0780303532, 19.5040851884], [-99.0779539102, 19.5042086009], [-99.077937817, 19.5042367281], [-99.0778533274, 19.5043896899], [-99.0776722783, 19.5048295333], [-99.0775314623, 19.5051326113], [-99.0774805003, 19.5052331895], [-99.0774188095, 19.5053364538], [-99.0773571187, 19.5054129342], [-99.0772350782, 19.5055215711], [-99.076847499, 19.505872922]]}","{""id"": ""TTI-0e6b35d1-b793-45b4-b4a5-22dc2fb82b8b-TTR24502298124074000"", ""iconCategory"": 8, ""magnitudeOfDelay"": 4, ""startTime"": ""2026-04-18T14:11:33Z"", ""endTime"": null, ""from"": ""Ejido (Avenida Gran Canal)"", ""to"": ""Avenida Anillo Periférico/Rio de los Remedios (Avenida Gran Canal)"", ""length"": 946.8956619365, ""delay"": null, ""roadNumbers"": [], ""timeValidity"": ""present"", ""probabilityOfOccurrence"": ""probable"", ""numberOfReports"": null, ""lastReportTime"": null, ""events"": [{""code"": 401, ""description"": ""Cerrado"", ""iconCategory"": 8}]}"
tomtom,tomtom_cdmx_incidents,2026-07-04T07:19:02Z,2026-07-04,20260704T071858Z,2026-07-04T07:18:59.174154,TTI-0e6b35d1-b793-45b4-b4a5-22dc2fb82b8b-TTR24499413236046000,Feature,LineString,19.5392704429,-99.0771237666,8,Road closed,4,,308.4698388985,Calle José María Pino Suárez,Calle Guerrero S,,present,probable,,2026-06-26T02:27:30Z,,,Cerrado,401,"{""type"": ""LineString"", ""coordinates"": [[-99.0786968821, 19.539418], [-99.078617757, 19.5394005428], [-99.0781228894, 19.5393455643], [-99.0778935605, 19.53932945], [-99.0771237666, 19.5392704429], [-99.0770500058, 19.5395426494], [-99.0769641751, 19.5398739414], [-99.0768488401, 19.5402802747], [-99.0767804438, 19.5405122729]]}","{""id"": ""TTI-0e6b35d1-b793-45b4-b4a5-22dc2fb82b8b-TTR24499413236046000"", ""iconCategory"": 8, ""magnitudeOfDelay"": 4, ""startTime"": ""2026-06-26T02:27:30Z"", ""endTime"": null, ""from"": ""Calle José María Pino Suárez"", ""to"": ""Calle Guerrero S"", ""length"": 308.4698388985, ""delay"": null, ""roadNumbers"": [], ""timeValidity"": ""present"", ""probabilityOfOccurrence"": ""probable"", ""numberOfReports"": null, ""lastReportTime"": null, ""events"": [{""code"": 401, ""description"": ""Cerrado"", ""iconCategory"": 8}]}"
tomtom,tomtom_cdmx_incidents,2026-07-04T07:19:02Z,2026-07-04,20260704T071858Z,2026-07-04T07:18:59.174175,TTI-0e6b35d1-b793-45b4-b4a5-22dc2fb82b8b-TTR24499413292030000,Feature,LineString,19.5389190856,-99.077218985,8,Road closed,4,,329.0103093969,Calle Guerrero S,Calle Galeana,,present,probable,,2026-06-26T02:24:30Z,,,Cerrado,401,"{""type"": ""LineString"", ""coordinates"": [[-99.0767804438, 19.5405122729], [-99.0768488401, 19.5402802747], [-99.0769641751, 19.5398739414], [-99.0770500058, 19.5395426494], [-99.0771237666, 19.5392704429], [-99.077168023, 19.539108193], [-99.077218985, 19.5389190856], [-99.077271288, 19.538729978], [-99.0773074979, 19.5385985346], [-99.0774000341, 19.5382552332], [-99.0775113458, 19.5378475519], [-99.077566331, 19.5376477]]}","{""id"": ""TTI-0e6b35d1-b793-45b4-b4a5-22dc2fb82b8b-TTR24499413292030000"", ""iconCategory"": 8, ""magnitudeOfDelay"": 4, ""startTime"": ""2026-06-26T02:24:30Z"", ""endTime"": null, ""from"": ""Calle Guerrero S"", ""to"": ""Calle Galeana"", ""length"": 329.0103093969, ""delay"": null, ""roadNumbers"": [], ""timeValidity"": ""present"", ""probabilityOfOccurrence"": ""probable"", ""numberOfReports"": null, ""lastReportTime"": null, ""events"": [{""code"": 401, ""description"": ""Cerrado"", ""iconCategory"": 8}]}"
tomtom,tomtom_cdmx_incidents,2026-07-04T07:19:02Z,2026-07-04,20260704T071858Z,2026-07-04T07:18:59.174201,TTI-0e6b35d1-b793-45b4-b4a5-22dc2fb82b8b-TTR24522494368014000,Feature,LineString,19.3744165413,-99.0763660425,8,Road closed,4,,92.5116261744,Calle 12 de Julio de 1859,Eje 5 Oriente Javier Rojo Gómez,,present,probable,,2026-07-03T15:40:30Z,,,Cerrado,401,"{""type"": ""LineString"", ""coordinates"": [[-99.0757893676, 19.3743173053], [-99.0758644694, 19.3743306686], [-99.0763660425, 19.3744165413], [-99.0766570622, 19.3744661197]]}","{""id"": ""TTI-0e6b35d1-b793-45b4-b4a5-22dc2fb82b8b-TTR24522494368014000"", ""iconCategory"": 8, ""magnitudeOfDelay"": 4, ""startTime"": ""2026-07-03T15:40:30Z"", ""endTime"": null, ""from"": ""Calle 12 de Julio de 1859"", ""to"": ""Eje 5 Oriente Javier Rojo Gómez"", ""length"": 92.5116261744, ""delay"": null, ""roadNumbers"": [], ""timeValidity"": ""present"", ""probabilityOfOccurrence"": ""probable"", ""numberOfReports"": null, ""lastReportTime"": null, ""events"": [{""code"": 401, ""description"": ""Cerrado"", ""iconCategory"": 8}]}"
tomtom,tomtom_cdmx_incidents,2026-07-04T07:19:02Z,2026-07-04,20260704T071858Z,2026-07-04T07:18:59.174218,TTI-0e6b35d1-b793-45b4-b4a5-22dc2fb82b8b-TTR24522494440014000,Feature,LineString,19.3743306686,-99.0758644694,8,Road closed,4,,92.5116261744,Eje 5 Oriente Javier Rojo Gómez,Calle 12 de Julio de 1859,,present,probable,,2026-07-03T02:12:00Z,,,Cerrado,401,"{""type"": ""LineString"", ""coordinates"": [[-99.0766570622, 19.3744661197], [-99.0763660425, 19.3744165413], [-99.0758644694, 19.3743306686], [-99.0757893676, 19.3743173053]]}","{""id"": ""TTI-0e6b35d1-b793-45b4-b4a5-22dc2fb82b8b-TTR24522494440014000"", ""iconCategory"": 8, ""magnitudeOfDelay"": 4, ""startTime"": ""2026-07-03T02:12:00Z"", ""endTime"": null, ""from"": ""Eje 5 Oriente Javier Rojo Gómez"", ""to"": ""Calle 12 de Julio de 1859"", ""length"": 92.5116261744, ""delay"": null, ""roadNumbers"": [], ""timeValidity"": ""present"", ""probabilityOfOccurrence"": ""probable"", ""numberOfReports"": null, ""lastReportTime"": null, ""events"": [{""code"": 401, ""description"": ""Cerrado"", ""iconCategory"": 8}]}"
tomtom,tomtom_cdmx_incidents,2026-07-04T07:19:02Z,2026-07-04,20260704T071858Z,2026-07-04T07:18:59.174237,TTI-0e6b35d1-b793-45b4-b4a5-22dc2fb82b8b-TTR24522494380011000,Feature,LineString,19.3696945043,-99.0774174684,8,Road closed,4,,631.3136093929,Ferrocarril San Rafael Atlixco (Eje 6 S),Eje 5 Oriente/Cazuelas (Eje 6 S),,present,certain,1.0,2026-07-03T15:42:30Z,,2025-03-09T21:22:00Z,Cerrado,401,"{""type"": ""LineString"", ""coordinates"": [[-99.0748385245, 19.3683158306], [-99.0750879699, 19.3684566639], [-99.075589543, 19.3687248871], [-99.0761769468, 19.3690373129], [-99.0765537971, 19.3692384797], [-99.0769896561, 19.3694704855], [-99.077206915, 19.3695871999], [-99.0774174684, 19.3696945043], [-99.0778586918, 19.3699385287], [-99.077898925, 19.3699613813], [-99.0780826563, 19.3700914589], [-99.0785319263, 19.3704294231], [-99.0794505829, 19.3710932511], [-99.0795940811, 19.3711951775], [-99.0798703486, 19.3714044072]]}","{""id"": ""TTI-0e6b35d1-b793-45b4-b4a5-22dc2fb82b8b-TTR24522494380011000"", ""iconCategory"": 8, ""magnitudeOfDelay"": 4, ""startTime"": ""2026-07-03T15:42:30Z"", ""endTime"": null, ""from"": ""Ferrocarril San Rafael Atlixco (Eje 6 S)"", ""to"": ""Eje 5 Oriente/Cazuelas (Eje 6 S)"", ""length"": 631.3136093929, ""delay"": null, ""roadNumbers"": [], ""timeValidity"": ""present"", ""probabilityOfOccurrence"": ""certain"", ""numberOfReports"": 1, ""lastReportTime"": ""2025-03-09T21:22:00Z"", ""events"": [{""code"": 401, ""description"": ""Cerrado"", ""iconCategory"": 8}]}"
tomtom,tomtom_cdmx_incidents,2026-07-04T07:19:02Z,2026-07-04,20260704T071858Z,2026-07-04T07:18:59.174263,TTI-0e6b35d1-b793-45b4-b4a5-22dc2fb82b8b-TTR24505183700050000,Feature,LineString,19.5039189527,-99.0764813775,8,Road closed,4,,593.0142217868,Anillo Periférico,Las Vegas Xalostoc,,present,probable,,2026-04-18T21:00:00Z,,,Cerrado,401,"{""type"": ""LineString"", ""coordinates"": [[-99.0741626078, 19.5023122889], [-99.0743020827, 19.5023927213], [-99.0744335109, 19.5025215077], [-99.0745086128, 19.5026234307], [-99.0745381171, 19.5027025197], [-99.0745609158, 19.5027830308], [-99.0746105367, 19.5028849536], [-99.0746346766, 19.502927856], [-99.0747097784, 19.5029895627], [-99.0747768337, 19.5030472398], [-99.0748224312, 19.5031276718], [-99.0749230141, 19.5031772899], [-99.0750463957, 19.5032376534], [-99.0754286105, 19.5033999392], [-99.0754943246, 19.5034280667], [-99.0760441774, 19.5036828725], [-99.0761206204, 19.5037030199], [-99.0761997455, 19.5037110789], [-99.0762909407, 19.5037526379], [-99.0764156634, 19.5038451579], [-99.0764813775, 19.5039189527], [-99.0765149051, 19.5039457369], [-99.076552456, 19.5039752864], [-99.0766758376, 19.5040289337], [-99.0769360119, 19.5041804736], [-99.0770660991, 19.5042903754], [-99.0772739703, 19.5045009348], [-99.07732225, 19.5046015133], [-99.0773410255, 19.5046404648], [-99.0773785764, 19.504720896], [-99.077398693, 19.5048214744], [-99.0774053985, 19.5049073571], [-99.0774027163, 19.5049998765], [-99.0773946697, 19.5050468077], [-99.0773772353, 19.5051098568], [-99.0773450488, 19.5051916308], [-99.0772954279, 19.5052908658], [-99.0772230083, 19.5054048754], [-99.0770888978, 19.5055725316], [-99.076847499, 19.505872922]]}","{""id"": ""TTI-0e6b35d1-b793-45b4-b4a5-22dc2fb82b8b-TTR24505183700050000"", ""iconCategory"": 8, ""magnitudeOfDelay"": 4, ""startTime"": ""2026-04-18T21:00:00Z"", ""endTime"": null, ""from"": ""Anillo Periférico"", ""to"": ""Las Vegas Xalostoc"", ""length"": 593.0142217868, ""delay"": null, ""roadNumbers"": [], ""timeValidity"": ""present"", ""probabilityOfOccurrence"": ""probable"", ""numberOfReports"": null, ""lastReportTime"": null, ""events"": [{""code"": 401, ""description"": ""Cerrado"", ""iconCategory"": 8}]}"
tomtom,tomtom_cdmx_incidents,2026-07-04T07:19:02Z,2026-07-04,20260704T071858Z,2026-07-04T07:18:59.174309,TTI-0e6b35d1-b793-45b4-b4a5-22dc2fb82b8b-TTR24534035224013001,Feature,LineString,19.3112746309,-99.0738890225,8,Road closed,4,,103.7339934444,Otro Sin Referencia,Calle Unidad Nacional,,present,probable,,2026-07-02T01:41:00Z,,,Cerrado,401,"{""type"": ""LineString"", ""coordinates"": [[-99.0737763697, 19.3114181238], [-99.0738608593, 19.3113081706], [-99.0738890225, 19.3112746309], [-99.0739882642, 19.3111606434], [-99.0743758434, 19.3106765318]]}","{""id"": ""TTI-0e6b35d1-b793-45b4-b4a5-22dc2fb82b8b-TTR24534035224013001"", ""iconCategory"": 8, ""magnitudeOfDelay"": 4, ""startTime"": ""2026-07-02T01:41:00Z"", ""endTime"": null, ""from"": ""Otro Sin Referencia"", ""to"": ""Calle Unidad Nacional"", ""length"": 103.7339934444, ""delay"": null, ""roadNumbers"": [], ""timeValidity"": ""present"", ""probabilityOfOccurrence"": ""probable"", ""numberOfReports"": null, ""lastReportTime"": null, ""events"": [{""code"": 401, ""description"": ""Cerrado"", ""iconCategory"": 8}]}"
tomtom,tomtom_cdmx_incidents,2026-07-04T07:19:02Z,2026-07-04,20260704T071858Z,2026-07-04T07:18:59.174327,TTI-0e6b35d1-b793-45b4-b4a5-22dc2fb82b8b-TTR24519609456015000,Feature,LineString,19.4091417673,-99.0742229575,8,Road closed,4,,107.6090979028,Calle Comunal,Avenida Río Churubusco,,present,probable,,2026-06-18T01:07:30Z,,,Cerrado,401,"{""type"": ""LineString"", ""coordinates"": [[-99.0735912973, 19.4095051853], [-99.0742229575, 19.4091417673], [-99.0744670385, 19.4090008902]]}","{""id"": ""TTI-0e6b35d1-b793-45b4-b4a5-22dc2fb82b8b-TTR24519609456015000"", ""iconCategory"": 8, ""magnitudeOfDelay"": 4, ""startTime"": ""2026-06-18T01:07:30Z"", ""endTime"": null, ""from"": ""Calle Comunal"", ""to"": ""Avenida Río Churubusco"", ""length"": 107.6090979028, ""delay"": null, ""roadNumbers"": [], ""timeValidity"": ""present"", ""probabilityOfOccurrence"": ""probable"", ""numberOfReports"": null, ""lastReportTime"": null, ""events"": [{""code"": 401, ""description"": ""Cerrado"", ""iconCategory"": 8}]}"
tomtom,tomtom_cdmx_incidents,2026-07-04T07:19:02Z,2026-07-04,20260704T071858Z,2026-07-04T07:18:59.174343,TTI-0e6b35d1-b793-45b4-b4a5-22dc2fb82b8b-TTR24505183664006000,Feature,LineString,19.5040342274,-99.0740687305,8,Road closed,4,,140.1735360481,Calle Darío López,Calle Darío López / Calle de las Torres,,present,probable,,2026-07-03T16:11:30Z,,,Cerrado,401,"{""type"": ""LineString"", ""coordinates"": [[-99.0732975954, 19.5048496806], [-99.0734773034, 19.5046605331], [-99.0739547366, 19.5041656988], [-99.0740311796, 19.5040838452], [-99.0740687305, 19.5040342274], [-99.0740848237, 19.5039966979], [-99.0740942115, 19.5039578253], [-99.0741022581, 19.503870678]]}","{""id"": ""TTI-0e6b35d1-b793-45b4-b4a5-22dc2fb82b8b-TTR24505183664006000"", ""iconCategory"": 8, ""magnitudeOfDelay"": 4, ""startTime"": ""2026-07-03T16:11:30Z"", ""endTime"": null, ""from"": ""Calle Darío López"", ""to"": ""Calle Darío López / Calle de las Torres"", ""length"": 140.1735360481, ""delay"": null, ""roadNumbers"": [], ""timeValidity"": ""present"", ""probabilityOfOccurrence"": ""probable"", ""numberOfReports"": null, ""lastReportTime"": null, ""events"": [{""code"": 401, ""description"": ""Cerrado"", ""iconCategory"": 8}]}"
tomtom,tomtom_cdmx_incidents,2026-07-04T07:19:02Z,2026-07-04,20260704T071858Z,2026-07-04T07:18:59.174363,TTI-0e6b35d1-b793-45b4-b4a5-22dc2fb82b8b-TTR24534035368013000,Feature,LineString,19.3120497597,-99.0732533389,8,Road closed,4,,148.4603216387,Otro Sin Referencia,Otro Sin Referencia,,present,probable,,2026-06-29T23:50:30Z,,,Cerrado,401,"{""type"": ""LineString"", ""coordinates"": [[-99.0729046518, 19.3124695569], [-99.0729770714, 19.3123837307], [-99.0730454677, 19.312300594], [-99.0731634849, 19.312151723], [-99.0732533389, 19.3120497597], [-99.0734317058, 19.3118338884], [-99.0735819095, 19.3116514773], [-99.0737763697, 19.3114181238]]}","{""id"": ""TTI-0e6b35d1-b793-45b4-b4a5-22dc2fb82b8b-TTR24534035368013000"", ""iconCategory"": 8, ""magnitudeOfDelay"": 4, ""startTime"": ""2026-06-29T23:50:30Z"", ""endTime"": null, ""from"": ""Otro Sin Referencia"", ""to"": ""Otro Sin Referencia"", ""length"": 148.4603216387, ""delay"": null, ""roadNumbers"": [], ""timeValidity"": ""present"", ""probabilityOfOccurrence"": ""probable"", ""numberOfReports"": null, ""lastReportTime"": null, ""events"": [{""code"": 401, ""description"": ""Cerrado"", ""iconCategory"": 8}]}"
tomtom,tomtom_cdmx_incidents,2026-07-04T07:19:02Z,2026-07-04,20260704T071858Z,2026-07-04T07:18:59.174383,TTI-0e6b35d1-b793-45b4-b4a5-22dc2fb82b8b-TTR24519609256021001,Feature,LineString,19.4003253306,-99.074075436,0,Unknown,0,,248.5223324237,Calle Oriente 237,Eje 5 Oriente Javier Rojo Gómez,,present,certain,,2026-06-10T19:28:30Z,2026-07-20T03:00:00Z,,Partido de fútbol,1459,"{""type"": ""LineString"", ""coordinates"": [[-99.0746936852, 19.4004205187], [-99.0745770091, 19.4004031255], [-99.074075436, 19.4003253306], [-99.0723588222, 19.4000396871]]}","{""id"": ""TTI-0e6b35d1-b793-45b4-b4a5-22dc2fb82b8b-TTR24519609256021001"", ""iconCategory"": 0, ""magnitudeOfDelay"": 0, ""startTime"": ""2026-06-10T19:28:30Z"", ""endTime"": ""2026-07-20T03:00:00Z"", ""from"": ""Calle Oriente 237"", ""to"": ""Eje 5 Oriente Javier Rojo Gómez"", ""length"": 248.5223324237, ""delay"": null, ""roadNumbers"": [], ""timeValidity"": ""present"", ""probabilityOfOccurrence"": ""certain"", ""numberOfReports"": null, ""lastReportTime"": null, ""events"": [{""code"": 1459, ""description"": ""Partido de fútbol"", ""iconCategory"": 0}]}"
tomtom,tomtom_cdmx_incidents,2026-07-04T07:19:02Z,2026-07-04,20260704T071858Z,2026-07-04T07:18:59.174400,TTI-0e6b35d1-b793-45b4-b4a5-22dc2fb82b8b-TTR24502298516022000,Feature,LineString,19.5243841692,-99.0718706602,8,Road closed,4,,223.6813136698,Calle 14,Calle 10,,present,probable,,2026-06-10T02:08:00Z,,,Cerrado,401,"{""type"": ""LineString"", ""coordinates"": [[-99.0707307214, 19.5239281841], [-99.0717070454, 19.5243184417], [-99.0718706602, 19.5243841692], [-99.0721965486, 19.5245156241], [-99.0726954395, 19.5247140703]]}","{""id"": ""TTI-0e6b35d1-b793-45b4-b4a5-22dc2fb82b8b-TTR24502298516022000"", ""iconCategory"": 8, ""magnitudeOfDelay"": 4, ""startTime"": ""2026-06-10T02:08:00Z"", ""endTime"": null, ""from"": ""Calle 14"", ""to"": ""Calle 10"", ""length"": 223.6813136698, ""delay"": null, ""roadNumbers"": [], ""timeValidity"": ""present"", ""probabilityOfOccurrence"": ""probable"", ""numberOfReports"": null, ""lastReportTime"": null, ""events"": [{""code"": 401, ""description"": ""Cerrado"", ""iconCategory"": 8}]}"
tomtom,tomtom_cdmx_incidents,2026-07-04T07:19:02Z,2026-07-04,20260704T071858Z,2026-07-04T07:18:59.174418,TTI-0e6b35d1-b793-45b4-b4a5-22dc2fb82b8b-TTR24502298444022000,Feature,LineString,19.5243841692,-99.0718706602,8,Road closed,4,,223.6813136698,Calle 10,Calle 14,,present,probable,,2026-06-10T15:42:00Z,,,Cerrado,401,"{""type"": ""LineString"", ""coordinates"": [[-99.0726954395, 19.5247140703], [-99.0721965486, 19.5245156241], [-99.0718706602, 19.5243841692], [-99.0717070454, 19.5243184417], [-99.0707307214, 19.5239281841]]}","{""id"": ""TTI-0e6b35d1-b793-45b4-b4a5-22dc2fb82b8b-TTR24502298444022000"", ""iconCategory"": 8, ""magnitudeOfDelay"": 4, ""startTime"": ""2026-06-10T15:42:00Z"", ""endTime"": null, ""from"": ""Calle 10"", ""to"": ""Calle 14"", ""length"": 223.6813136698, ""delay"": null, ""roadNumbers"": [], ""timeValidity"": ""present"", ""probabilityOfOccurrence"": ""probable"", ""numberOfReports"": null, ""lastReportTime"": null, ""events"": [{""code"": 401, ""description"": ""Cerrado"", ""iconCategory"": 8}]}"
tomtom,tomtom_cdmx_incidents,2026-07-04T07:19:02Z,2026-07-04,20260704T071858Z,2026-07-04T07:18:59.174435,TTI-0e6b35d1-b793-45b4-b4a5-22dc2fb82b8b-TTR24531150100022000,Feature,LineString,19.331058604,-99.0701607519,8,Road closed,4,,199.164219137,Calle Bellavista,Calle Nautla,,present,probable,,2026-06-30T22:01:00Z,,,Cerrado,401,"{""type"": ""LineString"", ""coordinates"": [[-99.0701808685, 19.3309500087], [-99.0701755041, 19.3309821206], [-99.0701607519, 19.331058604], [-99.0699877495, 19.331910201], [-99.0698335224, 19.3327108579]]}","{""id"": ""TTI-0e6b35d1-b793-45b4-b4a5-22dc2fb82b8b-TTR24531150100022000"", ""iconCategory"": 8, ""magnitudeOfDelay"": 4, ""startTime"": ""2026-06-30T22:01:00Z"", ""endTime"": null, ""from"": ""Calle Bellavista"", ""to"": ""Calle Nautla"", ""length"": 199.164219137, ""delay"": null, ""roadNumbers"": [], ""timeValidity"": ""present"", ""probabilityOfOccurrence"": ""probable"", ""numberOfReports"": null, ""lastReportTime"": null, ""events"": [{""code"": 401, ""description"": ""Cerrado"", ""iconCategory"": 8}]}"
tomtom,tomtom_cdmx_incidents,2026-07-04T07:19:02Z,2026-07-04,20260704T071858Z,2026-07-04T07:18:59.174452,TTI-0e6b35d1-b793-45b4-b4a5-22dc2fb82b8b-TTR24531150172006000,Feature,LineString,19.331058604,-99.0701607519,8,Road closed,4,,199.164219137,Calle Nautla,Calle Bellavista,,present,probable,,2026-07-01T14:02:00Z,,,Cerrado,401,"{""type"": ""LineString"", ""coordinates"": [[-99.0698335224, 19.3327108579], [-99.0699877495, 19.331910201], [-99.0701607519, 19.331058604], [-99.0701755041, 19.3309821206], [-99.0701808685, 19.3309500087]]}","{""id"": ""TTI-0e6b35d1-b793-45b4-b4a5-22dc2fb82b8b-TTR24531150172006000"", ""iconCategory"": 8, ""magnitudeOfDelay"": 4, ""startTime"": ""2026-07-01T14:02:00Z"", ""endTime"": null, ""from"": ""Calle Nautla"", ""to"": ""Calle Bellavista"", ""length"": 199.164219137, ""delay"": null, ""roadNumbers"": [], ""timeValidity"": ""present"", ""probabilityOfOccurrence"": ""probable"", ""numberOfReports"": null, ""lastReportTime"": null, ""events"": [{""code"": 401, ""description"": ""Cerrado"", ""iconCategory"": 8}]}"
tomtom,tomtom_cdmx_incidents,2026-07-04T07:19:02Z,2026-07-04,20260704T071858Z,2026-07-04T07:18:59.174472,TTI-0e6b35d1-b793-45b4-b4a5-22dc2fb82b8b-TTR24502298332021000,Feature,LineString,19.5158882733,-99.0693091506,8,Road closed,4,,173.9825637367,Calle Gran Canal de Desagüe,Autopista Urbana Siervo de La Nación,,present,probable,,2026-04-18T21:45:00Z,,,Puente cerrado,24,"{""type"": ""LineString"", ""coordinates"": [[-99.0693171972, 19.5165400512], [-99.0693104917, 19.5163603187], [-99.0692997629, 19.5162463959], [-99.0692836696, 19.5161015037], [-99.0692809874, 19.5159607195], [-99.0693091506, 19.5158882733], [-99.0693359727, 19.5158400021], [-99.0693936402, 19.5157608406], [-99.0696122402, 19.515468527], [-99.0697034353, 19.5153384078], [-99.0697879249, 19.5151091386]]}","{""id"": ""TTI-0e6b35d1-b793-45b4-b4a5-22dc2fb82b8b-TTR24502298332021000"", ""iconCategory"": 8, ""magnitudeOfDelay"": 4, ""startTime"": ""2026-04-18T21:45:00Z"", ""endTime"": null, ""from"": ""Calle Gran Canal de Desagüe"", ""to"": ""Autopista Urbana Siervo de La Nación"", ""length"": 173.9825637367, ""delay"": null, ""roadNumbers"": [], ""timeValidity"": ""present"", ""probabilityOfOccurrence"": ""probable"", ""numberOfReports"": null, ""lastReportTime"": null, ""events"": [{""code"": 24, ""description"": ""Puente cerrado"", ""iconCategory"": 8}]}"
tomtom,tomtom_cdmx_incidents,2026-07-04T07:19:02Z,2026-07-04,20260704T071858Z,2026-07-04T07:18:59.174495,TTI-0e6b35d1-b793-45b4-b4a5-22dc2fb82b8b-TTR24502298340021000,Feature,LineString,19.5172306958,-99.0689457113,8,Road closed,4,,164.9179610003,Calle Gran Canal de Desagüe,Autopista Urbana Siervo de La Nación,,present,probable,,2026-04-18T21:46:30Z,,,Cerrado,401,"{""type"": ""LineString"", ""coordinates"": [[-99.0686104351, 19.5178382268], [-99.068609094, 19.5177939854], [-99.0686104351, 19.5177698896], [-99.0686171407, 19.5177295982], [-99.0686372572, 19.5176813276], [-99.0686909014, 19.5175874724], [-99.0689457113, 19.5172306958], [-99.0690892094, 19.5170322404], [-99.0692528242, 19.5167761126], [-99.0692917162, 19.5166915793], [-99.0693104917, 19.5166272707], [-99.0693171972, 19.5165400512]]}","{""id"": ""TTI-0e6b35d1-b793-45b4-b4a5-22dc2fb82b8b-TTR24502298340021000"", ""iconCategory"": 8, ""magnitudeOfDelay"": 4, ""startTime"": ""2026-04-18T21:46:30Z"", ""endTime"": null, ""from"": ""Calle Gran Canal de Desagüe"", ""to"": ""Autopista Urbana Siervo de La Nación"", ""length"": 164.9179610003, ""delay"": null, ""roadNumbers"": [], ""timeValidity"": ""present"", ""probabilityOfOccurrence"": ""probable"", ""numberOfReports"": null, ""lastReportTime"": null, ""events"": [{""code"": 401, ""description"": ""Cerrado"", ""iconCategory"": 8}]}"
tomtom,tomtom_cdmx_incidents,2026-07-04T07:19:02Z,2026-07-04,20260704T071858Z,2026-07-04T07:18:59.174533,TTI-0e6b35d1-b793-45b4-b4a5-22dc2fb82b8b-TTR24496528356014000,Feature,LineString,19.5760797225,-99.0689886266,8,Road closed,4,,110.3234064193,Calle Texcaltepec / Calle Acolman,Calle Tejupilco,,present,probable,,2026-06-08T00:08:30Z,,,Cerrado,401,"{""type"": ""LineString"", ""coordinates"": [[-99.0695076341, 19.5761199992], [-99.0689886266, 19.5760797225], [-99.0684575492, 19.5760462375]]}","{""id"": ""TTI-0e6b35d1-b793-45b4-b4a5-22dc2fb82b8b-TTR24496528356014000"", ""iconCategory"": 8, ""magnitudeOfDelay"": 4, ""startTime"": ""2026-06-08T00:08:30Z"", ""endTime"": null, ""from"": ""Calle Texcaltepec / Calle Acolman"", ""to"": ""Calle Tejupilco"", ""length"": 110.3234064193, ""delay"": null, ""roadNumbers"": [], ""timeValidity"": ""present"", ""probabilityOfOccurrence"": ""probable"", ""numberOfReports"": null, ""lastReportTime"": null, ""events"": [{""code"": 401, ""description"": ""Cerrado"", ""iconCategory"": 8}]}"
tomtom,tomtom_cdmx_incidents,2026-07-04T07:19:02Z,2026-07-04,20260704T071858Z,2026-07-04T07:18:59.174550,TTI-0e6b35d1-b793-45b4-b4a5-22dc2fb82b8b-TTR24496528428014000,Feature,LineString,19.5760797225,-99.0689886266,8,Road closed,4,,110.3234064193,Calle Tejupilco,Calle Texcaltepec / Calle Acolman,,present,probable,,2026-06-07T02:44:00Z,,,Cerrado,401,"{""type"": ""LineString"", ""coordinates"": [[-99.0684575492, 19.5760462375], [-99.0689886266, 19.5760797225], [-99.0695076341, 19.5761199992]]}","{""id"": ""TTI-0e6b35d1-b793-45b4-b4a5-22dc2fb82b8b-TTR24496528428014000"", ""iconCategory"": 8, ""magnitudeOfDelay"": 4, ""startTime"": ""2026-06-07T02:44:00Z"", ""endTime"": null, ""from"": ""Calle Tejupilco"", ""to"": ""Calle Texcaltepec / Calle Acolman"", ""length"": 110.3234064193, ""delay"": null, ""roadNumbers"": [], ""timeValidity"": ""present"", ""probabilityOfOccurrence"": ""probable"", ""numberOfReports"": null, ""lastReportTime"": null, ""events"": [{""code"": 401, ""description"": ""Cerrado"", ""iconCategory"": 8}]}"
tomtom,tomtom_cdmx_incidents,2026-07-04T07:19:02Z,2026-07-04,20260704T071858Z,2026-07-04T07:18:59.174566,TTI-0e6b35d1-b793-45b4-b4a5-22dc2fb82b8b-TTR24531150640019000,Feature,LineString,19.3657690295,-99.0703216845,8,Road closed,4,,919.0641515138,Anillo Periférico (Eje 6 S),Ferrocarril San Rafael Atlixco (Eje 6 S),,present,certain,2.0,2026-07-03T15:42:03Z,,2025-04-29T23:40:00Z,Cerrado,401,"{""type"": ""LineString"", ""coordinates"": [[-99.067120468, 19.3643448532], [-99.0674825662, 19.3644534263], [-99.0677065307, 19.3645325827], [-99.0678218657, 19.3645821641], [-99.0678741688, 19.3646050174], [-99.068031078, 19.3646854389], [-99.0680967921, 19.3646840946], [-99.0682121271, 19.3647444304], [-99.0682885701, 19.3647846807], [-99.0684709603, 19.3648798895], [-99.0685259456, 19.3649093852], [-99.0685769075, 19.3649335828], [-99.0687686855, 19.365039546], [-99.0693212205, 19.3653318933], [-99.0693601126, 19.3653492903], [-99.0695022696, 19.3654244132], [-99.0695626193, 19.3654539089], [-99.0696524733, 19.3654874374], [-99.0697423273, 19.3655236546], [-99.0698268169, 19.3655598717], [-99.0701822096, 19.3657100384], [-99.0702573115, 19.3657408783], [-99.0703216845, 19.3657690295], [-99.0703914219, 19.365802558], [-99.0709466392, 19.3661003603], [-99.071047222, 19.3661553184], [-99.0710995251, 19.3661834696], [-99.0716064626, 19.366471782], [-99.0716520602, 19.366498668], [-99.0716976577, 19.3665241305], [-99.0720020884, 19.3666984145], [-99.072342729, 19.3668835317], [-99.0724111253, 19.3669210929], [-99.0725197548, 19.3669800836], [-99.0728510076, 19.3671718429], [-99.0733150297, 19.3674427569], [-99.0733525807, 19.3674641864], [-99.07349742, 19.3675487184], [-99.073780393, 19.3677109818], [-99.0738635415, 19.3677619856], [-99.0742833072, 19.3680208001], [-99.074344998, 19.3680543281], [-99.0746735686, 19.368231299], [-99.0747218484, 19.3682608732], [-99.0747875625, 19.3682903684]]}","{""id"": ""TTI-0e6b35d1-b793-45b4-b4a5-22dc2fb82b8b-TTR24531150640019000"", ""iconCategory"": 8, ""magnitudeOfDelay"": 4, ""startTime"": ""2026-07-03T15:42:03Z"", ""endTime"": null, ""from"": ""Anillo Periférico (Eje 6 S)"", ""to"": ""Ferrocarril San Rafael Atlixco (Eje 6 S)"", ""length"": 919.0641515138, ""delay"": null, ""roadNumbers"": [], ""timeValidity"": ""present"", ""probabilityOfOccurrence"": ""certain"", ""numberOfReports"": 2, ""lastReportTime"": ""2025-04-29T23:40:00Z"", ""events"": [{""code"": 401, ""description"": ""Cerrado"", ""iconCategory"": 8}]}"
tomtom,tomtom_cdmx_incidents,2026-07-04T07:19:02Z,2026-07-04,20260704T071858Z,2026-07-04T07:18:59.174616,TTI-0e6b35d1-b793-45b4-b4a5-22dc2fb82b8b-TTR24505183744037000,Feature,LineString,19.5158681274,-99.0688424462,8,Road closed,4,,450.1475670721,Villa de Guadalupe Xalostoc,Avenida Alfredo del Mazo,,present,probable,,2026-04-18T22:27:30Z,,,Cerrado,401,"{""type"": ""LineString"", ""coordinates"": [[-99.0695679838, 19.5152324636], [-99.0693627948, 19.5154430088], [-99.0692729408, 19.5155275428], [-99.0691589469, 19.515618713], [-99.0690892094, 19.5156777287], [-99.0689913088, 19.5157568904], [-99.0689202303, 19.5158051616], [-99.0688424462, 19.5158681274], [-99.0688048953, 19.515903047], [-99.0687539333, 19.5159580334], [-99.0686587149, 19.5160572618], [-99.0682523602, 19.5166245846], [-99.0675683969, 19.5175901585], [-99.0669756287, 19.5184323251]]}","{""id"": ""TTI-0e6b35d1-b793-45b4-b4a5-22dc2fb82b8b-TTR24505183744037000"", ""iconCategory"": 8, ""magnitudeOfDelay"": 4, ""startTime"": ""2026-04-18T22:27:30Z"", ""endTime"": null, ""from"": ""Villa de Guadalupe Xalostoc"", ""to"": ""Avenida Alfredo del Mazo"", ""length"": 450.1475670721, ""delay"": null, ""roadNumbers"": [], ""timeValidity"": ""present"", ""probabilityOfOccurrence"": ""probable"", ""numberOfReports"": null, ""lastReportTime"": null, ""events"": [{""code"": 401, ""description"": ""Cerrado"", ""iconCategory"": 8}]}"
tomtom,tomtom_cdmx_incidents,2026-07-04T07:19:02Z,2026-07-04,20260704T071858Z,2026-07-04T07:18:59.174641,TTI-0e6b35d1-b793-45b4-b4a5-22dc2fb82b8b-TTR24531150424005000,Feature,LineString,19.3498112966,-99.0662205869,8,Road closed,4,,90.0523678845,Calle Alberto M. González,Calle Arturo Méndez,,present,probable,,2026-06-30T14:29:30Z,,,Cerrado,401,"{""type"": ""LineString"", ""coordinates"": [[-99.0668978447, 19.3499587889], [-99.0664593035, 19.3498581936], [-99.0662205869, 19.3498112966], [-99.0660596544, 19.3497857523]]}","{""id"": ""TTI-0e6b35d1-b793-45b4-b4a5-22dc2fb82b8b-TTR24531150424005000"", ""iconCategory"": 8, ""magnitudeOfDelay"": 4, ""startTime"": ""2026-06-30T14:29:30Z"", ""endTime"": null, ""from"": ""Calle Alberto M. González"", ""to"": ""Calle Arturo Méndez"", ""length"": 90.0523678845, ""delay"": null, ""roadNumbers"": [], ""timeValidity"": ""present"", ""probabilityOfOccurrence"": ""probable"", ""numberOfReports"": null, ""lastReportTime"": null, ""events"": [{""code"": 401, ""description"": ""Cerrado"", ""iconCategory"": 8}]}"
tomtom,tomtom_cdmx_incidents,2026-07-04T07:19:02Z,2026-07-04,20260704T071858Z,2026-07-04T07:18:59.174659,TTI-0e6b35d1-b793-45b4-b4a5-22dc2fb82b8b-TTR24502298340194000,Feature,LineString,19.5099579222,-99.0740633661,8,Road closed,4,,2428.33562259,Ecatepec de Morelos-1 (Siervo de la Nación),Anillo Periférico/Avenida Río de los Remedios (Siervo de la Nación),,present,probable,,2026-04-18T12:43:30Z,,,Cerrado,401,"{""type"": ""LineString"", ""coordinates"": [[-99.0660475844, 19.5203688967], [-99.0662997121, 19.5200095192], [-99.0669367367, 19.5191109534], [-99.0670239085, 19.5189875523], [-99.0672371441, 19.5186952445], [-99.0672800595, 19.5186322008], [-99.0675710791, 19.5182231269], [-99.0676958019, 19.5180460825], [-99.0683167332, 19.5171301251], [-99.0688867027, 19.5163442811], [-99.0694016868, 19.5156281145], [-99.0697879249, 19.5151091386], [-99.0699220353, 19.5149294046], [-99.070264017, 19.5144693636], [-99.0702841336, 19.5144439242], [-99.070674395, 19.5138578697], [-99.0707038993, 19.5138163133], [-99.0710512453, 19.5133066542], [-99.0711410993, 19.5131872779], [-99.0712376589, 19.5130853616], [-99.0714200491, 19.5128909304], [-99.0715192908, 19.5127997586], [-99.0719001645, 19.512481842], [-99.0721308345, 19.5123035272], [-99.0723078603, 19.5121666899], [-99.0724111253, 19.5120862625], [-99.0726686174, 19.5118488511], [-99.0727718824, 19.5117348461], [-99.0728711242, 19.5116128615], [-99.0730038935, 19.5114196926], [-99.073190307, 19.5111635558], [-99.073639577, 19.5105547357], [-99.0736596936, 19.5105278736], [-99.0740633661, 19.5099579222], [-99.0748237723, 19.5088876975], [-99.0757960731, 19.5075399122], [-99.0762131566, 19.5069351078], [-99.0762319321, 19.506906902], [-99.0763043517, 19.5068130405], [-99.0766946131, 19.5063034383], [-99.0769346708, 19.5060244601], [-99.0770620757, 19.5058769514], [-99.0771881396, 19.5057401087], [-99.0772458071, 19.5056931777], [-99.0775314623, 19.5054250226], [-99.0776253396, 19.5053029542], [-99.0776843482, 19.5051862583], [-99.0778037065, 19.5049006413], [-99.0778761262, 19.5047114939], [-99.0779807323, 19.5044580328], [-99.078041082, 19.5043105227], [-99.0780598575, 19.5042716502], [-99.0780772919, 19.5042380713], [-99.0781295949, 19.5041268263], [-99.0781805569, 19.5040382568], [-99.0782556588, 19.5039189527], [-99.0783294195, 19.5038049421], [-99.0783911103, 19.5037124221], [-99.0785171741, 19.5035232732], [-99.078631168, 19.5033516643], [-99.0786526257, 19.5033113694], [-99.0787089521, 19.5032121332], [-99.0787612552, 19.5031182696], [-99.0788242871, 19.503008288], [-99.0789329165, 19.5028219037], [-99.0790562981, 19.502626117], [-99.0791528577, 19.5024839779]]}","{""id"": ""TTI-0e6b35d1-b793-45b4-b4a5-22dc2fb82b8b-TTR24502298340194000"", ""iconCategory"": 8, ""magnitudeOfDelay"": 4, ""startTime"": ""2026-04-18T12:43:30Z"", ""endTime"": null, ""from"": ""Ecatepec de Morelos-1 (Siervo de la Nación)"", ""to"": ""Anillo Periférico/Avenida Río de los Remedios (Siervo de la Nación)"", ""length"": 2428.33562259, ""delay"": null, ""roadNumbers"": [], ""timeValidity"": ""present"", ""probabilityOfOccurrence"": ""probable"", ""numberOfReports"": null, ""lastReportTime"": null, ""events"": [{""code"": 401, ""description"": ""Cerrado"", ""iconCategory"": 8}]}"
tomtom,tomtom_cdmx_incidents,2026-07-04T07:19:02Z,2026-07-04,20260704T071858Z,2026-07-04T07:18:59.174725,TTI-0e6b35d1-b793-45b4-b4a5-22dc2fb82b8b-TTR24510954044023000,Feature,LineString,19.4727623964,-99.0667154545,8,Road closed,4,,213.4160876831,Calle Monte de las Cruces,Avenida Francisco Morazán / Calle 1513,,present,probable,,2026-05-13T01:12:00Z,,,Cerrado,401,"{""type"": ""LineString"", ""coordinates"": [[-99.0660381967, 19.4733565022], [-99.0663935894, 19.4730467266], [-99.0664928311, 19.4729595626], [-99.0667154545, 19.4727623964], [-99.0671674067, 19.47237075], [-99.0675201172, 19.4720409003]]}","{""id"": ""TTI-0e6b35d1-b793-45b4-b4a5-22dc2fb82b8b-TTR24510954044023000"", ""iconCategory"": 8, ""magnitudeOfDelay"": 4, ""startTime"": ""2026-05-13T01:12:00Z"", ""endTime"": null, ""from"": ""Calle Monte de las Cruces"", ""to"": ""Avenida Francisco Morazán / Calle 1513"", ""length"": 213.4160876831, ""delay"": null, ""roadNumbers"": [], ""timeValidity"": ""present"", ""probabilityOfOccurrence"": ""probable"", ""numberOfReports"": null, ""lastReportTime"": null, ""events"": [{""code"": 401, ""description"": ""Cerrado"", ""iconCategory"": 8}]}"
tomtom,tomtom_cdmx_incidents,2026-07-04T07:19:02Z,2026-07-04,20260704T071858Z,2026-07-04T07:18:59.174744,TTI-0e6b35d1-b793-45b4-b4a5-22dc2fb82b8b-TTR24510954224015000,Feature,LineString,19.4737091872,-99.0663828605,8,Road closed,4,,53.3246252601,Calle Volcán Ceboruco,Calle Sierra Madre Oriental,,present,probable,,2026-06-15T04:12:30Z,,,Cerrado,401,"{""type"": ""LineString"", ""coordinates"": [[-99.0660381967, 19.4733565022], [-99.0663828605, 19.4737091872]]}","{""id"": ""TTI-0e6b35d1-b793-45b4-b4a5-22dc2fb82b8b-TTR24510954224015000"", ""iconCategory"": 8, ""magnitudeOfDelay"": 4, ""startTime"": ""2026-06-15T04:12:30Z"", ""endTime"": null, ""from"": ""Calle Volcán Ceboruco"", ""to"": ""Calle Sierra Madre Oriental"", ""length"": 53.3246252601, ""delay"": null, ""roadNumbers"": [], ""timeValidity"": ""present"", ""probabilityOfOccurrence"": ""probable"", ""numberOfReports"": null, ""lastReportTime"": null, ""events"": [{""code"": 401, ""description"": ""Cerrado"", ""iconCategory"": 8}]}"
tomtom,tomtom_cdmx_incidents,2026-07-04T07:19:02Z,2026-07-04,20260704T071858Z,2026-07-04T07:18:59.174759,TTI-0e6b35d1-b793-45b4-b4a5-22dc2fb82b8b-TTR24510953972023000,Feature,LineString,19.4729595626,-99.0664928311,8,Road closed,4,,161.3344127828,Avenida Francisco Morazán / Calle 1513,Calle Monte de las Cruces,,present,probable,,2026-05-13T02:03:00Z,,,Cerrado,401,"{""type"": ""LineString"", ""coordinates"": [[-99.0671674067, 19.47237075], [-99.0667154545, 19.4727623964], [-99.0664928311, 19.4729595626], [-99.0663935894, 19.4730467266], [-99.0660381967, 19.4733565022]]}","{""id"": ""TTI-0e6b35d1-b793-45b4-b4a5-22dc2fb82b8b-TTR24510953972023000"", ""iconCategory"": 8, ""magnitudeOfDelay"": 4, ""startTime"": ""2026-05-13T02:03:00Z"", ""endTime"": null, ""from"": ""Avenida Francisco Morazán / Calle 1513"", ""to"": ""Calle Monte de las Cruces"", ""length"": 161.3344127828, ""delay"": null, ""roadNumbers"": [], ""timeValidity"": ""present"", ""probabilityOfOccurrence"": ""probable"", ""numberOfReports"": null, ""lastReportTime"": null, ""events"": [{""code"": 401, ""description"": ""Cerrado"", ""iconCategory"": 8}]}"
tomtom,tomtom_cdmx_incidents,2026-07-04T07:19:02Z,2026-07-04,20260704T071858Z,2026-07-04T07:18:59.174778,TTI-0e6b35d1-b793-45b4-b4a5-22dc2fb82b8b-TTR24510954152015000,Feature,LineString,19.4733565022,-99.0660381967,8,Road closed,4,,53.3246252601,Calle Sierra Madre Oriental,Calle Volcán Ceboruco,,present,probable,,2026-05-16T19:22:00Z,,,Cerrado,401,"{""type"": ""LineString"", ""coordinates"": [[-99.0663828605, 19.4737091872], [-99.0660381967, 19.4733565022]]}","{""id"": ""TTI-0e6b35d1-b793-45b4-b4a5-22dc2fb82b8b-TTR24510954152015000"", ""iconCategory"": 8, ""magnitudeOfDelay"": 4, ""startTime"": ""2026-05-16T19:22:00Z"", ""endTime"": null, ""from"": ""Calle Sierra Madre Oriental"", ""to"": ""Calle Volcán Ceboruco"", ""length"": 53.3246252601, ""delay"": null, ""roadNumbers"": [], ""timeValidity"": ""present"", ""probabilityOfOccurrence"": ""probable"", ""numberOfReports"": null, ""lastReportTime"": null, ""events"": [{""code"": 401, ""description"": ""Cerrado"", ""iconCategory"": 8}]}"
tomtom,tomtom_cdmx_incidents,2026-07-04T07:19:02Z,2026-07-04,20260704T071858Z,2026-07-04T07:18:59.174793,TTI-0e6b35d1-b793-45b4-b4a5-22dc2fb82b8b-TTR24505183884066000,Feature,LineString,19.5186495813,-99.0671674067,8,Road closed,4,,763.560310107,Anillo Periférico/Avenida Río de los Remedios (Siervo de la Nación),Avenida la Central (Siervo de la Nación),,present,probable,,2026-04-18T13:41:30Z,,,Cerrado,401,"{""type"": ""LineString"", ""coordinates"": [[-99.0695679838, 19.5152324636], [-99.0688598806, 19.5162516892], [-99.0674986595, 19.5181802286], [-99.067210322, 19.5185866165], [-99.0671674067, 19.5186495813], [-99.0668669993, 19.5190707414], [-99.0661951059, 19.5200135483], [-99.0659724826, 19.5203152548], [-99.0655178481, 19.5209402334]]}","{""id"": ""TTI-0e6b35d1-b793-45b4-b4a5-22dc2fb82b8b-TTR24505183884066000"", ""iconCategory"": 8, ""magnitudeOfDelay"": 4, ""startTime"": ""2026-04-18T13:41:30Z"", ""endTime"": null, ""from"": ""Anillo Periférico/Avenida Río de los Remedios (Siervo de la Nación)"", ""to"": ""Avenida la Central (Siervo de la Nación)"", ""length"": 763.560310107, ""delay"": null, ""roadNumbers"": [], ""timeValidity"": ""present"", ""probabilityOfOccurrence"": ""probable"", ""numberOfReports"": null, ""lastReportTime"": null, ""events"": [{""code"": 401, ""description"": ""Cerrado"", ""iconCategory"": 8}]}"
tomtom,tomtom_cdmx_incidents,2026-07-04T07:19:02Z,2026-07-04,20260704T071858Z,2026-07-04T07:18:59.174814,TTI-0e6b35d1-b793-45b4-b4a5-22dc2fb82b8b-TTR24510954188023000,Feature,LineString,19.4770364639,-99.0668871158,8,Road closed,4,,209.2209425463,Avenida Volcán Iztaccíhuatl,Calle Volcán Popocatépetl,,present,probable,,2026-06-18T01:26:04Z,,,Cerrado,401,"{""type"": ""LineString"", ""coordinates"": [[-99.0654561573, 19.4783480742], [-99.0668871158, 19.4770364639]]}","{""id"": ""TTI-0e6b35d1-b793-45b4-b4a5-22dc2fb82b8b-TTR24510954188023000"", ""iconCategory"": 8, ""magnitudeOfDelay"": 4, ""startTime"": ""2026-06-18T01:26:04Z"", ""endTime"": null, ""from"": ""Avenida Volcán Iztaccíhuatl"", ""to"": ""Calle Volcán Popocatépetl"", ""length"": 209.2209425463, ""delay"": null, ""roadNumbers"": [], ""timeValidity"": ""present"", ""probabilityOfOccurrence"": ""probable"", ""numberOfReports"": null, ""lastReportTime"": null, ""events"": [{""code"": 401, ""description"": ""Cerrado"", ""iconCategory"": 8}]}"
tomtom,tomtom_cdmx_incidents,2026-07-04T07:19:02Z,2026-07-04,20260704T071858Z,2026-07-04T07:18:59.174829,TTI-0e6b35d1-b793-45b4-b4a5-22dc2fb82b8b-TTR24510954116023000,Feature,LineString,19.4783480742,-99.0654561573,8,Road closed,4,,209.2209425463,Calle Volcán Popocatépetl,Avenida Volcán Iztaccíhuatl,,present,probable,,2026-06-18T01:26:30Z,,,Cerrado,401,"{""type"": ""LineString"", ""coordinates"": [[-99.0668871158, 19.4770364639], [-99.0654561573, 19.4783480742]]}","{""id"": ""TTI-0e6b35d1-b793-45b4-b4a5-22dc2fb82b8b-TTR24510954116023000"", ""iconCategory"": 8, ""magnitudeOfDelay"": 4, ""startTime"": ""2026-06-18T01:26:30Z"", ""endTime"": null, ""from"": ""Calle Volcán Popocatépetl"", ""to"": ""Avenida Volcán Iztaccíhuatl"", ""length"": 209.2209425463, ""delay"": null, ""roadNumbers"": [], ""timeValidity"": ""present"", ""probabilityOfOccurrence"": ""probable"", ""numberOfReports"": null, ""lastReportTime"": null, ""events"": [{""code"": 401, ""description"": ""Cerrado"", ""iconCategory"": 8}]}"
tomtom,tomtom_cdmx_incidents,2026-07-04T07:19:02Z,2026-07-04,20260704T071858Z,2026-07-04T07:18:59.174844,TTI-0e6b35d1-b793-45b4-b4a5-22dc2fb82b8b-TTR24525379948022000,Feature,LineString,19.3802946009,-99.0646997744,8,Road closed,4,,173.6047829086,Eje 4 Canal de Tezontle,Calle Batalla de Casa Blanca,,present,probable,,2026-07-04T03:38:30Z,,,Cerrado,401,"{""type"": ""LineString"", ""coordinates"": [[-99.0644650811, 19.3814800868], [-99.0644704455, 19.3814573149], [-99.0646997744, 19.3802946009], [-99.0647641474, 19.3799445594]]}","{""id"": ""TTI-0e6b35d1-b793-45b4-b4a5-22dc2fb82b8b-TTR24525379948022000"", ""iconCategory"": 8, ""magnitudeOfDelay"": 4, ""startTime"": ""2026-07-04T03:38:30Z"", ""endTime"": null, ""from"": ""Eje 4 Canal de Tezontle"", ""to"": ""Calle Batalla de Casa Blanca"", ""length"": 173.6047829086, ""delay"": null, ""roadNumbers"": [], ""timeValidity"": ""present"", ""probabilityOfOccurrence"": ""probable"", ""numberOfReports"": null, ""lastReportTime"": null, ""events"": [{""code"": 401, ""description"": ""Cerrado"", ""iconCategory"": 8}]}"
tomtom,tomtom_cdmx_incidents,2026-07-04T07:19:02Z,2026-07-04,20260704T071858Z,2026-07-04T07:18:59.174861,TTI-0e6b35d1-b793-45b4-b4a5-22dc2fb82b8b-TTR24513839532003000,Feature,LineString,19.4644126803,-99.0639018172,9,Road works,0,,23.0132543697,Avenida 661,San Juan de Aragón Sexta Sección,,present,probable,,2026-06-16T22:42:30Z,,,Obras | Nuevo trazado de carretera por obras,"701,810","{""type"": ""LineString"", ""coordinates"": [[-99.0637905055, 19.4643992454], [-99.0639018172, 19.4644126803], [-99.0640091056, 19.4644126803]]}","{""id"": ""TTI-0e6b35d1-b793-45b4-b4a5-22dc2fb82b8b-TTR24513839532003000"", ""iconCategory"": 9, ""magnitudeOfDelay"": 0, ""startTime"": ""2026-06-16T22:42:30Z"", ""endTime"": null, ""from"": ""Avenida 661"", ""to"": ""San Juan de Aragón Sexta Sección"", ""length"": 23.0132543697, ""delay"": null, ""roadNumbers"": [], ""timeValidity"": ""present"", ""probabilityOfOccurrence"": ""probable"", ""numberOfReports"": null, ""lastReportTime"": null, ""events"": [{""code"": 701, ""description"": ""Obras"", ""iconCategory"": 9}, {""code"": 810, ""description"": ""Nuevo trazado de carretera por obras"", ""iconCategory"": 9}]}"
tomtom,tomtom_cdmx_incidents,2026-07-04T07:19:02Z,2026-07-04,20260704T071858Z,2026-07-04T07:18:59.174878,TTI-0e6b35d1-b793-45b4-b4a5-22dc2fb82b8b-TTR24545576292022000,Feature,LineString,19.2510925846,-99.0609996671,8,Road closed,4,,170.522259753,Calle Acueducto San Gregorio Atlapulco / Calle San Pedro Actopan,Avenida México P / Calle Moctezuma,,present,probable,,2026-07-04T06:24:30Z,,,Cerrado,401,"{""type"": ""LineString"", ""coordinates"": [[-99.0606187934, 19.2502127915], [-99.0607233995, 19.2506111441], [-99.0607475394, 19.250671443], [-99.0609017664, 19.2509692176], [-99.0609996671, 19.2510925846], [-99.0610399002, 19.2511422004], [-99.0611941272, 19.2513111473], [-99.0613778585, 19.2515404716]]}","{""id"": ""TTI-0e6b35d1-b793-45b4-b4a5-22dc2fb82b8b-TTR24545576292022000"", ""iconCategory"": 8, ""magnitudeOfDelay"": 4, ""startTime"": ""2026-07-04T06:24:30Z"", ""endTime"": null, ""from"": ""Calle Acueducto San Gregorio Atlapulco / Calle San Pedro Actopan"", ""to"": ""Avenida México P / Calle Moctezuma"", ""length"": 170.522259753, ""delay"": null, ""roadNumbers"": [], ""timeValidity"": ""present"", ""probabilityOfOccurrence"": ""probable"", ""numberOfReports"": null, ""lastReportTime"": null, ""events"": [{""code"": 401, ""description"": ""Cerrado"", ""iconCategory"": 8}]}"
tomtom,tomtom_cdmx_incidents,2026-07-04T07:19:02Z,2026-07-04,20260704T071858Z,2026-07-04T07:18:59.174899,TTI-0e6b35d1-b793-45b4-b4a5-22dc2fb82b8b-TTR24499413796015000,Feature,LineString,19.5764137035,-99.0596612448,8,Road closed,4,,128.0041814134,Avenida Chiapas,Calle 5 de Febrero,,present,certain,1.0,2024-08-25T03:17:30Z,,2024-08-25T03:15:00Z,Cerrado,401,"{""type"": ""LineString"", ""coordinates"": [[-99.0599026436, 19.5757927304], [-99.0598382705, 19.5759429393], [-99.0596612448, 19.5764137035], [-99.0595941895, 19.5765799435], [-99.059536522, 19.5768870724]]}","{""id"": ""TTI-0e6b35d1-b793-45b4-b4a5-22dc2fb82b8b-TTR24499413796015000"", ""iconCategory"": 8, ""magnitudeOfDelay"": 4, ""startTime"": ""2024-08-25T03:17:30Z"", ""endTime"": null, ""from"": ""Avenida Chiapas"", ""to"": ""Calle 5 de Febrero"", ""length"": 128.0041814134, ""delay"": null, ""roadNumbers"": [], ""timeValidity"": ""present"", ""probabilityOfOccurrence"": ""certain"", ""numberOfReports"": 1, ""lastReportTime"": ""2024-08-25T03:15:00Z"", ""events"": [{""code"": 401, ""description"": ""Cerrado"", ""iconCategory"": 8}]}"
tomtom,tomtom_cdmx_incidents,2026-07-04T07:19:02Z,2026-07-04,20260704T071858Z,2026-07-04T07:18:59.174916,TTI-0e6b35d1-b793-45b4-b4a5-22dc2fb82b8b-TTL24499413764030000,Feature,LineString,19.5652221588,-99.0614985579,6,Jam,3,763.0,400.2202404827,Calle del Plan de Ayala,Calle Ricardo Flores Magón,,present,certain,,2026-07-04T06:47:00Z,2026-07-04T08:11:30Z,,Tráfico parado,101,"{""type"": ""LineString"", ""coordinates"": [[-99.059124803, 19.5643839483], [-99.0596974546, 19.5646025642], [-99.0597980374, 19.5646414223], [-99.0602781528, 19.5648386344], [-99.0604149455, 19.564882863], [-99.0608816499, 19.5650344247], [-99.0611860806, 19.5651135621], [-99.0614985579, 19.5652221588], [-99.0615495199, 19.5652369279], [-99.0616755837, 19.5652744431], [-99.0619143003, 19.5653696922], [-99.062244212, 19.5655105123], [-99.0624976808, 19.5656070249], [-99.0626867765, 19.5656740783]]}","{""id"": ""TTI-0e6b35d1-b793-45b4-b4a5-22dc2fb82b8b-TTL24499413764030000"", ""iconCategory"": 6, ""magnitudeOfDelay"": 3, ""startTime"": ""2026-07-04T06:47:00Z"", ""endTime"": ""2026-07-04T08:11:30Z"", ""from"": ""Calle del Plan de Ayala"", ""to"": ""Calle Ricardo Flores Magón"", ""length"": 400.2202404827, ""delay"": 763, ""roadNumbers"": [], ""timeValidity"": ""present"", ""probabilityOfOccurrence"": ""certain"", ""numberOfReports"": null, ""lastReportTime"": null, ""events"": [{""code"": 101, ""description"": ""Tráfico parado"", ""iconCategory"": 6}]}"
tomtom,tomtom_cdmx_incidents,2026-07-04T07:19:02Z,2026-07-04,20260704T071858Z,2026-07-04T07:18:59.174942,TTI-0e6b35d1-b793-45b4-b4a5-22dc2fb82b8b-TTR24513839392045000,Feature,LineString,19.4636307688,-99.0605074817,8,Road closed,4,,515.7573484032,Avenida 608,Avenida 661,,present,probable,,2026-03-31T16:34:00Z,,,Cerrado,401,"{""type"": ""LineString"", ""coordinates"": [[-99.0589169318, 19.4635516607], [-99.0590403134, 19.463490018], [-99.0591006631, 19.4634564307], [-99.0591422373, 19.4634390443], [-99.0592106336, 19.4634162048], [-99.0592870766, 19.4634001619], [-99.0593729073, 19.4633947879], [-99.0596558803, 19.4634309833], [-99.0597256178, 19.4634444182], [-99.0598422939, 19.4634725526], [-99.0599321479, 19.463495392], [-99.0600461417, 19.4635194959], [-99.0603371614, 19.4635865126], [-99.0605074817, 19.4636307688], [-99.060665732, 19.4636697301], [-99.0611337775, 19.463775629], [-99.0615334266, 19.4638614544], [-99.0619143003, 19.4639553408], [-99.0621744746, 19.4640116884], [-99.0624346489, 19.4640693794], [-99.0625191385, 19.4640948267], [-99.0626492256, 19.4641243044], [-99.0627404207, 19.4641484873], [-99.0631963962, 19.464287973], [-99.063437795, 19.4643536459], [-99.0635678822, 19.4643791721], [-99.063668465, 19.4643751417]]}","{""id"": ""TTI-0e6b35d1-b793-45b4-b4a5-22dc2fb82b8b-TTR24513839392045000"", ""iconCategory"": 8, ""magnitudeOfDelay"": 4, ""startTime"": ""2026-03-31T16:34:00Z"", ""endTime"": null, ""from"": ""Avenida 608"", ""to"": ""Avenida 661"", ""length"": 515.7573484032, ""delay"": null, ""roadNumbers"": [], ""timeValidity"": ""present"", ""probabilityOfOccurrence"": ""probable"", ""numberOfReports"": null, ""lastReportTime"": null, ""events"": [{""code"": 401, ""description"": ""Cerrado"", ""iconCategory"": 8}]}"
tomtom,tomtom_cdmx_incidents,2026-07-04T07:19:02Z,2026-07-04,20260704T071858Z,2026-07-04T07:18:59.174977,TTI-0e6b35d1-b793-45b4-b4a5-22dc2fb82b8b-TTR24548461664014000,Feature,LineString,19.2490205765,-99.0579808408,8,Road closed,4,,81.3383660271,Calle Lázaro Cárdenas,Calle Acueducto San Gregorio Atlapulco / Calle San Pedro Actopan,,present,probable,,2026-07-04T03:51:00Z,,,Cerrado,401,"{""type"": ""LineString"", ""coordinates"": [[-99.0586580986, 19.2489105815], [-99.0583630556, 19.2489642338], [-99.0581994408, 19.2489991315], [-99.0579808408, 19.2490205765], [-99.0579406077, 19.249017886], [-99.0578963512, 19.2490044334]]}","{""id"": ""TTI-0e6b35d1-b793-45b4-b4a5-22dc2fb82b8b-TTR24548461664014000"", ""iconCategory"": 8, ""magnitudeOfDelay"": 4, ""startTime"": ""2026-07-04T03:51:00Z"", ""endTime"": null, ""from"": ""Calle Lázaro Cárdenas"", ""to"": ""Calle Acueducto San Gregorio Atlapulco / Calle San Pedro Actopan"", ""length"": 81.3383660271, ""delay"": null, ""roadNumbers"": [], ""timeValidity"": ""present"", ""probabilityOfOccurrence"": ""probable"", ""numberOfReports"": null, ""lastReportTime"": null, ""events"": [{""code"": 401, ""description"": ""Cerrado"", ""iconCategory"": 8}]}"
tomtom,tomtom_cdmx_incidents,2026-07-04T07:19:02Z,2026-07-04,20260704T071858Z,2026-07-04T07:18:59.174996,TTI-0e6b35d1-b793-45b4-b4a5-22dc2fb82b8b-TTL24525380304017001,Feature,LineString,19.4026682525,-99.0578775758,6,Jam,2,235.0,662.9812375488,Calzada Ignacio Zaragoza (Anillo Periférico/Calle del Canal de San Juan),Prolongación Benito/Calle Xochimilco (Anillo Periférico/Calle Siete),,present,certain,,2026-07-04T07:06:30Z,2026-07-04T07:41:30Z,,Tráfico en cola,108,"{""type"": ""LineString"", ""coordinates"": [[-99.0580867881, 19.4001965421], [-99.0580559427, 19.400550651], [-99.0580519193, 19.4005961894], [-99.0580465549, 19.4006350868], [-99.0580103451, 19.4006914564], [-99.0580076629, 19.4007276657], [-99.0580036396, 19.4007745481], [-99.0580009574, 19.4008121014], [-99.0579969341, 19.4008509987], [-99.0579888874, 19.4009100562], [-99.0579862052, 19.4009395454], [-99.0579687709, 19.4011004316], [-99.0579607242, 19.4012708046], [-99.0579392666, 19.4016851544], [-99.0579298788, 19.4018112537], [-99.0579178089, 19.4020982381], [-99.0579097623, 19.4022578582], [-99.0579017156, 19.4023624531], [-99.0578775758, 19.4026682525], [-99.057868188, 19.4027701591], [-99.0578091794, 19.4033776447], [-99.0577863807, 19.4036096809], [-99.0577676052, 19.4037947562], [-99.0577635819, 19.4038376847], [-99.0577501708, 19.4039784872], [-99.0577126199, 19.4043392288], [-99.0576938444, 19.4045122074], [-99.0576670224, 19.4047696985], [-99.0576455647, 19.4049722442], [-99.0576375181, 19.4050365971], [-99.0576053315, 19.4053048392], [-99.0575798506, 19.405514025], [-99.0575463229, 19.4057943621], [-99.0575302297, 19.4059311309], [-99.0575101131, 19.4061081398], [-99.057508772, 19.4061256114]]}","{""id"": ""TTI-0e6b35d1-b793-45b4-b4a5-22dc2fb82b8b-TTL24525380304017001"", ""iconCategory"": 6, ""magnitudeOfDelay"": 2, ""startTime"": ""2026-07-04T07:06:30Z"", ""endTime"": ""2026-07-04T07:41:30Z"", ""from"": ""Calzada Ignacio Zaragoza (Anillo Periférico/Calle del Canal de San Juan)"", ""to"": ""Prolongación Benito/Calle Xochimilco (Anillo Periférico/Calle Siete)"", ""length"": 662.9812375488, ""delay"": 235, ""roadNumbers"": [], ""timeValidity"": ""present"", ""probabilityOfOccurrence"": ""certain"", ""numberOfReports"": null, ""lastReportTime"": null, ""events"": [{""code"": 108, ""description"": ""Tráfico en cola"", ""iconCategory"": 6}]}"
tomtom,tomtom_cdmx_incidents,2026-07-04T07:19:02Z,2026-07-04,20260704T071858Z,2026-07-04T07:18:59.175039,TTI-0e6b35d1-b793-45b4-b4a5-22dc2fb82b8b-TTR24513839608006001,Feature,LineString,19.4772134742,-99.0570930296,8,Road closed,4,,38.1760562664,Avenida de las Torres,Calle Monterrey,,present,probable,,2026-06-25T19:03:00Z,,,Cerrado,401,"{""type"": ""LineString"", ""coordinates"": [[-99.0572539622, 19.4772564624], [-99.0570930296, 19.4772134742], [-99.0568999106, 19.477177282]]}","{""id"": ""TTI-0e6b35d1-b793-45b4-b4a5-22dc2fb82b8b-TTR24513839608006001"", ""iconCategory"": 8, ""magnitudeOfDelay"": 4, ""startTime"": ""2026-06-25T19:03:00Z"", ""endTime"": null, ""from"": ""Avenida de las Torres"", ""to"": ""Calle Monterrey"", ""length"": 38.1760562664, ""delay"": null, ""roadNumbers"": [], ""timeValidity"": ""present"", ""probabilityOfOccurrence"": ""probable"", ""numberOfReports"": null, ""lastReportTime"": null, ""events"": [{""code"": 401, ""description"": ""Cerrado"", ""iconCategory"": 8}]}"
tomtom,tomtom_cdmx_incidents,2026-07-04T07:19:02Z,2026-07-04,20260704T071858Z,2026-07-04T07:18:59.175055,TTI-0e6b35d1-b793-45b4-b4a5-22dc2fb82b8b-TTR24513839680006000,Feature,LineString,19.4772134742,-99.0570930296,8,Road closed,4,,38.1760562664,Calle Monterrey,Avenida de las Torres,,present,probable,,2026-07-02T19:12:30Z,,,Cerrado,401,"{""type"": ""LineString"", ""coordinates"": [[-99.0568999106, 19.477177282], [-99.0570930296, 19.4772134742], [-99.0572539622, 19.4772564624]]}","{""id"": ""TTI-0e6b35d1-b793-45b4-b4a5-22dc2fb82b8b-TTR24513839680006000"", ""iconCategory"": 8, ""magnitudeOfDelay"": 4, ""startTime"": ""2026-07-02T19:12:30Z"", ""endTime"": null, ""from"": ""Calle Monterrey"", ""to"": ""Avenida de las Torres"", ""length"": 38.1760562664, ""delay"": null, ""roadNumbers"": [], ""timeValidity"": ""present"", ""probabilityOfOccurrence"": ""probable"", ""numberOfReports"": null, ""lastReportTime"": null, ""events"": [{""code"": 401, ""description"": ""Cerrado"", ""iconCategory"": 8}]}"
tomtom,tomtom_cdmx_incidents,2026-07-04T07:19:02Z,2026-07-04,20260704T071858Z,2026-07-04T07:18:59.175071,TTI-0e6b35d1-b793-45b4-b4a5-22dc2fb82b8b-TTR24525380308030000,Feature,LineString,19.4085074242,-99.055198049,8,Road closed,4,,302.8119640302,Avenida Oaxaca,Avenida Juárez,,present,probable,,2026-06-27T09:41:00Z,,,Cerrado,401,"{""type"": ""LineString"", ""coordinates"": [[-99.0554877275, 19.4058506508], [-99.0553844625, 19.4067666045], [-99.055198049, 19.4085074242], [-99.0551846379, 19.4085583362]]}","{""id"": ""TTI-0e6b35d1-b793-45b4-b4a5-22dc2fb82b8b-TTR24525380308030000"", ""iconCategory"": 8, ""magnitudeOfDelay"": 4, ""startTime"": ""2026-06-27T09:41:00Z"", ""endTime"": null, ""from"": ""Avenida Oaxaca"", ""to"": ""Avenida Juárez"", ""length"": 302.8119640302, ""delay"": null, ""roadNumbers"": [], ""timeValidity"": ""present"", ""probabilityOfOccurrence"": ""probable"", ""numberOfReports"": null, ""lastReportTime"": null, ""events"": [{""code"": 401, ""description"": ""Cerrado"", ""iconCategory"": 8}]}"
tomtom,tomtom_cdmx_incidents,2026-07-04T07:19:02Z,2026-07-04,20260704T071858Z,2026-07-04T07:18:59.175087,TTI-0e6b35d1-b793-45b4-b4a5-22dc2fb82b8b-TTR24522494908030000,Feature,LineString,19.4067666045,-99.0553844625,8,Road closed,4,,302.8119640302,Avenida Juárez,Avenida Oaxaca,,present,probable,,2026-06-20T21:15:00Z,,,Cerrado,401,"{""type"": ""LineString"", ""coordinates"": [[-99.0551846379, 19.4085583362], [-99.055198049, 19.4085074242], [-99.0553844625, 19.4067666045], [-99.0554877275, 19.4058506508]]}","{""id"": ""TTI-0e6b35d1-b793-45b4-b4a5-22dc2fb82b8b-TTR24522494908030000"", ""iconCategory"": 8, ""magnitudeOfDelay"": 4, ""startTime"": ""2026-06-20T21:15:00Z"", ""endTime"": null, ""from"": ""Avenida Juárez"", ""to"": ""Avenida Oaxaca"", ""length"": 302.8119640302, ""delay"": null, ""roadNumbers"": [], ""timeValidity"": ""present"", ""probabilityOfOccurrence"": ""probable"", ""numberOfReports"": null, ""lastReportTime"": null, ""events"": [{""code"": 401, ""description"": ""Cerrado"", ""iconCategory"": 8}]}"
tomtom,tomtom_cdmx_incidents,2026-07-04T07:19:02Z,2026-07-04,20260704T071858Z,2026-07-04T07:18:59.175104,TTI-0e6b35d1-b793-45b4-b4a5-22dc2fb82b8b-TTR24536920984038000,Feature,LineString,19.3247956271,-99.055596357,8,Road closed,4,,211.205803295,Calle Sol,Calle Insurgentes / Calle del Cedro,,present,probable,,2026-06-12T18:04:30Z,,,Cerrado,401,"{""type"": ""LineString"", ""coordinates"": [[-99.0550974661, 19.3254045107], [-99.0551631802, 19.3253254145], [-99.0552423054, 19.3252315272], [-99.0553455704, 19.3251054477], [-99.0554193312, 19.325012905], [-99.055596357, 19.3247956271], [-99.0556929165, 19.3246749258], [-99.0559249276, 19.3244107431], [-99.0561180466, 19.3241787524], [-99.0561904663, 19.3240875538], [-99.0563326234, 19.3239051564]]}","{""id"": ""TTI-0e6b35d1-b793-45b4-b4a5-22dc2fb82b8b-TTR24536920984038000"", ""iconCategory"": 8, ""magnitudeOfDelay"": 4, ""startTime"": ""2026-06-12T18:04:30Z"", ""endTime"": null, ""from"": ""Calle Sol"", ""to"": ""Calle Insurgentes / Calle del Cedro"", ""length"": 211.205803295, ""delay"": null, ""roadNumbers"": [], ""timeValidity"": ""present"", ""probabilityOfOccurrence"": ""probable"", ""numberOfReports"": null, ""lastReportTime"": null, ""events"": [{""code"": 401, ""description"": ""Cerrado"", ""iconCategory"": 8}]}"
tomtom,tomtom_cdmx_incidents,2026-07-04T07:19:02Z,2026-07-04,20260704T071858Z,2026-07-04T07:18:59.175127,TTI-0e6b35d1-b793-45b4-b4a5-22dc2fb82b8b-TTR24536920912014000,Feature,LineString,19.3254045107,-99.0550974661,8,Road closed,4,,81.4953982587,Calle Miguel Hidalgo Arroyo de la Luz,Calle Benito Juárez,,present,probable,,2026-06-12T18:37:30Z,,,Cerrado,401,"{""type"": ""LineString"", ""coordinates"": [[-99.0553455704, 19.3251054477], [-99.0552423054, 19.3252315272], [-99.0551631802, 19.3253254145], [-99.0550974661, 19.3254045107], [-99.0549767667, 19.3255479911], [-99.0548681372, 19.3256834827]]}","{""id"": ""TTI-0e6b35d1-b793-45b4-b4a5-22dc2fb82b8b-TTR24536920912014000"", ""iconCategory"": 8, ""magnitudeOfDelay"": 4, ""startTime"": ""2026-06-12T18:37:30Z"", ""endTime"": null, ""from"": ""Calle Miguel Hidalgo Arroyo de la Luz"", ""to"": ""Calle Benito Juárez"", ""length"": 81.4953982587, ""delay"": null, ""roadNumbers"": [], ""timeValidity"": ""present"", ""probabilityOfOccurrence"": ""probable"", ""numberOfReports"": null, ""lastReportTime"": null, ""events"": [{""code"": 401, ""description"": ""Cerrado"", ""iconCategory"": 8}]}"
tomtom,tomtom_cdmx_incidents,2026-07-04T07:19:02Z,2026-07-04,20260704T071858Z,2026-07-04T07:18:59.175145,TTI-0e6b35d1-b793-45b4-b4a5-22dc2fb82b8b-TTR24528265168075000,Feature,LineString,19.3633765486,-99.059446668,8,Road closed,4,,944.9895347546,Calle Campaña del Ebano (Eje 6 S),Avenida Jalisco/Sur 27/Calle Josue G Escobedo (Eje 6 S),,present,certain,14.0,2026-07-03T15:42:03Z,,2025-06-05T17:57:30Z,Puente cerrado,24,"{""type"": ""LineString"", ""coordinates"": [[-99.0544255728, 19.3628682357], [-99.0544912869, 19.362877646], [-99.0545422488, 19.3628843677], [-99.0550465041, 19.3629219297], [-99.0556540245, 19.3629715116], [-99.0560053939, 19.3630131066], [-99.0566075498, 19.3630868864], [-99.0567738467, 19.3631069722], [-99.0568972284, 19.3631217597], [-99.0571252161, 19.3631485671], [-99.057418918, 19.3631834405], [-99.0575946027, 19.3632035263], [-99.0576898211, 19.3632129365], [-99.0577984506, 19.3632183138], [-99.0581860298, 19.3632598297], [-99.0587332004, 19.3633081463], [-99.059022879, 19.363332265], [-99.059253549, 19.3633563837], [-99.0593192631, 19.363361761], [-99.059446668, 19.3633765486], [-99.0595324987, 19.3634436065], [-99.0597041601, 19.3634704139], [-99.0598020607, 19.3634838571], [-99.0599831098, 19.3635052872], [-99.0601587945, 19.3635294059], [-99.0602634007, 19.3635401604], [-99.0603680068, 19.3635575575], [-99.0605812424, 19.3635897421], [-99.0610425824, 19.3636367143], [-99.0614315027, 19.3636809978], [-99.0622844452, 19.3637748629], [-99.0624695176, 19.3637976372], [-99.0627283508, 19.3638217559], [-99.0629898661, 19.3638512518], [-99.06310386, 19.363864695], [-99.0631829852, 19.3638754496], [-99.0632165128, 19.3638794825], [-99.063347941, 19.3638915023]]}","{""id"": ""TTI-0e6b35d1-b793-45b4-b4a5-22dc2fb82b8b-TTR24528265168075000"", ""iconCategory"": 8, ""magnitudeOfDelay"": 4, ""startTime"": ""2026-07-03T15:42:03Z"", ""endTime"": null, ""from"": ""Calle Campaña del Ebano (Eje 6 S)"", ""to"": ""Avenida Jalisco/Sur 27/Calle Josue G Escobedo (Eje 6 S)"", ""length"": 944.9895347546, ""delay"": null, ""roadNumbers"": [], ""timeValidity"": ""present"", ""probabilityOfOccurrence"": ""certain"", ""numberOfReports"": 14, ""lastReportTime"": ""2025-06-05T17:57:30Z"", ""events"": [{""code"": 24, ""description"": ""Puente cerrado"", ""iconCategory"": 8}]}"
tomtom,tomtom_cdmx_incidents,2026-07-04T07:19:02Z,2026-07-04,20260704T071858Z,2026-07-04T07:18:59.175190,TTI-0e6b35d1-b793-45b4-b4a5-22dc2fb82b8b-TTR24522495128014001,Feature,LineString,19.4268134415,-99.0545328611,8,Road closed,4,,147.7165107581,Calle Centeotl,Calle Xochitlán,,present,probable,,2026-06-27T05:30:30Z,,,Cerrado,401,"{""type"": ""LineString"", ""coordinates"": [[-99.0547085458, 19.4265827823], [-99.0546374673, 19.4266551894], [-99.0545878464, 19.426718269], [-99.0545328611, 19.4268134415], [-99.0542646402, 19.4273888234], [-99.0540916377, 19.4277696699]]}","{""id"": ""TTI-0e6b35d1-b793-45b4-b4a5-22dc2fb82b8b-TTR24522495128014001"", ""iconCategory"": 8, ""magnitudeOfDelay"": 4, ""startTime"": ""2026-06-27T05:30:30Z"", ""endTime"": null, ""from"": ""Calle Centeotl"", ""to"": ""Calle Xochitlán"", ""length"": 147.7165107581, ""delay"": null, ""roadNumbers"": [], ""timeValidity"": ""present"", ""probabilityOfOccurrence"": ""probable"", ""numberOfReports"": null, ""lastReportTime"": null, ""events"": [{""code"": 401, ""description"": ""Cerrado"", ""iconCategory"": 8}]}"
tomtom,tomtom_cdmx_incidents,2026-07-04T07:19:02Z,2026-07-04,20260704T071858Z,2026-07-04T07:18:59.175208,TTI-0e6b35d1-b793-45b4-b4a5-22dc2fb82b8b-TTR24499413800014000,Feature,LineString,19.5758503816,-99.0535283738,8,Road closed,4,,99.3948160058,Calle de los Pinos,Calle Tlalnepantla,,present,probable,,2026-06-26T03:09:30Z,,,Cerrado,401,"{""type"": ""LineString"", ""coordinates"": [[-99.0537161285, 19.5754333184], [-99.0535927469, 19.5757028577], [-99.0535283738, 19.5758503816], [-99.0533540303, 19.5762594674]]}","{""id"": ""TTI-0e6b35d1-b793-45b4-b4a5-22dc2fb82b8b-TTR24499413800014000"", ""iconCategory"": 8, ""magnitudeOfDelay"": 4, ""startTime"": ""2026-06-26T03:09:30Z"", ""endTime"": null, ""from"": ""Calle de los Pinos"", ""to"": ""Calle Tlalnepantla"", ""length"": 99.3948160058, ""delay"": null, ""roadNumbers"": [], ""timeValidity"": ""present"", ""probabilityOfOccurrence"": ""probable"", ""numberOfReports"": null, ""lastReportTime"": null, ""events"": [{""code"": 401, ""description"": ""Cerrado"", ""iconCategory"": 8}]}"
tomtom,tomtom_cdmx_incidents,2026-07-04T07:19:02Z,2026-07-04,20260704T071858Z,2026-07-04T07:18:59.175225,TTI-0e6b35d1-b793-45b4-b4a5-22dc2fb82b8b-TTR24499413872014000,Feature,LineString,19.5757028577,-99.0535927469,8,Road closed,4,,99.3948160058,Calle Tlalnepantla,Calle de los Pinos,,present,probable,,2026-06-26T03:09:00Z,,,Cerrado,401,"{""type"": ""LineString"", ""coordinates"": [[-99.0533540303, 19.5762594674], [-99.0535283738, 19.5758503816], [-99.0535927469, 19.5757028577], [-99.0537161285, 19.5754333184]]}","{""id"": ""TTI-0e6b35d1-b793-45b4-b4a5-22dc2fb82b8b-TTR24499413872014000"", ""iconCategory"": 8, ""magnitudeOfDelay"": 4, ""startTime"": ""2026-06-26T03:09:00Z"", ""endTime"": null, ""from"": ""Calle Tlalnepantla"", ""to"": ""Calle de los Pinos"", ""length"": 99.3948160058, ""delay"": null, ""roadNumbers"": [], ""timeValidity"": ""present"", ""probabilityOfOccurrence"": ""probable"", ""numberOfReports"": null, ""lastReportTime"": null, ""events"": [{""code"": 401, ""description"": ""Cerrado"", ""iconCategory"": 8}]}"
tomtom,tomtom_cdmx_incidents,2026-07-04T07:19:02Z,2026-07-04,20260704T071858Z,2026-07-04T07:18:59.175241,TTI-0e6b35d1-b793-45b4-b4a5-22dc2fb82b8b-TTR24499413840014000,Feature,LineString,19.5752602854,-99.0534680241,8,Road closed,4,,87.7461212747,Calle Principal,Calle del Acueducto,,present,probable,,2026-06-26T22:19:30Z,,,Cerrado,401,"{""type"": ""LineString"", ""coordinates"": [[-99.0537161285, 19.5754333184], [-99.0534680241, 19.5752602854], [-99.0530093664, 19.5750122264]]}","{""id"": ""TTI-0e6b35d1-b793-45b4-b4a5-22dc2fb82b8b-TTR24499413840014000"", ""iconCategory"": 8, ""magnitudeOfDelay"": 4, ""startTime"": ""2026-06-26T22:19:30Z"", ""endTime"": null, ""from"": ""Calle Principal"", ""to"": ""Calle del Acueducto"", ""length"": 87.7461212747, ""delay"": null, ""roadNumbers"": [], ""timeValidity"": ""present"", ""probabilityOfOccurrence"": ""probable"", ""numberOfReports"": null, ""lastReportTime"": null, ""events"": [{""code"": 401, ""description"": ""Cerrado"", ""iconCategory"": 8}]}"
tomtom,tomtom_cdmx_incidents,2026-07-04T07:19:02Z,2026-07-04,20260704T071858Z,2026-07-04T07:18:59.175257,TTI-0e6b35d1-b793-45b4-b4a5-22dc2fb82b8b-TTR24499413912014000,Feature,LineString,19.5752602854,-99.0534680241,8,Road closed,4,,87.7461212747,Calle del Acueducto,Calle Principal,,present,probable,,2026-06-27T03:18:30Z,,,Cerrado,401,"{""type"": ""LineString"", ""coordinates"": [[-99.0530093664, 19.5750122264], [-99.0534680241, 19.5752602854], [-99.0537161285, 19.5754333184]]}","{""id"": ""TTI-0e6b35d1-b793-45b4-b4a5-22dc2fb82b8b-TTR24499413912014000"", ""iconCategory"": 8, ""magnitudeOfDelay"": 4, ""startTime"": ""2026-06-27T03:18:30Z"", ""endTime"": null, ""from"": ""Calle del Acueducto"", ""to"": ""Calle Principal"", ""length"": 87.7461212747, ""delay"": null, ""roadNumbers"": [], ""timeValidity"": ""present"", ""probabilityOfOccurrence"": ""probable"", ""numberOfReports"": null, ""lastReportTime"": null, ""events"": [{""code"": 401, ""description"": ""Cerrado"", ""iconCategory"": 8}]}"
tomtom,tomtom_cdmx_incidents,2026-07-04T07:19:02Z,2026-07-04,20260704T071858Z,2026-07-04T07:18:59.175273,TTI-0e6b35d1-b793-45b4-b4a5-22dc2fb82b8b-TTR24505184028022000,Feature,LineString,19.536294546,-99.0519042963,8,Road closed,4,,218.3897052501,Avenida José María Morelos y Pavón,Avenida Miguel Hidalgo,,present,probable,,2026-06-09T14:49:30Z,,,Cerrado,401,"{""type"": ""LineString"", ""coordinates"": [[-99.0530281419, 19.5347294391], [-99.0527009124, 19.5351841297], [-99.0519042963, 19.536294546], [-99.051862722, 19.5363575828]]}","{""id"": ""TTI-0e6b35d1-b793-45b4-b4a5-22dc2fb82b8b-TTR24505184028022000"", ""iconCategory"": 8, ""magnitudeOfDelay"": 4, ""startTime"": ""2026-06-09T14:49:30Z"", ""endTime"": null, ""from"": ""Avenida José María Morelos y Pavón"", ""to"": ""Avenida Miguel Hidalgo"", ""length"": 218.3897052501, ""delay"": null, ""roadNumbers"": [], ""timeValidity"": ""present"", ""probabilityOfOccurrence"": ""probable"", ""numberOfReports"": null, ""lastReportTime"": null, ""events"": [{""code"": 401, ""description"": ""Cerrado"", ""iconCategory"": 8}]}"
tomtom,tomtom_cdmx_incidents,2026-07-04T07:19:02Z,2026-07-04,20260704T071858Z,2026-07-04T07:18:59.175290,TTI-0e6b35d1-b793-45b4-b4a5-22dc2fb82b8b-TTR24505184244022000,Feature,LineString,19.5351841297,-99.0527009124,8,Road closed,4,,218.3897052501,Avenida Miguel Hidalgo,Avenida José María Morelos y Pavón,,present,probable,,2026-06-09T20:29:00Z,,,Cerrado,401,"{""type"": ""LineString"", ""coordinates"": [[-99.051862722, 19.5363575828], [-99.0519042963, 19.536294546], [-99.0527009124, 19.5351841297], [-99.0530281419, 19.5347294391]]}","{""id"": ""TTI-0e6b35d1-b793-45b4-b4a5-22dc2fb82b8b-TTR24505184244022000"", ""iconCategory"": 8, ""magnitudeOfDelay"": 4, ""startTime"": ""2026-06-09T20:29:00Z"", ""endTime"": null, ""from"": ""Avenida Miguel Hidalgo"", ""to"": ""Avenida José María Morelos y Pavón"", ""length"": 218.3897052501, ""delay"": null, ""roadNumbers"": [], ""timeValidity"": ""present"", ""probabilityOfOccurrence"": ""probable"", ""numberOfReports"": null, ""lastReportTime"": null, ""events"": [{""code"": 401, ""description"": ""Cerrado"", ""iconCategory"": 8}]}"
tomtom,tomtom_cdmx_incidents,2026-07-04T07:19:02Z,2026-07-04,20260704T071858Z,2026-07-04T07:18:59.175306,TTI-0e6b35d1-b793-45b4-b4a5-22dc2fb82b8b-TTR24522495200014001,Feature,LineString,19.4199336008,-99.0518265122,8,Road closed,4,,100.4689029793,Avenida Chimalhuacán,Calle de Chalco,,present,probable,,2026-07-02T20:50:00Z,,,Cerrado,401,"{""type"": ""LineString"", ""coordinates"": [[-99.0514617318, 19.4207690814], [-99.0518265122, 19.4199336008]]}","{""id"": ""TTI-0e6b35d1-b793-45b4-b4a5-22dc2fb82b8b-TTR24522495200014001"", ""iconCategory"": 8, ""magnitudeOfDelay"": 4, ""startTime"": ""2026-07-02T20:50:00Z"", ""endTime"": null, ""from"": ""Avenida Chimalhuacán"", ""to"": ""Calle de Chalco"", ""length"": 100.4689029793, ""delay"": null, ""roadNumbers"": [], ""timeValidity"": ""present"", ""probabilityOfOccurrence"": ""probable"", ""numberOfReports"": null, ""lastReportTime"": null, ""events"": [{""code"": 401, ""description"": ""Cerrado"", ""iconCategory"": 8}]}"
tomtom,tomtom_cdmx_incidents,2026-07-04T07:19:02Z,2026-07-04,20260704T071858Z,2026-07-04T07:18:59.175321,TTI-0e6b35d1-b793-45b4-b4a5-22dc2fb82b8b-TTR24534035856022000,Feature,LineString,19.3505904339,-99.0507724041,8,Road closed,4,,195.2039905124,Calle Eduardo Vasconcelos,Avenida Revolución Social / Avenida Samuel Gompers,,present,probable,,2026-06-17T18:45:30Z,,,Cerrado,401,"{""type"": ""LineString"", ""coordinates"": [[-99.0508247072, 19.3489744237], [-99.050809955, 19.3495189214], [-99.0507724041, 19.3505904339], [-99.0507656986, 19.3506588415], [-99.050758993, 19.3507285936]]}","{""id"": ""TTI-0e6b35d1-b793-45b4-b4a5-22dc2fb82b8b-TTR24534035856022000"", ""iconCategory"": 8, ""magnitudeOfDelay"": 4, ""startTime"": ""2026-06-17T18:45:30Z"", ""endTime"": null, ""from"": ""Calle Eduardo Vasconcelos"", ""to"": ""Avenida Revolución Social / Avenida Samuel Gompers"", ""length"": 195.2039905124, ""delay"": null, ""roadNumbers"": [], ""timeValidity"": ""present"", ""probabilityOfOccurrence"": ""probable"", ""numberOfReports"": null, ""lastReportTime"": null, ""events"": [{""code"": 401, ""description"": ""Cerrado"", ""iconCategory"": 8}]}"
tomtom,tomtom_cdmx_incidents,2026-07-04T07:19:02Z,2026-07-04,20260704T071858Z,2026-07-04T07:18:59.175339,TTI-0e6b35d1-b793-45b4-b4a5-22dc2fb82b8b-TTR24534035928022000,Feature,LineString,19.3505904339,-99.0507724041,8,Road closed,4,,195.2039905124,Avenida Revolución Social / Avenida Samuel Gompers,Calle Eduardo Vasconcelos,,present,probable,,2026-06-16T23:52:30Z,,,Cerrado,401,"{""type"": ""LineString"", ""coordinates"": [[-99.050758993, 19.3507285936], [-99.0507656986, 19.3506588415], [-99.0507724041, 19.3505904339], [-99.050809955, 19.3495189214], [-99.0508247072, 19.3489744237]]}","{""id"": ""TTI-0e6b35d1-b793-45b4-b4a5-22dc2fb82b8b-TTR24534035928022000"", ""iconCategory"": 8, ""magnitudeOfDelay"": 4, ""startTime"": ""2026-06-16T23:52:30Z"", ""endTime"": null, ""from"": ""Avenida Revolución Social / Avenida Samuel Gompers"", ""to"": ""Calle Eduardo Vasconcelos"", ""length"": 195.2039905124, ""delay"": null, ""roadNumbers"": [], ""timeValidity"": ""present"", ""probabilityOfOccurrence"": ""probable"", ""numberOfReports"": null, ""lastReportTime"": null, ""events"": [{""code"": 401, ""description"": ""Cerrado"", ""iconCategory"": 8}]}"
tomtom,tomtom_cdmx_incidents,2026-07-04T07:19:02Z,2026-07-04,20260704T071858Z,2026-07-04T07:18:59.175357,TTI-0e6b35d1-b793-45b4-b4a5-22dc2fb82b8b-TTR24508069352023000,Feature,LineString,19.5198391918,-99.0507576519,8,Road closed,4,,167.0106354475,Avenida Plutón / Calle Violeta,Avenida Neptuno,,present,probable,,2026-06-28T11:44:00Z,,,Cerrado,401,"{""type"": ""LineString"", ""coordinates"": [[-99.051259225, 19.518712625], [-99.0511036569, 19.5190613402], [-99.0507576519, 19.5198391918], [-99.0506865734, 19.520000118], [-99.050643658, 19.5200980009]]}","{""id"": ""TTI-0e6b35d1-b793-45b4-b4a5-22dc2fb82b8b-TTR24508069352023000"", ""iconCategory"": 8, ""magnitudeOfDelay"": 4, ""startTime"": ""2026-06-28T11:44:00Z"", ""endTime"": null, ""from"": ""Avenida Plutón / Calle Violeta"", ""to"": ""Avenida Neptuno"", ""length"": 167.0106354475, ""delay"": null, ""roadNumbers"": [], ""timeValidity"": ""present"", ""probabilityOfOccurrence"": ""probable"", ""numberOfReports"": null, ""lastReportTime"": null, ""events"": [{""code"": 401, ""description"": ""Cerrado"", ""iconCategory"": 8}]}"
tomtom,tomtom_cdmx_incidents,2026-07-04T07:19:02Z,2026-07-04,20260704T071858Z,2026-07-04T07:18:59.175378,TTI-0e6b35d1-b793-45b4-b4a5-22dc2fb82b8b-TTR24508069424023000,Feature,LineString,19.5198391918,-99.0507576519,8,Road closed,4,,167.0106354475,Avenida Neptuno,Avenida Plutón / Calle Violeta,,present,probable,,2026-06-28T08:40:00Z,,,Cerrado,401,"{""type"": ""LineString"", ""coordinates"": [[-99.050643658, 19.5200980009], [-99.0506865734, 19.520000118], [-99.0507576519, 19.5198391918], [-99.0511036569, 19.5190613402], [-99.051259225, 19.518712625]]}","{""id"": ""TTI-0e6b35d1-b793-45b4-b4a5-22dc2fb82b8b-TTR24508069424023000"", ""iconCategory"": 8, ""magnitudeOfDelay"": 4, ""startTime"": ""2026-06-28T08:40:00Z"", ""endTime"": null, ""from"": ""Avenida Neptuno"", ""to"": ""Avenida Plutón / Calle Violeta"", ""length"": 167.0106354475, ""delay"": null, ""roadNumbers"": [], ""timeValidity"": ""present"", ""probabilityOfOccurrence"": ""probable"", ""numberOfReports"": null, ""lastReportTime"": null, ""events"": [{""code"": 401, ""description"": ""Cerrado"", ""iconCategory"": 8}]}"
tomtom,tomtom_cdmx_incidents,2026-07-04T07:19:02Z,2026-07-04,20260704T071858Z,2026-07-04T07:18:59.175396,TTI-0e6b35d1-b793-45b4-b4a5-22dc2fb82b8b-TTR24534036112035000,Feature,LineString,19.3624968058,-99.0507308298,8,Road closed,4,,470.9996275844,Avenida Genaro Estrada / Calle Carlos L. Gracida,Eje 6 Sur Luís Méndez,,present,certain,14.0,2026-07-03T15:39:30Z,,2025-06-22T21:24:00Z,Cerrado,401,"{""type"": ""LineString"", ""coordinates"": [[-99.0497558469, 19.3623948739], [-99.0501179451, 19.3624350457], [-99.050142085, 19.3624377343], [-99.0501622015, 19.362440423], [-99.0503338629, 19.3624605879], [-99.050386166, 19.3624646209], [-99.0504626089, 19.3624726078], [-99.050591355, 19.3624847068], [-99.0507187599, 19.3624954614], [-99.0507308298, 19.3624968058], [-99.0507750863, 19.3625007597], [-99.0509319955, 19.3625155473], [-99.0513142103, 19.3625504208], [-99.0513772422, 19.3625557981], [-99.0523844117, 19.3626631072], [-99.053004002, 19.3627288211], [-99.0533070916, 19.3627663041], [-99.0538167113, 19.3628347066], [-99.0542150193, 19.3628843677]]}","{""id"": ""TTI-0e6b35d1-b793-45b4-b4a5-22dc2fb82b8b-TTR24534036112035000"", ""iconCategory"": 8, ""magnitudeOfDelay"": 4, ""startTime"": ""2026-07-03T15:39:30Z"", ""endTime"": null, ""from"": ""Avenida Genaro Estrada / Calle Carlos L. Gracida"", ""to"": ""Eje 6 Sur Luís Méndez"", ""length"": 470.9996275844, ""delay"": null, ""roadNumbers"": [], ""timeValidity"": ""present"", ""probabilityOfOccurrence"": ""certain"", ""numberOfReports"": 14, ""lastReportTime"": ""2025-06-22T21:24:00Z"", ""events"": [{""code"": 401, ""description"": ""Cerrado"", ""iconCategory"": 8}]}"
tomtom,tomtom_cdmx_incidents,2026-07-04T07:19:02Z,2026-07-04,20260704T071858Z,2026-07-04T07:18:59.175428,TTI-0e6b35d1-b793-45b4-b4a5-22dc2fb82b8b-TTR24534035712021001,Feature,LineString,19.3460816352,-99.0493575388,0,Unknown,0,,163.9471728849,Eje 8 Sur Calzada Ermita Iztapalapa,Calle Licenciado Manlio Fabio Altamirano,,present,certain,,2026-06-10T19:28:30Z,2026-07-20T03:00:00Z,,Partido de fútbol,1459,"{""type"": ""LineString"", ""coordinates"": [[-99.0493776554, 19.3453145766], [-99.0493763143, 19.3453681972], [-99.0493575388, 19.3460816352], [-99.04933474, 19.3467884268]]}","{""id"": ""TTI-0e6b35d1-b793-45b4-b4a5-22dc2fb82b8b-TTR24534035712021001"", ""iconCategory"": 0, ""magnitudeOfDelay"": 0, ""startTime"": ""2026-06-10T19:28:30Z"", ""endTime"": ""2026-07-20T03:00:00Z"", ""from"": ""Eje 8 Sur Calzada Ermita Iztapalapa"", ""to"": ""Calle Licenciado Manlio Fabio Altamirano"", ""length"": 163.9471728849, ""delay"": null, ""roadNumbers"": [], ""timeValidity"": ""present"", ""probabilityOfOccurrence"": ""certain"", ""numberOfReports"": null, ""lastReportTime"": null, ""events"": [{""code"": 1459, ""description"": ""Partido de fútbol"", ""iconCategory"": 0}]}"
tomtom,tomtom_cdmx_incidents,2026-07-04T07:19:02Z,2026-07-04,20260704T071858Z,2026-07-04T07:18:59.175446,TTI-0e6b35d1-b793-45b4-b4a5-22dc2fb82b8b-TTR24545576776012001,Feature,LineString,19.2872755429,-99.0496445352,0,Unknown,0,,114.7656540287,Avenida Heberto Castillo,Calle de Cenicienta,,present,certain,,2026-06-10T19:40:30Z,2026-07-20T03:00:00Z,,Partido de fútbol,1459,"{""type"": ""LineString"", ""coordinates"": [[-99.0502882653, 19.2874190567], [-99.0501501316, 19.2873882021], [-99.0496445352, 19.2872755429], [-99.0492247695, 19.287179023]]}","{""id"": ""TTI-0e6b35d1-b793-45b4-b4a5-22dc2fb82b8b-TTR24545576776012001"", ""iconCategory"": 0, ""magnitudeOfDelay"": 0, ""startTime"": ""2026-06-10T19:40:30Z"", ""endTime"": ""2026-07-20T03:00:00Z"", ""from"": ""Avenida Heberto Castillo"", ""to"": ""Calle de Cenicienta"", ""length"": 114.7656540287, ""delay"": null, ""roadNumbers"": [], ""timeValidity"": ""present"", ""probabilityOfOccurrence"": ""certain"", ""numberOfReports"": null, ""lastReportTime"": null, ""events"": [{""code"": 1459, ""description"": ""Partido de fútbol"", ""iconCategory"": 0}]}"
tomtom,tomtom_cdmx_incidents,2026-07-04T07:19:02Z,2026-07-04,20260704T071858Z,2026-07-04T07:18:59.175463,TTI-0e6b35d1-b793-45b4-b4a5-22dc2fb82b8b-TTR24531150708006000,Feature,LineString,19.3699533157,-99.0485689694,8,Road closed,4,,36.5596585651,Avenida 4,Avenida 5,,present,probable,,2026-05-23T03:02:00Z,,,Cerrado,401,"{""type"": ""LineString"", ""coordinates"": [[-99.0488103682, 19.3699506271], [-99.0485689694, 19.3699533157], [-99.0484630221, 19.3699385287]]}","{""id"": ""TTI-0e6b35d1-b793-45b4-b4a5-22dc2fb82b8b-TTR24531150708006000"", ""iconCategory"": 8, ""magnitudeOfDelay"": 4, ""startTime"": ""2026-05-23T03:02:00Z"", ""endTime"": null, ""from"": ""Avenida 4"", ""to"": ""Avenida 5"", ""length"": 36.5596585651, ""delay"": null, ""roadNumbers"": [], ""timeValidity"": ""present"", ""probabilityOfOccurrence"": ""probable"", ""numberOfReports"": null, ""lastReportTime"": null, ""events"": [{""code"": 401, ""description"": ""Cerrado"", ""iconCategory"": 8}]}"
tomtom,tomtom_cdmx_incidents,2026-07-04T07:19:02Z,2026-07-04,20260704T071858Z,2026-07-04T07:18:59.175481,TTI-0e6b35d1-b793-45b4-b4a5-22dc2fb82b8b-TTR24534036252006000,Feature,LineString,19.3699533157,-99.0485689694,8,Road closed,4,,36.5596585651,Avenida 5,Avenida 4,,present,probable,,2026-05-23T01:26:00Z,,,Cerrado,401,"{""type"": ""LineString"", ""coordinates"": [[-99.0484630221, 19.3699385287], [-99.0485689694, 19.3699533157], [-99.0488103682, 19.3699506271]]}","{""id"": ""TTI-0e6b35d1-b793-45b4-b4a5-22dc2fb82b8b-TTR24534036252006000"", ""iconCategory"": 8, ""magnitudeOfDelay"": 4, ""startTime"": ""2026-05-23T01:26:00Z"", ""endTime"": null, ""from"": ""Avenida 5"", ""to"": ""Avenida 4"", ""length"": 36.5596585651, ""delay"": null, ""roadNumbers"": [], ""timeValidity"": ""present"", ""probabilityOfOccurrence"": ""probable"", ""numberOfReports"": null, ""lastReportTime"": null, ""events"": [{""code"": 401, ""description"": ""Cerrado"", ""iconCategory"": 8}]}"
tomtom,tomtom_cdmx_incidents,2026-07-04T07:19:02Z,2026-07-04,20260704T071858Z,2026-07-04T07:18:59.175497,TTI-0e6b35d1-b793-45b4-b4a5-22dc2fb82b8b-TTR24534036144014000,Feature,LineString,19.3699385287,-99.0484630221,8,Road closed,4,,107.9163655351,Calle 2,Calle 7,,present,probable,,2026-05-22T20:18:30Z,,,Cerrado,401,"{""type"": ""LineString"", ""coordinates"": [[-99.0484938675, 19.3693136009], [-99.0484777743, 19.3695683801], [-99.0484630221, 19.3699385287], [-99.0484509522, 19.3702832146]]}","{""id"": ""TTI-0e6b35d1-b793-45b4-b4a5-22dc2fb82b8b-TTR24534036144014000"", ""iconCategory"": 8, ""magnitudeOfDelay"": 4, ""startTime"": ""2026-05-22T20:18:30Z"", ""endTime"": null, ""from"": ""Calle 2"", ""to"": ""Calle 7"", ""length"": 107.9163655351, ""delay"": null, ""roadNumbers"": [], ""timeValidity"": ""present"", ""probabilityOfOccurrence"": ""probable"", ""numberOfReports"": null, ""lastReportTime"": null, ""events"": [{""code"": 401, ""description"": ""Cerrado"", ""iconCategory"": 8}]}"
tomtom,tomtom_cdmx_incidents,2026-07-04T07:19:02Z,2026-07-04,20260704T071858Z,2026-07-04T07:18:59.175529,TTI-0e6b35d1-b793-45b4-b4a5-22dc2fb82b8b-TTR24534036216014000,Feature,LineString,19.3699385287,-99.0484630221,8,Road closed,4,,142.7002681517,Calle 7,Calle 2,,present,probable,,2026-05-22T19:12:00Z,,,Cerrado,401,"{""type"": ""LineString"", ""coordinates"": [[-99.0484362, 19.3705957165], [-99.0484375411, 19.3705500906], [-99.0484509522, 19.3702832146], [-99.0484630221, 19.3699385287], [-99.0484777743, 19.3695683801], [-99.0484938675, 19.3693136009]]}","{""id"": ""TTI-0e6b35d1-b793-45b4-b4a5-22dc2fb82b8b-TTR24534036216014000"", ""iconCategory"": 8, ""magnitudeOfDelay"": 4, ""startTime"": ""2026-05-22T19:12:00Z"", ""endTime"": null, ""from"": ""Calle 7"", ""to"": ""Calle 2"", ""length"": 142.7002681517, ""delay"": null, ""roadNumbers"": [], ""timeValidity"": ""present"", ""probabilityOfOccurrence"": ""probable"", ""numberOfReports"": null, ""lastReportTime"": null, ""events"": [{""code"": 401, ""description"": ""Cerrado"", ""iconCategory"": 8}]}"
tomtom,tomtom_cdmx_incidents,2026-07-04T07:19:02Z,2026-07-04,20260704T071858Z,2026-07-04T07:18:59.175548,TTI-0e6b35d1-b793-45b4-b4a5-22dc2fb82b8b-TTR24508069752006000,Feature,LineString,19.5403365957,-99.0475175434,8,Road closed,4,,240.9665561986,Calle Narciso Mendoza,Calle Ricardo Flores Magón,,present,probable,,2026-07-03T17:45:00Z,,,Cerrado,401,"{""type"": ""LineString"", ""coordinates"": [[-99.0465090328, 19.5398229917], [-99.0468510145, 19.5399946408], [-99.0471836084, 19.5401649469], [-99.0473244244, 19.5402373823], [-99.0473552698, 19.5402534966], [-99.0475175434, 19.5403365957], [-99.0478568429, 19.5405109301], [-99.0479842478, 19.540576651], [-99.0482015067, 19.540686686], [-99.0485314184, 19.5408543057]]}","{""id"": ""TTI-0e6b35d1-b793-45b4-b4a5-22dc2fb82b8b-TTR24508069752006000"", ""iconCategory"": 8, ""magnitudeOfDelay"": 4, ""startTime"": ""2026-07-03T17:45:00Z"", ""endTime"": null, ""from"": ""Calle Narciso Mendoza"", ""to"": ""Calle Ricardo Flores Magón"", ""length"": 240.9665561986, ""delay"": null, ""roadNumbers"": [], ""timeValidity"": ""present"", ""probabilityOfOccurrence"": ""probable"", ""numberOfReports"": null, ""lastReportTime"": null, ""events"": [{""code"": 401, ""description"": ""Cerrado"", ""iconCategory"": 8}]}"
tomtom,tomtom_cdmx_incidents,2026-07-04T07:19:02Z,2026-07-04,20260704T071858Z,2026-07-04T07:18:59.175570,TTI-0e6b35d1-b793-45b4-b4a5-22dc2fb82b8b-TTR24508069644023000,Feature,LineString,19.5435378557,-99.0466216856,8,Road closed,4,,214.7172102583,Calle Francisco Villa,Calle Océano Pacífico,,present,probable,,2026-06-14T15:25:00Z,,,Cerrado,401,"{""type"": ""LineString"", ""coordinates"": [[-99.0474437827, 19.5424059249], [-99.0471997017, 19.542737211], [-99.0470655912, 19.5429236282], [-99.0466216856, 19.5435378557], [-99.0464620942, 19.5437805919], [-99.0463078672, 19.544012585]]}","{""id"": ""TTI-0e6b35d1-b793-45b4-b4a5-22dc2fb82b8b-TTR24508069644023000"", ""iconCategory"": 8, ""magnitudeOfDelay"": 4, ""startTime"": ""2026-06-14T15:25:00Z"", ""endTime"": null, ""from"": ""Calle Francisco Villa"", ""to"": ""Calle Océano Pacífico"", ""length"": 214.7172102583, ""delay"": null, ""roadNumbers"": [], ""timeValidity"": ""present"", ""probabilityOfOccurrence"": ""probable"", ""numberOfReports"": null, ""lastReportTime"": null, ""events"": [{""code"": 401, ""description"": ""Cerrado"", ""iconCategory"": 8}]}"
tomtom,tomtom_cdmx_incidents,2026-07-04T07:19:02Z,2026-07-04,20260704T071858Z,2026-07-04T07:18:59.175589,TTI-0e6b35d1-b793-45b4-b4a5-22dc2fb82b8b-TTR24508069680006000,Feature,LineString,19.5402373823,-99.0473244244,8,Road closed,4,,321.9087063117,Calle Ricardo Flores Magón,Calle Corregidor Miguel Domínguez,,present,probable,,2026-07-03T04:27:30Z,,,Cerrado,401,"{""type"": ""LineString"", ""coordinates"": [[-99.0485314184, 19.5408543057], [-99.0482015067, 19.540686686], [-99.0479842478, 19.540576651], [-99.0478568429, 19.5405109301], [-99.0475175434, 19.5403365957], [-99.0473552698, 19.5402534966], [-99.0473244244, 19.5402373823], [-99.0471836084, 19.5401649469], [-99.0468510145, 19.5399946408], [-99.0465090328, 19.5398229917], [-99.0460195297, 19.539576221], [-99.0458344573, 19.5394689499]]}","{""id"": ""TTI-0e6b35d1-b793-45b4-b4a5-22dc2fb82b8b-TTR24508069680006000"", ""iconCategory"": 8, ""magnitudeOfDelay"": 4, ""startTime"": ""2026-07-03T04:27:30Z"", ""endTime"": null, ""from"": ""Calle Ricardo Flores Magón"", ""to"": ""Calle Corregidor Miguel Domínguez"", ""length"": 321.9087063117, ""delay"": null, ""roadNumbers"": [], ""timeValidity"": ""present"", ""probabilityOfOccurrence"": ""probable"", ""numberOfReports"": null, ""lastReportTime"": null, ""events"": [{""code"": 401, ""description"": ""Cerrado"", ""iconCategory"": 8}]}"
tomtom,tomtom_cdmx_incidents,2026-07-04T07:19:02Z,2026-07-04,20260704T071858Z,2026-07-04T07:18:59.175612,TTI-0e6b35d1-b793-45b4-b4a5-22dc2fb82b8b-TTR24505184320028000,Feature,LineString,19.548245118,-99.046062445,8,Road closed,4,,289.3198806583,Prados de Santa Clara,Anillo de Circunvalación S,,present,probable,,2026-07-04T05:53:00Z,,,Cerrado,401,"{""type"": ""LineString"", ""coordinates"": [[-99.0470588857, 19.546979098], [-99.0468684489, 19.5470971065], [-99.0465586537, 19.5475222208], [-99.046062445, 19.548245118], [-99.0456359738, 19.5488593252], [-99.0454763824, 19.5490913111]]}","{""id"": ""TTI-0e6b35d1-b793-45b4-b4a5-22dc2fb82b8b-TTR24505184320028000"", ""iconCategory"": 8, ""magnitudeOfDelay"": 4, ""startTime"": ""2026-07-04T05:53:00Z"", ""endTime"": null, ""from"": ""Prados de Santa Clara"", ""to"": ""Anillo de Circunvalación S"", ""length"": 289.3198806583, ""delay"": null, ""roadNumbers"": [], ""timeValidity"": ""present"", ""probabilityOfOccurrence"": ""probable"", ""numberOfReports"": null, ""lastReportTime"": null, ""events"": [{""code"": 401, ""description"": ""Cerrado"", ""iconCategory"": 8}]}"
tomtom,tomtom_cdmx_incidents,2026-07-04T07:19:02Z,2026-07-04,20260704T071858Z,2026-07-04T07:18:59.175631,TTI-0e6b35d1-b793-45b4-b4a5-22dc2fb82b8b-TTR24502299416023000,Feature,LineString,19.5819148533,-99.0454106683,8,Road closed,4,,250.7207660664,Calle Oriente 9,Calle Benito Juárez,,present,certain,2.0,2024-10-25T18:35:30Z,,2025-04-18T01:51:30Z,Cerrado,401,"{""type"": ""LineString"", ""coordinates"": [[-99.0458612794, 19.580927868], [-99.0458411628, 19.5809855173], [-99.0458170229, 19.5810445092], [-99.0456949824, 19.581305984], [-99.0455635542, 19.5815876752], [-99.0454106683, 19.5819148533], [-99.0452430302, 19.5822286846], [-99.0451558584, 19.5823788875], [-99.045086121, 19.5825438578], [-99.0448889786, 19.5829864101]]}","{""id"": ""TTI-0e6b35d1-b793-45b4-b4a5-22dc2fb82b8b-TTR24502299416023000"", ""iconCategory"": 8, ""magnitudeOfDelay"": 4, ""startTime"": ""2024-10-25T18:35:30Z"", ""endTime"": null, ""from"": ""Calle Oriente 9"", ""to"": ""Calle Benito Juárez"", ""length"": 250.7207660664, ""delay"": null, ""roadNumbers"": [], ""timeValidity"": ""present"", ""probabilityOfOccurrence"": ""certain"", ""numberOfReports"": 2, ""lastReportTime"": ""2025-04-18T01:51:30Z"", ""events"": [{""code"": 401, ""description"": ""Cerrado"", ""iconCategory"": 8}]}"
tomtom,tomtom_cdmx_incidents,2026-07-04T07:19:02Z,2026-07-04,20260704T071858Z,2026-07-04T07:18:59.175653,TTI-0e6b35d1-b793-45b4-b4a5-22dc2fb82b8b-TTR24502299488015000,Feature,LineString,19.5825438578,-99.045086121,8,Road closed,4,,53.3679673057,Calle Benito Juárez,Calle Oriente 8,,present,probable,,2026-06-24T18:12:00Z,,,Cerrado,401,"{""type"": ""LineString"", ""coordinates"": [[-99.0448889786, 19.5829864101], [-99.045086121, 19.5825438578]]}","{""id"": ""TTI-0e6b35d1-b793-45b4-b4a5-22dc2fb82b8b-TTR24502299488015000"", ""iconCategory"": 8, ""magnitudeOfDelay"": 4, ""startTime"": ""2026-06-24T18:12:00Z"", ""endTime"": null, ""from"": ""Calle Benito Juárez"", ""to"": ""Calle Oriente 8"", ""length"": 53.3679673057, ""delay"": null, ""roadNumbers"": [], ""timeValidity"": ""present"", ""probabilityOfOccurrence"": ""probable"", ""numberOfReports"": null, ""lastReportTime"": null, ""events"": [{""code"": 401, ""description"": ""Cerrado"", ""iconCategory"": 8}]}"
tomtom,tomtom_cdmx_incidents,2026-07-04T07:19:02Z,2026-07-04,20260704T071858Z,2026-07-04T07:18:59.175668,TTI-0e6b35d1-b793-45b4-b4a5-22dc2fb82b8b-TTR24502299304014000,Feature,LineString,19.5759885074,-99.0447495037,8,Road closed,4,,214.0889679595,Calle Sur 4,Calle Vía José María Morelos,,present,probable,,2026-07-03T18:26:30Z,,,Cerrado,401,"{""type"": ""LineString"", ""coordinates"": [[-99.0457714254, 19.5761240269], [-99.0452711934, 19.576056899], [-99.0448018068, 19.5759952202], [-99.0447495037, 19.5759885074], [-99.0442345196, 19.5759201158], [-99.0437476987, 19.5758570944]]}","{""id"": ""TTI-0e6b35d1-b793-45b4-b4a5-22dc2fb82b8b-TTR24502299304014000"", ""iconCategory"": 8, ""magnitudeOfDelay"": 4, ""startTime"": ""2026-07-03T18:26:30Z"", ""endTime"": null, ""from"": ""Calle Sur 4"", ""to"": ""Calle Vía José María Morelos"", ""length"": 214.0889679595, ""delay"": null, ""roadNumbers"": [], ""timeValidity"": ""present"", ""probabilityOfOccurrence"": ""probable"", ""numberOfReports"": null, ""lastReportTime"": null, ""events"": [{""code"": 401, ""description"": ""Cerrado"", ""iconCategory"": 8}]}"
tomtom,tomtom_cdmx_incidents,2026-07-04T07:19:02Z,2026-07-04,20260704T071858Z,2026-07-04T07:18:59.175686,TTI-0e6b35d1-b793-45b4-b4a5-22dc2fb82b8b-TTR24502299376014000,Feature,LineString,19.5761964461,-99.0457606965,8,Road closed,4,,315.9956842854,Calle Vía José María Morelos,Avenida Autopista,,present,probable,,2026-07-03T15:12:00Z,,,Cerrado,401,"{""type"": ""LineString"", ""coordinates"": [[-99.0437329465, 19.5759456244], [-99.044226473, 19.5760073032], [-99.044483965, 19.5760395247], [-99.0447414571, 19.5760716671], [-99.0452564412, 19.5761346884], [-99.0454428548, 19.5761575119], [-99.0457606965, 19.5761964461], [-99.0461455935, 19.5762420141], [-99.0462528819, 19.5762554397], [-99.0465613359, 19.5762862395], [-99.0465814525, 19.5762875821], [-99.0466552132, 19.5762594674], [-99.0467195863, 19.5762675227]]}","{""id"": ""TTI-0e6b35d1-b793-45b4-b4a5-22dc2fb82b8b-TTR24502299376014000"", ""iconCategory"": 8, ""magnitudeOfDelay"": 4, ""startTime"": ""2026-07-03T15:12:00Z"", ""endTime"": null, ""from"": ""Calle Vía José María Morelos"", ""to"": ""Avenida Autopista"", ""length"": 315.9956842854, ""delay"": null, ""roadNumbers"": [], ""timeValidity"": ""present"", ""probabilityOfOccurrence"": ""probable"", ""numberOfReports"": null, ""lastReportTime"": null, ""events"": [{""code"": 401, ""description"": ""Cerrado"", ""iconCategory"": 8}]}"
tomtom,tomtom_cdmx_incidents,2026-07-04T07:19:02Z,2026-07-04,20260704T071858Z,2026-07-04T07:18:59.175710,TTI-0e6b35d1-b793-45b4-b4a5-22dc2fb82b8b-TTR24519610700006000,Feature,LineString,19.4897166298,-99.0321444625,8,Road closed,4,,330.3625843072,Calle Juan Ogorman / Calle de Ozumba,Calle Miguel Hidalgo / Calle Tenango,,present,probable,,2026-07-02T21:44:00Z,,,Cerrado,401,"{""type"": ""LineString"", ""coordinates"": [[-99.033690756, 19.4903348523], [-99.0334520394, 19.4902382947], [-99.0332817191, 19.4901686026], [-99.03287, 19.4900063034], [-99.0324649864, 19.4898453474], [-99.0322812551, 19.4897716252], [-99.0321444625, 19.4897166298], [-99.0316884869, 19.4895342601], [-99.0312968844, 19.4893786767], [-99.0312874967, 19.4893746469], [-99.0308958942, 19.4892163768], [-99.0308355445, 19.4891922767], [-99.0307899469, 19.4891734708]]}","{""id"": ""TTI-0e6b35d1-b793-45b4-b4a5-22dc2fb82b8b-TTR24519610700006000"", ""iconCategory"": 8, ""magnitudeOfDelay"": 4, ""startTime"": ""2026-07-02T21:44:00Z"", ""endTime"": null, ""from"": ""Calle Juan Ogorman / Calle de Ozumba"", ""to"": ""Calle Miguel Hidalgo / Calle Tenango"", ""length"": 330.3625843072, ""delay"": null, ""roadNumbers"": [], ""timeValidity"": ""present"", ""probabilityOfOccurrence"": ""probable"", ""numberOfReports"": null, ""lastReportTime"": null, ""events"": [{""code"": 401, ""description"": ""Cerrado"", ""iconCategory"": 8}]}"
tomtom,tomtom_cdmx_incidents,2026-07-04T07:19:02Z,2026-07-04,20260704T071858Z,2026-07-04T07:18:59.175735,TTI-0e6b35d1-b793-45b4-b4a5-22dc2fb82b8b-TTR24519610772006000,Feature,LineString,19.4897716252,-99.0322812551,8,Road closed,4,,348.602270305,Calle Miguel Hidalgo / Calle Tenango,Calle de Ozumba / Calle Pablo Neruda,,present,probable,,2026-07-02T21:43:30Z,,,Cerrado,401,"{""type"": ""LineString"", ""coordinates"": [[-99.0307899469, 19.4891734708], [-99.0308355445, 19.4891922767], [-99.0308958942, 19.4892163768], [-99.0312874967, 19.4893746469], [-99.0312968844, 19.4893786767], [-99.0316884869, 19.4895342601], [-99.0321444625, 19.4897166298], [-99.0322812551, 19.4897716252], [-99.0324649864, 19.4898453474], [-99.03287, 19.4900063034], [-99.0332817191, 19.4901686026], [-99.0334520394, 19.4902382947], [-99.033690756, 19.4903348523], [-99.0338570529, 19.4903831311]]}","{""id"": ""TTI-0e6b35d1-b793-45b4-b4a5-22dc2fb82b8b-TTR24519610772006000"", ""iconCategory"": 8, ""magnitudeOfDelay"": 4, ""startTime"": ""2026-07-02T21:43:30Z"", ""endTime"": null, ""from"": ""Calle Miguel Hidalgo / Calle Tenango"", ""to"": ""Calle de Ozumba / Calle Pablo Neruda"", ""length"": 348.602270305, ""delay"": null, ""roadNumbers"": [], ""timeValidity"": ""present"", ""probabilityOfOccurrence"": ""probable"", ""numberOfReports"": null, ""lastReportTime"": null, ""events"": [{""code"": 401, ""description"": ""Cerrado"", ""iconCategory"": 8}]}"
tomtom,tomtom_cdmx_incidents,2026-07-04T07:19:02Z,2026-07-04,20260704T071858Z,2026-07-04T07:18:59.175760,TTI-0e6b35d1-b793-45b4-b4a5-22dc2fb82b8b-TTR24545577424007000,Feature,LineString,19.3265685652,-99.0303111726,8,Road closed,4,,47.3452853982,Calle Segunda Pino,Calle Ario / Calle Viesca,,present,probable,,2026-07-02T03:13:00Z,,,Cerrado,401,"{""type"": ""LineString"", ""coordinates"": [[-99.0301810855, 19.3265243507], [-99.0303111726, 19.3265685652], [-99.0306156033, 19.3266369829]]}","{""id"": ""TTI-0e6b35d1-b793-45b4-b4a5-22dc2fb82b8b-TTR24545577424007000"", ""iconCategory"": 8, ""magnitudeOfDelay"": 4, ""startTime"": ""2026-07-02T03:13:00Z"", ""endTime"": null, ""from"": ""Calle Segunda Pino"", ""to"": ""Calle Ario / Calle Viesca"", ""length"": 47.3452853982, ""delay"": null, ""roadNumbers"": [], ""timeValidity"": ""present"", ""probabilityOfOccurrence"": ""probable"", ""numberOfReports"": null, ""lastReportTime"": null, ""events"": [{""code"": 401, ""description"": ""Cerrado"", ""iconCategory"": 8}]}"
tomtom,tomtom_cdmx_incidents,2026-07-04T07:19:02Z,2026-07-04,20260704T071858Z,2026-07-04T07:18:59.175776,TTI-0e6b35d1-b793-45b4-b4a5-22dc2fb82b8b-TTR24545577352007000,Feature,LineString,19.3265685652,-99.0303111726,8,Road closed,4,,47.3452853982,Calle Ario / Calle Viesca,Calle Segunda Pino,,present,probable,,2026-07-02T03:12:30Z,,,Cerrado,401,"{""type"": ""LineString"", ""coordinates"": [[-99.0306156033, 19.3266369829], [-99.0303111726, 19.3265685652], [-99.0301810855, 19.3265243507]]}","{""id"": ""TTI-0e6b35d1-b793-45b4-b4a5-22dc2fb82b8b-TTR24545577352007000"", ""iconCategory"": 8, ""magnitudeOfDelay"": 4, ""startTime"": ""2026-07-02T03:12:30Z"", ""endTime"": null, ""from"": ""Calle Ario / Calle Viesca"", ""to"": ""Calle Segunda Pino"", ""length"": 47.3452853982, ""delay"": null, ""roadNumbers"": [], ""timeValidity"": ""present"", ""probabilityOfOccurrence"": ""probable"", ""numberOfReports"": null, ""lastReportTime"": null, ""events"": [{""code"": 401, ""description"": ""Cerrado"", ""iconCategory"": 8}]}"
tomtom,tomtom_cdmx_incidents,2026-07-04T07:19:02Z,2026-07-04,20260704T071858Z,2026-07-04T07:18:59.175792,TTI-0e6b35d1-b793-45b4-b4a5-22dc2fb82b8b-TTR24519610720015000,Feature,LineString,19.486224387,-99.0298766547,8,Road closed,4,,94.5197055366,Calle Josefa Ortiz de Domínguez,Boulevard Río de los Remedios,,present,probable,,2026-06-30T03:17:00Z,,,Cerrado,401,"{""type"": ""LineString"", ""coordinates"": [[-99.0303111726, 19.486413477], [-99.0300711149, 19.4863222903], [-99.0299812609, 19.48629013], [-99.0299356633, 19.4862699804], [-99.0299222523, 19.4862605773], [-99.0299021357, 19.4862445366], [-99.0298766547, 19.486224387], [-99.0298726314, 19.4862042374], [-99.0298699492, 19.4861962566], [-99.0298753136, 19.4861640172], [-99.0298981124, 19.4861130506], [-99.029957121, 19.485970897], [-99.029969191, 19.485844863]]}","{""id"": ""TTI-0e6b35d1-b793-45b4-b4a5-22dc2fb82b8b-TTR24519610720015000"", ""iconCategory"": 8, ""magnitudeOfDelay"": 4, ""startTime"": ""2026-06-30T03:17:00Z"", ""endTime"": null, ""from"": ""Calle Josefa Ortiz de Domínguez"", ""to"": ""Boulevard Río de los Remedios"", ""length"": 94.5197055366, ""delay"": null, ""roadNumbers"": [], ""timeValidity"": ""present"", ""probabilityOfOccurrence"": ""probable"", ""numberOfReports"": null, ""lastReportTime"": null, ""events"": [{""code"": 401, ""description"": ""Cerrado"", ""iconCategory"": 8}]}"
tomtom,tomtom_cdmx_incidents,2026-07-04T07:19:02Z,2026-07-04,20260704T071858Z,2026-07-04T07:18:59.175819,TTI-0e6b35d1-b793-45b4-b4a5-22dc2fb82b8b-TTR24519610716015000,Feature,LineString,19.486224387,-99.0298766547,8,Road closed,4,,94.5197055366,Boulevard Río de los Remedios,Calle Josefa Ortiz de Domínguez,,present,probable,,2026-06-30T03:17:30Z,,,Cerrado,401,"{""type"": ""LineString"", ""coordinates"": [[-99.029969191, 19.485844863], [-99.029957121, 19.485970897], [-99.0298981124, 19.4861130506], [-99.0298753136, 19.4861640172], [-99.0298699492, 19.4861962566], [-99.0298726314, 19.4862042374], [-99.0298766547, 19.486224387], [-99.0299021357, 19.4862445366], [-99.0299222523, 19.4862605773], [-99.0299356633, 19.4862699804], [-99.0299812609, 19.48629013], [-99.0300711149, 19.4863222903], [-99.0303111726, 19.486413477]]}","{""id"": ""TTI-0e6b35d1-b793-45b4-b4a5-22dc2fb82b8b-TTR24519610716015000"", ""iconCategory"": 8, ""magnitudeOfDelay"": 4, ""startTime"": ""2026-06-30T03:17:30Z"", ""endTime"": null, ""from"": ""Boulevard Río de los Remedios"", ""to"": ""Calle Josefa Ortiz de Domínguez"", ""length"": 94.5197055366, ""delay"": null, ""roadNumbers"": [], ""timeValidity"": ""present"", ""probabilityOfOccurrence"": ""probable"", ""numberOfReports"": null, ""lastReportTime"": null, ""events"": [{""code"": 401, ""description"": ""Cerrado"", ""iconCategory"": 8}]}"
tomtom,tomtom_cdmx_incidents,2026-07-04T07:19:02Z,2026-07-04,20260704T071858Z,2026-07-04T07:18:59.175844,TTI-0e6b35d1-b793-45b4-b4a5-22dc2fb82b8b-TTR24510954968022000,Feature,LineString,19.5357969648,-99.0298484915,8,Road closed,4,,179.1525268648,Avenida Segor,Calle Sacerdotes,,present,probable,,2026-04-24T16:37:30Z,,,Cerrado,401,"{""type"": ""LineString"", ""coordinates"": [[-99.0304077321, 19.5345175761], [-99.0302883738, 19.5347884478], [-99.0298484915, 19.5357969648], [-99.0297572964, 19.5360075621]]}","{""id"": ""TTI-0e6b35d1-b793-45b4-b4a5-22dc2fb82b8b-TTR24510954968022000"", ""iconCategory"": 8, ""magnitudeOfDelay"": 4, ""startTime"": ""2026-04-24T16:37:30Z"", ""endTime"": null, ""from"": ""Avenida Segor"", ""to"": ""Calle Sacerdotes"", ""length"": 179.1525268648, ""delay"": null, ""roadNumbers"": [], ""timeValidity"": ""present"", ""probabilityOfOccurrence"": ""probable"", ""numberOfReports"": null, ""lastReportTime"": null, ""events"": [{""code"": 401, ""description"": ""Cerrado"", ""iconCategory"": 8}]}"
tomtom,tomtom_cdmx_incidents,2026-07-04T07:19:02Z,2026-07-04,20260704T071858Z,2026-07-04T07:18:59.175861,TTI-0e6b35d1-b793-45b4-b4a5-22dc2fb82b8b-TTR24513840656038000,Feature,LineString,19.5372909677,-99.0292020792,8,Road closed,4,,175.5595677902,Boulevard de los Aztecas,Calle Sacerdotes,,present,probable,,2026-06-25T00:09:30Z,,,Cerrado,401,"{""type"": ""LineString"", ""coordinates"": [[-99.0289459282, 19.5378475519], [-99.0289714092, 19.5377952586], [-99.0292020792, 19.5372909677], [-99.0295923406, 19.5363910761]]}","{""id"": ""TTI-0e6b35d1-b793-45b4-b4a5-22dc2fb82b8b-TTR24513840656038000"", ""iconCategory"": 8, ""magnitudeOfDelay"": 4, ""startTime"": ""2026-06-25T00:09:30Z"", ""endTime"": null, ""from"": ""Boulevard de los Aztecas"", ""to"": ""Calle Sacerdotes"", ""length"": 175.5595677902, ""delay"": null, ""roadNumbers"": [], ""timeValidity"": ""present"", ""probabilityOfOccurrence"": ""probable"", ""numberOfReports"": null, ""lastReportTime"": null, ""events"": [{""code"": 401, ""description"": ""Cerrado"", ""iconCategory"": 8}]}"
tomtom,tomtom_cdmx_incidents,2026-07-04T07:19:02Z,2026-07-04,20260704T071858Z,2026-07-04T07:18:59.175879,TTI-0e6b35d1-b793-45b4-b4a5-22dc2fb82b8b-TTR24513840440022000,Feature,LineString,19.5371434875,-99.0283196324,8,Road closed,4,,176.7867484464,Calle Sacerdotes,Boulevard de los Aztecas,,present,probable,,2026-07-02T05:19:00Z,,,Cerrado,401,"{""type"": ""LineString"", ""coordinates"": [[-99.0287876779, 19.5360665704], [-99.0286549085, 19.536368326], [-99.0283196324, 19.5371434875], [-99.0281412655, 19.5375350561]]}","{""id"": ""TTI-0e6b35d1-b793-45b4-b4a5-22dc2fb82b8b-TTR24513840440022000"", ""iconCategory"": 8, ""magnitudeOfDelay"": 4, ""startTime"": ""2026-07-02T05:19:00Z"", ""endTime"": null, ""from"": ""Calle Sacerdotes"", ""to"": ""Boulevard de los Aztecas"", ""length"": 176.7867484464, ""delay"": null, ""roadNumbers"": [], ""timeValidity"": ""present"", ""probabilityOfOccurrence"": ""probable"", ""numberOfReports"": null, ""lastReportTime"": null, ""events"": [{""code"": 401, ""description"": ""Cerrado"", ""iconCategory"": 8}]}"
tomtom,tomtom_cdmx_incidents,2026-07-04T07:19:02Z,2026-07-04,20260704T071858Z,2026-07-04T07:18:59.175898,TTI-0e6b35d1-b793-45b4-b4a5-22dc2fb82b8b-TTR24542692272015000,Feature,LineString,19.3527267948,-99.0278059894,8,Road closed,4,,147.1538989048,Calle Primavera,Avenida Circunvalación,,present,probable,,2026-06-25T21:42:00Z,,,Cerrado,401,"{""type"": ""LineString"", ""coordinates"": [[-99.0278864557, 19.3514594856], [-99.0278609747, 19.3517800109], [-99.0278059894, 19.3527267948], [-99.0278086716, 19.3527804921]]}","{""id"": ""TTI-0e6b35d1-b793-45b4-b4a5-22dc2fb82b8b-TTR24542692272015000"", ""iconCategory"": 8, ""magnitudeOfDelay"": 4, ""startTime"": ""2026-06-25T21:42:00Z"", ""endTime"": null, ""from"": ""Calle Primavera"", ""to"": ""Avenida Circunvalación"", ""length"": 147.1538989048, ""delay"": null, ""roadNumbers"": [], ""timeValidity"": ""present"", ""probabilityOfOccurrence"": ""probable"", ""numberOfReports"": null, ""lastReportTime"": null, ""events"": [{""code"": 401, ""description"": ""Cerrado"", ""iconCategory"": 8}]}"
tomtom,tomtom_cdmx_incidents,2026-07-04T07:19:02Z,2026-07-04,20260704T071858Z,2026-07-04T07:18:59.175915,TTI-0e6b35d1-b793-45b4-b4a5-22dc2fb82b8b-TTR24542692344015000,Feature,LineString,19.3517800109,-99.0278609747,8,Road closed,4,,147.1538989048,Avenida Circunvalación,Calle Primavera,,present,probable,,2026-06-25T21:41:30Z,,,Cerrado,401,"{""type"": ""LineString"", ""coordinates"": [[-99.0278086716, 19.3527804921], [-99.0278059894, 19.3527267948], [-99.0278609747, 19.3517800109], [-99.0278864557, 19.3514594856]]}","{""id"": ""TTI-0e6b35d1-b793-45b4-b4a5-22dc2fb82b8b-TTR24542692344015000"", ""iconCategory"": 8, ""magnitudeOfDelay"": 4, ""startTime"": ""2026-06-25T21:41:30Z"", ""endTime"": null, ""from"": ""Avenida Circunvalación"", ""to"": ""Calle Primavera"", ""length"": 147.1538989048, ""delay"": null, ""roadNumbers"": [], ""timeValidity"": ""present"", ""probabilityOfOccurrence"": ""probable"", ""numberOfReports"": null, ""lastReportTime"": null, ""events"": [{""code"": 401, ""description"": ""Cerrado"", ""iconCategory"": 8}]}"
tomtom,tomtom_cdmx_incidents,2026-07-04T07:19:02Z,2026-07-04,20260704T071858Z,2026-07-04T07:18:59.175932,TTI-0e6b35d1-b793-45b4-b4a5-22dc2fb82b8b-TTR24513840512038001,Feature,LineString,19.5357392993,-99.0284591073,8,Road closed,4,,400.2419215872,Boulevard de los Aztecas,Avenida Segor / Calle Sur 94,,present,probable,,2026-07-01T12:10:30Z,,,Cerrado,401,"{""type"": ""LineString"", ""coordinates"": [[-99.0277536863, 19.5373714616], [-99.0279736274, 19.5368564262], [-99.0281841809, 19.5363656402], [-99.0284014398, 19.5358680592], [-99.0284591073, 19.5357392993], [-99.0286186987, 19.535379877], [-99.0288359576, 19.5348904294], [-99.029071992, 19.5343351779], [-99.0292034203, 19.534041476]]}","{""id"": ""TTI-0e6b35d1-b793-45b4-b4a5-22dc2fb82b8b-TTR24513840512038001"", ""iconCategory"": 8, ""magnitudeOfDelay"": 4, ""startTime"": ""2026-07-01T12:10:30Z"", ""endTime"": null, ""from"": ""Boulevard de los Aztecas"", ""to"": ""Avenida Segor / Calle Sur 94"", ""length"": 400.2419215872, ""delay"": null, ""roadNumbers"": [], ""timeValidity"": ""present"", ""probabilityOfOccurrence"": ""probable"", ""numberOfReports"": null, ""lastReportTime"": null, ""events"": [{""code"": 401, ""description"": ""Cerrado"", ""iconCategory"": 8}]}"
tomtom,tomtom_cdmx_incidents,2026-07-04T07:19:02Z,2026-07-04,20260704T071858Z,2026-07-04T07:18:59.175952,TTI-0e6b35d1-b793-45b4-b4a5-22dc2fb82b8b-TTR24513840512038000,Feature,LineString,19.535484465,-99.0281063968,8,Road closed,4,,395.5122477001,Boulevard de los Aztecas,Avenida Central / Avenida Segor,,present,probable,,2026-06-30T22:44:00Z,,,Cerrado,401,"{""type"": ""LineString"", ""coordinates"": [[-99.0273674482, 19.5371810093], [-99.02745462, 19.536963778], [-99.027890479, 19.5359807043], [-99.0280621403, 19.5355851033], [-99.0281063968, 19.535484465], [-99.0285435969, 19.5345028042], [-99.0286844128, 19.5341929877], [-99.0288158411, 19.5338965998]]}","{""id"": ""TTI-0e6b35d1-b793-45b4-b4a5-22dc2fb82b8b-TTR24513840512038000"", ""iconCategory"": 8, ""magnitudeOfDelay"": 4, ""startTime"": ""2026-06-30T22:44:00Z"", ""endTime"": null, ""from"": ""Boulevard de los Aztecas"", ""to"": ""Avenida Central / Avenida Segor"", ""length"": 395.5122477001, ""delay"": null, ""roadNumbers"": [], ""timeValidity"": ""present"", ""probabilityOfOccurrence"": ""probable"", ""numberOfReports"": null, ""lastReportTime"": null, ""events"": [{""code"": 401, ""description"": ""Cerrado"", ""iconCategory"": 8}]}"
tomtom,tomtom_cdmx_incidents,2026-07-04T07:19:02Z,2026-07-04,20260704T071858Z,2026-07-04T07:18:59.175972,TTI-0e6b35d1-b793-45b4-b4a5-22dc2fb82b8b-TTR24519610988005000,Feature,LineString,19.5001665166,-99.02542687,9,Road works,0,,45.6670770867,Avenida Benito Juárez / Avenida Lázaro Cárdenas,Calle Aries,,present,probable,,2026-06-26T17:53:30Z,,,Obras | Nuevo trazado de carretera por obras,"701,810","{""type"": ""LineString"", ""coordinates"": [[-99.0258345658, 19.5003113441], [-99.02542687, 19.5001665166]]}","{""id"": ""TTI-0e6b35d1-b793-45b4-b4a5-22dc2fb82b8b-TTR24519610988005000"", ""iconCategory"": 9, ""magnitudeOfDelay"": 0, ""startTime"": ""2026-06-26T17:53:30Z"", ""endTime"": null, ""from"": ""Avenida Benito Juárez / Avenida Lázaro Cárdenas"", ""to"": ""Calle Aries"", ""length"": 45.6670770867, ""delay"": null, ""roadNumbers"": [], ""timeValidity"": ""present"", ""probabilityOfOccurrence"": ""probable"", ""numberOfReports"": null, ""lastReportTime"": null, ""events"": [{""code"": 701, ""description"": ""Obras"", ""iconCategory"": 9}, {""code"": 810, ""description"": ""Nuevo trazado de carretera por obras"", ""iconCategory"": 9}]}"
tomtom,tomtom_cdmx_incidents,2026-07-04T07:19:02Z,2026-07-04,20260704T071858Z,2026-07-04T07:18:59.175989,TTI-0e6b35d1-b793-45b4-b4a5-22dc2fb82b8b-TTR24519610844005000,Feature,LineString,19.4992397914,-99.0231134647,9,Road works,0,,44.6013702639,Calle Cáncer,Calle Abedules,,present,probable,,2026-06-26T20:54:00Z,,,Obras | Nuevo trazado de carretera por obras,"701,810","{""type"": ""LineString"", ""coordinates"": [[-99.0235050672, 19.4993967085], [-99.0231134647, 19.4992397914]]}","{""id"": ""TTI-0e6b35d1-b793-45b4-b4a5-22dc2fb82b8b-TTR24519610844005000"", ""iconCategory"": 9, ""magnitudeOfDelay"": 0, ""startTime"": ""2026-06-26T20:54:00Z"", ""endTime"": null, ""from"": ""Calle Cáncer"", ""to"": ""Calle Abedules"", ""length"": 44.6013702639, ""delay"": null, ""roadNumbers"": [], ""timeValidity"": ""present"", ""probabilityOfOccurrence"": ""probable"", ""numberOfReports"": null, ""lastReportTime"": null, ""events"": [{""code"": 701, ""description"": ""Obras"", ""iconCategory"": 9}, {""code"": 810, ""description"": ""Nuevo trazado de carretera por obras"", ""iconCategory"": 9}]}"
tomtom,tomtom_cdmx_incidents,2026-07-04T07:19:02Z,2026-07-04,20260704T071858Z,2026-07-04T07:18:59.176006,TTI-0e6b35d1-b793-45b4-b4a5-22dc2fb82b8b-TTR24539807168014001,Feature,LineString,19.373839865,-99.0221773738,8,Road closed,4,,100.9955726578,Calzada Ignacio Zaragoza,Calle Luis García,,present,probable,,2026-07-04T04:04:30Z,,,Cerrado,401,"{""type"": ""LineString"", ""coordinates"": [[-99.0219936424, 19.3743266359], [-99.0221357995, 19.3739484318], [-99.0221773738, 19.373839865], [-99.0223168486, 19.3734710694]]}","{""id"": ""TTI-0e6b35d1-b793-45b4-b4a5-22dc2fb82b8b-TTR24539807168014001"", ""iconCategory"": 8, ""magnitudeOfDelay"": 4, ""startTime"": ""2026-07-04T04:04:30Z"", ""endTime"": null, ""from"": ""Calzada Ignacio Zaragoza"", ""to"": ""Calle Luis García"", ""length"": 100.9955726578, ""delay"": null, ""roadNumbers"": [], ""timeValidity"": ""present"", ""probabilityOfOccurrence"": ""probable"", ""numberOfReports"": null, ""lastReportTime"": null, ""events"": [{""code"": 401, ""description"": ""Cerrado"", ""iconCategory"": 8}]}"
tomtom,tomtom_cdmx_incidents,2026-07-04T07:19:02Z,2026-07-04,20260704T071858Z,2026-07-04T07:18:59.176023,TTI-0e6b35d1-b793-45b4-b4a5-22dc2fb82b8b-TTR24542692332014000,Feature,LineString,19.3489636681,-99.0215376669,8,Road closed,4,,77.5234211813,Avenida Jalisco,Cerrada San Miguel,,present,probable,,2026-06-06T11:13:30Z,,,Cerrado,401,"{""type"": ""LineString"", ""coordinates"": [[-99.0217576081, 19.3492909206], [-99.0215376669, 19.3489636681], [-99.0213686877, 19.3486981803]]}","{""id"": ""TTI-0e6b35d1-b793-45b4-b4a5-22dc2fb82b8b-TTR24542692332014000"", ""iconCategory"": 8, ""magnitudeOfDelay"": 4, ""startTime"": ""2026-06-06T11:13:30Z"", ""endTime"": null, ""from"": ""Avenida Jalisco"", ""to"": ""Cerrada San Miguel"", ""length"": 77.5234211813, ""delay"": null, ""roadNumbers"": [], ""timeValidity"": ""present"", ""probabilityOfOccurrence"": ""probable"", ""numberOfReports"": null, ""lastReportTime"": null, ""events"": [{""code"": 401, ""description"": ""Cerrado"", ""iconCategory"": 8}]}"
tomtom,tomtom_cdmx_incidents,2026-07-04T07:19:02Z,2026-07-04,20260704T071858Z,2026-07-04T07:18:59.176039,TTI-0e6b35d1-b793-45b4-b4a5-22dc2fb82b8b-TTR24542692404014000,Feature,LineString,19.3489636681,-99.0215376669,8,Road closed,4,,77.5234211813,Cerrada San Miguel,Avenida Jalisco,,present,probable,,2026-06-06T18:52:30Z,,,Cerrado,401,"{""type"": ""LineString"", ""coordinates"": [[-99.0213686877, 19.3486981803], [-99.0215376669, 19.3489636681], [-99.0217576081, 19.3492909206]]}","{""id"": ""TTI-0e6b35d1-b793-45b4-b4a5-22dc2fb82b8b-TTR24542692404014000"", ""iconCategory"": 8, ""magnitudeOfDelay"": 4, ""startTime"": ""2026-06-06T18:52:30Z"", ""endTime"": null, ""from"": ""Cerrada San Miguel"", ""to"": ""Avenida Jalisco"", ""length"": 77.5234211813, ""delay"": null, ""roadNumbers"": [], ""timeValidity"": ""present"", ""probabilityOfOccurrence"": ""probable"", ""numberOfReports"": null, ""lastReportTime"": null, ""events"": [{""code"": 401, ""description"": ""Cerrado"", ""iconCategory"": 8}]}"
tomtom,tomtom_cdmx_incidents,2026-07-04T07:19:02Z,2026-07-04,20260704T071858Z,2026-07-04T07:18:59.176055,TTI-0e6b35d1-b793-45b4-b4a5-22dc2fb82b8b-TTR24542692292021000,Feature,LineString,19.3492909206,-99.0217576081,8,Road closed,4,,223.411957565,Avenida de las Palmas,Eje 8 Sur Calzada Ermita Iztapalapa / Calle Primavera,,present,probable,,2026-04-28T18:10:00Z,,,Cerrado,401,"{""type"": ""LineString"", ""coordinates"": [[-99.0224134082, 19.3487209568], [-99.0223329419, 19.3487907096], [-99.0219842547, 19.3490977959], [-99.0218702608, 19.3491943583], [-99.0217576081, 19.3492909206], [-99.021525597, 19.3494880785], [-99.021500116, 19.3495041326], [-99.021269446, 19.3496396043], [-99.0207155698, 19.349909203]]}","{""id"": ""TTI-0e6b35d1-b793-45b4-b4a5-22dc2fb82b8b-TTR24542692292021000"", ""iconCategory"": 8, ""magnitudeOfDelay"": 4, ""startTime"": ""2026-04-28T18:10:00Z"", ""endTime"": null, ""from"": ""Avenida de las Palmas"", ""to"": ""Eje 8 Sur Calzada Ermita Iztapalapa / Calle Primavera"", ""length"": 223.411957565, ""delay"": null, ""roadNumbers"": [], ""timeValidity"": ""present"", ""probabilityOfOccurrence"": ""probable"", ""numberOfReports"": null, ""lastReportTime"": null, ""events"": [{""code"": 401, ""description"": ""Cerrado"", ""iconCategory"": 8}]}"
tomtom,tomtom_cdmx_incidents,2026-07-04T07:19:02Z,2026-07-04,20260704T071858Z,2026-07-04T07:18:59.176076,TTI-0e6b35d1-b793-45b4-b4a5-22dc2fb82b8b-TTR24542692364021000,Feature,LineString,19.3492909206,-99.0217576081,8,Road closed,4,,223.411957565,Eje 8 Sur Calzada Ermita Iztapalapa / Calle Primavera,Avenida de las Palmas,,present,probable,,2026-06-04T17:04:00Z,,,Cerrado,401,"{""type"": ""LineString"", ""coordinates"": [[-99.0207155698, 19.349909203], [-99.021269446, 19.3496396043], [-99.021500116, 19.3495041326], [-99.021525597, 19.3494880785], [-99.0217576081, 19.3492909206], [-99.0218702608, 19.3491943583], [-99.0219842547, 19.3490977959], [-99.0223329419, 19.3487907096], [-99.0224134082, 19.3487209568]]}","{""id"": ""TTI-0e6b35d1-b793-45b4-b4a5-22dc2fb82b8b-TTR24542692364021000"", ""iconCategory"": 8, ""magnitudeOfDelay"": 4, ""startTime"": ""2026-06-04T17:04:00Z"", ""endTime"": null, ""from"": ""Eje 8 Sur Calzada Ermita Iztapalapa / Calle Primavera"", ""to"": ""Avenida de las Palmas"", ""length"": 223.411957565, ""delay"": null, ""roadNumbers"": [], ""timeValidity"": ""present"", ""probabilityOfOccurrence"": ""probable"", ""numberOfReports"": null, ""lastReportTime"": null, ""events"": [{""code"": 401, ""description"": ""Cerrado"", ""iconCategory"": 8}]}"
tomtom,tomtom_cdmx_incidents,2026-07-04T07:19:02Z,2026-07-04,20260704T071858Z,2026-07-04T07:18:59.176096,TTI-0e6b35d1-b793-45b4-b4a5-22dc2fb82b8b-TTR24539807168014002,Feature,LineString,19.3735179596,-99.0204527134,8,Road closed,4,,212.6855455552,Calzada Ignacio Zaragoza,Calle Luis García,,present,probable,,2026-07-03T17:13:30Z,,,Cerrado,401,"{""type"": ""LineString"", ""coordinates"": [[-99.0199886912, 19.3747303004], [-99.0201737636, 19.3742462191], [-99.0204527134, 19.3735179596], [-99.0205841416, 19.3731746249], [-99.0206753367, 19.3729306053]]}","{""id"": ""TTI-0e6b35d1-b793-45b4-b4a5-22dc2fb82b8b-TTR24539807168014002"", ""iconCategory"": 8, ""magnitudeOfDelay"": 4, ""startTime"": ""2026-07-03T17:13:30Z"", ""endTime"": null, ""from"": ""Calzada Ignacio Zaragoza"", ""to"": ""Calle Luis García"", ""length"": 212.6855455552, ""delay"": null, ""roadNumbers"": [], ""timeValidity"": ""present"", ""probabilityOfOccurrence"": ""probable"", ""numberOfReports"": null, ""lastReportTime"": null, ""events"": [{""code"": 401, ""description"": ""Cerrado"", ""iconCategory"": 8}]}"
tomtom,tomtom_cdmx_incidents,2026-07-04T07:19:02Z,2026-07-04,20260704T071858Z,2026-07-04T07:18:59.176114,TTI-0e6b35d1-b793-45b4-b4a5-22dc2fb82b8b-TTR24516725948037000,Feature,LineString,19.5307397025,-99.0211849564,9,Road works,0,,406.8434197113,Calle Tero,Boulevard Pochtecas,,present,probable,,2026-03-05T04:37:00Z,,,Obras | Nuevo trazado de carretera por obras,"701,810","{""type"": ""LineString"", ""coordinates"": [[-99.0231738144, 19.5315336131], [-99.0229914242, 19.5314625168], [-99.0227594131, 19.5313686696], [-99.0224965566, 19.5312640789], [-99.0223704928, 19.5312143904], [-99.0219641381, 19.5310507895], [-99.0215966755, 19.5309033037], [-99.0215792412, 19.530896589], [-99.0211849564, 19.5307397025], [-99.0207893306, 19.5305813939], [-99.0206900889, 19.5305411847], [-99.0205854827, 19.5304996326], [-99.0203856581, 19.5304204782], [-99.020114755, 19.5303118581], [-99.0199739391, 19.5302568765], [-99.0195984298, 19.5301080471]]}","{""id"": ""TTI-0e6b35d1-b793-45b4-b4a5-22dc2fb82b8b-TTR24516725948037000"", ""iconCategory"": 9, ""magnitudeOfDelay"": 0, ""startTime"": ""2026-03-05T04:37:00Z"", ""endTime"": null, ""from"": ""Calle Tero"", ""to"": ""Boulevard Pochtecas"", ""length"": 406.8434197113, ""delay"": null, ""roadNumbers"": [], ""timeValidity"": ""present"", ""probabilityOfOccurrence"": ""probable"", ""numberOfReports"": null, ""lastReportTime"": null, ""events"": [{""code"": 701, ""description"": ""Obras"", ""iconCategory"": 9}, {""code"": 810, ""description"": ""Nuevo trazado de carretera por obras"", ""iconCategory"": 9}]}"
tomtom,tomtom_cdmx_incidents,2026-07-04T07:19:02Z,2026-07-04,20260704T071858Z,2026-07-04T07:18:59.176143,TTI-0e6b35d1-b793-45b4-b4a5-22dc2fb82b8b-TTR24539807096014000,Feature,LineString,19.372635504,-99.019845193,8,Road closed,4,,173.0897885039,Calle Francisco Noble,Calzada Ignacio Zaragoza,,present,probable,,2026-07-04T00:28:00Z,,,Cerrado,401,"{""type"": ""LineString"", ""coordinates"": [[-99.0201335305, 19.3718657236], [-99.0200772041, 19.3720132751], [-99.019845193, 19.372635504], [-99.0197285169, 19.3729506899], [-99.0195863599, 19.3733342733]]}","{""id"": ""TTI-0e6b35d1-b793-45b4-b4a5-22dc2fb82b8b-TTR24539807096014000"", ""iconCategory"": 8, ""magnitudeOfDelay"": 4, ""startTime"": ""2026-07-04T00:28:00Z"", ""endTime"": null, ""from"": ""Calle Francisco Noble"", ""to"": ""Calzada Ignacio Zaragoza"", ""length"": 173.0897885039, ""delay"": null, ""roadNumbers"": [], ""timeValidity"": ""present"", ""probabilityOfOccurrence"": ""probable"", ""numberOfReports"": null, ""lastReportTime"": null, ""events"": [{""code"": 401, ""description"": ""Cerrado"", ""iconCategory"": 8}]}"
tomtom,tomtom_cdmx_incidents,2026-07-04T07:19:02Z,2026-07-04,20260704T071858Z,2026-07-04T07:18:59.176163,TTI-0e6b35d1-b793-45b4-b4a5-22dc2fb82b8b-TTR24539807100031000,Feature,LineString,19.3663967386,-99.020319944,8,Road closed,4,,261.2550641851,Calle Federico González Garza,Calle Cayetano Andrade,,present,probable,,2026-03-14T22:21:00Z,,,Cerrado,401,"{""type"": ""LineString"", ""coordinates"": [[-99.0203896815, 19.3662599365], [-99.0203735882, 19.3663027959], [-99.020319944, 19.3663967386], [-99.0197271758, 19.3673005785], [-99.0190981978, 19.3682675156]]}","{""id"": ""TTI-0e6b35d1-b793-45b4-b4a5-22dc2fb82b8b-TTR24539807100031000"", ""iconCategory"": 8, ""magnitudeOfDelay"": 4, ""startTime"": ""2026-03-14T22:21:00Z"", ""endTime"": null, ""from"": ""Calle Federico González Garza"", ""to"": ""Calle Cayetano Andrade"", ""length"": 261.2550641851, ""delay"": null, ""roadNumbers"": [], ""timeValidity"": ""present"", ""probabilityOfOccurrence"": ""probable"", ""numberOfReports"": null, ""lastReportTime"": null, ""events"": [{""code"": 401, ""description"": ""Cerrado"", ""iconCategory"": 8}]}"
tomtom,tomtom_cdmx_incidents,2026-07-04T07:19:02Z,2026-07-04,20260704T071858Z,2026-07-04T07:18:59.176181,TTI-0e6b35d1-b793-45b4-b4a5-22dc2fb82b8b-TTR24513840836014000,Feature,LineString,19.5492455732,-99.0193395966,8,Road closed,4,,215.1685358249,Calle Paricutín,Avenida Central,,present,probable,,2026-06-25T00:35:00Z,,,Cerrado,401,"{""type"": ""LineString"", ""coordinates"": [[-99.0184289867, 19.5488526113], [-99.0186583155, 19.5489518984], [-99.0187964493, 19.5490122448], [-99.019177323, 19.5491744847], [-99.0193395966, 19.5492455732], [-99.0195514911, 19.5493368034], [-99.0199243182, 19.5494977002], [-99.0202958041, 19.5496585968]]}","{""id"": ""TTI-0e6b35d1-b793-45b4-b4a5-22dc2fb82b8b-TTR24513840836014000"", ""iconCategory"": 8, ""magnitudeOfDelay"": 4, ""startTime"": ""2026-06-25T00:35:00Z"", ""endTime"": null, ""from"": ""Calle Paricutín"", ""to"": ""Avenida Central"", ""length"": 215.1685358249, ""delay"": null, ""roadNumbers"": [], ""timeValidity"": ""present"", ""probabilityOfOccurrence"": ""probable"", ""numberOfReports"": null, ""lastReportTime"": null, ""events"": [{""code"": 401, ""description"": ""Cerrado"", ""iconCategory"": 8}]}"
tomtom,tomtom_cdmx_incidents,2026-07-04T07:19:02Z,2026-07-04,20260704T071858Z,2026-07-04T07:18:59.176201,TTI-0e6b35d1-b793-45b4-b4a5-22dc2fb82b8b-TTR24513840764014000,Feature,LineString,19.5491744847,-99.019177323,8,Road closed,4,,172.327859704,Avenida Central,Calle Paricutín,,present,probable,,2026-05-29T05:31:30Z,,,Cerrado,401,"{""type"": ""LineString"", ""coordinates"": [[-99.0199243182, 19.5494977002], [-99.0195514911, 19.5493368034], [-99.0193395966, 19.5492455732], [-99.019177323, 19.5491744847], [-99.0187964493, 19.5490122448], [-99.0186583155, 19.5489518984], [-99.0184289867, 19.5488526113]]}","{""id"": ""TTI-0e6b35d1-b793-45b4-b4a5-22dc2fb82b8b-TTR24513840764014000"", ""iconCategory"": 8, ""magnitudeOfDelay"": 4, ""startTime"": ""2026-05-29T05:31:30Z"", ""endTime"": null, ""from"": ""Avenida Central"", ""to"": ""Calle Paricutín"", ""length"": 172.327859704, ""delay"": null, ""roadNumbers"": [], ""timeValidity"": ""present"", ""probabilityOfOccurrence"": ""probable"", ""numberOfReports"": null, ""lastReportTime"": null, ""events"": [{""code"": 401, ""description"": ""Cerrado"", ""iconCategory"": 8}]}"
tomtom,tomtom_cdmx_incidents,2026-07-04T07:19:02Z,2026-07-04,20260704T071858Z,2026-07-04T07:18:59.176220,TTI-0e6b35d1-b793-45b4-b4a5-22dc2fb82b8b-TTR24516726024015000,Feature,LineString,19.5271146808,-99.0182251388,8,Road closed,4,,214.8159983028,Avenida Plutarco Elías Calles,Calle de los Cedros,,present,probable,,2026-06-24T20:17:00Z,,,Cerrado,401,"{""type"": ""LineString"", ""coordinates"": [[-99.0179783755, 19.5270168022], [-99.0180145854, 19.5270314958], [-99.0181178504, 19.5270717848], [-99.0181339437, 19.5270784207], [-99.0181862467, 19.5270985652], [-99.0182251388, 19.5271146808], [-99.0183364505, 19.5271575767], [-99.0186556333, 19.5272836575], [-99.0192939991, 19.5275343969], [-99.0198036188, 19.5277369472], [-99.0198693329, 19.5277623845]]}","{""id"": ""TTI-0e6b35d1-b793-45b4-b4a5-22dc2fb82b8b-TTR24516726024015000"", ""iconCategory"": 8, ""magnitudeOfDelay"": 4, ""startTime"": ""2026-06-24T20:17:00Z"", ""endTime"": null, ""from"": ""Avenida Plutarco Elías Calles"", ""to"": ""Calle de los Cedros"", ""length"": 214.8159983028, ""delay"": null, ""roadNumbers"": [], ""timeValidity"": ""present"", ""probabilityOfOccurrence"": ""probable"", ""numberOfReports"": null, ""lastReportTime"": null, ""events"": [{""code"": 401, ""description"": ""Cerrado"", ""iconCategory"": 8}]}"
tomtom,tomtom_cdmx_incidents,2026-07-04T07:19:02Z,2026-07-04,20260704T071858Z,2026-07-04T07:18:59.176243,TTI-0e6b35d1-b793-45b4-b4a5-22dc2fb82b8b-TTR24516725984014000,Feature,LineString,19.5274512911,-99.018073594,9,Road works,0,,90.9376370724,Boulevard de Los Guerreros,Calle Águila,,present,probable,,2026-06-04T03:38:30Z,,,Obras | Nuevo trazado de carretera por obras,"701,810","{""type"": ""LineString"", ""coordinates"": [[-99.017868405, 19.527916667], [-99.017907297, 19.5278281106], [-99.018073594, 19.5274512911], [-99.0181795412, 19.5272139023], [-99.0182050222, 19.5271629486]]}","{""id"": ""TTI-0e6b35d1-b793-45b4-b4a5-22dc2fb82b8b-TTR24516725984014000"", ""iconCategory"": 9, ""magnitudeOfDelay"": 0, ""startTime"": ""2026-06-04T03:38:30Z"", ""endTime"": null, ""from"": ""Boulevard de Los Guerreros"", ""to"": ""Calle Águila"", ""length"": 90.9376370724, ""delay"": null, ""roadNumbers"": [], ""timeValidity"": ""present"", ""probabilityOfOccurrence"": ""probable"", ""numberOfReports"": null, ""lastReportTime"": null, ""events"": [{""code"": 701, ""description"": ""Obras"", ""iconCategory"": 9}, {""code"": 810, ""description"": ""Nuevo trazado de carretera por obras"", ""iconCategory"": 9}]}"
tomtom,tomtom_cdmx_incidents,2026-07-04T07:19:02Z,2026-07-04,20260704T071858Z,2026-07-04T07:18:59.176262,TTI-0e6b35d1-b793-45b4-b4a5-22dc2fb82b8b-TTR24539807284011001,Feature,LineString,19.373874736,-99.0184477621,7,Lane closed,0,31.0,421.7488392512,Calle Cesar Elpidio Canales,Avenida República Federal del Sur,,present,probable,,2026-07-03T07:24:30Z,2026-07-20T23:02:00Z,,Estrechamiento a dos carriles | Obras,"515,701","{""type"": ""LineString"", ""coordinates"": [[-99.0206391269, 19.3755094768], [-99.0202864164, 19.3752547069], [-99.0201563293, 19.3751595041], [-99.0199497992, 19.3750106114], [-99.0198948139, 19.374966331], [-99.0191786641, 19.3744125086], [-99.0189050788, 19.3742100039], [-99.0184477621, 19.373874736], [-99.0180682296, 19.3735944231], [-99.0179287547, 19.3735019078], [-99.0176994258, 19.3733476366], [-99.0175076479, 19.3732175615], [-99.0174902135, 19.3732068076], [-99.0174620503, 19.373186723]]}","{""id"": ""TTI-0e6b35d1-b793-45b4-b4a5-22dc2fb82b8b-TTR24539807284011001"", ""iconCategory"": 7, ""magnitudeOfDelay"": 0, ""startTime"": ""2026-07-03T07:24:30Z"", ""endTime"": ""2026-07-20T23:02:00Z"", ""from"": ""Calle Cesar Elpidio Canales"", ""to"": ""Avenida República Federal del Sur"", ""length"": 421.7488392512, ""delay"": 31, ""roadNumbers"": [], ""timeValidity"": ""present"", ""probabilityOfOccurrence"": ""probable"", ""numberOfReports"": null, ""lastReportTime"": null, ""events"": [{""code"": 515, ""description"": ""Estrechamiento a dos carriles"", ""iconCategory"": 7}, {""code"": 701, ""description"": ""Obras"", ""iconCategory"": 9}]}"
tomtom,tomtom_cdmx_incidents,2026-07-04T07:19:02Z,2026-07-04,20260704T071858Z,2026-07-04T07:18:59.176292,TTI-0e6b35d1-b793-45b4-b4a5-22dc2fb82b8b-TTR24542692576003000,Feature,LineString,19.3705514349,-99.0172622257,9,Road works,0,,9.6178879527,Calle Cayetano Andrade (Avenida Republica Federal/Avenida Republica Federal del Sur),Calzada Ignacio Zaragoza (Avenida Republica Federal/Avenida República Federal del Sur),,present,probable,,2026-06-20T22:49:00Z,,,Obras | Nuevo trazado de carretera por obras,"701,810","{""type"": ""LineString"", ""coordinates"": [[-99.017329281, 19.3704924454], [-99.0172622257, 19.3705514349]]}","{""id"": ""TTI-0e6b35d1-b793-45b4-b4a5-22dc2fb82b8b-TTR24542692576003000"", ""iconCategory"": 9, ""magnitudeOfDelay"": 0, ""startTime"": ""2026-06-20T22:49:00Z"", ""endTime"": null, ""from"": ""Calle Cayetano Andrade (Avenida Republica Federal/Avenida Republica Federal del Sur)"", ""to"": ""Calzada Ignacio Zaragoza (Avenida Republica Federal/Avenida República Federal del Sur)"", ""length"": 9.6178879527, ""delay"": null, ""roadNumbers"": [], ""timeValidity"": ""present"", ""probabilityOfOccurrence"": ""probable"", ""numberOfReports"": null, ""lastReportTime"": null, ""events"": [{""code"": 701, ""description"": ""Obras"", ""iconCategory"": 9}, {""code"": 810, ""description"": ""Nuevo trazado de carretera por obras"", ""iconCategory"": 9}]}"
tomtom,tomtom_cdmx_incidents,2026-07-04T07:19:02Z,2026-07-04,20260704T071858Z,2026-07-04T07:18:59.176314,TTI-0e6b35d1-b793-45b4-b4a5-22dc2fb82b8b-TTR24539807132014000,Feature,LineString,19.3727387737,-99.0201362127,8,Road closed,4,,701.0132001346,Calle Solón Arguello,Avenida República Federal del Sur / Calle República Federal del S,,present,probable,,2026-07-03T16:01:30Z,,,Cerrado,401,"{""type"": ""LineString"", ""coordinates"": [[-99.0231389457, 19.3737445823], [-99.0226735824, 19.3735850134], [-99.0223168486, 19.3734710694], [-99.0220834964, 19.3733959502], [-99.0215014571, 19.3732081518], [-99.0208295637, 19.3729855611], [-99.0206753367, 19.3729306053], [-99.0202595943, 19.3727830547], [-99.0201362127, 19.3727387737], [-99.019845193, 19.372635504], [-99.0194495672, 19.3724946744], [-99.0190137082, 19.3723525795], [-99.018600648, 19.3722171267], [-99.0181875879, 19.3720816737], [-99.0180709118, 19.3720427695], [-99.0168464833, 19.3716229673]]}","{""id"": ""TTI-0e6b35d1-b793-45b4-b4a5-22dc2fb82b8b-TTR24539807132014000"", ""iconCategory"": 8, ""magnitudeOfDelay"": 4, ""startTime"": ""2026-07-03T16:01:30Z"", ""endTime"": null, ""from"": ""Calle Solón Arguello"", ""to"": ""Avenida República Federal del Sur / Calle República Federal del S"", ""length"": 701.0132001346, ""delay"": null, ""roadNumbers"": [], ""timeValidity"": ""present"", ""probabilityOfOccurrence"": ""probable"", ""numberOfReports"": null, ""lastReportTime"": null, ""events"": [{""code"": 401, ""description"": ""Cerrado"", ""iconCategory"": 8}]}"
tomtom,tomtom_cdmx_incidents,2026-07-04T07:19:02Z,2026-07-04,20260704T071858Z,2026-07-04T07:18:59.176342,TTI-0e6b35d1-b793-45b4-b4a5-22dc2fb82b8b-TTR24542692648022000,Feature,LineString,19.370536727,-99.0179663056,8,Road closed,4,,183.0235149933,Avenida República Federal del Sur,Avenida República Federal del Sur,,present,probable,,2026-07-04T01:11:30Z,,,Cerrado,401,"{""type"": ""LineString"", ""coordinates"": [[-99.0168464833, 19.3716229673], [-99.016969865, 19.3714955794], [-99.0173574442, 19.371129467], [-99.0175076479, 19.3709805706], [-99.0178858393, 19.3706131128], [-99.0179663056, 19.370536727], [-99.0179984921, 19.3705018553], [-99.0180159265, 19.370480347], [-99.0180293375, 19.3704629507], [-99.0180347019, 19.3704481638], [-99.0180333608, 19.3704280789]]}","{""id"": ""TTI-0e6b35d1-b793-45b4-b4a5-22dc2fb82b8b-TTR24542692648022000"", ""iconCategory"": 8, ""magnitudeOfDelay"": 4, ""startTime"": ""2026-07-04T01:11:30Z"", ""endTime"": null, ""from"": ""Avenida República Federal del Sur"", ""to"": ""Avenida República Federal del Sur"", ""length"": 183.0235149933, ""delay"": null, ""roadNumbers"": [], ""timeValidity"": ""present"", ""probabilityOfOccurrence"": ""probable"", ""numberOfReports"": null, ""lastReportTime"": null, ""events"": [{""code"": 401, ""description"": ""Cerrado"", ""iconCategory"": 8}]}"
tomtom,tomtom_cdmx_incidents,2026-07-04T07:19:02Z,2026-07-04,20260704T071858Z,2026-07-04T07:18:59.176364,TTI-0e6b35d1-b793-45b4-b4a5-22dc2fb82b8b-TTR24542692428015000,Feature,LineString,19.3615485761,-99.0170878822,8,Road closed,4,,107.2513252737,Calle Matamoros,Calle Tapachula,,present,probable,,2026-06-25T23:03:00Z,,,Cerrado,401,"{""type"": ""LineString"", ""coordinates"": [[-99.0172447914, 19.3612924401], [-99.0172085816, 19.3613286582], [-99.0170878822, 19.3615485761], [-99.016752606, 19.3619938675], [-99.0166815275, 19.3620944553]]}","{""id"": ""TTI-0e6b35d1-b793-45b4-b4a5-22dc2fb82b8b-TTR24542692428015000"", ""iconCategory"": 8, ""magnitudeOfDelay"": 4, ""startTime"": ""2026-06-25T23:03:00Z"", ""endTime"": null, ""from"": ""Calle Matamoros"", ""to"": ""Calle Tapachula"", ""length"": 107.2513252737, ""delay"": null, ""roadNumbers"": [], ""timeValidity"": ""present"", ""probabilityOfOccurrence"": ""probable"", ""numberOfReports"": null, ""lastReportTime"": null, ""events"": [{""code"": 401, ""description"": ""Cerrado"", ""iconCategory"": 8}]}"
tomtom,tomtom_cdmx_incidents,2026-07-04T07:19:02Z,2026-07-04,20260704T071858Z,2026-07-04T07:18:59.176384,TTI-0e6b35d1-b793-45b4-b4a5-22dc2fb82b8b-TTR24542692500015000,Feature,LineString,19.3615485761,-99.0170878822,8,Road closed,4,,107.2513252737,Calle Tapachula,Calle Matamoros,,present,probable,,2026-06-25T20:05:30Z,,,Cerrado,401,"{""type"": ""LineString"", ""coordinates"": [[-99.0166815275, 19.3620944553], [-99.016752606, 19.3619938675], [-99.0170878822, 19.3615485761], [-99.0172085816, 19.3613286582], [-99.0172447914, 19.3612924401]]}","{""id"": ""TTI-0e6b35d1-b793-45b4-b4a5-22dc2fb82b8b-TTR24542692500015000"", ""iconCategory"": 8, ""magnitudeOfDelay"": 4, ""startTime"": ""2026-06-25T20:05:30Z"", ""endTime"": null, ""from"": ""Calle Tapachula"", ""to"": ""Calle Matamoros"", ""length"": 107.2513252737, ""delay"": null, ""roadNumbers"": [], ""timeValidity"": ""present"", ""probabilityOfOccurrence"": ""probable"", ""numberOfReports"": null, ""lastReportTime"": null, ""events"": [{""code"": 401, ""description"": ""Cerrado"", ""iconCategory"": 8}]}"
tomtom,tomtom_cdmx_incidents,2026-07-04T07:19:02Z,2026-07-04,20260704T071858Z,2026-07-04T07:18:59.176401,TTI-0e6b35d1-b793-45b4-b4a5-22dc2fb82b8b-TTR24513840800037000,Feature,LineString,19.5464144884,-99.0173319632,8,Road closed,4,,420.9305076303,Calle Teponaxtlis,Calle Penachos,,present,probable,,2026-06-24T14:56:00Z,,,Cerrado,401,"{""type"": ""LineString"", ""coordinates"": [[-99.016547417, 19.54823169], [-99.0170583779, 19.5470461591], [-99.0172970945, 19.5464949778], [-99.0173319632, 19.5464144884], [-99.0178576761, 19.5451806817], [-99.0180561596, 19.5447233335]]}","{""id"": ""TTI-0e6b35d1-b793-45b4-b4a5-22dc2fb82b8b-TTR24513840800037000"", ""iconCategory"": 8, ""magnitudeOfDelay"": 4, ""startTime"": ""2026-06-24T14:56:00Z"", ""endTime"": null, ""from"": ""Calle Teponaxtlis"", ""to"": ""Calle Penachos"", ""length"": 420.9305076303, ""delay"": null, ""roadNumbers"": [], ""timeValidity"": ""present"", ""probabilityOfOccurrence"": ""probable"", ""numberOfReports"": null, ""lastReportTime"": null, ""events"": [{""code"": 401, ""description"": ""Cerrado"", ""iconCategory"": 8}]}"
tomtom,tomtom_cdmx_incidents,2026-07-04T07:19:02Z,2026-07-04,20260704T071858Z,2026-07-04T07:18:59.176419,TTI-0e6b35d1-b793-45b4-b4a5-22dc2fb82b8b-TTR24568659172012000,Feature,LineString,19.1970527709,-99.0172541791,8,Road closed,4,,94.3659619871,Cerrada Nuevo León,Cerrada de la Calle Campeche,,present,probable,,2026-07-04T07:00:30Z,,,Cerrado,401,"{""type"": ""LineString"", ""coordinates"": [[-99.016418671, 19.1973652078], [-99.0172541791, 19.1970527709]]}","{""id"": ""TTI-0e6b35d1-b793-45b4-b4a5-22dc2fb82b8b-TTR24568659172012000"", ""iconCategory"": 8, ""magnitudeOfDelay"": 4, ""startTime"": ""2026-07-04T07:00:30Z"", ""endTime"": null, ""from"": ""Cerrada Nuevo León"", ""to"": ""Cerrada de la Calle Campeche"", ""length"": 94.3659619871, ""delay"": null, ""roadNumbers"": [], ""timeValidity"": ""present"", ""probabilityOfOccurrence"": ""probable"", ""numberOfReports"": null, ""lastReportTime"": null, ""events"": [{""code"": 401, ""description"": ""Cerrado"", ""iconCategory"": 8}]}"
tomtom,tomtom_cdmx_incidents,2026-07-04T07:19:02Z,2026-07-04,20260704T071858Z,2026-07-04T07:18:59.176435,TTI-0e6b35d1-b793-45b4-b4a5-22dc2fb82b8b-TTR24539807460022000,Feature,LineString,19.3850984024,-99.0146792585,8,Road closed,4,,165.9247461435,Calle Romero Rubio,Calle Tlaxpana,,present,probable,,2026-07-04T02:43:30Z,,,Cerrado,401,"{""type"": ""LineString"", ""coordinates"": [[-99.0143587345, 19.385696545], [-99.0146792585, 19.3850984024], [-99.0150695199, 19.3843634706]]}","{""id"": ""TTI-0e6b35d1-b793-45b4-b4a5-22dc2fb82b8b-TTR24539807460022000"", ""iconCategory"": 8, ""magnitudeOfDelay"": 4, ""startTime"": ""2026-07-04T02:43:30Z"", ""endTime"": null, ""from"": ""Calle Romero Rubio"", ""to"": ""Calle Tlaxpana"", ""length"": 165.9247461435, ""delay"": null, ""roadNumbers"": [], ""timeValidity"": ""present"", ""probabilityOfOccurrence"": ""probable"", ""numberOfReports"": null, ""lastReportTime"": null, ""events"": [{""code"": 401, ""description"": ""Cerrado"", ""iconCategory"": 8}]}"
tomtom,tomtom_cdmx_incidents,2026-07-04T07:19:02Z,2026-07-04,20260704T071858Z,2026-07-04T07:18:59.176450,TTI-0e6b35d1-b793-45b4-b4a5-22dc2fb82b8b-TTR24516726208015000,Feature,LineString,19.5490658772,-99.0144204253,8,Road closed,4,,149.1758242566,Boulevard Pochtecas / Calle Teponaxtlis,Retorno Xochicalco,,present,probable,,2026-05-31T00:14:30Z,,,Cerrado,401,"{""type"": ""LineString"", ""coordinates"": [[-99.0149260217, 19.5479259283], [-99.0144794339, 19.5489438417], [-99.0144687051, 19.5489692756], [-99.0144311541, 19.5490497637], [-99.0144204253, 19.5490658772], [-99.0144110376, 19.5490779622], [-99.0143962854, 19.5490873617], [-99.0143225247, 19.5491127956]]}","{""id"": ""TTI-0e6b35d1-b793-45b4-b4a5-22dc2fb82b8b-TTR24516726208015000"", ""iconCategory"": 8, ""magnitudeOfDelay"": 4, ""startTime"": ""2026-05-31T00:14:30Z"", ""endTime"": null, ""from"": ""Boulevard Pochtecas / Calle Teponaxtlis"", ""to"": ""Retorno Xochicalco"", ""length"": 149.1758242566, ""delay"": null, ""roadNumbers"": [], ""timeValidity"": ""present"", ""probabilityOfOccurrence"": ""probable"", ""numberOfReports"": null, ""lastReportTime"": null, ""events"": [{""code"": 401, ""description"": ""Cerrado"", ""iconCategory"": 8}]}"
tomtom,tomtom_cdmx_incidents,2026-07-04T07:19:02Z,2026-07-04,20260704T071858Z,2026-07-04T07:18:59.176470,TTI-0e6b35d1-b793-45b4-b4a5-22dc2fb82b8b-TTR24568659160004000,Feature,LineString,19.1989249292,-99.0129545981,8,Road closed,4,,129.0357138516,Calle José López Portillo / Calle Córdoba Ote,Cerrada Nuevo León,,present,probable,,2026-07-04T07:04:30Z,,,Cerrado,401,"{""type"": ""LineString"", ""coordinates"": [[-99.012593841, 19.1994559942], [-99.012658214, 19.1993219023], [-99.012722587, 19.1992052247], [-99.0128057355, 19.1990751696], [-99.0129545981, 19.1989249292], [-99.0130739564, 19.198825666], [-99.0133327895, 19.1986258729], [-99.0133797282, 19.1985883523]]}","{""id"": ""TTI-0e6b35d1-b793-45b4-b4a5-22dc2fb82b8b-TTR24568659160004000"", ""iconCategory"": 8, ""magnitudeOfDelay"": 4, ""startTime"": ""2026-07-04T07:04:30Z"", ""endTime"": null, ""from"": ""Calle José López Portillo / Calle Córdoba Ote"", ""to"": ""Cerrada Nuevo León"", ""length"": 129.0357138516, ""delay"": null, ""roadNumbers"": [], ""timeValidity"": ""present"", ""probabilityOfOccurrence"": ""probable"", ""numberOfReports"": null, ""lastReportTime"": null, ""events"": [{""code"": 401, ""description"": ""Cerrado"", ""iconCategory"": 8}]}"
tomtom,tomtom_cdmx_incidents,2026-07-04T07:19:02Z,2026-07-04,20260704T071858Z,2026-07-04T07:18:59.176490,TTI-0e6b35d1-b793-45b4-b4a5-22dc2fb82b8b-TTR24560003560015001,Feature,LineString,19.2535789754,-99.0121056789,0,Unknown,0,,104.9305706374,Avenida Francisco I. Madero / Calle Francisco I. Madero,Calle Ignacio Zaragoza,,present,certain,,2026-06-10T19:43:30Z,2026-07-20T03:00:00Z,,Partido de fútbol,1459,"{""type"": ""LineString"", ""coordinates"": [[-99.0129975134, 19.2537935783], [-99.0121941918, 19.2536044556], [-99.012145912, 19.2535923486], [-99.0121056789, 19.2535789754], [-99.0120761746, 19.2535642571], [-99.0120493525, 19.2535293604]]}","{""id"": ""TTI-0e6b35d1-b793-45b4-b4a5-22dc2fb82b8b-TTR24560003560015001"", ""iconCategory"": 0, ""magnitudeOfDelay"": 0, ""startTime"": ""2026-06-10T19:43:30Z"", ""endTime"": ""2026-07-20T03:00:00Z"", ""from"": ""Avenida Francisco I. Madero / Calle Francisco I. Madero"", ""to"": ""Calle Ignacio Zaragoza"", ""length"": 104.9305706374, ""delay"": null, ""roadNumbers"": [], ""timeValidity"": ""present"", ""probabilityOfOccurrence"": ""certain"", ""numberOfReports"": null, ""lastReportTime"": null, ""events"": [{""code"": 1459, ""description"": ""Partido de fútbol"", ""iconCategory"": 0}]}"
tomtom,tomtom_cdmx_incidents,2026-07-04T07:19:02Z,2026-07-04,20260704T071858Z,2026-07-04T07:18:59.176523,TTI-0e6b35d1-b793-45b4-b4a5-22dc2fb82b8b-TTR24554233332014000,Feature,LineString,19.2937061703,-99.0100055093,8,Road closed,4,,130.2761063765,Calle Emiliano Zapata,Calle General Pedro María Anaya,,present,probable,,2026-07-03T19:21:30Z,,,Cerrado,401,"{""type"": ""LineString"", ""coordinates"": [[-99.0106116885, 19.2937235749], [-99.0100055093, 19.2937061703], [-99.0093711668, 19.2937302994]]}","{""id"": ""TTI-0e6b35d1-b793-45b4-b4a5-22dc2fb82b8b-TTR24554233332014000"", ""iconCategory"": 8, ""magnitudeOfDelay"": 4, ""startTime"": ""2026-07-03T19:21:30Z"", ""endTime"": null, ""from"": ""Calle Emiliano Zapata"", ""to"": ""Calle General Pedro María Anaya"", ""length"": 130.2761063765, ""delay"": null, ""roadNumbers"": [], ""timeValidity"": ""present"", ""probabilityOfOccurrence"": ""probable"", ""numberOfReports"": null, ""lastReportTime"": null, ""events"": [{""code"": 401, ""description"": ""Cerrado"", ""iconCategory"": 8}]}"
tomtom,tomtom_cdmx_incidents,2026-07-04T07:19:02Z,2026-07-04,20260704T071858Z,2026-07-04T07:18:59.176540,TTI-0e6b35d1-b793-45b4-b4a5-22dc2fb82b8b-TTR24539807568014000,Feature,LineString,19.3958447099,-99.0094704086,8,Road closed,4,,72.1997392151,Avenida Vicente Villada / Calle Glorieta de Colón,Calle Santa Julia,,present,probable,,2026-06-30T01:17:00Z,,,Cerrado,401,"{""type"": ""LineString"", ""coordinates"": [[-99.009643411, 19.3959399006], [-99.0094704086, 19.3958447099], [-99.0090385729, 19.3956301355]]}","{""id"": ""TTI-0e6b35d1-b793-45b4-b4a5-22dc2fb82b8b-TTR24539807568014000"", ""iconCategory"": 8, ""magnitudeOfDelay"": 4, ""startTime"": ""2026-06-30T01:17:00Z"", ""endTime"": null, ""from"": ""Avenida Vicente Villada / Calle Glorieta de Colón"", ""to"": ""Calle Santa Julia"", ""length"": 72.1997392151, ""delay"": null, ""roadNumbers"": [], ""timeValidity"": ""present"", ""probabilityOfOccurrence"": ""probable"", ""numberOfReports"": null, ""lastReportTime"": null, ""events"": [{""code"": 401, ""description"": ""Cerrado"", ""iconCategory"": 8}]}"
tomtom,tomtom_cdmx_incidents,2026-07-04T07:19:02Z,2026-07-04,20260704T071858Z,2026-07-04T07:18:59.176557,TTI-0e6b35d1-b793-45b4-b4a5-22dc2fb82b8b-TTR24571544648004000,Feature,LineString,19.2001962686,-99.010823583,8,Road closed,4,,466.6379751261,Avenida del Trabajo,Avenida Nuevo León / Calle Córdoba Ote,,present,probable,,2026-07-04T07:04:00Z,,,Cerrado,401,"{""type"": ""LineString"", ""coordinates"": [[-99.0080542022, 19.200699229], [-99.0081118697, 19.200691155], [-99.008166855, 19.2006804689], [-99.0082714611, 19.2006616297], [-99.0084176415, 19.2006348748], [-99.0086456293, 19.2005959299], [-99.0088494772, 19.2005543727], [-99.00918073, 19.2005007047], [-99.0094824785, 19.2004524192], [-99.0098217779, 19.2003867193], [-99.010169124, 19.2003196737], [-99.0105044001, 19.2002512824], [-99.0107994431, 19.2002003056], [-99.010823583, 19.2001962686], [-99.0111548358, 19.2001359512], [-99.0113600248, 19.200098431], [-99.0115276629, 19.2000689055], [-99.0115397328, 19.2000675599], [-99.0117449218, 19.2000487997], [-99.0119112188, 19.2000273483], [-99.0120158249, 19.2000112003], [-99.0121003145, 19.1999897488], [-99.0121660286, 19.199969643], [-99.0122424716, 19.1999414632], [-99.0123215967, 19.1998892198], [-99.0123806053, 19.1998395885]]}","{""id"": ""TTI-0e6b35d1-b793-45b4-b4a5-22dc2fb82b8b-TTR24571544648004000"", ""iconCategory"": 8, ""magnitudeOfDelay"": 4, ""startTime"": ""2026-07-04T07:04:00Z"", ""endTime"": null, ""from"": ""Avenida del Trabajo"", ""to"": ""Avenida Nuevo León / Calle Córdoba Ote"", ""length"": 466.6379751261, ""delay"": null, ""roadNumbers"": [], ""timeValidity"": ""present"", ""probabilityOfOccurrence"": ""probable"", ""numberOfReports"": null, ""lastReportTime"": null, ""events"": [{""code"": 401, ""description"": ""Cerrado"", ""iconCategory"": 8}]}"
tomtom,tomtom_cdmx_incidents,2026-07-04T07:19:02Z,2026-07-04,20260704T071858Z,2026-07-04T07:18:59.176593,TTI-0e6b35d1-b793-45b4-b4a5-22dc2fb82b8b-TTR24548463476015000,Feature,LineString,19.3630506687,-99.0063335651,8,Road closed,4,,95.6344252869,Calle 20 de Noviembre,Avenida Octavio Paz / Calle Amador Salazar,,present,probable,,2026-07-03T21:52:00Z,,,Cerrado,401,"{""type"": ""LineString"", ""coordinates"": [[-99.0054712349, 19.3627716814], [-99.0063335651, 19.3630506687]]}","{""id"": ""TTI-0e6b35d1-b793-45b4-b4a5-22dc2fb82b8b-TTR24548463476015000"", ""iconCategory"": 8, ""magnitudeOfDelay"": 4, ""startTime"": ""2026-07-03T21:52:00Z"", ""endTime"": null, ""from"": ""Calle 20 de Noviembre"", ""to"": ""Avenida Octavio Paz / Calle Amador Salazar"", ""length"": 95.6344252869, ""delay"": null, ""roadNumbers"": [], ""timeValidity"": ""present"", ""probabilityOfOccurrence"": ""probable"", ""numberOfReports"": null, ""lastReportTime"": null, ""events"": [{""code"": 401, ""description"": ""Cerrado"", ""iconCategory"": 8}]}"
tomtom,tomtom_cdmx_incidents,2026-07-04T07:19:02Z,2026-07-04,20260704T071858Z,2026-07-04T07:18:59.176608,TTI-0e6b35d1-b793-45b4-b4a5-22dc2fb82b8b-TTR24560003812013000,Feature,LineString,19.2704661437,-99.0052352005,8,Road closed,4,,126.6678624656,Calzada Tlahuac Chalco/Calle Tlahuac Chalco (Avenida Tlahuac/Calle Tlahuac),Andador Riachuelo Serpentino Circunvalación (Avenida Tlahuac/Calle Tlahuac),,present,probable,,2026-07-04T02:51:30Z,,,Cerrado,401,"{""type"": ""LineString"", ""coordinates"": [[-99.0053035968, 19.2696789496], [-99.0052901858, 19.2698023025], [-99.0052352005, 19.2704661437], [-99.0051963085, 19.2708134922]]}","{""id"": ""TTI-0e6b35d1-b793-45b4-b4a5-22dc2fb82b8b-TTR24560003812013000"", ""iconCategory"": 8, ""magnitudeOfDelay"": 4, ""startTime"": ""2026-07-04T02:51:30Z"", ""endTime"": null, ""from"": ""Calzada Tlahuac Chalco/Calle Tlahuac Chalco (Avenida Tlahuac/Calle Tlahuac)"", ""to"": ""Andador Riachuelo Serpentino Circunvalación (Avenida Tlahuac/Calle Tlahuac)"", ""length"": 126.6678624656, ""delay"": null, ""roadNumbers"": [], ""timeValidity"": ""present"", ""probabilityOfOccurrence"": ""probable"", ""numberOfReports"": null, ""lastReportTime"": null, ""events"": [{""code"": 401, ""description"": ""Cerrado"", ""iconCategory"": 8}]}"
tomtom,tomtom_cdmx_incidents,2026-07-04T07:19:02Z,2026-07-04,20260704T071858Z,2026-07-04T07:18:59.176626,TTI-0e6b35d1-b793-45b4-b4a5-22dc2fb82b8b-TTR24571544644022001,Feature,LineString,19.2019450665,-99.0040013844,0,Unknown,0,,225.0976404977,Calle Fresnillo,Calle Francisco Villa,,present,certain,,2026-06-10T19:40:30Z,2026-07-20T03:00:00Z,,Partido de fútbol,1459,"{""type"": ""LineString"", ""coordinates"": [[-99.0032892579, 19.2027135881], [-99.0035936886, 19.2022267025], [-99.0036661082, 19.2021033779], [-99.0037358457, 19.2020618212], [-99.003829723, 19.2020188396], [-99.0040013844, 19.2019450665], [-99.0043366605, 19.2017506598], [-99.004535144, 19.2016017675], [-99.0045861059, 19.2015146168], [-99.0046612078, 19.2012718452]]}","{""id"": ""TTI-0e6b35d1-b793-45b4-b4a5-22dc2fb82b8b-TTR24571544644022001"", ""iconCategory"": 0, ""magnitudeOfDelay"": 0, ""startTime"": ""2026-06-10T19:40:30Z"", ""endTime"": ""2026-07-20T03:00:00Z"", ""from"": ""Calle Fresnillo"", ""to"": ""Calle Francisco Villa"", ""length"": 225.0976404977, ""delay"": null, ""roadNumbers"": [], ""timeValidity"": ""present"", ""probabilityOfOccurrence"": ""certain"", ""numberOfReports"": null, ""lastReportTime"": null, ""events"": [{""code"": 1459, ""description"": ""Partido de fútbol"", ""iconCategory"": 0}]}"
tomtom,tomtom_cdmx_incidents,2026-07-04T07:19:02Z,2026-07-04,20260704T071858Z,2026-07-04T07:18:59.176648,TTI-0e6b35d1-b793-45b4-b4a5-22dc2fb82b8b-TTR24560004048015000,Feature,LineString,19.2773821966,-99.0036661082,8,Road closed,4,,55.0073021987,Avenida Tierra y Libertad,Calle Ernestina Hevia del Puerto,,present,probable,,2026-05-22T01:49:30Z,,,Cerrado,401,"{""type"": ""LineString"", ""coordinates"": [[-99.0032248849, 19.2776491453], [-99.0036661082, 19.2773821966]]}","{""id"": ""TTI-0e6b35d1-b793-45b4-b4a5-22dc2fb82b8b-TTR24560004048015000"", ""iconCategory"": 8, ""magnitudeOfDelay"": 4, ""startTime"": ""2026-05-22T01:49:30Z"", ""endTime"": null, ""from"": ""Avenida Tierra y Libertad"", ""to"": ""Calle Ernestina Hevia del Puerto"", ""length"": 55.0073021987, ""delay"": null, ""roadNumbers"": [], ""timeValidity"": ""present"", ""probabilityOfOccurrence"": ""probable"", ""numberOfReports"": null, ""lastReportTime"": null, ""events"": [{""code"": 401, ""description"": ""Cerrado"", ""iconCategory"": 8}]}"
tomtom,tomtom_cdmx_incidents,2026-07-04T07:19:02Z,2026-07-04,20260704T071858Z,2026-07-04T07:18:59.176663,TTI-0e6b35d1-b793-45b4-b4a5-22dc2fb82b8b-TTR24560003976015000,Feature,LineString,19.2776491453,-99.0032248849,8,Road closed,4,,55.0073021987,Calle Ernestina Hevia del Puerto,Avenida Tierra y Libertad,,present,probable,,2026-05-22T04:58:30Z,,,Cerrado,401,"{""type"": ""LineString"", ""coordinates"": [[-99.0036661082, 19.2773821966], [-99.0032248849, 19.2776491453]]}","{""id"": ""TTI-0e6b35d1-b793-45b4-b4a5-22dc2fb82b8b-TTR24560003976015000"", ""iconCategory"": 8, ""magnitudeOfDelay"": 4, ""startTime"": ""2026-05-22T04:58:30Z"", ""endTime"": null, ""from"": ""Calle Ernestina Hevia del Puerto"", ""to"": ""Avenida Tierra y Libertad"", ""length"": 55.0073021987, ""delay"": null, ""roadNumbers"": [], ""timeValidity"": ""present"", ""probabilityOfOccurrence"": ""probable"", ""numberOfReports"": null, ""lastReportTime"": null, ""events"": [{""code"": 401, ""description"": ""Cerrado"", ""iconCategory"": 8}]}"
tomtom,tomtom_cdmx_incidents,2026-07-04T07:19:02Z,2026-07-04,20260704T071858Z,2026-07-04T07:18:59.176678,TTI-0e6b35d1-b793-45b4-b4a5-22dc2fb82b8b-TTR24536922376019000,Feature,LineString,19.4172728243,-99.0031591707,9,Road works,0,,152.8911761669,Avenida Sor Juana Ines de la Cruz (Avenida Bordo de Xochiaca),Avenida Gral J Vicente Villada (Avenida Bordo de Xochiaca),,present,probable,,2026-06-25T15:49:00Z,,,Obras,701,"{""type"": ""LineString"", ""coordinates"": [[-99.0038002187, 19.4174364611], [-99.0032128149, 19.4172862631], [-99.0031591707, 19.4172728243], [-99.0027796382, 19.4171749584], [-99.0023934001, 19.4170756695]]}","{""id"": ""TTI-0e6b35d1-b793-45b4-b4a5-22dc2fb82b8b-TTR24536922376019000"", ""iconCategory"": 9, ""magnitudeOfDelay"": 0, ""startTime"": ""2026-06-25T15:49:00Z"", ""endTime"": null, ""from"": ""Avenida Sor Juana Ines de la Cruz (Avenida Bordo de Xochiaca)"", ""to"": ""Avenida Gral J Vicente Villada (Avenida Bordo de Xochiaca)"", ""length"": 152.8911761669, ""delay"": null, ""roadNumbers"": [], ""timeValidity"": ""present"", ""probabilityOfOccurrence"": ""probable"", ""numberOfReports"": null, ""lastReportTime"": null, ""events"": [{""code"": 701, ""description"": ""Obras"", ""iconCategory"": 9}]}"
tomtom,tomtom_cdmx_incidents,2026-07-04T07:19:02Z,2026-07-04,20260704T071858Z,2026-07-04T07:18:59.176696,TTI-0e6b35d1-b793-45b4-b4a5-22dc2fb82b8b-TTR24542692896006000,Feature,LineString,19.3841918148,-99.002251243,8,Road closed,4,,46.7364735309,Avenida de las Torres / Calle Martín Carrera,Calle 5,,present,probable,,2026-07-04T03:14:00Z,,,Cerrado,401,"{""type"": ""LineString"", ""coordinates"": [[-99.0026455277, 19.3843875863], [-99.002251243, 19.3841918148]]}","{""id"": ""TTI-0e6b35d1-b793-45b4-b4a5-22dc2fb82b8b-TTR24542692896006000"", ""iconCategory"": 8, ""magnitudeOfDelay"": 4, ""startTime"": ""2026-07-04T03:14:00Z"", ""endTime"": null, ""from"": ""Avenida de las Torres / Calle Martín Carrera"", ""to"": ""Calle 5"", ""length"": 46.7364735309, ""delay"": null, ""roadNumbers"": [], ""timeValidity"": ""present"", ""probabilityOfOccurrence"": ""probable"", ""numberOfReports"": null, ""lastReportTime"": null, ""events"": [{""code"": 401, ""description"": ""Cerrado"", ""iconCategory"": 8}]}"
tomtom,tomtom_cdmx_incidents,2026-07-04T07:19:02Z,2026-07-04,20260704T071858Z,2026-07-04T07:18:59.176711,TTI-0e6b35d1-b793-45b4-b4a5-22dc2fb82b8b-TTR24542692968006000,Feature,LineString,19.3843875863,-99.0026455277,8,Road closed,4,,46.7364735309,Calle 5,Avenida de las Torres / Calle Martín Carrera,,present,probable,,2026-07-04T05:44:00Z,,,Cerrado,401,"{""type"": ""LineString"", ""coordinates"": [[-99.002251243, 19.3841918148], [-99.0026455277, 19.3843875863]]}","{""id"": ""TTI-0e6b35d1-b793-45b4-b4a5-22dc2fb82b8b-TTR24542692968006000"", ""iconCategory"": 8, ""magnitudeOfDelay"": 4, ""startTime"": ""2026-07-04T05:44:00Z"", ""endTime"": null, ""from"": ""Calle 5"", ""to"": ""Avenida de las Torres / Calle Martín Carrera"", ""length"": 46.7364735309, ""delay"": null, ""roadNumbers"": [], ""timeValidity"": ""present"", ""probabilityOfOccurrence"": ""probable"", ""numberOfReports"": null, ""lastReportTime"": null, ""events"": [{""code"": 401, ""description"": ""Cerrado"", ""iconCategory"": 8}]}"
tomtom,tomtom_cdmx_incidents,2026-07-04T07:19:02Z,2026-07-04,20260704T071858Z,2026-07-04T07:18:59.176725,TTI-0e6b35d1-b793-45b4-b4a5-22dc2fb82b8b-TTR24560003860050000,Feature,LineString,19.2675680099,-99.0043835992,8,Road closed,4,,563.3675474656,Calle General Severino Ceniceros / Avenida Tláhuac,Calle Doctor Juan Palomo Martinez,,present,probable,,2026-06-17T16:26:30Z,,,Cerrado,401,"{""type"": ""LineString"", ""coordinates"": [[-99.0053478533, 19.2691170161], [-99.0052392238, 19.2689024333], [-99.0052016729, 19.2688233098], [-99.0051158422, 19.2686731332], [-99.0049897784, 19.2684223112], [-99.0047604495, 19.2679944886], [-99.0047389918, 19.2679649753], [-99.0047161931, 19.267932851], [-99.0046585256, 19.2678510368], [-99.0046062225, 19.2677785592], [-99.0045069808, 19.2676860631], [-99.0043835992, 19.2675680099], [-99.0039437169, 19.2672032472], [-99.0039316469, 19.2671938314], [-99.0037666911, 19.267089229], [-99.0036808604, 19.267039618], [-99.0036138052, 19.2669994228], [-99.003380453, 19.2668975105], [-99.0031766051, 19.2668170409], [-99.0028574222, 19.2667231201], [-99.0025033706, 19.2666346588], [-99.0012454146, 19.2663610457]]}","{""id"": ""TTI-0e6b35d1-b793-45b4-b4a5-22dc2fb82b8b-TTR24560003860050000"", ""iconCategory"": 8, ""magnitudeOfDelay"": 4, ""startTime"": ""2026-06-17T16:26:30Z"", ""endTime"": null, ""from"": ""Calle General Severino Ceniceros / Avenida Tláhuac"", ""to"": ""Calle Doctor Juan Palomo Martinez"", ""length"": 563.3675474656, ""delay"": null, ""roadNumbers"": [], ""timeValidity"": ""present"", ""probabilityOfOccurrence"": ""probable"", ""numberOfReports"": null, ""lastReportTime"": null, ""events"": [{""code"": 401, ""description"": ""Cerrado"", ""iconCategory"": 8}]}"
tomtom,tomtom_cdmx_incidents,2026-07-04T07:19:02Z,2026-07-04,20260704T071858Z,2026-07-04T07:18:59.176757,TTI-0e6b35d1-b793-45b4-b4a5-22dc2fb82b8b-TTL24534037576056000,Feature,LineString,19.4692715266,-99.0080381089,6,Jam,1,59.0,4904.5301492729,MEX-5D/Circuito Exterior Mexiquense (Autopista Peñón-Texcoco/MEX-5D),Conector (Circuito Exterior Mexiquence/MEX-5D),MEX-5D,present,certain,,2026-07-04T07:03:00Z,2026-07-04T08:43:30Z,,Tráfico pesado,122,"{""type"": ""LineString"", ""coordinates"": [[-99.000391131, 19.4476032824], [-99.0004233175, 19.4476864292], [-99.000633871, 19.4482067277], [-99.0008095556, 19.448652019], [-99.0009637827, 19.4490396128], [-99.0012494379, 19.4497624758], [-99.0016423815, 19.4507186481], [-99.0019722932, 19.451512556], [-99.0024966651, 19.4527919687], [-99.0029298419, 19.4538608254], [-99.0031712407, 19.4544550004], [-99.004278993, 19.4572028934], [-99.0048140937, 19.4585239108], [-99.0050326937, 19.4590991803], [-99.005433684, 19.4600634377], [-99.0055061036, 19.4602177057], [-99.0056965405, 19.4607205773], [-99.0059848779, 19.4614193631], [-99.0060546154, 19.4615829554], [-99.0064636522, 19.4625820501], [-99.0065427774, 19.4627859462], [-99.0066151971, 19.46301118], [-99.0066567713, 19.4632123885], [-99.0066835934, 19.4633974749], [-99.0066889578, 19.4636160694], [-99.00669164, 19.4637059254], [-99.0066835934, 19.4638989932], [-99.0066540891, 19.4640840788], [-99.0066178793, 19.4642597598], [-99.0065749639, 19.4644046194], [-99.0065038854, 19.4646164951], [-99.0064274424, 19.4648244191], [-99.0063684338, 19.4649839775], [-99.0063161307, 19.4651261495], [-99.006267851, 19.4652616039], [-99.006191408, 19.4654681046], [-99.0061230117, 19.4656250544], [-99.0060090178, 19.4659643216], [-99.0058749074, 19.4663425487], [-99.0058132166, 19.4665731514], [-99.0057622546, 19.4668132371], [-99.0057407969, 19.466991602], [-99.0057367736, 19.4670331704], [-99.005728727, 19.4672477296], [-99.0057555491, 19.4674408722], [-99.0057957822, 19.4676125192], [-99.0058614963, 19.4678378253], [-99.0059298927, 19.4680202195], [-99.0060063356, 19.4681489542], [-99.0060733908, 19.4682616465], [-99.0061471516, 19.4683662779], [-99.00624237, 19.4684856082], [-99.0063416117, 19.4685982212], [-99.0064247602, 19.4686800927], [-99.0065172964, 19.4687524811], [-99.0066634768, 19.4688503949], [-99.0067640597, 19.4689120356], [-99.0068740302, 19.4689831594], [-99.0070067996, 19.4690488303], [-99.0071395689, 19.4691011458], [-99.0073273235, 19.469173613], [-99.0075298303, 19.4692124939], [-99.0077470893, 19.4692473445], [-99.0078342611, 19.4692540618], [-99.0080381089, 19.4692715266], [-99.0084565335, 19.469296973], [-99.0088762993, 19.4693291367], [-99.0091673189, 19.469372048], [-99.0094154233, 19.4694458585], [-99.0096635276, 19.469565188], [-99.0098338479, 19.4696792227], [-99.0099773461, 19.4697704188], [-99.0100873166, 19.4698535542], [-99.0101972872, 19.4699326592], [-99.0102831179, 19.470005047], [-99.0103716308, 19.4700882612], [-99.0105191523, 19.4702397538], [-99.0105955952, 19.4703242324], [-99.0106478983, 19.4704020728], [-99.0107042247, 19.4704825209], [-99.0107431167, 19.4705589388], [-99.0108571106, 19.4707775236], [-99.0109362358, 19.4709156602], [-99.0110918039, 19.4712107411], [-99.0111669058, 19.4713502208], [-99.011247372, 19.4715030556], [-99.0113720947, 19.4717404472], [-99.011683231, 19.4723828408], [-99.0117771083, 19.4726041101], [-99.0119849795, 19.4730453832], [-99.0126179808, 19.474547394], [-99.0130069011, 19.4754754459], [-99.0131249183, 19.475751711], [-99.0134145969, 19.4764196131], [-99.0135782117, 19.4768004235], [-99.0138839835, 19.477559513], [-99.0139403099, 19.4777057041], [-99.014082467, 19.4780986019], [-99.0141334289, 19.4782555395], [-99.0141870731, 19.4784473256], [-99.0143292302, 19.478922088], [-99.0143989676, 19.4792264788], [-99.0145719701, 19.4801103312], [-99.0146953517, 19.4808961932], [-99.014724856, 19.4811483478], [-99.0147624069, 19.4814942991], [-99.0148321444, 19.4820588984], [-99.0148723775, 19.4823955235], [-99.0149018818, 19.482592678], [-99.0149313861, 19.4827952056], [-99.0149662548, 19.4830124306], [-99.0149984413, 19.4831760801], [-99.0150373334, 19.4833732337], [-99.0150936598, 19.4836427686], [-99.0151875371, 19.4838613358], [-99.0151929015, 19.4838747691], [-99.0154289359, 19.4845051038], [-99.0154745334, 19.4845989781], [-99.0155322009, 19.4847465062], [-99.0156274193, 19.4849946249], [-99.0157454365, 19.4853070642], [-99.0158352905, 19.4856074921], [-99.0159036869, 19.4858368032], [-99.0159613544, 19.4860970099], [-99.0159707421, 19.4861399167], [-99.0159814709, 19.4862122973], [-99.0160042697, 19.4863598238], [-99.0160029286, 19.4866401003]]}","{""id"": ""TTI-0e6b35d1-b793-45b4-b4a5-22dc2fb82b8b-TTL24534037576056000"", ""iconCategory"": 6, ""magnitudeOfDelay"": 1, ""startTime"": ""2026-07-04T07:03:00Z"", ""endTime"": ""2026-07-04T08:43:30Z"", ""from"": ""MEX-5D/Circuito Exterior Mexiquense (Autopista Peñón-Texcoco/MEX-5D)"", ""to"": ""Conector (Circuito Exterior Mexiquence/MEX-5D)"", ""length"": 4904.5301492729, ""delay"": 59, ""roadNumbers"": [""MEX-5D""], ""timeValidity"": ""present"", ""probabilityOfOccurrence"": ""certain"", ""numberOfReports"": null, ""lastReportTime"": null, ""events"": [{""code"": 122, ""description"": ""Tráfico pesado"", ""iconCategory"": 6}]}"
tomtom,tomtom_cdmx_incidents,2026-07-04T07:19:02Z,2026-07-04,20260704T071858Z,2026-07-04T07:18:59.176882,TTI-0e6b35d1-b793-45b4-b4a5-22dc2fb82b8b-TTR24562889392012000,Feature,LineString,19.2727165376,-99.0007867569,8,Road closed,4,,115.968500404,Calle Rafael Castillo,Calzada Cuitlahuac,,present,probable,,2026-06-20T18:05:30Z,,,Cerrado,401,"{""type"": ""LineString"", ""coordinates"": [[-98.9998882168, 19.2725395423], [-99.0005936378, 19.2726789548], [-99.0007867569, 19.2727165376], [-99.0009731704, 19.2727299091]]}","{""id"": ""TTI-0e6b35d1-b793-45b4-b4a5-22dc2fb82b8b-TTR24562889392012000"", ""iconCategory"": 8, ""magnitudeOfDelay"": 4, ""startTime"": ""2026-06-20T18:05:30Z"", ""endTime"": null, ""from"": ""Calle Rafael Castillo"", ""to"": ""Calzada Cuitlahuac"", ""length"": 115.968500404, ""delay"": null, ""roadNumbers"": [], ""timeValidity"": ""present"", ""probabilityOfOccurrence"": ""probable"", ""numberOfReports"": null, ""lastReportTime"": null, ""events"": [{""code"": 401, ""description"": ""Cerrado"", ""iconCategory"": 8}]}"
tomtom,tomtom_cdmx_incidents,2026-07-04T07:19:02Z,2026-07-04,20260704T071858Z,2026-07-04T07:18:59.176899,TTI-0e6b35d1-b793-45b4-b4a5-22dc2fb82b8b-TTR24560003932012001,Feature,LineString,19.2742386731,-99.0003146881,0,Unknown,0,,126.0643613137,Calle Rafael Castillo,Calle Tierra y la Libertad / Calzada Cuitlahuac,,present,certain,,2026-06-11T18:55:00Z,2026-07-20T03:00:00Z,,Partido de fútbol,1459,"{""type"": ""LineString"", ""coordinates"": [[-98.9995878094, 19.273720984], [-98.9998707825, 19.2739248792], [-98.9999512488, 19.2739812134], [-99.0003146881, 19.2742386731], [-99.0005131715, 19.2743795083], [-99.0005466992, 19.2744036401]]}","{""id"": ""TTI-0e6b35d1-b793-45b4-b4a5-22dc2fb82b8b-TTR24560003932012001"", ""iconCategory"": 0, ""magnitudeOfDelay"": 0, ""startTime"": ""2026-06-11T18:55:00Z"", ""endTime"": ""2026-07-20T03:00:00Z"", ""from"": ""Calle Rafael Castillo"", ""to"": ""Calle Tierra y la Libertad / Calzada Cuitlahuac"", ""length"": 126.0643613137, ""delay"": null, ""roadNumbers"": [], ""timeValidity"": ""present"", ""probabilityOfOccurrence"": ""certain"", ""numberOfReports"": null, ""lastReportTime"": null, ""events"": [{""code"": 1459, ""description"": ""Partido de fútbol"", ""iconCategory"": 0}]}"
tomtom,tomtom_cdmx_incidents,2026-07-04T07:19:02Z,2026-07-04,20260704T071858Z,2026-07-04T07:18:59.176918,TTI-0e6b35d1-b793-45b4-b4a5-22dc2fb82b8b-TTR24513841380014000,Feature,LineString,19.58980728,-98.9994309002,8,Road closed,4,,101.3298842102,Calle Bosque de Zapopán / Calle Bosque del Tesoro,Avenida Bosques de Ombúes / Calle del Bosque de los Remedios,,present,probable,,2026-07-04T04:27:00Z,,,Cerrado,401,"{""type"": ""LineString"", ""coordinates"": [[-98.9991680437, 19.5901894815], [-98.9992364401, 19.5900902197], [-98.9993222707, 19.589964188], [-98.9994309002, 19.58980728], [-98.9994992965, 19.589708018], [-98.9995623284, 19.5896154682], [-98.9996924156, 19.5894237351]]}","{""id"": ""TTI-0e6b35d1-b793-45b4-b4a5-22dc2fb82b8b-TTR24513841380014000"", ""iconCategory"": 8, ""magnitudeOfDelay"": 4, ""startTime"": ""2026-07-04T04:27:00Z"", ""endTime"": null, ""from"": ""Calle Bosque de Zapopán / Calle Bosque del Tesoro"", ""to"": ""Avenida Bosques de Ombúes / Calle del Bosque de los Remedios"", ""length"": 101.3298842102, ""delay"": null, ""roadNumbers"": [], ""timeValidity"": ""present"", ""probabilityOfOccurrence"": ""probable"", ""numberOfReports"": null, ""lastReportTime"": null, ""events"": [{""code"": 401, ""description"": ""Cerrado"", ""iconCategory"": 8}]}"
tomtom,tomtom_cdmx_incidents,2026-07-04T07:19:02Z,2026-07-04,20260704T071858Z,2026-07-04T07:18:59.176938,TTI-0e6b35d1-b793-45b4-b4a5-22dc2fb82b8b-TTR24539807748022000,Feature,LineString,19.4099101856,-98.9993464106,8,Road closed,4,,250.9947983837,Calle Mañanitas,Avenida Doctor Gustavo Baz,,present,probable,,2026-07-04T03:32:30Z,,,Cerrado,401,"{""type"": ""LineString"", ""coordinates"": [[-98.9990701431, 19.4104345579], [-98.9993169063, 19.409965129], [-98.9993464106, 19.4099101856], [-98.9999968463, 19.4087246696], [-99.0001497322, 19.4084202256]]}","{""id"": ""TTI-0e6b35d1-b793-45b4-b4a5-22dc2fb82b8b-TTR24539807748022000"", ""iconCategory"": 8, ""magnitudeOfDelay"": 4, ""startTime"": ""2026-07-04T03:32:30Z"", ""endTime"": null, ""from"": ""Calle Mañanitas"", ""to"": ""Avenida Doctor Gustavo Baz"", ""length"": 250.9947983837, ""delay"": null, ""roadNumbers"": [], ""timeValidity"": ""present"", ""probabilityOfOccurrence"": ""probable"", ""numberOfReports"": null, ""lastReportTime"": null, ""events"": [{""code"": 401, ""description"": ""Cerrado"", ""iconCategory"": 8}]}"
tomtom,tomtom_cdmx_incidents,2026-07-04T07:19:02Z,2026-07-04,20260704T071858Z,2026-07-04T07:18:59.176956,TTI-0e6b35d1-b793-45b4-b4a5-22dc2fb82b8b-TTR24539807676022000,Feature,LineString,19.4104345579,-98.9990701431,8,Road closed,4,,492.6174703836,Avenida Doctor Gustavo Baz,Avenida Rancho Grande,,present,probable,,2026-07-04T02:40:00Z,,,Cerrado,401,"{""type"": ""LineString"", ""coordinates"": [[-99.0001497322, 19.4084202256], [-98.9999968463, 19.4087246696], [-98.9993464106, 19.4099101856], [-98.9993169063, 19.409965129], [-98.9990701431, 19.4104345579], [-98.9989212805, 19.4107174952], [-98.9984894448, 19.4115289117], [-98.9981675798, 19.4121256923], [-98.9980334693, 19.4123751078]]}","{""id"": ""TTI-0e6b35d1-b793-45b4-b4a5-22dc2fb82b8b-TTR24539807676022000"", ""iconCategory"": 8, ""magnitudeOfDelay"": 4, ""startTime"": ""2026-07-04T02:40:00Z"", ""endTime"": null, ""from"": ""Avenida Doctor Gustavo Baz"", ""to"": ""Avenida Rancho Grande"", ""length"": 492.6174703836, ""delay"": null, ""roadNumbers"": [], ""timeValidity"": ""present"", ""probabilityOfOccurrence"": ""probable"", ""numberOfReports"": null, ""lastReportTime"": null, ""events"": [{""code"": 401, ""description"": ""Cerrado"", ""iconCategory"": 8}]}"
tomtom,tomtom_cdmx_incidents,2026-07-04T07:19:02Z,2026-07-04,20260704T071858Z,2026-07-04T07:18:59.176977,TTI-0e6b35d1-b793-45b4-b4a5-22dc2fb82b8b-TTR24539807928006000,Feature,LineString,19.4104345579,-98.9990701431,8,Road closed,4,,375.8110491116,Calle Malagueña,Avenida Vicente Villada,,present,probable,,2026-07-04T04:55:30Z,,,Cerrado,401,"{""type"": ""LineString"", ""coordinates"": [[-98.9974809343, 19.4096621102], [-98.9978671724, 19.4098524753], [-98.9982560927, 19.4100442632], [-98.9986490363, 19.4102347068], [-98.9990701431, 19.4104345579], [-98.999504661, 19.4106410492], [-98.9998882168, 19.4108235077], [-99.000262385, 19.411021935], [-99.0006647164, 19.4112123775]]}","{""id"": ""TTI-0e6b35d1-b793-45b4-b4a5-22dc2fb82b8b-TTR24539807928006000"", ""iconCategory"": 8, ""magnitudeOfDelay"": 4, ""startTime"": ""2026-07-04T04:55:30Z"", ""endTime"": null, ""from"": ""Calle Malagueña"", ""to"": ""Avenida Vicente Villada"", ""length"": 375.8110491116, ""delay"": null, ""roadNumbers"": [], ""timeValidity"": ""present"", ""probabilityOfOccurrence"": ""probable"", ""numberOfReports"": null, ""lastReportTime"": null, ""events"": [{""code"": 401, ""description"": ""Cerrado"", ""iconCategory"": 8}]}"
tomtom,tomtom_cdmx_incidents,2026-07-04T07:19:02Z,2026-07-04,20260704T071858Z,2026-07-04T07:18:59.176998,TTI-0e6b35d1-b793-45b4-b4a5-22dc2fb82b8b-TTR24513841452046000,Feature,LineString,19.5906039006,-98.9988944584,8,Road closed,4,,473.3168973937,Avenida Bosques de Ombúes / Calle del Bosque de los Remedios,Avenida Jardínes de Morelos,,present,probable,,2026-04-14T19:09:00Z,,,Cerrado,401,"{""type"": ""LineString"", ""coordinates"": [[-98.9996924156, 19.5894237351], [-98.9995623284, 19.5896154682], [-98.9994992965, 19.589708018], [-98.9994309002, 19.58980728], [-98.9993222707, 19.589964188], [-98.9992364401, 19.5900902197], [-98.9991680437, 19.5901894815], [-98.9988944584, 19.5906039006], [-98.9986463541, 19.5909512758], [-98.9984089786, 19.5913012562], [-98.998158192, 19.5916754786], [-98.9978899711, 19.5920724423], [-98.9974192434, 19.5927644219], [-98.9972435588, 19.5930004508]]}","{""id"": ""TTI-0e6b35d1-b793-45b4-b4a5-22dc2fb82b8b-TTR24513841452046000"", ""iconCategory"": 8, ""magnitudeOfDelay"": 4, ""startTime"": ""2026-04-14T19:09:00Z"", ""endTime"": null, ""from"": ""Avenida Bosques de Ombúes / Calle del Bosque de los Remedios"", ""to"": ""Avenida Jardínes de Morelos"", ""length"": 473.3168973937, ""delay"": null, ""roadNumbers"": [], ""timeValidity"": ""present"", ""probabilityOfOccurrence"": ""probable"", ""numberOfReports"": null, ""lastReportTime"": null, ""events"": [{""code"": 401, ""description"": ""Cerrado"", ""iconCategory"": 8}]}"
tomtom,tomtom_cdmx_incidents,2026-07-04T07:19:02Z,2026-07-04,20260704T071858Z,2026-07-04T07:18:59.177023,TTI-0e6b35d1-b793-45b4-b4a5-22dc2fb82b8b-TTR24513841524030000,Feature,LineString,19.5916754786,-98.998158192,8,Road closed,4,,317.7200761772,Avenida Jardínes de Morelos,Calle Bosque de Zapopán / Calle Bosque del Tesoro,,present,probable,,2026-04-14T20:00:30Z,,,Cerrado,401,"{""type"": ""LineString"", ""coordinates"": [[-98.9972435588, 19.5930004508], [-98.9974192434, 19.5927644219], [-98.9978899711, 19.5920724423], [-98.998158192, 19.5916754786], [-98.9984089786, 19.5913012562], [-98.9986463541, 19.5909512758], [-98.9988944584, 19.5906039006]]}","{""id"": ""TTI-0e6b35d1-b793-45b4-b4a5-22dc2fb82b8b-TTR24513841524030000"", ""iconCategory"": 8, ""magnitudeOfDelay"": 4, ""startTime"": ""2026-04-14T20:00:30Z"", ""endTime"": null, ""from"": ""Avenida Jardínes de Morelos"", ""to"": ""Calle Bosque de Zapopán / Calle Bosque del Tesoro"", ""length"": 317.7200761772, ""delay"": null, ""roadNumbers"": [], ""timeValidity"": ""present"", ""probabilityOfOccurrence"": ""probable"", ""numberOfReports"": null, ""lastReportTime"": null, ""events"": [{""code"": 401, ""description"": ""Cerrado"", ""iconCategory"": 8}]}"
tomtom,tomtom_cdmx_incidents,2026-07-04T07:19:02Z,2026-07-04,20260704T071858Z,2026-07-04T07:18:59.177043,TTI-0e6b35d1-b793-45b4-b4a5-22dc2fb82b8b-TTR24539807856006000,Feature,LineString,19.4102347068,-98.9986490363,8,Road closed,4,,421.519352593,Avenida Vicente Villada,Calle La Adelita,,present,probable,,2026-07-04T04:19:30Z,,,Cerrado,401,"{""type"": ""LineString"", ""coordinates"": [[-99.0006647164, 19.4112123775], [-99.000262385, 19.411021935], [-98.9998882168, 19.4108235077], [-98.999504661, 19.4106410492], [-98.9990701431, 19.4104345579], [-98.9986490363, 19.4102347068], [-98.9982560927, 19.4100442632], [-98.9978671724, 19.4098524753], [-98.9974809343, 19.4096621102], [-98.9970946962, 19.4094716659]]}","{""id"": ""TTI-0e6b35d1-b793-45b4-b4a5-22dc2fb82b8b-TTR24539807856006000"", ""iconCategory"": 8, ""magnitudeOfDelay"": 4, ""startTime"": ""2026-07-04T04:19:30Z"", ""endTime"": null, ""from"": ""Avenida Vicente Villada"", ""to"": ""Calle La Adelita"", ""length"": 421.519352593, ""delay"": null, ""roadNumbers"": [], ""timeValidity"": ""present"", ""probabilityOfOccurrence"": ""probable"", ""numberOfReports"": null, ""lastReportTime"": null, ""events"": [{""code"": 401, ""description"": ""Cerrado"", ""iconCategory"": 8}]}"
tomtom,tomtom_cdmx_incidents,2026-07-04T07:19:02Z,2026-07-04,20260704T071858Z,2026-07-04T07:18:59.177065,TTI-0e6b35d1-b793-45b4-b4a5-22dc2fb82b8b-TTR24568659844015000,Feature,LineString,19.2423605997,-98.9962658936,8,Road closed,4,,87.7799574204,Calle Río Ameca,Calle del Maestro,,present,probable,,2026-06-21T08:16:30Z,,,Cerrado,401,"{""type"": ""LineString"", ""coordinates"": [[-98.9963557476, 19.2425966632], [-98.9962953979, 19.2424182901], [-98.9962806457, 19.242383391], [-98.9962658936, 19.2423605997], [-98.9962310249, 19.2423364631], [-98.9961827451, 19.2423163625], [-98.9957254285, 19.2421997155]]}","{""id"": ""TTI-0e6b35d1-b793-45b4-b4a5-22dc2fb82b8b-TTR24568659844015000"", ""iconCategory"": 8, ""magnitudeOfDelay"": 4, ""startTime"": ""2026-06-21T08:16:30Z"", ""endTime"": null, ""from"": ""Calle Río Ameca"", ""to"": ""Calle del Maestro"", ""length"": 87.7799574204, ""delay"": null, ""roadNumbers"": [], ""timeValidity"": ""present"", ""probabilityOfOccurrence"": ""probable"", ""numberOfReports"": null, ""lastReportTime"": null, ""events"": [{""code"": 401, ""description"": ""Cerrado"", ""iconCategory"": 8}]}"
tomtom,tomtom_cdmx_incidents,2026-07-04T07:19:02Z,2026-07-04,20260704T071858Z,2026-07-04T07:18:59.177084,TTI-0e6b35d1-b793-45b4-b4a5-22dc2fb82b8b-TTR24562889500015000,Feature,LineString,19.2752820375,-98.9953539425,8,Road closed,4,,131.3837869209,Calle Agustín Lara,Calle Víctor Cordero,,present,probable,,2026-06-21T00:54:30Z,,,Cerrado,401,"{""type"": ""LineString"", ""coordinates"": [[-98.9952305609, 19.2761443687], [-98.9953177327, 19.2755409193], [-98.9953539425, 19.2752820375], [-98.9953995401, 19.2749736257]]}","{""id"": ""TTI-0e6b35d1-b793-45b4-b4a5-22dc2fb82b8b-TTR24562889500015000"", ""iconCategory"": 8, ""magnitudeOfDelay"": 4, ""startTime"": ""2026-06-21T00:54:30Z"", ""endTime"": null, ""from"": ""Calle Agustín Lara"", ""to"": ""Calle Víctor Cordero"", ""length"": 131.3837869209, ""delay"": null, ""roadNumbers"": [], ""timeValidity"": ""present"", ""probabilityOfOccurrence"": ""probable"", ""numberOfReports"": null, ""lastReportTime"": null, ""events"": [{""code"": 401, ""description"": ""Cerrado"", ""iconCategory"": 8}]}"
tomtom,tomtom_cdmx_incidents,2026-07-04T07:19:02Z,2026-07-04,20260704T071858Z,2026-07-04T07:18:59.177101,TTI-0e6b35d1-b793-45b4-b4a5-22dc2fb82b8b-TTR24562889284015000,Feature,LineString,19.2755409193,-98.9953177327,8,Road closed,4,,131.3837869209,Calle Víctor Cordero,Calle Agustín Lara,,present,probable,,2026-06-21T00:54:00Z,,,Cerrado,401,"{""type"": ""LineString"", ""coordinates"": [[-98.9953995401, 19.2749736257], [-98.9953539425, 19.2752820375], [-98.9953177327, 19.2755409193], [-98.9952305609, 19.2761443687]]}","{""id"": ""TTI-0e6b35d1-b793-45b4-b4a5-22dc2fb82b8b-TTR24562889284015000"", ""iconCategory"": 8, ""magnitudeOfDelay"": 4, ""startTime"": ""2026-06-21T00:54:00Z"", ""endTime"": null, ""from"": ""Calle Víctor Cordero"", ""to"": ""Calle Agustín Lara"", ""length"": 131.3837869209, ""delay"": null, ""roadNumbers"": [], ""timeValidity"": ""present"", ""probabilityOfOccurrence"": ""probable"", ""numberOfReports"": null, ""lastReportTime"": null, ""events"": [{""code"": 401, ""description"": ""Cerrado"", ""iconCategory"": 8}]}"
tomtom,tomtom_cdmx_incidents,2026-07-04T07:19:02Z,2026-07-04,20260704T071858Z,2026-07-04T07:18:59.177118,TTI-0e6b35d1-b793-45b4-b4a5-22dc2fb82b8b-TTR24551348840002000,Feature,LineString,19.3588664426,-98.9945613497,8,Road closed,4,,15.6456299224,Calle Siervo de la Nación,Calle Federal México-Puebla,MEX-136,present,certain,,2026-02-24T22:19:00Z,,,Cerrado,401,"{""type"": ""LineString"", ""coordinates"": [[-98.9946082884, 19.3587724955], [-98.9945895129, 19.3588235022], [-98.9945613497, 19.3588664426], [-98.9945412332, 19.3588972838]]}","{""id"": ""TTI-0e6b35d1-b793-45b4-b4a5-22dc2fb82b8b-TTR24551348840002000"", ""iconCategory"": 8, ""magnitudeOfDelay"": 4, ""startTime"": ""2026-02-24T22:19:00Z"", ""endTime"": null, ""from"": ""Calle Siervo de la Nación"", ""to"": ""Calle Federal México-Puebla"", ""length"": 15.6456299224, ""delay"": null, ""roadNumbers"": [""MEX-136""], ""timeValidity"": ""present"", ""probabilityOfOccurrence"": ""certain"", ""numberOfReports"": null, ""lastReportTime"": null, ""events"": [{""code"": 401, ""description"": ""Cerrado"", ""iconCategory"": 8}]}"
tomtom,tomtom_cdmx_incidents,2026-07-04T07:19:02Z,2026-07-04,20260704T071858Z,2026-07-04T07:18:59.177136,TTI-0e6b35d1-b793-45b4-b4a5-22dc2fb82b8b-TTR24551348956026000,Feature,LineString,19.3587456874,-98.9951916689,8,Road closed,4,,318.6323017179,MEX-136,Calzada General Ignacio Zaragoza,,present,certain,,2026-02-09T03:00:00Z,,,Cerrado,401,"{""type"": ""LineString"", ""coordinates"": [[-98.9941844994, 19.3579289468], [-98.9944808835, 19.3581918099], [-98.9945224577, 19.3582280287], [-98.9945761019, 19.3582750024], [-98.9946485215, 19.3583339962], [-98.9947410577, 19.3583970232], [-98.9950884038, 19.3586625743], [-98.9951916689, 19.3587456874], [-98.9953418726, 19.3588476216], [-98.9954478198, 19.358928125], [-98.9956744665, 19.3590850195], [-98.9959292763, 19.35924998], [-98.9961532408, 19.3593666227], [-98.9966574961, 19.3595516692]]}","{""id"": ""TTI-0e6b35d1-b793-45b4-b4a5-22dc2fb82b8b-TTR24551348956026000"", ""iconCategory"": 8, ""magnitudeOfDelay"": 4, ""startTime"": ""2026-02-09T03:00:00Z"", ""endTime"": null, ""from"": ""MEX-136"", ""to"": ""Calzada General Ignacio Zaragoza"", ""length"": 318.6323017179, ""delay"": null, ""roadNumbers"": [], ""timeValidity"": ""present"", ""probabilityOfOccurrence"": ""certain"", ""numberOfReports"": null, ""lastReportTime"": null, ""events"": [{""code"": 401, ""description"": ""Cerrado"", ""iconCategory"": 8}]}"
tomtom,tomtom_cdmx_incidents,2026-07-04T07:19:02Z,2026-07-04,20260704T071858Z,2026-07-04T07:18:59.177161,TTI-0e6b35d1-b793-45b4-b4a5-22dc2fb82b8b-TTR24551348912010001,Feature,LineString,19.3581985317,-98.9943963939,8,Road closed,4,,66.0152976911,Calle Siervo de la Nación,Calle Federal México-Puebla,MEX-136,present,certain,,2026-02-24T22:19:00Z,,,Cerrado,401,"{""type"": ""LineString"", ""coordinates"": [[-98.9941844994, 19.3579289468], [-98.9942140037, 19.3579786093], [-98.9942421669, 19.3580228152], [-98.9942663067, 19.3580563453], [-98.9943226331, 19.3581220611], [-98.9943963939, 19.3581985317], [-98.9944594258, 19.3582642474], [-98.9945077056, 19.3583245857], [-98.9945237988, 19.3583500495], [-98.9945559853, 19.3584050893]]}","{""id"": ""TTI-0e6b35d1-b793-45b4-b4a5-22dc2fb82b8b-TTR24551348912010001"", ""iconCategory"": 8, ""magnitudeOfDelay"": 4, ""startTime"": ""2026-02-24T22:19:00Z"", ""endTime"": null, ""from"": ""Calle Siervo de la Nación"", ""to"": ""Calle Federal México-Puebla"", ""length"": 66.0152976911, ""delay"": null, ""roadNumbers"": [""MEX-136""], ""timeValidity"": ""present"", ""probabilityOfOccurrence"": ""certain"", ""numberOfReports"": null, ""lastReportTime"": null, ""events"": [{""code"": 401, ""description"": ""Cerrado"", ""iconCategory"": 8}]}"
tomtom,tomtom_cdmx_incidents,2026-07-04T07:19:02Z,2026-07-04,20260704T071858Z,2026-07-04T07:18:59.177184,TTI-0e6b35d1-b793-45b4-b4a5-22dc2fb82b8b-TTR24551348764007000,Feature,LineString,19.3551421285,-98.9917356425,8,Road closed,4,,47.7710876605,Avenida Principal,Calle de los Alpes,,present,probable,,2026-05-10T01:16:00Z,,,Cerrado,401,"{""type"": ""LineString"", ""coordinates"": [[-98.9917061382, 19.3552628864], [-98.9917356425, 19.3551421285], [-98.9918094033, 19.3548444644]]}","{""id"": ""TTI-0e6b35d1-b793-45b4-b4a5-22dc2fb82b8b-TTR24551348764007000"", ""iconCategory"": 8, ""magnitudeOfDelay"": 4, ""startTime"": ""2026-05-10T01:16:00Z"", ""endTime"": null, ""from"": ""Avenida Principal"", ""to"": ""Calle de los Alpes"", ""length"": 47.7710876605, ""delay"": null, ""roadNumbers"": [], ""timeValidity"": ""present"", ""probabilityOfOccurrence"": ""probable"", ""numberOfReports"": null, ""lastReportTime"": null, ""events"": [{""code"": 401, ""description"": ""Cerrado"", ""iconCategory"": 8}]}"
tomtom,tomtom_cdmx_incidents,2026-07-04T07:19:02Z,2026-07-04,20260704T071858Z,2026-07-04T07:18:59.177200,TTI-0e6b35d1-b793-45b4-b4a5-22dc2fb82b8b-TTR24551348812014000,Feature,LineString,19.3556772741,-98.9921835714,8,Road closed,4,,118.5497437999,Calle Francisco Villa,Calle Popocatépetl,,present,probable,,2026-07-02T00:12:30Z,,,Cerrado,401,"{""type"": ""LineString"", ""coordinates"": [[-98.9917061382, 19.3552628864], [-98.9920896941, 19.3555927359], [-98.9921835714, 19.3556772741], [-98.9924303347, 19.355877113], [-98.9925550574, 19.3559656051]]}","{""id"": ""TTI-0e6b35d1-b793-45b4-b4a5-22dc2fb82b8b-TTR24551348812014000"", ""iconCategory"": 8, ""magnitudeOfDelay"": 4, ""startTime"": ""2026-07-02T00:12:30Z"", ""endTime"": null, ""from"": ""Calle Francisco Villa"", ""to"": ""Calle Popocatépetl"", ""length"": 118.5497437999, ""delay"": null, ""roadNumbers"": [], ""timeValidity"": ""present"", ""probabilityOfOccurrence"": ""probable"", ""numberOfReports"": null, ""lastReportTime"": null, ""events"": [{""code"": 401, ""description"": ""Cerrado"", ""iconCategory"": 8}]}"
tomtom,tomtom_cdmx_incidents,2026-07-04T07:19:02Z,2026-07-04,20260704T071858Z,2026-07-04T07:18:59.177217,TTI-0e6b35d1-b793-45b4-b4a5-22dc2fb82b8b-TTR24551348692007000,Feature,LineString,19.3551421285,-98.9917356425,8,Road closed,4,,47.7710876605,Calle de los Alpes,Avenida Principal,,present,probable,,2026-05-05T01:49:00Z,,,Cerrado,401,"{""type"": ""LineString"", ""coordinates"": [[-98.9918094033, 19.3548444644], [-98.9917356425, 19.3551421285], [-98.9917061382, 19.3552628864]]}","{""id"": ""TTI-0e6b35d1-b793-45b4-b4a5-22dc2fb82b8b-TTR24551348692007000"", ""iconCategory"": 8, ""magnitudeOfDelay"": 4, ""startTime"": ""2026-05-05T01:49:00Z"", ""endTime"": null, ""from"": ""Calle de los Alpes"", ""to"": ""Avenida Principal"", ""length"": 47.7710876605, ""delay"": null, ""roadNumbers"": [], ""timeValidity"": ""present"", ""probabilityOfOccurrence"": ""probable"", ""numberOfReports"": null, ""lastReportTime"": null, ""events"": [{""code"": 401, ""description"": ""Cerrado"", ""iconCategory"": 8}]}"
tomtom,tomtom_cdmx_incidents,2026-07-04T07:19:02Z,2026-07-04,20260704T071858Z,2026-07-04T07:18:59.177233,TTI-0e6b35d1-b793-45b4-b4a5-22dc2fb82b8b-TTR24551348740022000,Feature,LineString,19.355877113,-98.9924303347,8,Road closed,4,,162.216234094,Calle Agustín Melgar / Calle Pípila,Calle Francisco Villa,,present,probable,,2026-04-29T22:37:30Z,,,Cerrado,401,"{""type"": ""LineString"", ""coordinates"": [[-98.9929064268, 19.3561761196], [-98.9927468353, 19.3560809057], [-98.9925550574, 19.3559656051], [-98.9924303347, 19.355877113], [-98.9921835714, 19.3556772741], [-98.9920896941, 19.3555927359], [-98.9917061382, 19.3552628864]]}","{""id"": ""TTI-0e6b35d1-b793-45b4-b4a5-22dc2fb82b8b-TTR24551348740022000"", ""iconCategory"": 8, ""magnitudeOfDelay"": 4, ""startTime"": ""2026-04-29T22:37:30Z"", ""endTime"": null, ""from"": ""Calle Agustín Melgar / Calle Pípila"", ""to"": ""Calle Francisco Villa"", ""length"": 162.216234094, ""delay"": null, ""roadNumbers"": [], ""timeValidity"": ""present"", ""probabilityOfOccurrence"": ""probable"", ""numberOfReports"": null, ""lastReportTime"": null, ""events"": [{""code"": 401, ""description"": ""Cerrado"", ""iconCategory"": 8}]}"
tomtom,tomtom_cdmx_incidents,2026-07-04T07:19:02Z,2026-07-04,20260704T071858Z,2026-07-04T07:18:59.177253,TTI-0e6b35d1-b793-45b4-b4a5-22dc2fb82b8b-TTR24551348764031000,Feature,LineString,19.3537876101,-98.9917195493,8,Road closed,4,,254.6589879135,Avenida Principal,Andador de Joaquín Rivas,,present,probable,,2026-05-05T14:06:30Z,,,Cerrado,401,"{""type"": ""LineString"", ""coordinates"": [[-98.9914741272, 19.355046914], [-98.9915009493, 19.3549302683], [-98.9915720278, 19.3546633667], [-98.9916283542, 19.3544125974], [-98.9917195493, 19.3537876101], [-98.9917195493, 19.3534054042], [-98.9918657297, 19.352859575], [-98.9918804818, 19.3527978904]]}","{""id"": ""TTI-0e6b35d1-b793-45b4-b4a5-22dc2fb82b8b-TTR24551348764031000"", ""iconCategory"": 8, ""magnitudeOfDelay"": 4, ""startTime"": ""2026-05-05T14:06:30Z"", ""endTime"": null, ""from"": ""Avenida Principal"", ""to"": ""Andador de Joaquín Rivas"", ""length"": 254.6589879135, ""delay"": null, ""roadNumbers"": [], ""timeValidity"": ""present"", ""probabilityOfOccurrence"": ""probable"", ""numberOfReports"": null, ""lastReportTime"": null, ""events"": [{""code"": 401, ""description"": ""Cerrado"", ""iconCategory"": 8}]}"
tomtom,tomtom_cdmx_incidents,2026-07-04T07:19:02Z,2026-07-04,20260704T071858Z,2026-07-04T07:18:59.177273,TTI-0e6b35d1-b793-45b4-b4a5-22dc2fb82b8b-TTR24551348692031000,Feature,LineString,19.3544125974,-98.9916283542,8,Road closed,4,,254.6589879135,Andador de Joaquín Rivas,Avenida Principal,,present,probable,,2026-05-08T00:24:30Z,,,Cerrado,401,"{""type"": ""LineString"", ""coordinates"": [[-98.9918804818, 19.3527978904], [-98.9918657297, 19.352859575], [-98.9917195493, 19.3534054042], [-98.9917195493, 19.3537876101], [-98.9916283542, 19.3544125974], [-98.9915720278, 19.3546633667], [-98.9915009493, 19.3549302683], [-98.9914741272, 19.355046914]]}","{""id"": ""TTI-0e6b35d1-b793-45b4-b4a5-22dc2fb82b8b-TTR24551348692031000"", ""iconCategory"": 8, ""magnitudeOfDelay"": 4, ""startTime"": ""2026-05-08T00:24:30Z"", ""endTime"": null, ""from"": ""Andador de Joaquín Rivas"", ""to"": ""Avenida Principal"", ""length"": 254.6589879135, ""delay"": null, ""roadNumbers"": [], ""timeValidity"": ""present"", ""probabilityOfOccurrence"": ""probable"", ""numberOfReports"": null, ""lastReportTime"": null, ""events"": [{""code"": 401, ""description"": ""Cerrado"", ""iconCategory"": 8}]}"
tomtom,tomtom_cdmx_incidents,2026-07-04T07:19:02Z,2026-07-04,20260704T071858Z,2026-07-04T07:18:59.177293,TTI-0e6b35d1-b793-45b4-b4a5-22dc2fb82b8b-TTR24551348812013000,Feature,LineString,19.355972327,-98.9915854388,8,Road closed,4,,75.4111095648,Calle Federal México-Puebla,Avenida Principal,,present,probable,,2026-03-02T13:47:30Z,,,Cerrado,401,"{""type"": ""LineString"", ""coordinates"": [[-98.9911536032, 19.3556102129], [-98.9911616498, 19.3556169349], [-98.9914419407, 19.3558757686], [-98.9914955848, 19.3559172863], [-98.9915277713, 19.3559414852], [-98.9915545934, 19.3559575388], [-98.9915854388, 19.355972327], [-98.9916296953, 19.3559843473], [-98.9916484707, 19.3559910693], [-98.9916752928, 19.3559924136], [-98.9916980916, 19.3559910693], [-98.9917182082, 19.3559803142]]}","{""id"": ""TTI-0e6b35d1-b793-45b4-b4a5-22dc2fb82b8b-TTR24551348812013000"", ""iconCategory"": 8, ""magnitudeOfDelay"": 4, ""startTime"": ""2026-03-02T13:47:30Z"", ""endTime"": null, ""from"": ""Calle Federal México-Puebla"", ""to"": ""Avenida Principal"", ""length"": 75.4111095648, ""delay"": null, ""roadNumbers"": [], ""timeValidity"": ""present"", ""probabilityOfOccurrence"": ""probable"", ""numberOfReports"": null, ""lastReportTime"": null, ""events"": [{""code"": 401, ""description"": ""Cerrado"", ""iconCategory"": 8}]}"
tomtom,tomtom_cdmx_incidents,2026-07-04T07:19:02Z,2026-07-04,20260704T071858Z,2026-07-04T07:18:59.177317,TTI-0e6b35d1-b793-45b4-b4a5-22dc2fb82b8b-TTR24551348744013000,Feature,LineString,19.3559172863,-98.9914955848,8,Road closed,4,,147.1997190918,Avenida Principal,Calle Federal México-Puebla,,present,probable,,2026-02-25T17:29:30Z,,,Cerrado,401,"{""type"": ""LineString"", ""coordinates"": [[-98.9917182082, 19.3559803142], [-98.9916980916, 19.3559910693], [-98.9916752928, 19.3559924136], [-98.9916484707, 19.3559910693], [-98.9916296953, 19.3559843473], [-98.9915854388, 19.355972327], [-98.9915545934, 19.3559575388], [-98.9915277713, 19.3559414852], [-98.9914955848, 19.3559172863], [-98.9914419407, 19.3558757686], [-98.9911616498, 19.3556169349], [-98.9911375099, 19.3555954247], [-98.9909980351, 19.355453315], [-98.9909041577, 19.3553567563], [-98.9908987933, 19.3553513788], [-98.9906868988, 19.3551380954]]}","{""id"": ""TTI-0e6b35d1-b793-45b4-b4a5-22dc2fb82b8b-TTR24551348744013000"", ""iconCategory"": 8, ""magnitudeOfDelay"": 4, ""startTime"": ""2026-02-25T17:29:30Z"", ""endTime"": null, ""from"": ""Avenida Principal"", ""to"": ""Calle Federal México-Puebla"", ""length"": 147.1997190918, ""delay"": null, ""roadNumbers"": [], ""timeValidity"": ""present"", ""probabilityOfOccurrence"": ""probable"", ""numberOfReports"": null, ""lastReportTime"": null, ""events"": [{""code"": 401, ""description"": ""Cerrado"", ""iconCategory"": 8}]}"
tomtom,tomtom_cdmx_incidents,2026-07-04T07:19:02Z,2026-07-04,20260704T071858Z,2026-07-04T07:18:59.177344,TTI-0e6b35d1-b793-45b4-b4a5-22dc2fb82b8b-TTR24542693292019000,Feature,LineString,19.4134399617,-98.9909148866,8,Road closed,4,,247.0240145701,Calle de Corrido del Norte,Avenida Bordo de Xochiaca,,present,probable,,2026-06-13T00:16:30Z,,,Cerrado,401,"{""type"": ""LineString"", ""coordinates"": [[-98.9917262548, 19.4119138271], [-98.9916766339, 19.4120036327], [-98.9909148866, 19.4134399617], [-98.9907888228, 19.4136733274], [-98.9906627589, 19.4138959415]]}","{""id"": ""TTI-0e6b35d1-b793-45b4-b4a5-22dc2fb82b8b-TTR24542693292019000"", ""iconCategory"": 8, ""magnitudeOfDelay"": 4, ""startTime"": ""2026-06-13T00:16:30Z"", ""endTime"": null, ""from"": ""Calle de Corrido del Norte"", ""to"": ""Avenida Bordo de Xochiaca"", ""length"": 247.0240145701, ""delay"": null, ""roadNumbers"": [], ""timeValidity"": ""present"", ""probabilityOfOccurrence"": ""probable"", ""numberOfReports"": null, ""lastReportTime"": null, ""events"": [{""code"": 401, ""description"": ""Cerrado"", ""iconCategory"": 8}]}"
tomtom,tomtom_cdmx_incidents,2026-07-04T07:19:02Z,2026-07-04,20260704T071858Z,2026-07-04T07:18:59.177362,TTI-0e6b35d1-b793-45b4-b4a5-22dc2fb82b8b-TTR24554234164015000,Feature,LineString,19.3540196378,-98.9906962865,8,Road closed,4,,62.5368535964,Cerrada Primera de Ricardo Flores Magón,Avenida Principal,,present,probable,,2026-03-27T03:36:04Z,,,Cerrado,401,"{""type"": ""LineString"", ""coordinates"": [[-98.9907365197, 19.3537205482], [-98.9906962865, 19.3540196378], [-98.9906614178, 19.3542784741]]}","{""id"": ""TTI-0e6b35d1-b793-45b4-b4a5-22dc2fb82b8b-TTR24554234164015000"", ""iconCategory"": 8, ""magnitudeOfDelay"": 4, ""startTime"": ""2026-03-27T03:36:04Z"", ""endTime"": null, ""from"": ""Cerrada Primera de Ricardo Flores Magón"", ""to"": ""Avenida Principal"", ""length"": 62.5368535964, ""delay"": null, ""roadNumbers"": [], ""timeValidity"": ""present"", ""probabilityOfOccurrence"": ""probable"", ""numberOfReports"": null, ""lastReportTime"": null, ""events"": [{""code"": 401, ""description"": ""Cerrado"", ""iconCategory"": 8}]}"
tomtom,tomtom_cdmx_incidents,2026-07-04T07:19:02Z,2026-07-04,20260704T071858Z,2026-07-04T07:18:59.177378,TTI-0e6b35d1-b793-45b4-b4a5-22dc2fb82b8b-TTR24551348764015000,Feature,LineString,19.3540196378,-98.9906962865,8,Road closed,4,,62.5368535964,Avenida Principal,Cerrada Primera de Ricardo Flores Magón,,present,probable,,2026-04-22T03:14:30Z,,,Cerrado,401,"{""type"": ""LineString"", ""coordinates"": [[-98.9906614178, 19.3542784741], [-98.9906962865, 19.3540196378], [-98.9907365197, 19.3537205482]]}","{""id"": ""TTI-0e6b35d1-b793-45b4-b4a5-22dc2fb82b8b-TTR24551348764015000"", ""iconCategory"": 8, ""magnitudeOfDelay"": 4, ""startTime"": ""2026-04-22T03:14:30Z"", ""endTime"": null, ""from"": ""Avenida Principal"", ""to"": ""Cerrada Primera de Ricardo Flores Magón"", ""length"": 62.5368535964, ""delay"": null, ""roadNumbers"": [], ""timeValidity"": ""present"", ""probabilityOfOccurrence"": ""probable"", ""numberOfReports"": null, ""lastReportTime"": null, ""events"": [{""code"": 401, ""description"": ""Cerrado"", ""iconCategory"": 8}]}"
tomtom,tomtom_cdmx_incidents,2026-07-04T07:19:02Z,2026-07-04,20260704T071858Z,2026-07-04T07:18:59.177394,TTI-0e6b35d1-b793-45b4-b4a5-22dc2fb82b8b-TTR24554234236015000,Feature,LineString,19.3535784369,-98.9902000779,8,Road closed,4,,60.1352468818,Avenida Principal,Cerrada Segunda Flores Magón,,present,probable,,2026-03-10T05:46:30Z,,,Cerrado,401,"{""type"": ""LineString"", ""coordinates"": [[-98.9901692325, 19.3538211411], [-98.9901960546, 19.3536106235], [-98.9902000779, 19.3535784369], [-98.9902255589, 19.3533799396], [-98.9902416521, 19.3532847241]]}","{""id"": ""TTI-0e6b35d1-b793-45b4-b4a5-22dc2fb82b8b-TTR24554234236015000"", ""iconCategory"": 8, ""magnitudeOfDelay"": 4, ""startTime"": ""2026-03-10T05:46:30Z"", ""endTime"": null, ""from"": ""Avenida Principal"", ""to"": ""Cerrada Segunda Flores Magón"", ""length"": 60.1352468818, ""delay"": null, ""roadNumbers"": [], ""timeValidity"": ""present"", ""probabilityOfOccurrence"": ""probable"", ""numberOfReports"": null, ""lastReportTime"": null, ""events"": [{""code"": 401, ""description"": ""Cerrado"", ""iconCategory"": 8}]}"
tomtom,tomtom_cdmx_incidents,2026-07-04T07:19:02Z,2026-07-04,20260704T071858Z,2026-07-04T07:18:59.177412,TTI-0e6b35d1-b793-45b4-b4a5-22dc2fb82b8b-TTR24554234288010000,Feature,LineString,19.3556155905,-98.9913386756,8,Road closed,4,,634.3751799167,Avenida de las Torres (Autopista México-Puebla),Carretera Ciudad de México-Texcoco (Autopista México-Puebla),MEX-150D,present,certain,,2026-06-25T15:41:30Z,,,Cerrado,401,"{""type"": ""LineString"", ""coordinates"": [[-98.9896086508, 19.3540250154], [-98.9897829944, 19.3541792259], [-98.9899908656, 19.354373689], [-98.9902269, 19.354592272], [-98.9902765208, 19.3546392467], [-98.9904508644, 19.3547961454], [-98.9906345957, 19.3549664878], [-98.9908357614, 19.355154228], [-98.990945732, 19.3552507869], [-98.9910785013, 19.3553741543], [-98.9910959357, 19.3553916314], [-98.9913386756, 19.3556155905], [-98.9915559345, 19.3558006412], [-98.9917450303, 19.3559521612], [-98.9918804818, 19.3560621634], [-98.9920776242, 19.3562190607], [-98.9921822303, 19.3562968766], [-98.9923377985, 19.3564215877], [-98.9924263114, 19.3564926816], [-98.9930150562, 19.3569620275], [-98.9937405938, 19.3575507837], [-98.9940933043, 19.3578471776]]}","{""id"": ""TTI-0e6b35d1-b793-45b4-b4a5-22dc2fb82b8b-TTR24554234288010000"", ""iconCategory"": 8, ""magnitudeOfDelay"": 4, ""startTime"": ""2026-06-25T15:41:30Z"", ""endTime"": null, ""from"": ""Avenida de las Torres (Autopista México-Puebla)"", ""to"": ""Carretera Ciudad de México-Texcoco (Autopista México-Puebla)"", ""length"": 634.3751799167, ""delay"": null, ""roadNumbers"": [""MEX-150D""], ""timeValidity"": ""present"", ""probabilityOfOccurrence"": ""certain"", ""numberOfReports"": null, ""lastReportTime"": null, ""events"": [{""code"": 401, ""description"": ""Cerrado"", ""iconCategory"": 8}]}"
tomtom,tomtom_cdmx_incidents,2026-07-04T07:19:02Z,2026-07-04,20260704T071858Z,2026-07-04T07:18:59.177444,TTI-0e6b35d1-b793-45b4-b4a5-22dc2fb82b8b-TTR24545578608013001,Feature,LineString,19.4055046172,-98.9885867292,0,Unknown,0,,58.3267345215,Calle Mañanitas,Avenida Rancho Grande,,present,certain,,2026-06-11T18:52:00Z,2026-07-20T03:00:00Z,,Partido de fútbol,1459,"{""type"": ""LineString"", ""coordinates"": [[-98.9885961169, 19.4053906955], [-98.9885894114, 19.4054604241], [-98.9885867292, 19.4055046172], [-98.9885733181, 19.4056602019], [-98.9885532015, 19.4059136593]]}","{""id"": ""TTI-0e6b35d1-b793-45b4-b4a5-22dc2fb82b8b-TTR24545578608013001"", ""iconCategory"": 0, ""magnitudeOfDelay"": 0, ""startTime"": ""2026-06-11T18:52:00Z"", ""endTime"": ""2026-07-20T03:00:00Z"", ""from"": ""Calle Mañanitas"", ""to"": ""Avenida Rancho Grande"", ""length"": 58.3267345215, ""delay"": null, ""roadNumbers"": [], ""timeValidity"": ""present"", ""probabilityOfOccurrence"": ""certain"", ""numberOfReports"": null, ""lastReportTime"": null, ""events"": [{""code"": 1459, ""description"": ""Partido de fútbol"", ""iconCategory"": 0}]}"
tomtom,tomtom_cdmx_incidents,2026-07-04T07:19:02Z,2026-07-04,20260704T071858Z,2026-07-04T07:18:59.177463,TTI-0e6b35d1-b793-45b4-b4a5-22dc2fb82b8b-TTR24548463912014000,Feature,LineString,19.3867680569,-98.9877016002,8,Road closed,4,,83.811430631,Calle 11 / Avenida Tepozanes,Calle 8 / Calle Poniente 19,,present,probable,,2026-05-26T18:13:30Z,,,Cerrado,401,"{""type"": ""LineString"", ""coordinates"": [[-98.9873596185, 19.3865749765], [-98.9877016002, 19.3867680569], [-98.9880449229, 19.3869625602]]}","{""id"": ""TTI-0e6b35d1-b793-45b4-b4a5-22dc2fb82b8b-TTR24548463912014000"", ""iconCategory"": 8, ""magnitudeOfDelay"": 4, ""startTime"": ""2026-05-26T18:13:30Z"", ""endTime"": null, ""from"": ""Calle 11 / Avenida Tepozanes"", ""to"": ""Calle 8 / Calle Poniente 19"", ""length"": 83.811430631, ""delay"": null, ""roadNumbers"": [], ""timeValidity"": ""present"", ""probabilityOfOccurrence"": ""probable"", ""numberOfReports"": null, ""lastReportTime"": null, ""events"": [{""code"": 401, ""description"": ""Cerrado"", ""iconCategory"": 8}]}"
tomtom,tomtom_cdmx_incidents,2026-07-04T07:19:02Z,2026-07-04,20260704T071858Z,2026-07-04T07:18:59.177479,TTI-0e6b35d1-b793-45b4-b4a5-22dc2fb82b8b-TTR24548463840014000,Feature,LineString,19.3865079281,-98.9872402602,8,Road closed,4,,87.1427410816,Calle 9 / Calle Poniente 18,Calle 11 / Avenida Tepozanes,,present,probable,,2026-05-26T19:01:00Z,,,Cerrado,401,"{""type"": ""LineString"", ""coordinates"": [[-98.9877016002, 19.3867680569], [-98.9873596185, 19.3865749765], [-98.9872402602, 19.3865079281], [-98.9871611351, 19.3864623067], [-98.9869894737, 19.3863644222]]}","{""id"": ""TTI-0e6b35d1-b793-45b4-b4a5-22dc2fb82b8b-TTR24548463840014000"", ""iconCategory"": 8, ""magnitudeOfDelay"": 4, ""startTime"": ""2026-05-26T19:01:00Z"", ""endTime"": null, ""from"": ""Calle 9 / Calle Poniente 18"", ""to"": ""Calle 11 / Avenida Tepozanes"", ""length"": 87.1427410816, ""delay"": null, ""roadNumbers"": [], ""timeValidity"": ""present"", ""probabilityOfOccurrence"": ""probable"", ""numberOfReports"": null, ""lastReportTime"": null, ""events"": [{""code"": 401, ""description"": ""Cerrado"", ""iconCategory"": 8}]}"
tomtom,tomtom_cdmx_incidents,2026-07-04T07:19:02Z,2026-07-04,20260704T071858Z,2026-07-04T07:18:59.177499,TTI-0e6b35d1-b793-45b4-b4a5-22dc2fb82b8b-TTR24554234308013000,Feature,LineString,19.3587698068,-98.9849094206,8,Road closed,4,,106.965042683,Calle San Francisco,Calle Puebla,,present,probable,,2026-06-21T09:57:30Z,,,Cerrado,401,"{""type"": ""LineString"", ""coordinates"": [[-98.9850220734, 19.3582455054], [-98.984965747, 19.3585029906], [-98.9849094206, 19.3587698068], [-98.9848195666, 19.3591882978]]}","{""id"": ""TTI-0e6b35d1-b793-45b4-b4a5-22dc2fb82b8b-TTR24554234308013000"", ""iconCategory"": 8, ""magnitudeOfDelay"": 4, ""startTime"": ""2026-06-21T09:57:30Z"", ""endTime"": null, ""from"": ""Calle San Francisco"", ""to"": ""Calle Puebla"", ""length"": 106.965042683, ""delay"": null, ""roadNumbers"": [], ""timeValidity"": ""present"", ""probabilityOfOccurrence"": ""probable"", ""numberOfReports"": null, ""lastReportTime"": null, ""events"": [{""code"": 401, ""description"": ""Cerrado"", ""iconCategory"": 8}]}"
tomtom,tomtom_cdmx_incidents,2026-07-04T07:19:02Z,2026-07-04,20260704T071858Z,2026-07-04T07:18:59.177530,TTI-0e6b35d1-b793-45b4-b4a5-22dc2fb82b8b-TTR24548464084014000,Feature,LineString,19.4041541542,-98.9824699515,8,Road closed,4,,81.5454032692,Calle 4 / Calle Mariano Escobedo,Calle Tochihuitzín,,present,probable,,2026-07-04T02:36:30Z,,,Cerrado,401,"{""type"": ""LineString"", ""coordinates"": [[-98.9825061613, 19.4038993501], [-98.9824699515, 19.4041541542], [-98.9824028963, 19.4046262088]]}","{""id"": ""TTI-0e6b35d1-b793-45b4-b4a5-22dc2fb82b8b-TTR24548464084014000"", ""iconCategory"": 8, ""magnitudeOfDelay"": 4, ""startTime"": ""2026-07-04T02:36:30Z"", ""endTime"": null, ""from"": ""Calle 4 / Calle Mariano Escobedo"", ""to"": ""Calle Tochihuitzín"", ""length"": 81.5454032692, ""delay"": null, ""roadNumbers"": [], ""timeValidity"": ""present"", ""probabilityOfOccurrence"": ""probable"", ""numberOfReports"": null, ""lastReportTime"": null, ""events"": [{""code"": 401, ""description"": ""Cerrado"", ""iconCategory"": 8}]}"
tomtom,tomtom_cdmx_incidents,2026-07-04T07:19:02Z,2026-07-04,20260704T071858Z,2026-07-04T07:18:59.177548,TTI-0e6b35d1-b793-45b4-b4a5-22dc2fb82b8b-TTR24548464156014000,Feature,LineString,19.4037277148,-98.9825303012,8,Road closed,4,,193.1698484188,Calle Tochihuitzín,Calle San Lorenzo,,present,probable,,2026-07-04T02:02:30Z,,,Cerrado,401,"{""type"": ""LineString"", ""coordinates"": [[-98.9824028963, 19.4046262088], [-98.9824699515, 19.4041541542], [-98.9825061613, 19.4038993501], [-98.9825303012, 19.4037277148], [-98.9826013797, 19.4032314658], [-98.9826335662, 19.4029028985]]}","{""id"": ""TTI-0e6b35d1-b793-45b4-b4a5-22dc2fb82b8b-TTR24548464156014000"", ""iconCategory"": 8, ""magnitudeOfDelay"": 4, ""startTime"": ""2026-07-04T02:02:30Z"", ""endTime"": null, ""from"": ""Calle Tochihuitzín"", ""to"": ""Calle San Lorenzo"", ""length"": 193.1698484188, ""delay"": null, ""roadNumbers"": [], ""timeValidity"": ""present"", ""probabilityOfOccurrence"": ""probable"", ""numberOfReports"": null, ""lastReportTime"": null, ""events"": [{""code"": 401, ""description"": ""Cerrado"", ""iconCategory"": 8}]}"
tomtom,tomtom_cdmx_incidents,2026-07-04T07:19:02Z,2026-07-04,20260704T071858Z,2026-07-04T07:18:59.177567,TTI-0e6b35d1-b793-45b4-b4a5-22dc2fb82b8b-TTR24554234144057000,Feature,LineString,19.3472014916,-98.982720738,9,Road works,0,,826.9080051141,Eje 10 S/Calle Diez Sur Santa Catarina/Tlaltenco a la Mexico-Puebla (MEX-190D/Autopista México Puebla/MEX-150D),MEX-150/Carretera Federal México Puebla/Calzada Ermita Iztapalapa (MEX-190D/Autopista México Puebla/MEX-150D),MEX-150D,present,probable,,2026-07-04T01:26:30Z,,,Obras | Nuevo trazado de carretera por obras,"701,810","{""type"": ""LineString"", ""coordinates"": [[-98.9804247671, 19.3450422814], [-98.9805468076, 19.345146913], [-98.9808029586, 19.3453749196], [-98.9809075647, 19.3454794719], [-98.9810242408, 19.3455814144], [-98.9811181182, 19.345672601], [-98.9812924617, 19.3458375751], [-98.9814426654, 19.3459636386], [-98.9815955514, 19.346139289], [-98.9816854054, 19.3462292099], [-98.9817698949, 19.3463123294], [-98.9818812066, 19.3464169602], [-98.9820220226, 19.3465470567], [-98.9823197478, 19.3468179258], [-98.982720738, 19.3472014916], [-98.9828186387, 19.3472940217], [-98.9830385798, 19.3475045474], [-98.9834529811, 19.3479095437], [-98.9835294241, 19.3479846747], [-98.983644759, 19.3480973712], [-98.9837574118, 19.348208644], [-98.9837922805, 19.3482408317], [-98.9838526302, 19.3482971403], [-98.9839853996, 19.3484312685], [-98.984029656, 19.3484742117], [-98.9847887212, 19.3491795694], [-98.9850421899, 19.3494210148], [-98.9859742576, 19.350319571]]}","{""id"": ""TTI-0e6b35d1-b793-45b4-b4a5-22dc2fb82b8b-TTR24554234144057000"", ""iconCategory"": 9, ""magnitudeOfDelay"": 0, ""startTime"": ""2026-07-04T01:26:30Z"", ""endTime"": null, ""from"": ""Eje 10 S/Calle Diez Sur Santa Catarina/Tlaltenco a la Mexico-Puebla (MEX-190D/Autopista México Puebla/MEX-150D)"", ""to"": ""MEX-150/Carretera Federal México Puebla/Calzada Ermita Iztapalapa (MEX-190D/Autopista México Puebla/MEX-150D)"", ""length"": 826.9080051141, ""delay"": null, ""roadNumbers"": [""MEX-150D""], ""timeValidity"": ""present"", ""probabilityOfOccurrence"": ""probable"", ""numberOfReports"": null, ""lastReportTime"": null, ""events"": [{""code"": 701, ""description"": ""Obras"", ""iconCategory"": 9}, {""code"": 810, ""description"": ""Nuevo trazado de carretera por obras"", ""iconCategory"": 9}]}"
tomtom,tomtom_cdmx_incidents,2026-07-04T07:19:02Z,2026-07-04,20260704T071858Z,2026-07-04T07:18:59.177607,TTI-0e6b35d1-b793-45b4-b4a5-22dc2fb82b8b-TTR24554234532022000,Feature,LineString,19.365999775,-98.9806742126,8,Road closed,4,,162.8844814039,Calle Ixtapán,Calle Acambay,,present,probable,,2026-05-07T00:17:30Z,,,Cerrado,401,"{""type"": ""LineString"", ""coordinates"": [[-98.9800787622, 19.3671758758], [-98.9803027266, 19.3667158904], [-98.9806742126, 19.365999775], [-98.9807466322, 19.3658535624]]}","{""id"": ""TTI-0e6b35d1-b793-45b4-b4a5-22dc2fb82b8b-TTR24554234532022000"", ""iconCategory"": 8, ""magnitudeOfDelay"": 4, ""startTime"": ""2026-05-07T00:17:30Z"", ""endTime"": null, ""from"": ""Calle Ixtapán"", ""to"": ""Calle Acambay"", ""length"": 162.8844814039, ""delay"": null, ""roadNumbers"": [], ""timeValidity"": ""present"", ""probabilityOfOccurrence"": ""probable"", ""numberOfReports"": null, ""lastReportTime"": null, ""events"": [{""code"": 401, ""description"": ""Cerrado"", ""iconCategory"": 8}]}"
tomtom,tomtom_cdmx_incidents,2026-07-04T07:19:02Z,2026-07-04,20260704T071858Z,2026-07-04T07:18:59.177625,TTI-0e6b35d1-b793-45b4-b4a5-22dc2fb82b8b-TTR24554234496015000,Feature,LineString,19.3669841165,-98.9796455854,8,Road closed,4,,50.1954255673,Calle 1,Calle 2,,present,probable,,2026-05-20T01:40:00Z,,,Cerrado,401,"{""type"": ""LineString"", ""coordinates"": [[-98.9800787622, 19.3671758758], [-98.9796455854, 19.3669841165]]}","{""id"": ""TTI-0e6b35d1-b793-45b4-b4a5-22dc2fb82b8b-TTR24554234496015000"", ""iconCategory"": 8, ""magnitudeOfDelay"": 4, ""startTime"": ""2026-05-20T01:40:00Z"", ""endTime"": null, ""from"": ""Calle 1"", ""to"": ""Calle 2"", ""length"": 50.1954255673, ""delay"": null, ""roadNumbers"": [], ""timeValidity"": ""present"", ""probabilityOfOccurrence"": ""probable"", ""numberOfReports"": null, ""lastReportTime"": null, ""events"": [{""code"": 401, ""description"": ""Cerrado"", ""iconCategory"": 8}]}"
tomtom,tomtom_cdmx_incidents,2026-07-04T07:19:02Z,2026-07-04,20260704T071858Z,2026-07-04T07:18:59.177641,TTI-0e6b35d1-b793-45b4-b4a5-22dc2fb82b8b-TTR24554234456046000,Feature,LineString,19.365999775,-98.9806742126,8,Road closed,4,,490.8098464676,Calle Pino,Calle Tenancingo,,present,probable,,2026-05-01T19:23:30Z,,,Cerrado,401,"{""type"": ""LineString"", ""coordinates"": [[-98.9813890213, 19.3645191395], [-98.9812012666, 19.3649013985], [-98.9810228997, 19.3652902989], [-98.9807466322, 19.3658535624], [-98.9806742126, 19.365999775], [-98.9803027266, 19.3667158904], [-98.9800787622, 19.3671758758], [-98.9796133989, 19.3681360922], [-98.9794283265, 19.3685264083]]}","{""id"": ""TTI-0e6b35d1-b793-45b4-b4a5-22dc2fb82b8b-TTR24554234456046000"", ""iconCategory"": 8, ""magnitudeOfDelay"": 4, ""startTime"": ""2026-05-01T19:23:30Z"", ""endTime"": null, ""from"": ""Calle Pino"", ""to"": ""Calle Tenancingo"", ""length"": 490.8098464676, ""delay"": null, ""roadNumbers"": [], ""timeValidity"": ""present"", ""probabilityOfOccurrence"": ""probable"", ""numberOfReports"": null, ""lastReportTime"": null, ""events"": [{""code"": 401, ""description"": ""Cerrado"", ""iconCategory"": 8}]}"
tomtom,tomtom_cdmx_incidents,2026-07-04T07:19:02Z,2026-07-04,20260704T071858Z,2026-07-04T07:18:59.177665,TTI-0e6b35d1-b793-45b4-b4a5-22dc2fb82b8b-TTR24554234568015000,Feature,LineString,19.3669841165,-98.9796455854,8,Road closed,4,,104.2098905728,Calle 3,Calle 1,,present,probable,,2026-05-28T15:13:00Z,,,Cerrado,401,"{""type"": ""LineString"", ""coordinates"": [[-98.9791802221, 19.3667762255], [-98.9796455854, 19.3669841165], [-98.9800787622, 19.3671758758]]}","{""id"": ""TTI-0e6b35d1-b793-45b4-b4a5-22dc2fb82b8b-TTR24554234568015000"", ""iconCategory"": 8, ""magnitudeOfDelay"": 4, ""startTime"": ""2026-05-28T15:13:00Z"", ""endTime"": null, ""from"": ""Calle 3"", ""to"": ""Calle 1"", ""length"": 104.2098905728, ""delay"": null, ""roadNumbers"": [], ""timeValidity"": ""present"", ""probabilityOfOccurrence"": ""probable"", ""numberOfReports"": null, ""lastReportTime"": null, ""events"": [{""code"": 401, ""description"": ""Cerrado"", ""iconCategory"": 8}]}"
tomtom,tomtom_cdmx_incidents,2026-07-04T07:19:02Z,2026-07-04,20260704T071858Z,2026-07-04T07:18:59.177681,TTI-0e6b35d1-b793-45b4-b4a5-22dc2fb82b8b-TTR24551349480006000,Feature,LineString,19.3985965987,-98.9779383594,8,Road closed,4,,107.0877142037,Calle 16 / Calle de los Patos,Calle Amapola,,present,probable,,2026-07-04T04:51:30Z,,,Cerrado,401,"{""type"": ""LineString"", ""coordinates"": [[-98.9779356772, 19.3986703623], [-98.9779370183, 19.3986475929], [-98.9779383594, 19.3985965987], [-98.9779423827, 19.3983766517], [-98.9779544526, 19.3977074797]]}","{""id"": ""TTI-0e6b35d1-b793-45b4-b4a5-22dc2fb82b8b-TTR24551349480006000"", ""iconCategory"": 8, ""magnitudeOfDelay"": 4, ""startTime"": ""2026-07-04T04:51:30Z"", ""endTime"": null, ""from"": ""Calle 16 / Calle de los Patos"", ""to"": ""Calle Amapola"", ""length"": 107.0877142037, ""delay"": null, ""roadNumbers"": [], ""timeValidity"": ""present"", ""probabilityOfOccurrence"": ""probable"", ""numberOfReports"": null, ""lastReportTime"": null, ""events"": [{""code"": 401, ""description"": ""Cerrado"", ""iconCategory"": 8}]}"
tomtom,tomtom_cdmx_incidents,2026-07-04T07:19:02Z,2026-07-04,20260704T071858Z,2026-07-04T07:18:59.177699,TTI-0e6b35d1-b793-45b4-b4a5-22dc2fb82b8b-TTR24554234480030001,Feature,LineString,19.3706171456,-98.9774622673,8,Road closed,4,,261.0278822222,Calle 1 / Calle Oriente 19,Calle Sur 2,,present,probable,,2026-04-08T15:21:30Z,,,Cerrado,401,"{""type"": ""LineString"", ""coordinates"": [[-98.9785592908, 19.3703664009], [-98.9784761423, 19.3703864858], [-98.9784399325, 19.3703945513], [-98.9782964343, 19.3704280789], [-98.9782588833, 19.3704361445], [-98.9780805164, 19.3704763142], [-98.9779799336, 19.3704991667], [-98.9779370183, 19.3705084975], [-98.977831071, 19.3705326942], [-98.9775896722, 19.3705876509], [-98.9774622673, 19.3706171456], [-98.9773885065, 19.3706332767], [-98.9773643666, 19.3706386538], [-98.9773415679, 19.3706439518], [-98.9771055335, 19.3707030202], [-98.9770773703, 19.3707096625], [-98.9770237261, 19.3707231051], [-98.9768748635, 19.3707606653], [-98.976406818, 19.3708759555], [-98.9762820953, 19.3709068735], [-98.9761466437, 19.3709404009]]}","{""id"": ""TTI-0e6b35d1-b793-45b4-b4a5-22dc2fb82b8b-TTR24554234480030001"", ""iconCategory"": 8, ""magnitudeOfDelay"": 4, ""startTime"": ""2026-04-08T15:21:30Z"", ""endTime"": null, ""from"": ""Calle 1 / Calle Oriente 19"", ""to"": ""Calle Sur 2"", ""length"": 261.0278822222, ""delay"": null, ""roadNumbers"": [], ""timeValidity"": ""present"", ""probabilityOfOccurrence"": ""probable"", ""numberOfReports"": null, ""lastReportTime"": null, ""events"": [{""code"": 401, ""description"": ""Cerrado"", ""iconCategory"": 8}]}"
tomtom,tomtom_cdmx_incidents,2026-07-04T07:19:02Z,2026-07-04,20260704T071858Z,2026-07-04T07:18:59.177730,TTI-0e6b35d1-b793-45b4-b4a5-22dc2fb82b8b-TTR24554234492006000,Feature,LineString,19.3709497317,-98.9761667603,8,Road closed,4,,45.0998147245,Calle Oriente 23,Calle Oriente 24 / Calle 5,,present,probable,,2026-04-09T15:20:00Z,,,Cerrado,401,"{""type"": ""LineString"", ""coordinates"": [[-98.9764255935, 19.3710731663], [-98.9762995297, 19.3710127537], [-98.976188218, 19.3709604857], [-98.9761667603, 19.3709497317], [-98.9761466437, 19.3709404009], [-98.9760326499, 19.370967207]]}","{""id"": ""TTI-0e6b35d1-b793-45b4-b4a5-22dc2fb82b8b-TTR24554234492006000"", ""iconCategory"": 8, ""magnitudeOfDelay"": 4, ""startTime"": ""2026-04-09T15:20:00Z"", ""endTime"": null, ""from"": ""Calle Oriente 23"", ""to"": ""Calle Oriente 24 / Calle 5"", ""length"": 45.0998147245, ""delay"": null, ""roadNumbers"": [], ""timeValidity"": ""present"", ""probabilityOfOccurrence"": ""probable"", ""numberOfReports"": null, ""lastReportTime"": null, ""events"": [{""code"": 401, ""description"": ""Cerrado"", ""iconCategory"": 8}]}"
tomtom,tomtom_cdmx_incidents,2026-07-04T07:19:02Z,2026-07-04,20260704T071858Z,2026-07-04T07:18:59.177748,TTI-0e6b35d1-b793-45b4-b4a5-22dc2fb82b8b-TTR24554234496006000,Feature,LineString,19.3717503551,-98.9742275232,8,Road closed,4,,42.8040274275,Calle Oriente 27,Calle Oriente 28,,present,probable,,2026-06-10T00:08:30Z,,,Cerrado,401,"{""type"": ""LineString"", ""coordinates"": [[-98.9742677563, 19.3717705189], [-98.9742369109, 19.3717543879], [-98.9742275232, 19.3717503551], [-98.9739123636, 19.3715814536]]}","{""id"": ""TTI-0e6b35d1-b793-45b4-b4a5-22dc2fb82b8b-TTR24554234496006000"", ""iconCategory"": 8, ""magnitudeOfDelay"": 4, ""startTime"": ""2026-06-10T00:08:30Z"", ""endTime"": null, ""from"": ""Calle Oriente 27"", ""to"": ""Calle Oriente 28"", ""length"": 42.8040274275, ""delay"": null, ""roadNumbers"": [], ""timeValidity"": ""present"", ""probabilityOfOccurrence"": ""probable"", ""numberOfReports"": null, ""lastReportTime"": null, ""events"": [{""code"": 401, ""description"": ""Cerrado"", ""iconCategory"": 8}]}"
tomtom,tomtom_cdmx_incidents,2026-07-04T07:19:02Z,2026-07-04,20260704T071858Z,2026-07-04T07:18:59.177765,TTI-0e6b35d1-b793-45b4-b4a5-22dc2fb82b8b-TTR24554234568006000,Feature,LineString,19.3717543879,-98.9742369109,8,Road closed,4,,42.8040274275,Calle Oriente 28,Calle Oriente 27,,present,probable,,2026-06-29T02:25:30Z,,,Cerrado,401,"{""type"": ""LineString"", ""coordinates"": [[-98.9739123636, 19.3715814536], [-98.9742275232, 19.3717503551], [-98.9742369109, 19.3717543879], [-98.9742677563, 19.3717705189]]}","{""id"": ""TTI-0e6b35d1-b793-45b4-b4a5-22dc2fb82b8b-TTR24554234568006000"", ""iconCategory"": 8, ""magnitudeOfDelay"": 4, ""startTime"": ""2026-06-29T02:25:30Z"", ""endTime"": null, ""from"": ""Calle Oriente 28"", ""to"": ""Calle Oriente 27"", ""length"": 42.8040274275, ""delay"": null, ""roadNumbers"": [], ""timeValidity"": ""present"", ""probabilityOfOccurrence"": ""probable"", ""numberOfReports"": null, ""lastReportTime"": null, ""events"": [{""code"": 401, ""description"": ""Cerrado"", ""iconCategory"": 8}]}"
tomtom,tomtom_cdmx_incidents,2026-07-04T07:19:02Z,2026-07-04,20260704T071858Z,2026-07-04T07:18:59.177782,TTI-0e6b35d1-b793-45b4-b4a5-22dc2fb82b8b-TTR24554234456014000,Feature,LineString,19.371334664,-98.9735462421,8,Road closed,4,,82.4965889284,Calle Atlacomulco,Avenida Pantitlán / Calle Oriente 29,,present,probable,,2026-06-03T23:10:30Z,,,Cerrado,401,"{""type"": ""LineString"", ""coordinates"": [[-98.9737567955, 19.3708907424], [-98.9735797697, 19.3712568552], [-98.9735462421, 19.371334664], [-98.9735100323, 19.3714204592], [-98.9734537059, 19.3715747323]]}","{""id"": ""TTI-0e6b35d1-b793-45b4-b4a5-22dc2fb82b8b-TTR24554234456014000"", ""iconCategory"": 8, ""magnitudeOfDelay"": 4, ""startTime"": ""2026-06-03T23:10:30Z"", ""endTime"": null, ""from"": ""Calle Atlacomulco"", ""to"": ""Avenida Pantitlán / Calle Oriente 29"", ""length"": 82.4965889284, ""delay"": null, ""roadNumbers"": [], ""timeValidity"": ""present"", ""probabilityOfOccurrence"": ""probable"", ""numberOfReports"": null, ""lastReportTime"": null, ""events"": [{""code"": 401, ""description"": ""Cerrado"", ""iconCategory"": 8}]}"
tomtom,tomtom_cdmx_incidents,2026-07-04T07:19:02Z,2026-07-04,20260704T071858Z,2026-07-04T07:18:59.177799,TTI-0e6b35d1-b793-45b4-b4a5-22dc2fb82b8b-TTR24554234552062000,Feature,LineString,19.3710167865,-98.9758274609,8,Road closed,4,,668.363475552,Avenida Pantitlán / Calle de los Reyes,Calle Oriente 18,,present,probable,,2026-04-08T14:10:00Z,,,Cerrado,401,"{""type"": ""LineString"", ""coordinates"": [[-98.9729266518, 19.3716927104], [-98.973185485, 19.3716364098], [-98.9732042605, 19.3716323771], [-98.973441636, 19.3715774208], [-98.9734537059, 19.3715747323], [-98.9737661832, 19.3715036449], [-98.9737782532, 19.3714996121], [-98.9740384275, 19.3714392788], [-98.9741148704, 19.3714218035], [-98.9741846078, 19.3714044072], [-98.9742597097, 19.3713882761], [-98.974289214, 19.3713815548], [-98.9743629747, 19.3713641586], [-98.9744997674, 19.3713319755], [-98.9745225662, 19.3713265985], [-98.9746714288, 19.3712917269], [-98.9748162681, 19.3712581995], [-98.9748632067, 19.3712461012], [-98.9749195331, 19.3712340819], [-98.9749342853, 19.3712313934], [-98.9749919528, 19.3712166066], [-98.9751032644, 19.3711911448], [-98.9754345172, 19.3711133359], [-98.9754720682, 19.3711040052], [-98.9755002314, 19.3710972839], [-98.9755190068, 19.3710919069], [-98.975713467, 19.3710449369], [-98.9758274609, 19.3710167865], [-98.9758864695, 19.371003423], [-98.975932067, 19.3709913246], [-98.9760326499, 19.370967207], [-98.9761466437, 19.3709404009], [-98.9762820953, 19.3709068735], [-98.976406818, 19.3708759555], [-98.9768748635, 19.3707606653], [-98.9770237261, 19.3707231051], [-98.9770773703, 19.3707096625], [-98.9771055335, 19.3707030202], [-98.9773415679, 19.3706439518], [-98.9773643666, 19.3706386538], [-98.9773885065, 19.3706332767], [-98.9774622673, 19.3706171456], [-98.9775896722, 19.3705876509], [-98.977831071, 19.3705326942], [-98.9779370183, 19.3705084975], [-98.9779799336, 19.3704991667], [-98.9780805164, 19.3704763142], [-98.9782588833, 19.3704361445], [-98.9782964343, 19.3704280789], [-98.9784399325, 19.3703945513], [-98.9784761423, 19.3703864858], [-98.9785592908, 19.3703664009], [-98.9787993485, 19.3703127093], [-98.9791091436, 19.3702416214]]}","{""id"": ""TTI-0e6b35d1-b793-45b4-b4a5-22dc2fb82b8b-TTR24554234552062000"", ""iconCategory"": 8, ""magnitudeOfDelay"": 4, ""startTime"": ""2026-04-08T14:10:00Z"", ""endTime"": null, ""from"": ""Avenida Pantitlán / Calle de los Reyes"", ""to"": ""Calle Oriente 18"", ""length"": 668.363475552, ""delay"": null, ""roadNumbers"": [], ""timeValidity"": ""present"", ""probabilityOfOccurrence"": ""probable"", ""numberOfReports"": null, ""lastReportTime"": null, ""events"": [{""code"": 401, ""description"": ""Cerrado"", ""iconCategory"": 8}]}"
tomtom,tomtom_cdmx_incidents,2026-07-04T07:19:02Z,2026-07-04,20260704T071858Z,2026-07-04T07:18:59.177856,TTI-0e6b35d1-b793-45b4-b4a5-22dc2fb82b8b-TTR24554234480030000,Feature,LineString,19.3712917269,-98.9746714288,8,Road closed,4,,335.6861891006,Calle Oriente 24 / Calle 5,Avenida Pantitlán / Calle de los Reyes,,present,probable,,2026-04-09T15:58:30Z,,,Cerrado | Obras,"401,701","{""type"": ""LineString"", ""coordinates"": [[-98.9760326499, 19.370967207], [-98.975932067, 19.3709913246], [-98.9758864695, 19.371003423], [-98.9758274609, 19.3710167865], [-98.975713467, 19.3710449369], [-98.9755190068, 19.3710919069], [-98.9755002314, 19.3710972839], [-98.9754720682, 19.3711040052], [-98.9754345172, 19.3711133359], [-98.9751032644, 19.3711911448], [-98.9749919528, 19.3712166066], [-98.9749342853, 19.3712313934], [-98.9749195331, 19.3712340819], [-98.9748632067, 19.3712461012], [-98.9748162681, 19.3712581995], [-98.9746714288, 19.3712917269], [-98.9745225662, 19.3713265985], [-98.9744997674, 19.3713319755], [-98.9743629747, 19.3713641586], [-98.974289214, 19.3713815548], [-98.9742597097, 19.3713882761], [-98.9741846078, 19.3714044072], [-98.9741148704, 19.3714218035], [-98.9740384275, 19.3714392788], [-98.9737782532, 19.3714996121], [-98.9737661832, 19.3715036449], [-98.9734537059, 19.3715747323], [-98.973441636, 19.3715774208], [-98.9732042605, 19.3716323771], [-98.973185485, 19.3716364098], [-98.9729266518, 19.3716927104]]}","{""id"": ""TTI-0e6b35d1-b793-45b4-b4a5-22dc2fb82b8b-TTR24554234480030000"", ""iconCategory"": 8, ""magnitudeOfDelay"": 4, ""startTime"": ""2026-04-09T15:58:30Z"", ""endTime"": null, ""from"": ""Calle Oriente 24 / Calle 5"", ""to"": ""Avenida Pantitlán / Calle de los Reyes"", ""length"": 335.6861891006, ""delay"": null, ""roadNumbers"": [], ""timeValidity"": ""present"", ""probabilityOfOccurrence"": ""probable"", ""numberOfReports"": null, ""lastReportTime"": null, ""events"": [{""code"": 401, ""description"": ""Cerrado"", ""iconCategory"": 8}, {""code"": 701, ""description"": ""Obras"", ""iconCategory"": 9}]}"
tomtom,tomtom_cdmx_incidents,2026-07-04T07:19:02Z,2026-07-04,20260704T071858Z,2026-07-04T07:18:59.177897,TTI-0e6b35d1-b793-45b4-b4a5-22dc2fb82b8b-TTR24554234528030000,Feature,LineString,19.3716994316,-98.9734054261,8,Road closed,4,,254.2988141108,Avenida Pantitlán,Calle Atlacomulco,,present,probable,,2026-06-03T21:53:00Z,,,Cerrado,401,"{""type"": ""LineString"", ""coordinates"": [[-98.9727523082, 19.3729694302], [-98.9728622788, 19.3727642353], [-98.9731586629, 19.3721956187], [-98.973275339, 19.3719904228], [-98.9732914322, 19.3719568956], [-98.9733088666, 19.3719220241], [-98.9734054261, 19.3716994316], [-98.9734228605, 19.3716538061], [-98.9734537059, 19.3715747323], [-98.9735100323, 19.3714204592], [-98.9735462421, 19.371334664], [-98.9735797697, 19.3712568552], [-98.9737567955, 19.3708907424]]}","{""id"": ""TTI-0e6b35d1-b793-45b4-b4a5-22dc2fb82b8b-TTR24554234528030000"", ""iconCategory"": 8, ""magnitudeOfDelay"": 4, ""startTime"": ""2026-06-03T21:53:00Z"", ""endTime"": null, ""from"": ""Avenida Pantitlán"", ""to"": ""Calle Atlacomulco"", ""length"": 254.2988141108, ""delay"": null, ""roadNumbers"": [], ""timeValidity"": ""present"", ""probabilityOfOccurrence"": ""probable"", ""numberOfReports"": null, ""lastReportTime"": null, ""events"": [{""code"": 401, ""description"": ""Cerrado"", ""iconCategory"": 8}]}"
tomtom,tomtom_cdmx_incidents,2026-07-04T07:19:02Z,2026-07-04,20260704T071858Z,2026-07-04T07:18:59.177925,TTI-0e6b35d1-b793-45b4-b4a5-22dc2fb82b8b-TTR24554234480006001,Feature,LineString,19.3717503551,-98.9726584309,9,Road works,0,,28.8571983505,Calle Oriente 30,Avenida Pantitlán / Calle de los Reyes,,present,probable,,2026-06-29T04:01:00Z,,,Obras | Nuevo trazado de carretera por obras,"701,810","{""type"": ""LineString"", ""coordinates"": [[-98.9729266518, 19.3716927104], [-98.9726584309, 19.3717503551]]}","{""id"": ""TTI-0e6b35d1-b793-45b4-b4a5-22dc2fb82b8b-TTR24554234480006001"", ""iconCategory"": 9, ""magnitudeOfDelay"": 0, ""startTime"": ""2026-06-29T04:01:00Z"", ""endTime"": null, ""from"": ""Calle Oriente 30"", ""to"": ""Avenida Pantitlán / Calle de los Reyes"", ""length"": 28.8571983505, ""delay"": null, ""roadNumbers"": [], ""timeValidity"": ""present"", ""probabilityOfOccurrence"": ""probable"", ""numberOfReports"": null, ""lastReportTime"": null, ""events"": [{""code"": 701, ""description"": ""Obras"", ""iconCategory"": 9}, {""code"": 810, ""description"": ""Nuevo trazado de carretera por obras"", ""iconCategory"": 9}]}"
tomtom,tomtom_cdmx_incidents,2026-07-04T07:19:02Z,2026-07-04,20260704T071858Z,2026-07-04T07:18:59.177943,TTI-0e6b35d1-b793-45b4-b4a5-22dc2fb82b8b-TTL24565775260023000,Feature,LineString,19.3006007527,-98.9679779762,6,Jam,2,162.0,430.9974458251,Brecha J,Calle Violeta,,present,certain,,2026-07-04T06:55:30Z,2026-07-04T07:37:30Z,,Tráfico en cola,108,"{""type"": ""LineString"", ""coordinates"": [[-98.9677178019, 19.3023777504], [-98.967719143, 19.3023669918], [-98.9677633995, 19.3020545175], [-98.9678250903, 19.3016160241], [-98.9678693467, 19.3013022035], [-98.9679256731, 19.3009467716], [-98.9679779762, 19.3006007527], [-98.9680289382, 19.3002560779], [-98.9680799001, 19.2998926537], [-98.9681241566, 19.2994997212], [-98.9681751185, 19.2991403299], [-98.9682019406, 19.2988828302], [-98.9682555848, 19.2985354621]]}","{""id"": ""TTI-0e6b35d1-b793-45b4-b4a5-22dc2fb82b8b-TTL24565775260023000"", ""iconCategory"": 6, ""magnitudeOfDelay"": 2, ""startTime"": ""2026-07-04T06:55:30Z"", ""endTime"": ""2026-07-04T07:37:30Z"", ""from"": ""Brecha J"", ""to"": ""Calle Violeta"", ""length"": 430.9974458251, ""delay"": 162, ""roadNumbers"": [], ""timeValidity"": ""present"", ""probabilityOfOccurrence"": ""certain"", ""numberOfReports"": null, ""lastReportTime"": null, ""events"": [{""code"": 108, ""description"": ""Tráfico en cola"", ""iconCategory"": 6}]}"
tomtom,tomtom_cdmx_incidents,2026-07-04T07:19:02Z,2026-07-04,20260704T071858Z,2026-07-04T07:18:59.177968,TTI-0e6b35d1-b793-45b4-b4a5-22dc2fb82b8b-TTL24565775188031000,Feature,LineString,19.3009467716,-98.9679256731,6,Jam,2,253.0,671.6900860102,Calle Dalia,Eje 10 Sur Tlaltenco a la México-Puebla,,present,certain,,2026-07-04T06:56:30Z,2026-07-04T07:39:30Z,,Tráfico en cola,108,"{""type"": ""LineString"", ""coordinates"": [[-98.9683119112, 19.298016505], [-98.9683038646, 19.2981934727], [-98.9682555848, 19.2985354621], [-98.9682019406, 19.2988828302], [-98.9681751185, 19.2991403299], [-98.9681241566, 19.2994997212], [-98.9680799001, 19.2998926537], [-98.9680289382, 19.3002560779], [-98.9679779762, 19.3006007527], [-98.9679256731, 19.3009467716], [-98.9678693467, 19.3013022035], [-98.9678250903, 19.3016160241], [-98.9677633995, 19.3020545175], [-98.967719143, 19.3023669918], [-98.9676695221, 19.3027116621], [-98.9676212424, 19.3030563316], [-98.9675461405, 19.3035887209], [-98.9675193184, 19.3038033374], [-98.967488473, 19.3040058503]]}","{""id"": ""TTI-0e6b35d1-b793-45b4-b4a5-22dc2fb82b8b-TTL24565775188031000"", ""iconCategory"": 6, ""magnitudeOfDelay"": 2, ""startTime"": ""2026-07-04T06:56:30Z"", ""endTime"": ""2026-07-04T07:39:30Z"", ""from"": ""Calle Dalia"", ""to"": ""Eje 10 Sur Tlaltenco a la México-Puebla"", ""length"": 671.6900860102, ""delay"": 253, ""roadNumbers"": [], ""timeValidity"": ""present"", ""probabilityOfOccurrence"": ""certain"", ""numberOfReports"": null, ""lastReportTime"": null, ""events"": [{""code"": 108, ""description"": ""Tráfico en cola"", ""iconCategory"": 6}]}"
tomtom,tomtom_cdmx_incidents,2026-07-04T07:19:02Z,2026-07-04,20260704T071858Z,2026-07-04T07:18:59.177998,TTI-0e6b35d1-b793-45b4-b4a5-22dc2fb82b8b-TTR24562890412041001,Feature,LineString,19.3307890533,-98.9668031686,9,Road works,0,,501.898713672,Eje 10 S/Calle Diez Sur Santa Catarina/Tlaltenco a la Mexico-Puebla (MEX-190D/Autopista México Puebla/MEX-150D),Eje 6 S/Avenida de las Torres (MEX-190D/Autopista México Puebla/MEX-150D),MEX-150D,present,probable,,2026-04-25T16:09:00Z,,,Obras | Nuevo trazado de carretera por obras,"701,810","{""type"": ""LineString"", ""coordinates"": [[-98.9653185659, 19.329551234], [-98.9653467291, 19.3295753578], [-98.9655063206, 19.3297094223], [-98.9655546003, 19.3297510258], [-98.9656377488, 19.3298194422], [-98.9658764654, 19.3300178891], [-98.9665738398, 19.3305959067], [-98.9666087085, 19.3306254086], [-98.9668031686, 19.3307890533], [-98.9669882411, 19.3309473195], [-98.9676990264, 19.3315467681], [-98.9680946523, 19.3318820439], [-98.9683186167, 19.3320724998], [-98.9684647971, 19.3321958848], [-98.9687598401, 19.3324466091], [-98.9688885861, 19.3325552826]]}","{""id"": ""TTI-0e6b35d1-b793-45b4-b4a5-22dc2fb82b8b-TTR24562890412041001"", ""iconCategory"": 9, ""magnitudeOfDelay"": 0, ""startTime"": ""2026-04-25T16:09:00Z"", ""endTime"": null, ""from"": ""Eje 10 S/Calle Diez Sur Santa Catarina/Tlaltenco a la Mexico-Puebla (MEX-190D/Autopista México Puebla/MEX-150D)"", ""to"": ""Eje 6 S/Avenida de las Torres (MEX-190D/Autopista México Puebla/MEX-150D)"", ""length"": 501.898713672, ""delay"": null, ""roadNumbers"": [""MEX-150D""], ""timeValidity"": ""present"", ""probabilityOfOccurrence"": ""probable"", ""numberOfReports"": null, ""lastReportTime"": null, ""events"": [{""code"": 701, ""description"": ""Obras"", ""iconCategory"": 9}, {""code"": 810, ""description"": ""Nuevo trazado de carretera por obras"", ""iconCategory"": 9}]}"
tomtom,tomtom_cdmx_incidents,2026-07-04T07:19:02Z,2026-07-04,20260704T071858Z,2026-07-04T07:18:59.178028,TTI-0e6b35d1-b793-45b4-b4a5-22dc2fb82b8b-TTR24551349872014000,Feature,LineString,19.4229604883,-98.9617887789,8,Road closed,4,,121.7959957271,Avenida Cozamaloc,Calle Acalote,,present,probable,,2026-07-03T18:28:30Z,,,Cerrado,401,"{""type"": ""LineString"", ""coordinates"": [[-98.9627034122, 19.4227633404], [-98.9622916931, 19.422853219], [-98.9621334427, 19.4228867358], [-98.9617887789, 19.4229604883], [-98.9616801494, 19.4229845982], [-98.96157152, 19.4230087872]]}","{""id"": ""TTI-0e6b35d1-b793-45b4-b4a5-22dc2fb82b8b-TTR24551349872014000"", ""iconCategory"": 8, ""magnitudeOfDelay"": 4, ""startTime"": ""2026-07-03T18:28:30Z"", ""endTime"": null, ""from"": ""Avenida Cozamaloc"", ""to"": ""Calle Acalote"", ""length"": 121.7959957271, ""delay"": null, ""roadNumbers"": [], ""timeValidity"": ""present"", ""probabilityOfOccurrence"": ""probable"", ""numberOfReports"": null, ""lastReportTime"": null, ""events"": [{""code"": 401, ""description"": ""Cerrado"", ""iconCategory"": 8}]}"
tomtom,tomtom_cdmx_incidents,2026-07-04T07:19:02Z,2026-07-04,20260704T071858Z,2026-07-04T07:18:59.178046,TTI-0e6b35d1-b793-45b4-b4a5-22dc2fb82b8b-TTR24551349944014000,Feature,LineString,19.4228867358,-98.9621334427,8,Road closed,4,,121.7959957271,Calle Acalote,Avenida Cozamaloc,,present,probable,,2026-07-03T18:28:00Z,,,Cerrado,401,"{""type"": ""LineString"", ""coordinates"": [[-98.96157152, 19.4230087872], [-98.9616801494, 19.4229845982], [-98.9617887789, 19.4229604883], [-98.9621334427, 19.4228867358], [-98.9622916931, 19.422853219], [-98.9627034122, 19.4227633404]]}","{""id"": ""TTI-0e6b35d1-b793-45b4-b4a5-22dc2fb82b8b-TTR24551349944014000"", ""iconCategory"": 8, ""magnitudeOfDelay"": 4, ""startTime"": ""2026-07-03T18:28:00Z"", ""endTime"": null, ""from"": ""Calle Acalote"", ""to"": ""Avenida Cozamaloc"", ""length"": 121.7959957271, ""delay"": null, ""roadNumbers"": [], ""timeValidity"": ""present"", ""probabilityOfOccurrence"": ""probable"", ""numberOfReports"": null, ""lastReportTime"": null, ""events"": [{""code"": 401, ""description"": ""Cerrado"", ""iconCategory"": 8}]}"
tomtom,tomtom_cdmx_incidents,2026-07-04T07:19:02Z,2026-07-04,20260704T071858Z,2026-07-04T07:18:59.178065,TTI-0e6b35d1-b793-45b4-b4a5-22dc2fb82b8b-TTR24574431308015000,Feature,LineString,19.2754095004,-98.9538708979,8,Road closed,4,,145.3062263633,Avenida Moctezuma,Calle Poniente 13,,present,probable,,2026-07-03T23:02:30Z,,,Cerrado,401,"{""type"": ""LineString"", ""coordinates"": [[-98.9536227935, 19.2744371874], [-98.9537139886, 19.2747268485], [-98.9538708979, 19.2754095004], [-98.9539459997, 19.2757072301]]}","{""id"": ""TTI-0e6b35d1-b793-45b4-b4a5-22dc2fb82b8b-TTR24574431308015000"", ""iconCategory"": 8, ""magnitudeOfDelay"": 4, ""startTime"": ""2026-07-03T23:02:30Z"", ""endTime"": null, ""from"": ""Avenida Moctezuma"", ""to"": ""Calle Poniente 13"", ""length"": 145.3062263633, ""delay"": null, ""roadNumbers"": [], ""timeValidity"": ""present"", ""probabilityOfOccurrence"": ""probable"", ""numberOfReports"": null, ""lastReportTime"": null, ""events"": [{""code"": 401, ""description"": ""Cerrado"", ""iconCategory"": 8}]}"
tomtom,tomtom_cdmx_incidents,2026-07-04T07:19:02Z,2026-07-04,20260704T071858Z,2026-07-04T07:18:59.178082,TTI-0e6b35d1-b793-45b4-b4a5-22dc2fb82b8b-TTR24574431280013000,Feature,LineString,19.2746369673,-98.9551744515,8,Road closed,4,,647.5221798437,Avenida Cuauhtémoc,Calle Poniente 19,,present,probable,,2026-07-01T23:28:00Z,,,Cerrado,401,"{""type"": ""LineString"", ""coordinates"": [[-98.9528141075, 19.2743419259], [-98.9534551555, 19.2744170907], [-98.9536227935, 19.2744371874], [-98.9538011604, 19.2744626643], [-98.9544140452, 19.2745364049], [-98.9547935778, 19.2745833235], [-98.9550685042, 19.2746209058], [-98.9551744515, 19.2746369673], [-98.9557779485, 19.2747322287], [-98.9564377719, 19.2747925978], [-98.9570010358, 19.27489047], [-98.9576903635, 19.2749977575], [-98.9583059305, 19.2750647726], [-98.9589201563, 19.2751586887]]}","{""id"": ""TTI-0e6b35d1-b793-45b4-b4a5-22dc2fb82b8b-TTR24574431280013000"", ""iconCategory"": 8, ""magnitudeOfDelay"": 4, ""startTime"": ""2026-07-01T23:28:00Z"", ""endTime"": null, ""from"": ""Avenida Cuauhtémoc"", ""to"": ""Calle Poniente 19"", ""length"": 647.5221798437, ""delay"": null, ""roadNumbers"": [], ""timeValidity"": ""present"", ""probabilityOfOccurrence"": ""probable"", ""numberOfReports"": null, ""lastReportTime"": null, ""events"": [{""code"": 401, ""description"": ""Cerrado"", ""iconCategory"": 8}]}"
tomtom,tomtom_cdmx_incidents,2026-07-04T07:19:02Z,2026-07-04,20260704T071858Z,2026-07-04T07:18:59.178108,TTI-0e6b35d1-b793-45b4-b4a5-22dc2fb82b8b-TTR24574431208013000,Feature,LineString,19.2746209058,-98.9550685042,8,Road closed,4,,647.5221798437,Calle Poniente 19,Avenida Cuauhtémoc,,present,probable,,2026-07-01T23:31:30Z,,,Cerrado,401,"{""type"": ""LineString"", ""coordinates"": [[-98.9589201563, 19.2751586887], [-98.9583059305, 19.2750647726], [-98.9576903635, 19.2749977575], [-98.9570010358, 19.27489047], [-98.9564377719, 19.2747925978], [-98.9557779485, 19.2747322287], [-98.9551744515, 19.2746369673], [-98.9550685042, 19.2746209058], [-98.9547935778, 19.2745833235], [-98.9544140452, 19.2745364049], [-98.9538011604, 19.2744626643], [-98.9536227935, 19.2744371874], [-98.9534551555, 19.2744170907], [-98.9528141075, 19.2743419259]]}","{""id"": ""TTI-0e6b35d1-b793-45b4-b4a5-22dc2fb82b8b-TTR24574431208013000"", ""iconCategory"": 8, ""magnitudeOfDelay"": 4, ""startTime"": ""2026-07-01T23:31:30Z"", ""endTime"": null, ""from"": ""Calle Poniente 19"", ""to"": ""Avenida Cuauhtémoc"", ""length"": 647.5221798437, ""delay"": null, ""roadNumbers"": [], ""timeValidity"": ""present"", ""probabilityOfOccurrence"": ""probable"", ""numberOfReports"": null, ""lastReportTime"": null, ""events"": [{""code"": 401, ""description"": ""Cerrado"", ""iconCategory"": 8}]}"
tomtom,tomtom_cdmx_incidents,2026-07-04T07:19:02Z,2026-07-04,20260704T071858Z,2026-07-04T07:18:59.178133,TTI-0e6b35d1-b793-45b4-b4a5-22dc2fb82b8b-TTR24574431496022000,Feature,LineString,19.2866546501,-98.9528449529,8,Road closed,4,,117.8779647145,Calle Poniente 15,Avenida Cuauhtémoc,,present,probable,,2026-06-28T15:30:00Z,,,Cerrado,401,"{""type"": ""LineString"", ""coordinates"": [[-98.9536509567, 19.2867498253], [-98.9528449529, 19.2866546501], [-98.9525351578, 19.28663052]]}","{""id"": ""TTI-0e6b35d1-b793-45b4-b4a5-22dc2fb82b8b-TTR24574431496022000"", ""iconCategory"": 8, ""magnitudeOfDelay"": 4, ""startTime"": ""2026-06-28T15:30:00Z"", ""endTime"": null, ""from"": ""Calle Poniente 15"", ""to"": ""Avenida Cuauhtémoc"", ""length"": 117.8779647145, ""delay"": null, ""roadNumbers"": [], ""timeValidity"": ""present"", ""probabilityOfOccurrence"": ""probable"", ""numberOfReports"": null, ""lastReportTime"": null, ""events"": [{""code"": 401, ""description"": ""Cerrado"", ""iconCategory"": 8}]}"
tomtom,tomtom_cdmx_incidents,2026-07-04T07:19:02Z,2026-07-04,20260704T071858Z,2026-07-04T07:18:59.178149,TTI-0e6b35d1-b793-45b4-b4a5-22dc2fb82b8b-TTR24554235424012000,Feature,LineString,19.4227499021,-98.9528637284,8,Road closed,4,,264.0851880176,Calle La Barranca,Calle Las Cruces,,present,probable,,2026-07-04T04:32:30Z,,,Cerrado,401,"{""type"": ""LineString"", ""coordinates"": [[-98.9513657146, 19.4225540977], [-98.9516111368, 19.4225313316], [-98.9516741687, 19.4225259563], [-98.9522588903, 19.4226091158], [-98.95231924, 19.4226185227], [-98.9526008719, 19.4226761494], [-98.9527618044, 19.4227217606], [-98.9528637284, 19.4227499021], [-98.9533478671, 19.4228665783], [-98.9536522978, 19.4229135333], [-98.9537005776, 19.4229095018], [-98.9537394696, 19.4228933759], [-98.9537783617, 19.4228692659], [-98.9538132304, 19.4228384369]]}","{""id"": ""TTI-0e6b35d1-b793-45b4-b4a5-22dc2fb82b8b-TTR24554235424012000"", ""iconCategory"": 8, ""magnitudeOfDelay"": 4, ""startTime"": ""2026-07-04T04:32:30Z"", ""endTime"": null, ""from"": ""Calle La Barranca"", ""to"": ""Calle Las Cruces"", ""length"": 264.0851880176, ""delay"": null, ""roadNumbers"": [], ""timeValidity"": ""present"", ""probabilityOfOccurrence"": ""probable"", ""numberOfReports"": null, ""lastReportTime"": null, ""events"": [{""code"": 401, ""description"": ""Cerrado"", ""iconCategory"": 8}]}"
tomtom,tomtom_cdmx_incidents,2026-07-04T07:19:02Z,2026-07-04,20260704T071858Z,2026-07-04T07:18:59.178174,TTI-0e6b35d1-b793-45b4-b4a5-22dc2fb82b8b-TTR24568661140022000,Feature,LineString,19.3239950105,-98.947610622,8,Road closed,4,,225.9008774019,Calle Agricultura,Calle San Juan,,present,probable,,2026-07-03T20:41:00Z,,,Cerrado,401,"{""type"": ""LineString"", ""coordinates"": [[-98.9485574418, 19.3247902485], [-98.947610622, 19.3239950105], [-98.9469440931, 19.3234451281]]}","{""id"": ""TTI-0e6b35d1-b793-45b4-b4a5-22dc2fb82b8b-TTR24568661140022000"", ""iconCategory"": 8, ""magnitudeOfDelay"": 4, ""startTime"": ""2026-07-03T20:41:00Z"", ""endTime"": null, ""from"": ""Calle Agricultura"", ""to"": ""Calle San Juan"", ""length"": 225.9008774019, ""delay"": null, ""roadNumbers"": [], ""timeValidity"": ""present"", ""probabilityOfOccurrence"": ""probable"", ""numberOfReports"": null, ""lastReportTime"": null, ""events"": [{""code"": 401, ""description"": ""Cerrado"", ""iconCategory"": 8}]}"
tomtom,tomtom_cdmx_incidents,2026-07-04T07:19:02Z,2026-07-04,20260704T071858Z,2026-07-04T07:18:59.178190,TTI-0e6b35d1-b793-45b4-b4a5-22dc2fb82b8b-TTR24568661212022000,Feature,LineString,19.3239950105,-98.947610622,8,Road closed,4,,225.9008774019,Calle San Juan,Calle Agricultura,,present,probable,,2026-07-03T20:40:30Z,,,Cerrado,401,"{""type"": ""LineString"", ""coordinates"": [[-98.9469440931, 19.3234451281], [-98.947610622, 19.3239950105], [-98.9485574418, 19.3247902485]]}","{""id"": ""TTI-0e6b35d1-b793-45b4-b4a5-22dc2fb82b8b-TTR24568661212022000"", ""iconCategory"": 8, ""magnitudeOfDelay"": 4, ""startTime"": ""2026-07-03T20:40:30Z"", ""endTime"": null, ""from"": ""Calle San Juan"", ""to"": ""Calle Agricultura"", ""length"": 225.9008774019, ""delay"": null, ""roadNumbers"": [], ""timeValidity"": ""present"", ""probabilityOfOccurrence"": ""probable"", ""numberOfReports"": null, ""lastReportTime"": null, ""events"": [{""code"": 401, ""description"": ""Cerrado"", ""iconCategory"": 8}]}"
tomtom,tomtom_cdmx_incidents,2026-07-04T07:19:02Z,2026-07-04,20260704T071858Z,2026-07-04T07:18:59.178205,TTI-0e6b35d1-b793-45b4-b4a5-22dc2fb82b8b-TTR24574431784014000,Feature,LineString,19.3091798111,-98.940552389,8,Road closed,4,,81.8560528316,Lateral México-Puebla,Calle Ignacio Zaragoza,,present,probable,,2025-10-15T00:56:30Z,,,Cerrado,401,"{""type"": ""LineString"", ""coordinates"": [[-98.9408662075, 19.3092093169], [-98.9407119804, 19.3091946035], [-98.940552389, 19.3091798111], [-98.9400910491, 19.3091275233]]}","{""id"": ""TTI-0e6b35d1-b793-45b4-b4a5-22dc2fb82b8b-TTR24574431784014000"", ""iconCategory"": 8, ""magnitudeOfDelay"": 4, ""startTime"": ""2025-10-15T00:56:30Z"", ""endTime"": null, ""from"": ""Lateral México-Puebla"", ""to"": ""Calle Ignacio Zaragoza"", ""length"": 81.8560528316, ""delay"": null, ""roadNumbers"": [], ""timeValidity"": ""present"", ""probabilityOfOccurrence"": ""probable"", ""numberOfReports"": null, ""lastReportTime"": null, ""events"": [{""code"": 401, ""description"": ""Cerrado"", ""iconCategory"": 8}]}"
tomtom,tomtom_cdmx_incidents,2026-07-04T07:19:02Z,2026-07-04,20260704T071858Z,2026-07-04T07:18:59.178222,TTI-0e6b35d1-b793-45b4-b4a5-22dc2fb82b8b-TTR24577317112013000,Feature,LineString,19.2999932798,-98.9404397362,8,Road closed,4,,77.7914278495,Calle Poniente 3,Avenida Alfredo del Mazo,,present,probable,,2026-07-03T02:07:00Z,,,Cerrado,401,"{""type"": ""LineString"", ""coordinates"": [[-98.9408098811, 19.3000388463], [-98.9404397362, 19.2999932798], [-98.9400749558, 19.2999476342]]}","{""id"": ""TTI-0e6b35d1-b793-45b4-b4a5-22dc2fb82b8b-TTR24577317112013000"", ""iconCategory"": 8, ""magnitudeOfDelay"": 4, ""startTime"": ""2026-07-03T02:07:00Z"", ""endTime"": null, ""from"": ""Calle Poniente 3"", ""to"": ""Avenida Alfredo del Mazo"", ""length"": 77.7914278495, ""delay"": null, ""roadNumbers"": [], ""timeValidity"": ""present"", ""probabilityOfOccurrence"": ""probable"", ""numberOfReports"": null, ""lastReportTime"": null, ""events"": [{""code"": 401, ""description"": ""Cerrado"", ""iconCategory"": 8}]}"
tomtom,tomtom_cdmx_incidents,2026-07-04T07:19:02Z,2026-07-04,20260704T071858Z,2026-07-04T07:18:59.178238,TTI-0e6b35d1-b793-45b4-b4a5-22dc2fb82b8b-TTR24577317184013000,Feature,LineString,19.3000388463,-98.9408098811,8,Road closed,4,,158.0927628923,Avenida Alfredo del Mazo,Calle Poniente 3,,present,probable,,2026-07-03T02:15:00Z,,,Cerrado,401,"{""type"": ""LineString"", ""coordinates"": [[-98.9400749558, 19.2999476342], [-98.9404397362, 19.2999932798], [-98.9408098811, 19.3000388463], [-98.9415702873, 19.3001192995]]}","{""id"": ""TTI-0e6b35d1-b793-45b4-b4a5-22dc2fb82b8b-TTR24577317184013000"", ""iconCategory"": 8, ""magnitudeOfDelay"": 4, ""startTime"": ""2026-07-03T02:15:00Z"", ""endTime"": null, ""from"": ""Avenida Alfredo del Mazo"", ""to"": ""Calle Poniente 3"", ""length"": 158.0927628923, ""delay"": null, ""roadNumbers"": [], ""timeValidity"": ""present"", ""probabilityOfOccurrence"": ""probable"", ""numberOfReports"": null, ""lastReportTime"": null, ""events"": [{""code"": 401, ""description"": ""Cerrado"", ""iconCategory"": 8}]}"
