_source_system,_source_table,_extracted_at_utc,_snapshot_date,_snapshot_id,extraction_timestamp,incident_id,incident_type,geometry_type,lat,lon,icon_category,icon_category_desc,magnitude_of_delay,delay_seconds,length_meters,from,to,road_numbers,time_validity,probability,number_of_reports,start_time,end_time,last_report_time,event_descriptions,event_codes,raw_geometry,raw_properties
tomtom,tomtom_cdmx_incidents,2026-07-02T04:34:19Z,2026-07-02,20260702T043415Z,2026-07-02T04:34:15.636999,TTI-0e6b35d1-b793-45b4-b4a5-22dc2fb82b8b-TTR24415734752060000,Feature,LineString,19.5486447953,-99.3443616385,9,Road works,0,,726.937,Carretera Santa Ana Jilotzingo (Espíritu Santo-Rancho Blanco),Boulevard Cantón del Espíritu Santo (Espíritu Santo-Rancho Blanco),,present,probable,,2026-06-16T22:42:30Z,,,Obras,701,"{""type"": ""LineString"", ""coordinates"": [[-99.3446848447, 19.5507355812], [-99.3446781392, 19.5507275246], [-99.3444944078, 19.5505075471], [-99.3444313759, 19.5504203458], [-99.3443267698, 19.550276906], [-99.3442369158, 19.5501253304], [-99.3442033882, 19.5500167236], [-99.3441685194, 19.5498048017], [-99.3441577906, 19.5495634174], [-99.3441832716, 19.549332775], [-99.3442704434, 19.5488902093], [-99.3443616385, 19.5486447953], [-99.3444850201, 19.5484703907], [-99.3448377306, 19.5481297959], [-99.3452360386, 19.5476912552], [-99.3456692154, 19.5471910235], [-99.3458100314, 19.5470609299], [-99.3461707885, 19.5467618799], [-99.3462445492, 19.5466948187], [-99.3463035578, 19.5466049298], [-99.3464591259, 19.5463233355], [-99.346806472, 19.5455481391], [-99.3469325358, 19.545192767]]}","{""id"": ""TTI-0e6b35d1-b793-45b4-b4a5-22dc2fb82b8b-TTR24415734752060000"", ""iconCategory"": 9, ""magnitudeOfDelay"": 0, ""startTime"": ""2026-06-16T22:42:30Z"", ""endTime"": null, ""from"": ""Carretera Santa Ana Jilotzingo (Espíritu Santo-Rancho Blanco)"", ""to"": ""Boulevard Cantón del Espíritu Santo (Espíritu Santo-Rancho Blanco)"", ""length"": 726.937, ""delay"": null, ""roadNumbers"": [], ""timeValidity"": ""present"", ""probabilityOfOccurrence"": ""probable"", ""numberOfReports"": null, ""lastReportTime"": null, ""events"": [{""code"": 701, ""description"": ""Obras"", ""iconCategory"": 9}]}"
tomtom,tomtom_cdmx_incidents,2026-07-02T04:34:19Z,2026-07-02,20260702T043415Z,2026-07-02T04:34:15.637084,TTI-0e6b35d1-b793-45b4-b4a5-22dc2fb82b8b-TTR24415734680060000,Feature,LineString,19.5486447953,-99.3443616385,9,Road works,0,,680.7175269476,Boulevard Cantón del Espíritu Santo (Espíritu Santo-Rancho Blanco),Carretera Santa Ana Jilotzingo (Espíritu Santo-Rancho Blanco),,present,probable,,2026-06-30T02:04:00Z,,,Obras,701,"{""type"": ""LineString"", ""coordinates"": [[-99.346806472, 19.5455481391], [-99.3464591259, 19.5463233355], [-99.3463035578, 19.5466049298], [-99.3462445492, 19.5466948187], [-99.3461707885, 19.5467618799], [-99.3458100314, 19.5470609299], [-99.3456692154, 19.5471910235], [-99.3452360386, 19.5476912552], [-99.3448377306, 19.5481297959], [-99.3444850201, 19.5484703907], [-99.3443616385, 19.5486447953], [-99.3442704434, 19.5488902093], [-99.3441832716, 19.549332775], [-99.3441577906, 19.5495634174], [-99.3441685194, 19.5498048017], [-99.3442033882, 19.5500167236], [-99.3442369158, 19.5501253304], [-99.3443267698, 19.550276906], [-99.3444313759, 19.5504203458], [-99.3444944078, 19.5505075471], [-99.3446580226, 19.5507033547]]}","{""id"": ""TTI-0e6b35d1-b793-45b4-b4a5-22dc2fb82b8b-TTR24415734680060000"", ""iconCategory"": 9, ""magnitudeOfDelay"": 0, ""startTime"": ""2026-06-30T02:04:00Z"", ""endTime"": null, ""from"": ""Boulevard Cantón del Espíritu Santo (Espíritu Santo-Rancho Blanco)"", ""to"": ""Carretera Santa Ana Jilotzingo (Espíritu Santo-Rancho Blanco)"", ""length"": 680.7175269476, ""delay"": null, ""roadNumbers"": [], ""timeValidity"": ""present"", ""probabilityOfOccurrence"": ""probable"", ""numberOfReports"": null, ""lastReportTime"": null, ""events"": [{""code"": 701, ""description"": ""Obras"", ""iconCategory"": 9}]}"
tomtom,tomtom_cdmx_incidents,2026-07-02T04:34:19Z,2026-07-02,20260702T043415Z,2026-07-02T04:34:15.637127,TTI-0e6b35d1-b793-45b4-b4a5-22dc2fb82b8b-TTL24456127560120000,Feature,LineString,19.3208957283,-99.3198757524,6,Jam,1,36.0,1578.7333434665,Carretera de la Marquesa-Acazulco/Carretera Huixquilucan-la Marquesa (Autopista México-Toluca/MEX-15D),MEX-15 (Autopista México-Toluca/MEX-15D),MEX-15D,present,certain,,2026-07-02T04:31:00Z,2026-07-02T04:47:00Z,,Tráfico pesado,122,"{""type"": ""LineString"", ""coordinates"": [[-99.3240425641, 19.3168388806], [-99.3238789494, 19.3169005788], [-99.3237193579, 19.3169769897], [-99.323566472, 19.3170601241], [-99.3234605247, 19.3171177881], [-99.3232781345, 19.3172465632], [-99.3227483983, 19.3176837491], [-99.3226692731, 19.3177629281], [-99.3224345798, 19.3179667684], [-99.3219705576, 19.3184106758], [-99.3217734153, 19.3186024131], [-99.3217009956, 19.3186748682], [-99.3216393048, 19.3187338764], [-99.3216004128, 19.3187780929], [-99.3215293343, 19.318850548], [-99.3213751072, 19.3189980682], [-99.3212249035, 19.3191509671], [-99.3211605305, 19.3192179641], [-99.3208467121, 19.3195237613], [-99.320563739, 19.3198349366], [-99.320384031, 19.320052142], [-99.3202767426, 19.3202090739], [-99.3201332445, 19.3204196345], [-99.3200447316, 19.320568498], [-99.3199548776, 19.3207428311], [-99.3198757524, 19.3208957283], [-99.3197778518, 19.3211398257], [-99.3197148199, 19.3212644845], [-99.3196102137, 19.3214979031], [-99.3194640333, 19.3218572453], [-99.3193339462, 19.3221657269], [-99.319280302, 19.3223159334], [-99.3189557547, 19.3231701862], [-99.3188739473, 19.3233646863], [-99.3185185546, 19.3242096002], [-99.3184810037, 19.3242873523], [-99.3183509166, 19.3245636369], [-99.318164503, 19.3249082604], [-99.3178600723, 19.3254139231], [-99.3177554662, 19.325598929], [-99.3173357005, 19.3263043856], [-99.3172337765, 19.3264680346], [-99.3171278293, 19.3266423614], [-99.317035293, 19.3267979423], [-99.3168502206, 19.3271533181], [-99.3167858476, 19.32728604], [-99.3167362267, 19.3274148071], [-99.3165404255, 19.3279392075], [-99.3164626414, 19.3281564813], [-99.3162896389, 19.3286406202]]}","{""id"": ""TTI-0e6b35d1-b793-45b4-b4a5-22dc2fb82b8b-TTL24456127560120000"", ""iconCategory"": 6, ""magnitudeOfDelay"": 1, ""startTime"": ""2026-07-02T04:31:00Z"", ""endTime"": ""2026-07-02T04:47:00Z"", ""from"": ""Carretera de la Marquesa-Acazulco/Carretera Huixquilucan-la Marquesa (Autopista México-Toluca/MEX-15D)"", ""to"": ""MEX-15 (Autopista México-Toluca/MEX-15D)"", ""length"": 1578.7333434665, ""delay"": 36, ""roadNumbers"": [""MEX-15D""], ""timeValidity"": ""present"", ""probabilityOfOccurrence"": ""certain"", ""numberOfReports"": null, ""lastReportTime"": null, ""events"": [{""code"": 122, ""description"": ""Tráfico pesado"", ""iconCategory"": 6}]}"
tomtom,tomtom_cdmx_incidents,2026-07-02T04:34:19Z,2026-07-02,20260702T043415Z,2026-07-02T04:34:15.637193,TTI-0e6b35d1-b793-45b4-b4a5-22dc2fb82b8b-TTL24459013524040000,Feature,LineString,19.342099914,-99.3084616119,6,Jam,1,42.0,493.9821824673,Autopista la Venta-Chamapa (MEX-15),MEX-15D/Autopista México-Toluca (Autopista México-Toluca/MEX-15),MEX-15,present,certain,,2026-07-02T04:33:00Z,2026-07-02T04:46:00Z,,Tráfico lento,115,"{""type"": ""LineString"", ""coordinates"": [[-99.30794931, 19.3442322736], [-99.3080056364, 19.3437521353], [-99.3080311174, 19.34348395], [-99.308064645, 19.3431996304], [-99.3081021959, 19.342900521], [-99.308129018, 19.3427744551], [-99.3081491346, 19.3426859558], [-99.3081705923, 19.342609557], [-99.3082148487, 19.3424928233], [-99.3082564229, 19.342393647], [-99.308295315, 19.3423212024], [-99.3083154315, 19.3422863246], [-99.3083409125, 19.3422514468], [-99.3084039444, 19.3421710142], [-99.3084616119, 19.342099914], [-99.3085487837, 19.3420154479], [-99.3086828942, 19.3419121588], [-99.3087298328, 19.3418799699], [-99.3087794537, 19.3418518145], [-99.3088491911, 19.3418129031], [-99.3090356047, 19.3417123028], [-99.3092904145, 19.3415836261], [-99.3096672649, 19.3414038581], [-99.309771871, 19.3413502362], [-99.3098778183, 19.3412845136], [-99.3100239987, 19.3411892911], [-99.3102184588, 19.3410350683], [-99.3104021902, 19.3408674004]]}","{""id"": ""TTI-0e6b35d1-b793-45b4-b4a5-22dc2fb82b8b-TTL24459013524040000"", ""iconCategory"": 6, ""magnitudeOfDelay"": 1, ""startTime"": ""2026-07-02T04:33:00Z"", ""endTime"": ""2026-07-02T04:46:00Z"", ""from"": ""Autopista la Venta-Chamapa (MEX-15)"", ""to"": ""MEX-15D/Autopista México-Toluca (Autopista México-Toluca/MEX-15)"", ""length"": 493.9821824673, ""delay"": 42, ""roadNumbers"": [""MEX-15""], ""timeValidity"": ""present"", ""probabilityOfOccurrence"": ""certain"", ""numberOfReports"": null, ""lastReportTime"": null, ""events"": [{""code"": 115, ""description"": ""Tráfico lento"", ""iconCategory"": 6}]}"
tomtom,tomtom_cdmx_incidents,2026-07-02T04:34:19Z,2026-07-02,20260702T043415Z,2026-07-02T04:34:15.637242,TTI-0e6b35d1-b793-45b4-b4a5-22dc2fb82b8b-TTR24456128128036000,Feature,LineString,19.3487410443,-99.306036895,8,Road closed,4,,352.7164915667,Avenida 16 de Septiembre,Prolongación Avenida 16 de Septiembre,,present,probable,,2026-06-23T16:16:30Z,,,Cerrado,401,"{""type"": ""LineString"", ""coordinates"": [[-99.3068737442, 19.3463512397], [-99.306345349, 19.347778183], [-99.3062313551, 19.3482649526], [-99.3061710054, 19.3484594228], [-99.3061119968, 19.3485989287], [-99.306036895, 19.3487410443], [-99.3059537465, 19.3488523958], [-99.3058585281, 19.3489556015], [-99.3057150299, 19.3490777083], [-99.3055648262, 19.3491970471], [-99.3055554385, 19.3492010805]]}","{""id"": ""TTI-0e6b35d1-b793-45b4-b4a5-22dc2fb82b8b-TTR24456128128036000"", ""iconCategory"": 8, ""magnitudeOfDelay"": 4, ""startTime"": ""2026-06-23T16:16:30Z"", ""endTime"": null, ""from"": ""Avenida 16 de Septiembre"", ""to"": ""Prolongación Avenida 16 de Septiembre"", ""length"": 352.7164915667, ""delay"": null, ""roadNumbers"": [], ""timeValidity"": ""present"", ""probabilityOfOccurrence"": ""probable"", ""numberOfReports"": null, ""lastReportTime"": null, ""events"": [{""code"": 401, ""description"": ""Cerrado"", ""iconCategory"": 8}]}"
tomtom,tomtom_cdmx_incidents,2026-07-02T04:34:19Z,2026-07-02,20260702T043415Z,2026-07-02T04:34:15.637270,TTI-0e6b35d1-b793-45b4-b4a5-22dc2fb82b8b-TTR24456128044052000,Feature,LineString,19.347778183,-99.306345349,8,Road closed,4,,627.4461041277,Prolongación Avenida 16 de Septiembre,Avenida 16 de Septiembre,,present,probable,,2026-06-22T03:02:30Z,,,Cerrado,401,"{""type"": ""LineString"", ""coordinates"": [[-99.3055554385, 19.3492010805], [-99.3055648262, 19.3491970471], [-99.3057150299, 19.3490777083], [-99.3058585281, 19.3489556015], [-99.3059537465, 19.3488523958], [-99.306036895, 19.3487410443], [-99.3061119968, 19.3485989287], [-99.3061710054, 19.3484594228], [-99.3062313551, 19.3482649526], [-99.306345349, 19.347778183], [-99.3068750853, 19.3463472063], [-99.3072613234, 19.3453547525], [-99.3073028976, 19.3452367554], [-99.3073632473, 19.3450570706], [-99.3074222559, 19.3448411638], [-99.3074450547, 19.3447203983], [-99.3074839467, 19.3445112135], [-99.3075161333, 19.3443167386], [-99.3075577075, 19.3439774548]]}","{""id"": ""TTI-0e6b35d1-b793-45b4-b4a5-22dc2fb82b8b-TTR24456128044052000"", ""iconCategory"": 8, ""magnitudeOfDelay"": 4, ""startTime"": ""2026-06-22T03:02:30Z"", ""endTime"": null, ""from"": ""Prolongación Avenida 16 de Septiembre"", ""to"": ""Avenida 16 de Septiembre"", ""length"": 627.4461041277, ""delay"": null, ""roadNumbers"": [], ""timeValidity"": ""present"", ""probabilityOfOccurrence"": ""probable"", ""numberOfReports"": null, ""lastReportTime"": null, ""events"": [{""code"": 401, ""description"": ""Cerrado"", ""iconCategory"": 8}]}"
tomtom,tomtom_cdmx_incidents,2026-07-02T04:34:19Z,2026-07-02,20260702T043415Z,2026-07-02T04:34:15.637302,TTI-0e6b35d1-b793-45b4-b4a5-22dc2fb82b8b-TTR24456128120023000,Feature,LineString,19.3569446297,-99.3017735237,8,Road closed,4,,150.8198741809,Avenida Ocampo,Avenida Juárez,,present,probable,,2026-06-02T17:31:00Z,,,Cerrado,401,"{""type"": ""LineString"", ""coordinates"": [[-99.3018754477, 19.3563102414], [-99.301840579, 19.3564711716], [-99.3018083925, 19.3567340371], [-99.3017735237, 19.3569446297], [-99.3016957397, 19.3571537985], [-99.3014664108, 19.3575964132]]}","{""id"": ""TTI-0e6b35d1-b793-45b4-b4a5-22dc2fb82b8b-TTR24456128120023000"", ""iconCategory"": 8, ""magnitudeOfDelay"": 4, ""startTime"": ""2026-06-02T17:31:00Z"", ""endTime"": null, ""from"": ""Avenida Ocampo"", ""to"": ""Avenida Juárez"", ""length"": 150.8198741809, ""delay"": null, ""roadNumbers"": [], ""timeValidity"": ""present"", ""probabilityOfOccurrence"": ""probable"", ""numberOfReports"": null, ""lastReportTime"": null, ""events"": [{""code"": 401, ""description"": ""Cerrado"", ""iconCategory"": 8}]}"
tomtom,tomtom_cdmx_incidents,2026-07-02T04:34:19Z,2026-07-02,20260702T043415Z,2026-07-02T04:34:15.637327,TTI-0e6b35d1-b793-45b4-b4a5-22dc2fb82b8b-TTR24456128336023000,Feature,LineString,19.3567340371,-99.3018083925,8,Road closed,4,,150.8198741809,Avenida Juárez,Avenida Ocampo,,present,probable,,2026-06-02T14:15:30Z,,,Cerrado,401,"{""type"": ""LineString"", ""coordinates"": [[-99.3014664108, 19.3575964132], [-99.3016957397, 19.3571537985], [-99.3017735237, 19.3569446297], [-99.3018083925, 19.3567340371], [-99.301840579, 19.3564711716], [-99.3018754477, 19.3563102414]]}","{""id"": ""TTI-0e6b35d1-b793-45b4-b4a5-22dc2fb82b8b-TTR24456128336023000"", ""iconCategory"": 8, ""magnitudeOfDelay"": 4, ""startTime"": ""2026-06-02T14:15:30Z"", ""endTime"": null, ""from"": ""Avenida Juárez"", ""to"": ""Avenida Ocampo"", ""length"": 150.8198741809, ""delay"": null, ""roadNumbers"": [], ""timeValidity"": ""present"", ""probabilityOfOccurrence"": ""probable"", ""numberOfReports"": null, ""lastReportTime"": null, ""events"": [{""code"": 401, ""description"": ""Cerrado"", ""iconCategory"": 8}]}"
tomtom,tomtom_cdmx_incidents,2026-07-02T04:34:19Z,2026-07-02,20260702T043415Z,2026-07-02T04:34:15.637350,TTI-0e6b35d1-b793-45b4-b4a5-22dc2fb82b8b-TTR24447472940022000,Feature,LineString,19.4217105632,-99.2991731221,8,Road closed,4,,170.259926229,Carretera La Venta-Lechería,Carretera La Venta-Lechería,,present,probable,,2024-08-30T14:38:00Z,,,Cerrado,401,"{""type"": ""LineString"", ""coordinates"": [[-99.2985414619, 19.4221102367], [-99.2985924239, 19.4220887353], [-99.2986259515, 19.4220659691], [-99.2986621613, 19.4220404362], [-99.2987238521, 19.4220002001], [-99.2987935895, 19.4219506362], [-99.2989236767, 19.4218634447], [-99.2990403528, 19.4217816286], [-99.2991731221, 19.4217105632], [-99.2992830927, 19.4216475607], [-99.2993716056, 19.4215965738], [-99.2994788939, 19.4215241645], [-99.2995244915, 19.4214839282], [-99.2996814007, 19.4213243271], [-99.2997417504, 19.4212693085], [-99.2997927124, 19.4212237759], [-99.2998222167, 19.4211862273]]}","{""id"": ""TTI-0e6b35d1-b793-45b4-b4a5-22dc2fb82b8b-TTR24447472940022000"", ""iconCategory"": 8, ""magnitudeOfDelay"": 4, ""startTime"": ""2024-08-30T14:38:00Z"", ""endTime"": null, ""from"": ""Carretera La Venta-Lechería"", ""to"": ""Carretera La Venta-Lechería"", ""length"": 170.259926229, ""delay"": null, ""roadNumbers"": [], ""timeValidity"": ""present"", ""probabilityOfOccurrence"": ""probable"", ""numberOfReports"": null, ""lastReportTime"": null, ""events"": [{""code"": 401, ""description"": ""Cerrado"", ""iconCategory"": 8}]}"
tomtom,tomtom_cdmx_incidents,2026-07-02T04:34:19Z,2026-07-02,20260702T043415Z,2026-07-02T04:34:15.637380,TTI-0e6b35d1-b793-45b4-b4a5-22dc2fb82b8b-TTL24456128488088000,Feature,LineString,19.3656778542,-99.3034928197,6,Jam,1,261.0,5093.7675344016,Calle Cuajimalpa Palo Solo (Autopista Naucalpan Cuajimalpa/Autopista de la Venta-Chamapa-Lechería),Carretera Mexico Toluca/Carretera México Toluca (Autopista Naucalpan Cuajimalpa/Autopista de la Venta-Chamapa-Lechería),"MEX-15,MEX-57D",present,certain,,2026-07-02T04:12:30Z,2026-07-02T04:57:00Z,,Tráfico lento,115,"{""type"": ""LineString"", ""coordinates"": [[-99.2956151718, 19.386970625], [-99.2956259007, 19.3869115624], [-99.2956929559, 19.386591027], [-99.2957157547, 19.3864784363], [-99.2958163375, 19.3860022966], [-99.2959584946, 19.3853116466], [-99.2960309142, 19.3849683367], [-99.2962602431, 19.3838753065], [-99.2962790186, 19.3837827971], [-99.296348756, 19.3834609114], [-99.2964453155, 19.383035762], [-99.2965110297, 19.3827394139], [-99.2965593094, 19.382573133], [-99.2965700383, 19.3825355755], [-99.2966116125, 19.3823920661], [-99.2966920788, 19.3821252095], [-99.2968476469, 19.3817027449], [-99.2969830984, 19.381348674], [-99.297105139, 19.3810523229], [-99.2971561009, 19.3809463701], [-99.2972151095, 19.3808256313], [-99.2972955758, 19.3806727902], [-99.2974498028, 19.3804005541], [-99.2977998311, 19.3797796199], [-99.2980358655, 19.3794215122], [-99.2982584888, 19.3790755015], [-99.2983402962, 19.3789481194], [-99.2986004705, 19.3784921207], [-99.2986728901, 19.3783472636], [-99.298747992, 19.3781984528], [-99.2989344055, 19.3777370752], [-99.299005484, 19.3774849181], [-99.2990483994, 19.3772797289], [-99.2990779037, 19.3770758836], [-99.299081927, 19.3768801034], [-99.299081927, 19.376704407], [-99.2990671749, 19.3764804768], [-99.2989893908, 19.3759506974], [-99.2989813442, 19.375898431], [-99.2988968546, 19.3754934252], [-99.2988861257, 19.3754572102], [-99.2988432104, 19.3753029408], [-99.2987774963, 19.375056236], [-99.2986956889, 19.3747223141], [-99.2986205871, 19.3743414224], [-99.298568284, 19.3740543891], [-99.2985588962, 19.3739404454], [-99.2985387797, 19.3737084461], [-99.2985280508, 19.3733570463], [-99.298530733, 19.3731800018], [-99.2985401208, 19.3730029572], [-99.2985495085, 19.3729023762], [-99.2985723073, 19.372651635], [-99.2985951061, 19.3724772783], [-99.2986018116, 19.3724397184], [-99.2986165637, 19.3723592217], [-99.2986594791, 19.3721299086], [-99.2987010533, 19.3719757151], [-99.2987466509, 19.3718295079], [-99.298761403, 19.3717570764], [-99.2988566214, 19.3714419673], [-99.2989196534, 19.3712729863], [-99.2989625687, 19.3711790464], [-99.2990470583, 19.3709967017], [-99.2990966792, 19.3708934309], [-99.29915837, 19.3707834387], [-99.2991932387, 19.3707190723], [-99.2992442006, 19.3706211784], [-99.2993099148, 19.3705084975], [-99.2993327135, 19.370469672], [-99.2993541712, 19.3704374887], [-99.2994453663, 19.3703020343], [-99.2995553369, 19.3701504485], [-99.2999429161, 19.3696287932], [-99.3003090376, 19.3692103291], [-99.3003975505, 19.3690923492], [-99.3004431481, 19.3690413458], [-99.3004981334, 19.3689756344], [-99.3005665297, 19.3688925265], [-99.3006939346, 19.3687395951], [-99.3009782488, 19.3684244802], [-99.3012397642, 19.3681455022], [-99.3014985973, 19.3678665236], [-99.3016394133, 19.3677177033], [-99.3017668182, 19.3675849351], [-99.3020618612, 19.3672604079], [-99.3022844846, 19.3670270548], [-99.3025446588, 19.3667426972], [-99.3028169031, 19.3664409423], [-99.3030059988, 19.3662411163], [-99.3031696135, 19.3660641433], [-99.3033412749, 19.3658776808], [-99.3034928197, 19.3656778542], [-99.3036966676, 19.3653573561], [-99.3037811572, 19.3651910574], [-99.3038468713, 19.3650783728], [-99.3040373082, 19.3646894718], [-99.3042344505, 19.3642589752], [-99.3042652959, 19.3641772092], [-99.3043578321, 19.3638419207], [-99.3043886775, 19.3636045297], [-99.3044007475, 19.3632973917], [-99.3043953831, 19.3630345368], [-99.3043645377, 19.362740841], [-99.3043202812, 19.3624820181], [-99.3042451794, 19.3620998326], [-99.304227745, 19.3620273968], [-99.3041647131, 19.3617578182], [-99.3040909523, 19.3613501676], [-99.3040104861, 19.3609156292], [-99.3039648885, 19.360639327], [-99.3039340431, 19.3604596591], [-99.3039005155, 19.3603014215], [-99.3038790578, 19.3601364621], [-99.3038576002, 19.360027807], [-99.3038549179, 19.3600197409], [-99.3038012738, 19.3597179736], [-99.3037610406, 19.3594980531], [-99.3037342185, 19.3593290598], [-99.3037154431, 19.3591721655], [-99.3036993498, 19.3588556877], [-99.3036913032, 19.3586156007], [-99.3036939854, 19.3583473608], [-99.3037073964, 19.3581073521], [-99.3037154431, 19.3580281927], [-99.3037261719, 19.3579316355], [-99.3037610406, 19.357768018], [-99.3037959093, 19.3575802808], [-99.3038361425, 19.3574059079], [-99.3038723523, 19.3572624555], [-99.3039246554, 19.3570948042], [-99.3040399904, 19.3567635343], [-99.3041445965, 19.3564698272], [-99.3042492027, 19.3562016628], [-99.3043833131, 19.3558663579], [-99.3044825549, 19.3556423991], [-99.3047092015, 19.3551006106], [-99.3047427291, 19.3550133833], [-99.3049251193, 19.3545480651], [-99.3050686175, 19.3542235119], [-99.3051249439, 19.3541041768], [-99.3051557893, 19.3540317374], [-99.305280512, 19.3537139053], [-99.3053837771, 19.3534429685], [-99.3054307157, 19.353320944], [-99.3055125231, 19.3531372348], [-99.3056144471, 19.3528984838], [-99.3058504815, 19.3523861842], [-99.3059014434, 19.3522668477], [-99.3060449416, 19.3518685053], [-99.3060476238, 19.3518617832], [-99.3061321134, 19.3515963001], [-99.3061334545, 19.3515909224], [-99.3062206263, 19.351306617], [-99.3063305969, 19.350841209], [-99.3063587601, 19.3507138049], [-99.3063949699, 19.3505113499], [-99.3064338619, 19.3503262141], [-99.3064942116, 19.3500110636], [-99.3065290803, 19.34980323], [-99.3065465147, 19.3496812027], [-99.3065545613, 19.3495846406], [-99.3065733368, 19.3494746341], [-99.3065854067, 19.3492373012], [-99.306626981, 19.3490266987], [-99.3066564853, 19.3489181153], [-99.3066873307, 19.3487718874], [-99.306845581, 19.3478344918], [-99.3070521111, 19.3470767735], [-99.3071459884, 19.3467938046], [-99.3072546179, 19.3464692361], [-99.3074785823, 19.3458174871], [-99.3076314682, 19.3453587859], [-99.307679748, 19.3452207008], [-99.3077816719, 19.3448585629], [-99.3077991063, 19.3447767872], [-99.3078138585, 19.3447070326], [-99.3078299517, 19.3446493783], [-99.3078447039, 19.344586346], [-99.307859456, 19.3445286917], [-99.3078782315, 19.3444495256], [-99.3079010302, 19.3443690942], [-99.3079157824, 19.3443127051], [-99.30794931, 19.3442322736]]}","{""id"": ""TTI-0e6b35d1-b793-45b4-b4a5-22dc2fb82b8b-TTL24456128488088000"", ""iconCategory"": 6, ""magnitudeOfDelay"": 1, ""startTime"": ""2026-07-02T04:12:30Z"", ""endTime"": ""2026-07-02T04:57:00Z"", ""from"": ""Calle Cuajimalpa Palo Solo (Autopista Naucalpan Cuajimalpa/Autopista de la Venta-Chamapa-Lechería)"", ""to"": ""Carretera Mexico Toluca/Carretera México Toluca (Autopista Naucalpan Cuajimalpa/Autopista de la Venta-Chamapa-Lechería)"", ""length"": 5093.7675344016, ""delay"": 261, ""roadNumbers"": [""MEX-15"", ""MEX-57D""], ""timeValidity"": ""present"", ""probabilityOfOccurrence"": ""certain"", ""numberOfReports"": null, ""lastReportTime"": null, ""events"": [{""code"": 115, ""description"": ""Tráfico lento"", ""iconCategory"": 6}]}"
tomtom,tomtom_cdmx_incidents,2026-07-02T04:34:19Z,2026-07-02,20260702T043415Z,2026-07-02T04:34:15.637556,TTI-0e6b35d1-b793-45b4-b4a5-22dc2fb82b8b-TTR24459014024031000,Feature,LineString,19.381655778,-99.2851384634,8,Road closed,4,,302.2683891228,Calle Espoleta,Calle Jerecuaro / Calle Zitacuaro,,present,probable,,2026-04-11T02:55:30Z,,,Cerrado,401,"{""type"": ""LineString"", ""coordinates"": [[-99.285453623, 19.380648595], [-99.2851384634, 19.381655778], [-99.2846234793, 19.3832516973]]}","{""id"": ""TTI-0e6b35d1-b793-45b4-b4a5-22dc2fb82b8b-TTR24459014024031000"", ""iconCategory"": 8, ""magnitudeOfDelay"": 4, ""startTime"": ""2026-04-11T02:55:30Z"", ""endTime"": null, ""from"": ""Calle Espoleta"", ""to"": ""Calle Jerecuaro / Calle Zitacuaro"", ""length"": 302.2683891228, ""delay"": null, ""roadNumbers"": [], ""timeValidity"": ""present"", ""probabilityOfOccurrence"": ""probable"", ""numberOfReports"": null, ""lastReportTime"": null, ""events"": [{""code"": 401, ""description"": ""Cerrado"", ""iconCategory"": 8}]}"
tomtom,tomtom_cdmx_incidents,2026-07-02T04:34:19Z,2026-07-02,20260702T043415Z,2026-07-02T04:34:15.637594,TTI-0e6b35d1-b793-45b4-b4a5-22dc2fb82b8b-TTR24459014096031000,Feature,LineString,19.381655778,-99.2851384634,8,Road closed,4,,302.2683891228,Calle Jerecuaro / Calle Zitacuaro,Calle Espoleta,,present,probable,,2026-04-11T02:55:00Z,,,Cerrado,401,"{""type"": ""LineString"", ""coordinates"": [[-99.2846234793, 19.3832516973], [-99.2851384634, 19.381655778], [-99.285453623, 19.380648595]]}","{""id"": ""TTI-0e6b35d1-b793-45b4-b4a5-22dc2fb82b8b-TTR24459014096031000"", ""iconCategory"": 8, ""magnitudeOfDelay"": 4, ""startTime"": ""2026-04-11T02:55:00Z"", ""endTime"": null, ""from"": ""Calle Jerecuaro / Calle Zitacuaro"", ""to"": ""Calle Espoleta"", ""length"": 302.2683891228, ""delay"": null, ""roadNumbers"": [], ""timeValidity"": ""present"", ""probabilityOfOccurrence"": ""probable"", ""numberOfReports"": null, ""lastReportTime"": null, ""events"": [{""code"": 401, ""description"": ""Cerrado"", ""iconCategory"": 8}]}"
tomtom,tomtom_cdmx_incidents,2026-07-02T04:34:19Z,2026-07-02,20260702T043415Z,2026-07-02T04:34:15.637611,TTI-0e6b35d1-b793-45b4-b4a5-22dc2fb82b8b-TTR24461899760023000,Feature,LineString,19.3889058412,-99.2762321884,8,Road closed,4,,175.8838611544,Avenida Del Olivo,Avenida Tecamachalco,,present,probable,,2026-06-30T23:20:30Z,,,Cerrado,401,"{""type"": ""LineString"", ""coordinates"": [[-99.2757936472, 19.3888440911], [-99.2758097405, 19.388854844], [-99.2758285159, 19.3888629087], [-99.2758486325, 19.3888696292], [-99.2762321884, 19.3889058412], [-99.2767203504, 19.3889380208], [-99.2772943432, 19.3889715445], [-99.277459299, 19.3889808742]]}","{""id"": ""TTI-0e6b35d1-b793-45b4-b4a5-22dc2fb82b8b-TTR24461899760023000"", ""iconCategory"": 8, ""magnitudeOfDelay"": 4, ""startTime"": ""2026-06-30T23:20:30Z"", ""endTime"": null, ""from"": ""Avenida Del Olivo"", ""to"": ""Avenida Tecamachalco"", ""length"": 175.8838611544, ""delay"": null, ""roadNumbers"": [], ""timeValidity"": ""present"", ""probabilityOfOccurrence"": ""probable"", ""numberOfReports"": null, ""lastReportTime"": null, ""events"": [{""code"": 401, ""description"": ""Cerrado"", ""iconCategory"": 8}]}"
tomtom,tomtom_cdmx_incidents,2026-07-02T04:34:19Z,2026-07-02,20260702T043415Z,2026-07-02T04:34:15.637633,TTI-0e6b35d1-b793-45b4-b4a5-22dc2fb82b8b-TTR24461899688023000,Feature,LineString,19.3888696292,-99.2758486325,8,Road closed,4,,175.8838611544,Avenida Tecamachalco,Avenida Del Olivo,,present,probable,,2026-06-30T22:10:00Z,,,Cerrado,401,"{""type"": ""LineString"", ""coordinates"": [[-99.277459299, 19.3889808742], [-99.2772943432, 19.3889715445], [-99.2767203504, 19.3889380208], [-99.2762321884, 19.3889058412], [-99.2758486325, 19.3888696292], [-99.2758285159, 19.3888629087], [-99.2758097405, 19.388854844], [-99.2757936472, 19.3888440911]]}","{""id"": ""TTI-0e6b35d1-b793-45b4-b4a5-22dc2fb82b8b-TTR24461899688023000"", ""iconCategory"": 8, ""magnitudeOfDelay"": 4, ""startTime"": ""2026-06-30T22:10:00Z"", ""endTime"": null, ""from"": ""Avenida Tecamachalco"", ""to"": ""Avenida Del Olivo"", ""length"": 175.8838611544, ""delay"": null, ""roadNumbers"": [], ""timeValidity"": ""present"", ""probabilityOfOccurrence"": ""probable"", ""numberOfReports"": null, ""lastReportTime"": null, ""events"": [{""code"": 401, ""description"": ""Cerrado"", ""iconCategory"": 8}]}"
tomtom,tomtom_cdmx_incidents,2026-07-02T04:34:19Z,2026-07-02,20260702T043415Z,2026-07-02T04:34:15.637653,TTI-0e6b35d1-b793-45b4-b4a5-22dc2fb82b8b-TTR24450358992022000,Feature,LineString,19.4555788531,-99.2714860195,8,Road closed,4,,202.4197368365,Avenida de las Torres / Calle Primer de Pino Suárez,Calle Santa Rosa,,present,probable,,2026-06-22T17:38:00Z,,,Cerrado,401,"{""type"": ""LineString"", ""coordinates"": [[-99.270336693, 19.4560159838], [-99.2703809494, 19.4560294194], [-99.2704386169, 19.4560334501], [-99.2709120268, 19.45587657], [-99.2711467201, 19.4557517771], [-99.2712942416, 19.4556807266], [-99.2714028711, 19.4556270632], [-99.2714860195, 19.4555788531], [-99.2718239779, 19.4552824002], [-99.2719191963, 19.4551911959], [-99.2719393129, 19.4551778393], [-99.2719500417, 19.4551711215], [-99.2719621116, 19.4551670908], [-99.2719755227, 19.4551670908], [-99.2719835693, 19.4551684344]]}","{""id"": ""TTI-0e6b35d1-b793-45b4-b4a5-22dc2fb82b8b-TTR24450358992022000"", ""iconCategory"": 8, ""magnitudeOfDelay"": 4, ""startTime"": ""2026-06-22T17:38:00Z"", ""endTime"": null, ""from"": ""Avenida de las Torres / Calle Primer de Pino Suárez"", ""to"": ""Calle Santa Rosa"", ""length"": 202.4197368365, ""delay"": null, ""roadNumbers"": [], ""timeValidity"": ""present"", ""probabilityOfOccurrence"": ""probable"", ""numberOfReports"": null, ""lastReportTime"": null, ""events"": [{""code"": 401, ""description"": ""Cerrado"", ""iconCategory"": 8}]}"
tomtom,tomtom_cdmx_incidents,2026-07-02T04:34:19Z,2026-07-02,20260702T043415Z,2026-07-02T04:34:15.637681,TTI-0e6b35d1-b793-45b4-b4a5-22dc2fb82b8b-TTR24450358920022000,Feature,LineString,19.4555788531,-99.2714860195,8,Road closed,4,,202.4197368365,Calle Santa Rosa,Avenida de las Torres / Calle Primer de Pino Suárez,,present,probable,,2026-06-22T17:42:00Z,,,Cerrado,401,"{""type"": ""LineString"", ""coordinates"": [[-99.2719835693, 19.4551684344], [-99.2719755227, 19.4551670908], [-99.2719621116, 19.4551670908], [-99.2719500417, 19.4551711215], [-99.2719393129, 19.4551778393], [-99.2719191963, 19.4551911959], [-99.2718239779, 19.4552824002], [-99.2714860195, 19.4555788531], [-99.2714028711, 19.4556270632], [-99.2712942416, 19.4556807266], [-99.2711467201, 19.4557517771], [-99.2709120268, 19.45587657], [-99.2704386169, 19.4560334501], [-99.2703809494, 19.4560294194], [-99.270336693, 19.4560159838]]}","{""id"": ""TTI-0e6b35d1-b793-45b4-b4a5-22dc2fb82b8b-TTR24450358920022000"", ""iconCategory"": 8, ""magnitudeOfDelay"": 4, ""startTime"": ""2026-06-22T17:42:00Z"", ""endTime"": null, ""from"": ""Calle Santa Rosa"", ""to"": ""Avenida de las Torres / Calle Primer de Pino Suárez"", ""length"": 202.4197368365, ""delay"": null, ""roadNumbers"": [], ""timeValidity"": ""present"", ""probabilityOfOccurrence"": ""probable"", ""numberOfReports"": null, ""lastReportTime"": null, ""events"": [{""code"": 401, ""description"": ""Cerrado"", ""iconCategory"": 8}]}"
tomtom,tomtom_cdmx_incidents,2026-07-02T04:34:19Z,2026-07-02,20260702T043415Z,2026-07-02T04:34:15.637708,TTI-0e6b35d1-b793-45b4-b4a5-22dc2fb82b8b-TTR24476325884030000,Feature,LineString,19.3135880617,-99.2656683082,8,Road closed,4,,322.3048934586,Calle Ocotepec,Calle Benito Juárez,,present,probable,,2026-05-20T20:34:30Z,,,Cerrado,401,"{""type"": ""LineString"", ""coordinates"": [[-99.2644197399, 19.3147467424], [-99.264497524, 19.3146796644], [-99.2645914013, 19.3146367915], [-99.2647429461, 19.3145656793], [-99.2648918087, 19.3144785095], [-99.2649749572, 19.3143940291], [-99.2650768811, 19.3143296405], [-99.265126502, 19.3143108934], [-99.2652109916, 19.3142411258], [-99.26530621, 19.3141512664], [-99.265409475, 19.3140359361], [-99.2655060345, 19.3138844563], [-99.2655985708, 19.3137221394], [-99.2656683082, 19.3135880617], [-99.2657125646, 19.3134606285], [-99.2657447511, 19.3132889771], [-99.2657474334, 19.3132138302], [-99.2657527978, 19.3130247761], [-99.2657621855, 19.3128893531], [-99.2657621855, 19.3128571585], [-99.2657407278, 19.3128356426], [-99.2657139057, 19.3128195849], [-99.2656522149, 19.3128101717], [-99.2655382211, 19.3128558137], [-99.2653826529, 19.3129509737], [-99.2653370554, 19.3129738343]]}","{""id"": ""TTI-0e6b35d1-b793-45b4-b4a5-22dc2fb82b8b-TTR24476325884030000"", ""iconCategory"": 8, ""magnitudeOfDelay"": 4, ""startTime"": ""2026-05-20T20:34:30Z"", ""endTime"": null, ""from"": ""Calle Ocotepec"", ""to"": ""Calle Benito Juárez"", ""length"": 322.3048934586, ""delay"": null, ""roadNumbers"": [], ""timeValidity"": ""present"", ""probabilityOfOccurrence"": ""probable"", ""numberOfReports"": null, ""lastReportTime"": null, ""events"": [{""code"": 401, ""description"": ""Cerrado"", ""iconCategory"": 8}]}"
tomtom,tomtom_cdmx_incidents,2026-07-02T04:34:19Z,2026-07-02,20260702T043415Z,2026-07-02T04:34:15.637744,TTI-0e6b35d1-b793-45b4-b4a5-22dc2fb82b8b-TTR24476325924030000,Feature,LineString,19.3137221394,-99.2655985708,8,Road closed,4,,322.3048934586,Calle Benito Juárez,Calle Ocotepec,,present,probable,,2026-05-16T17:39:00Z,,,Cerrado,401,"{""type"": ""LineString"", ""coordinates"": [[-99.2653370554, 19.3129738343], [-99.2653826529, 19.3129509737], [-99.2655382211, 19.3128558137], [-99.2656522149, 19.3128101717], [-99.2657139057, 19.3128195849], [-99.2657407278, 19.3128356426], [-99.2657621855, 19.3128571585], [-99.2657621855, 19.3128893531], [-99.2657527978, 19.3130247761], [-99.2657474334, 19.3132138302], [-99.2657447511, 19.3132889771], [-99.2657125646, 19.3134606285], [-99.2656683082, 19.3135880617], [-99.2655985708, 19.3137221394], [-99.2655060345, 19.3138844563], [-99.265409475, 19.3140359361], [-99.26530621, 19.3141512664], [-99.2652109916, 19.3142411258], [-99.265126502, 19.3143108934], [-99.2650768811, 19.3143296405], [-99.2649749572, 19.3143940291], [-99.2648918087, 19.3144785095], [-99.2647429461, 19.3145656793], [-99.2645914013, 19.3146367915], [-99.264497524, 19.3146796644], [-99.2644197399, 19.3147467424]]}","{""id"": ""TTI-0e6b35d1-b793-45b4-b4a5-22dc2fb82b8b-TTR24476325924030000"", ""iconCategory"": 8, ""magnitudeOfDelay"": 4, ""startTime"": ""2026-05-16T17:39:00Z"", ""endTime"": null, ""from"": ""Calle Benito Juárez"", ""to"": ""Calle Ocotepec"", ""length"": 322.3048934586, ""delay"": null, ""roadNumbers"": [], ""timeValidity"": ""present"", ""probabilityOfOccurrence"": ""probable"", ""numberOfReports"": null, ""lastReportTime"": null, ""events"": [{""code"": 401, ""description"": ""Cerrado"", ""iconCategory"": 8}]}"
tomtom,tomtom_cdmx_incidents,2026-07-02T04:34:19Z,2026-07-02,20260702T043415Z,2026-07-02T04:34:15.637779,TTI-0e6b35d1-b793-45b4-b4a5-22dc2fb82b8b-TTR24438818704022000,Feature,LineString,19.5597906543,-99.2608430142,8,Road closed,4,,241.914932129,Avenida Pioneros del Cooperativismo / Calle Pioneros del Cooperativismo,Calle Juan Angulo,,present,probable,,2026-06-05T02:53:00Z,,,Cerrado,401,"{""type"": ""LineString"", ""coordinates"": [[-99.2597312385, 19.5596954809], [-99.2599028999, 19.5597464243], [-99.2599391097, 19.5597625366], [-99.2599672729, 19.5597719355], [-99.2600021416, 19.5597773063], [-99.2600383515, 19.5597799127], [-99.2601590509, 19.5597852835], [-99.260275727, 19.5597879689], [-99.2605855221, 19.559778649], [-99.2608430142, 19.5597906543], [-99.2609798068, 19.5597973677], [-99.2613647038, 19.5598054239], [-99.2615242953, 19.5597946823], [-99.2616181726, 19.5598054239], [-99.2617053444, 19.5598255643], [-99.2618139738, 19.5598563673], [-99.2619105334, 19.5598818785], [-99.2620070929, 19.5599127605]]}","{""id"": ""TTI-0e6b35d1-b793-45b4-b4a5-22dc2fb82b8b-TTR24438818704022000"", ""iconCategory"": 8, ""magnitudeOfDelay"": 4, ""startTime"": ""2026-06-05T02:53:00Z"", ""endTime"": null, ""from"": ""Avenida Pioneros del Cooperativismo / Calle Pioneros del Cooperativismo"", ""to"": ""Calle Juan Angulo"", ""length"": 241.914932129, ""delay"": null, ""roadNumbers"": [], ""timeValidity"": ""present"", ""probabilityOfOccurrence"": ""probable"", ""numberOfReports"": null, ""lastReportTime"": null, ""events"": [{""code"": 401, ""description"": ""Cerrado"", ""iconCategory"": 8}]}"
tomtom,tomtom_cdmx_incidents,2026-07-02T04:34:19Z,2026-07-02,20260702T043415Z,2026-07-02T04:34:15.637809,TTI-0e6b35d1-b793-45b4-b4a5-22dc2fb82b8b-TTR24438818632022000,Feature,LineString,19.5597799127,-99.2600383515,8,Road closed,4,,172.7599825833,Calle Puebla,Avenida Pioneros del Cooperativismo / Calle Pioneros del Cooperativismo,,present,probable,,2026-06-02T20:11:30Z,,,Cerrado,401,"{""type"": ""LineString"", ""coordinates"": [[-99.2613647038, 19.5598054239], [-99.2609798068, 19.5597973677], [-99.2608430142, 19.5597906543], [-99.2605855221, 19.559778649], [-99.260275727, 19.5597879689], [-99.2601590509, 19.5597852835], [-99.2600383515, 19.5597799127], [-99.2600021416, 19.5597773063], [-99.2599672729, 19.5597719355], [-99.2599391097, 19.5597625366], [-99.2599028999, 19.5597464243], [-99.2597312385, 19.5596954809]]}","{""id"": ""TTI-0e6b35d1-b793-45b4-b4a5-22dc2fb82b8b-TTR24438818632022000"", ""iconCategory"": 8, ""magnitudeOfDelay"": 4, ""startTime"": ""2026-06-02T20:11:30Z"", ""endTime"": null, ""from"": ""Calle Puebla"", ""to"": ""Avenida Pioneros del Cooperativismo / Calle Pioneros del Cooperativismo"", ""length"": 172.7599825833, ""delay"": null, ""roadNumbers"": [], ""timeValidity"": ""present"", ""probabilityOfOccurrence"": ""probable"", ""numberOfReports"": null, ""lastReportTime"": null, ""events"": [{""code"": 401, ""description"": ""Cerrado"", ""iconCategory"": 8}]}"
tomtom,tomtom_cdmx_incidents,2026-07-02T04:34:19Z,2026-07-02,20260702T043415Z,2026-07-02T04:34:15.637833,TTI-0e6b35d1-b793-45b4-b4a5-22dc2fb82b8b-TTR24464785488030000,Feature,LineString,19.4029082745,-99.2574473376,8,Road closed,4,,271.2991251871,Calle Fuente del Pescador,Avenida de los Bosques,,present,probable,,2026-06-02T16:06:30Z,,,Cerrado,401,"{""type"": ""LineString"", ""coordinates"": [[-99.2560338134, 19.4033924287], [-99.2563825006, 19.4032958193], [-99.2570718283, 19.4031228394], [-99.2571697289, 19.4030920066], [-99.2572488541, 19.4030638618], [-99.257286405, 19.4030477338], [-99.2573172504, 19.403031685], [-99.2573480958, 19.403010181], [-99.2573776001, 19.4029874122], [-99.2574097866, 19.4029565793], [-99.2574325854, 19.4029296994], [-99.2574473376, 19.4029082745], [-99.2574620897, 19.4028855057], [-99.2574795241, 19.4028559377], [-99.2574929351, 19.4028210729], [-99.2575009817, 19.40278352], [-99.2576283867, 19.4021760322], [-99.2576498443, 19.4021236951], [-99.257671302, 19.4020928621], [-99.2577021474, 19.4020727811], [-99.2577370161, 19.4020606851], [-99.2577678615, 19.4020579971], [-99.2578228468, 19.4020579971]]}","{""id"": ""TTI-0e6b35d1-b793-45b4-b4a5-22dc2fb82b8b-TTR24464785488030000"", ""iconCategory"": 8, ""magnitudeOfDelay"": 4, ""startTime"": ""2026-06-02T16:06:30Z"", ""endTime"": null, ""from"": ""Calle Fuente del Pescador"", ""to"": ""Avenida de los Bosques"", ""length"": 271.2991251871, ""delay"": null, ""roadNumbers"": [], ""timeValidity"": ""present"", ""probabilityOfOccurrence"": ""probable"", ""numberOfReports"": null, ""lastReportTime"": null, ""events"": [{""code"": 401, ""description"": ""Cerrado"", ""iconCategory"": 8}]}"
tomtom,tomtom_cdmx_incidents,2026-07-02T04:34:19Z,2026-07-02,20260702T043415Z,2026-07-02T04:34:15.637865,TTI-0e6b35d1-b793-45b4-b4a5-22dc2fb82b8b-TTR24456130016031000,Feature,LineString,19.4644636538,-99.2556918318,8,Road closed,4,,274.5915503677,Calle San Isidro,Calle Durango,,present,probable,,2026-05-17T20:30:30Z,,,Cerrado,401,"{""type"": ""LineString"", ""coordinates"": [[-99.2569645399, 19.464384467], [-99.2564616257, 19.464342898], [-99.2563717717, 19.464340211], [-99.2562872822, 19.4643455849], [-99.256079411, 19.4643818591], [-99.2559144551, 19.4644180542], [-99.2558205778, 19.464439471], [-99.2556918318, 19.4644636538], [-99.2551647777, 19.4645454484], [-99.255002504, 19.4645695521], [-99.2548630292, 19.4645870174], [-99.2547892684, 19.4645937348], [-99.2547034377, 19.4645977653], [-99.2545076365, 19.4646097776], [-99.2543721849, 19.4646178386]]}","{""id"": ""TTI-0e6b35d1-b793-45b4-b4a5-22dc2fb82b8b-TTR24456130016031000"", ""iconCategory"": 8, ""magnitudeOfDelay"": 4, ""startTime"": ""2026-05-17T20:30:30Z"", ""endTime"": null, ""from"": ""Calle San Isidro"", ""to"": ""Calle Durango"", ""length"": 274.5915503677, ""delay"": null, ""roadNumbers"": [], ""timeValidity"": ""present"", ""probabilityOfOccurrence"": ""probable"", ""numberOfReports"": null, ""lastReportTime"": null, ""events"": [{""code"": 401, ""description"": ""Cerrado"", ""iconCategory"": 8}]}"
tomtom,tomtom_cdmx_incidents,2026-07-02T04:34:19Z,2026-07-02,20260702T043415Z,2026-07-02T04:34:15.637892,TTI-0e6b35d1-b793-45b4-b4a5-22dc2fb82b8b-TTR24456130088031000,Feature,LineString,19.4644636538,-99.2556918318,8,Road closed,4,,274.5915503677,Calle Durango,Calle San Isidro,,present,probable,,2026-05-17T20:31:00Z,,,Cerrado,401,"{""type"": ""LineString"", ""coordinates"": [[-99.2543721849, 19.4646178386], [-99.2545076365, 19.4646097776], [-99.2547034377, 19.4645977653], [-99.2547892684, 19.4645937348], [-99.2548630292, 19.4645870174], [-99.255002504, 19.4645695521], [-99.2551647777, 19.4645454484], [-99.2556918318, 19.4644636538], [-99.2558205778, 19.464439471], [-99.2559144551, 19.4644180542], [-99.256079411, 19.4643818591], [-99.2562872822, 19.4643455849], [-99.2563717717, 19.464340211], [-99.2564616257, 19.464342898], [-99.2569645399, 19.464384467]]}","{""id"": ""TTI-0e6b35d1-b793-45b4-b4a5-22dc2fb82b8b-TTR24456130088031000"", ""iconCategory"": 8, ""magnitudeOfDelay"": 4, ""startTime"": ""2026-05-17T20:31:00Z"", ""endTime"": null, ""from"": ""Calle Durango"", ""to"": ""Calle San Isidro"", ""length"": 274.5915503677, ""delay"": null, ""roadNumbers"": [], ""timeValidity"": ""present"", ""probabilityOfOccurrence"": ""probable"", ""numberOfReports"": null, ""lastReportTime"": null, ""events"": [{""code"": 401, ""description"": ""Cerrado"", ""iconCategory"": 8}]}"
tomtom,tomtom_cdmx_incidents,2026-07-02T04:34:19Z,2026-07-02,20260702T043415Z,2026-07-02T04:34:15.637918,TTI-0e6b35d1-b793-45b4-b4a5-22dc2fb82b8b-TTR24459015040023000,Feature,LineString,19.4411257671,-99.2530552203,8,Road closed,4,,181.9485141039,Avenida Naucalpan / Calle Río Hondo,Calle Sierra Nevada,,present,probable,,2026-06-17T00:01:30Z,,,Cerrado,401,"{""type"": ""LineString"", ""coordinates"": [[-99.2536506707, 19.4404377224], [-99.2536077554, 19.440507515], [-99.2535715455, 19.4405637916], [-99.2534964437, 19.4406550041], [-99.253410613, 19.4407421855], [-99.2533328289, 19.4408186173], [-99.2530552203, 19.4411257671], [-99.2528621012, 19.4413081122], [-99.2528138215, 19.4413564056], [-99.2527467663, 19.4414408993], [-99.2527092153, 19.441495911], [-99.2526756877, 19.4415508437], [-99.2525737638, 19.4417117686]]}","{""id"": ""TTI-0e6b35d1-b793-45b4-b4a5-22dc2fb82b8b-TTR24459015040023000"", ""iconCategory"": 8, ""magnitudeOfDelay"": 4, ""startTime"": ""2026-06-17T00:01:30Z"", ""endTime"": null, ""from"": ""Avenida Naucalpan / Calle Río Hondo"", ""to"": ""Calle Sierra Nevada"", ""length"": 181.9485141039, ""delay"": null, ""roadNumbers"": [], ""timeValidity"": ""present"", ""probabilityOfOccurrence"": ""probable"", ""numberOfReports"": null, ""lastReportTime"": null, ""events"": [{""code"": 401, ""description"": ""Cerrado"", ""iconCategory"": 8}]}"
tomtom,tomtom_cdmx_incidents,2026-07-02T04:34:19Z,2026-07-02,20260702T043415Z,2026-07-02T04:34:15.637942,TTI-0e6b35d1-b793-45b4-b4a5-22dc2fb82b8b-TTR24459015112023000,Feature,LineString,19.4411257671,-99.2530552203,8,Road closed,4,,181.9485141039,Calle Sierra Nevada,Avenida Naucalpan / Calle Río Hondo,,present,probable,,2026-06-16T19:52:00Z,,,Cerrado,401,"{""type"": ""LineString"", ""coordinates"": [[-99.2525737638, 19.4417117686], [-99.2526756877, 19.4415508437], [-99.2527092153, 19.441495911], [-99.2527467663, 19.4414408993], [-99.2528138215, 19.4413564056], [-99.2528621012, 19.4413081122], [-99.2530552203, 19.4411257671], [-99.2533328289, 19.4408186173], [-99.253410613, 19.4407421855], [-99.2534964437, 19.4406550041], [-99.2535715455, 19.4405637916], [-99.2536077554, 19.440507515], [-99.2536506707, 19.4404377224]]}","{""id"": ""TTI-0e6b35d1-b793-45b4-b4a5-22dc2fb82b8b-TTR24459015112023000"", ""iconCategory"": 8, ""magnitudeOfDelay"": 4, ""startTime"": ""2026-06-16T19:52:00Z"", ""endTime"": null, ""from"": ""Calle Sierra Nevada"", ""to"": ""Avenida Naucalpan / Calle Río Hondo"", ""length"": 181.9485141039, ""delay"": null, ""roadNumbers"": [], ""timeValidity"": ""present"", ""probabilityOfOccurrence"": ""probable"", ""numberOfReports"": null, ""lastReportTime"": null, ""events"": [{""code"": 401, ""description"": ""Cerrado"", ""iconCategory"": 8}]}"
tomtom,tomtom_cdmx_incidents,2026-07-02T04:34:19Z,2026-07-02,20260702T043415Z,2026-07-02T04:34:15.637968,TTI-0e6b35d1-b793-45b4-b4a5-22dc2fb82b8b-TTR24447474668052000,Feature,LineString,19.5285107282,-99.254783904,8,Road closed,4,,553.9280548434,Avenida Vía Jorge Jiménez Cantú,Boulevard Bellavista,,present,probable,,2026-06-29T13:22:30Z,,,Cerrado,401,"{""type"": ""LineString"", ""coordinates"": [[-99.2523243183, 19.529800908], [-99.2523591871, 19.5297740492], [-99.2524155134, 19.5297378686], [-99.252474522, 19.5297084028], [-99.2525295073, 19.5296922875], [-99.2525952214, 19.5296842298], [-99.2531209344, 19.5296640856], [-99.253410613, 19.5296587139], [-99.2534910793, 19.5296467063], [-99.2535728866, 19.5296144756], [-99.2536922449, 19.5295393496], [-99.2537686879, 19.5294750462], [-99.2538692707, 19.5293556818], [-99.253975218, 19.5292563826], [-99.2544781322, 19.528752144], [-99.2546337003, 19.5286086849], [-99.254783904, 19.5285107282], [-99.255258655, 19.5282773699], [-99.2553605789, 19.5282532756], [-99.2554732317, 19.5282613334], [-99.2557575459, 19.5282667052], [-99.2558554465, 19.5282667052], [-99.2559801692, 19.5282331313], [-99.2560391778, 19.5281956074], [-99.2561169619, 19.5281325674], [-99.2561545128, 19.5280735562], [-99.2561813349, 19.528015888], [-99.2561866993, 19.5279353894], [-99.2561786527, 19.5278240817], [-99.256157195, 19.5277677563], [-99.2560955042, 19.5276873366], [-99.2559399361, 19.5275223892], [-99.2558541054, 19.5274459193]]}","{""id"": ""TTI-0e6b35d1-b793-45b4-b4a5-22dc2fb82b8b-TTR24447474668052000"", ""iconCategory"": 8, ""magnitudeOfDelay"": 4, ""startTime"": ""2026-06-29T13:22:30Z"", ""endTime"": null, ""from"": ""Avenida Vía Jorge Jiménez Cantú"", ""to"": ""Boulevard Bellavista"", ""length"": 553.9280548434, ""delay"": null, ""roadNumbers"": [], ""timeValidity"": ""present"", ""probabilityOfOccurrence"": ""probable"", ""numberOfReports"": null, ""lastReportTime"": null, ""events"": [{""code"": 401, ""description"": ""Cerrado"", ""iconCategory"": 8}]}"
tomtom,tomtom_cdmx_incidents,2026-07-02T04:34:19Z,2026-07-02,20260702T043415Z,2026-07-02T04:34:15.638013,TTI-0e6b35d1-b793-45b4-b4a5-22dc2fb82b8b-TTR24456130084023000,Feature,LineString,19.4686049384,-99.2518683428,8,Road closed,4,,233.9688630732,Calle Zapote / Prolongación Popocatepetl,Calle Vicente Guerrero,,present,probable,,2026-06-25T16:55:30Z,,,Cerrado,401,"{""type"": ""LineString"", ""coordinates"": [[-99.2514177317, 19.4687430769], [-99.2515142912, 19.4687149435], [-99.2515598888, 19.4687015089], [-99.2516323084, 19.4686841231], [-99.2517181391, 19.4686559106], [-99.2517878765, 19.4686331509], [-99.2518683428, 19.4686049384], [-99.2522572631, 19.4684842648], [-99.252486592, 19.4684118763], [-99.2526663, 19.4683582172], [-99.2529331798, 19.4682830627], [-99.2531973774, 19.46820127], [-99.2535407001, 19.468095374]]}","{""id"": ""TTI-0e6b35d1-b793-45b4-b4a5-22dc2fb82b8b-TTR24456130084023000"", ""iconCategory"": 8, ""magnitudeOfDelay"": 4, ""startTime"": ""2026-06-25T16:55:30Z"", ""endTime"": null, ""from"": ""Calle Zapote / Prolongación Popocatepetl"", ""to"": ""Calle Vicente Guerrero"", ""length"": 233.9688630732, ""delay"": null, ""roadNumbers"": [], ""timeValidity"": ""present"", ""probabilityOfOccurrence"": ""probable"", ""numberOfReports"": null, ""lastReportTime"": null, ""events"": [{""code"": 401, ""description"": ""Cerrado"", ""iconCategory"": 8}]}"
tomtom,tomtom_cdmx_incidents,2026-07-02T04:34:19Z,2026-07-02,20260702T043415Z,2026-07-02T04:34:15.638038,TTI-0e6b35d1-b793-45b4-b4a5-22dc2fb82b8b-TTR24456130012023000,Feature,LineString,19.4682830627,-99.2529331798,8,Road closed,4,,385.2475435185,Calle Vicente Guerrero,Calle Zapote / Prolongación Popocatepetl,,present,probable,,2026-06-24T20:06:30Z,,,Cerrado,401,"{""type"": ""LineString"", ""coordinates"": [[-99.2549260611, 19.4677211814], [-99.2547503764, 19.467749315], [-99.2547289187, 19.4677546888], [-99.2545264119, 19.4678016309], [-99.254258191, 19.4678740986], [-99.2540221566, 19.4679411135], [-99.2538451309, 19.4679988032], [-99.2537163848, 19.4680376844], [-99.2535433823, 19.4680940306], [-99.2531973774, 19.46820127], [-99.2529331798, 19.4682830627], [-99.2526663, 19.4683582172], [-99.252486592, 19.4684118763], [-99.2522572631, 19.4684842648], [-99.2518683428, 19.4686049384], [-99.2517878765, 19.4686331509], [-99.2517181391, 19.4686559106], [-99.2516323084, 19.4686841231], [-99.2515598888, 19.4687015089], [-99.2515142912, 19.4687149435], [-99.2514177317, 19.4687430769]]}","{""id"": ""TTI-0e6b35d1-b793-45b4-b4a5-22dc2fb82b8b-TTR24456130012023000"", ""iconCategory"": 8, ""magnitudeOfDelay"": 4, ""startTime"": ""2026-06-24T20:06:30Z"", ""endTime"": null, ""from"": ""Calle Vicente Guerrero"", ""to"": ""Calle Zapote / Prolongación Popocatepetl"", ""length"": 385.2475435185, ""delay"": null, ""roadNumbers"": [], ""timeValidity"": ""present"", ""probabilityOfOccurrence"": ""probable"", ""numberOfReports"": null, ""lastReportTime"": null, ""events"": [{""code"": 401, ""description"": ""Cerrado"", ""iconCategory"": 8}]}"
tomtom,tomtom_cdmx_incidents,2026-07-02T04:34:19Z,2026-07-02,20260702T043415Z,2026-07-02T04:34:15.638069,TTI-0e6b35d1-b793-45b4-b4a5-22dc2fb82b8b-TTR24456130128023000,Feature,LineString,19.4803423367,-99.2507485205,8,Road closed,4,,163.1535491055,Calle San Juan Totoltepec,Corredor Vía Adolfo López Mateos,,present,probable,,2026-04-24T23:16:00Z,,,Cerrado,401,"{""type"": ""LineString"", ""coordinates"": [[-99.2507619316, 19.4795671399], [-99.2507592494, 19.4798474281], [-99.2507485205, 19.4803423367], [-99.2507270629, 19.4807996299], [-99.2507056052, 19.4810329778]]}","{""id"": ""TTI-0e6b35d1-b793-45b4-b4a5-22dc2fb82b8b-TTR24456130128023000"", ""iconCategory"": 8, ""magnitudeOfDelay"": 4, ""startTime"": ""2026-04-24T23:16:00Z"", ""endTime"": null, ""from"": ""Calle San Juan Totoltepec"", ""to"": ""Corredor Vía Adolfo López Mateos"", ""length"": 163.1535491055, ""delay"": null, ""roadNumbers"": [], ""timeValidity"": ""present"", ""probabilityOfOccurrence"": ""probable"", ""numberOfReports"": null, ""lastReportTime"": null, ""events"": [{""code"": 401, ""description"": ""Cerrado"", ""iconCategory"": 8}]}"
tomtom,tomtom_cdmx_incidents,2026-07-02T04:34:19Z,2026-07-02,20260702T043415Z,2026-07-02T04:34:15.638087,TTI-0e6b35d1-b793-45b4-b4a5-22dc2fb82b8b-TTR24464785644015000,Feature,LineString,19.4176309277,-99.2482889349,8,Road closed,4,,125.1524296483,Calle Bosque Del Corregidor,Calle Paseo de la Herradura,,present,probable,,2026-06-23T22:59:30Z,,,Cerrado,401,"{""type"": ""LineString"", ""coordinates"": [[-99.2478115017, 19.4180252358], [-99.2480622882, 19.4177368566], [-99.2481548244, 19.4176751965], [-99.2482151741, 19.4176457103], [-99.2482540662, 19.4176349593], [-99.2482889349, 19.4176309277], [-99.2483211214, 19.41762824], [-99.2483613545, 19.4176255522], [-99.2484015877, 19.4176457103], [-99.2484391386, 19.4176751965], [-99.2487207705, 19.4179072123]]}","{""id"": ""TTI-0e6b35d1-b793-45b4-b4a5-22dc2fb82b8b-TTR24464785644015000"", ""iconCategory"": 8, ""magnitudeOfDelay"": 4, ""startTime"": ""2026-06-23T22:59:30Z"", ""endTime"": null, ""from"": ""Calle Bosque Del Corregidor"", ""to"": ""Calle Paseo de la Herradura"", ""length"": 125.1524296483, ""delay"": null, ""roadNumbers"": [], ""timeValidity"": ""present"", ""probabilityOfOccurrence"": ""probable"", ""numberOfReports"": null, ""lastReportTime"": null, ""events"": [{""code"": 401, ""description"": ""Cerrado"", ""iconCategory"": 8}]}"
tomtom,tomtom_cdmx_incidents,2026-07-02T04:34:19Z,2026-07-02,20260702T043415Z,2026-07-02T04:34:15.638109,TTI-0e6b35d1-b793-45b4-b4a5-22dc2fb82b8b-TTR24453244812031000,Feature,LineString,19.4892284663,-99.2478986735,8,Road closed,4,,295.4306140012,Avenida Alcanfores / Avenida de los Alcanfores,Camino a San Mateo Nopala,,present,probable,,2025-08-30T19:33:00Z,,,Cerrado,401,"{""type"": ""LineString"", ""coordinates"": [[-99.2492344136, 19.487242294], [-99.2491794283, 19.4873495997], [-99.2491043264, 19.487472946], [-99.2489755804, 19.4876526315], [-99.2484740073, 19.4883835401], [-99.2480153496, 19.489046096], [-99.2478986735, 19.4892284663], [-99.2478825802, 19.489260626], [-99.2478745336, 19.4892874917], [-99.2478772158, 19.4893263678], [-99.2478839213, 19.48938002], [-99.2477417642, 19.4894417318]]}","{""id"": ""TTI-0e6b35d1-b793-45b4-b4a5-22dc2fb82b8b-TTR24453244812031000"", ""iconCategory"": 8, ""magnitudeOfDelay"": 4, ""startTime"": ""2025-08-30T19:33:00Z"", ""endTime"": null, ""from"": ""Avenida Alcanfores / Avenida de los Alcanfores"", ""to"": ""Camino a San Mateo Nopala"", ""length"": 295.4306140012, ""delay"": null, ""roadNumbers"": [], ""timeValidity"": ""present"", ""probabilityOfOccurrence"": ""probable"", ""numberOfReports"": null, ""lastReportTime"": null, ""events"": [{""code"": 401, ""description"": ""Cerrado"", ""iconCategory"": 8}]}"
tomtom,tomtom_cdmx_incidents,2026-07-02T04:34:19Z,2026-07-02,20260702T043415Z,2026-07-02T04:34:15.638133,TTI-0e6b35d1-b793-45b4-b4a5-22dc2fb82b8b-TTR24482096844014001,Feature,LineString,19.3157136744,-99.2430948371,8,Road closed,4,,82.2810866306,Calle Margaritas,Avenida San Jerónimo,,present,probable,,2026-07-01T12:23:00Z,,,Cerrado,401,"{""type"": ""LineString"", ""coordinates"": [[-99.2433107549, 19.3161227046], [-99.2433027083, 19.3160825214], [-99.2432718629, 19.3160114099], [-99.2430948371, 19.3157136744], [-99.2430599684, 19.3156519757], [-99.2430237586, 19.315590277], [-99.24295268, 19.3154669586]]}","{""id"": ""TTI-0e6b35d1-b793-45b4-b4a5-22dc2fb82b8b-TTR24482096844014001"", ""iconCategory"": 8, ""magnitudeOfDelay"": 4, ""startTime"": ""2026-07-01T12:23:00Z"", ""endTime"": null, ""from"": ""Calle Margaritas"", ""to"": ""Avenida San Jerónimo"", ""length"": 82.2810866306, ""delay"": null, ""roadNumbers"": [], ""timeValidity"": ""present"", ""probabilityOfOccurrence"": ""probable"", ""numberOfReports"": null, ""lastReportTime"": null, ""events"": [{""code"": 401, ""description"": ""Cerrado"", ""iconCategory"": 8}]}"
tomtom,tomtom_cdmx_incidents,2026-07-02T04:34:19Z,2026-07-02,20260702T043415Z,2026-07-02T04:34:15.638152,TTI-0e6b35d1-b793-45b4-b4a5-22dc2fb82b8b-TTR24482096844014000,Feature,LineString,19.3149492417,-99.2426656837,8,Road closed,4,,85.6494938867,Calle Palma,Avenida San Jerónimo,,present,probable,,2026-06-02T13:41:00Z,,,Cerrado,401,"{""type"": ""LineString"", ""coordinates"": [[-99.2428199107, 19.3152335314], [-99.2426656837, 19.3149492417], [-99.2424417192, 19.3145509664]]}","{""id"": ""TTI-0e6b35d1-b793-45b4-b4a5-22dc2fb82b8b-TTR24482096844014000"", ""iconCategory"": 8, ""magnitudeOfDelay"": 4, ""startTime"": ""2026-06-02T13:41:00Z"", ""endTime"": null, ""from"": ""Calle Palma"", ""to"": ""Avenida San Jerónimo"", ""length"": 85.6494938867, ""delay"": null, ""roadNumbers"": [], ""timeValidity"": ""present"", ""probabilityOfOccurrence"": ""probable"", ""numberOfReports"": null, ""lastReportTime"": null, ""events"": [{""code"": 401, ""description"": ""Cerrado"", ""iconCategory"": 8}]}"
tomtom,tomtom_cdmx_incidents,2026-07-02T04:34:19Z,2026-07-02,20260702T043415Z,2026-07-02T04:34:15.638168,TTI-0e6b35d1-b793-45b4-b4a5-22dc2fb82b8b-TTR24482096916022000,Feature,LineString,19.3156519757,-99.2430599684,8,Road closed,4,,197.3893407855,Avenida San Jerónimo,Calle Margaritas,,present,probable,,2026-06-01T20:51:00Z,,,Cerrado,401,"{""type"": ""LineString"", ""coordinates"": [[-99.2424417192, 19.3145509664], [-99.2426656837, 19.3149492417], [-99.2428199107, 19.3152335314], [-99.24295268, 19.3154669586], [-99.2430237586, 19.315590277], [-99.2430599684, 19.3156519757], [-99.2430948371, 19.3157136744], [-99.2432718629, 19.3160114099], [-99.2433027083, 19.3160825214], [-99.2433107549, 19.3161227046]]}","{""id"": ""TTI-0e6b35d1-b793-45b4-b4a5-22dc2fb82b8b-TTR24482096916022000"", ""iconCategory"": 8, ""magnitudeOfDelay"": 4, ""startTime"": ""2026-06-01T20:51:00Z"", ""endTime"": null, ""from"": ""Avenida San Jerónimo"", ""to"": ""Calle Margaritas"", ""length"": 197.3893407855, ""delay"": null, ""roadNumbers"": [], ""timeValidity"": ""present"", ""probabilityOfOccurrence"": ""probable"", ""numberOfReports"": null, ""lastReportTime"": null, ""events"": [{""code"": 401, ""description"": ""Cerrado"", ""iconCategory"": 8}]}"
tomtom,tomtom_cdmx_incidents,2026-07-02T04:34:19Z,2026-07-02,20260702T043415Z,2026-07-02T04:34:15.638189,TTI-0e6b35d1-b793-45b4-b4a5-22dc2fb82b8b-TTL24484981860015000,Feature,LineString,19.2930892575,-99.2453934902,6,Jam,2,185.0,407.1124629414,Cerrada Perales,Calle El Gavillero / Calle Puente de Cuadritos,,present,certain,,2026-07-02T04:26:30Z,2026-07-02T04:54:00Z,,Tráfico en cola,108,"{""type"": ""LineString"", ""coordinates"": [[-99.2461565787, 19.2927941702], [-99.2460868413, 19.2928492321], [-99.2460358793, 19.2928813515], [-99.2459741885, 19.2929162399], [-99.2458964044, 19.2929605425], [-99.2458038682, 19.2930007314], [-99.2457354719, 19.2930288952], [-99.2456697578, 19.2930489896], [-99.245582586, 19.2930718529], [-99.2453934902, 19.2930892575], [-99.2452419454, 19.2930906024], [-99.2448449785, 19.2930892575], [-99.2442709858, 19.2930543692], [-99.2435695881, 19.2929980416], [-99.2428534383, 19.2929551629], [-99.2425946051, 19.2929336445], [-99.2425382787, 19.2929296889], [-99.242477929, 19.2929189297], [-99.2423679585, 19.2928867311]]}","{""id"": ""TTI-0e6b35d1-b793-45b4-b4a5-22dc2fb82b8b-TTL24484981860015000"", ""iconCategory"": 6, ""magnitudeOfDelay"": 2, ""startTime"": ""2026-07-02T04:26:30Z"", ""endTime"": ""2026-07-02T04:54:00Z"", ""from"": ""Cerrada Perales"", ""to"": ""Calle El Gavillero / Calle Puente de Cuadritos"", ""length"": 407.1124629414, ""delay"": 185, ""roadNumbers"": [], ""timeValidity"": ""present"", ""probabilityOfOccurrence"": ""certain"", ""numberOfReports"": null, ""lastReportTime"": null, ""events"": [{""code"": 108, ""description"": ""Tráfico en cola"", ""iconCategory"": 6}]}"
tomtom,tomtom_cdmx_incidents,2026-07-02T04:34:19Z,2026-07-02,20260702T043415Z,2026-07-02T04:34:15.638221,TTI-0e6b35d1-b793-45b4-b4a5-22dc2fb82b8b-TTR24467671100012000,Feature,LineString,19.4168490281,-99.241142189,9,Road works,0,,108.9315593921,Avenida de la Fuentes/Avenida de las Fuentes/Calle Fuente de Rey (Avenida de los Bosques),Calle Fuente de Rey (Avenida de los Bosques),,present,probable,,2026-06-30T20:16:30Z,,,Obras | Nuevo trazado de carretera por obras,"701,810","{""type"": ""LineString"", ""coordinates"": [[-99.240616476, 19.4172044446], [-99.241142189, 19.4168490281], [-99.241450643, 19.4166210425]]}","{""id"": ""TTI-0e6b35d1-b793-45b4-b4a5-22dc2fb82b8b-TTR24467671100012000"", ""iconCategory"": 9, ""magnitudeOfDelay"": 0, ""startTime"": ""2026-06-30T20:16:30Z"", ""endTime"": null, ""from"": ""Avenida de la Fuentes/Avenida de las Fuentes/Calle Fuente de Rey (Avenida de los Bosques)"", ""to"": ""Calle Fuente de Rey (Avenida de los Bosques)"", ""length"": 108.9315593921, ""delay"": null, ""roadNumbers"": [], ""timeValidity"": ""present"", ""probabilityOfOccurrence"": ""probable"", ""numberOfReports"": null, ""lastReportTime"": null, ""events"": [{""code"": 701, ""description"": ""Obras"", ""iconCategory"": 9}, {""code"": 810, ""description"": ""Nuevo trazado de carretera por obras"", ""iconCategory"": 9}]}"
tomtom,tomtom_cdmx_incidents,2026-07-02T04:34:19Z,2026-07-02,20260702T043415Z,2026-07-02T04:34:15.638244,TTI-0e6b35d1-b793-45b4-b4a5-22dc2fb82b8b-TTR24453245456023000,Feature,LineString,19.5192691942,-99.2365757281,8,Road closed,4,,181.9120490632,Circuito Educadores,Calle Francisco de Salazar,,present,probable,,2026-07-01T02:23:30Z,,,Cerrado,401,"{""type"": ""LineString"", ""coordinates"": [[-99.2366575355, 19.5196165651], [-99.2365757281, 19.5195106238], [-99.2365556115, 19.5194704119], [-99.2365475649, 19.5194475804], [-99.2365502471, 19.5193724497], [-99.2365757281, 19.5192691942], [-99.2367876226, 19.5186066831], [-99.2368359024, 19.5184564998], [-99.236972695, 19.5181534468], [-99.2370196337, 19.5180904028]]}","{""id"": ""TTI-0e6b35d1-b793-45b4-b4a5-22dc2fb82b8b-TTR24453245456023000"", ""iconCategory"": 8, ""magnitudeOfDelay"": 4, ""startTime"": ""2026-07-01T02:23:30Z"", ""endTime"": null, ""from"": ""Circuito Educadores"", ""to"": ""Calle Francisco de Salazar"", ""length"": 181.9120490632, ""delay"": null, ""roadNumbers"": [], ""timeValidity"": ""present"", ""probabilityOfOccurrence"": ""probable"", ""numberOfReports"": null, ""lastReportTime"": null, ""events"": [{""code"": 401, ""description"": ""Cerrado"", ""iconCategory"": 8}]}"
tomtom,tomtom_cdmx_incidents,2026-07-02T04:34:19Z,2026-07-02,20260702T043415Z,2026-07-02T04:34:15.638267,TTI-0e6b35d1-b793-45b4-b4a5-22dc2fb82b8b-TTR24459015672011001,Feature,LineString,19.4740512033,-99.2342596406,8,Road closed,4,,118.7888854627,Calle Manuel Ávila Camacho (Via Gustavo Baz Prada/Calle Gustavo Baz),Calle Dieciseis de Septiembre/Calle (Via Gustavo Baz Prada/Calle Gustavo Baz),,present,certain,,2025-06-25T13:57:00Z,,,Cerrado,401,"{""type"": ""LineString"", ""coordinates"": [[-99.2343173081, 19.4749752278], [-99.2343092615, 19.4748009019], [-99.2342971915, 19.4742174696], [-99.234277075, 19.4741329931], [-99.2342596406, 19.4740512033], [-99.2342529351, 19.4739800817], [-99.2342529351, 19.4739371717], [-99.2342582995, 19.4739117259]]}","{""id"": ""TTI-0e6b35d1-b793-45b4-b4a5-22dc2fb82b8b-TTR24459015672011001"", ""iconCategory"": 8, ""magnitudeOfDelay"": 4, ""startTime"": ""2025-06-25T13:57:00Z"", ""endTime"": null, ""from"": ""Calle Manuel Ávila Camacho (Via Gustavo Baz Prada/Calle Gustavo Baz)"", ""to"": ""Calle Dieciseis de Septiembre/Calle (Via Gustavo Baz Prada/Calle Gustavo Baz)"", ""length"": 118.7888854627, ""delay"": null, ""roadNumbers"": [], ""timeValidity"": ""present"", ""probabilityOfOccurrence"": ""certain"", ""numberOfReports"": null, ""lastReportTime"": null, ""events"": [{""code"": 401, ""description"": ""Cerrado"", ""iconCategory"": 8}]}"
tomtom,tomtom_cdmx_incidents,2026-07-02T04:34:19Z,2026-07-02,20260702T043415Z,2026-07-02T04:34:15.638288,TTI-0e6b35d1-b793-45b4-b4a5-22dc2fb82b8b-TTR24490752492015000,Feature,LineString,19.2737277093,-99.2277311439,8,Road closed,4,,67.3096937968,Calle Segunda de Venusia / Calle Xitle,Calle Mayahuel / Calle Seye,,present,probable,,2026-03-21T04:03:30Z,,,Cerrado,401,"{""type"": ""LineString"", ""coordinates"": [[-99.2279229218, 19.2733790219], [-99.2277780825, 19.2736539684], [-99.2277311439, 19.2737277093], [-99.2276319021, 19.2739181539]]}","{""id"": ""TTI-0e6b35d1-b793-45b4-b4a5-22dc2fb82b8b-TTR24490752492015000"", ""iconCategory"": 8, ""magnitudeOfDelay"": 4, ""startTime"": ""2026-03-21T04:03:30Z"", ""endTime"": null, ""from"": ""Calle Segunda de Venusia / Calle Xitle"", ""to"": ""Calle Mayahuel / Calle Seye"", ""length"": 67.3096937968, ""delay"": null, ""roadNumbers"": [], ""timeValidity"": ""present"", ""probabilityOfOccurrence"": ""probable"", ""numberOfReports"": null, ""lastReportTime"": null, ""events"": [{""code"": 401, ""description"": ""Cerrado"", ""iconCategory"": 8}]}"
tomtom,tomtom_cdmx_incidents,2026-07-02T04:34:19Z,2026-07-02,20260702T043415Z,2026-07-02T04:34:15.638305,TTI-0e6b35d1-b793-45b4-b4a5-22dc2fb82b8b-TTR24490752564015000,Feature,LineString,19.2736539684,-99.2277780825,8,Road closed,4,,67.3096937968,Calle Mayahuel / Calle Seye,Calle Segunda de Venusia / Calle Xitle,,present,probable,,2026-03-21T08:49:30Z,,,Cerrado,401,"{""type"": ""LineString"", ""coordinates"": [[-99.2276319021, 19.2739181539], [-99.2277311439, 19.2737277093], [-99.2277780825, 19.2736539684], [-99.2279229218, 19.2733790219]]}","{""id"": ""TTI-0e6b35d1-b793-45b4-b4a5-22dc2fb82b8b-TTR24490752564015000"", ""iconCategory"": 8, ""magnitudeOfDelay"": 4, ""startTime"": ""2026-03-21T08:49:30Z"", ""endTime"": null, ""from"": ""Calle Mayahuel / Calle Seye"", ""to"": ""Calle Segunda de Venusia / Calle Xitle"", ""length"": 67.3096937968, ""delay"": null, ""roadNumbers"": [], ""timeValidity"": ""present"", ""probabilityOfOccurrence"": ""probable"", ""numberOfReports"": null, ""lastReportTime"": null, ""events"": [{""code"": 401, ""description"": ""Cerrado"", ""iconCategory"": 8}]}"
tomtom,tomtom_cdmx_incidents,2026-07-02T04:34:19Z,2026-07-02,20260702T043415Z,2026-07-02T04:34:15.638322,TTI-0e6b35d1-b793-45b4-b4a5-22dc2fb82b8b-TTR24456130864025000,Feature,LineString,19.518822596,-99.2305581922,8,Road closed,4,,1008.4641669698,Circuito Del Parque (Anillo Periférico/Calle Manuel Ávila Camacho),Calle Viveros de Asis/Calle Viveros de la Colina (Anillo Periférico/Calle Queretaro Rafael Merino),,present,probable,,2026-07-02T04:26:30Z,,,Cerrado,401,"{""type"": ""LineString"", ""coordinates"": [[-99.2318282181, 19.5171033431], [-99.2316136414, 19.5173916246], [-99.2315854782, 19.5174278869], [-99.2315117175, 19.5175230852], [-99.2314339334, 19.5176236556], [-99.2313548083, 19.5177188539], [-99.2311630303, 19.5179910967], [-99.2311268205, 19.5180354171], [-99.2310678119, 19.5181185277], [-99.2309658879, 19.5182553599], [-99.2308116609, 19.5184766454], [-99.2307285125, 19.5185932527], [-99.2305581922, 19.518822596], [-99.2305139357, 19.5188802675], [-99.2303825075, 19.519054625], [-99.2301008755, 19.5194073685], [-99.2297200019, 19.5199142433], [-99.229631489, 19.5200309286], [-99.2283775562, 19.5216711496], [-99.2283198888, 19.5217515723], [-99.2278129513, 19.5224369017], [-99.2274186665, 19.5229519041], [-99.2271665389, 19.5232831511], [-99.2264772112, 19.5241857226], [-99.2262411768, 19.5244860784]]}","{""id"": ""TTI-0e6b35d1-b793-45b4-b4a5-22dc2fb82b8b-TTR24456130864025000"", ""iconCategory"": 8, ""magnitudeOfDelay"": 4, ""startTime"": ""2026-07-02T04:26:30Z"", ""endTime"": null, ""from"": ""Circuito Del Parque (Anillo Periférico/Calle Manuel Ávila Camacho)"", ""to"": ""Calle Viveros de Asis/Calle Viveros de la Colina (Anillo Periférico/Calle Queretaro Rafael Merino)"", ""length"": 1008.4641669698, ""delay"": null, ""roadNumbers"": [], ""timeValidity"": ""present"", ""probabilityOfOccurrence"": ""probable"", ""numberOfReports"": null, ""lastReportTime"": null, ""events"": [{""code"": 401, ""description"": ""Cerrado"", ""iconCategory"": 8}]}"
tomtom,tomtom_cdmx_incidents,2026-07-02T04:34:19Z,2026-07-02,20260702T043415Z,2026-07-02T04:34:15.638357,TTI-0e6b35d1-b793-45b4-b4a5-22dc2fb82b8b-TTR24490752840022000,Feature,LineString,19.2860806702,-99.2257597202,8,Road closed,4,,155.7277616583,Calle Halacho,Calle Tenosique,,present,probable,,2026-04-15T19:35:00Z,,,Cerrado,401,"{""type"": ""LineString"", ""coordinates"": [[-99.225872373, 19.2874284714], [-99.2258629853, 19.2873372523], [-99.2257597202, 19.2860806702], [-99.2257556969, 19.2860323308]]}","{""id"": ""TTI-0e6b35d1-b793-45b4-b4a5-22dc2fb82b8b-TTR24490752840022000"", ""iconCategory"": 8, ""magnitudeOfDelay"": 4, ""startTime"": ""2026-04-15T19:35:00Z"", ""endTime"": null, ""from"": ""Calle Halacho"", ""to"": ""Calle Tenosique"", ""length"": 155.7277616583, ""delay"": null, ""roadNumbers"": [], ""timeValidity"": ""present"", ""probabilityOfOccurrence"": ""probable"", ""numberOfReports"": null, ""lastReportTime"": null, ""events"": [{""code"": 401, ""description"": ""Cerrado"", ""iconCategory"": 8}]}"
tomtom,tomtom_cdmx_incidents,2026-07-02T04:34:19Z,2026-07-02,20260702T043415Z,2026-07-02T04:34:15.638374,TTI-0e6b35d1-b793-45b4-b4a5-22dc2fb82b8b-TTR24453245448014000,Feature,LineString,19.5258017279,-99.2256899828,8,Road closed,4,,88.3788585509,Calle Madreselvas,Periférico Manuel Ávila Camacho,,present,certain,1.0,2026-06-26T00:10:30Z,,2026-06-02T04:16:30Z,Cerrado,401,"{""type"": ""LineString"", ""coordinates"": [[-99.2257624025, 19.5265004698], [-99.2257556969, 19.5263341782], [-99.2257328982, 19.5260149452], [-99.2256899828, 19.5258017279], [-99.2256805951, 19.5257709184], [-99.2256484086, 19.5257198852]]}","{""id"": ""TTI-0e6b35d1-b793-45b4-b4a5-22dc2fb82b8b-TTR24453245448014000"", ""iconCategory"": 8, ""magnitudeOfDelay"": 4, ""startTime"": ""2026-06-26T00:10:30Z"", ""endTime"": null, ""from"": ""Calle Madreselvas"", ""to"": ""Periférico Manuel Ávila Camacho"", ""length"": 88.3788585509, ""delay"": null, ""roadNumbers"": [], ""timeValidity"": ""present"", ""probabilityOfOccurrence"": ""certain"", ""numberOfReports"": 1, ""lastReportTime"": ""2026-06-02T04:16:30Z"", ""events"": [{""code"": 401, ""description"": ""Cerrado"", ""iconCategory"": 8}]}"
tomtom,tomtom_cdmx_incidents,2026-07-02T04:34:19Z,2026-07-02,20260702T043415Z,2026-07-02T04:34:15.638393,TTI-0e6b35d1-b793-45b4-b4a5-22dc2fb82b8b-TTR24490752908022000,Feature,LineString,19.2860806702,-99.2257597202,8,Road closed,4,,312.2612189818,Calle Homún,Calle Halacho,,present,probable,,2026-03-24T01:44:00Z,,,Cerrado,401,"{""type"": ""LineString"", ""coordinates"": [[-99.2256309742, 19.2846295326], [-99.2256604785, 19.2849889558], [-99.2257556969, 19.2860323308], [-99.2257597202, 19.2860806702], [-99.2258629853, 19.2873372523], [-99.225872373, 19.2874284714]]}","{""id"": ""TTI-0e6b35d1-b793-45b4-b4a5-22dc2fb82b8b-TTR24490752908022000"", ""iconCategory"": 8, ""magnitudeOfDelay"": 4, ""startTime"": ""2026-03-24T01:44:00Z"", ""endTime"": null, ""from"": ""Calle Homún"", ""to"": ""Calle Halacho"", ""length"": 312.2612189818, ""delay"": null, ""roadNumbers"": [], ""timeValidity"": ""present"", ""probabilityOfOccurrence"": ""probable"", ""numberOfReports"": null, ""lastReportTime"": null, ""events"": [{""code"": 401, ""description"": ""Cerrado"", ""iconCategory"": 8}]}"
tomtom,tomtom_cdmx_incidents,2026-07-02T04:34:19Z,2026-07-02,20260702T043415Z,2026-07-02T04:34:15.638411,TTI-0e6b35d1-b793-45b4-b4a5-22dc2fb82b8b-TTR24453245596014000,Feature,LineString,19.5275397687,-99.2258066589,8,Road closed,4,,136.4738074068,Calle Begonias,Periférico Manuel Ávila Camacho / Calle Lotos,,present,certain,1.0,2026-06-29T16:56:30Z,,2026-06-02T04:16:30Z,Cerrado,401,"{""type"": ""LineString"", ""coordinates"": [[-99.2256041521, 19.5286529234], [-99.2256645018, 19.5282465608], [-99.2258066589, 19.5275397687], [-99.2258240933, 19.5274955299], [-99.2258522565, 19.5274526341]]}","{""id"": ""TTI-0e6b35d1-b793-45b4-b4a5-22dc2fb82b8b-TTR24453245596014000"", ""iconCategory"": 8, ""magnitudeOfDelay"": 4, ""startTime"": ""2026-06-29T16:56:30Z"", ""endTime"": null, ""from"": ""Calle Begonias"", ""to"": ""Periférico Manuel Ávila Camacho / Calle Lotos"", ""length"": 136.4738074068, ""delay"": null, ""roadNumbers"": [], ""timeValidity"": ""present"", ""probabilityOfOccurrence"": ""certain"", ""numberOfReports"": 1, ""lastReportTime"": ""2026-06-02T04:16:30Z"", ""events"": [{""code"": 401, ""description"": ""Cerrado"", ""iconCategory"": 8}]}"
tomtom,tomtom_cdmx_incidents,2026-07-02T04:34:19Z,2026-07-02,20260702T043415Z,2026-07-02T04:34:15.638429,TTI-0e6b35d1-b793-45b4-b4a5-22dc2fb82b8b-TTR24490752872030000,Feature,LineString,19.2859371552,-99.2270096297,8,Road closed,4,,327.6998093462,Calle Becal,Calle Seye,,present,probable,,2026-06-19T15:56:00Z,,,Cerrado,401,"{""type"": ""LineString"", ""coordinates"": [[-99.2251428122, 19.2861195158], [-99.2257556969, 19.2860323308], [-99.2263927216, 19.2859840705], [-99.2270096297, 19.2859371552], [-99.2276372666, 19.2858902398], [-99.2282501513, 19.2858432453]]}","{""id"": ""TTI-0e6b35d1-b793-45b4-b4a5-22dc2fb82b8b-TTR24490752872030000"", ""iconCategory"": 8, ""magnitudeOfDelay"": 4, ""startTime"": ""2026-06-19T15:56:00Z"", ""endTime"": null, ""from"": ""Calle Becal"", ""to"": ""Calle Seye"", ""length"": 327.6998093462, ""delay"": null, ""roadNumbers"": [], ""timeValidity"": ""present"", ""probabilityOfOccurrence"": ""probable"", ""numberOfReports"": null, ""lastReportTime"": null, ""events"": [{""code"": 401, ""description"": ""Cerrado"", ""iconCategory"": 8}]}"
tomtom,tomtom_cdmx_incidents,2026-07-02T04:34:19Z,2026-07-02,20260702T043415Z,2026-07-02T04:34:15.638447,TTI-0e6b35d1-b793-45b4-b4a5-22dc2fb82b8b-TTR24456130960006000,Feature,LineString,19.5264186275,-99.2252232784,8,Road closed,4,,44.8813013865,Periférico Manuel Ávila Camacho,Calle Madreselvas,,present,certain,1.0,2026-06-30T21:46:30Z,,2026-06-02T04:16:30Z,Cerrado,401,"{""type"": ""LineString"", ""coordinates"": [[-99.2251253778, 19.5263971399], [-99.225192433, 19.5264105696], [-99.2252232784, 19.5264186275], [-99.2255464846, 19.5264695814]]}","{""id"": ""TTI-0e6b35d1-b793-45b4-b4a5-22dc2fb82b8b-TTR24456130960006000"", ""iconCategory"": 8, ""magnitudeOfDelay"": 4, ""startTime"": ""2026-06-30T21:46:30Z"", ""endTime"": null, ""from"": ""Periférico Manuel Ávila Camacho"", ""to"": ""Calle Madreselvas"", ""length"": 44.8813013865, ""delay"": null, ""roadNumbers"": [], ""timeValidity"": ""present"", ""probabilityOfOccurrence"": ""certain"", ""numberOfReports"": 1, ""lastReportTime"": ""2026-06-02T04:16:30Z"", ""events"": [{""code"": 401, ""description"": ""Cerrado"", ""iconCategory"": 8}]}"
tomtom,tomtom_cdmx_incidents,2026-07-02T04:34:19Z,2026-07-02,20260702T043415Z,2026-07-02T04:34:15.638464,TTI-0e6b35d1-b793-45b4-b4a5-22dc2fb82b8b-TTL24456130864056000,Feature,LineString,19.5225683582,-99.2275876457,6,Jam,1,80.0,1079.5272637567,Anillo Periférico (Viaducto Elevado Bicentenario),Calle Viveros de Atizapán (Viaducto Elevado Bicentenario),,present,certain,,2026-07-02T04:12:30Z,2026-07-02T04:51:00Z,,Tráfico lento,115,"{""type"": ""LineString"", ""coordinates"": [[-99.2305152768, 19.5187287415], [-99.2304777259, 19.5187796978], [-99.2303865308, 19.5189057852], [-99.2298608178, 19.5195937336], [-99.2296811098, 19.5198297906], [-99.2295684571, 19.5199826587], [-99.2292546386, 19.5203823269], [-99.2283091599, 19.5216121361], [-99.2282474691, 19.5216925588], [-99.228156274, 19.5218119288], [-99.2275876457, 19.5225683582], [-99.2271397168, 19.5231422941], [-99.2262840921, 19.5242594291], [-99.2259072417, 19.5247757687], [-99.2257261926, 19.5250077891], [-99.2256510908, 19.525102983], [-99.2252675349, 19.5256193198], [-99.2251602465, 19.5257615176], [-99.2249657864, 19.5260203171], [-99.2249134833, 19.5260900729], [-99.2245057875, 19.5266131214]]}","{""id"": ""TTI-0e6b35d1-b793-45b4-b4a5-22dc2fb82b8b-TTL24456130864056000"", ""iconCategory"": 6, ""magnitudeOfDelay"": 1, ""startTime"": ""2026-07-02T04:12:30Z"", ""endTime"": ""2026-07-02T04:51:00Z"", ""from"": ""Anillo Periférico (Viaducto Elevado Bicentenario)"", ""to"": ""Calle Viveros de Atizapán (Viaducto Elevado Bicentenario)"", ""length"": 1079.5272637567, ""delay"": 80, ""roadNumbers"": [], ""timeValidity"": ""present"", ""probabilityOfOccurrence"": ""certain"", ""numberOfReports"": null, ""lastReportTime"": null, ""events"": [{""code"": 115, ""description"": ""Tráfico lento"", ""iconCategory"": 6}]}"
tomtom,tomtom_cdmx_incidents,2026-07-02T04:34:19Z,2026-07-02,20260702T043415Z,2026-07-02T04:34:15.638497,TTI-0e6b35d1-b793-45b4-b4a5-22dc2fb82b8b-TTL24461901204026000,Feature,LineString,19.4682884365,-99.2258039767,6,Jam,2,199.0,937.0792422324,Boulevard Manuel Ávila Camacho,Calle 8,,present,certain,,2026-07-02T03:55:00Z,2026-07-02T04:53:00Z,,Tráfico en cola,108,"{""type"": ""LineString"", ""coordinates"": [[-99.2242523188, 19.4652991423], [-99.2242791409, 19.465351459], [-99.2244266624, 19.4656237109], [-99.2246197814, 19.4659978294], [-99.2246224636, 19.4660045468], [-99.224627828, 19.4660139511], [-99.2246881777, 19.4661547787], [-99.2247190232, 19.4662030647], [-99.2248571569, 19.466460537], [-99.2249161655, 19.4665744949], [-99.2249429876, 19.4666254677], [-99.2249939496, 19.4667233828], [-99.2250744158, 19.4668776445], [-99.2251589054, 19.4670412312], [-99.2251749987, 19.467069365], [-99.225282287, 19.4672933284], [-99.2254526073, 19.467600507], [-99.2255156392, 19.4677225248], [-99.2256685251, 19.4680229064], [-99.2258012945, 19.4682817193], [-99.2258039767, 19.4682884365], [-99.2259394283, 19.4685432977], [-99.226103043, 19.4688544253], [-99.2261861915, 19.4690126362], [-99.2264034504, 19.4694216765], [-99.2264262492, 19.4694645877], [-99.2266569192, 19.4699111641], [-99.2266998345, 19.4699876613], [-99.2267467732, 19.4700788572], [-99.2269962186, 19.4705562519], [-99.2272912616, 19.4711249196], [-99.2273060137, 19.4711530526], [-99.2274454886, 19.4714185777], [-99.2275474126, 19.4716211192], [-99.227591669, 19.4716935063], [-99.22761715, 19.4717444774], [-99.2278880531, 19.4722608265], [-99.2279028053, 19.4722903028], [-99.227951085, 19.4723828408], [-99.2280771488, 19.4726256048], [-99.2281991893, 19.4728589644]]}","{""id"": ""TTI-0e6b35d1-b793-45b4-b4a5-22dc2fb82b8b-TTL24461901204026000"", ""iconCategory"": 6, ""magnitudeOfDelay"": 2, ""startTime"": ""2026-07-02T03:55:00Z"", ""endTime"": ""2026-07-02T04:53:00Z"", ""from"": ""Boulevard Manuel Ávila Camacho"", ""to"": ""Calle 8"", ""length"": 937.0792422324, ""delay"": 199, ""roadNumbers"": [], ""timeValidity"": ""present"", ""probabilityOfOccurrence"": ""certain"", ""numberOfReports"": null, ""lastReportTime"": null, ""events"": [{""code"": 108, ""description"": ""Tráfico en cola"", ""iconCategory"": 6}]}"
tomtom,tomtom_cdmx_incidents,2026-07-02T04:34:19Z,2026-07-02,20260702T043415Z,2026-07-02T04:34:15.638546,TTI-0e6b35d1-b793-45b4-b4a5-22dc2fb82b8b-TTR24484982540014000,Feature,LineString,19.3274242194,-99.2241343016,8,Road closed,4,,86.1442017498,Calle Miguel Hidalgo,Calle Ocotepec,,present,probable,,2026-07-02T01:09:00Z,,,Cerrado,401,"{""type"": ""LineString"", ""coordinates"": [[-99.2239760513, 19.326827445], [-99.2240779752, 19.3273008308], [-99.2240980918, 19.3273584913], [-99.2241343016, 19.3274242194], [-99.2241839225, 19.3274886029], [-99.2242576832, 19.3275221393]]}","{""id"": ""TTI-0e6b35d1-b793-45b4-b4a5-22dc2fb82b8b-TTR24484982540014000"", ""iconCategory"": 8, ""magnitudeOfDelay"": 4, ""startTime"": ""2026-07-02T01:09:00Z"", ""endTime"": null, ""from"": ""Calle Miguel Hidalgo"", ""to"": ""Calle Ocotepec"", ""length"": 86.1442017498, ""delay"": null, ""roadNumbers"": [], ""timeValidity"": ""present"", ""probabilityOfOccurrence"": ""probable"", ""numberOfReports"": null, ""lastReportTime"": null, ""events"": [{""code"": 401, ""description"": ""Cerrado"", ""iconCategory"": 8}]}"
tomtom,tomtom_cdmx_incidents,2026-07-02T04:34:19Z,2026-07-02,20260702T043415Z,2026-07-02T04:34:15.638580,TTI-0e6b35d1-b793-45b4-b4a5-22dc2fb82b8b-TTR24490752800030000,Feature,LineString,19.2861195158,-99.2251428122,8,Road closed,4,,264.3474730025,Calle Tekax,Calle Yobaín,,present,probable,,2026-06-19T15:35:00Z,,,Cerrado,401,"{""type"": ""LineString"", ""coordinates"": [[-99.2263927216, 19.2859840705], [-99.2257556969, 19.2860323308], [-99.2251428122, 19.2861195158], [-99.2245124931, 19.2861624753], [-99.2238861973, 19.2862040108]]}","{""id"": ""TTI-0e6b35d1-b793-45b4-b4a5-22dc2fb82b8b-TTR24490752800030000"", ""iconCategory"": 8, ""magnitudeOfDelay"": 4, ""startTime"": ""2026-06-19T15:35:00Z"", ""endTime"": null, ""from"": ""Calle Tekax"", ""to"": ""Calle Yobaín"", ""length"": 264.3474730025, ""delay"": null, ""roadNumbers"": [], ""timeValidity"": ""present"", ""probabilityOfOccurrence"": ""probable"", ""numberOfReports"": null, ""lastReportTime"": null, ""events"": [{""code"": 401, ""description"": ""Cerrado"", ""iconCategory"": 8}]}"
tomtom,tomtom_cdmx_incidents,2026-07-02T04:34:19Z,2026-07-02,20260702T043415Z,2026-07-02T04:34:15.638601,TTI-0e6b35d1-b793-45b4-b4a5-22dc2fb82b8b-TTR24490752840023000,Feature,LineString,19.2904325027,-99.2236327285,8,Road closed,4,,156.2141948524,Calle Chemax,Calle Acanceh,,present,probable,,2026-03-04T20:38:00Z,,,Cerrado,401,"{""type"": ""LineString"", ""coordinates"": [[-99.223754769, 19.2918326405], [-99.2236327285, 19.2904325027]]}","{""id"": ""TTI-0e6b35d1-b793-45b4-b4a5-22dc2fb82b8b-TTR24490752840023000"", ""iconCategory"": 8, ""magnitudeOfDelay"": 4, ""startTime"": ""2026-03-04T20:38:00Z"", ""endTime"": null, ""from"": ""Calle Chemax"", ""to"": ""Calle Acanceh"", ""length"": 156.2141948524, ""delay"": null, ""roadNumbers"": [], ""timeValidity"": ""present"", ""probabilityOfOccurrence"": ""probable"", ""numberOfReports"": null, ""lastReportTime"": null, ""events"": [{""code"": 401, ""description"": ""Cerrado"", ""iconCategory"": 8}]}"
tomtom,tomtom_cdmx_incidents,2026-07-02T04:34:19Z,2026-07-02,20260702T043415Z,2026-07-02T04:34:15.638616,TTI-0e6b35d1-b793-45b4-b4a5-22dc2fb82b8b-TTR24490752908023000,Feature,LineString,19.2918326405,-99.223754769,8,Road closed,4,,156.2141948524,Calle Acanceh,Calle Chemax,,present,probable,,2026-03-05T02:55:30Z,,,Cerrado,401,"{""type"": ""LineString"", ""coordinates"": [[-99.2236327285, 19.2904325027], [-99.223754769, 19.2918326405]]}","{""id"": ""TTI-0e6b35d1-b793-45b4-b4a5-22dc2fb82b8b-TTR24490752908023000"", ""iconCategory"": 8, ""magnitudeOfDelay"": 4, ""startTime"": ""2026-03-05T02:55:30Z"", ""endTime"": null, ""from"": ""Calle Acanceh"", ""to"": ""Calle Chemax"", ""length"": 156.2141948524, ""delay"": null, ""roadNumbers"": [], ""timeValidity"": ""present"", ""probabilityOfOccurrence"": ""probable"", ""numberOfReports"": null, ""lastReportTime"": null, ""events"": [{""code"": 401, ""description"": ""Cerrado"", ""iconCategory"": 8}]}"
tomtom,tomtom_cdmx_incidents,2026-07-02T04:34:19Z,2026-07-02,20260702T043415Z,2026-07-02T04:34:15.638632,TTI-0e6b35d1-b793-45b4-b4a5-22dc2fb82b8b-TTR24473441736030001,Feature,LineString,19.3973346271,-99.2233645076,0,Unknown,0,,347.7503381069,Calle Ignacio Zaragoza,Avenida Constituyentes,,present,certain,,2026-06-10T19:37:30Z,2026-07-20T03:00:00Z,,Partido de fútbol,1459,"{""type"": ""LineString"", ""coordinates"": [[-99.2234650904, 19.3993543146], [-99.2234865481, 19.3991786425], [-99.2235147113, 19.3986636422], [-99.2234557027, 19.3982291242], [-99.223434245, 19.3981580485], [-99.2232961113, 19.3978442554], [-99.2232840413, 19.3977946051], [-99.2232786769, 19.3976162432], [-99.2232934291, 19.3975465112], [-99.2233645076, 19.3973346271], [-99.2233806009, 19.397165673], [-99.2233752364, 19.3970811563], [-99.223369872, 19.3970154563], [-99.2233497554, 19.3969484121], [-99.2233108634, 19.3968960734], [-99.2231915051, 19.3968035714], [-99.2230600769, 19.3967419034], [-99.2227301652, 19.3966573865]]}","{""id"": ""TTI-0e6b35d1-b793-45b4-b4a5-22dc2fb82b8b-TTR24473441736030001"", ""iconCategory"": 0, ""magnitudeOfDelay"": 0, ""startTime"": ""2026-06-10T19:37:30Z"", ""endTime"": ""2026-07-20T03:00:00Z"", ""from"": ""Calle Ignacio Zaragoza"", ""to"": ""Avenida Constituyentes"", ""length"": 347.7503381069, ""delay"": null, ""roadNumbers"": [], ""timeValidity"": ""present"", ""probabilityOfOccurrence"": ""certain"", ""numberOfReports"": null, ""lastReportTime"": null, ""events"": [{""code"": 1459, ""description"": ""Partido de fútbol"", ""iconCategory"": 0}]}"
tomtom,tomtom_cdmx_incidents,2026-07-02T04:34:19Z,2026-07-02,20260702T043415Z,2026-07-02T04:34:15.638661,TTI-0e6b35d1-b793-45b4-b4a5-22dc2fb82b8b-TTR24493637992015001,Feature,LineString,19.2743285544,-99.2223103995,8,Road closed,4,,70.2965217737,Calle Yobaín,Calle Hopelchen,,present,certain,,2026-07-01T07:03:00Z,,,Cerrado,401,"{""type"": ""LineString"", ""coordinates"": [[-99.2229675407, 19.2744505588], [-99.2223103995, 19.2743285544]]}","{""id"": ""TTI-0e6b35d1-b793-45b4-b4a5-22dc2fb82b8b-TTR24493637992015001"", ""iconCategory"": 8, ""magnitudeOfDelay"": 4, ""startTime"": ""2026-07-01T07:03:00Z"", ""endTime"": null, ""from"": ""Calle Yobaín"", ""to"": ""Calle Hopelchen"", ""length"": 70.2965217737, ""delay"": null, ""roadNumbers"": [], ""timeValidity"": ""present"", ""probabilityOfOccurrence"": ""certain"", ""numberOfReports"": null, ""lastReportTime"": null, ""events"": [{""code"": 401, ""description"": ""Cerrado"", ""iconCategory"": 8}]}"
tomtom,tomtom_cdmx_incidents,2026-07-02T04:34:19Z,2026-07-02,20260702T043415Z,2026-07-02T04:34:15.638677,TTI-0e6b35d1-b793-45b4-b4a5-22dc2fb82b8b-TTR24493638064015001,Feature,LineString,19.2744505588,-99.2229675407,8,Road closed,4,,70.2965217737,Calle Hopelchen,Calle Yobaín,,present,certain,,2026-07-01T07:03:00Z,,,Cerrado,401,"{""type"": ""LineString"", ""coordinates"": [[-99.2223103995, 19.2743285544], [-99.2229675407, 19.2744505588]]}","{""id"": ""TTI-0e6b35d1-b793-45b4-b4a5-22dc2fb82b8b-TTR24493638064015001"", ""iconCategory"": 8, ""magnitudeOfDelay"": 4, ""startTime"": ""2026-07-01T07:03:00Z"", ""endTime"": null, ""from"": ""Calle Hopelchen"", ""to"": ""Calle Yobaín"", ""length"": 70.2965217737, ""delay"": null, ""roadNumbers"": [], ""timeValidity"": ""present"", ""probabilityOfOccurrence"": ""certain"", ""numberOfReports"": null, ""lastReportTime"": null, ""events"": [{""code"": 401, ""description"": ""Cerrado"", ""iconCategory"": 8}]}"
tomtom,tomtom_cdmx_incidents,2026-07-02T04:34:19Z,2026-07-02,20260702T043415Z,2026-07-02T04:34:15.638692,TTI-0e6b35d1-b793-45b4-b4a5-22dc2fb82b8b-TTL24464786532009000,Feature,LineString,19.485970897,-99.2351581806,6,Jam,2,964.0,7198.0370396927,Parque de los Remedios (Boulevard Manuel Ávila Camacho),Circuito Ingenieros/Anillo Periférico (Boulevard Manuel Ávila Camacho),,present,certain,,2026-07-02T03:35:30Z,2026-07-02T05:23:00Z,,Tráfico en cola,108,"{""type"": ""LineString"", ""coordinates"": [[-99.2202048654, 19.457265961], [-99.220212912, 19.4572860352], [-99.2202276642, 19.4573155142], [-99.2202504629, 19.4573638028], [-99.2203121537, 19.4574885154], [-99.2203657979, 19.457598528], [-99.2204985673, 19.4578613881], [-99.2205414826, 19.4579512473], [-99.2206071967, 19.4580732724], [-99.2206259722, 19.4581094689], [-99.2207104618, 19.4582650823], [-99.2208016569, 19.4584407696], [-99.2208780998, 19.4585868989], [-99.2208995575, 19.4586284695], [-99.2209800238, 19.4587920645], [-99.2210497612, 19.458914168], [-99.2211194987, 19.4590482841], [-99.2216063196, 19.4599561929], [-99.2216438705, 19.4600258981], [-99.221727019, 19.4601988964], [-99.2217927331, 19.4603316679], [-99.2218866104, 19.4605140706], [-99.2220086509, 19.4607447606], [-99.2220381552, 19.4608077479], [-99.2221226448, 19.4609445495], [-99.2221548313, 19.4610116462], [-99.2222835774, 19.4612825619], [-99.2228092903, 19.4622816585], [-99.2228682989, 19.4624023368], [-99.2229219431, 19.462504285], [-99.2230265493, 19.4627013846], [-99.2232384438, 19.4630890238], [-99.2232706303, 19.4631506667], [-99.2238674218, 19.4643093898], [-99.224024331, 19.4646138081], [-99.2241155261, 19.464785458], [-99.2241718525, 19.4648874047], [-99.2242442722, 19.4650295768], [-99.2243233973, 19.4651784662], [-99.2244052047, 19.4653353373], [-99.2245701606, 19.4656505015], [-99.2247445041, 19.4659844737], [-99.2247538919, 19.4660005163], [-99.2247954661, 19.4660823102], [-99.2248276526, 19.4661426875], [-99.2248544747, 19.4661963473], [-99.2249778563, 19.4664364336], [-99.2250516171, 19.4665785253], [-99.2251977975, 19.4668722706], [-99.2252769226, 19.4670304835], [-99.2253761644, 19.4672222829], [-99.2254284674, 19.4673201976], [-99.2255183214, 19.4674851274], [-99.2255303914, 19.4675066228], [-99.2256121988, 19.4676567743], [-99.2260306234, 19.4684681433], [-99.2262492234, 19.4688852456], [-99.2265335376, 19.4694283937], [-99.2266072983, 19.4695705618], [-99.2266636247, 19.4696805661], [-99.226757502, 19.4698522107], [-99.2268902713, 19.4701110207], [-99.2270404751, 19.4703980424], [-99.2271316702, 19.4705777469], [-99.227283215, 19.4708700625], [-99.2276064212, 19.4715003688], [-99.2277914936, 19.4718356724], [-99.2279269451, 19.4720998529], [-99.2280851955, 19.4724016487], [-99.2281830961, 19.472588068], [-99.2281938249, 19.4726094837], [-99.2282756323, 19.4727664266], [-99.2282984311, 19.4728079936], [-99.2283346409, 19.47288038], [-99.2284352237, 19.4730735159], [-99.22852776, 19.4732505305], [-99.228605544, 19.4733994123], [-99.2287704999, 19.4737159043], [-99.2292613441, 19.4746466477], [-99.2297226841, 19.4755639519], [-99.2298044914, 19.4757195485], [-99.2298326546, 19.4757705185], [-99.2298970277, 19.4758938735], [-99.229926532, 19.4759502169], [-99.2302296216, 19.4765228168], [-99.2304240817, 19.4768996759], [-99.2306627983, 19.4773529488], [-99.2307244891, 19.4774736949], [-99.2307687456, 19.4775514528], [-99.2309041971, 19.4777968957], [-99.2309605235, 19.4778974909], [-99.2310248965, 19.4780154708], [-99.2312542254, 19.4784325485], [-99.2314097935, 19.4787276157], [-99.2314781899, 19.4788670889], [-99.2320629114, 19.4800284654], [-99.2321018035, 19.4801063011], [-99.2322064096, 19.4803154696], [-99.2324156219, 19.4807392581], [-99.2324504906, 19.48080769], [-99.2325229103, 19.4809431314], [-99.232673114, 19.4812355074], [-99.2328903729, 19.4816231022], [-99.2329627926, 19.4817585429], [-99.2329909558, 19.4818054809], [-99.2331666404, 19.4821421065], [-99.2333852405, 19.4825632036], [-99.2334630245, 19.4827107335], [-99.2336051816, 19.4829923596], [-99.233686989, 19.4831559301], [-99.2338854725, 19.4835381471], [-99.2339015657, 19.4835703079], [-99.2339190001, 19.4836079211], [-99.2339391166, 19.4836494853], [-99.2339552099, 19.4836776161], [-99.2339780087, 19.4837218669], [-99.2341443056, 19.4840370744], [-99.2342059964, 19.4841483332], [-99.2344004566, 19.4845359211], [-99.2344500775, 19.4846244222], [-99.2345587069, 19.4848376938], [-99.2345868701, 19.4848913475], [-99.2346525842, 19.4850187255], [-99.2346901352, 19.4850925289], [-99.2347424382, 19.4851931195], [-99.2349355573, 19.4855578686], [-99.2351581806, 19.485970897], [-99.2351957316, 19.48604067], [-99.2352480346, 19.4861479766], [-99.2352936322, 19.4862297602], [-99.2353968972, 19.4864094471], [-99.2354854101, 19.4865771231], [-99.2355766052, 19.4867554663], [-99.2356557304, 19.4868909027], [-99.2356852347, 19.4869472423], [-99.2357509488, 19.4870799919], [-99.2357965464, 19.4871684916], [-99.2358837182, 19.4873361668], [-99.2359574789, 19.487472946], [-99.2360567207, 19.487668751], [-99.2361841256, 19.4879249249], [-99.2363423759, 19.4882494482], [-99.2364402765, 19.4884787555], [-99.2365422005, 19.4887322416], [-99.2366199846, 19.4889709511], [-99.2366655821, 19.4891211618], [-99.2367138619, 19.4893048753], [-99.2367903048, 19.4896616345], [-99.2368291969, 19.4899378754], [-99.2368533367, 19.4901471102], [-99.2368747944, 19.4903617178], [-99.2368935699, 19.4905977384], [-99.2368935699, 19.4906607931], [-99.2368922288, 19.4907144448], [-99.236882841, 19.49089547], [-99.2368788177, 19.4912012606], [-99.2368761355, 19.4914453396], [-99.2368734533, 19.4915123447], [-99.2368721122, 19.4915378667], [-99.2368707711, 19.4915901749], [-99.2368680889, 19.4917523934], [-99.2368667478, 19.4919402128], [-99.2368627245, 19.4924243384], [-99.2368613834, 19.4926415504], [-99.2368613834, 19.4928669008], [-99.2368600423, 19.4931873844], [-99.2368452901, 19.4939102876], [-99.2368452901, 19.494246888], [-99.2368399257, 19.4947752545], [-99.2368332202, 19.4949080767], [-99.2367943281, 19.495565154], [-99.2367943281, 19.4956510416], [-99.2367889637, 19.4962746143], [-99.2367903048, 19.4968271521], [-99.2368077392, 19.4972536629], [-99.2368131036, 19.4974387104], [-99.2368171269, 19.4975218315], [-99.2368265146, 19.4975929428], [-99.2368412668, 19.4976733775], [-99.2368747944, 19.4978558171], [-99.2368922288, 19.4979724392], [-99.2370089049, 19.4986068276], [-99.2370129282, 19.4986295831], [-99.2370545024, 19.4989514775], [-99.2370571846, 19.4990869037], [-99.2370585257, 19.4991365231], [-99.237062549, 19.4992840379], [-99.2370424325, 19.4997065126], [-99.2370384092, 19.4997803093], [-99.2369405085, 19.5003797677], [-99.2368989343, 19.500631892], [-99.236843949, 19.5009202028], [-99.2368318791, 19.5009980285], [-99.2368238324, 19.5010596569], [-99.2367903048, 19.5012555245], [-99.2367755527, 19.5013721442], [-99.2367688472, 19.5014740679], [-99.2367487306, 19.5017007491], [-99.2367071563, 19.5028473449], [-99.2366910631, 19.5043829742], [-99.2367017919, 19.5045505525], [-99.2367004508, 19.5046404648], [-99.2366977686, 19.5046954551], [-99.2366816754, 19.5053579442], [-99.2366816754, 19.5054706105], [-99.2366816754, 19.5057321289], [-99.2366816754, 19.5058380792], [-99.2366830165, 19.5063946138], [-99.2366669232, 19.5069377151], [-99.2366682643, 19.5071322324], [-99.2366146201, 19.508130019], [-99.236613279, 19.5081876943], [-99.2365810925, 19.5085631366], [-99.2365717048, 19.5086503604], [-99.2364791686, 19.5092484428], [-99.2364255244, 19.5095220431], [-99.2363531048, 19.5098077309], [-99.2362780029, 19.5101188582], [-99.2361492569, 19.5105184718], [-99.2359427268, 19.511097823], [-99.2359226102, 19.5111541542], [-99.2358917648, 19.5112440628], [-99.2358153218, 19.5114277512], [-99.235765701, 19.5115457857], [-99.2354666347, 19.5120661161], [-99.2354290838, 19.5121425933], [-99.2353915328, 19.5122083258], [-99.235304361, 19.5123544856], [-99.2352574224, 19.5124308836], [-99.2352051193, 19.5125181054], [-99.235085761, 19.5127192524], [-99.2349073941, 19.512995533], [-99.2347451205, 19.5132489807], [-99.2344406897, 19.5136794774], [-99.2342690284, 19.5139061415], [-99.2340933437, 19.5141126591], [-99.2340034897, 19.5142253193], [-99.2339873964, 19.5142454654], [-99.233866697, 19.5143983388], [-99.2337741608, 19.5145189782], [-99.2337097878, 19.5145994835], [-99.2336199338, 19.5147121434], [-99.2334536368, 19.5149200031], [-99.2332471067, 19.5151962799], [-99.2329990024, 19.5155275428], [-99.2329225594, 19.5156308006], [-99.2327482158, 19.5158681274], [-99.2326208109, 19.5160465173], [-99.2323056514, 19.5164502245], [-99.2321701998, 19.5166259276], [-99.2319904918, 19.5168713113], [-99.2318805212, 19.5170349266], [-99.2318282181, 19.5171033431]]}","{""id"": ""TTI-0e6b35d1-b793-45b4-b4a5-22dc2fb82b8b-TTL24464786532009000"", ""iconCategory"": 6, ""magnitudeOfDelay"": 2, ""startTime"": ""2026-07-02T03:35:30Z"", ""endTime"": ""2026-07-02T05:23:00Z"", ""from"": ""Parque de los Remedios (Boulevard Manuel Ávila Camacho)"", ""to"": ""Circuito Ingenieros/Anillo Periférico (Boulevard Manuel Ávila Camacho)"", ""length"": 7198.0370396927, ""delay"": 964, ""roadNumbers"": [], ""timeValidity"": ""present"", ""probabilityOfOccurrence"": ""certain"", ""numberOfReports"": null, ""lastReportTime"": null, ""events"": [{""code"": 108, ""description"": ""Tráfico en cola"", ""iconCategory"": 6}]}"
tomtom,tomtom_cdmx_incidents,2026-07-02T04:34:19Z,2026-07-02,20260702T043415Z,2026-07-02T04:34:15.638919,TTI-0e6b35d1-b793-45b4-b4a5-22dc2fb82b8b-TTR24459016456013000,Feature,LineString,19.5219018315,-99.2201646322,9,Road works,0,,71.5225452888,Calle Viveros de la Playa,Calle Viveros de Tecoyotitla,,present,probable,,2026-07-02T00:21:00Z,,,Obras | Nuevo trazado de carretera por obras,"701,810","{""type"": ""LineString"", ""coordinates"": [[-99.2199245745, 19.5213868258], [-99.220007723, 19.5215652097], [-99.2201646322, 19.5219018315], [-99.220199501, 19.5219755391]]}","{""id"": ""TTI-0e6b35d1-b793-45b4-b4a5-22dc2fb82b8b-TTR24459016456013000"", ""iconCategory"": 9, ""magnitudeOfDelay"": 0, ""startTime"": ""2026-07-02T00:21:00Z"", ""endTime"": null, ""from"": ""Calle Viveros de la Playa"", ""to"": ""Calle Viveros de Tecoyotitla"", ""length"": 71.5225452888, ""delay"": null, ""roadNumbers"": [], ""timeValidity"": ""present"", ""probabilityOfOccurrence"": ""probable"", ""numberOfReports"": null, ""lastReportTime"": null, ""events"": [{""code"": 701, ""description"": ""Obras"", ""iconCategory"": 9}, {""code"": 810, ""description"": ""Nuevo trazado de carretera por obras"", ""iconCategory"": 9}]}"
tomtom,tomtom_cdmx_incidents,2026-07-02T04:34:19Z,2026-07-02,20260702T043415Z,2026-07-02T04:34:15.638938,TTI-0e6b35d1-b793-45b4-b4a5-22dc2fb82b8b-TTR24459016356013000,Feature,LineString,19.5192074938,-99.2188946063,8,Road closed,4,,79.734989309,Calle Viveros de Asis,Calle Viveros de la Floresta,,present,probable,,2026-06-22T20:12:00Z,,,Cerrado,401,"{""type"": ""LineString"", ""coordinates"": [[-99.2190246934, 19.5192048077], [-99.2189522738, 19.5192061507], [-99.2188946063, 19.5192074938], [-99.2182642872, 19.5191874273]]}","{""id"": ""TTI-0e6b35d1-b793-45b4-b4a5-22dc2fb82b8b-TTR24459016356013000"", ""iconCategory"": 8, ""magnitudeOfDelay"": 4, ""startTime"": ""2026-06-22T20:12:00Z"", ""endTime"": null, ""from"": ""Calle Viveros de Asis"", ""to"": ""Calle Viveros de la Floresta"", ""length"": 79.734989309, ""delay"": null, ""roadNumbers"": [], ""timeValidity"": ""present"", ""probabilityOfOccurrence"": ""probable"", ""numberOfReports"": null, ""lastReportTime"": null, ""events"": [{""code"": 401, ""description"": ""Cerrado"", ""iconCategory"": 8}]}"
tomtom,tomtom_cdmx_incidents,2026-07-02T04:34:19Z,2026-07-02,20260702T043415Z,2026-07-02T04:34:15.638956,TTI-0e6b35d1-b793-45b4-b4a5-22dc2fb82b8b-TTR24459016428013000,Feature,LineString,19.5192074938,-99.2188946063,8,Road closed,4,,66.0979577042,Calle Viveros de la Floresta,Avenida Viveros de Atizapán,,present,probable,,2026-06-22T19:56:30Z,,,Cerrado,401,"{""type"": ""LineString"", ""coordinates"": [[-99.2182642872, 19.5191874273], [-99.2188946063, 19.5192074938]]}","{""id"": ""TTI-0e6b35d1-b793-45b4-b4a5-22dc2fb82b8b-TTR24459016428013000"", ""iconCategory"": 8, ""magnitudeOfDelay"": 4, ""startTime"": ""2026-06-22T19:56:30Z"", ""endTime"": null, ""from"": ""Calle Viveros de la Floresta"", ""to"": ""Avenida Viveros de Atizapán"", ""length"": 66.0979577042, ""delay"": null, ""roadNumbers"": [], ""timeValidity"": ""present"", ""probabilityOfOccurrence"": ""probable"", ""numberOfReports"": null, ""lastReportTime"": null, ""events"": [{""code"": 401, ""description"": ""Cerrado"", ""iconCategory"": 8}]}"
tomtom,tomtom_cdmx_incidents,2026-07-02T04:34:19Z,2026-07-02,20260702T043415Z,2026-07-02T04:34:15.638971,TTI-0e6b35d1-b793-45b4-b4a5-22dc2fb82b8b-TTR24461901296012000,Feature,LineString,19.4899325813,-99.2163585777,8,Road closed,4,,387.7068886955,Avenida San Agustín (Calzada de las Armas/Avenida de las Armas Norte),Calle San Isidro/Calzada de Echegaray (Calzada de las Armas/Calle de las Armas),,present,probable,,2026-07-02T04:26:00Z,,,Cerrado,401,"{""type"": ""LineString"", ""coordinates"": [[-99.2157886082, 19.4916115881], [-99.2160903567, 19.490710415], [-99.2163545543, 19.4899432485], [-99.2163585777, 19.4899325813], [-99.2165315801, 19.4894658319], [-99.2166361863, 19.4891815305], [-99.2169634158, 19.4883057874]]}","{""id"": ""TTI-0e6b35d1-b793-45b4-b4a5-22dc2fb82b8b-TTR24461901296012000"", ""iconCategory"": 8, ""magnitudeOfDelay"": 4, ""startTime"": ""2026-07-02T04:26:00Z"", ""endTime"": null, ""from"": ""Avenida San Agustín (Calzada de las Armas/Avenida de las Armas Norte)"", ""to"": ""Calle San Isidro/Calzada de Echegaray (Calzada de las Armas/Calle de las Armas)"", ""length"": 387.7068886955, ""delay"": null, ""roadNumbers"": [], ""timeValidity"": ""present"", ""probabilityOfOccurrence"": ""probable"", ""numberOfReports"": null, ""lastReportTime"": null, ""events"": [{""code"": 401, ""description"": ""Cerrado"", ""iconCategory"": 8}]}"
tomtom,tomtom_cdmx_incidents,2026-07-02T04:34:19Z,2026-07-02,20260702T043415Z,2026-07-02T04:34:15.638990,TTI-0e6b35d1-b793-45b4-b4a5-22dc2fb82b8b-TTR24461901224028000,Feature,LineString,19.4891734708,-99.2165825421,8,Road closed,4,,485.9141319823,Calle San Isidro/Calzada de Echegaray (Calzada de las Armas/Calle de las Armas),Avenida San Agustín (Calzada de las Armas/Avenida de las Armas Norte),,present,probable,,2026-07-02T04:20:00Z,,,Cerrado,401,"{""type"": ""LineString"", ""coordinates"": [[-99.2171779925, 19.4874434725], [-99.2171578759, 19.487518539], [-99.2171337361, 19.487609725], [-99.2170787508, 19.4877948626], [-99.2169057483, 19.4882869813], [-99.2167314047, 19.4887550774], [-99.2165825421, 19.4891734708], [-99.2165060991, 19.4893961393], [-99.2164886648, 19.4894523991], [-99.2163317556, 19.4899137754], [-99.2160380537, 19.490690266], [-99.2157188708, 19.4915901749]]}","{""id"": ""TTI-0e6b35d1-b793-45b4-b4a5-22dc2fb82b8b-TTR24461901224028000"", ""iconCategory"": 8, ""magnitudeOfDelay"": 4, ""startTime"": ""2026-07-02T04:20:00Z"", ""endTime"": null, ""from"": ""Calle San Isidro/Calzada de Echegaray (Calzada de las Armas/Calle de las Armas)"", ""to"": ""Avenida San Agustín (Calzada de las Armas/Avenida de las Armas Norte)"", ""length"": 485.9141319823, ""delay"": null, ""roadNumbers"": [], ""timeValidity"": ""present"", ""probabilityOfOccurrence"": ""probable"", ""numberOfReports"": null, ""lastReportTime"": null, ""events"": [{""code"": 401, ""description"": ""Cerrado"", ""iconCategory"": 8}]}"
tomtom,tomtom_cdmx_incidents,2026-07-02T04:34:19Z,2026-07-02,20260702T043415Z,2026-07-02T04:34:15.639015,TTI-0e6b35d1-b793-45b4-b4a5-22dc2fb82b8b-TTR24473442276014000,Feature,LineString,19.4282618918,-99.2157778794,8,Road closed,4,,133.536364237,Calle Monte Tambor,Calle Monte Sinai / Calle Sierra Gamón,,present,probable,,2026-07-02T02:18:00Z,,,Cerrado,401,"{""type"": ""LineString"", ""coordinates"": [[-99.2167890722, 19.4282940636], [-99.2159039432, 19.4282645003], [-99.2157778794, 19.4282618918], [-99.2156357223, 19.4282712192], [-99.2155203873, 19.4282994388]]}","{""id"": ""TTI-0e6b35d1-b793-45b4-b4a5-22dc2fb82b8b-TTR24473442276014000"", ""iconCategory"": 8, ""magnitudeOfDelay"": 4, ""startTime"": ""2026-07-02T02:18:00Z"", ""endTime"": null, ""from"": ""Calle Monte Tambor"", ""to"": ""Calle Monte Sinai / Calle Sierra Gamón"", ""length"": 133.536364237, ""delay"": null, ""roadNumbers"": [], ""timeValidity"": ""present"", ""probabilityOfOccurrence"": ""probable"", ""numberOfReports"": null, ""lastReportTime"": null, ""events"": [{""code"": 401, ""description"": ""Cerrado"", ""iconCategory"": 8}]}"
tomtom,tomtom_cdmx_incidents,2026-07-02T04:34:19Z,2026-07-02,20260702T043415Z,2026-07-02T04:34:15.639032,TTI-0e6b35d1-b793-45b4-b4a5-22dc2fb82b8b-TTL24459016300014000,Feature,LineString,19.5163174199,-99.214451527,6,Jam,3,203.0,129.4624100905,Avenida Presidente Benito Juárez,Calle Vía Gustavo Baz / Calle Ignacio Zaragoza,,present,certain,,2026-07-02T04:28:00Z,2026-07-02T04:53:00Z,,Tráfico parado,101,"{""type"": ""LineString"", ""coordinates"": [[-99.2135637159, 19.5158426883], [-99.2140505368, 19.5160666632], [-99.214451527, 19.5163174199], [-99.21452797, 19.5163737493], [-99.2146151418, 19.5164448523]]}","{""id"": ""TTI-0e6b35d1-b793-45b4-b4a5-22dc2fb82b8b-TTL24459016300014000"", ""iconCategory"": 6, ""magnitudeOfDelay"": 3, ""startTime"": ""2026-07-02T04:28:00Z"", ""endTime"": ""2026-07-02T04:53:00Z"", ""from"": ""Avenida Presidente Benito Juárez"", ""to"": ""Calle Vía Gustavo Baz / Calle Ignacio Zaragoza"", ""length"": 129.4624100905, ""delay"": 203, ""roadNumbers"": [], ""timeValidity"": ""present"", ""probabilityOfOccurrence"": ""certain"", ""numberOfReports"": null, ""lastReportTime"": null, ""events"": [{""code"": 101, ""description"": ""Tráfico parado"", ""iconCategory"": 6}]}"
tomtom,tomtom_cdmx_incidents,2026-07-02T04:34:19Z,2026-07-02,20260702T043415Z,2026-07-02T04:34:15.639051,TTI-0e6b35d1-b793-45b4-b4a5-22dc2fb82b8b-TTR24487868116022001,Feature,LineString,19.3319155793,-99.2110048885,0,Unknown,0,,240.8782385104,Boulevard Adolfo López Mateos,Cerrada Ninguno,,present,certain,,2026-06-10T19:43:30Z,2026-07-20T03:00:00Z,,Partido de fútbol,1459,"{""type"": ""LineString"", ""coordinates"": [[-99.2102941031, 19.3323929842], [-99.2103397006, 19.3324238304], [-99.2103624994, 19.3324399653], [-99.2103893215, 19.3324519874], [-99.2104000503, 19.3324546766], [-99.2104241902, 19.3324573657], [-99.2104456479, 19.3324560212], [-99.2104671055, 19.3324506429], [-99.2104885632, 19.3324426545], [-99.2105059976, 19.3324305533], [-99.2109418565, 19.3319718936], [-99.2110048885, 19.3319155793], [-99.2110209817, 19.3318994444], [-99.2110478038, 19.3318833885], [-99.2110987658, 19.3318511976], [-99.2112248296, 19.3318042163], [-99.2112409228, 19.3317989171], [-99.2112905437, 19.3317800929], [-99.2114434296, 19.3317438683], [-99.2115306014, 19.3317237786], [-99.211615091, 19.3317050335], [-99.2117626125, 19.3316688089], [-99.2122628445, 19.3315816482]]}","{""id"": ""TTI-0e6b35d1-b793-45b4-b4a5-22dc2fb82b8b-TTR24487868116022001"", ""iconCategory"": 0, ""magnitudeOfDelay"": 0, ""startTime"": ""2026-06-10T19:43:30Z"", ""endTime"": ""2026-07-20T03:00:00Z"", ""from"": ""Boulevard Adolfo López Mateos"", ""to"": ""Cerrada Ninguno"", ""length"": 240.8782385104, ""delay"": null, ""roadNumbers"": [], ""timeValidity"": ""present"", ""probabilityOfOccurrence"": ""certain"", ""numberOfReports"": null, ""lastReportTime"": null, ""events"": [{""code"": 1459, ""description"": ""Partido de fútbol"", ""iconCategory"": 0}]}"
tomtom,tomtom_cdmx_incidents,2026-07-02T04:34:19Z,2026-07-02,20260702T043415Z,2026-07-02T04:34:15.639085,TTI-0e6b35d1-b793-45b4-b4a5-22dc2fb82b8b-TTR24464786876013001,Feature,LineString,19.4973408138,-99.2098273987,0,Unknown,0,,97.0076540349,Calzada de las Armas,Calle Hacienda Los Pedernales,,present,certain,,2026-06-10T16:25:30Z,2026-07-20T03:00:00Z,,Partido de fútbol,1459,"{""type"": ""LineString"", ""coordinates"": [[-99.2107085044, 19.4976077181], [-99.2098273987, 19.4973408138]]}","{""id"": ""TTI-0e6b35d1-b793-45b4-b4a5-22dc2fb82b8b-TTR24464786876013001"", ""iconCategory"": 0, ""magnitudeOfDelay"": 0, ""startTime"": ""2026-06-10T16:25:30Z"", ""endTime"": ""2026-07-20T03:00:00Z"", ""from"": ""Calzada de las Armas"", ""to"": ""Calle Hacienda Los Pedernales"", ""length"": 97.0076540349, ""delay"": null, ""roadNumbers"": [], ""timeValidity"": ""present"", ""probabilityOfOccurrence"": ""certain"", ""numberOfReports"": null, ""lastReportTime"": null, ""events"": [{""code"": 1459, ""description"": ""Partido de fútbol"", ""iconCategory"": 0}]}"
tomtom,tomtom_cdmx_incidents,2026-07-02T04:34:19Z,2026-07-02,20260702T043415Z,2026-07-02T04:34:15.639100,TTI-0e6b35d1-b793-45b4-b4a5-22dc2fb82b8b-TTR24453246220011000,Feature,LineString,19.5684891084,-99.2079565579,8,Road closed,4,,106.7291614405,Avenida Ceylán,Autopista México-Querétaro,,present,probable,,2025-06-28T23:31:30Z,,,Cerrado,401,"{""type"": ""LineString"", ""coordinates"": [[-99.20752204, 19.5681484768], [-99.2077218646, 19.5682879518], [-99.207817083, 19.5683590319], [-99.2079565579, 19.5684891084], [-99.208073234, 19.5686393241], [-99.2081791813, 19.5687948312], [-99.2082220966, 19.5688324245]]}","{""id"": ""TTI-0e6b35d1-b793-45b4-b4a5-22dc2fb82b8b-TTR24453246220011000"", ""iconCategory"": 8, ""magnitudeOfDelay"": 4, ""startTime"": ""2025-06-28T23:31:30Z"", ""endTime"": null, ""from"": ""Avenida Ceylán"", ""to"": ""Autopista México-Querétaro"", ""length"": 106.7291614405, ""delay"": null, ""roadNumbers"": [], ""timeValidity"": ""present"", ""probabilityOfOccurrence"": ""probable"", ""numberOfReports"": null, ""lastReportTime"": null, ""events"": [{""code"": 401, ""description"": ""Cerrado"", ""iconCategory"": 8}]}"
tomtom,tomtom_cdmx_incidents,2026-07-02T04:34:19Z,2026-07-02,20260702T043415Z,2026-07-02T04:34:15.639120,TTI-0e6b35d1-b793-45b4-b4a5-22dc2fb82b8b-TTR24479212680007000,Feature,LineString,19.3982854946,-99.2074295038,8,Road closed,4,,33.9747308352,Calle del Chico,Avenida Observatorio,,present,certain,,2025-11-04T09:35:50Z,2026-07-03T05:55:00Z,,Cerrado,401,"{""type"": ""LineString"", ""coordinates"": [[-99.2074241394, 19.3982238271], [-99.2074295038, 19.3982854946], [-99.2074523026, 19.3985282112]]}","{""id"": ""TTI-0e6b35d1-b793-45b4-b4a5-22dc2fb82b8b-TTR24479212680007000"", ""iconCategory"": 8, ""magnitudeOfDelay"": 4, ""startTime"": ""2025-11-04T09:35:50Z"", ""endTime"": ""2026-07-03T05:55:00Z"", ""from"": ""Calle del Chico"", ""to"": ""Avenida Observatorio"", ""length"": 33.9747308352, ""delay"": null, ""roadNumbers"": [], ""timeValidity"": ""present"", ""probabilityOfOccurrence"": ""certain"", ""numberOfReports"": null, ""lastReportTime"": null, ""events"": [{""code"": 401, ""description"": ""Cerrado"", ""iconCategory"": 8}]}"
tomtom,tomtom_cdmx_incidents,2026-07-02T04:34:19Z,2026-07-02,20260702T043415Z,2026-07-02T04:34:15.639136,TTI-0e6b35d1-b793-45b4-b4a5-22dc2fb82b8b-TTR24459016452015000,Feature,LineString,19.5264615236,-99.2066342289,8,Road closed,4,,116.7353603211,Calle Ixtlahuaca,Avenida Atlacomulco,,present,probable,,2026-06-16T02:40:30Z,,,Cerrado,401,"{""type"": ""LineString"", ""coordinates"": [[-99.2066074068, 19.5264253423], [-99.2066342289, 19.5264615236], [-99.2072216326, 19.5273011161]]}","{""id"": ""TTI-0e6b35d1-b793-45b4-b4a5-22dc2fb82b8b-TTR24459016452015000"", ""iconCategory"": 8, ""magnitudeOfDelay"": 4, ""startTime"": ""2026-06-16T02:40:30Z"", ""endTime"": null, ""from"": ""Calle Ixtlahuaca"", ""to"": ""Avenida Atlacomulco"", ""length"": 116.7353603211, ""delay"": null, ""roadNumbers"": [], ""timeValidity"": ""present"", ""probabilityOfOccurrence"": ""probable"", ""numberOfReports"": null, ""lastReportTime"": null, ""events"": [{""code"": 401, ""description"": ""Cerrado"", ""iconCategory"": 8}]}"
tomtom,tomtom_cdmx_incidents,2026-07-02T04:34:19Z,2026-07-02,20260702T043415Z,2026-07-02T04:34:15.639152,TTI-0e6b35d1-b793-45b4-b4a5-22dc2fb82b8b-TTR24456131288025001,Feature,LineString,19.5540507681,-99.2050423378,11,Flooding,0,,258.109783252,Calle Queretaro Rafael Merino/Niños Heroes (Via Gustavo Baz Prada/Calle Gustavo Baz),Avenida de la Radial Toltecas (Via Gustavo Baz Prada/Calle Gustavo Baz),,present,certain,,2026-07-02T00:01:00Z,2026-07-02T07:58:00Z,,Inundación,907,"{""type"": ""LineString"", ""coordinates"": [[-99.2053534741, 19.553161633], [-99.2051254863, 19.553805362], [-99.2050423378, 19.5540507681], [-99.2046963329, 19.5550726711], [-99.2045877034, 19.5553677564]]}","{""id"": ""TTI-0e6b35d1-b793-45b4-b4a5-22dc2fb82b8b-TTR24456131288025001"", ""iconCategory"": 11, ""magnitudeOfDelay"": 0, ""startTime"": ""2026-07-02T00:01:00Z"", ""endTime"": ""2026-07-02T07:58:00Z"", ""from"": ""Calle Queretaro Rafael Merino/Niños Heroes (Via Gustavo Baz Prada/Calle Gustavo Baz)"", ""to"": ""Avenida de la Radial Toltecas (Via Gustavo Baz Prada/Calle Gustavo Baz)"", ""length"": 258.109783252, ""delay"": null, ""roadNumbers"": [], ""timeValidity"": ""present"", ""probabilityOfOccurrence"": ""certain"", ""numberOfReports"": null, ""lastReportTime"": null, ""events"": [{""code"": 907, ""description"": ""Inundación"", ""iconCategory"": 11}]}"
tomtom,tomtom_cdmx_incidents,2026-07-02T04:34:19Z,2026-07-02,20260702T043415Z,2026-07-02T04:34:15.639171,TTI-0e6b35d1-b793-45b4-b4a5-22dc2fb82b8b-TTR24479212892014000,Feature,LineString,19.4042815956,-99.2046118433,8,Road closed,4,,92.7271298372,Calle Poniente 73,Avenida Constituyentes,,present,probable,,2026-06-02T00:01:30Z,,,Cerrado,401,"{""type"": ""LineString"", ""coordinates"": [[-99.2045380825, 19.4039489986], [-99.2046118433, 19.4042815956], [-99.2047097439, 19.4047670106]]}","{""id"": ""TTI-0e6b35d1-b793-45b4-b4a5-22dc2fb82b8b-TTR24479212892014000"", ""iconCategory"": 8, ""magnitudeOfDelay"": 4, ""startTime"": ""2026-06-02T00:01:30Z"", ""endTime"": null, ""from"": ""Calle Poniente 73"", ""to"": ""Avenida Constituyentes"", ""length"": 92.7271298372, ""delay"": null, ""roadNumbers"": [], ""timeValidity"": ""present"", ""probabilityOfOccurrence"": ""probable"", ""numberOfReports"": null, ""lastReportTime"": null, ""events"": [{""code"": 401, ""description"": ""Cerrado"", ""iconCategory"": 8}]}"
tomtom,tomtom_cdmx_incidents,2026-07-02T04:34:19Z,2026-07-02,20260702T043415Z,2026-07-02T04:34:15.639187,TTI-0e6b35d1-b793-45b4-b4a5-22dc2fb82b8b-TTR24456131504009001,Feature,LineString,19.5570896823,-99.2041518444,11,Flooding,0,,142.5893077875,Calle Central (Via Gustavo Baz Prada/Calle Gustavo Baz),Avenida de la Radial Toltecas (Via Gustavo Baz Prada/Calle Gustavo Baz),,present,certain,,2026-07-02T00:01:00Z,2026-07-02T07:58:00Z,,Inundación,907,"{""type"": ""LineString"", ""coordinates"": [[-99.2040163929, 19.5574866522], [-99.2040458972, 19.5573968483], [-99.2041142935, 19.5572009698], [-99.2041518444, 19.5570896823], [-99.2042685205, 19.556751712], [-99.204287296, 19.5566994249], [-99.2044428641, 19.5562689639]]}","{""id"": ""TTI-0e6b35d1-b793-45b4-b4a5-22dc2fb82b8b-TTR24456131504009001"", ""iconCategory"": 11, ""magnitudeOfDelay"": 0, ""startTime"": ""2026-07-02T00:01:00Z"", ""endTime"": ""2026-07-02T07:58:00Z"", ""from"": ""Calle Central (Via Gustavo Baz Prada/Calle Gustavo Baz)"", ""to"": ""Avenida de la Radial Toltecas (Via Gustavo Baz Prada/Calle Gustavo Baz)"", ""length"": 142.5893077875, ""delay"": null, ""roadNumbers"": [], ""timeValidity"": ""present"", ""probabilityOfOccurrence"": ""certain"", ""numberOfReports"": null, ""lastReportTime"": null, ""events"": [{""code"": 907, ""description"": ""Inundación"", ""iconCategory"": 11}]}"
tomtom,tomtom_cdmx_incidents,2026-07-02T04:34:19Z,2026-07-02,20260702T043415Z,2026-07-02T04:34:15.639207,TTI-0e6b35d1-b793-45b4-b4a5-22dc2fb82b8b-TTL24464787088013000,Feature,LineString,19.5017409654,-99.2033713216,6,Jam,3,211.0,97.7787450585,Cerrada Cultura Griega (Avenida el Rosario/Avenida del Rosario),Aquiles Serdan/Avenida Aquiles Serdán (Avenida el Rosario/Avenida del Rosario),,present,certain,,2026-07-02T04:30:30Z,2026-07-02T05:01:00Z,,Tráfico parado,101,"{""type"": ""LineString"", ""coordinates"": [[-99.2031245584, 19.5016659055], [-99.2033713216, 19.5017409654], [-99.2040217573, 19.5019059391]]}","{""id"": ""TTI-0e6b35d1-b793-45b4-b4a5-22dc2fb82b8b-TTL24464787088013000"", ""iconCategory"": 6, ""magnitudeOfDelay"": 3, ""startTime"": ""2026-07-02T04:30:30Z"", ""endTime"": ""2026-07-02T05:01:00Z"", ""from"": ""Cerrada Cultura Griega (Avenida el Rosario/Avenida del Rosario)"", ""to"": ""Aquiles Serdan/Avenida Aquiles Serdán (Avenida el Rosario/Avenida del Rosario)"", ""length"": 97.7787450585, ""delay"": 211, ""roadNumbers"": [], ""timeValidity"": ""present"", ""probabilityOfOccurrence"": ""certain"", ""numberOfReports"": null, ""lastReportTime"": null, ""events"": [{""code"": 101, ""description"": ""Tráfico parado"", ""iconCategory"": 6}]}"
tomtom,tomtom_cdmx_incidents,2026-07-02T04:34:19Z,2026-07-02,20260702T043415Z,2026-07-02T04:34:15.639223,TTI-0e6b35d1-b793-45b4-b4a5-22dc2fb82b8b-TTR24482098112015000,Feature,LineString,19.3979274276,-99.20030958,8,Road closed,4,,124.4915986946,La Fabrica (Avenida de las Torres),Sur 122 (Avenida Rio de Tacubaya),,present,probable,,2023-12-29T17:25:30Z,,,Cerrado,401,"{""type"": ""LineString"", ""coordinates"": [[-99.2010042721, 19.3977436897], [-99.2008339519, 19.397789308], [-99.2006421739, 19.3978361912], [-99.2004678303, 19.3978939058], [-99.20030958, 19.3979274276], [-99.2000453824, 19.3979837191], [-99.1999582106, 19.3979931273], [-99.1998536045, 19.3980105998]]}","{""id"": ""TTI-0e6b35d1-b793-45b4-b4a5-22dc2fb82b8b-TTR24482098112015000"", ""iconCategory"": 8, ""magnitudeOfDelay"": 4, ""startTime"": ""2023-12-29T17:25:30Z"", ""endTime"": null, ""from"": ""La Fabrica (Avenida de las Torres)"", ""to"": ""Sur 122 (Avenida Rio de Tacubaya)"", ""length"": 124.4915986946, ""delay"": null, ""roadNumbers"": [], ""timeValidity"": ""present"", ""probabilityOfOccurrence"": ""probable"", ""numberOfReports"": null, ""lastReportTime"": null, ""events"": [{""code"": 401, ""description"": ""Cerrado"", ""iconCategory"": 8}]}"
tomtom,tomtom_cdmx_incidents,2026-07-02T04:34:19Z,2026-07-02,20260702T043415Z,2026-07-02T04:34:15.639244,TTI-0e6b35d1-b793-45b4-b4a5-22dc2fb82b8b-TTR24482098212005000,Feature,LineString,19.3987321087,-99.1991133148,8,Road closed,4,,40.4894545914,Avenida Sur 122,Avenida Sur 122,,present,certain,1.0,2025-08-01T13:00:00Z,,2025-02-03T04:33:00Z,Cerrado,401,"{""type"": ""LineString"", ""coordinates"": [[-99.1990087086, 19.3985724852], [-99.1990408951, 19.3985738292], [-99.1990623528, 19.3985872696], [-99.1990717405, 19.3986046629], [-99.1990824694, 19.3986381846], [-99.1991133148, 19.3987321087], [-99.1991334314, 19.3987924319], [-99.1991522068, 19.3988098253], [-99.1991750056, 19.3988178894], [-99.1992232854, 19.3988165454]]}","{""id"": ""TTI-0e6b35d1-b793-45b4-b4a5-22dc2fb82b8b-TTR24482098212005000"", ""iconCategory"": 8, ""magnitudeOfDelay"": 4, ""startTime"": ""2025-08-01T13:00:00Z"", ""endTime"": null, ""from"": ""Avenida Sur 122"", ""to"": ""Avenida Sur 122"", ""length"": 40.4894545914, ""delay"": null, ""roadNumbers"": [], ""timeValidity"": ""present"", ""probabilityOfOccurrence"": ""certain"", ""numberOfReports"": 1, ""lastReportTime"": ""2025-02-03T04:33:00Z"", ""events"": [{""code"": 401, ""description"": ""Cerrado"", ""iconCategory"": 8}]}"
tomtom,tomtom_cdmx_incidents,2026-07-02T04:34:19Z,2026-07-02,20260702T043415Z,2026-07-02T04:34:15.639266,TTI-0e6b35d1-b793-45b4-b4a5-22dc2fb82b8b-TTR24482098188021000,Feature,LineString,19.3990418679,-99.1987713331,8,Road closed,4,,165.6299948216,Calzada de las Minas de Arena,Avenida Río de Tacubaya,,present,certain,4.0,2022-08-26T16:34:30Z,,2025-04-02T18:39:00Z,Cerrado,401,"{""type"": ""LineString"", ""coordinates"": [[-99.1979237551, 19.399100847], [-99.1979908103, 19.3991277276], [-99.1980712766, 19.3991397448], [-99.1981571073, 19.3991478089], [-99.1982643956, 19.3991397448], [-99.1984186226, 19.3991021911], [-99.1986399049, 19.399047244], [-99.198705619, 19.3990418679], [-99.1987713331, 19.3990418679], [-99.1988424117, 19.3990566522], [-99.1989148313, 19.3990821097], [-99.1990127319, 19.3991331037], [-99.1990569884, 19.3991639372], [-99.1991361136, 19.3992202283], [-99.1992621774, 19.3993114639], [-99.1993895823, 19.3992658461]]}","{""id"": ""TTI-0e6b35d1-b793-45b4-b4a5-22dc2fb82b8b-TTR24482098188021000"", ""iconCategory"": 8, ""magnitudeOfDelay"": 4, ""startTime"": ""2022-08-26T16:34:30Z"", ""endTime"": null, ""from"": ""Calzada de las Minas de Arena"", ""to"": ""Avenida Río de Tacubaya"", ""length"": 165.6299948216, ""delay"": null, ""roadNumbers"": [], ""timeValidity"": ""present"", ""probabilityOfOccurrence"": ""certain"", ""numberOfReports"": 4, ""lastReportTime"": ""2025-04-02T18:39:00Z"", ""events"": [{""code"": 401, ""description"": ""Cerrado"", ""iconCategory"": 8}]}"
tomtom,tomtom_cdmx_incidents,2026-07-02T04:34:19Z,2026-07-02,20260702T043415Z,2026-07-02T04:34:15.639293,TTI-0e6b35d1-b793-45b4-b4a5-22dc2fb82b8b-TTR24482098372006001,Feature,LineString,19.4156943931,-99.196613496,0,Unknown,0,,20.1598373153,Calle Ninguno,Calle Kiosko,,present,certain,,2026-06-03T18:43:30Z,2026-07-20T03:00:00Z,,Gran evento,1501,"{""type"": ""LineString"", ""coordinates"": [[-99.1966228837, 19.4156192933], [-99.196613496, 19.4156943931], [-99.1965974027, 19.4157989794]]}","{""id"": ""TTI-0e6b35d1-b793-45b4-b4a5-22dc2fb82b8b-TTR24482098372006001"", ""iconCategory"": 0, ""magnitudeOfDelay"": 0, ""startTime"": ""2026-06-03T18:43:30Z"", ""endTime"": ""2026-07-20T03:00:00Z"", ""from"": ""Calle Ninguno"", ""to"": ""Calle Kiosko"", ""length"": 20.1598373153, ""delay"": null, ""roadNumbers"": [], ""timeValidity"": ""present"", ""probabilityOfOccurrence"": ""certain"", ""numberOfReports"": null, ""lastReportTime"": null, ""events"": [{""code"": 1501, ""description"": ""Gran evento"", ""iconCategory"": 0}]}"
tomtom,tomtom_cdmx_incidents,2026-07-02T04:34:19Z,2026-07-02,20260702T043415Z,2026-07-02T04:34:15.639310,TTI-0e6b35d1-b793-45b4-b4a5-22dc2fb82b8b-TTR24482098184037000,Feature,LineString,19.3990177545,-99.1984990889,8,Road closed,4,,416.1811306181,Avenida Rio de Tacubaya (Calzada Minas de Arena),Sur 122 (Calzada Minas de Arena),,present,certain,5.0,2022-08-03T13:23:00Z,,2026-01-13T18:14:00Z,Cerrado,401,"{""type"": ""LineString"", ""coordinates"": [[-99.1963855082, 19.3992792073], [-99.1964257414, 19.3992712222], [-99.1964565868, 19.3992658461], [-99.1965155954, 19.3992497178], [-99.1968106383, 19.3991410888], [-99.1969957108, 19.3990807657], [-99.1971217746, 19.3990553082], [-99.1972196752, 19.3990432119], [-99.197255885, 19.3990391799], [-99.1979237551, 19.399100847], [-99.198102122, 19.3990874858], [-99.1982067281, 19.3990727015], [-99.1982804889, 19.3990632933], [-99.1984990889, 19.3990177545], [-99.1987284178, 19.3989681045], [-99.1988866681, 19.3989332388], [-99.198975181, 19.3989184545], [-99.1990194375, 19.3989104694], [-99.1990476007, 19.3989050932], [-99.1991079504, 19.398895685], [-99.1991562301, 19.3988876209], [-99.1991656179, 19.3988849328], [-99.1992407197, 19.3988742596], [-99.199424451, 19.398847379], [-99.1998482401, 19.3987427819], [-99.2000467235, 19.3986972429], [-99.2002572769, 19.3986449048]]}","{""id"": ""TTI-0e6b35d1-b793-45b4-b4a5-22dc2fb82b8b-TTR24482098184037000"", ""iconCategory"": 8, ""magnitudeOfDelay"": 4, ""startTime"": ""2022-08-03T13:23:00Z"", ""endTime"": null, ""from"": ""Avenida Rio de Tacubaya (Calzada Minas de Arena)"", ""to"": ""Sur 122 (Calzada Minas de Arena)"", ""length"": 416.1811306181, ""delay"": null, ""roadNumbers"": [], ""timeValidity"": ""present"", ""probabilityOfOccurrence"": ""certain"", ""numberOfReports"": 5, ""lastReportTime"": ""2026-01-13T18:14:00Z"", ""events"": [{""code"": 401, ""description"": ""Cerrado"", ""iconCategory"": 8}]}"
tomtom,tomtom_cdmx_incidents,2026-07-02T04:34:19Z,2026-07-02,20260702T043415Z,2026-07-02T04:34:15.639346,TTI-0e6b35d1-b793-45b4-b4a5-22dc2fb82b8b-TTR24479213080018001,Feature,LineString,19.4264701402,-99.1971056813,0,Unknown,0,,174.8422441747,Boulevard Adolfo López Mateos (Paseo de la Reforma),Calzada Chivatito/Calle Rubén Dario (Paseo de la Reforma),,present,certain,,2026-06-12T18:34:00Z,2026-07-20T03:00:00Z,,Gran evento,1501,"{""type"": ""LineString"", ""coordinates"": [[-99.1974516863, 19.4265224694], [-99.1971056813, 19.4264701402], [-99.19580481, 19.4262770279]]}","{""id"": ""TTI-0e6b35d1-b793-45b4-b4a5-22dc2fb82b8b-TTR24479213080018001"", ""iconCategory"": 0, ""magnitudeOfDelay"": 0, ""startTime"": ""2026-06-12T18:34:00Z"", ""endTime"": ""2026-07-20T03:00:00Z"", ""from"": ""Boulevard Adolfo López Mateos (Paseo de la Reforma)"", ""to"": ""Calzada Chivatito/Calle Rubén Dario (Paseo de la Reforma)"", ""length"": 174.8422441747, ""delay"": null, ""roadNumbers"": [], ""timeValidity"": ""present"", ""probabilityOfOccurrence"": ""certain"", ""numberOfReports"": null, ""lastReportTime"": null, ""events"": [{""code"": 1501, ""description"": ""Gran evento"", ""iconCategory"": 0}]}"
tomtom,tomtom_cdmx_incidents,2026-07-02T04:34:19Z,2026-07-02,20260702T043415Z,2026-07-02T04:34:15.639363,TTI-0e6b35d1-b793-45b4-b4a5-22dc2fb82b8b-TTR24467672388005000,Feature,LineString,19.4985866796,-99.1913000399,8,Road closed,4,,20.7082154918,Avenida Real de San Martín / Calle 16 de Septiembre,Eje Vial 4 Norte,,present,certain,1.0,2024-07-26T20:37:00Z,,2024-08-11T08:25:00Z,Cerrado,401,"{""type"": ""LineString"", ""coordinates"": [[-99.1912477368, 19.4986564472], [-99.1913000399, 19.4985866796], [-99.1913456375, 19.4984954997]]}","{""id"": ""TTI-0e6b35d1-b793-45b4-b4a5-22dc2fb82b8b-TTR24467672388005000"", ""iconCategory"": 8, ""magnitudeOfDelay"": 4, ""startTime"": ""2024-07-26T20:37:00Z"", ""endTime"": null, ""from"": ""Avenida Real de San Martín / Calle 16 de Septiembre"", ""to"": ""Eje Vial 4 Norte"", ""length"": 20.7082154918, ""delay"": null, ""roadNumbers"": [], ""timeValidity"": ""present"", ""probabilityOfOccurrence"": ""certain"", ""numberOfReports"": 1, ""lastReportTime"": ""2024-08-11T08:25:00Z"", ""events"": [{""code"": 401, ""description"": ""Cerrado"", ""iconCategory"": 8}]}"
tomtom,tomtom_cdmx_incidents,2026-07-02T04:34:19Z,2026-07-02,20260702T043415Z,2026-07-02T04:34:15.639380,TTI-0e6b35d1-b793-45b4-b4a5-22dc2fb82b8b-TTL24453246460016000,Feature,LineString,19.5973550387,-99.1975857968,6,Jam,1,58.0,4004.6600053162,Periférico Manuel Ávila Camacho,Avenida Ceylán,,present,certain,,2026-07-02T04:24:30Z,2026-07-02T04:49:00Z,,Tráfico pesado,122,"{""type"": ""LineString"", ""coordinates"": [[-99.1896035427, 19.608108027], [-99.1895874495, 19.6080248838], [-99.1895847673, 19.6080101186], [-99.1895391697, 19.607752635], [-99.1895257587, 19.6076251959], [-99.189504301, 19.6074602513], [-99.18947882, 19.6072912796], [-99.1894519979, 19.6071182809], [-99.1893929893, 19.6067239599], [-99.1893809194, 19.6066475275], [-99.1893514151, 19.6064369435], [-99.189338004, 19.6063162938], [-99.189312523, 19.6061634287], [-99.1893058175, 19.6060989979], [-99.1891918236, 19.6053600946], [-99.1891247684, 19.6049697962], [-99.1887935156, 19.6030024192], [-99.1887666935, 19.6028910843], [-99.1887452358, 19.6027207655], [-99.1887050027, 19.6024874356], [-99.1886339242, 19.6021253195], [-99.1885869855, 19.6017833377], [-99.18858028, 19.6017283805], [-99.18858028, 19.6014749139], [-99.18858028, 19.6014386705], [-99.1886044199, 19.6011409849], [-99.1887117082, 19.6005294247], [-99.1887412125, 19.600451647], [-99.1887653524, 19.6003872929], [-99.1888163144, 19.6002517938], [-99.1888940984, 19.6000828146], [-99.1889611537, 19.5999527636], [-99.1890228445, 19.5998441113], [-99.1890603954, 19.5997918382], [-99.1891006285, 19.5997394861], [-99.1891918236, 19.599587957], [-99.1892722899, 19.5994967553], [-99.1894211525, 19.59933046], [-99.1895619685, 19.5991963813], [-99.1897322888, 19.5990501422], [-99.1899897808, 19.5988194917], [-99.1900863403, 19.5987551369], [-99.19014669, 19.598708154], [-99.1902405674, 19.5986344025], [-99.1902754361, 19.5986103188], [-99.1903196925, 19.5985794442], [-99.1903693134, 19.5985445426], [-99.1903880889, 19.5985311978], [-99.1904310042, 19.5984989809], [-99.1905047649, 19.5984573673], [-99.1905463392, 19.5984332836], [-99.1907126361, 19.5983555049], [-99.1908078546, 19.5983112066], [-99.1908507699, 19.598291071], [-99.1911203319, 19.5981959203], [-99.1911954338, 19.5981690728], [-99.1912276203, 19.5981556491], [-99.1912611479, 19.59814491], [-99.1912866289, 19.5981368558], [-99.1913349086, 19.5981221686], [-99.1915307099, 19.5980711584], [-99.1916071529, 19.5980550498], [-99.1917023713, 19.5980336508], [-99.191801613, 19.598020227], [-99.191891467, 19.5980068033], [-99.1919585222, 19.5979974066], [-99.1919772977, 19.5979947219], [-99.1920886094, 19.5979812981], [-99.1921851689, 19.5979692167], [-99.1922683174, 19.5979571353], [-99.1923447603, 19.59794916], [-99.1923997456, 19.5979411058], [-99.1924614364, 19.5979330515], [-99.1928168291, 19.5978820412], [-99.192956304, 19.5978619845], [-99.1930381114, 19.5978539302], [-99.1931306476, 19.5978445335], [-99.1935074979, 19.5977975503], [-99.1941029483, 19.5977412494], [-99.1944797987, 19.5977064265], [-99.196126675, 19.5975079122], [-99.1963855082, 19.597482407], [-99.1966564113, 19.5974462417], [-99.1968736703, 19.5974180517], [-99.1969045157, 19.5974140245], [-99.1973484213, 19.5973657777], [-99.197396701, 19.5973577234], [-99.1974932605, 19.597345642], [-99.1975857968, 19.5973550387], [-99.1976997906, 19.5973469844], [-99.1977574581, 19.5973389301], [-99.1978808397, 19.5973241639], [-99.1980055625, 19.5973093977], [-99.1985393221, 19.5972396728], [-99.1986975724, 19.5972208794], [-99.1989148313, 19.5971820292], [-99.1991495246, 19.5971323611], [-99.1992501074, 19.5971015652], [-99.1995116228, 19.5970076772], [-99.1996068412, 19.5969687481], [-99.1997677738, 19.5968949958], [-99.1999488229, 19.5968024502], [-99.2001674229, 19.5966737389], [-99.2003176266, 19.5965623997], [-99.200438326, 19.596467169], [-99.2005523199, 19.5963747021], [-99.2006622905, 19.5962834985], [-99.2007145936, 19.5962311452], [-99.2008621151, 19.5960688738], [-99.2009466046, 19.5959723004], [-99.2010431642, 19.5958449309], [-99.2011920268, 19.5956437295], [-99.2012791986, 19.595506963], [-99.2013516182, 19.5953863051], [-99.2014495188, 19.595207924], [-99.2015098685, 19.5950698147], [-99.2015594894, 19.5949410231], [-99.2016506845, 19.594691573], [-99.2016909176, 19.594542724], [-99.2017405385, 19.5942771644], [-99.201784795, 19.5938761789], [-99.2017861361, 19.5936857933], [-99.2017874772, 19.5936173303], [-99.2017700428, 19.5932525883], [-99.2017311508, 19.5927509977], [-99.2017003054, 19.592453296], [-99.2016801888, 19.5922802813], [-99.2016265446, 19.591580245], [-99.2016024048, 19.5912771714], [-99.2015393728, 19.5906977922], [-99.2015219385, 19.5904711571], [-99.2014937753, 19.5901264657], [-99.2014723176, 19.5898488168], [-99.2014749998, 19.5896476869], [-99.2014870698, 19.5894062833], [-99.2015004808, 19.5892721964], [-99.2015165741, 19.5891689067], [-99.2015340084, 19.5891005207], [-99.2015943581, 19.5888967049], [-99.2016399557, 19.5887826754], [-99.2017485851, 19.5885345583], [-99.2018075937, 19.5884219499], [-99.2018934244, 19.5882770435], [-99.2020409459, 19.5880678569], [-99.2020972723, 19.5880008129], [-99.2022005374, 19.5878854402], [-99.2022796625, 19.5877943108], [-99.2025116736, 19.5875502195], [-99.2027557546, 19.5873101552], [-99.2028952295, 19.587177409], [-99.2030494565, 19.5870231832], [-99.2033270651, 19.5867441865], [-99.2035550529, 19.5865108334], [-99.2037924284, 19.5862680826], [-99.2038661892, 19.5861822432], [-99.2039399499, 19.5860911128], [-99.2041250223, 19.5858054021], [-99.2042564506, 19.5855385646], [-99.2043919021, 19.5851321874], [-99.2044361586, 19.5849323941], [-99.2044455463, 19.5848880921], [-99.2044602985, 19.5848331291], [-99.2044723684, 19.5847727962], [-99.204531377, 19.584210846], [-99.204570269, 19.5835174871], [-99.204570269, 19.5835121171], [-99.2045903856, 19.5832693618], [-99.2045944089, 19.5832130558], [-99.2046225721, 19.582919364], [-99.2046292776, 19.5828563453], [-99.2046413476, 19.5827449965], [-99.2046762163, 19.5825344602], [-99.204697674, 19.5824084226], [-99.2047218138, 19.5822823059], [-99.2047513181, 19.5821321029], [-99.2048063034, 19.5819121682], [-99.2048250789, 19.5818518342]]}","{""id"": ""TTI-0e6b35d1-b793-45b4-b4a5-22dc2fb82b8b-TTL24453246460016000"", ""iconCategory"": 6, ""magnitudeOfDelay"": 1, ""startTime"": ""2026-07-02T04:24:30Z"", ""endTime"": ""2026-07-02T04:49:00Z"", ""from"": ""Periférico Manuel Ávila Camacho"", ""to"": ""Avenida Ceylán"", ""length"": 4004.6600053162, ""delay"": 58, ""roadNumbers"": [], ""timeValidity"": ""present"", ""probabilityOfOccurrence"": ""certain"", ""numberOfReports"": null, ""lastReportTime"": null, ""events"": [{""code"": 122, ""description"": ""Tráfico pesado"", ""iconCategory"": 6}]}"
tomtom,tomtom_cdmx_incidents,2026-07-02T04:34:19Z,2026-07-02,20260702T043415Z,2026-07-02T04:34:15.639538,TTI-0e6b35d1-b793-45b4-b4a5-22dc2fb82b8b-TTR24464787552021000,Feature,LineString,19.5400227619,-99.1884890849,8,Road closed,4,,237.8060847624,Calle José María Morelos,Avenida Radial Toltecas / Calle Río Lerma,,present,probable,,2026-06-18T13:11:00Z,,,Cerrado,401,"{""type"": ""LineString"", ""coordinates"": [[-99.188593691, 19.538771528], [-99.1885749156, 19.5390236713], [-99.1885708922, 19.5390705927], [-99.1884890849, 19.5400227619], [-99.1884850616, 19.5400657334], [-99.1884099597, 19.5408355058], [-99.1884032542, 19.5409025694]]}","{""id"": ""TTI-0e6b35d1-b793-45b4-b4a5-22dc2fb82b8b-TTR24464787552021000"", ""iconCategory"": 8, ""magnitudeOfDelay"": 4, ""startTime"": ""2026-06-18T13:11:00Z"", ""endTime"": null, ""from"": ""Calle José María Morelos"", ""to"": ""Avenida Radial Toltecas / Calle Río Lerma"", ""length"": 237.8060847624, ""delay"": null, ""roadNumbers"": [], ""timeValidity"": ""present"", ""probabilityOfOccurrence"": ""probable"", ""numberOfReports"": null, ""lastReportTime"": null, ""events"": [{""code"": 401, ""description"": ""Cerrado"", ""iconCategory"": 8}]}"
tomtom,tomtom_cdmx_incidents,2026-07-02T04:34:19Z,2026-07-02,20260702T043415Z,2026-07-02T04:34:15.639559,TTI-0e6b35d1-b793-45b4-b4a5-22dc2fb82b8b-TTR24459017292031000,Feature,LineString,19.5760005904,-99.1899347955,8,Road closed,4,,300.5811257647,El Olivo II,Calle 9,,present,probable,,2026-05-05T05:19:00Z,,,Cerrado,401,"{""type"": ""LineString"", ""coordinates"": [[-99.1880612725, 19.5763077205], [-99.1886084432, 19.5762030799], [-99.1886486763, 19.5761964461], [-99.1892414445, 19.5760971757], [-99.1894010359, 19.576068982], [-99.1899347955, 19.5760005904], [-99.190017944, 19.5760113309], [-99.190056836, 19.5760274416], [-99.1903733367, 19.5762259034], [-99.1907555515, 19.5764673268]]}","{""id"": ""TTI-0e6b35d1-b793-45b4-b4a5-22dc2fb82b8b-TTR24459017292031000"", ""iconCategory"": 8, ""magnitudeOfDelay"": 4, ""startTime"": ""2026-05-05T05:19:00Z"", ""endTime"": null, ""from"": ""El Olivo II"", ""to"": ""Calle 9"", ""length"": 300.5811257647, ""delay"": null, ""roadNumbers"": [], ""timeValidity"": ""present"", ""probabilityOfOccurrence"": ""probable"", ""numberOfReports"": null, ""lastReportTime"": null, ""events"": [{""code"": 401, ""description"": ""Cerrado"", ""iconCategory"": 8}]}"
tomtom,tomtom_cdmx_incidents,2026-07-02T04:34:19Z,2026-07-02,20260702T043415Z,2026-07-02T04:34:15.639596,TTI-0e6b35d1-b793-45b4-b4a5-22dc2fb82b8b-TTR24459017220031000,Feature,LineString,19.576068982,-99.1894010359,8,Road closed,4,,300.5811257647,Calle 9,El Olivo II,,present,probable,,2026-05-13T16:05:30Z,,,Cerrado,401,"{""type"": ""LineString"", ""coordinates"": [[-99.1907555515, 19.5764673268], [-99.1903733367, 19.5762259034], [-99.190056836, 19.5760274416], [-99.190017944, 19.5760113309], [-99.1899347955, 19.5760005904], [-99.1894010359, 19.576068982], [-99.1892414445, 19.5760971757], [-99.1886486763, 19.5761964461], [-99.1886084432, 19.5762030799], [-99.1880612725, 19.5763077205]]}","{""id"": ""TTI-0e6b35d1-b793-45b4-b4a5-22dc2fb82b8b-TTR24459017220031000"", ""iconCategory"": 8, ""magnitudeOfDelay"": 4, ""startTime"": ""2026-05-13T16:05:30Z"", ""endTime"": null, ""from"": ""Calle 9"", ""to"": ""El Olivo II"", ""length"": 300.5811257647, ""delay"": null, ""roadNumbers"": [], ""timeValidity"": ""present"", ""probabilityOfOccurrence"": ""probable"", ""numberOfReports"": null, ""lastReportTime"": null, ""events"": [{""code"": 401, ""description"": ""Cerrado"", ""iconCategory"": 8}]}"
tomtom,tomtom_cdmx_incidents,2026-07-02T04:34:19Z,2026-07-02,20260702T043415Z,2026-07-02T04:34:15.639618,TTI-0e6b35d1-b793-45b4-b4a5-22dc2fb82b8b-TTR24464787660022000,Feature,LineString,19.5380513532,-99.1865471655,8,Road closed,4,,181.1100115022,Calle Patzcuaro,Calle Parque Morelos,,present,probable,,2026-06-16T20:28:00Z,,,Cerrado,401,"{""type"": ""LineString"", ""coordinates"": [[-99.1870997006, 19.5373915258], [-99.1866195852, 19.5373566899], [-99.1865806932, 19.5373607185], [-99.1865485067, 19.5373714616], [-99.1865324134, 19.5373861543], [-99.1865230257, 19.5374022689], [-99.1865176612, 19.537411669], [-99.1865136379, 19.5374371838], [-99.18654046, 19.5380245746], [-99.1865471655, 19.5380513532], [-99.1865511889, 19.5380607533], [-99.1865538711, 19.5380661248], [-99.1865793521, 19.5380956681], [-99.1866034919, 19.5381184179], [-99.1866397018, 19.5381493041], [-99.1867992932, 19.5382833545], [-99.1868207509, 19.5383182693], [-99.186822092, 19.5383276694], [-99.1868234331, 19.5383584765]]}","{""id"": ""TTI-0e6b35d1-b793-45b4-b4a5-22dc2fb82b8b-TTR24464787660022000"", ""iconCategory"": 8, ""magnitudeOfDelay"": 4, ""startTime"": ""2026-06-16T20:28:00Z"", ""endTime"": null, ""from"": ""Calle Patzcuaro"", ""to"": ""Calle Parque Morelos"", ""length"": 181.1100115022, ""delay"": null, ""roadNumbers"": [], ""timeValidity"": ""present"", ""probabilityOfOccurrence"": ""probable"", ""numberOfReports"": null, ""lastReportTime"": null, ""events"": [{""code"": 401, ""description"": ""Cerrado"", ""iconCategory"": 8}]}"
tomtom,tomtom_cdmx_incidents,2026-07-02T04:34:19Z,2026-07-02,20260702T043415Z,2026-07-02T04:34:15.639651,TTI-0e6b35d1-b793-45b4-b4a5-22dc2fb82b8b-TTR24493639348005001,Feature,LineString,19.3478559239,-99.1863433177,0,Unknown,0,,38.3363563719,Avenida Miguel Ángel de Quevedo / Calle Arenal,Avenida Insurgentes S,,present,certain,,2026-06-25T17:16:30Z,2026-07-20T03:00:00Z,,Partido de fútbol,1459,"{""type"": ""LineString"", ""coordinates"": [[-99.1860067004, 19.3479900525], [-99.1863433177, 19.3478559239]]}","{""id"": ""TTI-0e6b35d1-b793-45b4-b4a5-22dc2fb82b8b-TTR24493639348005001"", ""iconCategory"": 0, ""magnitudeOfDelay"": 0, ""startTime"": ""2026-06-25T17:16:30Z"", ""endTime"": ""2026-07-20T03:00:00Z"", ""from"": ""Avenida Miguel Ángel de Quevedo / Calle Arenal"", ""to"": ""Avenida Insurgentes S"", ""length"": 38.3363563719, ""delay"": null, ""roadNumbers"": [], ""timeValidity"": ""present"", ""probabilityOfOccurrence"": ""certain"", ""numberOfReports"": null, ""lastReportTime"": null, ""events"": [{""code"": 1459, ""description"": ""Partido de fútbol"", ""iconCategory"": 0}]}"
tomtom,tomtom_cdmx_incidents,2026-07-02T04:34:19Z,2026-07-02,20260702T043415Z,2026-07-02T04:34:15.639666,TTI-0e6b35d1-b793-45b4-b4a5-22dc2fb82b8b-TTR24505179896015000,Feature,LineString,19.2750889835,-99.1820772642,8,Road closed,4,,107.4496997154,Calle Ahuantepec,Calle La Loma,,present,probable,,2026-07-01T00:57:30Z,,,Cerrado,401,"{""type"": ""LineString"", ""coordinates"": [[-99.1821952814, 19.2757206014], [-99.1821925992, 19.275636101], [-99.182189917, 19.2756065891], [-99.182176506, 19.2755409193], [-99.1820893342, 19.2751211064], [-99.1820772642, 19.2750889835], [-99.1820718998, 19.2750822583], [-99.1820625121, 19.2750674627], [-99.1820437366, 19.2750554364], [-99.1817594225, 19.2749896872]]}","{""id"": ""TTI-0e6b35d1-b793-45b4-b4a5-22dc2fb82b8b-TTR24505179896015000"", ""iconCategory"": 8, ""magnitudeOfDelay"": 4, ""startTime"": ""2026-07-01T00:57:30Z"", ""endTime"": null, ""from"": ""Calle Ahuantepec"", ""to"": ""Calle La Loma"", ""length"": 107.4496997154, ""delay"": null, ""roadNumbers"": [], ""timeValidity"": ""present"", ""probabilityOfOccurrence"": ""probable"", ""numberOfReports"": null, ""lastReportTime"": null, ""events"": [{""code"": 401, ""description"": ""Cerrado"", ""iconCategory"": 8}]}"
tomtom,tomtom_cdmx_incidents,2026-07-02T04:34:19Z,2026-07-02,20260702T043415Z,2026-07-02T04:34:15.639688,TTI-0e6b35d1-b793-45b4-b4a5-22dc2fb82b8b-TTR24505179968015000,Feature,LineString,19.2751211064,-99.1820893342,8,Road closed,4,,107.4496997154,Calle La Loma,Calle Ahuantepec,,present,probable,,2026-07-01T00:57:00Z,,,Cerrado,401,"{""type"": ""LineString"", ""coordinates"": [[-99.1817594225, 19.2749896872], [-99.1820437366, 19.2750554364], [-99.1820625121, 19.2750674627], [-99.1820718998, 19.2750822583], [-99.1820772642, 19.2750889835], [-99.1820893342, 19.2751211064], [-99.182176506, 19.2755409193], [-99.182189917, 19.2756065891], [-99.1821925992, 19.275636101], [-99.1821952814, 19.2757206014]]}","{""id"": ""TTI-0e6b35d1-b793-45b4-b4a5-22dc2fb82b8b-TTR24505179968015000"", ""iconCategory"": 8, ""magnitudeOfDelay"": 4, ""startTime"": ""2026-07-01T00:57:00Z"", ""endTime"": null, ""from"": ""Calle La Loma"", ""to"": ""Calle Ahuantepec"", ""length"": 107.4496997154, ""delay"": null, ""roadNumbers"": [], ""timeValidity"": ""present"", ""probabilityOfOccurrence"": ""probable"", ""numberOfReports"": null, ""lastReportTime"": null, ""events"": [{""code"": 401, ""description"": ""Cerrado"", ""iconCategory"": 8}]}"
tomtom,tomtom_cdmx_incidents,2026-07-02T04:34:19Z,2026-07-02,20260702T043415Z,2026-07-02T04:34:15.639709,TTI-0e6b35d1-b793-45b4-b4a5-22dc2fb82b8b-TTR24487869064022000,Feature,LineString,19.3944056956,-99.1818211133,8,Road closed,4,,205.612343041,Avenida Revolución / Circuito Revolución,Avenida Patriotismo,,present,probable,,2026-06-19T17:01:00Z,,,Cerrado,401,"{""type"": ""LineString"", ""coordinates"": [[-99.1835927123, 19.3945974226], [-99.1833392436, 19.3945692763], [-99.182664668, 19.394498199], [-99.182356214, 19.3944713967], [-99.1818211133, 19.3944056956], [-99.1817352826, 19.3943962871], [-99.1816963905, 19.3943922549], [-99.1816454286, 19.3943855346]]}","{""id"": ""TTI-0e6b35d1-b793-45b4-b4a5-22dc2fb82b8b-TTR24487869064022000"", ""iconCategory"": 8, ""magnitudeOfDelay"": 4, ""startTime"": ""2026-06-19T17:01:00Z"", ""endTime"": null, ""from"": ""Avenida Revolución / Circuito Revolución"", ""to"": ""Avenida Patriotismo"", ""length"": 205.612343041, ""delay"": null, ""roadNumbers"": [], ""timeValidity"": ""present"", ""probabilityOfOccurrence"": ""probable"", ""numberOfReports"": null, ""lastReportTime"": null, ""events"": [{""code"": 401, ""description"": ""Cerrado"", ""iconCategory"": 8}]}"
tomtom,tomtom_cdmx_incidents,2026-07-02T04:34:19Z,2026-07-02,20260702T043415Z,2026-07-02T04:34:15.639729,TTI-0e6b35d1-b793-45b4-b4a5-22dc2fb82b8b-TTR24459017380022000,Feature,LineString,19.5821925158,-99.1808877045,8,Road closed,4,,175.7280564273,Avenida Buenavista / Calle Puebla,Calle Santa Clara,,present,probable,,2026-06-27T23:42:00Z,,,Cerrado,401,"{""type"": ""LineString"", ""coordinates"": [[-99.1817379648, 19.5828040667], [-99.1815877611, 19.5826672103], [-99.1814080531, 19.5825814479], [-99.181265896, 19.5825036616], [-99.1808877045, 19.5821925158], [-99.1807348186, 19.5820610289], [-99.1806328947, 19.5819376759], [-99.1805229241, 19.5817499613]]}","{""id"": ""TTI-0e6b35d1-b793-45b4-b4a5-22dc2fb82b8b-TTR24459017380022000"", ""iconCategory"": 8, ""magnitudeOfDelay"": 4, ""startTime"": ""2026-06-27T23:42:00Z"", ""endTime"": null, ""from"": ""Avenida Buenavista / Calle Puebla"", ""to"": ""Calle Santa Clara"", ""length"": 175.7280564273, ""delay"": null, ""roadNumbers"": [], ""timeValidity"": ""present"", ""probabilityOfOccurrence"": ""probable"", ""numberOfReports"": null, ""lastReportTime"": null, ""events"": [{""code"": 401, ""description"": ""Cerrado"", ""iconCategory"": 8}]}"
tomtom,tomtom_cdmx_incidents,2026-07-02T04:34:19Z,2026-07-02,20260702T043415Z,2026-07-02T04:34:15.639749,TTI-0e6b35d1-b793-45b4-b4a5-22dc2fb82b8b-TTR24459017452022000,Feature,LineString,19.5825036616,-99.181265896,8,Road closed,4,,175.7280564273,Calle Santa Clara,Avenida Buenavista / Calle Puebla,,present,probable,,2026-06-27T23:41:30Z,,,Cerrado,401,"{""type"": ""LineString"", ""coordinates"": [[-99.1805229241, 19.5817499613], [-99.1806328947, 19.5819376759], [-99.1807348186, 19.5820610289], [-99.1808877045, 19.5821925158], [-99.181265896, 19.5825036616], [-99.1814080531, 19.5825814479], [-99.1815877611, 19.5826672103], [-99.1817379648, 19.5828040667]]}","{""id"": ""TTI-0e6b35d1-b793-45b4-b4a5-22dc2fb82b8b-TTR24459017452022000"", ""iconCategory"": 8, ""magnitudeOfDelay"": 4, ""startTime"": ""2026-06-27T23:41:30Z"", ""endTime"": null, ""from"": ""Calle Santa Clara"", ""to"": ""Avenida Buenavista / Calle Puebla"", ""length"": 175.7280564273, ""delay"": null, ""roadNumbers"": [], ""timeValidity"": ""present"", ""probabilityOfOccurrence"": ""probable"", ""numberOfReports"": null, ""lastReportTime"": null, ""events"": [{""code"": 401, ""description"": ""Cerrado"", ""iconCategory"": 8}]}"
tomtom,tomtom_cdmx_incidents,2026-07-02T04:34:19Z,2026-07-02,20260702T043415Z,2026-07-02T04:34:15.639769,TTI-0e6b35d1-b793-45b4-b4a5-22dc2fb82b8b-TTL24487869056022000,Feature,LineString,19.3990338038,-99.1817647869,6,Jam,2,245.0,361.0930757431,Puente de la Morena,Avenida Patriotismo,,present,certain,,2026-07-02T04:29:30Z,2026-07-02T04:55:00Z,,Tráfico en cola,108,"{""type"": ""LineString"", ""coordinates"": [[-99.1837254817, 19.3988232656], [-99.1834706718, 19.3988554432], [-99.1821094507, 19.398994906], [-99.1817647869, 19.3990338038], [-99.1805805916, 19.3991840186], [-99.1804505045, 19.3991786425], [-99.1803070063, 19.3991639372]]}","{""id"": ""TTI-0e6b35d1-b793-45b4-b4a5-22dc2fb82b8b-TTL24487869056022000"", ""iconCategory"": 6, ""magnitudeOfDelay"": 2, ""startTime"": ""2026-07-02T04:29:30Z"", ""endTime"": ""2026-07-02T04:55:00Z"", ""from"": ""Puente de la Morena"", ""to"": ""Avenida Patriotismo"", ""length"": 361.0930757431, ""delay"": 245, ""roadNumbers"": [], ""timeValidity"": ""present"", ""probabilityOfOccurrence"": ""certain"", ""numberOfReports"": null, ""lastReportTime"": null, ""events"": [{""code"": 108, ""description"": ""Tráfico en cola"", ""iconCategory"": 6}]}"
tomtom,tomtom_cdmx_incidents,2026-07-02T04:34:19Z,2026-07-02,20260702T043415Z,2026-07-02T04:34:15.639789,TTI-0e6b35d1-b793-45b4-b4a5-22dc2fb82b8b-TTR24467673136014000,Feature,LineString,19.5382632904,-99.1792233938,8,Road closed,4,,119.2438556555,Calle Tlaxcala,Avenida Jesús Reyes Heroles,,present,probable,,2026-06-20T17:04:30Z,,,Cerrado,401,"{""type"": ""LineString"", ""coordinates"": [[-99.1786695177, 19.5381506469], [-99.1792233938, 19.5382632904], [-99.1797826344, 19.5383732481]]}","{""id"": ""TTI-0e6b35d1-b793-45b4-b4a5-22dc2fb82b8b-TTR24467673136014000"", ""iconCategory"": 8, ""magnitudeOfDelay"": 4, ""startTime"": ""2026-06-20T17:04:30Z"", ""endTime"": null, ""from"": ""Calle Tlaxcala"", ""to"": ""Avenida Jesús Reyes Heroles"", ""length"": 119.2438556555, ""delay"": null, ""roadNumbers"": [], ""timeValidity"": ""present"", ""probabilityOfOccurrence"": ""probable"", ""numberOfReports"": null, ""lastReportTime"": null, ""events"": [{""code"": 401, ""description"": ""Cerrado"", ""iconCategory"": 8}]}"
tomtom,tomtom_cdmx_incidents,2026-07-02T04:34:19Z,2026-07-02,20260702T043415Z,2026-07-02T04:34:15.639805,TTI-0e6b35d1-b793-45b4-b4a5-22dc2fb82b8b-TTR24467673064022000,Feature,LineString,19.5381506469,-99.1786695177,8,Road closed,4,,182.3199120119,Avenida Jesús Reyes Heroles,Calle Villa Hermosa / Calle de Cuernavaca,,present,probable,,2026-06-20T05:33:30Z,,,Cerrado,401,"{""type"": ""LineString"", ""coordinates"": [[-99.1797826344, 19.5383732481], [-99.1792233938, 19.5382632904], [-99.1786695177, 19.5381506469], [-99.1780807728, 19.5380326319]]}","{""id"": ""TTI-0e6b35d1-b793-45b4-b4a5-22dc2fb82b8b-TTR24467673064022000"", ""iconCategory"": 8, ""magnitudeOfDelay"": 4, ""startTime"": ""2026-06-20T05:33:30Z"", ""endTime"": null, ""from"": ""Avenida Jesús Reyes Heroles"", ""to"": ""Calle Villa Hermosa / Calle de Cuernavaca"", ""length"": 182.3199120119, ""delay"": null, ""roadNumbers"": [], ""timeValidity"": ""present"", ""probabilityOfOccurrence"": ""probable"", ""numberOfReports"": null, ""lastReportTime"": null, ""events"": [{""code"": 401, ""description"": ""Cerrado"", ""iconCategory"": 8}]}"
tomtom,tomtom_cdmx_incidents,2026-07-02T04:34:19Z,2026-07-02,20260702T043415Z,2026-07-02T04:34:15.639822,TTI-0e6b35d1-b793-45b4-b4a5-22dc2fb82b8b-TTR24482099020022000,Feature,LineString,19.4458249435,-99.1771835739,8,Road closed,4,,213.9399730653,Calle Laguna Tamiahua,Avenida Marina Nacional / Calle Laguna de Términos,,present,probable,,2026-06-01T21:18:00Z,,,Cerrado,401,"{""type"": ""LineString"", ""coordinates"": [[-99.1770870143, 19.4466873218], [-99.1771835739, 19.4458249435], [-99.1773431653, 19.444778876]]}","{""id"": ""TTI-0e6b35d1-b793-45b4-b4a5-22dc2fb82b8b-TTR24482099020022000"", ""iconCategory"": 8, ""magnitudeOfDelay"": 4, ""startTime"": ""2026-06-01T21:18:00Z"", ""endTime"": null, ""from"": ""Calle Laguna Tamiahua"", ""to"": ""Avenida Marina Nacional / Calle Laguna de Términos"", ""length"": 213.9399730653, ""delay"": null, ""roadNumbers"": [], ""timeValidity"": ""present"", ""probabilityOfOccurrence"": ""probable"", ""numberOfReports"": null, ""lastReportTime"": null, ""events"": [{""code"": 401, ""description"": ""Cerrado"", ""iconCategory"": 8}]}"
tomtom,tomtom_cdmx_incidents,2026-07-02T04:34:19Z,2026-07-02,20260702T043415Z,2026-07-02T04:34:15.639838,TTI-0e6b35d1-b793-45b4-b4a5-22dc2fb82b8b-TTL24479213816020001,Feature,LineString,19.4690341314,-99.176954245,6,Jam,1,86.0,183.3213927172,Calle Ignacio Allende / Calle Salónica,Clavería,,present,certain,,2026-07-02T04:26:30Z,2026-07-02T04:53:00Z,,Tráfico lento,115,"{""type"": ""LineString"", ""coordinates"": [[-99.1774263138, 19.469209807], [-99.177198326, 19.4691615219], [-99.1771741861, 19.4691561482], [-99.1771326119, 19.4691427137], [-99.1770494634, 19.4691024893], [-99.176954245, 19.4690341314], [-99.1762984449, 19.4684011287], [-99.1762541885, 19.4683514999], [-99.1761495823, 19.4682468684], [-99.1760986203, 19.4681972396]]}","{""id"": ""TTI-0e6b35d1-b793-45b4-b4a5-22dc2fb82b8b-TTL24479213816020001"", ""iconCategory"": 6, ""magnitudeOfDelay"": 1, ""startTime"": ""2026-07-02T04:26:30Z"", ""endTime"": ""2026-07-02T04:53:00Z"", ""from"": ""Calle Ignacio Allende / Calle Salónica"", ""to"": ""Clavería"", ""length"": 183.3213927172, ""delay"": 86, ""roadNumbers"": [], ""timeValidity"": ""present"", ""probabilityOfOccurrence"": ""certain"", ""numberOfReports"": null, ""lastReportTime"": null, ""events"": [{""code"": 115, ""description"": ""Tráfico lento"", ""iconCategory"": 6}]}"
tomtom,tomtom_cdmx_incidents,2026-07-02T04:34:19Z,2026-07-02,20260702T043415Z,2026-07-02T04:34:15.639860,TTI-0e6b35d1-b793-45b4-b4a5-22dc2fb82b8b-TTR24476328688047000,Feature,LineString,19.4834415854,-99.1790959889,8,Road closed,4,,496.2546835458,Avenida de Las Granjas,Calle 20 de Noviembre / Calzada Santo Tomás,,present,probable,,2026-05-29T02:03:00Z,,,Cerrado,401,"{""type"": ""LineString"", ""coordinates"": [[-99.1745684201, 19.4824424613], [-99.1748795563, 19.4825122358], [-99.1790624613, 19.4834228578], [-99.1790959889, 19.4834415854], [-99.1791254932, 19.4834697953], [-99.1791442687, 19.4835032996]]}","{""id"": ""TTI-0e6b35d1-b793-45b4-b4a5-22dc2fb82b8b-TTR24476328688047000"", ""iconCategory"": 8, ""magnitudeOfDelay"": 4, ""startTime"": ""2026-05-29T02:03:00Z"", ""endTime"": null, ""from"": ""Avenida de Las Granjas"", ""to"": ""Calle 20 de Noviembre / Calzada Santo Tomás"", ""length"": 496.2546835458, ""delay"": null, ""roadNumbers"": [], ""timeValidity"": ""present"", ""probabilityOfOccurrence"": ""probable"", ""numberOfReports"": null, ""lastReportTime"": null, ""events"": [{""code"": 401, ""description"": ""Cerrado"", ""iconCategory"": 8}]}"
tomtom,tomtom_cdmx_incidents,2026-07-02T04:34:19Z,2026-07-02,20260702T043415Z,2026-07-02T04:34:15.639878,TTI-0e6b35d1-b793-45b4-b4a5-22dc2fb82b8b-TTR24476328616047000,Feature,LineString,19.4834228578,-99.1790624613,8,Road closed,4,,496.2546835458,Calle 20 de Noviembre / Calzada Santo Tomás,Avenida de Las Granjas,,present,probable,,2026-05-29T23:26:30Z,,,Cerrado,401,"{""type"": ""LineString"", ""coordinates"": [[-99.1791442687, 19.4835032996], [-99.1791254932, 19.4834697953], [-99.1790959889, 19.4834415854], [-99.1790624613, 19.4834228578], [-99.1748795563, 19.4825122358], [-99.1745684201, 19.4824424613]]}","{""id"": ""TTI-0e6b35d1-b793-45b4-b4a5-22dc2fb82b8b-TTR24476328616047000"", ""iconCategory"": 8, ""magnitudeOfDelay"": 4, ""startTime"": ""2026-05-29T23:26:30Z"", ""endTime"": null, ""from"": ""Calle 20 de Noviembre / Calzada Santo Tomás"", ""to"": ""Avenida de Las Granjas"", ""length"": 496.2546835458, ""delay"": null, ""roadNumbers"": [], ""timeValidity"": ""present"", ""probabilityOfOccurrence"": ""probable"", ""numberOfReports"": null, ""lastReportTime"": null, ""events"": [{""code"": 401, ""description"": ""Cerrado"", ""iconCategory"": 8}]}"
tomtom,tomtom_cdmx_incidents,2026-07-02T04:34:19Z,2026-07-02,20260702T043415Z,2026-07-02T04:34:15.639896,TTI-0e6b35d1-b793-45b4-b4a5-22dc2fb82b8b-TTR24484984012018001,Feature,LineString,19.4234271921,-99.1751544828,0,Unknown,0,,166.5439653781,Circuito Melchor Ocampo/Calzada General Mariano Escobedo (Paseo de la Reforma),Calle Río Mississipi Tres Poniente/Calle Sevilla Tres Poniente (Paseo de la Reforma),,present,certain,,2026-06-30T19:52:05Z,2026-07-18T02:00:00Z,,Partido de fútbol,1459,"{""type"": ""LineString"", ""coordinates"": [[-99.1757338399, 19.423274312], [-99.1755836362, 19.4232716243], [-99.1754897589, 19.4232810311], [-99.1754092926, 19.4233078286], [-99.1753154153, 19.4233467205], [-99.1751544828, 19.4234271921], [-99.17504183, 19.4234794432], [-99.1748862619, 19.4235492431], [-99.174707895, 19.4236297145], [-99.1742787415, 19.4238281262]]}","{""id"": ""TTI-0e6b35d1-b793-45b4-b4a5-22dc2fb82b8b-TTR24484984012018001"", ""iconCategory"": 0, ""magnitudeOfDelay"": 0, ""startTime"": ""2026-06-30T19:52:05Z"", ""endTime"": ""2026-07-18T02:00:00Z"", ""from"": ""Circuito Melchor Ocampo/Calzada General Mariano Escobedo (Paseo de la Reforma)"", ""to"": ""Calle Río Mississipi Tres Poniente/Calle Sevilla Tres Poniente (Paseo de la Reforma)"", ""length"": 166.5439653781, ""delay"": null, ""roadNumbers"": [], ""timeValidity"": ""present"", ""probabilityOfOccurrence"": ""certain"", ""numberOfReports"": null, ""lastReportTime"": null, ""events"": [{""code"": 1459, ""description"": ""Partido de fútbol"", ""iconCategory"": 0}]}"
tomtom,tomtom_cdmx_incidents,2026-07-02T04:34:19Z,2026-07-02,20260702T043415Z,2026-07-02T04:34:15.639918,TTI-0e6b35d1-b793-45b4-b4a5-22dc2fb82b8b-TTR24508065716013001,Feature,LineString,19.2909716577,-99.1733238751,0,Unknown,0,,77.8582253928,Calle Vivanco,Avenida Insurgentes S,,present,certain,,2026-06-10T19:40:30Z,2026-07-20T03:00:00Z,,Partido de fútbol,1459,"{""type"": ""LineString"", ""coordinates"": [[-99.1729818935, 19.2908630357], [-99.1733238751, 19.2909716577], [-99.1736832911, 19.2910910389]]}","{""id"": ""TTI-0e6b35d1-b793-45b4-b4a5-22dc2fb82b8b-TTR24508065716013001"", ""iconCategory"": 0, ""magnitudeOfDelay"": 0, ""startTime"": ""2026-06-10T19:40:30Z"", ""endTime"": ""2026-07-20T03:00:00Z"", ""from"": ""Calle Vivanco"", ""to"": ""Avenida Insurgentes S"", ""length"": 77.8582253928, ""delay"": null, ""roadNumbers"": [], ""timeValidity"": ""present"", ""probabilityOfOccurrence"": ""certain"", ""numberOfReports"": null, ""lastReportTime"": null, ""events"": [{""code"": 1459, ""description"": ""Partido de fútbol"", ""iconCategory"": 0}]}"
tomtom,tomtom_cdmx_incidents,2026-07-02T04:34:19Z,2026-07-02,20260702T043415Z,2026-07-02T04:34:15.639934,TTI-0e6b35d1-b793-45b4-b4a5-22dc2fb82b8b-TTR24461902912022000,Feature,LineString,19.5854231902,-99.172462886,8,Road closed,4,,182.3447064675,Calle Ciudad Victoria,Calle Toluca,,present,probable,,2026-06-19T02:32:00Z,,,Cerrado,401,"{""type"": ""LineString"", ""coordinates"": [[-99.1718272025, 19.5853065522], [-99.1722456271, 19.5853749399], [-99.172462886, 19.5854231902], [-99.1726881916, 19.5854554098], [-99.1735196764, 19.5856793671]]}","{""id"": ""TTI-0e6b35d1-b793-45b4-b4a5-22dc2fb82b8b-TTR24461902912022000"", ""iconCategory"": 8, ""magnitudeOfDelay"": 4, ""startTime"": ""2026-06-19T02:32:00Z"", ""endTime"": null, ""from"": ""Calle Ciudad Victoria"", ""to"": ""Calle Toluca"", ""length"": 182.3447064675, ""delay"": null, ""roadNumbers"": [], ""timeValidity"": ""present"", ""probabilityOfOccurrence"": ""probable"", ""numberOfReports"": null, ""lastReportTime"": null, ""events"": [{""code"": 401, ""description"": ""Cerrado"", ""iconCategory"": 8}]}"
tomtom,tomtom_cdmx_incidents,2026-07-02T04:34:19Z,2026-07-02,20260702T043415Z,2026-07-02T04:34:15.639952,TTI-0e6b35d1-b793-45b4-b4a5-22dc2fb82b8b-TTR24461902840014000,Feature,LineString,19.5853749399,-99.1722456271,8,Road closed,4,,91.7473891619,Calle Toluca,Calle Ciudad Victoria,,present,probable,,2026-06-19T02:31:30Z,,,Cerrado,401,"{""type"": ""LineString"", ""coordinates"": [[-99.1726881916, 19.5854554098], [-99.172462886, 19.5854231902], [-99.1722456271, 19.5853749399], [-99.1718272025, 19.5853065522]]}","{""id"": ""TTI-0e6b35d1-b793-45b4-b4a5-22dc2fb82b8b-TTR24461902840014000"", ""iconCategory"": 8, ""magnitudeOfDelay"": 4, ""startTime"": ""2026-06-19T02:31:30Z"", ""endTime"": null, ""from"": ""Calle Toluca"", ""to"": ""Calle Ciudad Victoria"", ""length"": 91.7473891619, ""delay"": null, ""roadNumbers"": [], ""timeValidity"": ""present"", ""probabilityOfOccurrence"": ""probable"", ""numberOfReports"": null, ""lastReportTime"": null, ""events"": [{""code"": 401, ""description"": ""Cerrado"", ""iconCategory"": 8}]}"
tomtom,tomtom_cdmx_incidents,2026-07-02T04:34:19Z,2026-07-02,20260702T043415Z,2026-07-02T04:34:15.639968,TTI-0e6b35d1-b793-45b4-b4a5-22dc2fb82b8b-TTR24484984320014000,Feature,LineString,19.4388914488,-99.1723059768,8,Road closed,4,,113.3673448878,Avenida Marina Nacional / Calle Bahía de la Ascensión,Avenida Melchor Ocampo,,present,probable,,2026-07-02T04:29:00Z,,,Cerrado,401,"{""type"": ""LineString"", ""coordinates"": [[-99.172642594, 19.4390764839], [-99.1725312823, 19.4390148319], [-99.1724508161, 19.4389759437], [-99.1723059768, 19.4388914488], [-99.1721088344, 19.4387734404], [-99.1717132086, 19.4385561561]]}","{""id"": ""TTI-0e6b35d1-b793-45b4-b4a5-22dc2fb82b8b-TTR24484984320014000"", ""iconCategory"": 8, ""magnitudeOfDelay"": 4, ""startTime"": ""2026-07-02T04:29:00Z"", ""endTime"": null, ""from"": ""Avenida Marina Nacional / Calle Bahía de la Ascensión"", ""to"": ""Avenida Melchor Ocampo"", ""length"": 113.3673448878, ""delay"": null, ""roadNumbers"": [], ""timeValidity"": ""present"", ""probabilityOfOccurrence"": ""probable"", ""numberOfReports"": null, ""lastReportTime"": null, ""events"": [{""code"": 401, ""description"": ""Cerrado"", ""iconCategory"": 8}]}"
tomtom,tomtom_cdmx_incidents,2026-07-02T04:34:19Z,2026-07-02,20260702T043415Z,2026-07-02T04:34:15.639986,TTI-0e6b35d1-b793-45b4-b4a5-22dc2fb82b8b-TTL24505180380021000,Feature,LineString,19.3000174079,-99.1728102321,6,Jam,3,149.0,193.9482457469,Calle Oriente 5,Calle John F. Kennedy,,present,certain,,2026-07-02T04:26:30Z,2026-07-02T04:53:00Z,,Tráfico parado,101,"{""type"": ""LineString"", ""coordinates"": [[-99.1715844626, 19.300016063], [-99.1721973473, 19.3000200975], [-99.1728102321, 19.3000174079], [-99.173283642, 19.3000147182], [-99.1734325046, 19.3000133733]]}","{""id"": ""TTI-0e6b35d1-b793-45b4-b4a5-22dc2fb82b8b-TTL24505180380021000"", ""iconCategory"": 6, ""magnitudeOfDelay"": 3, ""startTime"": ""2026-07-02T04:26:30Z"", ""endTime"": ""2026-07-02T04:53:00Z"", ""from"": ""Calle Oriente 5"", ""to"": ""Calle John F. Kennedy"", ""length"": 193.9482457469, ""delay"": 149, ""roadNumbers"": [], ""timeValidity"": ""present"", ""probabilityOfOccurrence"": ""certain"", ""numberOfReports"": null, ""lastReportTime"": null, ""events"": [{""code"": 101, ""description"": ""Tráfico parado"", ""iconCategory"": 6}]}"
tomtom,tomtom_cdmx_incidents,2026-07-02T04:34:19Z,2026-07-02,20260702T043415Z,2026-07-02T04:34:15.640004,TTI-0e6b35d1-b793-45b4-b4a5-22dc2fb82b8b-TTL24496525032011000,Feature,LineString,19.3661191014,-99.1673479134,6,Jam,3,75.0,57.0384557357,Avenida Universidad,Eje 8 Sur Popocatépetl,,present,certain,,2026-07-02T04:30:30Z,2026-07-02T04:53:00Z,,Tráfico parado,101,"{""type"": ""LineString"", ""coordinates"": [[-99.1677261049, 19.365972889], [-99.1675678546, 19.3660117946], [-99.1673479134, 19.3661191014], [-99.1672325784, 19.366180781]]}","{""id"": ""TTI-0e6b35d1-b793-45b4-b4a5-22dc2fb82b8b-TTL24496525032011000"", ""iconCategory"": 6, ""magnitudeOfDelay"": 3, ""startTime"": ""2026-07-02T04:30:30Z"", ""endTime"": ""2026-07-02T04:53:00Z"", ""from"": ""Avenida Universidad"", ""to"": ""Eje 8 Sur Popocatépetl"", ""length"": 57.0384557357, ""delay"": 75, ""roadNumbers"": [], ""timeValidity"": ""present"", ""probabilityOfOccurrence"": ""certain"", ""numberOfReports"": null, ""lastReportTime"": null, ""events"": [{""code"": 101, ""description"": ""Tráfico parado"", ""iconCategory"": 6}]}"
tomtom,tomtom_cdmx_incidents,2026-07-02T04:34:19Z,2026-07-02,20260702T043415Z,2026-07-02T04:34:15.640021,TTI-0e6b35d1-b793-45b4-b4a5-22dc2fb82b8b-TTR24470558504038000,Feature,LineString,19.5446442651,-99.1677904779,8,Road closed,4,,385.7042301525,Avenida Tenayuca-Tlalnepantla,Avenida Alfredo del Mazo Vélez,,present,probable,,2026-06-18T18:27:30Z,,,Cerrado,401,"{""type"": ""LineString"", ""coordinates"": [[-99.168100273, 19.5438918886], [-99.1680090779, 19.5440621906], [-99.1679084951, 19.5443411822], [-99.1677904779, 19.5446442651], [-99.1674632484, 19.5454824202], [-99.1671494299, 19.5461824987], [-99.1667766029, 19.5471266481]]}","{""id"": ""TTI-0e6b35d1-b793-45b4-b4a5-22dc2fb82b8b-TTR24470558504038000"", ""iconCategory"": 8, ""magnitudeOfDelay"": 4, ""startTime"": ""2026-06-18T18:27:30Z"", ""endTime"": null, ""from"": ""Avenida Tenayuca-Tlalnepantla"", ""to"": ""Avenida Alfredo del Mazo Vélez"", ""length"": 385.7042301525, ""delay"": null, ""roadNumbers"": [], ""timeValidity"": ""present"", ""probabilityOfOccurrence"": ""probable"", ""numberOfReports"": null, ""lastReportTime"": null, ""events"": [{""code"": 401, ""description"": ""Cerrado"", ""iconCategory"": 8}]}"
tomtom,tomtom_cdmx_incidents,2026-07-02T04:34:19Z,2026-07-02,20260702T043415Z,2026-07-02T04:34:15.640040,TTI-0e6b35d1-b793-45b4-b4a5-22dc2fb82b8b-TTR24496525192013001,Feature,LineString,19.377110754,-99.1626406366,0,Unknown,0,,76.7797091118,Calle Heriberto Frías,Avenida Universidad,,present,certain,,2026-06-11T18:52:00Z,2026-07-20T03:00:00Z,,Partido de fútbol,1459,"{""type"": ""LineString"", ""coordinates"": [[-99.1633527631, 19.3772703985], [-99.1626406366, 19.377110754]]}","{""id"": ""TTI-0e6b35d1-b793-45b4-b4a5-22dc2fb82b8b-TTR24496525192013001"", ""iconCategory"": 0, ""magnitudeOfDelay"": 0, ""startTime"": ""2026-06-11T18:52:00Z"", ""endTime"": ""2026-07-20T03:00:00Z"", ""from"": ""Calle Heriberto Frías"", ""to"": ""Avenida Universidad"", ""length"": 76.7797091118, ""delay"": null, ""roadNumbers"": [], ""timeValidity"": ""present"", ""probabilityOfOccurrence"": ""certain"", ""numberOfReports"": null, ""lastReportTime"": null, ""events"": [{""code"": 1459, ""description"": ""Partido de fútbol"", ""iconCategory"": 0}]}"
tomtom,tomtom_cdmx_incidents,2026-07-02T04:34:19Z,2026-07-02,20260702T043415Z,2026-07-02T04:34:15.640055,TTI-0e6b35d1-b793-45b4-b4a5-22dc2fb82b8b-TTL24479213908021000,Feature,LineString,19.4816351133,-99.1624904329,6,Jam,3,678.0,426.9048458791,Avenida Ceylán,Calle Poniente 116,,present,certain,,2026-07-02T04:29:00Z,2026-07-02T05:18:00Z,,Tráfico parado,101,"{""type"": ""LineString"", ""coordinates"": [[-99.1630429679, 19.4794089392], [-99.1629209274, 19.47989571], [-99.162607109, 19.481168419], [-99.1625588292, 19.481369605], [-99.1625481004, 19.4814057964], [-99.1624904329, 19.4816351133], [-99.1623710746, 19.482112553], [-99.1623281592, 19.4822815768], [-99.1621672267, 19.482925272], [-99.1621122414, 19.4831465268]]}","{""id"": ""TTI-0e6b35d1-b793-45b4-b4a5-22dc2fb82b8b-TTL24479213908021000"", ""iconCategory"": 6, ""magnitudeOfDelay"": 3, ""startTime"": ""2026-07-02T04:29:00Z"", ""endTime"": ""2026-07-02T05:18:00Z"", ""from"": ""Avenida Ceylán"", ""to"": ""Calle Poniente 116"", ""length"": 426.9048458791, ""delay"": 678, ""roadNumbers"": [], ""timeValidity"": ""present"", ""probabilityOfOccurrence"": ""certain"", ""numberOfReports"": null, ""lastReportTime"": null, ""events"": [{""code"": 101, ""description"": ""Tráfico parado"", ""iconCategory"": 6}]}"
tomtom,tomtom_cdmx_incidents,2026-07-02T04:34:19Z,2026-07-02,20260702T043415Z,2026-07-02T04:34:15.640077,TTI-0e6b35d1-b793-45b4-b4a5-22dc2fb82b8b-TTR24487869640006001,Feature,LineString,19.4320102225,-99.1602507884,0,Unknown,0,,41.4363678528,Calle Río Támesis,Avenida Insurgentes Centro,,present,certain,,2026-06-25T17:16:30Z,2026-09-01T00:00:00Z,,Gran evento,1501,"{""type"": ""LineString"", ""coordinates"": [[-99.160631662, 19.4321095023], [-99.1602507884, 19.4320102225]]}","{""id"": ""TTI-0e6b35d1-b793-45b4-b4a5-22dc2fb82b8b-TTR24487869640006001"", ""iconCategory"": 0, ""magnitudeOfDelay"": 0, ""startTime"": ""2026-06-25T17:16:30Z"", ""endTime"": ""2026-09-01T00:00:00Z"", ""from"": ""Calle Río Támesis"", ""to"": ""Avenida Insurgentes Centro"", ""length"": 41.4363678528, ""delay"": null, ""roadNumbers"": [], ""timeValidity"": ""present"", ""probabilityOfOccurrence"": ""certain"", ""numberOfReports"": null, ""lastReportTime"": null, ""events"": [{""code"": 1501, ""description"": ""Gran evento"", ""iconCategory"": 0}]}"
tomtom,tomtom_cdmx_incidents,2026-07-02T04:34:19Z,2026-07-02,20260702T043415Z,2026-07-02T04:34:15.640092,TTI-0e6b35d1-b793-45b4-b4a5-22dc2fb82b8b-TTR24508066076005001,Feature,LineString,19.3119532544,-99.1571327204,0,Unknown,0,,41.7618544058,Diagonal Santa Úrsula,Calle San Ricardo,,present,certain,,2026-06-25T17:16:30Z,2026-07-20T03:00:00Z,,Partido de fútbol,1459,"{""type"": ""LineString"", ""coordinates"": [[-99.1571877057, 19.311970657], [-99.1571327204, 19.3119532544], [-99.1568108553, 19.3118499462]]}","{""id"": ""TTI-0e6b35d1-b793-45b4-b4a5-22dc2fb82b8b-TTR24508066076005001"", ""iconCategory"": 0, ""magnitudeOfDelay"": 0, ""startTime"": ""2026-06-25T17:16:30Z"", ""endTime"": ""2026-07-20T03:00:00Z"", ""from"": ""Diagonal Santa Úrsula"", ""to"": ""Calle San Ricardo"", ""length"": 41.7618544058, ""delay"": null, ""roadNumbers"": [], ""timeValidity"": ""present"", ""probabilityOfOccurrence"": ""certain"", ""numberOfReports"": null, ""lastReportTime"": null, ""events"": [{""code"": 1459, ""description"": ""Partido de fútbol"", ""iconCategory"": 0}]}"
tomtom,tomtom_cdmx_incidents,2026-07-02T04:34:19Z,2026-07-02,20260702T043415Z,2026-07-02T04:34:15.640108,TTI-0e6b35d1-b793-45b4-b4a5-22dc2fb82b8b-TTR24496525336011000,Feature,LineString,19.3852888753,-99.1577013487,8,Road closed,4,,577.6040227853,Avenida Division del Norte (Eje 5 S),Avenida Universidad (Eje 5 S),,present,probable,,2026-07-02T03:13:30Z,,,Cerrado,401,"{""type"": ""LineString"", ""coordinates"": [[-99.161118483, 19.3860063291], [-99.1610125357, 19.3859835578], [-99.1605444902, 19.3859003795], [-99.1604398841, 19.3858681993], [-99.1597290987, 19.3857193163], [-99.1590478176, 19.3855718564], [-99.158937847, 19.3855516943], [-99.1585516089, 19.3854659065], [-99.1582672948, 19.385402811], [-99.1578019315, 19.3853089583], [-99.1577013487, 19.3852888753], [-99.1576637978, 19.3852821546], [-99.1574760431, 19.3852445976], [-99.1573660726, 19.3852257797], [-99.1572037989, 19.3851962876], [-99.1570737118, 19.3851667955], [-99.1566418761, 19.3850675661], [-99.1562140638, 19.3849696808], [-99.1560356969, 19.3849294356], [-99.1558693999, 19.3848891903], [-99.1557487005, 19.3848610423]]}","{""id"": ""TTI-0e6b35d1-b793-45b4-b4a5-22dc2fb82b8b-TTR24496525336011000"", ""iconCategory"": 8, ""magnitudeOfDelay"": 4, ""startTime"": ""2026-07-02T03:13:30Z"", ""endTime"": null, ""from"": ""Avenida Division del Norte (Eje 5 S)"", ""to"": ""Avenida Universidad (Eje 5 S)"", ""length"": 577.6040227853, ""delay"": null, ""roadNumbers"": [], ""timeValidity"": ""present"", ""probabilityOfOccurrence"": ""probable"", ""numberOfReports"": null, ""lastReportTime"": null, ""events"": [{""code"": 401, ""description"": ""Cerrado"", ""iconCategory"": 8}]}"
tomtom,tomtom_cdmx_incidents,2026-07-02T04:34:19Z,2026-07-02,20260702T043415Z,2026-07-02T04:34:15.640139,TTI-0e6b35d1-b793-45b4-b4a5-22dc2fb82b8b-TTR24510951444015002,Feature,LineString,19.3030590213,-99.1546315605,8,Road closed,4,,63.8756833956,Circuito Estadio Azteca,Circuito Estadio Azteca,,present,certain,,2026-06-04T23:25:00Z,,,Cerrado,401,"{""type"": ""LineString"", ""coordinates"": [[-99.1544800157, 19.3031207247], [-99.1545537764, 19.3031126558], [-99.154599374, 19.3030925626], [-99.1546315605, 19.3030590213], [-99.1546717936, 19.3029852935], [-99.1547133678, 19.3029074522], [-99.1548461372, 19.3027009826]]}","{""id"": ""TTI-0e6b35d1-b793-45b4-b4a5-22dc2fb82b8b-TTR24510951444015002"", ""iconCategory"": 8, ""magnitudeOfDelay"": 4, ""startTime"": ""2026-06-04T23:25:00Z"", ""endTime"": null, ""from"": ""Circuito Estadio Azteca"", ""to"": ""Circuito Estadio Azteca"", ""length"": 63.8756833956, ""delay"": null, ""roadNumbers"": [], ""timeValidity"": ""present"", ""probabilityOfOccurrence"": ""certain"", ""numberOfReports"": null, ""lastReportTime"": null, ""events"": [{""code"": 401, ""description"": ""Cerrado"", ""iconCategory"": 8}]}"
tomtom,tomtom_cdmx_incidents,2026-07-02T04:34:19Z,2026-07-02,20260702T043415Z,2026-07-02T04:34:15.640158,TTI-0e6b35d1-b793-45b4-b4a5-22dc2fb82b8b-TTR24510951372015002,Feature,LineString,19.3030590213,-99.1546315605,8,Road closed,4,,63.8756833956,Circuito Estadio Azteca,Circuito Estadio Azteca,,present,certain,,2026-06-04T23:25:00Z,,,Cerrado,401,"{""type"": ""LineString"", ""coordinates"": [[-99.1548461372, 19.3027009826], [-99.1547133678, 19.3029074522], [-99.1546717936, 19.3029852935], [-99.1546315605, 19.3030590213], [-99.154599374, 19.3030925626], [-99.1545537764, 19.3031126558], [-99.1544800157, 19.3031207247]]}","{""id"": ""TTI-0e6b35d1-b793-45b4-b4a5-22dc2fb82b8b-TTR24510951372015002"", ""iconCategory"": 8, ""magnitudeOfDelay"": 4, ""startTime"": ""2026-06-04T23:25:00Z"", ""endTime"": null, ""from"": ""Circuito Estadio Azteca"", ""to"": ""Circuito Estadio Azteca"", ""length"": 63.8756833956, ""delay"": null, ""roadNumbers"": [], ""timeValidity"": ""present"", ""probabilityOfOccurrence"": ""certain"", ""numberOfReports"": null, ""lastReportTime"": null, ""events"": [{""code"": 401, ""description"": ""Cerrado"", ""iconCategory"": 8}]}"
tomtom,tomtom_cdmx_incidents,2026-07-02T04:34:19Z,2026-07-02,20260702T043415Z,2026-07-02T04:34:15.640177,TTI-0e6b35d1-b793-45b4-b4a5-22dc2fb82b8b-TTR24510951372015003,Feature,LineString,19.303390242,-99.154573893,8,Road closed,4,,57.7373725106,Circuito Estadio Azteca,Circuito Estadio Azteca,,present,certain,,2026-06-04T23:25:00Z,,,Cerrado,401,"{""type"": ""LineString"", ""coordinates"": [[-99.1547562832, 19.3031126558], [-99.1546677703, 19.3032480869], [-99.154573893, 19.303390242], [-99.1545054966, 19.3034479108], [-99.1544102782, 19.3035042349]]}","{""id"": ""TTI-0e6b35d1-b793-45b4-b4a5-22dc2fb82b8b-TTR24510951372015003"", ""iconCategory"": 8, ""magnitudeOfDelay"": 4, ""startTime"": ""2026-06-04T23:25:00Z"", ""endTime"": null, ""from"": ""Circuito Estadio Azteca"", ""to"": ""Circuito Estadio Azteca"", ""length"": 57.7373725106, ""delay"": null, ""roadNumbers"": [], ""timeValidity"": ""present"", ""probabilityOfOccurrence"": ""certain"", ""numberOfReports"": null, ""lastReportTime"": null, ""events"": [{""code"": 401, ""description"": ""Cerrado"", ""iconCategory"": 8}]}"
tomtom,tomtom_cdmx_incidents,2026-07-02T04:34:19Z,2026-07-02,20260702T043415Z,2026-07-02T04:34:15.640194,TTI-0e6b35d1-b793-45b4-b4a5-22dc2fb82b8b-TTR24510951444015003,Feature,LineString,19.303390242,-99.154573893,8,Road closed,4,,57.7373725106,Circuito Estadio Azteca,Circuito Estadio Azteca,,present,certain,,2026-06-04T23:25:00Z,,,Cerrado,401,"{""type"": ""LineString"", ""coordinates"": [[-99.1544102782, 19.3035042349], [-99.1545054966, 19.3034479108], [-99.154573893, 19.303390242], [-99.1546677703, 19.3032480869], [-99.1547562832, 19.3031126558]]}","{""id"": ""TTI-0e6b35d1-b793-45b4-b4a5-22dc2fb82b8b-TTR24510951444015003"", ""iconCategory"": 8, ""magnitudeOfDelay"": 4, ""startTime"": ""2026-06-04T23:25:00Z"", ""endTime"": null, ""from"": ""Circuito Estadio Azteca"", ""to"": ""Circuito Estadio Azteca"", ""length"": 57.7373725106, ""delay"": null, ""roadNumbers"": [], ""timeValidity"": ""present"", ""probabilityOfOccurrence"": ""certain"", ""numberOfReports"": null, ""lastReportTime"": null, ""events"": [{""code"": 401, ""description"": ""Cerrado"", ""iconCategory"": 8}]}"
tomtom,tomtom_cdmx_incidents,2026-07-02T04:34:19Z,2026-07-02,20260702T043415Z,2026-07-02T04:34:15.640211,TTI-0e6b35d1-b793-45b4-b4a5-22dc2fb82b8b-TTR24510951372007001,Feature,LineString,19.3039615506,-99.1544022316,8,Road closed,4,,49.0420211164,Circuito Estadio Azteca,Circuito Estadio Azteca,,present,certain,,2026-06-04T23:25:00Z,,,Cerrado,401,"{""type"": ""LineString"", ""coordinates"": [[-99.1546221727, 19.3036839654], [-99.154548412, 19.3037765202], [-99.1544022316, 19.3039615506], [-99.1543029899, 19.3039495264]]}","{""id"": ""TTI-0e6b35d1-b793-45b4-b4a5-22dc2fb82b8b-TTR24510951372007001"", ""iconCategory"": 8, ""magnitudeOfDelay"": 4, ""startTime"": ""2026-06-04T23:25:00Z"", ""endTime"": null, ""from"": ""Circuito Estadio Azteca"", ""to"": ""Circuito Estadio Azteca"", ""length"": 49.0420211164, ""delay"": null, ""roadNumbers"": [], ""timeValidity"": ""present"", ""probabilityOfOccurrence"": ""certain"", ""numberOfReports"": null, ""lastReportTime"": null, ""events"": [{""code"": 401, ""description"": ""Cerrado"", ""iconCategory"": 8}]}"
tomtom,tomtom_cdmx_incidents,2026-07-02T04:34:19Z,2026-07-02,20260702T043415Z,2026-07-02T04:34:15.640227,TTI-0e6b35d1-b793-45b4-b4a5-22dc2fb82b8b-TTR24510951444007001,Feature,LineString,19.3037765202,-99.154548412,8,Road closed,4,,49.0420211164,Circuito Estadio Azteca,Circuito Estadio Azteca,,present,certain,,2026-06-04T23:25:00Z,,,Cerrado,401,"{""type"": ""LineString"", ""coordinates"": [[-99.1543029899, 19.3039495264], [-99.1544022316, 19.3039615506], [-99.154548412, 19.3037765202], [-99.1546221727, 19.3036839654]]}","{""id"": ""TTI-0e6b35d1-b793-45b4-b4a5-22dc2fb82b8b-TTR24510951444007001"", ""iconCategory"": 8, ""magnitudeOfDelay"": 4, ""startTime"": ""2026-06-04T23:25:00Z"", ""endTime"": null, ""from"": ""Circuito Estadio Azteca"", ""to"": ""Circuito Estadio Azteca"", ""length"": 49.0420211164, ""delay"": null, ""roadNumbers"": [], ""timeValidity"": ""present"", ""probabilityOfOccurrence"": ""certain"", ""numberOfReports"": null, ""lastReportTime"": null, ""events"": [{""code"": 401, ""description"": ""Cerrado"", ""iconCategory"": 8}]}"
tomtom,tomtom_cdmx_incidents,2026-07-02T04:34:19Z,2026-07-02,20260702T043415Z,2026-07-02T04:34:15.640244,TTI-0e6b35d1-b793-45b4-b4a5-22dc2fb82b8b-TTR24510951452007001,Feature,LineString,19.3042150869,-99.1543874795,8,Road closed,4,,41.5878300508,Circuito Estadio Azteca,Circuito Estadio Azteca,,present,certain,,2026-06-04T23:25:00Z,,,Cerrado,401,"{""type"": ""LineString"", ""coordinates"": [[-99.1541621739, 19.3043411034], [-99.1542573923, 19.3043156312], [-99.1543874795, 19.3042150869], [-99.1544880623, 19.304138591]]}","{""id"": ""TTI-0e6b35d1-b793-45b4-b4a5-22dc2fb82b8b-TTR24510951452007001"", ""iconCategory"": 8, ""magnitudeOfDelay"": 4, ""startTime"": ""2026-06-04T23:25:00Z"", ""endTime"": null, ""from"": ""Circuito Estadio Azteca"", ""to"": ""Circuito Estadio Azteca"", ""length"": 41.5878300508, ""delay"": null, ""roadNumbers"": [], ""timeValidity"": ""present"", ""probabilityOfOccurrence"": ""certain"", ""numberOfReports"": null, ""lastReportTime"": null, ""events"": [{""code"": 401, ""description"": ""Cerrado"", ""iconCategory"": 8}]}"
tomtom,tomtom_cdmx_incidents,2026-07-02T04:34:19Z,2026-07-02,20260702T043415Z,2026-07-02T04:34:15.640260,TTI-0e6b35d1-b793-45b4-b4a5-22dc2fb82b8b-TTR24510951380007001,Feature,LineString,19.3043156312,-99.1542573923,8,Road closed,4,,41.5878300508,Circuito Estadio Azteca,Circuito Estadio Azteca,,present,certain,,2026-06-04T23:25:00Z,,,Cerrado,401,"{""type"": ""LineString"", ""coordinates"": [[-99.1544880623, 19.304138591], [-99.1543874795, 19.3042150869], [-99.1542573923, 19.3043156312], [-99.1541621739, 19.3043411034]]}","{""id"": ""TTI-0e6b35d1-b793-45b4-b4a5-22dc2fb82b8b-TTR24510951380007001"", ""iconCategory"": 8, ""magnitudeOfDelay"": 4, ""startTime"": ""2026-06-04T23:25:00Z"", ""endTime"": null, ""from"": ""Circuito Estadio Azteca"", ""to"": ""Circuito Estadio Azteca"", ""length"": 41.5878300508, ""delay"": null, ""roadNumbers"": [], ""timeValidity"": ""present"", ""probabilityOfOccurrence"": ""certain"", ""numberOfReports"": null, ""lastReportTime"": null, ""events"": [{""code"": 401, ""description"": ""Cerrado"", ""iconCategory"": 8}]}"
tomtom,tomtom_cdmx_incidents,2026-07-02T04:34:19Z,2026-07-02,20260702T043415Z,2026-07-02T04:34:15.640276,TTI-0e6b35d1-b793-45b4-b4a5-22dc2fb82b8b-TTR24510951236015001,Feature,LineString,19.301944558,-99.1534232253,8,Road closed,4,,127.0630255471,Calzada de Tlalpan / Entrada B Estadio Azteca,Circuito Estadio Azteca,,present,certain,,2026-06-04T23:25:00Z,,,Cerrado,401,"{""type"": ""LineString"", ""coordinates"": [[-99.1533883566, 19.3014081289], [-99.153432613, 19.3014953057], [-99.1534567529, 19.301523468], [-99.1534527296, 19.3016481418], [-99.153444683, 19.3017621359], [-99.1534232253, 19.301944558], [-99.1534084732, 19.302096128], [-99.153393721, 19.3022369392], [-99.15338031, 19.30238044], [-99.1533655578, 19.3025293199]]}","{""id"": ""TTI-0e6b35d1-b793-45b4-b4a5-22dc2fb82b8b-TTR24510951236015001"", ""iconCategory"": 8, ""magnitudeOfDelay"": 4, ""startTime"": ""2026-06-04T23:25:00Z"", ""endTime"": null, ""from"": ""Calzada de Tlalpan / Entrada B Estadio Azteca"", ""to"": ""Circuito Estadio Azteca"", ""length"": 127.0630255471, ""delay"": null, ""roadNumbers"": [], ""timeValidity"": ""present"", ""probabilityOfOccurrence"": ""certain"", ""numberOfReports"": null, ""lastReportTime"": null, ""events"": [{""code"": 401, ""description"": ""Cerrado"", ""iconCategory"": 8}]}"
tomtom,tomtom_cdmx_incidents,2026-07-02T04:34:19Z,2026-07-02,20260702T043415Z,2026-07-02T04:34:15.640297,TTI-0e6b35d1-b793-45b4-b4a5-22dc2fb82b8b-TTR24510951288015001,Feature,LineString,19.3017621359,-99.153444683,8,Road closed,4,,127.0630255471,Circuito Estadio Azteca,Calzada de Tlalpan / Entrada B Estadio Azteca,,present,certain,,2026-06-04T23:25:00Z,,,Cerrado,401,"{""type"": ""LineString"", ""coordinates"": [[-99.1533655578, 19.3025293199], [-99.15338031, 19.30238044], [-99.153393721, 19.3022369392], [-99.1534084732, 19.302096128], [-99.1534232253, 19.301944558], [-99.153444683, 19.3017621359], [-99.1534527296, 19.3016481418], [-99.1534567529, 19.301523468], [-99.153432613, 19.3014953057], [-99.1533883566, 19.3014081289]]}","{""id"": ""TTI-0e6b35d1-b793-45b4-b4a5-22dc2fb82b8b-TTR24510951288015001"", ""iconCategory"": 8, ""magnitudeOfDelay"": 4, ""startTime"": ""2026-06-04T23:25:00Z"", ""endTime"": null, ""from"": ""Circuito Estadio Azteca"", ""to"": ""Calzada de Tlalpan / Entrada B Estadio Azteca"", ""length"": 127.0630255471, ""delay"": null, ""roadNumbers"": [], ""timeValidity"": ""present"", ""probabilityOfOccurrence"": ""certain"", ""numberOfReports"": null, ""lastReportTime"": null, ""events"": [{""code"": 401, ""description"": ""Cerrado"", ""iconCategory"": 8}]}"
tomtom,tomtom_cdmx_incidents,2026-07-02T04:34:19Z,2026-07-02,20260702T043415Z,2026-07-02T04:34:15.640319,TTI-0e6b35d1-b793-45b4-b4a5-22dc2fb82b8b-TTR24490755112014002,Feature,LineString,19.4353884678,-99.1534634584,0,Unknown,0,,101.3373603743,Calle Ignacio Ramírez,Calle José María La Fragua,,present,certain,,2026-06-24T14:43:00Z,2026-07-20T04:00:00Z,,Partido de fútbol,1459,"{""type"": ""LineString"", ""coordinates"": [[-99.1542909199, 19.4355239471], [-99.1536874229, 19.4354300443], [-99.1535211259, 19.4353951865], [-99.1534634584, 19.4353884678], [-99.1534124965, 19.4353871241], [-99.1533373946, 19.435392499]]}","{""id"": ""TTI-0e6b35d1-b793-45b4-b4a5-22dc2fb82b8b-TTR24490755112014002"", ""iconCategory"": 0, ""magnitudeOfDelay"": 0, ""startTime"": ""2026-06-24T14:43:00Z"", ""endTime"": ""2026-07-20T04:00:00Z"", ""from"": ""Calle Ignacio Ramírez"", ""to"": ""Calle José María La Fragua"", ""length"": 101.3373603743, ""delay"": null, ""roadNumbers"": [], ""timeValidity"": ""present"", ""probabilityOfOccurrence"": ""certain"", ""numberOfReports"": null, ""lastReportTime"": null, ""events"": [{""code"": 1459, ""description"": ""Partido de fútbol"", ""iconCategory"": 0}]}"
tomtom,tomtom_cdmx_incidents,2026-07-02T04:34:19Z,2026-07-02,20260702T043415Z,2026-07-02T04:34:15.640337,TTI-0e6b35d1-b793-45b4-b4a5-22dc2fb82b8b-TTR24510951304007001,Feature,LineString,19.3013330556,-99.1530195529,8,Road closed,4,,19.1131501593,Calzada de Tlalpan / Entrada B Estadio Azteca,Calle Coscomate / Calle Jicualmas,,present,certain,,2026-06-04T23:25:00Z,,,Cerrado,401,"{""type"": ""LineString"", ""coordinates"": [[-99.1529659087, 19.3013946806], [-99.1530195529, 19.3013330556], [-99.1530879492, 19.301267317]]}","{""id"": ""TTI-0e6b35d1-b793-45b4-b4a5-22dc2fb82b8b-TTR24510951304007001"", ""iconCategory"": 8, ""magnitudeOfDelay"": 4, ""startTime"": ""2026-06-04T23:25:00Z"", ""endTime"": null, ""from"": ""Calzada de Tlalpan / Entrada B Estadio Azteca"", ""to"": ""Calle Coscomate / Calle Jicualmas"", ""length"": 19.1131501593, ""delay"": null, ""roadNumbers"": [], ""timeValidity"": ""present"", ""probabilityOfOccurrence"": ""certain"", ""numberOfReports"": null, ""lastReportTime"": null, ""events"": [{""code"": 401, ""description"": ""Cerrado"", ""iconCategory"": 8}]}"
tomtom,tomtom_cdmx_incidents,2026-07-02T04:34:19Z,2026-07-02,20260702T043415Z,2026-07-02T04:34:15.640353,TTI-0e6b35d1-b793-45b4-b4a5-22dc2fb82b8b-TTR24510951232007002,Feature,LineString,19.3013330556,-99.1530195529,8,Road closed,4,,19.1131501593,Calle Coscomate / Calle Jicualmas,Calzada de Tlalpan / Entrada B Estadio Azteca,,present,certain,,2026-06-04T23:25:00Z,,,Cerrado,401,"{""type"": ""LineString"", ""coordinates"": [[-99.1530879492, 19.301267317], [-99.1530195529, 19.3013330556], [-99.1529659087, 19.3013946806]]}","{""id"": ""TTI-0e6b35d1-b793-45b4-b4a5-22dc2fb82b8b-TTR24510951232007002"", ""iconCategory"": 8, ""magnitudeOfDelay"": 4, ""startTime"": ""2026-06-04T23:25:00Z"", ""endTime"": null, ""from"": ""Calle Coscomate / Calle Jicualmas"", ""to"": ""Calzada de Tlalpan / Entrada B Estadio Azteca"", ""length"": 19.1131501593, ""delay"": null, ""roadNumbers"": [], ""timeValidity"": ""present"", ""probabilityOfOccurrence"": ""certain"", ""numberOfReports"": null, ""lastReportTime"": null, ""events"": [{""code"": 401, ""description"": ""Cerrado"", ""iconCategory"": 8}]}"
tomtom,tomtom_cdmx_incidents,2026-07-02T04:34:19Z,2026-07-02,20260702T043415Z,2026-07-02T04:34:15.640369,TTI-0e6b35d1-b793-45b4-b4a5-22dc2fb82b8b-TTR24510951400007010,Feature,LineString,19.3032025213,-99.1529618854,8,Road closed,4,,35.3106296369,Circuito Estadio Azteca,Circuito Estadio Azteca,,present,certain,,2026-06-04T23:25:00Z,,,Cerrado,401,"{""type"": ""LineString"", ""coordinates"": [[-99.1532958204, 19.3032414419], [-99.1529618854, 19.3032025213]]}","{""id"": ""TTI-0e6b35d1-b793-45b4-b4a5-22dc2fb82b8b-TTR24510951400007010"", ""iconCategory"": 8, ""magnitudeOfDelay"": 4, ""startTime"": ""2026-06-04T23:25:00Z"", ""endTime"": null, ""from"": ""Circuito Estadio Azteca"", ""to"": ""Circuito Estadio Azteca"", ""length"": 35.3106296369, ""delay"": null, ""roadNumbers"": [], ""timeValidity"": ""present"", ""probabilityOfOccurrence"": ""certain"", ""numberOfReports"": null, ""lastReportTime"": null, ""events"": [{""code"": 401, ""description"": ""Cerrado"", ""iconCategory"": 8}]}"
tomtom,tomtom_cdmx_incidents,2026-07-02T04:34:19Z,2026-07-02,20260702T043415Z,2026-07-02T04:34:15.640383,TTI-0e6b35d1-b793-45b4-b4a5-22dc2fb82b8b-TTR24510951472007011,Feature,LineString,19.3032414419,-99.1532958204,8,Road closed,4,,35.3106296369,Circuito Estadio Azteca,Circuito Estadio Azteca,,present,certain,,2026-06-04T23:25:00Z,,,Cerrado,401,"{""type"": ""LineString"", ""coordinates"": [[-99.1529618854, 19.3032025213], [-99.1532958204, 19.3032414419]]}","{""id"": ""TTI-0e6b35d1-b793-45b4-b4a5-22dc2fb82b8b-TTR24510951472007011"", ""iconCategory"": 8, ""magnitudeOfDelay"": 4, ""startTime"": ""2026-06-04T23:25:00Z"", ""endTime"": null, ""from"": ""Circuito Estadio Azteca"", ""to"": ""Circuito Estadio Azteca"", ""length"": 35.3106296369, ""delay"": null, ""roadNumbers"": [], ""timeValidity"": ""present"", ""probabilityOfOccurrence"": ""certain"", ""numberOfReports"": null, ""lastReportTime"": null, ""events"": [{""code"": 401, ""description"": ""Cerrado"", ""iconCategory"": 8}]}"
tomtom,tomtom_cdmx_incidents,2026-07-02T04:34:19Z,2026-07-02,20260702T043415Z,2026-07-02T04:34:15.640398,TTI-0e6b35d1-b793-45b4-b4a5-22dc2fb82b8b-TTR24510951400007009,Feature,LineString,19.3030603661,-99.1529605443,8,Road closed,4,,36.8476251261,Circuito Estadio Azteca,Circuito Estadio Azteca,,present,certain,,2026-06-04T23:25:00Z,,,Cerrado,401,"{""type"": ""LineString"", ""coordinates"": [[-99.1533092314, 19.3030992867], [-99.1529605443, 19.3030603661]]}","{""id"": ""TTI-0e6b35d1-b793-45b4-b4a5-22dc2fb82b8b-TTR24510951400007009"", ""iconCategory"": 8, ""magnitudeOfDelay"": 4, ""startTime"": ""2026-06-04T23:25:00Z"", ""endTime"": null, ""from"": ""Circuito Estadio Azteca"", ""to"": ""Circuito Estadio Azteca"", ""length"": 36.8476251261, ""delay"": null, ""roadNumbers"": [], ""timeValidity"": ""present"", ""probabilityOfOccurrence"": ""certain"", ""numberOfReports"": null, ""lastReportTime"": null, ""events"": [{""code"": 401, ""description"": ""Cerrado"", ""iconCategory"": 8}]}"
tomtom,tomtom_cdmx_incidents,2026-07-02T04:34:19Z,2026-07-02,20260702T043415Z,2026-07-02T04:34:15.640413,TTI-0e6b35d1-b793-45b4-b4a5-22dc2fb82b8b-TTR24510951472007009,Feature,LineString,19.3030992867,-99.1533092314,8,Road closed,4,,36.8476251261,Circuito Estadio Azteca,Circuito Estadio Azteca,,present,certain,,2026-06-04T23:25:00Z,,,Cerrado,401,"{""type"": ""LineString"", ""coordinates"": [[-99.1529605443, 19.3030603661], [-99.1533092314, 19.3030992867]]}","{""id"": ""TTI-0e6b35d1-b793-45b4-b4a5-22dc2fb82b8b-TTR24510951472007009"", ""iconCategory"": 8, ""magnitudeOfDelay"": 4, ""startTime"": ""2026-06-04T23:25:00Z"", ""endTime"": null, ""from"": ""Circuito Estadio Azteca"", ""to"": ""Circuito Estadio Azteca"", ""length"": 36.8476251261, ""delay"": null, ""roadNumbers"": [], ""timeValidity"": ""present"", ""probabilityOfOccurrence"": ""certain"", ""numberOfReports"": null, ""lastReportTime"": null, ""events"": [{""code"": 401, ""description"": ""Cerrado"", ""iconCategory"": 8}]}"
tomtom,tomtom_cdmx_incidents,2026-07-02T04:34:19Z,2026-07-02,20260702T043415Z,2026-07-02T04:34:15.640428,TTI-0e6b35d1-b793-45b4-b4a5-22dc2fb82b8b-TTR24510951400007007,Feature,LineString,19.3029141763,-99.1529592032,8,Road closed,4,,38.4758337665,Circuito Estadio Azteca,Circuito Estadio Azteca,,present,certain,,2026-06-04T23:25:00Z,,,Cerrado,401,"{""type"": ""LineString"", ""coordinates"": [[-99.1533226425, 19.302959742], [-99.1529592032, 19.3029141763]]}","{""id"": ""TTI-0e6b35d1-b793-45b4-b4a5-22dc2fb82b8b-TTR24510951400007007"", ""iconCategory"": 8, ""magnitudeOfDelay"": 4, ""startTime"": ""2026-06-04T23:25:00Z"", ""endTime"": null, ""from"": ""Circuito Estadio Azteca"", ""to"": ""Circuito Estadio Azteca"", ""length"": 38.4758337665, ""delay"": null, ""roadNumbers"": [], ""timeValidity"": ""present"", ""probabilityOfOccurrence"": ""certain"", ""numberOfReports"": null, ""lastReportTime"": null, ""events"": [{""code"": 401, ""description"": ""Cerrado"", ""iconCategory"": 8}]}"
tomtom,tomtom_cdmx_incidents,2026-07-02T04:34:19Z,2026-07-02,20260702T043415Z,2026-07-02T04:34:15.640442,TTI-0e6b35d1-b793-45b4-b4a5-22dc2fb82b8b-TTR24510951472007007,Feature,LineString,19.302959742,-99.1533226425,8,Road closed,4,,38.4758337665,Circuito Estadio Azteca,Circuito Estadio Azteca,,present,certain,,2026-06-04T23:25:00Z,,,Cerrado,401,"{""type"": ""LineString"", ""coordinates"": [[-99.1529592032, 19.3029141763], [-99.1533226425, 19.302959742]]}","{""id"": ""TTI-0e6b35d1-b793-45b4-b4a5-22dc2fb82b8b-TTR24510951472007007"", ""iconCategory"": 8, ""magnitudeOfDelay"": 4, ""startTime"": ""2026-06-04T23:25:00Z"", ""endTime"": null, ""from"": ""Circuito Estadio Azteca"", ""to"": ""Circuito Estadio Azteca"", ""length"": 38.4758337665, ""delay"": null, ""roadNumbers"": [], ""timeValidity"": ""present"", ""probabilityOfOccurrence"": ""certain"", ""numberOfReports"": null, ""lastReportTime"": null, ""events"": [{""code"": 401, ""description"": ""Cerrado"", ""iconCategory"": 8}]}"
tomtom,tomtom_cdmx_incidents,2026-07-02T04:34:19Z,2026-07-02,20260702T043415Z,2026-07-02T04:34:15.640457,TTI-0e6b35d1-b793-45b4-b4a5-22dc2fb82b8b-TTR24510951472007010,Feature,LineString,19.3033942764,-99.1532810682,8,Road closed,4,,35.3519643626,Circuito Estadio Azteca,Circuito Estadio Azteca,,present,certain,,2026-06-04T23:25:00Z,,,Cerrado,401,"{""type"": ""LineString"", ""coordinates"": [[-99.1529457921, 19.3033634247], [-99.1532810682, 19.3033942764]]}","{""id"": ""TTI-0e6b35d1-b793-45b4-b4a5-22dc2fb82b8b-TTR24510951472007010"", ""iconCategory"": 8, ""magnitudeOfDelay"": 4, ""startTime"": ""2026-06-04T23:25:00Z"", ""endTime"": null, ""from"": ""Circuito Estadio Azteca"", ""to"": ""Circuito Estadio Azteca"", ""length"": 35.3519643626, ""delay"": null, ""roadNumbers"": [], ""timeValidity"": ""present"", ""probabilityOfOccurrence"": ""certain"", ""numberOfReports"": null, ""lastReportTime"": null, ""events"": [{""code"": 401, ""description"": ""Cerrado"", ""iconCategory"": 8}]}"
tomtom,tomtom_cdmx_incidents,2026-07-02T04:34:19Z,2026-07-02,20260702T043415Z,2026-07-02T04:34:15.640472,TTI-0e6b35d1-b793-45b4-b4a5-22dc2fb82b8b-TTR24510951400007011,Feature,LineString,19.3033634247,-99.1529457921,8,Road closed,4,,35.3519643626,Circuito Estadio Azteca,Circuito Estadio Azteca,,present,certain,,2026-06-04T23:25:00Z,,,Cerrado,401,"{""type"": ""LineString"", ""coordinates"": [[-99.1532810682, 19.3033942764], [-99.1529457921, 19.3033634247]]}","{""id"": ""TTI-0e6b35d1-b793-45b4-b4a5-22dc2fb82b8b-TTR24510951400007011"", ""iconCategory"": 8, ""magnitudeOfDelay"": 4, ""startTime"": ""2026-06-04T23:25:00Z"", ""endTime"": null, ""from"": ""Circuito Estadio Azteca"", ""to"": ""Circuito Estadio Azteca"", ""length"": 35.3519643626, ""delay"": null, ""roadNumbers"": [], ""timeValidity"": ""present"", ""probabilityOfOccurrence"": ""certain"", ""numberOfReports"": null, ""lastReportTime"": null, ""events"": [{""code"": 401, ""description"": ""Cerrado"", ""iconCategory"": 8}]}"
tomtom,tomtom_cdmx_incidents,2026-07-02T04:34:19Z,2026-07-02,20260702T043415Z,2026-07-02T04:34:15.640487,TTI-0e6b35d1-b793-45b4-b4a5-22dc2fb82b8b-TTR24510951400007006,Feature,LineString,19.3027760553,-99.1529296989,8,Road closed,4,,43.0035828564,Circuito Estadio Azteca,Circuito Estadio Azteca,,present,certain,,2026-06-04T23:25:00Z,,,Cerrado,401,"{""type"": ""LineString"", ""coordinates"": [[-99.1533373946, 19.302814976], [-99.1529296989, 19.3027760553]]}","{""id"": ""TTI-0e6b35d1-b793-45b4-b4a5-22dc2fb82b8b-TTR24510951400007006"", ""iconCategory"": 8, ""magnitudeOfDelay"": 4, ""startTime"": ""2026-06-04T23:25:00Z"", ""endTime"": null, ""from"": ""Circuito Estadio Azteca"", ""to"": ""Circuito Estadio Azteca"", ""length"": 43.0035828564, ""delay"": null, ""roadNumbers"": [], ""timeValidity"": ""present"", ""probabilityOfOccurrence"": ""certain"", ""numberOfReports"": null, ""lastReportTime"": null, ""events"": [{""code"": 401, ""description"": ""Cerrado"", ""iconCategory"": 8}]}"
tomtom,tomtom_cdmx_incidents,2026-07-02T04:34:19Z,2026-07-02,20260702T043415Z,2026-07-02T04:34:15.640501,TTI-0e6b35d1-b793-45b4-b4a5-22dc2fb82b8b-TTR24510951472007006,Feature,LineString,19.302814976,-99.1533373946,8,Road closed,4,,43.0035828564,Circuito Estadio Azteca,Circuito Estadio Azteca,,present,certain,,2026-06-04T23:25:00Z,,,Cerrado,401,"{""type"": ""LineString"", ""coordinates"": [[-99.1529296989, 19.3027760553], [-99.1533373946, 19.302814976]]}","{""id"": ""TTI-0e6b35d1-b793-45b4-b4a5-22dc2fb82b8b-TTR24510951472007006"", ""iconCategory"": 8, ""magnitudeOfDelay"": 4, ""startTime"": ""2026-06-04T23:25:00Z"", ""endTime"": null, ""from"": ""Circuito Estadio Azteca"", ""to"": ""Circuito Estadio Azteca"", ""length"": 43.0035828564, ""delay"": null, ""roadNumbers"": [], ""timeValidity"": ""present"", ""probabilityOfOccurrence"": ""certain"", ""numberOfReports"": null, ""lastReportTime"": null, ""events"": [{""code"": 401, ""description"": ""Cerrado"", ""iconCategory"": 8}]}"
tomtom,tomtom_cdmx_incidents,2026-07-02T04:34:19Z,2026-07-02,20260702T043415Z,2026-07-02T04:34:15.640516,TTI-0e6b35d1-b793-45b4-b4a5-22dc2fb82b8b-TTR24510951400007008,Feature,LineString,19.3035136486,-99.1529122645,8,Road closed,4,,37.2497854623,Circuito Estadio Azteca,Circuito Estadio Azteca,,present,certain,,2026-06-04T23:25:00Z,,,Cerrado,401,"{""type"": ""LineString"", ""coordinates"": [[-99.153264975, 19.3035512243], [-99.1529122645, 19.3035136486]]}","{""id"": ""TTI-0e6b35d1-b793-45b4-b4a5-22dc2fb82b8b-TTR24510951400007008"", ""iconCategory"": 8, ""magnitudeOfDelay"": 4, ""startTime"": ""2026-06-04T23:25:00Z"", ""endTime"": null, ""from"": ""Circuito Estadio Azteca"", ""to"": ""Circuito Estadio Azteca"", ""length"": 37.2497854623, ""delay"": null, ""roadNumbers"": [], ""timeValidity"": ""present"", ""probabilityOfOccurrence"": ""certain"", ""numberOfReports"": null, ""lastReportTime"": null, ""events"": [{""code"": 401, ""description"": ""Cerrado"", ""iconCategory"": 8}]}"
tomtom,tomtom_cdmx_incidents,2026-07-02T04:34:19Z,2026-07-02,20260702T043415Z,2026-07-02T04:34:15.640531,TTI-0e6b35d1-b793-45b4-b4a5-22dc2fb82b8b-TTR24510951472007008,Feature,LineString,19.3035512243,-99.153264975,8,Road closed,4,,37.2497854623,Circuito Estadio Azteca,Circuito Estadio Azteca,,present,certain,,2026-06-04T23:25:00Z,,,Cerrado,401,"{""type"": ""LineString"", ""coordinates"": [[-99.1529122645, 19.3035136486], [-99.153264975, 19.3035512243]]}","{""id"": ""TTI-0e6b35d1-b793-45b4-b4a5-22dc2fb82b8b-TTR24510951472007008"", ""iconCategory"": 8, ""magnitudeOfDelay"": 4, ""startTime"": ""2026-06-04T23:25:00Z"", ""endTime"": null, ""from"": ""Circuito Estadio Azteca"", ""to"": ""Circuito Estadio Azteca"", ""length"": 37.2497854623, ""delay"": null, ""roadNumbers"": [], ""timeValidity"": ""present"", ""probabilityOfOccurrence"": ""certain"", ""numberOfReports"": null, ""lastReportTime"": null, ""events"": [{""code"": 401, ""description"": ""Cerrado"", ""iconCategory"": 8}]}"
tomtom,tomtom_cdmx_incidents,2026-07-02T04:34:19Z,2026-07-02,20260702T043415Z,2026-07-02T04:34:15.640545,TTI-0e6b35d1-b793-45b4-b4a5-22dc2fb82b8b-TTR24510951312023001,Feature,LineString,19.3018319089,-99.1547442133,8,Road closed,4,,243.7940728489,Circuito Estadio Azteca,Circuito Estadio Azteca,,present,certain,,2026-06-04T23:25:00Z,,,Cerrado,401,"{""type"": ""LineString"", ""coordinates"": [[-99.152841186, 19.3017018559], [-99.153444683, 19.3017621359], [-99.1546449715, 19.3018828541], [-99.1546932513, 19.3018774748], [-99.1547200734, 19.3018600712], [-99.1547442133, 19.3018319089], [-99.1547884697, 19.3017514564], [-99.1548126096, 19.3017111906], [-99.1548541838, 19.3016455312], [-99.1549373323, 19.3015127094]]}","{""id"": ""TTI-0e6b35d1-b793-45b4-b4a5-22dc2fb82b8b-TTR24510951312023001"", ""iconCategory"": 8, ""magnitudeOfDelay"": 4, ""startTime"": ""2026-06-04T23:25:00Z"", ""endTime"": null, ""from"": ""Circuito Estadio Azteca"", ""to"": ""Circuito Estadio Azteca"", ""length"": 243.7940728489, ""delay"": null, ""roadNumbers"": [], ""timeValidity"": ""present"", ""probabilityOfOccurrence"": ""certain"", ""numberOfReports"": null, ""lastReportTime"": null, ""events"": [{""code"": 401, ""description"": ""Cerrado"", ""iconCategory"": 8}]}"
tomtom,tomtom_cdmx_incidents,2026-07-02T04:34:19Z,2026-07-02,20260702T043415Z,2026-07-02T04:34:15.640581,TTI-0e6b35d1-b793-45b4-b4a5-22dc2fb82b8b-TTR24510951240023001,Feature,LineString,19.3018600712,-99.1547200734,8,Road closed,4,,243.7940728489,Circuito Estadio Azteca,Circuito Estadio Azteca,,present,certain,,2026-06-04T23:25:00Z,,,Cerrado,401,"{""type"": ""LineString"", ""coordinates"": [[-99.1549373323, 19.3015127094], [-99.1548541838, 19.3016455312], [-99.1548126096, 19.3017111906], [-99.1547884697, 19.3017514564], [-99.1547442133, 19.3018319089], [-99.1547200734, 19.3018600712], [-99.1546932513, 19.3018774748], [-99.1546449715, 19.3018828541], [-99.153444683, 19.3017621359], [-99.152841186, 19.3017018559]]}","{""id"": ""TTI-0e6b35d1-b793-45b4-b4a5-22dc2fb82b8b-TTR24510951240023001"", ""iconCategory"": 8, ""magnitudeOfDelay"": 4, ""startTime"": ""2026-06-04T23:25:00Z"", ""endTime"": null, ""from"": ""Circuito Estadio Azteca"", ""to"": ""Circuito Estadio Azteca"", ""length"": 243.7940728489, ""delay"": null, ""roadNumbers"": [], ""timeValidity"": ""present"", ""probabilityOfOccurrence"": ""certain"", ""numberOfReports"": null, ""lastReportTime"": null, ""events"": [{""code"": 401, ""description"": ""Cerrado"", ""iconCategory"": 8}]}"
tomtom,tomtom_cdmx_incidents,2026-07-02T04:34:19Z,2026-07-02,20260702T043415Z,2026-07-02T04:34:15.640604,TTI-0e6b35d1-b793-45b4-b4a5-22dc2fb82b8b-TTR24510951472015020,Feature,LineString,19.3026728204,-99.1533508057,8,Road closed,4,,54.0407579374,Circuito Estadio Azteca,Circuito Estadio Azteca,,present,certain,,2026-06-04T23:25:00Z,,,Cerrado,401,"{""type"": ""LineString"", ""coordinates"": [[-99.1528398448, 19.3026124616], [-99.1533508057, 19.3026728204]]}","{""id"": ""TTI-0e6b35d1-b793-45b4-b4a5-22dc2fb82b8b-TTR24510951472015020"", ""iconCategory"": 8, ""magnitudeOfDelay"": 4, ""startTime"": ""2026-06-04T23:25:00Z"", ""endTime"": null, ""from"": ""Circuito Estadio Azteca"", ""to"": ""Circuito Estadio Azteca"", ""length"": 54.0407579374, ""delay"": null, ""roadNumbers"": [], ""timeValidity"": ""present"", ""probabilityOfOccurrence"": ""certain"", ""numberOfReports"": null, ""lastReportTime"": null, ""events"": [{""code"": 401, ""description"": ""Cerrado"", ""iconCategory"": 8}]}"
tomtom,tomtom_cdmx_incidents,2026-07-02T04:34:19Z,2026-07-02,20260702T043415Z,2026-07-02T04:34:15.640619,TTI-0e6b35d1-b793-45b4-b4a5-22dc2fb82b8b-TTR24510951400015022,Feature,LineString,19.3026124616,-99.1528398448,8,Road closed,4,,54.0407579374,Circuito Estadio Azteca,Circuito Estadio Azteca,,present,certain,,2026-06-04T23:25:00Z,,,Cerrado,401,"{""type"": ""LineString"", ""coordinates"": [[-99.1533508057, 19.3026728204], [-99.1528398448, 19.3026124616]]}","{""id"": ""TTI-0e6b35d1-b793-45b4-b4a5-22dc2fb82b8b-TTR24510951400015022"", ""iconCategory"": 8, ""magnitudeOfDelay"": 4, ""startTime"": ""2026-06-04T23:25:00Z"", ""endTime"": null, ""from"": ""Circuito Estadio Azteca"", ""to"": ""Circuito Estadio Azteca"", ""length"": 54.0407579374, ""delay"": null, ""roadNumbers"": [], ""timeValidity"": ""present"", ""probabilityOfOccurrence"": ""certain"", ""numberOfReports"": null, ""lastReportTime"": null, ""events"": [{""code"": 401, ""description"": ""Cerrado"", ""iconCategory"": 8}]}"
tomtom,tomtom_cdmx_incidents,2026-07-02T04:34:19Z,2026-07-02,20260702T043415Z,2026-07-02T04:34:15.640634,TTI-0e6b35d1-b793-45b4-b4a5-22dc2fb82b8b-TTR24510951256015004,Feature,LineString,19.3018909231,-99.1528277749,8,Road closed,4,,62.7732836753,Calzada de Tlalpan / Entrada B Estadio Azteca,Circuito Estadio Azteca,,present,certain,,2026-06-04T23:25:00Z,,,Cerrado,401,"{""type"": ""LineString"", ""coordinates"": [[-99.1534232253, 19.301944558], [-99.1528277749, 19.3018909231]]}","{""id"": ""TTI-0e6b35d1-b793-45b4-b4a5-22dc2fb82b8b-TTR24510951256015004"", ""iconCategory"": 8, ""magnitudeOfDelay"": 4, ""startTime"": ""2026-06-04T23:25:00Z"", ""endTime"": null, ""from"": ""Calzada de Tlalpan / Entrada B Estadio Azteca"", ""to"": ""Circuito Estadio Azteca"", ""length"": 62.7732836753, ""delay"": null, ""roadNumbers"": [], ""timeValidity"": ""present"", ""probabilityOfOccurrence"": ""certain"", ""numberOfReports"": null, ""lastReportTime"": null, ""events"": [{""code"": 401, ""description"": ""Cerrado"", ""iconCategory"": 8}]}"
tomtom,tomtom_cdmx_incidents,2026-07-02T04:34:19Z,2026-07-02,20260702T043415Z,2026-07-02T04:34:15.640649,TTI-0e6b35d1-b793-45b4-b4a5-22dc2fb82b8b-TTR24510951328015005,Feature,LineString,19.301944558,-99.1534232253,8,Road closed,4,,62.7732836753,Circuito Estadio Azteca,Calzada de Tlalpan / Entrada B Estadio Azteca,,present,certain,,2026-06-04T23:25:00Z,,,Cerrado,401,"{""type"": ""LineString"", ""coordinates"": [[-99.1528277749, 19.3018909231], [-99.1534232253, 19.301944558]]}","{""id"": ""TTI-0e6b35d1-b793-45b4-b4a5-22dc2fb82b8b-TTR24510951328015005"", ""iconCategory"": 8, ""magnitudeOfDelay"": 4, ""startTime"": ""2026-06-04T23:25:00Z"", ""endTime"": null, ""from"": ""Circuito Estadio Azteca"", ""to"": ""Calzada de Tlalpan / Entrada B Estadio Azteca"", ""length"": 62.7732836753, ""delay"": null, ""roadNumbers"": [], ""timeValidity"": ""present"", ""probabilityOfOccurrence"": ""certain"", ""numberOfReports"": null, ""lastReportTime"": null, ""events"": [{""code"": 401, ""description"": ""Cerrado"", ""iconCategory"": 8}]}"
tomtom,tomtom_cdmx_incidents,2026-07-02T04:34:19Z,2026-07-02,20260702T043415Z,2026-07-02T04:34:15.640667,TTI-0e6b35d1-b793-45b4-b4a5-22dc2fb82b8b-TTR24510951256015005,Feature,LineString,19.3020277,-99.152815705,8,Road closed,4,,62.6713981918,Circuito Estadio Azteca,Circuito Estadio Azteca,,present,certain,,2026-06-04T23:25:00Z,,,Cerrado,401,"{""type"": ""LineString"", ""coordinates"": [[-99.1534084732, 19.302096128], [-99.152815705, 19.3020277]]}","{""id"": ""TTI-0e6b35d1-b793-45b4-b4a5-22dc2fb82b8b-TTR24510951256015005"", ""iconCategory"": 8, ""magnitudeOfDelay"": 4, ""startTime"": ""2026-06-04T23:25:00Z"", ""endTime"": null, ""from"": ""Circuito Estadio Azteca"", ""to"": ""Circuito Estadio Azteca"", ""length"": 62.6713981918, ""delay"": null, ""roadNumbers"": [], ""timeValidity"": ""present"", ""probabilityOfOccurrence"": ""certain"", ""numberOfReports"": null, ""lastReportTime"": null, ""events"": [{""code"": 401, ""description"": ""Cerrado"", ""iconCategory"": 8}]}"
tomtom,tomtom_cdmx_incidents,2026-07-02T04:34:19Z,2026-07-02,20260702T043415Z,2026-07-02T04:34:15.640682,TTI-0e6b35d1-b793-45b4-b4a5-22dc2fb82b8b-TTR24510951328015006,Feature,LineString,19.302096128,-99.1534084732,8,Road closed,4,,62.6713981918,Circuito Estadio Azteca,Circuito Estadio Azteca,,present,certain,,2026-06-04T23:25:00Z,,,Cerrado,401,"{""type"": ""LineString"", ""coordinates"": [[-99.152815705, 19.3020277], [-99.1534084732, 19.302096128]]}","{""id"": ""TTI-0e6b35d1-b793-45b4-b4a5-22dc2fb82b8b-TTR24510951328015006"", ""iconCategory"": 8, ""magnitudeOfDelay"": 4, ""startTime"": ""2026-06-04T23:25:00Z"", ""endTime"": null, ""from"": ""Circuito Estadio Azteca"", ""to"": ""Circuito Estadio Azteca"", ""length"": 62.6713981918, ""delay"": null, ""roadNumbers"": [], ""timeValidity"": ""present"", ""probabilityOfOccurrence"": ""certain"", ""numberOfReports"": null, ""lastReportTime"": null, ""events"": [{""code"": 401, ""description"": ""Cerrado"", ""iconCategory"": 8}]}"
tomtom,tomtom_cdmx_incidents,2026-07-02T04:34:19Z,2026-07-02,20260702T043415Z,2026-07-02T04:34:15.640697,TTI-0e6b35d1-b793-45b4-b4a5-22dc2fb82b8b-TTR24510951328015007,Feature,LineString,19.3022369392,-99.153393721,8,Road closed,4,,62.2341635494,Circuito Estadio Azteca,Circuito Estadio Azteca,,present,certain,,2026-06-04T23:25:00Z,,,Cerrado,401,"{""type"": ""LineString"", ""coordinates"": [[-99.1528049761, 19.3021698562], [-99.153393721, 19.3022369392]]}","{""id"": ""TTI-0e6b35d1-b793-45b4-b4a5-22dc2fb82b8b-TTR24510951328015007"", ""iconCategory"": 8, ""magnitudeOfDelay"": 4, ""startTime"": ""2026-06-04T23:25:00Z"", ""endTime"": null, ""from"": ""Circuito Estadio Azteca"", ""to"": ""Circuito Estadio Azteca"", ""length"": 62.2341635494, ""delay"": null, ""roadNumbers"": [], ""timeValidity"": ""present"", ""probabilityOfOccurrence"": ""certain"", ""numberOfReports"": null, ""lastReportTime"": null, ""events"": [{""code"": 401, ""description"": ""Cerrado"", ""iconCategory"": 8}]}"
tomtom,tomtom_cdmx_incidents,2026-07-02T04:34:19Z,2026-07-02,20260702T043415Z,2026-07-02T04:34:15.640712,TTI-0e6b35d1-b793-45b4-b4a5-22dc2fb82b8b-TTR24510951256015006,Feature,LineString,19.3021698562,-99.1528049761,8,Road closed,4,,62.2341635494,Circuito Estadio Azteca,Circuito Estadio Azteca,,present,certain,,2026-06-04T23:25:00Z,,,Cerrado,401,"{""type"": ""LineString"", ""coordinates"": [[-99.153393721, 19.3022369392], [-99.1528049761, 19.3021698562]]}","{""id"": ""TTI-0e6b35d1-b793-45b4-b4a5-22dc2fb82b8b-TTR24510951256015006"", ""iconCategory"": 8, ""magnitudeOfDelay"": 4, ""startTime"": ""2026-06-04T23:25:00Z"", ""endTime"": null, ""from"": ""Circuito Estadio Azteca"", ""to"": ""Circuito Estadio Azteca"", ""length"": 62.2341635494, ""delay"": null, ""roadNumbers"": [], ""timeValidity"": ""present"", ""probabilityOfOccurrence"": ""certain"", ""numberOfReports"": null, ""lastReportTime"": null, ""events"": [{""code"": 401, ""description"": ""Cerrado"", ""iconCategory"": 8}]}"
tomtom,tomtom_cdmx_incidents,2026-07-02T04:34:19Z,2026-07-02,20260702T043415Z,2026-07-02T04:34:15.640727,TTI-0e6b35d1-b793-45b4-b4a5-22dc2fb82b8b-TTR24510951328015008,Feature,LineString,19.30238044,-99.15338031,8,Road closed,4,,62.0943844856,Circuito Estadio Azteca,Circuito Estadio Azteca,,present,certain,,2026-06-04T23:25:00Z,,,Cerrado,401,"{""type"": ""LineString"", ""coordinates"": [[-99.1527929062, 19.302313357], [-99.15338031, 19.30238044]]}","{""id"": ""TTI-0e6b35d1-b793-45b4-b4a5-22dc2fb82b8b-TTR24510951328015008"", ""iconCategory"": 8, ""magnitudeOfDelay"": 4, ""startTime"": ""2026-06-04T23:25:00Z"", ""endTime"": null, ""from"": ""Circuito Estadio Azteca"", ""to"": ""Circuito Estadio Azteca"", ""length"": 62.0943844856, ""delay"": null, ""roadNumbers"": [], ""timeValidity"": ""present"", ""probabilityOfOccurrence"": ""certain"", ""numberOfReports"": null, ""lastReportTime"": null, ""events"": [{""code"": 401, ""description"": ""Cerrado"", ""iconCategory"": 8}]}"
tomtom,tomtom_cdmx_incidents,2026-07-02T04:34:19Z,2026-07-02,20260702T043415Z,2026-07-02T04:34:15.640742,TTI-0e6b35d1-b793-45b4-b4a5-22dc2fb82b8b-TTR24510951256015007,Feature,LineString,19.302313357,-99.1527929062,8,Road closed,4,,62.0943844856,Circuito Estadio Azteca,Circuito Estadio Azteca,,present,certain,,2026-06-04T23:25:00Z,,,Cerrado,401,"{""type"": ""LineString"", ""coordinates"": [[-99.15338031, 19.30238044], [-99.1527929062, 19.302313357]]}","{""id"": ""TTI-0e6b35d1-b793-45b4-b4a5-22dc2fb82b8b-TTR24510951256015007"", ""iconCategory"": 8, ""magnitudeOfDelay"": 4, ""startTime"": ""2026-06-04T23:25:00Z"", ""endTime"": null, ""from"": ""Circuito Estadio Azteca"", ""to"": ""Circuito Estadio Azteca"", ""length"": 62.0943844856, ""delay"": null, ""roadNumbers"": [], ""timeValidity"": ""present"", ""probabilityOfOccurrence"": ""certain"", ""numberOfReports"": null, ""lastReportTime"": null, ""events"": [{""code"": 401, ""description"": ""Cerrado"", ""iconCategory"": 8}]}"
tomtom,tomtom_cdmx_incidents,2026-07-02T04:34:19Z,2026-07-02,20260702T043415Z,2026-07-02T04:34:15.640757,TTI-0e6b35d1-b793-45b4-b4a5-22dc2fb82b8b-TTR24510951328015009,Feature,LineString,19.3025293199,-99.1533655578,8,Road closed,4,,60.6438450766,Circuito Estadio Azteca,Avenida Estadio Azteca,,present,certain,,2026-06-04T23:25:00Z,,,Cerrado,401,"{""type"": ""LineString"", ""coordinates"": [[-99.1527915651, 19.3024662714], [-99.1533655578, 19.3025293199]]}","{""id"": ""TTI-0e6b35d1-b793-45b4-b4a5-22dc2fb82b8b-TTR24510951328015009"", ""iconCategory"": 8, ""magnitudeOfDelay"": 4, ""startTime"": ""2026-06-04T23:25:00Z"", ""endTime"": null, ""from"": ""Circuito Estadio Azteca"", ""to"": ""Avenida Estadio Azteca"", ""length"": 60.6438450766, ""delay"": null, ""roadNumbers"": [], ""timeValidity"": ""present"", ""probabilityOfOccurrence"": ""certain"", ""numberOfReports"": null, ""lastReportTime"": null, ""events"": [{""code"": 401, ""description"": ""Cerrado"", ""iconCategory"": 8}]}"
tomtom,tomtom_cdmx_incidents,2026-07-02T04:34:19Z,2026-07-02,20260702T043415Z,2026-07-02T04:34:15.640772,TTI-0e6b35d1-b793-45b4-b4a5-22dc2fb82b8b-TTR24510951400015021,Feature,LineString,19.3024662714,-99.1527915651,8,Road closed,4,,60.6438450766,Avenida Estadio Azteca,Circuito Estadio Azteca,,present,certain,,2026-06-04T23:25:00Z,,,Cerrado,401,"{""type"": ""LineString"", ""coordinates"": [[-99.1533655578, 19.3025293199], [-99.1527915651, 19.3024662714]]}","{""id"": ""TTI-0e6b35d1-b793-45b4-b4a5-22dc2fb82b8b-TTR24510951400015021"", ""iconCategory"": 8, ""magnitudeOfDelay"": 4, ""startTime"": ""2026-06-04T23:25:00Z"", ""endTime"": null, ""from"": ""Avenida Estadio Azteca"", ""to"": ""Circuito Estadio Azteca"", ""length"": 60.6438450766, ""delay"": null, ""roadNumbers"": [], ""timeValidity"": ""present"", ""probabilityOfOccurrence"": ""certain"", ""numberOfReports"": null, ""lastReportTime"": null, ""events"": [{""code"": 401, ""description"": ""Cerrado"", ""iconCategory"": 8}]}"
tomtom,tomtom_cdmx_incidents,2026-07-02T04:34:19Z,2026-07-02,20260702T043415Z,2026-07-02T04:34:15.640788,TTI-0e6b35d1-b793-45b4-b4a5-22dc2fb82b8b-TTR24510951436047001,Feature,LineString,19.3025426891,-99.1528009528,8,Road closed,4,,476.4135599374,Circuito Estadio Azteca,Circuito Estadio Azteca,,present,certain,,2026-06-04T23:25:00Z,,,Cerrado,401,"{""type"": ""LineString"", ""coordinates"": [[-99.153252905, 19.3036705964], [-99.1528505737, 19.3036262966], [-99.1529122645, 19.3035136486], [-99.1529323811, 19.3034787625], [-99.1529457921, 19.3033634247], [-99.1529618854, 19.3032253041], [-99.1529618854, 19.3032025213], [-99.1529605443, 19.3030603661], [-99.1529592032, 19.3029141763], [-99.1529592032, 19.3028283451], [-99.1529296989, 19.3027760553], [-99.1528438682, 19.3026177618], [-99.1528398448, 19.3026124616], [-99.1528009528, 19.3025426891], [-99.1527915651, 19.3024662714], [-99.1527848596, 19.3024153263], [-99.1527929062, 19.302313357], [-99.1528049761, 19.3021698562], [-99.152815705, 19.3020277], [-99.1528277749, 19.3018909231], [-99.152841186, 19.3017018559], [-99.1528492326, 19.3016293933], [-99.1528613025, 19.3016173689], [-99.1528841013, 19.3016066103], [-99.1529337222, 19.3016012309], [-99.1534527296, 19.3016481418], [-99.1547884697, 19.3017514564]]}","{""id"": ""TTI-0e6b35d1-b793-45b4-b4a5-22dc2fb82b8b-TTR24510951436047001"", ""iconCategory"": 8, ""magnitudeOfDelay"": 4, ""startTime"": ""2026-06-04T23:25:00Z"", ""endTime"": null, ""from"": ""Circuito Estadio Azteca"", ""to"": ""Circuito Estadio Azteca"", ""length"": 476.4135599374, ""delay"": null, ""roadNumbers"": [], ""timeValidity"": ""present"", ""probabilityOfOccurrence"": ""certain"", ""numberOfReports"": null, ""lastReportTime"": null, ""events"": [{""code"": 401, ""description"": ""Cerrado"", ""iconCategory"": 8}]}"
tomtom,tomtom_cdmx_incidents,2026-07-02T04:34:19Z,2026-07-02,20260702T043415Z,2026-07-02T04:34:15.640823,TTI-0e6b35d1-b793-45b4-b4a5-22dc2fb82b8b-TTR24510951400047001,Feature,LineString,19.3025426891,-99.1528009528,8,Road closed,4,,476.4135599374,Circuito Estadio Azteca,Circuito Estadio Azteca,,present,certain,,2026-06-04T23:25:00Z,,,Cerrado,401,"{""type"": ""LineString"", ""coordinates"": [[-99.1547884697, 19.3017514564], [-99.1534527296, 19.3016481418], [-99.1529337222, 19.3016012309], [-99.1528841013, 19.3016066103], [-99.1528613025, 19.3016173689], [-99.1528492326, 19.3016293933], [-99.152841186, 19.3017018559], [-99.1528277749, 19.3018909231], [-99.152815705, 19.3020277], [-99.1528049761, 19.3021698562], [-99.1527929062, 19.302313357], [-99.1527848596, 19.3024153263], [-99.1527915651, 19.3024662714], [-99.1528009528, 19.3025426891], [-99.1528398448, 19.3026124616], [-99.1528438682, 19.3026177618], [-99.1529296989, 19.3027760553], [-99.1529592032, 19.3028283451], [-99.1529592032, 19.3029141763], [-99.1529605443, 19.3030603661], [-99.1529618854, 19.3032025213], [-99.1529618854, 19.3032253041], [-99.1529457921, 19.3033634247], [-99.1529323811, 19.3034787625], [-99.1529122645, 19.3035136486], [-99.1528505737, 19.3036262966], [-99.153252905, 19.3036705964]]}","{""id"": ""TTI-0e6b35d1-b793-45b4-b4a5-22dc2fb82b8b-TTR24510951400047001"", ""iconCategory"": 8, ""magnitudeOfDelay"": 4, ""startTime"": ""2026-06-04T23:25:00Z"", ""endTime"": null, ""from"": ""Circuito Estadio Azteca"", ""to"": ""Circuito Estadio Azteca"", ""length"": 476.4135599374, ""delay"": null, ""roadNumbers"": [], ""timeValidity"": ""present"", ""probabilityOfOccurrence"": ""certain"", ""numberOfReports"": null, ""lastReportTime"": null, ""events"": [{""code"": 401, ""description"": ""Cerrado"", ""iconCategory"": 8}]}"
tomtom,tomtom_cdmx_incidents,2026-07-02T04:34:19Z,2026-07-02,20260702T043415Z,2026-07-02T04:34:15.640858,TTI-0e6b35d1-b793-45b4-b4a5-22dc2fb82b8b-TTR24510951472015021,Feature,LineString,19.3038261201,-99.1532381529,8,Road closed,4,,54.0220088136,Circuito Estadio Azteca,Circuito Estadio Azteca,,present,certain,,2026-06-04T23:25:00Z,,,Cerrado,401,"{""type"": ""LineString"", ""coordinates"": [[-99.1527271921, 19.3037671065], [-99.1532381529, 19.3038261201]]}","{""id"": ""TTI-0e6b35d1-b793-45b4-b4a5-22dc2fb82b8b-TTR24510951472015021"", ""iconCategory"": 8, ""magnitudeOfDelay"": 4, ""startTime"": ""2026-06-04T23:25:00Z"", ""endTime"": null, ""from"": ""Circuito Estadio Azteca"", ""to"": ""Circuito Estadio Azteca"", ""length"": 54.0220088136, ""delay"": null, ""roadNumbers"": [], ""timeValidity"": ""present"", ""probabilityOfOccurrence"": ""certain"", ""numberOfReports"": null, ""lastReportTime"": null, ""events"": [{""code"": 401, ""description"": ""Cerrado"", ""iconCategory"": 8}]}"
tomtom,tomtom_cdmx_incidents,2026-07-02T04:34:19Z,2026-07-02,20260702T043415Z,2026-07-02T04:34:15.640873,TTI-0e6b35d1-b793-45b4-b4a5-22dc2fb82b8b-TTR24510951400015023,Feature,LineString,19.3037671065,-99.1527271921,8,Road closed,4,,54.0220088136,Circuito Estadio Azteca,Circuito Estadio Azteca,,present,certain,,2026-06-04T23:25:00Z,,,Cerrado,401,"{""type"": ""LineString"", ""coordinates"": [[-99.1532381529, 19.3038261201], [-99.1527271921, 19.3037671065]]}","{""id"": ""TTI-0e6b35d1-b793-45b4-b4a5-22dc2fb82b8b-TTR24510951400015023"", ""iconCategory"": 8, ""magnitudeOfDelay"": 4, ""startTime"": ""2026-06-04T23:25:00Z"", ""endTime"": null, ""from"": ""Circuito Estadio Azteca"", ""to"": ""Circuito Estadio Azteca"", ""length"": 54.0220088136, ""delay"": null, ""roadNumbers"": [], ""timeValidity"": ""present"", ""probabilityOfOccurrence"": ""certain"", ""numberOfReports"": null, ""lastReportTime"": null, ""events"": [{""code"": 401, ""description"": ""Cerrado"", ""iconCategory"": 8}]}"
tomtom,tomtom_cdmx_incidents,2026-07-02T04:34:19Z,2026-07-02,20260702T043415Z,2026-07-02T04:34:15.640888,TTI-0e6b35d1-b793-45b4-b4a5-22dc2fb82b8b-TTL24516721688031000,Feature,LineString,19.2661531849,-99.1545658464,6,Jam,3,273.0,468.397144541,Calle Jacarandas / Calle Magnolia Ote,Calle de Ojo de Agua,,present,certain,,2026-07-02T04:28:30Z,2026-07-02T04:56:00Z,,Tráfico parado,101,"{""type"": ""LineString"", ""coordinates"": [[-99.1526292914, 19.2664978523], [-99.1530329639, 19.2664173825], [-99.1533964032, 19.2663516299], [-99.1537383849, 19.2662873014], [-99.1537678892, 19.2662805758], [-99.1539864892, 19.2662429916], [-99.1541822905, 19.2662175134], [-99.1544022316, 19.2661813533], [-99.1545658464, 19.2661531849], [-99.1545805985, 19.2661504947], [-99.1549829299, 19.2660794405], [-99.1550540084, 19.2660673344], [-99.155126428, 19.2660632991], [-99.1551814133, 19.2660659893], [-99.1552216465, 19.2660686796], [-99.1568215841, 19.2662497172], [-99.1570348197, 19.2662778856]]}","{""id"": ""TTI-0e6b35d1-b793-45b4-b4a5-22dc2fb82b8b-TTL24516721688031000"", ""iconCategory"": 6, ""magnitudeOfDelay"": 3, ""startTime"": ""2026-07-02T04:28:30Z"", ""endTime"": ""2026-07-02T04:56:00Z"", ""from"": ""Calle Jacarandas / Calle Magnolia Ote"", ""to"": ""Calle de Ojo de Agua"", ""length"": 468.397144541, ""delay"": 273, ""roadNumbers"": [], ""timeValidity"": ""present"", ""probabilityOfOccurrence"": ""certain"", ""numberOfReports"": null, ""lastReportTime"": null, ""events"": [{""code"": 101, ""description"": ""Tráfico parado"", ""iconCategory"": 6}]}"
tomtom,tomtom_cdmx_incidents,2026-07-02T04:34:19Z,2026-07-02,20260702T043415Z,2026-07-02T04:34:15.640917,TTI-0e6b35d1-b793-45b4-b4a5-22dc2fb82b8b-TTR24510951396015001,Feature,LineString,19.3039253989,-99.1525676006,8,Road closed,4,,69.0192464655,Circuito Estadio Azteca,Circuito Estadio Azteca,,present,certain,,2026-06-04T23:25:00Z,,,Cerrado,401,"{""type"": ""LineString"", ""coordinates"": [[-99.1532234007, 19.3039723091], [-99.1525676006, 19.3039253989]]}","{""id"": ""TTI-0e6b35d1-b793-45b4-b4a5-22dc2fb82b8b-TTR24510951396015001"", ""iconCategory"": 8, ""magnitudeOfDelay"": 4, ""startTime"": ""2026-06-04T23:25:00Z"", ""endTime"": null, ""from"": ""Circuito Estadio Azteca"", ""to"": ""Circuito Estadio Azteca"", ""length"": 69.0192464655, ""delay"": null, ""roadNumbers"": [], ""timeValidity"": ""present"", ""probabilityOfOccurrence"": ""certain"", ""numberOfReports"": null, ""lastReportTime"": null, ""events"": [{""code"": 401, ""description"": ""Cerrado"", ""iconCategory"": 8}]}"
tomtom,tomtom_cdmx_incidents,2026-07-02T04:34:19Z,2026-07-02,20260702T043415Z,2026-07-02T04:34:15.640931,TTI-0e6b35d1-b793-45b4-b4a5-22dc2fb82b8b-TTR24510951468015001,Feature,LineString,19.3039723091,-99.1532234007,8,Road closed,4,,69.0192464655,Circuito Estadio Azteca,Circuito Estadio Azteca,,present,certain,,2026-06-04T23:25:00Z,,,Cerrado,401,"{""type"": ""LineString"", ""coordinates"": [[-99.1525676006, 19.3039253989], [-99.1532234007, 19.3039723091]]}","{""id"": ""TTI-0e6b35d1-b793-45b4-b4a5-22dc2fb82b8b-TTR24510951468015001"", ""iconCategory"": 8, ""magnitudeOfDelay"": 4, ""startTime"": ""2026-06-04T23:25:00Z"", ""endTime"": null, ""from"": ""Circuito Estadio Azteca"", ""to"": ""Circuito Estadio Azteca"", ""length"": 69.0192464655, ""delay"": null, ""roadNumbers"": [], ""timeValidity"": ""present"", ""probabilityOfOccurrence"": ""certain"", ""numberOfReports"": null, ""lastReportTime"": null, ""events"": [{""code"": 401, ""description"": ""Cerrado"", ""iconCategory"": 8}]}"
tomtom,tomtom_cdmx_incidents,2026-07-02T04:34:19Z,2026-07-02,20260702T043415Z,2026-07-02T04:34:15.640946,TTI-0e6b35d1-b793-45b4-b4a5-22dc2fb82b8b-TTR24490755188014000,Feature,LineString,19.4287808297,-99.1529283577,8,Road closed,4,,154.7703579839,Eje Vial 1 Poniente-Avenida Bucareli,Calle Abraham González,,present,probable,,2026-06-23T20:50:00Z,,,Cerrado,401,"{""type"": ""LineString"", ""coordinates"": [[-99.1525287086, 19.4286306422], [-99.152635997, 19.4286722204], [-99.1528438682, 19.4287500018], [-99.1529283577, 19.4287808297], [-99.1533239836, 19.4289297523], [-99.1536203677, 19.429041049], [-99.1538993174, 19.4291469704]]}","{""id"": ""TTI-0e6b35d1-b793-45b4-b4a5-22dc2fb82b8b-TTR24490755188014000"", ""iconCategory"": 8, ""magnitudeOfDelay"": 4, ""startTime"": ""2026-06-23T20:50:00Z"", ""endTime"": null, ""from"": ""Eje Vial 1 Poniente-Avenida Bucareli"", ""to"": ""Calle Abraham González"", ""length"": 154.7703579839, ""delay"": null, ""roadNumbers"": [], ""timeValidity"": ""present"", ""probabilityOfOccurrence"": ""probable"", ""numberOfReports"": null, ""lastReportTime"": null, ""events"": [{""code"": 401, ""description"": ""Cerrado"", ""iconCategory"": 8}]}"
tomtom,tomtom_cdmx_incidents,2026-07-02T04:34:19Z,2026-07-02,20260702T043415Z,2026-07-02T04:34:15.640966,TTI-0e6b35d1-b793-45b4-b4a5-22dc2fb82b8b-TTR24510951472015019,Feature,LineString,19.3041198427,-99.1532086486,8,Road closed,4,,72.8338381613,Circuito Estadio Azteca,Circuito Estadio Azteca,,present,certain,,2026-06-04T23:25:00Z,,,Cerrado,401,"{""type"": ""LineString"", ""coordinates"": [[-99.1525179798, 19.3040554501], [-99.1532086486, 19.3041198427]]}","{""id"": ""TTI-0e6b35d1-b793-45b4-b4a5-22dc2fb82b8b-TTR24510951472015019"", ""iconCategory"": 8, ""magnitudeOfDelay"": 4, ""startTime"": ""2026-06-04T23:25:00Z"", ""endTime"": null, ""from"": ""Circuito Estadio Azteca"", ""to"": ""Circuito Estadio Azteca"", ""length"": 72.8338381613, ""delay"": null, ""roadNumbers"": [], ""timeValidity"": ""present"", ""probabilityOfOccurrence"": ""certain"", ""numberOfReports"": null, ""lastReportTime"": null, ""events"": [{""code"": 401, ""description"": ""Cerrado"", ""iconCategory"": 8}]}"
tomtom,tomtom_cdmx_incidents,2026-07-02T04:34:19Z,2026-07-02,20260702T043415Z,2026-07-02T04:34:15.640981,TTI-0e6b35d1-b793-45b4-b4a5-22dc2fb82b8b-TTR24510951400015020,Feature,LineString,19.3040554501,-99.1525179798,8,Road closed,4,,72.8338381613,Circuito Estadio Azteca,Circuito Estadio Azteca,,present,certain,,2026-06-04T23:25:00Z,,,Cerrado,401,"{""type"": ""LineString"", ""coordinates"": [[-99.1532086486, 19.3041198427], [-99.1525179798, 19.3040554501]]}","{""id"": ""TTI-0e6b35d1-b793-45b4-b4a5-22dc2fb82b8b-TTR24510951400015020"", ""iconCategory"": 8, ""magnitudeOfDelay"": 4, ""startTime"": ""2026-06-04T23:25:00Z"", ""endTime"": null, ""from"": ""Circuito Estadio Azteca"", ""to"": ""Circuito Estadio Azteca"", ""length"": 72.8338381613, ""delay"": null, ""roadNumbers"": [], ""timeValidity"": ""present"", ""probabilityOfOccurrence"": ""certain"", ""numberOfReports"": null, ""lastReportTime"": null, ""events"": [{""code"": 401, ""description"": ""Cerrado"", ""iconCategory"": 8}]}"
tomtom,tomtom_cdmx_incidents,2026-07-02T04:34:19Z,2026-07-02,20260702T043415Z,2026-07-02T04:34:15.640995,TTI-0e6b35d1-b793-45b4-b4a5-22dc2fb82b8b-TTR24510951472015018,Feature,LineString,19.3042834349,-99.1531925553,8,Road closed,4,,73.7496375691,Circuito Estadio Azteca,Circuito Estadio Azteca,,present,certain,,2026-06-04T23:25:00Z,,,Cerrado,401,"{""type"": ""LineString"", ""coordinates"": [[-99.1524938399, 19.3042123973], [-99.1531925553, 19.3042834349]]}","{""id"": ""TTI-0e6b35d1-b793-45b4-b4a5-22dc2fb82b8b-TTR24510951472015018"", ""iconCategory"": 8, ""magnitudeOfDelay"": 4, ""startTime"": ""2026-06-04T23:25:00Z"", ""endTime"": null, ""from"": ""Circuito Estadio Azteca"", ""to"": ""Circuito Estadio Azteca"", ""length"": 73.7496375691, ""delay"": null, ""roadNumbers"": [], ""timeValidity"": ""present"", ""probabilityOfOccurrence"": ""certain"", ""numberOfReports"": null, ""lastReportTime"": null, ""events"": [{""code"": 401, ""description"": ""Cerrado"", ""iconCategory"": 8}]}"
tomtom,tomtom_cdmx_incidents,2026-07-02T04:34:19Z,2026-07-02,20260702T043415Z,2026-07-02T04:34:15.641010,TTI-0e6b35d1-b793-45b4-b4a5-22dc2fb82b8b-TTR24510951400015019,Feature,LineString,19.3042123973,-99.1524938399,8,Road closed,4,,73.7496375691,Circuito Estadio Azteca,Circuito Estadio Azteca,,present,certain,,2026-06-04T23:25:00Z,,,Cerrado,401,"{""type"": ""LineString"", ""coordinates"": [[-99.1531925553, 19.3042834349], [-99.1524938399, 19.3042123973]]}","{""id"": ""TTI-0e6b35d1-b793-45b4-b4a5-22dc2fb82b8b-TTR24510951400015019"", ""iconCategory"": 8, ""magnitudeOfDelay"": 4, ""startTime"": ""2026-06-04T23:25:00Z"", ""endTime"": null, ""from"": ""Circuito Estadio Azteca"", ""to"": ""Circuito Estadio Azteca"", ""length"": 73.7496375691, ""delay"": null, ""roadNumbers"": [], ""timeValidity"": ""present"", ""probabilityOfOccurrence"": ""certain"", ""numberOfReports"": null, ""lastReportTime"": null, ""events"": [{""code"": 401, ""description"": ""Cerrado"", ""iconCategory"": 8}]}"
tomtom,tomtom_cdmx_incidents,2026-07-02T04:34:19Z,2026-07-02,20260702T043415Z,2026-07-02T04:34:15.641025,TTI-0e6b35d1-b793-45b4-b4a5-22dc2fb82b8b-TTR24510951472015017,Feature,LineString,19.3044162545,-99.1531804854,8,Road closed,4,,74.5333248351,Circuito Estadio Azteca,Circuito Estadio Azteca,,present,certain,,2026-06-04T23:25:00Z,,,Cerrado,401,"{""type"": ""LineString"", ""coordinates"": [[-99.1524750644, 19.3043384138], [-99.1531804854, 19.3044162545]]}","{""id"": ""TTI-0e6b35d1-b793-45b4-b4a5-22dc2fb82b8b-TTR24510951472015017"", ""iconCategory"": 8, ""magnitudeOfDelay"": 4, ""startTime"": ""2026-06-04T23:25:00Z"", ""endTime"": null, ""from"": ""Circuito Estadio Azteca"", ""to"": ""Circuito Estadio Azteca"", ""length"": 74.5333248351, ""delay"": null, ""roadNumbers"": [], ""timeValidity"": ""present"", ""probabilityOfOccurrence"": ""certain"", ""numberOfReports"": null, ""lastReportTime"": null, ""events"": [{""code"": 401, ""description"": ""Cerrado"", ""iconCategory"": 8}]}"
tomtom,tomtom_cdmx_incidents,2026-07-02T04:34:19Z,2026-07-02,20260702T043415Z,2026-07-02T04:34:15.641040,TTI-0e6b35d1-b793-45b4-b4a5-22dc2fb82b8b-TTR24510951400015018,Feature,LineString,19.3043384138,-99.1524750644,8,Road closed,4,,74.5333248351,Circuito Estadio Azteca,Circuito Estadio Azteca,,present,certain,,2026-06-04T23:25:00Z,,,Cerrado,401,"{""type"": ""LineString"", ""coordinates"": [[-99.1531804854, 19.3044162545], [-99.1524750644, 19.3043384138]]}","{""id"": ""TTI-0e6b35d1-b793-45b4-b4a5-22dc2fb82b8b-TTR24510951400015018"", ""iconCategory"": 8, ""magnitudeOfDelay"": 4, ""startTime"": ""2026-06-04T23:25:00Z"", ""endTime"": null, ""from"": ""Circuito Estadio Azteca"", ""to"": ""Circuito Estadio Azteca"", ""length"": 74.5333248351, ""delay"": null, ""roadNumbers"": [], ""timeValidity"": ""present"", ""probabilityOfOccurrence"": ""certain"", ""numberOfReports"": null, ""lastReportTime"": null, ""events"": [{""code"": 401, ""description"": ""Cerrado"", ""iconCategory"": 8}]}"
tomtom,tomtom_cdmx_incidents,2026-07-02T04:34:19Z,2026-07-02,20260702T043415Z,2026-07-02T04:34:15.641054,TTI-0e6b35d1-b793-45b4-b4a5-22dc2fb82b8b-TTR24510951472015016,Feature,LineString,19.3045355468,-99.1531684155,8,Road closed,4,,75.0411003864,Circuito Estadio Azteca,Circuito Estadio Azteca,,present,certain,,2026-06-04T23:25:00Z,,,Cerrado,401,"{""type"": ""LineString"", ""coordinates"": [[-99.1524576301, 19.3044618197], [-99.1531684155, 19.3045355468]]}","{""id"": ""TTI-0e6b35d1-b793-45b4-b4a5-22dc2fb82b8b-TTR24510951472015016"", ""iconCategory"": 8, ""magnitudeOfDelay"": 4, ""startTime"": ""2026-06-04T23:25:00Z"", ""endTime"": null, ""from"": ""Circuito Estadio Azteca"", ""to"": ""Circuito Estadio Azteca"", ""length"": 75.0411003864, ""delay"": null, ""roadNumbers"": [], ""timeValidity"": ""present"", ""probabilityOfOccurrence"": ""certain"", ""numberOfReports"": null, ""lastReportTime"": null, ""events"": [{""code"": 401, ""description"": ""Cerrado"", ""iconCategory"": 8}]}"
tomtom,tomtom_cdmx_incidents,2026-07-02T04:34:19Z,2026-07-02,20260702T043415Z,2026-07-02T04:34:15.641069,TTI-0e6b35d1-b793-45b4-b4a5-22dc2fb82b8b-TTR24510951400015017,Feature,LineString,19.3044618197,-99.1524576301,8,Road closed,4,,75.0411003864,Circuito Estadio Azteca,Circuito Estadio Azteca,,present,certain,,2026-06-04T23:25:00Z,,,Cerrado,401,"{""type"": ""LineString"", ""coordinates"": [[-99.1531684155, 19.3045355468], [-99.1524576301, 19.3044618197]]}","{""id"": ""TTI-0e6b35d1-b793-45b4-b4a5-22dc2fb82b8b-TTR24510951400015017"", ""iconCategory"": 8, ""magnitudeOfDelay"": 4, ""startTime"": ""2026-06-04T23:25:00Z"", ""endTime"": null, ""from"": ""Circuito Estadio Azteca"", ""to"": ""Circuito Estadio Azteca"", ""length"": 75.0411003864, ""delay"": null, ""roadNumbers"": [], ""timeValidity"": ""present"", ""probabilityOfOccurrence"": ""certain"", ""numberOfReports"": null, ""lastReportTime"": null, ""events"": [{""code"": 401, ""description"": ""Cerrado"", ""iconCategory"": 8}]}"
tomtom,tomtom_cdmx_incidents,2026-07-02T04:34:19Z,2026-07-02,20260702T043415Z,2026-07-02T04:34:15.641084,TTI-0e6b35d1-b793-45b4-b4a5-22dc2fb82b8b-TTR24510951400015016,Feature,LineString,19.3046120426,-99.1524348313,8,Road closed,4,,75.8644598017,Circuito Estadio Azteca,Circuito Estadio Azteca,,present,certain,,2026-06-04T23:25:00Z,,,Cerrado,401,"{""type"": ""LineString"", ""coordinates"": [[-99.1531536633, 19.3046844248], [-99.1524348313, 19.3046120426]]}","{""id"": ""TTI-0e6b35d1-b793-45b4-b4a5-22dc2fb82b8b-TTR24510951400015016"", ""iconCategory"": 8, ""magnitudeOfDelay"": 4, ""startTime"": ""2026-06-04T23:25:00Z"", ""endTime"": null, ""from"": ""Circuito Estadio Azteca"", ""to"": ""Circuito Estadio Azteca"", ""length"": 75.8644598017, ""delay"": null, ""roadNumbers"": [], ""timeValidity"": ""present"", ""probabilityOfOccurrence"": ""certain"", ""numberOfReports"": null, ""lastReportTime"": null, ""events"": [{""code"": 401, ""description"": ""Cerrado"", ""iconCategory"": 8}]}"
tomtom,tomtom_cdmx_incidents,2026-07-02T04:34:19Z,2026-07-02,20260702T043415Z,2026-07-02T04:34:15.641098,TTI-0e6b35d1-b793-45b4-b4a5-22dc2fb82b8b-TTR24510951472015015,Feature,LineString,19.3046844248,-99.1531536633,8,Road closed,4,,75.8644598017,Circuito Estadio Azteca,Circuito Estadio Azteca,,present,certain,,2026-06-04T23:25:00Z,,,Cerrado,401,"{""type"": ""LineString"", ""coordinates"": [[-99.1524348313, 19.3046120426], [-99.1531536633, 19.3046844248]]}","{""id"": ""TTI-0e6b35d1-b793-45b4-b4a5-22dc2fb82b8b-TTR24510951472015015"", ""iconCategory"": 8, ""magnitudeOfDelay"": 4, ""startTime"": ""2026-06-04T23:25:00Z"", ""endTime"": null, ""from"": ""Circuito Estadio Azteca"", ""to"": ""Circuito Estadio Azteca"", ""length"": 75.8644598017, ""delay"": null, ""roadNumbers"": [], ""timeValidity"": ""present"", ""probabilityOfOccurrence"": ""certain"", ""numberOfReports"": null, ""lastReportTime"": null, ""events"": [{""code"": 401, ""description"": ""Cerrado"", ""iconCategory"": 8}]}"
tomtom,tomtom_cdmx_incidents,2026-07-02T04:34:19Z,2026-07-02,20260702T043415Z,2026-07-02T04:34:15.641113,TTI-0e6b35d1-b793-45b4-b4a5-22dc2fb82b8b-TTR24510951400015015,Feature,LineString,19.3047555413,-99.1524133736,8,Road closed,4,,76.5961701406,Circuito Estadio Azteca,Circuito Estadio Azteca,,present,certain,,2026-06-04T23:25:00Z,,,Cerrado,401,"{""type"": ""LineString"", ""coordinates"": [[-99.1531389112, 19.304830613], [-99.1524133736, 19.3047555413]]}","{""id"": ""TTI-0e6b35d1-b793-45b4-b4a5-22dc2fb82b8b-TTR24510951400015015"", ""iconCategory"": 8, ""magnitudeOfDelay"": 4, ""startTime"": ""2026-06-04T23:25:00Z"", ""endTime"": null, ""from"": ""Circuito Estadio Azteca"", ""to"": ""Circuito Estadio Azteca"", ""length"": 76.5961701406, ""delay"": null, ""roadNumbers"": [], ""timeValidity"": ""present"", ""probabilityOfOccurrence"": ""certain"", ""numberOfReports"": null, ""lastReportTime"": null, ""events"": [{""code"": 401, ""description"": ""Cerrado"", ""iconCategory"": 8}]}"
tomtom,tomtom_cdmx_incidents,2026-07-02T04:34:19Z,2026-07-02,20260702T043415Z,2026-07-02T04:34:15.641127,TTI-0e6b35d1-b793-45b4-b4a5-22dc2fb82b8b-TTR24510951472015014,Feature,LineString,19.304830613,-99.1531389112,8,Road closed,4,,76.5961701406,Circuito Estadio Azteca,Circuito Estadio Azteca,,present,certain,,2026-06-04T23:25:00Z,,,Cerrado,401,"{""type"": ""LineString"", ""coordinates"": [[-99.1524133736, 19.3047555413], [-99.1531389112, 19.304830613]]}","{""id"": ""TTI-0e6b35d1-b793-45b4-b4a5-22dc2fb82b8b-TTR24510951472015014"", ""iconCategory"": 8, ""magnitudeOfDelay"": 4, ""startTime"": ""2026-06-04T23:25:00Z"", ""endTime"": null, ""from"": ""Circuito Estadio Azteca"", ""to"": ""Circuito Estadio Azteca"", ""length"": 76.5961701406, ""delay"": null, ""roadNumbers"": [], ""timeValidity"": ""present"", ""probabilityOfOccurrence"": ""certain"", ""numberOfReports"": null, ""lastReportTime"": null, ""events"": [{""code"": 401, ""description"": ""Cerrado"", ""iconCategory"": 8}]}"
tomtom,tomtom_cdmx_incidents,2026-07-02T04:34:19Z,2026-07-02,20260702T043415Z,2026-07-02T04:34:15.641142,TTI-0e6b35d1-b793-45b4-b4a5-22dc2fb82b8b-TTR24510951400015014,Feature,LineString,19.304884247,-99.1523624116,8,Road closed,4,,80.6832212881,Circuito Estadio Azteca,Circuito Estadio Azteca,,present,certain,,2026-06-04T23:25:00Z,,,Cerrado,401,"{""type"": ""LineString"", ""coordinates"": [[-99.1531255001, 19.3049727667], [-99.1523624116, 19.304884247]]}","{""id"": ""TTI-0e6b35d1-b793-45b4-b4a5-22dc2fb82b8b-TTR24510951400015014"", ""iconCategory"": 8, ""magnitudeOfDelay"": 4, ""startTime"": ""2026-06-04T23:25:00Z"", ""endTime"": null, ""from"": ""Circuito Estadio Azteca"", ""to"": ""Circuito Estadio Azteca"", ""length"": 80.6832212881, ""delay"": null, ""roadNumbers"": [], ""timeValidity"": ""present"", ""probabilityOfOccurrence"": ""certain"", ""numberOfReports"": null, ""lastReportTime"": null, ""events"": [{""code"": 401, ""description"": ""Cerrado"", ""iconCategory"": 8}]}"
tomtom,tomtom_cdmx_incidents,2026-07-02T04:34:19Z,2026-07-02,20260702T043415Z,2026-07-02T04:34:15.641157,TTI-0e6b35d1-b793-45b4-b4a5-22dc2fb82b8b-TTR24510951472015013,Feature,LineString,19.3049727667,-99.1531255001,8,Road closed,4,,80.6832212881,Circuito Estadio Azteca,Circuito Estadio Azteca,,present,certain,,2026-06-04T23:25:00Z,,,Cerrado,401,"{""type"": ""LineString"", ""coordinates"": [[-99.1523624116, 19.304884247], [-99.1531255001, 19.3049727667]]}","{""id"": ""TTI-0e6b35d1-b793-45b4-b4a5-22dc2fb82b8b-TTR24510951472015013"", ""iconCategory"": 8, ""magnitudeOfDelay"": 4, ""startTime"": ""2026-06-04T23:25:00Z"", ""endTime"": null, ""from"": ""Circuito Estadio Azteca"", ""to"": ""Circuito Estadio Azteca"", ""length"": 80.6832212881, ""delay"": null, ""roadNumbers"": [], ""timeValidity"": ""present"", ""probabilityOfOccurrence"": ""certain"", ""numberOfReports"": null, ""lastReportTime"": null, ""events"": [{""code"": 401, ""description"": ""Cerrado"", ""iconCategory"": 8}]}"
tomtom,tomtom_cdmx_incidents,2026-07-02T04:34:19Z,2026-07-02,20260702T043415Z,2026-07-02T04:34:15.641171,TTI-0e6b35d1-b793-45b4-b4a5-22dc2fb82b8b-TTR24510951400015013,Feature,LineString,19.3050130317,-99.1522725576,8,Road closed,4,,88.6844688569,Circuito Estadio Azteca,Circuito Estadio Azteca,,present,certain,,2026-06-04T23:25:00Z,,,Cerrado,401,"{""type"": ""LineString"", ""coordinates"": [[-99.1531120891, 19.3051042409], [-99.1522725576, 19.3050130317]]}","{""id"": ""TTI-0e6b35d1-b793-45b4-b4a5-22dc2fb82b8b-TTR24510951400015013"", ""iconCategory"": 8, ""magnitudeOfDelay"": 4, ""startTime"": ""2026-06-04T23:25:00Z"", ""endTime"": null, ""from"": ""Circuito Estadio Azteca"", ""to"": ""Circuito Estadio Azteca"", ""length"": 88.6844688569, ""delay"": null, ""roadNumbers"": [], ""timeValidity"": ""present"", ""probabilityOfOccurrence"": ""certain"", ""numberOfReports"": null, ""lastReportTime"": null, ""events"": [{""code"": 401, ""description"": ""Cerrado"", ""iconCategory"": 8}]}"
tomtom,tomtom_cdmx_incidents,2026-07-02T04:34:19Z,2026-07-02,20260702T043415Z,2026-07-02T04:34:15.641189,TTI-0e6b35d1-b793-45b4-b4a5-22dc2fb82b8b-TTR24510951472015012,Feature,LineString,19.3051042409,-99.1531120891,8,Road closed,4,,88.6844688569,Circuito Estadio Azteca,Circuito Estadio Azteca,,present,certain,,2026-06-04T23:25:00Z,,,Cerrado,401,"{""type"": ""LineString"", ""coordinates"": [[-99.1522725576, 19.3050130317], [-99.1531120891, 19.3051042409]]}","{""id"": ""TTI-0e6b35d1-b793-45b4-b4a5-22dc2fb82b8b-TTR24510951472015012"", ""iconCategory"": 8, ""magnitudeOfDelay"": 4, ""startTime"": ""2026-06-04T23:25:00Z"", ""endTime"": null, ""from"": ""Circuito Estadio Azteca"", ""to"": ""Circuito Estadio Azteca"", ""length"": 88.6844688569, ""delay"": null, ""roadNumbers"": [], ""timeValidity"": ""present"", ""probabilityOfOccurrence"": ""certain"", ""numberOfReports"": null, ""lastReportTime"": null, ""events"": [{""code"": 401, ""description"": ""Cerrado"", ""iconCategory"": 8}]}"
tomtom,tomtom_cdmx_incidents,2026-07-02T04:34:19Z,2026-07-02,20260702T043415Z,2026-07-02T04:34:15.641204,TTI-0e6b35d1-b793-45b4-b4a5-22dc2fb82b8b-TTR24510951396023001,Feature,LineString,19.3053120523,-99.1533494646,8,Road closed,4,,185.939141522,Circuito Estadio Azteca,Circuito Estadio Azteca,,present,certain,,2026-06-04T23:25:00Z,,,Cerrado,401,"{""type"": ""LineString"", ""coordinates"": [[-99.1538336033, 19.3052208432], [-99.1536740119, 19.3052584185], [-99.1536069566, 19.3052732113], [-99.1533494646, 19.3053120523], [-99.1530946547, 19.3052852354], [-99.1520834619, 19.305149806]]}","{""id"": ""TTI-0e6b35d1-b793-45b4-b4a5-22dc2fb82b8b-TTR24510951396023001"", ""iconCategory"": 8, ""magnitudeOfDelay"": 4, ""startTime"": ""2026-06-04T23:25:00Z"", ""endTime"": null, ""from"": ""Circuito Estadio Azteca"", ""to"": ""Circuito Estadio Azteca"", ""length"": 185.939141522, ""delay"": null, ""roadNumbers"": [], ""timeValidity"": ""present"", ""probabilityOfOccurrence"": ""certain"", ""numberOfReports"": null, ""lastReportTime"": null, ""events"": [{""code"": 401, ""description"": ""Cerrado"", ""iconCategory"": 8}]}"
tomtom,tomtom_cdmx_incidents,2026-07-02T04:34:19Z,2026-07-02,20260702T043415Z,2026-07-02T04:34:15.641222,TTI-0e6b35d1-b793-45b4-b4a5-22dc2fb82b8b-TTR24510951468023001,Feature,LineString,19.3052732113,-99.1536069566,8,Road closed,4,,185.939141522,Circuito Estadio Azteca,Circuito Estadio Azteca,,present,certain,,2026-06-04T23:25:00Z,,,Cerrado,401,"{""type"": ""LineString"", ""coordinates"": [[-99.1520834619, 19.305149806], [-99.1530946547, 19.3052852354], [-99.1533494646, 19.3053120523], [-99.1536069566, 19.3052732113], [-99.1536740119, 19.3052584185], [-99.1538336033, 19.3052208432]]}","{""id"": ""TTI-0e6b35d1-b793-45b4-b4a5-22dc2fb82b8b-TTR24510951468023001"", ""iconCategory"": 8, ""magnitudeOfDelay"": 4, ""startTime"": ""2026-06-04T23:25:00Z"", ""endTime"": null, ""from"": ""Circuito Estadio Azteca"", ""to"": ""Circuito Estadio Azteca"", ""length"": 185.939141522, ""delay"": null, ""roadNumbers"": [], ""timeValidity"": ""present"", ""probabilityOfOccurrence"": ""certain"", ""numberOfReports"": null, ""lastReportTime"": null, ""events"": [{""code"": 401, ""description"": ""Cerrado"", ""iconCategory"": 8}]}"
tomtom,tomtom_cdmx_incidents,2026-07-02T04:34:19Z,2026-07-02,20260702T043415Z,2026-07-02T04:34:15.641243,TTI-0e6b35d1-b793-45b4-b4a5-22dc2fb82b8b-TTR24510951284031002,Feature,LineString,19.3022892292,-99.152213549,8,Road closed,4,,287.2204821703,Circuito Estadio Azteca,Calzada de Tlalpan / Entrada B Estadio Azteca,,present,certain,,2026-06-04T23:25:00Z,,,Cerrado,401,"{""type"": ""LineString"", ""coordinates"": [[-99.1526641602, 19.3014054392], [-99.1525568718, 19.301492616], [-99.1524656767, 19.3015516304], [-99.1523181552, 19.3016455312], [-99.1522913331, 19.3016642798], [-99.1520526165, 19.3018292192], [-99.1521022374, 19.3018936128], [-99.1521263773, 19.301952627], [-99.1521464938, 19.3020303897], [-99.1521719748, 19.3021953287], [-99.152213549, 19.3022892292], [-99.1522671932, 19.3023308397], [-99.152430808, 19.3024367644], [-99.1524857933, 19.3024381092], [-99.1525233442, 19.3024139815], [-99.1525528485, 19.3023831297], [-99.1525903994, 19.3021980184], [-99.1526373381, 19.3018413227], [-99.1526708657, 19.3015905514], [-99.1526641602, 19.3014054392]]}","{""id"": ""TTI-0e6b35d1-b793-45b4-b4a5-22dc2fb82b8b-TTR24510951284031002"", ""iconCategory"": 8, ""magnitudeOfDelay"": 4, ""startTime"": ""2026-06-04T23:25:00Z"", ""endTime"": null, ""from"": ""Circuito Estadio Azteca"", ""to"": ""Calzada de Tlalpan / Entrada B Estadio Azteca"", ""length"": 287.2204821703, ""delay"": null, ""roadNumbers"": [], ""timeValidity"": ""present"", ""probabilityOfOccurrence"": ""certain"", ""numberOfReports"": null, ""lastReportTime"": null, ""events"": [{""code"": 401, ""description"": ""Cerrado"", ""iconCategory"": 8}]}"
tomtom,tomtom_cdmx_incidents,2026-07-02T04:34:19Z,2026-07-02,20260702T043415Z,2026-07-02T04:34:15.641273,TTI-0e6b35d1-b793-45b4-b4a5-22dc2fb82b8b-TTR24510951284031003,Feature,LineString,19.3021953287,-99.1521719748,8,Road closed,4,,287.2204821703,Calzada de Tlalpan / Entrada B Estadio Azteca,Circuito Estadio Azteca,,present,certain,,2026-06-04T23:25:00Z,,,Cerrado,401,"{""type"": ""LineString"", ""coordinates"": [[-99.1526641602, 19.3014054392], [-99.1526708657, 19.3015905514], [-99.1526373381, 19.3018413227], [-99.1525903994, 19.3021980184], [-99.1525528485, 19.3023831297], [-99.1525233442, 19.3024139815], [-99.1524857933, 19.3024381092], [-99.152430808, 19.3024367644], [-99.1522671932, 19.3023308397], [-99.152213549, 19.3022892292], [-99.1521719748, 19.3021953287], [-99.1521464938, 19.3020303897], [-99.1521263773, 19.301952627], [-99.1521022374, 19.3018936128], [-99.1520526165, 19.3018292192], [-99.1522913331, 19.3016642798], [-99.1523181552, 19.3016455312], [-99.1524656767, 19.3015516304], [-99.1525568718, 19.301492616], [-99.1526641602, 19.3014054392]]}","{""id"": ""TTI-0e6b35d1-b793-45b4-b4a5-22dc2fb82b8b-TTR24510951284031003"", ""iconCategory"": 8, ""magnitudeOfDelay"": 4, ""startTime"": ""2026-06-04T23:25:00Z"", ""endTime"": null, ""from"": ""Calzada de Tlalpan / Entrada B Estadio Azteca"", ""to"": ""Circuito Estadio Azteca"", ""length"": 287.2204821703, ""delay"": null, ""roadNumbers"": [], ""timeValidity"": ""present"", ""probabilityOfOccurrence"": ""certain"", ""numberOfReports"": null, ""lastReportTime"": null, ""events"": [{""code"": 401, ""description"": ""Cerrado"", ""iconCategory"": 8}]}"
tomtom,tomtom_cdmx_incidents,2026-07-02T04:34:19Z,2026-07-02,20260702T043415Z,2026-07-02T04:34:15.641303,TTI-0e6b35d1-b793-45b4-b4a5-22dc2fb82b8b-TTR24510951308007001,Feature,LineString,19.3018292192,-99.1520526165,8,Road closed,4,,14.13796377,Bosques de Tetlameya,Circuito Estadio Azteca,,present,certain,,2026-06-04T23:25:00Z,,,Cerrado,401,"{""type"": ""LineString"", ""coordinates"": [[-99.1519506926, 19.3019123613], [-99.1520526165, 19.3018292192]]}","{""id"": ""TTI-0e6b35d1-b793-45b4-b4a5-22dc2fb82b8b-TTR24510951308007001"", ""iconCategory"": 8, ""magnitudeOfDelay"": 4, ""startTime"": ""2026-06-04T23:25:00Z"", ""endTime"": null, ""from"": ""Bosques de Tetlameya"", ""to"": ""Circuito Estadio Azteca"", ""length"": 14.13796377, ""delay"": null, ""roadNumbers"": [], ""timeValidity"": ""present"", ""probabilityOfOccurrence"": ""certain"", ""numberOfReports"": null, ""lastReportTime"": null, ""events"": [{""code"": 401, ""description"": ""Cerrado"", ""iconCategory"": 8}]}"
tomtom,tomtom_cdmx_incidents,2026-07-02T04:34:19Z,2026-07-02,20260702T043415Z,2026-07-02T04:34:15.641318,TTI-0e6b35d1-b793-45b4-b4a5-22dc2fb82b8b-TTR24510951236007001,Feature,LineString,19.3019123613,-99.1519506926,8,Road closed,4,,14.13796377,Circuito Estadio Azteca,Bosques de Tetlameya,,present,certain,,2026-06-04T23:25:00Z,,,Cerrado,401,"{""type"": ""LineString"", ""coordinates"": [[-99.1520526165, 19.3018292192], [-99.1519506926, 19.3019123613]]}","{""id"": ""TTI-0e6b35d1-b793-45b4-b4a5-22dc2fb82b8b-TTR24510951236007001"", ""iconCategory"": 8, ""magnitudeOfDelay"": 4, ""startTime"": ""2026-06-04T23:25:00Z"", ""endTime"": null, ""from"": ""Circuito Estadio Azteca"", ""to"": ""Bosques de Tetlameya"", ""length"": 14.13796377, ""delay"": null, ""roadNumbers"": [], ""timeValidity"": ""present"", ""probabilityOfOccurrence"": ""certain"", ""numberOfReports"": null, ""lastReportTime"": null, ""events"": [{""code"": 401, ""description"": ""Cerrado"", ""iconCategory"": 8}]}"
tomtom,tomtom_cdmx_incidents,2026-07-02T04:34:19Z,2026-07-02,20260702T043415Z,2026-07-02T04:34:15.641332,TTI-0e6b35d1-b793-45b4-b4a5-22dc2fb82b8b-TTR24510951260007001,Feature,LineString,19.3017876877,-99.1519118005,8,Road closed,4,,18.1734316313,Circuito Estadio Azteca,Calzada de Tlalpan / Entrada B Estadio Azteca,,present,certain,,2026-06-04T23:25:00Z,,,Cerrado,401,"{""type"": ""LineString"", ""coordinates"": [[-99.1520526165, 19.3018292192], [-99.1519118005, 19.3017876877], [-99.1518863195, 19.301784998]]}","{""id"": ""TTI-0e6b35d1-b793-45b4-b4a5-22dc2fb82b8b-TTR24510951260007001"", ""iconCategory"": 8, ""magnitudeOfDelay"": 4, ""startTime"": ""2026-06-04T23:25:00Z"", ""endTime"": null, ""from"": ""Circuito Estadio Azteca"", ""to"": ""Calzada de Tlalpan / Entrada B Estadio Azteca"", ""length"": 18.1734316313, ""delay"": null, ""roadNumbers"": [], ""timeValidity"": ""present"", ""probabilityOfOccurrence"": ""certain"", ""numberOfReports"": null, ""lastReportTime"": null, ""events"": [{""code"": 401, ""description"": ""Cerrado"", ""iconCategory"": 8}]}"
tomtom,tomtom_cdmx_incidents,2026-07-02T04:34:19Z,2026-07-02,20260702T043415Z,2026-07-02T04:34:15.641348,TTI-0e6b35d1-b793-45b4-b4a5-22dc2fb82b8b-TTR24510951332007001,Feature,LineString,19.3017876877,-99.1519118005,8,Road closed,4,,18.1734316313,Calzada de Tlalpan / Entrada B Estadio Azteca,Circuito Estadio Azteca,,present,certain,,2026-06-04T23:25:00Z,,,Cerrado,401,"{""type"": ""LineString"", ""coordinates"": [[-99.1518863195, 19.301784998], [-99.1519118005, 19.3017876877], [-99.1520526165, 19.3018292192]]}","{""id"": ""TTI-0e6b35d1-b793-45b4-b4a5-22dc2fb82b8b-TTR24510951332007001"", ""iconCategory"": 8, ""magnitudeOfDelay"": 4, ""startTime"": ""2026-06-04T23:25:00Z"", ""endTime"": null, ""from"": ""Calzada de Tlalpan / Entrada B Estadio Azteca"", ""to"": ""Circuito Estadio Azteca"", ""length"": 18.1734316313, ""delay"": null, ""roadNumbers"": [], ""timeValidity"": ""present"", ""probabilityOfOccurrence"": ""certain"", ""numberOfReports"": null, ""lastReportTime"": null, ""events"": [{""code"": 401, ""description"": ""Cerrado"", ""iconCategory"": 8}]}"
tomtom,tomtom_cdmx_incidents,2026-07-02T04:34:19Z,2026-07-02,20260702T043415Z,2026-07-02T04:34:15.641363,TTI-0e6b35d1-b793-45b4-b4a5-22dc2fb82b8b-TTR24510951376023001,Feature,LineString,19.305412675,-99.1529913897,8,Road closed,4,,167.4770401299,Calzada de Tlalpan / Entrada B Estadio Azteca,Circuito Estadio Azteca,,present,certain,,2026-06-04T23:25:00Z,,,Cerrado,401,"{""type"": ""LineString"", ""coordinates"": [[-99.1531120891, 19.3051042409], [-99.1530946547, 19.3052852354], [-99.1530812437, 19.305412675], [-99.1529913897, 19.305412675], [-99.1522537822, 19.3053241555], [-99.1518219465, 19.305281201]]}","{""id"": ""TTI-0e6b35d1-b793-45b4-b4a5-22dc2fb82b8b-TTR24510951376023001"", ""iconCategory"": 8, ""magnitudeOfDelay"": 4, ""startTime"": ""2026-06-04T23:25:00Z"", ""endTime"": null, ""from"": ""Calzada de Tlalpan / Entrada B Estadio Azteca"", ""to"": ""Circuito Estadio Azteca"", ""length"": 167.4770401299, ""delay"": null, ""roadNumbers"": [], ""timeValidity"": ""present"", ""probabilityOfOccurrence"": ""certain"", ""numberOfReports"": null, ""lastReportTime"": null, ""events"": [{""code"": 401, ""description"": ""Cerrado"", ""iconCategory"": 8}]}"
tomtom,tomtom_cdmx_incidents,2026-07-02T04:34:19Z,2026-07-02,20260702T043415Z,2026-07-02T04:34:15.641381,TTI-0e6b35d1-b793-45b4-b4a5-22dc2fb82b8b-TTR24510951448023001,Feature,LineString,19.305412675,-99.1530812437,8,Road closed,4,,167.4770401299,Circuito Estadio Azteca,Calzada de Tlalpan / Entrada B Estadio Azteca,,present,certain,,2026-06-04T23:25:00Z,,,Cerrado,401,"{""type"": ""LineString"", ""coordinates"": [[-99.1518219465, 19.305281201], [-99.1522537822, 19.3053241555], [-99.1529913897, 19.305412675], [-99.1530812437, 19.305412675], [-99.1530946547, 19.3052852354], [-99.1531120891, 19.3051042409]]}","{""id"": ""TTI-0e6b35d1-b793-45b4-b4a5-22dc2fb82b8b-TTR24510951448023001"", ""iconCategory"": 8, ""magnitudeOfDelay"": 4, ""startTime"": ""2026-06-04T23:25:00Z"", ""endTime"": null, ""from"": ""Circuito Estadio Azteca"", ""to"": ""Calzada de Tlalpan / Entrada B Estadio Azteca"", ""length"": 167.4770401299, ""delay"": null, ""roadNumbers"": [], ""timeValidity"": ""present"", ""probabilityOfOccurrence"": ""certain"", ""numberOfReports"": null, ""lastReportTime"": null, ""events"": [{""code"": 401, ""description"": ""Cerrado"", ""iconCategory"": 8}]}"
tomtom,tomtom_cdmx_incidents,2026-07-02T04:34:19Z,2026-07-02,20260702T043415Z,2026-07-02T04:34:15.641399,TTI-0e6b35d1-b793-45b4-b4a5-22dc2fb82b8b-TTR24510951388023001,Feature,LineString,19.3056178755,-99.1524656767,8,Road closed,4,,212.6944780121,Circuito Estadio Azteca,Circuito Estadio Azteca,,present,certain,,2026-06-04T23:25:00Z,,,Cerrado,401,"{""type"": ""LineString"", ""coordinates"": [[-99.1535935456, 19.3051578748], [-99.1534741873, 19.3052329464], [-99.1533494646, 19.3053120523], [-99.1532703394, 19.3053496276], [-99.1530812437, 19.305412675], [-99.1527432853, 19.3055253217], [-99.1524656767, 19.3056178755], [-99.1521759981, 19.3056205651], [-99.1519104594, 19.3055722314], [-99.1518568152, 19.3055642418], [-99.1518273109, 19.3055548282], [-99.1518058533, 19.3055065736], [-99.1517696435, 19.3054287335]]}","{""id"": ""TTI-0e6b35d1-b793-45b4-b4a5-22dc2fb82b8b-TTR24510951388023001"", ""iconCategory"": 8, ""magnitudeOfDelay"": 4, ""startTime"": ""2026-06-04T23:25:00Z"", ""endTime"": null, ""from"": ""Circuito Estadio Azteca"", ""to"": ""Circuito Estadio Azteca"", ""length"": 212.6944780121, ""delay"": null, ""roadNumbers"": [], ""timeValidity"": ""present"", ""probabilityOfOccurrence"": ""certain"", ""numberOfReports"": null, ""lastReportTime"": null, ""events"": [{""code"": 401, ""description"": ""Cerrado"", ""iconCategory"": 8}]}"
tomtom,tomtom_cdmx_incidents,2026-07-02T04:34:19Z,2026-07-02,20260702T043415Z,2026-07-02T04:34:15.641423,TTI-0e6b35d1-b793-45b4-b4a5-22dc2fb82b8b-TTR24510951400015012,Feature,LineString,19.3054287335,-99.1517696435,8,Road closed,4,,102.7391956697,Avenida Estadio Azteca,Circuito Estadio Azteca,,present,certain,,2026-06-04T23:25:00Z,,,Cerrado,401,"{""type"": ""LineString"", ""coordinates"": [[-99.1527432853, 19.3055253217], [-99.1517696435, 19.3054287335]]}","{""id"": ""TTI-0e6b35d1-b793-45b4-b4a5-22dc2fb82b8b-TTR24510951400015012"", ""iconCategory"": 8, ""magnitudeOfDelay"": 4, ""startTime"": ""2026-06-04T23:25:00Z"", ""endTime"": null, ""from"": ""Avenida Estadio Azteca"", ""to"": ""Circuito Estadio Azteca"", ""length"": 102.7391956697, ""delay"": null, ""roadNumbers"": [], ""timeValidity"": ""present"", ""probabilityOfOccurrence"": ""certain"", ""numberOfReports"": null, ""lastReportTime"": null, ""events"": [{""code"": 401, ""description"": ""Cerrado"", ""iconCategory"": 8}]}"
tomtom,tomtom_cdmx_incidents,2026-07-02T04:34:19Z,2026-07-02,20260702T043415Z,2026-07-02T04:34:15.641437,TTI-0e6b35d1-b793-45b4-b4a5-22dc2fb82b8b-TTR24510951472015011,Feature,LineString,19.3055253217,-99.1527432853,8,Road closed,4,,102.7391956697,Circuito Estadio Azteca,Avenida Estadio Azteca,,present,certain,,2026-06-04T23:25:00Z,,,Cerrado,401,"{""type"": ""LineString"", ""coordinates"": [[-99.1517696435, 19.3054287335], [-99.1527432853, 19.3055253217]]}","{""id"": ""TTI-0e6b35d1-b793-45b4-b4a5-22dc2fb82b8b-TTR24510951472015011"", ""iconCategory"": 8, ""magnitudeOfDelay"": 4, ""startTime"": ""2026-06-04T23:25:00Z"", ""endTime"": null, ""from"": ""Circuito Estadio Azteca"", ""to"": ""Avenida Estadio Azteca"", ""length"": 102.7391956697, ""delay"": null, ""roadNumbers"": [], ""timeValidity"": ""present"", ""probabilityOfOccurrence"": ""certain"", ""numberOfReports"": null, ""lastReportTime"": null, ""events"": [{""code"": 401, ""description"": ""Cerrado"", ""iconCategory"": 8}]}"
tomtom,tomtom_cdmx_incidents,2026-07-02T04:34:19Z,2026-07-02,20260702T043415Z,2026-07-02T04:34:15.641452,TTI-0e6b35d1-b793-45b4-b4a5-22dc2fb82b8b-TTR24510951460023001,Feature,LineString,19.3056178755,-99.1524656767,8,Road closed,4,,212.6944780121,Circuito Estadio Azteca,Circuito Estadio Azteca,,present,certain,,2026-06-04T23:25:00Z,,,Cerrado,401,"{""type"": ""LineString"", ""coordinates"": [[-99.1517696435, 19.3054287335], [-99.1518058533, 19.3055065736], [-99.1518273109, 19.3055548282], [-99.1518568152, 19.3055642418], [-99.1519104594, 19.3055722314], [-99.1521759981, 19.3056205651], [-99.1524656767, 19.3056178755], [-99.1527432853, 19.3055253217], [-99.1530812437, 19.305412675], [-99.1532703394, 19.3053496276], [-99.1533494646, 19.3053120523], [-99.1534741873, 19.3052329464], [-99.1535935456, 19.3051578748]]}","{""id"": ""TTI-0e6b35d1-b793-45b4-b4a5-22dc2fb82b8b-TTR24510951460023001"", ""iconCategory"": 8, ""magnitudeOfDelay"": 4, ""startTime"": ""2026-06-04T23:25:00Z"", ""endTime"": null, ""from"": ""Circuito Estadio Azteca"", ""to"": ""Circuito Estadio Azteca"", ""length"": 212.6944780121, ""delay"": null, ""roadNumbers"": [], ""timeValidity"": ""present"", ""probabilityOfOccurrence"": ""certain"", ""numberOfReports"": null, ""lastReportTime"": null, ""events"": [{""code"": 401, ""description"": ""Cerrado"", ""iconCategory"": 8}]}"
tomtom,tomtom_cdmx_incidents,2026-07-02T04:34:19Z,2026-07-02,20260702T043415Z,2026-07-02T04:34:15.641475,TTI-0e6b35d1-b793-45b4-b4a5-22dc2fb82b8b-TTR24510951272015003,Feature,LineString,19.3016642798,-99.1522913331,8,Road closed,4,,135.5593596635,Calzada de Tlalpan / Entrada B Estadio Azteca,Calzada de Tlalpan / Entrada B Estadio Azteca,,present,certain,,2026-06-04T23:25:00Z,,,Cerrado,401,"{""type"": ""LineString"", ""coordinates"": [[-99.1522671932, 19.3023308397], [-99.1523262018, 19.3019619617], [-99.1523449773, 19.3017769291], [-99.1523275429, 19.3017032007], [-99.1522913331, 19.3016642798], [-99.1522430533, 19.3016401519], [-99.1519292349, 19.3016267036], [-99.1517334336, 19.3016267036]]}","{""id"": ""TTI-0e6b35d1-b793-45b4-b4a5-22dc2fb82b8b-TTR24510951272015003"", ""iconCategory"": 8, ""magnitudeOfDelay"": 4, ""startTime"": ""2026-06-04T23:25:00Z"", ""endTime"": null, ""from"": ""Calzada de Tlalpan / Entrada B Estadio Azteca"", ""to"": ""Calzada de Tlalpan / Entrada B Estadio Azteca"", ""length"": 135.5593596635, ""delay"": null, ""roadNumbers"": [], ""timeValidity"": ""present"", ""probabilityOfOccurrence"": ""certain"", ""numberOfReports"": null, ""lastReportTime"": null, ""events"": [{""code"": 401, ""description"": ""Cerrado"", ""iconCategory"": 8}]}"
tomtom,tomtom_cdmx_incidents,2026-07-02T04:34:19Z,2026-07-02,20260702T043415Z,2026-07-02T04:34:15.641495,TTI-0e6b35d1-b793-45b4-b4a5-22dc2fb82b8b-TTR24510951272015002,Feature,LineString,19.3017032007,-99.1523275429,8,Road closed,4,,135.5593596635,Calzada de Tlalpan / Entrada B Estadio Azteca,Calzada de Tlalpan / Entrada B Estadio Azteca,,present,certain,,2026-06-04T23:25:00Z,,,Cerrado,401,"{""type"": ""LineString"", ""coordinates"": [[-99.1517334336, 19.3016267036], [-99.1519292349, 19.3016267036], [-99.1522430533, 19.3016401519], [-99.1522913331, 19.3016642798], [-99.1523275429, 19.3017032007], [-99.1523449773, 19.3017769291], [-99.1523262018, 19.3019619617], [-99.1522671932, 19.3023308397]]}","{""id"": ""TTI-0e6b35d1-b793-45b4-b4a5-22dc2fb82b8b-TTR24510951272015002"", ""iconCategory"": 8, ""magnitudeOfDelay"": 4, ""startTime"": ""2026-06-04T23:25:00Z"", ""endTime"": null, ""from"": ""Calzada de Tlalpan / Entrada B Estadio Azteca"", ""to"": ""Calzada de Tlalpan / Entrada B Estadio Azteca"", ""length"": 135.5593596635, ""delay"": null, ""roadNumbers"": [], ""timeValidity"": ""present"", ""probabilityOfOccurrence"": ""certain"", ""numberOfReports"": null, ""lastReportTime"": null, ""events"": [{""code"": 401, ""description"": ""Cerrado"", ""iconCategory"": 8}]}"
tomtom,tomtom_cdmx_incidents,2026-07-02T04:34:19Z,2026-07-02,20260702T043415Z,2026-07-02T04:34:15.641515,TTI-0e6b35d1-b793-45b4-b4a5-22dc2fb82b8b-TTR24510951456015003,Feature,LineString,19.304561019,-99.1522283012,8,Road closed,4,,69.1756139989,Circuito Estadio Azteca,Circuito Estadio Azteca,,present,certain,,2026-06-04T23:25:00Z,,,Cerrado,401,"{""type"": ""LineString"", ""coordinates"": [[-99.1516730839, 19.3048963502], [-99.1522283012, 19.304561019]]}","{""id"": ""TTI-0e6b35d1-b793-45b4-b4a5-22dc2fb82b8b-TTR24510951456015003"", ""iconCategory"": 8, ""magnitudeOfDelay"": 4, ""startTime"": ""2026-06-04T23:25:00Z"", ""endTime"": null, ""from"": ""Circuito Estadio Azteca"", ""to"": ""Circuito Estadio Azteca"", ""length"": 69.1756139989, ""delay"": null, ""roadNumbers"": [], ""timeValidity"": ""present"", ""probabilityOfOccurrence"": ""certain"", ""numberOfReports"": null, ""lastReportTime"": null, ""events"": [{""code"": 401, ""description"": ""Cerrado"", ""iconCategory"": 8}]}"
tomtom,tomtom_cdmx_incidents,2026-07-02T04:34:19Z,2026-07-02,20260702T043415Z,2026-07-02T04:34:15.641530,TTI-0e6b35d1-b793-45b4-b4a5-22dc2fb82b8b-TTR24510951384015003,Feature,LineString,19.3048963502,-99.1516730839,8,Road closed,4,,69.1756139989,Circuito Estadio Azteca,Circuito Estadio Azteca,,present,certain,,2026-06-04T23:25:00Z,,,Cerrado,401,"{""type"": ""LineString"", ""coordinates"": [[-99.1522283012, 19.304561019], [-99.1516730839, 19.3048963502]]}","{""id"": ""TTI-0e6b35d1-b793-45b4-b4a5-22dc2fb82b8b-TTR24510951384015003"", ""iconCategory"": 8, ""magnitudeOfDelay"": 4, ""startTime"": ""2026-06-04T23:25:00Z"", ""endTime"": null, ""from"": ""Circuito Estadio Azteca"", ""to"": ""Circuito Estadio Azteca"", ""length"": 69.1756139989, ""delay"": null, ""roadNumbers"": [], ""timeValidity"": ""present"", ""probabilityOfOccurrence"": ""certain"", ""numberOfReports"": null, ""lastReportTime"": null, ""events"": [{""code"": 401, ""description"": ""Cerrado"", ""iconCategory"": 8}]}"
tomtom,tomtom_cdmx_incidents,2026-07-02T04:34:19Z,2026-07-02,20260702T043415Z,2026-07-02T04:34:15.641544,TTI-0e6b35d1-b793-45b4-b4a5-22dc2fb82b8b-TTR24510951272023002,Feature,LineString,19.3015207784,-99.1523878926,8,Road closed,4,,200.9498755736,Calzada de Tlalpan / Entrada B Estadio Azteca,Calzada de Tlalpan / Entrada B Estadio Azteca,,present,certain,,2026-06-04T23:25:00Z,,,Cerrado,401,"{""type"": ""LineString"", ""coordinates"": [[-99.152430808, 19.3024367644], [-99.1525166387, 19.3017179148], [-99.1525018865, 19.3015905514], [-99.1524656767, 19.3015516304], [-99.1523878926, 19.3015207784], [-99.1521304006, 19.3015033747], [-99.1517361158, 19.3014832022], [-99.1515161747, 19.3014711778]]}","{""id"": ""TTI-0e6b35d1-b793-45b4-b4a5-22dc2fb82b8b-TTR24510951272023002"", ""iconCategory"": 8, ""magnitudeOfDelay"": 4, ""startTime"": ""2026-06-04T23:25:00Z"", ""endTime"": null, ""from"": ""Calzada de Tlalpan / Entrada B Estadio Azteca"", ""to"": ""Calzada de Tlalpan / Entrada B Estadio Azteca"", ""length"": 200.9498755736, ""delay"": null, ""roadNumbers"": [], ""timeValidity"": ""present"", ""probabilityOfOccurrence"": ""certain"", ""numberOfReports"": null, ""lastReportTime"": null, ""events"": [{""code"": 401, ""description"": ""Cerrado"", ""iconCategory"": 8}]}"
tomtom,tomtom_cdmx_incidents,2026-07-02T04:34:19Z,2026-07-02,20260702T043415Z,2026-07-02T04:34:15.641586,TTI-0e6b35d1-b793-45b4-b4a5-22dc2fb82b8b-TTR24510951272023003,Feature,LineString,19.3015516304,-99.1524656767,8,Road closed,4,,200.9498755736,Calzada de Tlalpan / Entrada B Estadio Azteca,Calzada de Tlalpan / Entrada B Estadio Azteca,,present,certain,,2026-06-04T23:25:00Z,,,Cerrado,401,"{""type"": ""LineString"", ""coordinates"": [[-99.1515161747, 19.3014711778], [-99.1517361158, 19.3014832022], [-99.1521304006, 19.3015033747], [-99.1523878926, 19.3015207784], [-99.1524656767, 19.3015516304], [-99.1525018865, 19.3015905514], [-99.1525166387, 19.3017179148], [-99.152430808, 19.3024367644]]}","{""id"": ""TTI-0e6b35d1-b793-45b4-b4a5-22dc2fb82b8b-TTR24510951272023003"", ""iconCategory"": 8, ""magnitudeOfDelay"": 4, ""startTime"": ""2026-06-04T23:25:00Z"", ""endTime"": null, ""from"": ""Calzada de Tlalpan / Entrada B Estadio Azteca"", ""to"": ""Calzada de Tlalpan / Entrada B Estadio Azteca"", ""length"": 200.9498755736, ""delay"": null, ""roadNumbers"": [], ""timeValidity"": ""present"", ""probabilityOfOccurrence"": ""certain"", ""numberOfReports"": null, ""lastReportTime"": null, ""events"": [{""code"": 401, ""description"": ""Cerrado"", ""iconCategory"": 8}]}"
tomtom,tomtom_cdmx_incidents,2026-07-02T04:34:19Z,2026-07-02,20260702T043415Z,2026-07-02T04:34:15.641614,TTI-0e6b35d1-b793-45b4-b4a5-22dc2fb82b8b-TTR24510951372031001,Feature,LineString,19.3046120426,-99.1524348313,8,Road closed,4,,277.9804105025,Circuito Estadio Azteca,Circuito Estadio Azteca,,present,certain,,2026-06-04T23:25:00Z,,,Cerrado,401,"{""type"": ""LineString"", ""coordinates"": [[-99.1528505737, 19.3036262966], [-99.1528385037, 19.3036490793], [-99.1527271921, 19.3037671065], [-99.1526990289, 19.3037979581], [-99.1525702828, 19.3039200196], [-99.1525676006, 19.3039253989], [-99.1525246853, 19.3040085399], [-99.1525179798, 19.3040554501], [-99.1524938399, 19.3042123973], [-99.1524750644, 19.3043384138], [-99.1524576301, 19.3044618197], [-99.1524348313, 19.3046120426], [-99.1524133736, 19.3047555413], [-99.1524039859, 19.3048225442], [-99.1523624116, 19.304884247], [-99.1522725576, 19.3050130317], [-99.1520928496, 19.3051417372], [-99.1520834619, 19.305149806], [-99.1518219465, 19.305281201], [-99.1517696435, 19.3054287335], [-99.1516811306, 19.3054595848], [-99.1515859121, 19.3054931256], [-99.1515134925, 19.3055803002]]}","{""id"": ""TTI-0e6b35d1-b793-45b4-b4a5-22dc2fb82b8b-TTR24510951372031001"", ""iconCategory"": 8, ""magnitudeOfDelay"": 4, ""startTime"": ""2026-06-04T23:25:00Z"", ""endTime"": null, ""from"": ""Circuito Estadio Azteca"", ""to"": ""Circuito Estadio Azteca"", ""length"": 277.9804105025, ""delay"": null, ""roadNumbers"": [], ""timeValidity"": ""present"", ""probabilityOfOccurrence"": ""certain"", ""numberOfReports"": null, ""lastReportTime"": null, ""events"": [{""code"": 401, ""description"": ""Cerrado"", ""iconCategory"": 8}]}"
tomtom,tomtom_cdmx_incidents,2026-07-02T04:34:19Z,2026-07-02,20260702T043415Z,2026-07-02T04:34:15.641650,TTI-0e6b35d1-b793-45b4-b4a5-22dc2fb82b8b-TTR24510951444031001,Feature,LineString,19.3046120426,-99.1524348313,8,Road closed,4,,277.9804105025,Circuito Estadio Azteca,Circuito Estadio Azteca,,present,certain,,2026-06-04T23:25:00Z,,,Cerrado,401,"{""type"": ""LineString"", ""coordinates"": [[-99.1515134925, 19.3055803002], [-99.1515859121, 19.3054931256], [-99.1516811306, 19.3054595848], [-99.1517696435, 19.3054287335], [-99.1518219465, 19.305281201], [-99.1520834619, 19.305149806], [-99.1520928496, 19.3051417372], [-99.1522725576, 19.3050130317], [-99.1523624116, 19.304884247], [-99.1524039859, 19.3048225442], [-99.1524133736, 19.3047555413], [-99.1524348313, 19.3046120426], [-99.1524576301, 19.3044618197], [-99.1524750644, 19.3043384138], [-99.1524938399, 19.3042123973], [-99.1525179798, 19.3040554501], [-99.1525246853, 19.3040085399], [-99.1525676006, 19.3039253989], [-99.1525702828, 19.3039200196], [-99.1526990289, 19.3037979581], [-99.1527271921, 19.3037671065], [-99.1528385037, 19.3036490793], [-99.1528505737, 19.3036262966]]}","{""id"": ""TTI-0e6b35d1-b793-45b4-b4a5-22dc2fb82b8b-TTR24510951444031001"", ""iconCategory"": 8, ""magnitudeOfDelay"": 4, ""startTime"": ""2026-06-04T23:25:00Z"", ""endTime"": null, ""from"": ""Circuito Estadio Azteca"", ""to"": ""Circuito Estadio Azteca"", ""length"": 277.9804105025, ""delay"": null, ""roadNumbers"": [], ""timeValidity"": ""present"", ""probabilityOfOccurrence"": ""certain"", ""numberOfReports"": null, ""lastReportTime"": null, ""events"": [{""code"": 401, ""description"": ""Cerrado"", ""iconCategory"": 8}]}"
tomtom,tomtom_cdmx_incidents,2026-07-02T04:34:19Z,2026-07-02,20260702T043415Z,2026-07-02T04:34:15.641682,TTI-0e6b35d1-b793-45b4-b4a5-22dc2fb82b8b-TTR24510951456007001,Feature,LineString,19.3052020951,-99.1514880115,8,Road closed,4,,38.721763687,Bosques de Tetlameya,Circuito Estadio Azteca,,present,certain,,2026-06-04T23:25:00Z,,,Cerrado,401,"{""type"": ""LineString"", ""coordinates"": [[-99.1514343673, 19.3052316016], [-99.1514880115, 19.3052020951], [-99.1517495269, 19.3050505279]]}","{""id"": ""TTI-0e6b35d1-b793-45b4-b4a5-22dc2fb82b8b-TTR24510951456007001"", ""iconCategory"": 8, ""magnitudeOfDelay"": 4, ""startTime"": ""2026-06-04T23:25:00Z"", ""endTime"": null, ""from"": ""Bosques de Tetlameya"", ""to"": ""Circuito Estadio Azteca"", ""length"": 38.721763687, ""delay"": null, ""roadNumbers"": [], ""timeValidity"": ""present"", ""probabilityOfOccurrence"": ""certain"", ""numberOfReports"": null, ""lastReportTime"": null, ""events"": [{""code"": 401, ""description"": ""Cerrado"", ""iconCategory"": 8}]}"
tomtom,tomtom_cdmx_incidents,2026-07-02T04:34:19Z,2026-07-02,20260702T043415Z,2026-07-02T04:34:15.641698,TTI-0e6b35d1-b793-45b4-b4a5-22dc2fb82b8b-TTR24510951384007001,Feature,LineString,19.3052020951,-99.1514880115,8,Road closed,4,,38.721763687,Circuito Estadio Azteca,Bosques de Tetlameya,,present,certain,,2026-06-04T23:25:00Z,,,Cerrado,401,"{""type"": ""LineString"", ""coordinates"": [[-99.1517495269, 19.3050505279], [-99.1514880115, 19.3052020951], [-99.1514343673, 19.3052316016]]}","{""id"": ""TTI-0e6b35d1-b793-45b4-b4a5-22dc2fb82b8b-TTR24510951384007001"", ""iconCategory"": 8, ""magnitudeOfDelay"": 4, ""startTime"": ""2026-06-04T23:25:00Z"", ""endTime"": null, ""from"": ""Circuito Estadio Azteca"", ""to"": ""Bosques de Tetlameya"", ""length"": 38.721763687, ""delay"": null, ""roadNumbers"": [], ""timeValidity"": ""present"", ""probabilityOfOccurrence"": ""certain"", ""numberOfReports"": null, ""lastReportTime"": null, ""events"": [{""code"": 401, ""description"": ""Cerrado"", ""iconCategory"": 8}]}"
tomtom,tomtom_cdmx_incidents,2026-07-02T04:34:19Z,2026-07-02,20260702T043415Z,2026-07-02T04:34:15.641714,TTI-0e6b35d1-b793-45b4-b4a5-22dc2fb82b8b-TTR24490755156043000,Feature,LineString,19.4296914372,-99.1520874852,8,Road closed,4,,383.1750741931,Calle Ayuntamiento (Eje 1 Poniente),Calle Tolsa/Barcelona (Eje 1 Poniente),,present,certain,,2026-06-23T21:38:00Z,2026-07-11T04:00:00Z,,Cerrado | Huelga,"401,1475","{""type"": ""LineString"", ""coordinates"": [[-99.1514102274, 19.4313611873], [-99.1515416557, 19.4312283921], [-99.151596641, 19.4311720331], [-99.1516958827, 19.4310540191], [-99.1517227048, 19.4305967436], [-99.1518098766, 19.4303982612], [-99.1520874852, 19.4296914372], [-99.1522269601, 19.4293615797], [-99.1524643356, 19.4287875486], [-99.1525287086, 19.4286306422], [-99.1526346559, 19.4283745327], [-99.1527110988, 19.4281920939]]}","{""id"": ""TTI-0e6b35d1-b793-45b4-b4a5-22dc2fb82b8b-TTR24490755156043000"", ""iconCategory"": 8, ""magnitudeOfDelay"": 4, ""startTime"": ""2026-06-23T21:38:00Z"", ""endTime"": ""2026-07-11T04:00:00Z"", ""from"": ""Calle Ayuntamiento (Eje 1 Poniente)"", ""to"": ""Calle Tolsa/Barcelona (Eje 1 Poniente)"", ""length"": 383.1750741931, ""delay"": null, ""roadNumbers"": [], ""timeValidity"": ""present"", ""probabilityOfOccurrence"": ""certain"", ""numberOfReports"": null, ""lastReportTime"": null, ""events"": [{""code"": 401, ""description"": ""Cerrado"", ""iconCategory"": 8}, {""code"": 1475, ""description"": ""Huelga"", ""iconCategory"": 3}]}"
tomtom,tomtom_cdmx_incidents,2026-07-02T04:34:19Z,2026-07-02,20260702T043415Z,2026-07-02T04:34:15.641740,TTI-0e6b35d1-b793-45b4-b4a5-22dc2fb82b8b-TTR24510951452023001,Feature,LineString,19.3045476501,-99.1519734913,8,Road closed,4,,156.9323033066,Circuito Estadio Azteca,Circuito Estadio Azteca,,present,certain,,2026-06-04T23:25:00Z,,,Cerrado,401,"{""type"": ""LineString"", ""coordinates"": [[-99.1512439305, 19.3049808355], [-99.1517776901, 19.3046911488], [-99.1518890018, 19.304616077], [-99.1519734913, 19.3045476501], [-99.1520499343, 19.3044685438], [-99.1521129662, 19.3043813686], [-99.1522966975, 19.3040393914]]}","{""id"": ""TTI-0e6b35d1-b793-45b4-b4a5-22dc2fb82b8b-TTR24510951452023001"", ""iconCategory"": 8, ""magnitudeOfDelay"": 4, ""startTime"": ""2026-06-04T23:25:00Z"", ""endTime"": null, ""from"": ""Circuito Estadio Azteca"", ""to"": ""Circuito Estadio Azteca"", ""length"": 156.9323033066, ""delay"": null, ""roadNumbers"": [], ""timeValidity"": ""present"", ""probabilityOfOccurrence"": ""certain"", ""numberOfReports"": null, ""lastReportTime"": null, ""events"": [{""code"": 401, ""description"": ""Cerrado"", ""iconCategory"": 8}]}"
tomtom,tomtom_cdmx_incidents,2026-07-02T04:34:19Z,2026-07-02,20260702T043415Z,2026-07-02T04:34:15.641759,TTI-0e6b35d1-b793-45b4-b4a5-22dc2fb82b8b-TTR24510951380023001,Feature,LineString,19.3045476501,-99.1519734913,8,Road closed,4,,156.9323033066,Circuito Estadio Azteca,Circuito Estadio Azteca,,present,certain,,2026-06-04T23:25:00Z,,,Cerrado,401,"{""type"": ""LineString"", ""coordinates"": [[-99.1522966975, 19.3040393914], [-99.1521129662, 19.3043813686], [-99.1520499343, 19.3044685438], [-99.1519734913, 19.3045476501], [-99.1518890018, 19.304616077], [-99.1517776901, 19.3046911488], [-99.1512439305, 19.3049808355]]}","{""id"": ""TTI-0e6b35d1-b793-45b4-b4a5-22dc2fb82b8b-TTR24510951380023001"", ""iconCategory"": 8, ""magnitudeOfDelay"": 4, ""startTime"": ""2026-06-04T23:25:00Z"", ""endTime"": null, ""from"": ""Circuito Estadio Azteca"", ""to"": ""Circuito Estadio Azteca"", ""length"": 156.9323033066, ""delay"": null, ""roadNumbers"": [], ""timeValidity"": ""present"", ""probabilityOfOccurrence"": ""certain"", ""numberOfReports"": null, ""lastReportTime"": null, ""events"": [{""code"": 401, ""description"": ""Cerrado"", ""iconCategory"": 8}]}"
tomtom,tomtom_cdmx_incidents,2026-07-02T04:34:19Z,2026-07-02,20260702T043415Z,2026-07-02T04:34:15.641779,TTI-0e6b35d1-b793-45b4-b4a5-22dc2fb82b8b-TTR24510951456015002,Feature,LineString,19.3044269339,-99.1518863195,8,Road closed,4,,141.7563171643,Circuito Estadio Azteca,Bosques de Tetlameya,,present,certain,,2026-06-04T23:25:00Z,,,Cerrado,401,"{""type"": ""LineString"", ""coordinates"": [[-99.151211744, 19.3048225442], [-99.1516905183, 19.3045677431], [-99.1518031711, 19.3044953608], [-99.1518863195, 19.3044269339], [-99.1519493515, 19.3043599308], [-99.1519976312, 19.3042888141], [-99.1521572227, 19.3039736539]]}","{""id"": ""TTI-0e6b35d1-b793-45b4-b4a5-22dc2fb82b8b-TTR24510951456015002"", ""iconCategory"": 8, ""magnitudeOfDelay"": 4, ""startTime"": ""2026-06-04T23:25:00Z"", ""endTime"": null, ""from"": ""Circuito Estadio Azteca"", ""to"": ""Bosques de Tetlameya"", ""length"": 141.7563171643, ""delay"": null, ""roadNumbers"": [], ""timeValidity"": ""present"", ""probabilityOfOccurrence"": ""certain"", ""numberOfReports"": null, ""lastReportTime"": null, ""events"": [{""code"": 401, ""description"": ""Cerrado"", ""iconCategory"": 8}]}"
tomtom,tomtom_cdmx_incidents,2026-07-02T04:34:19Z,2026-07-02,20260702T043415Z,2026-07-02T04:34:15.641797,TTI-0e6b35d1-b793-45b4-b4a5-22dc2fb82b8b-TTR24510951384015002,Feature,LineString,19.3044269339,-99.1518863195,8,Road closed,4,,141.7563171643,Bosques de Tetlameya,Circuito Estadio Azteca,,present,certain,,2026-06-04T23:25:00Z,,,Cerrado,401,"{""type"": ""LineString"", ""coordinates"": [[-99.1521572227, 19.3039736539], [-99.1519976312, 19.3042888141], [-99.1519493515, 19.3043599308], [-99.1518863195, 19.3044269339], [-99.1518031711, 19.3044953608], [-99.1516905183, 19.3045677431], [-99.151211744, 19.3048225442]]}","{""id"": ""TTI-0e6b35d1-b793-45b4-b4a5-22dc2fb82b8b-TTR24510951384015002"", ""iconCategory"": 8, ""magnitudeOfDelay"": 4, ""startTime"": ""2026-06-04T23:25:00Z"", ""endTime"": null, ""from"": ""Bosques de Tetlameya"", ""to"": ""Circuito Estadio Azteca"", ""length"": 141.7563171643, ""delay"": null, ""roadNumbers"": [], ""timeValidity"": ""present"", ""probabilityOfOccurrence"": ""certain"", ""numberOfReports"": null, ""lastReportTime"": null, ""events"": [{""code"": 401, ""description"": ""Cerrado"", ""iconCategory"": 8}]}"
tomtom,tomtom_cdmx_incidents,2026-07-02T04:34:19Z,2026-07-02,20260702T043415Z,2026-07-02T04:34:15.641816,TTI-0e6b35d1-b793-45b4-b4a5-22dc2fb82b8b-TTR24510951424015001,Feature,LineString,19.3050036181,-99.1512479538,8,Road closed,4,,83.784946543,Circuito Estadio Azteca,Bosques de Tetlameya,,present,certain,,2026-06-04T23:25:00Z,,,Cerrado,401,"{""type"": ""LineString"", ""coordinates"": [[-99.1514343673, 19.3052316016], [-99.1513968164, 19.3052195775], [-99.1513592655, 19.305195371], [-99.1513203734, 19.3051551852], [-99.1512640471, 19.3050975169], [-99.1512479538, 19.3050036181], [-99.1512439305, 19.3049808355], [-99.151211744, 19.3048225442], [-99.151199674, 19.3047675654], [-99.1511674875, 19.304676356], [-99.1511661464, 19.3045677431]]}","{""id"": ""TTI-0e6b35d1-b793-45b4-b4a5-22dc2fb82b8b-TTR24510951424015001"", ""iconCategory"": 8, ""magnitudeOfDelay"": 4, ""startTime"": ""2026-06-04T23:25:00Z"", ""endTime"": null, ""from"": ""Circuito Estadio Azteca"", ""to"": ""Bosques de Tetlameya"", ""length"": 83.784946543, ""delay"": null, ""roadNumbers"": [], ""timeValidity"": ""present"", ""probabilityOfOccurrence"": ""certain"", ""numberOfReports"": null, ""lastReportTime"": null, ""events"": [{""code"": 401, ""description"": ""Cerrado"", ""iconCategory"": 8}]}"
tomtom,tomtom_cdmx_incidents,2026-07-02T04:34:19Z,2026-07-02,20260702T043415Z,2026-07-02T04:34:15.641844,TTI-0e6b35d1-b793-45b4-b4a5-22dc2fb82b8b-TTR24510951496015001,Feature,LineString,19.3050036181,-99.1512479538,8,Road closed,4,,83.784946543,Bosques de Tetlameya,Circuito Estadio Azteca,,present,certain,,2026-06-04T23:25:00Z,,,Cerrado,401,"{""type"": ""LineString"", ""coordinates"": [[-99.1511661464, 19.3045677431], [-99.1511674875, 19.304676356], [-99.151199674, 19.3047675654], [-99.151211744, 19.3048225442], [-99.1512439305, 19.3049808355], [-99.1512479538, 19.3050036181], [-99.1512640471, 19.3050975169], [-99.1513203734, 19.3051551852], [-99.1513592655, 19.305195371], [-99.1513968164, 19.3052195775], [-99.1514343673, 19.3052316016]]}","{""id"": ""TTI-0e6b35d1-b793-45b4-b4a5-22dc2fb82b8b-TTR24510951496015001"", ""iconCategory"": 8, ""magnitudeOfDelay"": 4, ""startTime"": ""2026-06-04T23:25:00Z"", ""endTime"": null, ""from"": ""Bosques de Tetlameya"", ""to"": ""Circuito Estadio Azteca"", ""length"": 83.784946543, ""delay"": null, ""roadNumbers"": [], ""timeValidity"": ""present"", ""probabilityOfOccurrence"": ""certain"", ""numberOfReports"": null, ""lastReportTime"": null, ""events"": [{""code"": 401, ""description"": ""Cerrado"", ""iconCategory"": 8}]}"
tomtom,tomtom_cdmx_incidents,2026-07-02T04:34:19Z,2026-07-02,20260702T043415Z,2026-07-02T04:34:15.641866,TTI-0e6b35d1-b793-45b4-b4a5-22dc2fb82b8b-TTR24510951252023001,Feature,LineString,19.3013866907,-99.1527808363,8,Road closed,4,,237.8322790444,Circuito Estadio Azteca,Calzada de Tlalpan / Entrada B Estadio Azteca,,present,certain,,2026-06-04T23:25:00Z,,,Cerrado,401,"{""type"": ""LineString"", ""coordinates"": [[-99.1533883566, 19.3014081289], [-99.1531764621, 19.3014040944], [-99.1529659087, 19.3013946806], [-99.1528720314, 19.3013907252], [-99.1527808363, 19.3013866907], [-99.1527285332, 19.301384001], [-99.1526641602, 19.3014054392], [-99.1519654447, 19.3013518041], [-99.1511299366, 19.3013115383]]}","{""id"": ""TTI-0e6b35d1-b793-45b4-b4a5-22dc2fb82b8b-TTR24510951252023001"", ""iconCategory"": 8, ""magnitudeOfDelay"": 4, ""startTime"": ""2026-06-04T23:25:00Z"", ""endTime"": null, ""from"": ""Circuito Estadio Azteca"", ""to"": ""Calzada de Tlalpan / Entrada B Estadio Azteca"", ""length"": 237.8322790444, ""delay"": null, ""roadNumbers"": [], ""timeValidity"": ""present"", ""probabilityOfOccurrence"": ""certain"", ""numberOfReports"": null, ""lastReportTime"": null, ""events"": [{""code"": 401, ""description"": ""Cerrado"", ""iconCategory"": 8}]}"
tomtom,tomtom_cdmx_incidents,2026-07-02T04:34:19Z,2026-07-02,20260702T043415Z,2026-07-02T04:34:15.641887,TTI-0e6b35d1-b793-45b4-b4a5-22dc2fb82b8b-TTR24510951324023001,Feature,LineString,19.3013866907,-99.1527808363,8,Road closed,4,,237.8322790444,Calzada de Tlalpan / Entrada B Estadio Azteca,Circuito Estadio Azteca,,present,certain,,2026-06-04T23:25:00Z,,,Cerrado,401,"{""type"": ""LineString"", ""coordinates"": [[-99.1511299366, 19.3013115383], [-99.1519654447, 19.3013518041], [-99.1526641602, 19.3014054392], [-99.1527285332, 19.301384001], [-99.1527808363, 19.3013866907], [-99.1528720314, 19.3013907252], [-99.1529659087, 19.3013946806], [-99.1531764621, 19.3014040944], [-99.1533883566, 19.3014081289]]}","{""id"": ""TTI-0e6b35d1-b793-45b4-b4a5-22dc2fb82b8b-TTR24510951324023001"", ""iconCategory"": 8, ""magnitudeOfDelay"": 4, ""startTime"": ""2026-06-04T23:25:00Z"", ""endTime"": null, ""from"": ""Calzada de Tlalpan / Entrada B Estadio Azteca"", ""to"": ""Circuito Estadio Azteca"", ""length"": 237.8322790444, ""delay"": null, ""roadNumbers"": [], ""timeValidity"": ""present"", ""probabilityOfOccurrence"": ""certain"", ""numberOfReports"": null, ""lastReportTime"": null, ""events"": [{""code"": 401, ""description"": ""Cerrado"", ""iconCategory"": 8}]}"
tomtom,tomtom_cdmx_incidents,2026-07-02T04:34:19Z,2026-07-02,20260702T043415Z,2026-07-02T04:34:15.641908,TTI-0e6b35d1-b793-45b4-b4a5-22dc2fb82b8b-TTR24490755116030000,Feature,LineString,19.4296914372,-99.1520874852,8,Road closed,4,,279.4974290511,Calle Abraham González,Calle 3 Guerras,,present,certain,,2026-06-19T22:25:00Z,2026-07-11T04:00:00Z,,Cerrado | Huelga,"401,1475","{""type"": ""LineString"", ""coordinates"": [[-99.1534862572, 19.4301286377], [-99.1529390866, 19.4299703888], [-99.1521974558, 19.4297277192], [-99.1520874852, 19.4296914372], [-99.1515470201, 19.429496985], [-99.1513834054, 19.4294380169], [-99.1509743685, 19.4292905176]]}","{""id"": ""TTI-0e6b35d1-b793-45b4-b4a5-22dc2fb82b8b-TTR24490755116030000"", ""iconCategory"": 8, ""magnitudeOfDelay"": 4, ""startTime"": ""2026-06-19T22:25:00Z"", ""endTime"": ""2026-07-11T04:00:00Z"", ""from"": ""Calle Abraham González"", ""to"": ""Calle 3 Guerras"", ""length"": 279.4974290511, ""delay"": null, ""roadNumbers"": [], ""timeValidity"": ""present"", ""probabilityOfOccurrence"": ""certain"", ""numberOfReports"": null, ""lastReportTime"": null, ""events"": [{""code"": 401, ""description"": ""Cerrado"", ""iconCategory"": 8}, {""code"": 1475, ""description"": ""Huelga"", ""iconCategory"": 3}]}"
tomtom,tomtom_cdmx_incidents,2026-07-02T04:34:19Z,2026-07-02,20260702T043415Z,2026-07-02T04:34:15.641929,TTI-0e6b35d1-b793-45b4-b4a5-22dc2fb82b8b-TTR24513836820006000,Feature,LineString,19.2995453669,-99.1504285389,8,Road closed,4,,341.7578786749,Calle Luís Murillo,Calle Coscomate,,present,certain,,2026-06-30T09:26:32Z,2026-07-07T12:00:00Z,,Cerrado | Gran evento,"401,1501","{""type"": ""LineString"", ""coordinates"": [[-99.1508764678, 19.2993884152], [-99.1506913954, 19.2993199861], [-99.1506498212, 19.2993106512], [-99.1506136114, 19.2993079615], [-99.1505586261, 19.2993066167], [-99.1505090052, 19.2993213309], [-99.150467431, 19.2993468831], [-99.1504392678, 19.2993696664], [-99.1504191512, 19.2993964843], [-99.1504057402, 19.2994259918], [-99.1503990346, 19.2994634894], [-99.1503990346, 19.299485007], [-99.1504043991, 19.2995064454], [-99.1504285389, 19.2995453669], [-99.1504379267, 19.2995600811], [-99.1508442813, 19.3000602846], [-99.1509153599, 19.300148807], [-99.1511165256, 19.3003968908], [-99.1513726765, 19.3006745606], [-99.151584571, 19.3009052398], [-99.1516690606, 19.3009963723], [-99.1517347747, 19.3010393279], [-99.1517776901, 19.3010661455], [-99.1518822962, 19.3011184359], [-99.1520029956, 19.3011560122], [-99.1521451527, 19.3011868642], [-99.1522269601, 19.3011975438]]}","{""id"": ""TTI-0e6b35d1-b793-45b4-b4a5-22dc2fb82b8b-TTR24513836820006000"", ""iconCategory"": 8, ""magnitudeOfDelay"": 4, ""startTime"": ""2026-06-30T09:26:32Z"", ""endTime"": ""2026-07-07T12:00:00Z"", ""from"": ""Calle Luís Murillo"", ""to"": ""Calle Coscomate"", ""length"": 341.7578786749, ""delay"": null, ""roadNumbers"": [], ""timeValidity"": ""present"", ""probabilityOfOccurrence"": ""certain"", ""numberOfReports"": null, ""lastReportTime"": null, ""events"": [{""code"": 401, ""description"": ""Cerrado"", ""iconCategory"": 8}, {""code"": 1501, ""description"": ""Gran evento"", ""iconCategory"": 0}]}"
tomtom,tomtom_cdmx_incidents,2026-07-02T04:34:19Z,2026-07-02,20260702T043415Z,2026-07-02T04:34:15.641967,TTI-0e6b35d1-b793-45b4-b4a5-22dc2fb82b8b-TTR24510951424047003,Feature,LineString,19.3039790331,-99.1520123834,8,Road closed,4,,473.2975484352,Circuito Estadio Azteca,Circuito Estadio Azteca,,present,certain,,2026-06-04T23:25:00Z,,,Cerrado,401,"{""type"": ""LineString"", ""coordinates"": [[-99.1500248665, 19.3045637087], [-99.1501026505, 19.3045798463], [-99.1503360027, 19.3045744671], [-99.1505505795, 19.304582536], [-99.1509153599, 19.3045865704], [-99.1510172838, 19.3045852256], [-99.1510387415, 19.3045852256], [-99.1511661464, 19.3045677431], [-99.1511701697, 19.3045663983], [-99.1512935514, 19.3045235227], [-99.1515161747, 19.3044068408], [-99.1516476029, 19.3043343794], [-99.151776349, 19.3042498938], [-99.1518594975, 19.3042029836], [-99.1519480104, 19.3040957153], [-99.1520123834, 19.3039790331], [-99.1520485932, 19.3039360783], [-99.1521572227, 19.3039736539], [-99.1522966975, 19.3040393914], [-99.1523020619, 19.3041426254], [-99.1522966975, 19.3042673763], [-99.1522618288, 19.3044269339], [-99.1522283012, 19.304561019], [-99.1522189135, 19.3045959049], [-99.152200138, 19.3047179658], [-99.1521599049, 19.3048011064], [-99.1520633453, 19.3048587748], [-99.1517495269, 19.3050505279], [-99.1516730839, 19.3048963502], [-99.1512640471, 19.3050975169]]}","{""id"": ""TTI-0e6b35d1-b793-45b4-b4a5-22dc2fb82b8b-TTR24510951424047003"", ""iconCategory"": 8, ""magnitudeOfDelay"": 4, ""startTime"": ""2026-06-04T23:25:00Z"", ""endTime"": null, ""from"": ""Circuito Estadio Azteca"", ""to"": ""Circuito Estadio Azteca"", ""length"": 473.2975484352, ""delay"": null, ""roadNumbers"": [], ""timeValidity"": ""present"", ""probabilityOfOccurrence"": ""certain"", ""numberOfReports"": null, ""lastReportTime"": null, ""events"": [{""code"": 401, ""description"": ""Cerrado"", ""iconCategory"": 8}]}"
tomtom,tomtom_cdmx_incidents,2026-07-02T04:34:19Z,2026-07-02,20260702T043415Z,2026-07-02T04:34:15.642021,TTI-0e6b35d1-b793-45b4-b4a5-22dc2fb82b8b-TTR24510951424047002,Feature,LineString,19.3040957153,-99.1519480104,8,Road closed,4,,473.2975484352,Circuito Estadio Azteca,Circuito Estadio Azteca,,present,certain,,2026-06-04T23:25:00Z,,,Cerrado,401,"{""type"": ""LineString"", ""coordinates"": [[-99.1512640471, 19.3050975169], [-99.1516730839, 19.3048963502], [-99.1517495269, 19.3050505279], [-99.1520633453, 19.3048587748], [-99.1521599049, 19.3048011064], [-99.152200138, 19.3047179658], [-99.1522189135, 19.3045959049], [-99.1522283012, 19.304561019], [-99.1522618288, 19.3044269339], [-99.1522966975, 19.3042673763], [-99.1523020619, 19.3041426254], [-99.1522966975, 19.3040393914], [-99.1521572227, 19.3039736539], [-99.1520485932, 19.3039360783], [-99.1520123834, 19.3039790331], [-99.1519480104, 19.3040957153], [-99.1518594975, 19.3042029836], [-99.151776349, 19.3042498938], [-99.1516476029, 19.3043343794], [-99.1515161747, 19.3044068408], [-99.1512935514, 19.3045235227], [-99.1511701697, 19.3045663983], [-99.1511661464, 19.3045677431], [-99.1510387415, 19.3045852256], [-99.1510172838, 19.3045852256], [-99.1509153599, 19.3045865704], [-99.1505505795, 19.304582536], [-99.1503360027, 19.3045744671], [-99.1501026505, 19.3045798463], [-99.1500248665, 19.3045637087]]}","{""id"": ""TTI-0e6b35d1-b793-45b4-b4a5-22dc2fb82b8b-TTR24510951424047002"", ""iconCategory"": 8, ""magnitudeOfDelay"": 4, ""startTime"": ""2026-06-04T23:25:00Z"", ""endTime"": null, ""from"": ""Circuito Estadio Azteca"", ""to"": ""Circuito Estadio Azteca"", ""length"": 473.2975484352, ""delay"": null, ""roadNumbers"": [], ""timeValidity"": ""present"", ""probabilityOfOccurrence"": ""certain"", ""numberOfReports"": null, ""lastReportTime"": null, ""events"": [{""code"": 401, ""description"": ""Cerrado"", ""iconCategory"": 8}]}"
tomtom,tomtom_cdmx_incidents,2026-07-02T04:34:19Z,2026-07-02,20260702T043415Z,2026-07-02T04:34:15.642061,TTI-0e6b35d1-b793-45b4-b4a5-22dc2fb82b8b-TTR24510951344007001,Feature,LineString,19.3016066103,-99.1491906995,8,Road closed,4,,11.1060809691,Calzada de Tlalpan / Entrada B Estadio Azteca,Calzada de Tlalpan / Entrada B Estadio Azteca,,present,certain,,2026-06-04T23:25:00Z,,,Cerrado,401,"{""type"": ""LineString"", ""coordinates"": [[-99.149146443, 19.3015610442], [-99.1491906995, 19.3016066103], [-99.1492161805, 19.3016361174]]}","{""id"": ""TTI-0e6b35d1-b793-45b4-b4a5-22dc2fb82b8b-TTR24510951344007001"", ""iconCategory"": 8, ""magnitudeOfDelay"": 4, ""startTime"": ""2026-06-04T23:25:00Z"", ""endTime"": null, ""from"": ""Calzada de Tlalpan / Entrada B Estadio Azteca"", ""to"": ""Calzada de Tlalpan / Entrada B Estadio Azteca"", ""length"": 11.1060809691, ""delay"": null, ""roadNumbers"": [], ""timeValidity"": ""present"", ""probabilityOfOccurrence"": ""certain"", ""numberOfReports"": null, ""lastReportTime"": null, ""events"": [{""code"": 401, ""description"": ""Cerrado"", ""iconCategory"": 8}]}"
tomtom,tomtom_cdmx_incidents,2026-07-02T04:34:19Z,2026-07-02,20260702T043415Z,2026-07-02T04:34:15.642077,TTI-0e6b35d1-b793-45b4-b4a5-22dc2fb82b8b-TTR24510951268007001,Feature,LineString,19.3016066103,-99.1491906995,8,Road closed,4,,11.1060809691,Calzada de Tlalpan / Entrada B Estadio Azteca,Calzada de Tlalpan / Entrada B Estadio Azteca,,present,certain,,2026-06-04T23:25:00Z,,,Cerrado,401,"{""type"": ""LineString"", ""coordinates"": [[-99.1492161805, 19.3016361174], [-99.1491906995, 19.3016066103], [-99.149146443, 19.3015610442]]}","{""id"": ""TTI-0e6b35d1-b793-45b4-b4a5-22dc2fb82b8b-TTR24510951268007001"", ""iconCategory"": 8, ""magnitudeOfDelay"": 4, ""startTime"": ""2026-06-04T23:25:00Z"", ""endTime"": null, ""from"": ""Calzada de Tlalpan / Entrada B Estadio Azteca"", ""to"": ""Calzada de Tlalpan / Entrada B Estadio Azteca"", ""length"": 11.1060809691, ""delay"": null, ""roadNumbers"": [], ""timeValidity"": ""present"", ""probabilityOfOccurrence"": ""certain"", ""numberOfReports"": null, ""lastReportTime"": null, ""events"": [{""code"": 401, ""description"": ""Cerrado"", ""iconCategory"": 8}]}"
tomtom,tomtom_cdmx_incidents,2026-07-02T04:34:19Z,2026-07-02,20260702T043415Z,2026-07-02T04:34:15.642093,TTI-0e6b35d1-b793-45b4-b4a5-22dc2fb82b8b-TTL24499410772014000,Feature,LineString,19.3849307797,-99.1489962393,6,Jam,3,231.0,196.4705426109,Eje 5 Sur Avenida Eugenia,Calle Concepción Beistegui,,present,certain,,2026-07-02T04:30:30Z,2026-07-02T04:54:00Z,,Tráfico parado,101,"{""type"": ""LineString"", ""coordinates"": [[-99.1490901166, 19.3842548317], [-99.1490713412, 19.3843715355], [-99.1490109915, 19.384811388], [-99.1489962393, 19.3849307797], [-99.1488996798, 19.3857770352], [-99.1488809043, 19.3860103615]]}","{""id"": ""TTI-0e6b35d1-b793-45b4-b4a5-22dc2fb82b8b-TTL24499410772014000"", ""iconCategory"": 6, ""magnitudeOfDelay"": 3, ""startTime"": ""2026-07-02T04:30:30Z"", ""endTime"": ""2026-07-02T04:54:00Z"", ""from"": ""Eje 5 Sur Avenida Eugenia"", ""to"": ""Calle Concepción Beistegui"", ""length"": 196.4705426109, ""delay"": 231, ""roadNumbers"": [], ""timeValidity"": ""present"", ""probabilityOfOccurrence"": ""certain"", ""numberOfReports"": null, ""lastReportTime"": null, ""events"": [{""code"": 101, ""description"": ""Tráfico parado"", ""iconCategory"": 6}]}"
tomtom,tomtom_cdmx_incidents,2026-07-02T04:34:19Z,2026-07-02,20260702T043415Z,2026-07-02T04:34:15.642113,TTI-0e6b35d1-b793-45b4-b4a5-22dc2fb82b8b-TTL24487869896009000,Feature,LineString,19.4523668425,-99.1519989723,6,Jam,3,794.0,1296.210254546,Eje 1/Calle José Antonio Alzate (Avenida Insurgentes),Calle Eulalia Guzmán/Calle Manuel González (Avenida Insurgentes/Avenida Insurgentes Norte),,present,certain,,2026-07-02T02:35:30Z,2026-07-02T05:14:00Z,,Tráfico parado,101,"{""type"": ""LineString"", ""coordinates"": [[-99.1530919725, 19.44656924], [-99.153008824, 19.446970275], [-99.152983343, 19.4471513491], [-99.1529632265, 19.4472438224], [-99.1528961712, 19.4476394813], [-99.1528519148, 19.4478607843], [-99.1528170461, 19.4480579017], [-99.1526775712, 19.4487070283], [-99.1525622362, 19.4493681657], [-99.1525421196, 19.4494754175], [-99.1524710411, 19.4498442778], [-99.1524375135, 19.4500588598], [-99.1523771638, 19.4503753182], [-99.1523302251, 19.4506408773], [-99.1523007208, 19.4508044804], [-99.1522524411, 19.4510606336], [-99.1522417122, 19.4511169857], [-99.1521706337, 19.4514642657], [-99.1521397883, 19.4516855635], [-99.1521116251, 19.4518049851], [-99.1520499343, 19.4520973346], [-99.1520110423, 19.4523051956], [-99.1519989723, 19.4523668425], [-99.1519345993, 19.452707481], [-99.1518313343, 19.4531876141], [-99.1517857367, 19.4533807734], [-99.1517817134, 19.4534035352], [-99.1516717428, 19.4539479996], [-99.1516462618, 19.4540297996], [-99.1516167575, 19.4541330966], [-99.15155909, 19.4543141626], [-99.1515121514, 19.4544496261], [-99.1514330262, 19.4546319564], [-99.151237225, 19.455000805], [-99.1510789746, 19.4552261286], [-99.1508751267, 19.4554701827], [-99.150736993, 19.4556029581], [-99.1505814249, 19.4557478255], [-99.15044195, 19.4558617909], [-99.150275653, 19.4559918788], [-99.1498666162, 19.4562815337], [-99.1493677253, 19.4566315688], [-99.1490512246, 19.4568582337], [-99.1489908749, 19.4569024918], [-99.1488567645, 19.4569950386]]}","{""id"": ""TTI-0e6b35d1-b793-45b4-b4a5-22dc2fb82b8b-TTL24487869896009000"", ""iconCategory"": 6, ""magnitudeOfDelay"": 3, ""startTime"": ""2026-07-02T02:35:30Z"", ""endTime"": ""2026-07-02T05:14:00Z"", ""from"": ""Eje 1/Calle José Antonio Alzate (Avenida Insurgentes)"", ""to"": ""Calle Eulalia Guzmán/Calle Manuel González (Avenida Insurgentes/Avenida Insurgentes Norte)"", ""length"": 1296.210254546, ""delay"": 794, ""roadNumbers"": [], ""timeValidity"": ""present"", ""probabilityOfOccurrence"": ""certain"", ""numberOfReports"": null, ""lastReportTime"": null, ""events"": [{""code"": 101, ""description"": ""Tráfico parado"", ""iconCategory"": 6}]}"
tomtom,tomtom_cdmx_incidents,2026-07-02T04:34:19Z,2026-07-02,20260702T043415Z,2026-07-02T04:34:15.642168,TTI-0e6b35d1-b793-45b4-b4a5-22dc2fb82b8b-TTR24510951328039001,Feature,LineString,19.3013035484,-99.1498223597,8,Road closed,4,,425.4589836267,Calzada de Tlalpan / Entrada B Estadio Azteca,Bosques de Tetlameya,,present,certain,,2026-06-04T23:25:00Z,,,Cerrado,401,"{""type"": ""LineString"", ""coordinates"": [[-99.1485094184, 19.3019042923], [-99.1485134417, 19.3019190854], [-99.148517465, 19.3019324546], [-99.148529535, 19.3019539718], [-99.148542946, 19.3019686858], [-99.1485576982, 19.3019807893], [-99.1486663276, 19.301990124], [-99.1487119252, 19.3019928136], [-99.1488460356, 19.3020022274], [-99.1489050442, 19.3020022274], [-99.148941254, 19.3019914688], [-99.148978805, 19.3019619617], [-99.1490981633, 19.3018251847], [-99.1491759473, 19.3016884076], [-99.1492161805, 19.3016361174], [-99.1492725069, 19.3015744134], [-99.1493985707, 19.3014738675], [-99.1495541388, 19.3014054392], [-99.1498223597, 19.3013035484], [-99.1501174027, 19.3012605928], [-99.1501804346, 19.301259248], [-99.1503936702, 19.3012538686], [-99.1507182175, 19.3012713515], [-99.1508509869, 19.3012779965], [-99.1510521525, 19.3012860655], [-99.1511299366, 19.3013115383], [-99.1512157673, 19.3013410455], [-99.1514652127, 19.3014376361], [-99.1515161747, 19.3014711778], [-99.1516529674, 19.3015610442], [-99.1517079526, 19.3016039206], [-99.1517334336, 19.3016267036], [-99.1517991478, 19.3016910973], [-99.1518675441, 19.3017675153], [-99.1518863195, 19.301784998], [-99.1519506926, 19.3019123613]]}","{""id"": ""TTI-0e6b35d1-b793-45b4-b4a5-22dc2fb82b8b-TTR24510951328039001"", ""iconCategory"": 8, ""magnitudeOfDelay"": 4, ""startTime"": ""2026-06-04T23:25:00Z"", ""endTime"": null, ""from"": ""Calzada de Tlalpan / Entrada B Estadio Azteca"", ""to"": ""Bosques de Tetlameya"", ""length"": 425.4589836267, ""delay"": null, ""roadNumbers"": [], ""timeValidity"": ""present"", ""probabilityOfOccurrence"": ""certain"", ""numberOfReports"": null, ""lastReportTime"": null, ""events"": [{""code"": 401, ""description"": ""Cerrado"", ""iconCategory"": 8}]}"
tomtom,tomtom_cdmx_incidents,2026-07-02T04:34:19Z,2026-07-02,20260702T043415Z,2026-07-02T04:34:15.642212,TTI-0e6b35d1-b793-45b4-b4a5-22dc2fb82b8b-TTR24510951256039001,Feature,LineString,19.3014054392,-99.1495541388,8,Road closed,4,,425.4589836267,Bosques de Tetlameya,Calzada de Tlalpan / Entrada B Estadio Azteca,,present,certain,,2026-06-04T23:25:00Z,,,Cerrado,401,"{""type"": ""LineString"", ""coordinates"": [[-99.1519506926, 19.3019123613], [-99.1518863195, 19.301784998], [-99.1518675441, 19.3017675153], [-99.1517991478, 19.3016910973], [-99.1517334336, 19.3016267036], [-99.1517079526, 19.3016039206], [-99.1516529674, 19.3015610442], [-99.1515161747, 19.3014711778], [-99.1514652127, 19.3014376361], [-99.1512157673, 19.3013410455], [-99.1511299366, 19.3013115383], [-99.1510521525, 19.3012860655], [-99.1508509869, 19.3012779965], [-99.1507182175, 19.3012713515], [-99.1503936702, 19.3012538686], [-99.1501804346, 19.301259248], [-99.1501174027, 19.3012605928], [-99.1498223597, 19.3013035484], [-99.1495541388, 19.3014054392], [-99.1493985707, 19.3014738675], [-99.1492725069, 19.3015744134], [-99.1492161805, 19.3016361174], [-99.1491759473, 19.3016884076], [-99.1490981633, 19.3018251847], [-99.148978805, 19.3019619617], [-99.148941254, 19.3019914688], [-99.1489050442, 19.3020022274], [-99.1488460356, 19.3020022274], [-99.1487119252, 19.3019928136], [-99.1486663276, 19.301990124], [-99.1485576982, 19.3019807893], [-99.148542946, 19.3019686858], [-99.148529535, 19.3019539718], [-99.148517465, 19.3019324546], [-99.1485134417, 19.3019190854], [-99.1485094184, 19.3019042923]]}","{""id"": ""TTI-0e6b35d1-b793-45b4-b4a5-22dc2fb82b8b-TTR24510951256039001"", ""iconCategory"": 8, ""magnitudeOfDelay"": 4, ""startTime"": ""2026-06-04T23:25:00Z"", ""endTime"": null, ""from"": ""Bosques de Tetlameya"", ""to"": ""Calzada de Tlalpan / Entrada B Estadio Azteca"", ""length"": 425.4589836267, ""delay"": null, ""roadNumbers"": [], ""timeValidity"": ""present"", ""probabilityOfOccurrence"": ""certain"", ""numberOfReports"": null, ""lastReportTime"": null, ""events"": [{""code"": 401, ""description"": ""Cerrado"", ""iconCategory"": 8}]}"
tomtom,tomtom_cdmx_incidents,2026-07-02T04:34:19Z,2026-07-02,20260702T043415Z,2026-07-02T04:34:15.642254,TTI-0e6b35d1-b793-45b4-b4a5-22dc2fb82b8b-TTR24510951264023001,Feature,LineString,19.3013088486,-99.1493100578,8,Road closed,4,,249.6745719412,Calzada de Tlalpan / Entrada B Estadio Azteca,Calzada de Tlalpan / Entrada B Estadio Azteca,,present,certain,,2026-06-04T23:25:00Z,,,Cerrado,401,"{""type"": ""LineString"", ""coordinates"": [[-99.1486663276, 19.301990124], [-99.1487669105, 19.3018989921], [-99.1489050442, 19.3017728946], [-99.1490901166, 19.3016079551], [-99.149146443, 19.3015610442], [-99.1492027694, 19.3015248129], [-99.1492537314, 19.3014832022], [-99.1493489498, 19.3014000599], [-99.1493556553, 19.3013772769], [-99.1493435854, 19.3013437351], [-99.1493207866, 19.3013182624], [-99.1493100578, 19.3013088486], [-99.1492912823, 19.3013048932], [-99.1491410786, 19.3014081289], [-99.1489962393, 19.301531537], [-99.1486555988, 19.3017902983], [-99.1485281939, 19.3018895783], [-99.1485094184, 19.3019042923], [-99.14840213, 19.301960696], [-99.1483484859, 19.3019686858], [-99.1482908184, 19.3019659962], [-99.1482157165, 19.3019459029]]}","{""id"": ""TTI-0e6b35d1-b793-45b4-b4a5-22dc2fb82b8b-TTR24510951264023001"", ""iconCategory"": 8, ""magnitudeOfDelay"": 4, ""startTime"": ""2026-06-04T23:25:00Z"", ""endTime"": null, ""from"": ""Calzada de Tlalpan / Entrada B Estadio Azteca"", ""to"": ""Calzada de Tlalpan / Entrada B Estadio Azteca"", ""length"": 249.6745719412, ""delay"": null, ""roadNumbers"": [], ""timeValidity"": ""present"", ""probabilityOfOccurrence"": ""certain"", ""numberOfReports"": null, ""lastReportTime"": null, ""events"": [{""code"": 401, ""description"": ""Cerrado"", ""iconCategory"": 8}]}"
tomtom,tomtom_cdmx_incidents,2026-07-02T04:34:19Z,2026-07-02,20260702T043415Z,2026-07-02T04:34:15.642285,TTI-0e6b35d1-b793-45b4-b4a5-22dc2fb82b8b-TTR24510951284023001,Feature,LineString,19.3013182624,-99.1493207866,8,Road closed,4,,249.7166132056,Calzada de Tlalpan / Entrada B Estadio Azteca,Calzada de Tlalpan / Entrada B Estadio Azteca,,present,certain,,2026-06-04T23:25:00Z,,,Cerrado,401,"{""type"": ""LineString"", ""coordinates"": [[-99.1482157165, 19.301944558], [-99.1482908184, 19.3019659962], [-99.1483484859, 19.3019686858], [-99.14840213, 19.301960696], [-99.1485094184, 19.3019042923], [-99.1485281939, 19.3018895783], [-99.1486555988, 19.3017902983], [-99.1489962393, 19.301531537], [-99.1491410786, 19.3014081289], [-99.1492912823, 19.3013048932], [-99.1493100578, 19.3013088486], [-99.1493207866, 19.3013182624], [-99.1493435854, 19.3013437351], [-99.1493556553, 19.3013772769], [-99.1493489498, 19.3014000599], [-99.1492537314, 19.3014832022], [-99.1492027694, 19.3015248129], [-99.149146443, 19.3015610442], [-99.1490901166, 19.3016079551], [-99.1489050442, 19.3017728946], [-99.1487669105, 19.3018989921], [-99.1486663276, 19.301990124]]}","{""id"": ""TTI-0e6b35d1-b793-45b4-b4a5-22dc2fb82b8b-TTR24510951284023001"", ""iconCategory"": 8, ""magnitudeOfDelay"": 4, ""startTime"": ""2026-06-04T23:25:00Z"", ""endTime"": null, ""from"": ""Calzada de Tlalpan / Entrada B Estadio Azteca"", ""to"": ""Calzada de Tlalpan / Entrada B Estadio Azteca"", ""length"": 249.7166132056, ""delay"": null, ""roadNumbers"": [], ""timeValidity"": ""present"", ""probabilityOfOccurrence"": ""certain"", ""numberOfReports"": null, ""lastReportTime"": null, ""events"": [{""code"": 401, ""description"": ""Cerrado"", ""iconCategory"": 8}]}"
tomtom,tomtom_cdmx_incidents,2026-07-02T04:34:19Z,2026-07-02,20260702T043415Z,2026-07-02T04:34:15.642317,TTI-0e6b35d1-b793-45b4-b4a5-22dc2fb82b8b-TTL24490755472022000,Feature,LineString,19.4482912177,-99.1482063288,6,Jam,3,169.0,212.610051273,Avenida Guerrero,Calle Juan Aldama,,present,certain,,2026-07-02T04:28:00Z,2026-07-02T04:53:00Z,,Tráfico parado,101,"{""type"": ""LineString"", ""coordinates"": [[-99.1479810232, 19.4482255383], [-99.1479930932, 19.448226882], [-99.1482063288, 19.4482912177], [-99.1491451019, 19.4484481842], [-99.1499752456, 19.4485581238]]}","{""id"": ""TTI-0e6b35d1-b793-45b4-b4a5-22dc2fb82b8b-TTL24490755472022000"", ""iconCategory"": 6, ""magnitudeOfDelay"": 3, ""startTime"": ""2026-07-02T04:28:00Z"", ""endTime"": ""2026-07-02T04:53:00Z"", ""from"": ""Avenida Guerrero"", ""to"": ""Calle Juan Aldama"", ""length"": 212.610051273, ""delay"": 169, ""roadNumbers"": [], ""timeValidity"": ""present"", ""probabilityOfOccurrence"": ""certain"", ""numberOfReports"": null, ""lastReportTime"": null, ""events"": [{""code"": 101, ""description"": ""Tráfico parado"", ""iconCategory"": 6}]}"
tomtom,tomtom_cdmx_incidents,2026-07-02T04:34:19Z,2026-07-02,20260702T043415Z,2026-07-02T04:34:15.642335,TTI-0e6b35d1-b793-45b4-b4a5-22dc2fb82b8b-TTR24496525536012001,Feature,LineString,19.4003280187,-99.1486180479,0,Unknown,0,,114.8448404253,Calle Zempoala,Avenida Doctor José María Vertiz,,present,certain,,2026-06-10T16:34:30Z,2026-07-20T03:00:00Z,,Partido de fútbol,1459,"{""type"": ""LineString"", ""coordinates"": [[-99.1479595655, 19.4007061615], [-99.1480574662, 19.400649871], [-99.1486180479, 19.4003280187], [-99.1487521583, 19.4002529118], [-99.1488969976, 19.4001724288]]}","{""id"": ""TTI-0e6b35d1-b793-45b4-b4a5-22dc2fb82b8b-TTR24496525536012001"", ""iconCategory"": 0, ""magnitudeOfDelay"": 0, ""startTime"": ""2026-06-10T16:34:30Z"", ""endTime"": ""2026-07-20T03:00:00Z"", ""from"": ""Calle Zempoala"", ""to"": ""Avenida Doctor José María Vertiz"", ""length"": 114.8448404253, ""delay"": null, ""roadNumbers"": [], ""timeValidity"": ""present"", ""probabilityOfOccurrence"": ""certain"", ""numberOfReports"": null, ""lastReportTime"": null, ""events"": [{""code"": 1459, ""description"": ""Partido de fútbol"", ""iconCategory"": 0}]}"
tomtom,tomtom_cdmx_incidents,2026-07-02T04:34:19Z,2026-07-02,20260702T043415Z,2026-07-02T04:34:15.642352,TTI-0e6b35d1-b793-45b4-b4a5-22dc2fb82b8b-TTR24510951412015001,Feature,LineString,19.3037818995,-99.1484450454,8,Road closed,4,,119.8449933674,Circuito Estadio Azteca,Circuito Estadio Azteca,,present,certain,,2026-06-04T23:25:00Z,,,Cerrado,401,"{""type"": ""LineString"", ""coordinates"": [[-99.1488527411, 19.3041520391], [-99.1487467939, 19.3040380466], [-99.148697173, 19.3039883677], [-99.1486569399, 19.3039481816], [-99.148607319, 19.3039025371], [-99.1484450454, 19.3037818995], [-99.1483310515, 19.3037027137], [-99.1482157165, 19.3036289862], [-99.1481044048, 19.3035726622], [-99.1479917521, 19.3035217175], [-99.14795286, 19.3035055797]]}","{""id"": ""TTI-0e6b35d1-b793-45b4-b4a5-22dc2fb82b8b-TTR24510951412015001"", ""iconCategory"": 8, ""magnitudeOfDelay"": 4, ""startTime"": ""2026-06-04T23:25:00Z"", ""endTime"": null, ""from"": ""Circuito Estadio Azteca"", ""to"": ""Circuito Estadio Azteca"", ""length"": 119.8449933674, ""delay"": null, ""roadNumbers"": [], ""timeValidity"": ""present"", ""probabilityOfOccurrence"": ""certain"", ""numberOfReports"": null, ""lastReportTime"": null, ""events"": [{""code"": 401, ""description"": ""Cerrado"", ""iconCategory"": 8}]}"
tomtom,tomtom_cdmx_incidents,2026-07-02T04:34:19Z,2026-07-02,20260702T043415Z,2026-07-02T04:34:15.642375,TTI-0e6b35d1-b793-45b4-b4a5-22dc2fb82b8b-TTR24510951484015001,Feature,LineString,19.3037818995,-99.1484450454,8,Road closed,4,,119.8449933674,Circuito Estadio Azteca,Circuito Estadio Azteca,,present,certain,,2026-06-04T23:25:00Z,,,Cerrado,401,"{""type"": ""LineString"", ""coordinates"": [[-99.14795286, 19.3035055797], [-99.1479917521, 19.3035217175], [-99.1481044048, 19.3035726622], [-99.1482157165, 19.3036289862], [-99.1483310515, 19.3037027137], [-99.1484450454, 19.3037818995], [-99.148607319, 19.3039025371], [-99.1486569399, 19.3039481816], [-99.148697173, 19.3039883677], [-99.1487467939, 19.3040380466], [-99.1488527411, 19.3041520391]]}","{""id"": ""TTI-0e6b35d1-b793-45b4-b4a5-22dc2fb82b8b-TTR24510951484015001"", ""iconCategory"": 8, ""magnitudeOfDelay"": 4, ""startTime"": ""2026-06-04T23:25:00Z"", ""endTime"": null, ""from"": ""Circuito Estadio Azteca"", ""to"": ""Circuito Estadio Azteca"", ""length"": 119.8449933674, ""delay"": null, ""roadNumbers"": [], ""timeValidity"": ""present"", ""probabilityOfOccurrence"": ""certain"", ""numberOfReports"": null, ""lastReportTime"": null, ""events"": [{""code"": 401, ""description"": ""Cerrado"", ""iconCategory"": 8}]}"
tomtom,tomtom_cdmx_incidents,2026-07-02T04:34:19Z,2026-07-02,20260702T043415Z,2026-07-02T04:34:15.642397,TTI-0e6b35d1-b793-45b4-b4a5-22dc2fb82b8b-TTR24510951424031001,Feature,LineString,19.3042298007,-99.148709243,8,Road closed,4,,274.7355886818,Circuito Estadio Azteca,Circuito Estadio Azteca,,present,certain,,2026-06-04T23:25:00Z,,,Cerrado,401,"{""type"": ""LineString"", ""coordinates"": [[-99.1480105275, 19.3033674592], [-99.1482948417, 19.3034935555], [-99.1484490687, 19.3035847656], [-99.1486877853, 19.3037657617], [-99.1488017792, 19.3038731094], [-99.148902362, 19.3039991262], [-99.1489238197, 19.3040340122], [-99.1489425951, 19.3040715878], [-99.1489385718, 19.3040943705], [-99.1488527411, 19.3041520391], [-99.1487950737, 19.3041908804], [-99.1487789804, 19.304200294], [-99.1487534994, 19.3042150869], [-99.148709243, 19.3042298007], [-99.1486663276, 19.3042271111], [-99.148619389, 19.3042137421], [-99.1485764736, 19.30419357], [-99.148453092, 19.3040984049], [-99.1482747251, 19.3039736539], [-99.1481607312, 19.3039038819], [-99.147978341, 19.3038006477], [-99.1479099447, 19.303771141], [-99.1478831226, 19.3037523927], [-99.1478723938, 19.3037255755], [-99.1478737349, 19.3036947239], [-99.147875076, 19.3036893447], [-99.1478965336, 19.3036397448]]}","{""id"": ""TTI-0e6b35d1-b793-45b4-b4a5-22dc2fb82b8b-TTR24510951424031001"", ""iconCategory"": 8, ""magnitudeOfDelay"": 4, ""startTime"": ""2026-06-04T23:25:00Z"", ""endTime"": null, ""from"": ""Circuito Estadio Azteca"", ""to"": ""Circuito Estadio Azteca"", ""length"": 274.7355886818, ""delay"": null, ""roadNumbers"": [], ""timeValidity"": ""present"", ""probabilityOfOccurrence"": ""certain"", ""numberOfReports"": null, ""lastReportTime"": null, ""events"": [{""code"": 401, ""description"": ""Cerrado"", ""iconCategory"": 8}]}"
tomtom,tomtom_cdmx_incidents,2026-07-02T04:34:19Z,2026-07-02,20260702T043415Z,2026-07-02T04:34:15.642432,TTI-0e6b35d1-b793-45b4-b4a5-22dc2fb82b8b-TTR24510951448031001,Feature,LineString,19.3042298007,-99.148709243,8,Road closed,4,,274.7355886818,Circuito Estadio Azteca,Circuito Estadio Azteca,,present,certain,,2026-06-04T23:25:00Z,,,Cerrado,401,"{""type"": ""LineString"", ""coordinates"": [[-99.1478965336, 19.3036397448], [-99.147875076, 19.3036893447], [-99.1478737349, 19.3036947239], [-99.1478723938, 19.3037255755], [-99.1478831226, 19.3037523927], [-99.1479099447, 19.303771141], [-99.147978341, 19.3038006477], [-99.1481607312, 19.3039038819], [-99.1482747251, 19.3039736539], [-99.148453092, 19.3040984049], [-99.1485764736, 19.30419357], [-99.148619389, 19.3042137421], [-99.1486663276, 19.3042271111], [-99.148709243, 19.3042298007], [-99.1487534994, 19.3042150869], [-99.1487789804, 19.304200294], [-99.1487950737, 19.3041908804], [-99.1488527411, 19.3041520391], [-99.1489385718, 19.3040943705], [-99.1489425951, 19.3040715878], [-99.1489238197, 19.3040340122], [-99.148902362, 19.3039991262], [-99.1488017792, 19.3038731094], [-99.1486877853, 19.3037657617], [-99.1484490687, 19.3035847656], [-99.1482948417, 19.3034935555], [-99.1480105275, 19.3033674592]]}","{""id"": ""TTI-0e6b35d1-b793-45b4-b4a5-22dc2fb82b8b-TTR24510951448031001"", ""iconCategory"": 8, ""magnitudeOfDelay"": 4, ""startTime"": ""2026-06-04T23:25:00Z"", ""endTime"": null, ""from"": ""Circuito Estadio Azteca"", ""to"": ""Circuito Estadio Azteca"", ""length"": 274.7355886818, ""delay"": null, ""roadNumbers"": [], ""timeValidity"": ""present"", ""probabilityOfOccurrence"": ""certain"", ""numberOfReports"": null, ""lastReportTime"": null, ""events"": [{""code"": 401, ""description"": ""Cerrado"", ""iconCategory"": 8}]}"
tomtom,tomtom_cdmx_incidents,2026-07-02T04:34:19Z,2026-07-02,20260702T043415Z,2026-07-02T04:34:15.642467,TTI-0e6b35d1-b793-45b4-b4a5-22dc2fb82b8b-TTR24490755168019001,Feature,LineString,19.4361917778,-99.1489318663,0,Unknown,0,,195.8894566885,Avenida Hidalgo / Calle Balderas,Avenida Rosales,,present,certain,,2026-06-24T14:43:00Z,2026-07-20T04:00:00Z,,Partido de fútbol,1459,"{""type"": ""LineString"", ""coordinates"": [[-99.147708779, 19.436942837], [-99.1486435288, 19.4363648016], [-99.1489318663, 19.4361917778], [-99.1491048688, 19.4360979545], [-99.1492845768, 19.4359973334]]}","{""id"": ""TTI-0e6b35d1-b793-45b4-b4a5-22dc2fb82b8b-TTR24490755168019001"", ""iconCategory"": 0, ""magnitudeOfDelay"": 0, ""startTime"": ""2026-06-24T14:43:00Z"", ""endTime"": ""2026-07-20T04:00:00Z"", ""from"": ""Avenida Hidalgo / Calle Balderas"", ""to"": ""Avenida Rosales"", ""length"": 195.8894566885, ""delay"": null, ""roadNumbers"": [], ""timeValidity"": ""present"", ""probabilityOfOccurrence"": ""certain"", ""numberOfReports"": null, ""lastReportTime"": null, ""events"": [{""code"": 1459, ""description"": ""Partido de fútbol"", ""iconCategory"": 0}]}"
tomtom,tomtom_cdmx_incidents,2026-07-02T04:34:19Z,2026-07-02,20260702T043415Z,2026-07-02T04:34:15.642485,TTI-0e6b35d1-b793-45b4-b4a5-22dc2fb82b8b-TTR24510951480031001,Feature,LineString,19.3040527604,-99.1491504663,8,Road closed,4,,301.9816708174,Circuito Estadio Azteca,Bosques de Tetlameya,,present,certain,,2026-06-04T23:25:00Z,,,Cerrado,401,"{""type"": ""LineString"", ""coordinates"": [[-99.1477007324, 19.3030496075], [-99.1482492441, 19.3032802834], [-99.148517465, 19.3034023453], [-99.1486354822, 19.3034653934], [-99.1486918086, 19.3035149934], [-99.1487320417, 19.3035512243], [-99.1488420123, 19.3036933791], [-99.1490324492, 19.3039267437], [-99.1491504663, 19.3040527604], [-99.1492148394, 19.3041144635], [-99.1493489498, 19.3042043285], [-99.1495662087, 19.3043317689], [-99.1497164125, 19.3044175993], [-99.1498639339, 19.3044967056], [-99.1499819511, 19.3045543741], [-99.1500248665, 19.3045637087]]}","{""id"": ""TTI-0e6b35d1-b793-45b4-b4a5-22dc2fb82b8b-TTR24510951480031001"", ""iconCategory"": 8, ""magnitudeOfDelay"": 4, ""startTime"": ""2026-06-04T23:25:00Z"", ""endTime"": null, ""from"": ""Circuito Estadio Azteca"", ""to"": ""Bosques de Tetlameya"", ""length"": 301.9816708174, ""delay"": null, ""roadNumbers"": [], ""timeValidity"": ""present"", ""probabilityOfOccurrence"": ""certain"", ""numberOfReports"": null, ""lastReportTime"": null, ""events"": [{""code"": 401, ""description"": ""Cerrado"", ""iconCategory"": 8}]}"
tomtom,tomtom_cdmx_incidents,2026-07-02T04:34:19Z,2026-07-02,20260702T043415Z,2026-07-02T04:34:15.642511,TTI-0e6b35d1-b793-45b4-b4a5-22dc2fb82b8b-TTR24510951424023003,Feature,LineString,19.3036853102,-99.1480185741,8,Road closed,4,,187.4936054068,Circuito Estadio Azteca,Circuito Estadio Azteca,,present,certain,,2026-06-04T23:25:00Z,,,Cerrado,401,"{""type"": ""LineString"", ""coordinates"": [[-99.1476551348, 19.3031757041], [-99.147708779, 19.303233373], [-99.1477865631, 19.3032669144], [-99.1480105275, 19.3033674592], [-99.14795286, 19.3035055797], [-99.1478965336, 19.3036397448], [-99.1480185741, 19.3036853102], [-99.1481660956, 19.3037564271], [-99.1483592147, 19.3038770647], [-99.1485080773, 19.3039977814], [-99.1485992724, 19.3040715878], [-99.1486032957, 19.3040768879], [-99.1487534994, 19.3042150869]]}","{""id"": ""TTI-0e6b35d1-b793-45b4-b4a5-22dc2fb82b8b-TTR24510951424023003"", ""iconCategory"": 8, ""magnitudeOfDelay"": 4, ""startTime"": ""2026-06-04T23:25:00Z"", ""endTime"": null, ""from"": ""Circuito Estadio Azteca"", ""to"": ""Circuito Estadio Azteca"", ""length"": 187.4936054068, ""delay"": null, ""roadNumbers"": [], ""timeValidity"": ""present"", ""probabilityOfOccurrence"": ""certain"", ""numberOfReports"": null, ""lastReportTime"": null, ""events"": [{""code"": 401, ""description"": ""Cerrado"", ""iconCategory"": 8}]}"
tomtom,tomtom_cdmx_incidents,2026-07-02T04:34:19Z,2026-07-02,20260702T043415Z,2026-07-02T04:34:15.642535,TTI-0e6b35d1-b793-45b4-b4a5-22dc2fb82b8b-TTR24510951424023002,Feature,LineString,19.3036853102,-99.1480185741,8,Road closed,4,,187.4936054068,Circuito Estadio Azteca,Circuito Estadio Azteca,,present,certain,,2026-06-04T23:25:00Z,,,Cerrado,401,"{""type"": ""LineString"", ""coordinates"": [[-99.1487534994, 19.3042150869], [-99.1486032957, 19.3040768879], [-99.1485992724, 19.3040715878], [-99.1485080773, 19.3039977814], [-99.1483592147, 19.3038770647], [-99.1481660956, 19.3037564271], [-99.1480185741, 19.3036853102], [-99.1478965336, 19.3036397448], [-99.14795286, 19.3035055797], [-99.1480105275, 19.3033674592], [-99.1477865631, 19.3032669144], [-99.147708779, 19.303233373], [-99.1476551348, 19.3031757041]]}","{""id"": ""TTI-0e6b35d1-b793-45b4-b4a5-22dc2fb82b8b-TTR24510951424023002"", ""iconCategory"": 8, ""magnitudeOfDelay"": 4, ""startTime"": ""2026-06-04T23:25:00Z"", ""endTime"": null, ""from"": ""Circuito Estadio Azteca"", ""to"": ""Circuito Estadio Azteca"", ""length"": 187.4936054068, ""delay"": null, ""roadNumbers"": [], ""timeValidity"": ""present"", ""probabilityOfOccurrence"": ""certain"", ""numberOfReports"": null, ""lastReportTime"": null, ""events"": [{""code"": 401, ""description"": ""Cerrado"", ""iconCategory"": 8}]}"
tomtom,tomtom_cdmx_incidents,2026-07-02T04:34:19Z,2026-07-02,20260702T043415Z,2026-07-02T04:34:15.642558,TTI-0e6b35d1-b793-45b4-b4a5-22dc2fb82b8b-TTR24510951408031001,Feature,LineString,19.3036933791,-99.1488420123,8,Road closed,4,,319.3365317036,Bosques de Tetlameya,Circuito Estadio Azteca,,present,certain,,2026-06-04T23:25:00Z,,,Cerrado,401,"{""type"": ""LineString"", ""coordinates"": [[-99.1500248665, 19.3045637087], [-99.1499819511, 19.3045543741], [-99.1498639339, 19.3044967056], [-99.1497164125, 19.3044175993], [-99.1495662087, 19.3043317689], [-99.1493489498, 19.3042043285], [-99.1492148394, 19.3041144635], [-99.1491504663, 19.3040527604], [-99.1490324492, 19.3039267437], [-99.1488420123, 19.3036933791], [-99.1487320417, 19.3035512243], [-99.1486918086, 19.3035149934], [-99.1486596221, 19.303418404], [-99.1485898847, 19.3033124799], [-99.1485281939, 19.3032843179], [-99.1482707018, 19.3031810833], [-99.147978341, 19.3030522972], [-99.1477718109, 19.3029664661], [-99.1476377005, 19.3029276245]]}","{""id"": ""TTI-0e6b35d1-b793-45b4-b4a5-22dc2fb82b8b-TTR24510951408031001"", ""iconCategory"": 8, ""magnitudeOfDelay"": 4, ""startTime"": ""2026-06-04T23:25:00Z"", ""endTime"": null, ""from"": ""Bosques de Tetlameya"", ""to"": ""Circuito Estadio Azteca"", ""length"": 319.3365317036, ""delay"": null, ""roadNumbers"": [], ""timeValidity"": ""present"", ""probabilityOfOccurrence"": ""certain"", ""numberOfReports"": null, ""lastReportTime"": null, ""events"": [{""code"": 401, ""description"": ""Cerrado"", ""iconCategory"": 8}]}"
tomtom,tomtom_cdmx_incidents,2026-07-02T04:34:19Z,2026-07-02,20260702T043415Z,2026-07-02T04:34:15.642603,TTI-0e6b35d1-b793-45b4-b4a5-22dc2fb82b8b-TTL24522492304032000,Feature,LineString,19.2437111344,-99.1490324492,6,Jam,1,30.0,653.9167224038,Autopista México-Cuernavaca,Autopista México-Cuernavaca,,present,certain,,2026-07-02T04:32:30Z,2026-07-02T04:47:00Z,,Tráfico lento,115,"{""type"": ""LineString"", ""coordinates"": [[-99.1503360027, 19.2452131224], [-99.1503145451, 19.2451943674], [-99.1502863819, 19.2451702313], [-99.1502541954, 19.2451420592], [-99.1502085978, 19.2451005134], [-99.1501120383, 19.2449958969], [-99.1500892395, 19.2449717607], [-99.150018161, 19.2448926256], [-99.1499403769, 19.2447974261], [-99.149800902, 19.2446271272], [-99.1497553045, 19.244566747], [-99.1497137302, 19.244511748], [-99.1496171707, 19.2443789589], [-99.1495527977, 19.2442985574], [-99.1495165879, 19.244251551], [-99.1494884247, 19.2442140408], [-99.1494656259, 19.2441845233], [-99.1494374627, 19.2441443225], [-99.1493958885, 19.2440799062], [-99.1493744308, 19.2440503887], [-99.1493462676, 19.2440169144], [-99.1493194455, 19.2439887421], [-99.1492845768, 19.2439578793], [-99.1492322737, 19.24390288], [-99.1491544897, 19.2438264351], [-99.1490807289, 19.2437553713], [-99.1490324492, 19.2437111344], [-99.1488849277, 19.2435796901], [-99.1487910503, 19.2435005543], [-99.1487011963, 19.2434214185], [-99.1486140245, 19.2433463186], [-99.1485442871, 19.2432698734], [-99.1484986896, 19.2432162193], [-99.1484450454, 19.2431478459], [-99.148324346, 19.2429386103], [-99.1482747251, 19.2428568628], [-99.1482264453, 19.2427603167], [-99.1481754834, 19.2426650368], [-99.1480775827, 19.2424611819], [-99.1479595655, 19.2422385715], [-99.1478321606, 19.2419810615], [-99.1477449888, 19.2418094144], [-99.1476819569, 19.2416726663], [-99.1476283127, 19.2415251555], [-99.1475760097, 19.2413508173], [-99.1475465054, 19.2411898529], [-99.1474968845, 19.2408438662], [-99.1474714035, 19.2406722178], [-99.1474486047, 19.2404924973], [-99.1474445814, 19.240351633], [-99.1474325115, 19.2402765317], [-99.1474123949, 19.2402014304]]}","{""id"": ""TTI-0e6b35d1-b793-45b4-b4a5-22dc2fb82b8b-TTL24522492304032000"", ""iconCategory"": 6, ""magnitudeOfDelay"": 1, ""startTime"": ""2026-07-02T04:32:30Z"", ""endTime"": ""2026-07-02T04:47:00Z"", ""from"": ""Autopista México-Cuernavaca"", ""to"": ""Autopista México-Cuernavaca"", ""length"": 653.9167224038, ""delay"": 30, ""roadNumbers"": [], ""timeValidity"": ""present"", ""probabilityOfOccurrence"": ""certain"", ""numberOfReports"": null, ""lastReportTime"": null, ""events"": [{""code"": 115, ""description"": ""Tráfico lento"", ""iconCategory"": 6}]}"
tomtom,tomtom_cdmx_incidents,2026-07-02T04:34:19Z,2026-07-02,20260702T043415Z,2026-07-02T04:34:15.642663,TTI-0e6b35d1-b793-45b4-b4a5-22dc2fb82b8b-TTL24522492228033000,Feature,LineString,19.2353801538,-99.1448897773,6,Jam,1,37.0,1016.2107141869,MEX-95 (Carretera Cuernavaca-Chilpancingo/MEX-95D),MEX-95/Camino Viejo a Tepepán/Calle Viaducto Tlalpan (Autopista México Cuernavaca/MEX-95D),MEX-95D,present,certain,,2026-07-02T04:25:00Z,2026-07-02T04:53:00Z,,Tráfico lento,115,"{""type"": ""LineString"", ""coordinates"": [[-99.1430645341, 19.229971501], [-99.1430417353, 19.2301391243], [-99.1430417353, 19.2303725145], [-99.1430564875, 19.2306260064], [-99.1430953795, 19.2308620075], [-99.1431396359, 19.2310483865], [-99.1432375366, 19.2313890914], [-99.1433367783, 19.2317243349], [-99.1434963697, 19.2322393074], [-99.1436398679, 19.2326980091], [-99.1436935121, 19.2328710112], [-99.1438531035, 19.23327732], [-99.1439255232, 19.2334570484], [-99.1439738029, 19.2335790832], [-99.1441266889, 19.2339022929], [-99.1442970091, 19.2342375312], [-99.1444069797, 19.2344575409], [-99.1447234804, 19.2350368455], [-99.1448897773, 19.2353801538], [-99.1449648792, 19.2355263247], [-99.1450064534, 19.2356068097], [-99.1451620215, 19.2359072232], [-99.1452237123, 19.2360226085], [-99.1452974731, 19.2361607066], [-99.1453551406, 19.2362707102], [-99.1454195136, 19.2363954336], [-99.1456072682, 19.2367467321], [-99.145630067, 19.2368245257], [-99.145642137, 19.2368526992], [-99.1456622535, 19.2368996286], [-99.1459009701, 19.2373998651], [-99.1459747309, 19.2375648692], [-99.1460417861, 19.237702966], [-99.1460927481, 19.2378116232], [-99.1461651677, 19.2379591373], [-99.1462737972, 19.2381857897], [-99.1464146132, 19.238460716]]}","{""id"": ""TTI-0e6b35d1-b793-45b4-b4a5-22dc2fb82b8b-TTL24522492228033000"", ""iconCategory"": 6, ""magnitudeOfDelay"": 1, ""startTime"": ""2026-07-02T04:25:00Z"", ""endTime"": ""2026-07-02T04:53:00Z"", ""from"": ""MEX-95 (Carretera Cuernavaca-Chilpancingo/MEX-95D)"", ""to"": ""MEX-95/Camino Viejo a Tepepán/Calle Viaducto Tlalpan (Autopista México Cuernavaca/MEX-95D)"", ""length"": 1016.2107141869, ""delay"": 37, ""roadNumbers"": [""MEX-95D""], ""timeValidity"": ""present"", ""probabilityOfOccurrence"": ""certain"", ""numberOfReports"": null, ""lastReportTime"": null, ""events"": [{""code"": 115, ""description"": ""Tráfico lento"", ""iconCategory"": 6}]}"
tomtom,tomtom_cdmx_incidents,2026-07-02T04:34:19Z,2026-07-02,20260702T043415Z,2026-07-02T04:34:15.642710,TTI-0e6b35d1-b793-45b4-b4a5-22dc2fb82b8b-TTR24479214992007001,Feature,LineString,19.5405873938,-99.1430819685,0,Unknown,0,,39.0676606536,Avenida Lázaro Cárdenas / Calle Río Paraíso,Cerrada Paraíso,,present,certain,,2026-06-10T19:25:30Z,2026-07-20T03:00:00Z,,Partido de fútbol,1459,"{""type"": ""LineString"", ""coordinates"": [[-99.1429706568, 19.5409227122], [-99.1430819685, 19.5405873938]]}","{""id"": ""TTI-0e6b35d1-b793-45b4-b4a5-22dc2fb82b8b-TTR24479214992007001"", ""iconCategory"": 0, ""magnitudeOfDelay"": 0, ""startTime"": ""2026-06-10T19:25:30Z"", ""endTime"": ""2026-07-20T03:00:00Z"", ""from"": ""Avenida Lázaro Cárdenas / Calle Río Paraíso"", ""to"": ""Cerrada Paraíso"", ""length"": 39.0676606536, ""delay"": null, ""roadNumbers"": [], ""timeValidity"": ""present"", ""probabilityOfOccurrence"": ""certain"", ""numberOfReports"": null, ""lastReportTime"": null, ""events"": [{""code"": 1459, ""description"": ""Partido de fútbol"", ""iconCategory"": 0}]}"
tomtom,tomtom_cdmx_incidents,2026-07-02T04:34:19Z,2026-07-02,20260702T043415Z,2026-07-02T04:34:15.642727,TTI-0e6b35d1-b793-45b4-b4a5-22dc2fb82b8b-TTL24502296316022000,Feature,LineString,19.3833254678,-99.142652815,6,Jam,3,286.0,194.1143545201,Calle Romero,Eje vial 5 Sur Gabriel Ramos Millán,,present,certain,,2026-07-02T04:20:00Z,2026-07-02T04:53:00Z,,Tráfico parado,101,"{""type"": ""LineString"", ""coordinates"": [[-99.1423470432, 19.3849629601], [-99.142652815, 19.3833254678], [-99.1426675672, 19.3832436323]]}","{""id"": ""TTI-0e6b35d1-b793-45b4-b4a5-22dc2fb82b8b-TTL24502296316022000"", ""iconCategory"": 6, ""magnitudeOfDelay"": 3, ""startTime"": ""2026-07-02T04:20:00Z"", ""endTime"": ""2026-07-02T04:53:00Z"", ""from"": ""Calle Romero"", ""to"": ""Eje vial 5 Sur Gabriel Ramos Millán"", ""length"": 194.1143545201, ""delay"": 286, ""roadNumbers"": [], ""timeValidity"": ""present"", ""probabilityOfOccurrence"": ""certain"", ""numberOfReports"": null, ""lastReportTime"": null, ""events"": [{""code"": 101, ""description"": ""Tráfico parado"", ""iconCategory"": 6}]}"
tomtom,tomtom_cdmx_incidents,2026-07-02T04:34:19Z,2026-07-02,20260702T043415Z,2026-07-02T04:34:15.642744,TTI-0e6b35d1-b793-45b4-b4a5-22dc2fb82b8b-TTR24499410736003000,Feature,LineString,19.379192209,-99.1474459225,8,Road closed,4,,1740.7695868967,Cumbres de Maltrata/Calzada de Tlalpan (Eje 6 S),Avenida Universidad (Eje 6 S),,present,probable,,2026-07-01T15:36:00Z,,,Cerrado,401,"{""type"": ""LineString"", ""coordinates"": [[-99.1416469866, 19.3780884655], [-99.141715383, 19.378097875], [-99.1417945081, 19.3781125821], [-99.1419313008, 19.3781366986], [-99.1420292014, 19.3781568616], [-99.1424690837, 19.378254751], [-99.1426823193, 19.3782963422], [-99.1428526396, 19.3783298681], [-99.143051123, 19.3783660824], [-99.1434454078, 19.3784385109], [-99.143615728, 19.3784720368], [-99.143731063, 19.3784934649], [-99.1438276226, 19.3785122046], [-99.1439979428, 19.378528335], [-99.1441508287, 19.3785511073], [-99.1445840055, 19.3786316009], [-99.1451472694, 19.3787308343], [-99.1454610878, 19.3787911649], [-99.1455549652, 19.3788059511], [-99.1460551971, 19.3788944307], [-99.1461826021, 19.3789213146], [-99.1467405015, 19.3790554177], [-99.1471160108, 19.3791251576], [-99.1474459225, 19.379192209], [-99.1481634134, 19.3793263119], [-99.1487494761, 19.3794282332], [-99.1500288898, 19.3796776988], [-99.1513311023, 19.3799177548], [-99.1516918594, 19.379978085], [-99.1521639282, 19.3800437919], [-99.1523785049, 19.3800826942], [-99.1526038105, 19.3801202523], [-99.1530839259, 19.3802020103], [-99.1532126719, 19.3802262057], [-99.1534929627, 19.3802757823], [-99.1537665481, 19.3803267822], [-99.1542292291, 19.3804125726], [-99.1544558758, 19.3804541632], [-99.1550405973, 19.3805412978], [-99.1556816453, 19.380640609], [-99.1564058417, 19.380754548], [-99.1571354026, 19.3808712543], [-99.1574143523, 19.3809088122], [-99.1575994247, 19.3809450259], [-99.1577657217, 19.3809772071], [-99.1579454297, 19.3810134208]]}","{""id"": ""TTI-0e6b35d1-b793-45b4-b4a5-22dc2fb82b8b-TTR24499410736003000"", ""iconCategory"": 8, ""magnitudeOfDelay"": 4, ""startTime"": ""2026-07-01T15:36:00Z"", ""endTime"": null, ""from"": ""Cumbres de Maltrata/Calzada de Tlalpan (Eje 6 S)"", ""to"": ""Avenida Universidad (Eje 6 S)"", ""length"": 1740.7695868967, ""delay"": null, ""roadNumbers"": [], ""timeValidity"": ""present"", ""probabilityOfOccurrence"": ""probable"", ""numberOfReports"": null, ""lastReportTime"": null, ""events"": [{""code"": 401, ""description"": ""Cerrado"", ""iconCategory"": 8}]}"
tomtom,tomtom_cdmx_incidents,2026-07-02T04:34:19Z,2026-07-02,20260702T043415Z,2026-07-02T04:34:15.642795,TTI-0e6b35d1-b793-45b4-b4a5-22dc2fb82b8b-TTL24490754528241000,Feature,LineString,19.403904726,-99.1465514058,6,Jam,1,27.0,1058.2607002076,Avenida Cuauhtémoc (Viaducto Miguel Aleman/Viaducto Presidente Miguel Alemán),Calle Lázaro Cárdenas (Viaducto Miguel Aleman/Viaducto Presidente Miguel Alemán),,present,certain,,2026-07-02T01:30:30Z,2026-07-02T04:53:00Z,,Tráfico pesado,122,"{""type"": ""LineString"", ""coordinates"": [[-99.1516395563, 19.4039677353], [-99.1504969353, 19.4039650474], [-99.1503668481, 19.4039677353], [-99.150275653, 19.4039663913], [-99.1501455659, 19.4039637034], [-99.1500731462, 19.4039650474], [-99.1500195021, 19.4039637034], [-99.1499336714, 19.4039637034], [-99.1498183364, 19.4039623594], [-99.1497177536, 19.4039623594], [-99.1493341977, 19.4039637034], [-99.1491732651, 19.4039650474], [-99.1487749571, 19.4039650474], [-99.148222422, 19.4039301827], [-99.1476430649, 19.4039369027], [-99.1473828906, 19.4039301827], [-99.1465514058, 19.403904726], [-99.1463207358, 19.4038939741], [-99.1454771811, 19.4038444047], [-99.1453658694, 19.4038430607], [-99.1451539749, 19.4038255888], [-99.1450252289, 19.4038215569], [-99.1449769491, 19.4038134929], [-99.1448173577, 19.4037880362], [-99.1443895453, 19.4037679554], [-99.1440797502, 19.4037464516], [-99.143051123, 19.4036901622], [-99.1427761966, 19.4036686583], [-99.1427064592, 19.4036659704], [-99.1425602788, 19.4036579855], [-99.1424959058, 19.4036566415], [-99.141562497, 19.4036137129]]}","{""id"": ""TTI-0e6b35d1-b793-45b4-b4a5-22dc2fb82b8b-TTL24490754528241000"", ""iconCategory"": 6, ""magnitudeOfDelay"": 1, ""startTime"": ""2026-07-02T01:30:30Z"", ""endTime"": ""2026-07-02T04:53:00Z"", ""from"": ""Avenida Cuauhtémoc (Viaducto Miguel Aleman/Viaducto Presidente Miguel Alemán)"", ""to"": ""Calle Lázaro Cárdenas (Viaducto Miguel Aleman/Viaducto Presidente Miguel Alemán)"", ""length"": 1058.2607002076, ""delay"": 27, ""roadNumbers"": [], ""timeValidity"": ""present"", ""probabilityOfOccurrence"": ""certain"", ""numberOfReports"": null, ""lastReportTime"": null, ""events"": [{""code"": 122, ""description"": ""Tráfico pesado"", ""iconCategory"": 6}]}"
tomtom,tomtom_cdmx_incidents,2026-07-02T04:34:19Z,2026-07-02,20260702T043415Z,2026-07-02T04:34:15.642838,TTI-0e6b35d1-b793-45b4-b4a5-22dc2fb82b8b-TTR24499411096014000,Feature,LineString,19.401984235,-99.1411990577,8,Road closed,4,,86.2646069994,Calzada Casa del Obrero Mundial,Calle Andalucía,,present,probable,,2026-07-01T21:31:30Z,,,Cerrado,401,"{""type"": ""LineString"", ""coordinates"": [[-99.1420117671, 19.4021036141], [-99.1411990577, 19.401984235]]}","{""id"": ""TTI-0e6b35d1-b793-45b4-b4a5-22dc2fb82b8b-TTR24499411096014000"", ""iconCategory"": 8, ""magnitudeOfDelay"": 4, ""startTime"": ""2026-07-01T21:31:30Z"", ""endTime"": null, ""from"": ""Calzada Casa del Obrero Mundial"", ""to"": ""Calle Andalucía"", ""length"": 86.2646069994, ""delay"": null, ""roadNumbers"": [], ""timeValidity"": ""present"", ""probabilityOfOccurrence"": ""probable"", ""numberOfReports"": null, ""lastReportTime"": null, ""events"": [{""code"": 401, ""description"": ""Cerrado"", ""iconCategory"": 8}]}"
tomtom,tomtom_cdmx_incidents,2026-07-02T04:34:19Z,2026-07-02,20260702T043415Z,2026-07-02T04:34:15.642854,TTI-0e6b35d1-b793-45b4-b4a5-22dc2fb82b8b-TTR24493640584013001,Feature,LineString,19.4342459002,-99.1408906037,0,Unknown,0,,104.2749159,Calle López,Eje Central Lázaro Cárdenas,,present,certain,,2026-06-12T18:31:00Z,2026-07-20T04:00:00Z,,Partido de fútbol,1459,"{""type"": ""LineString"", ""coordinates"": [[-99.1418776566, 19.4343598806], [-99.1408906037, 19.4342459002]]}","{""id"": ""TTI-0e6b35d1-b793-45b4-b4a5-22dc2fb82b8b-TTR24493640584013001"", ""iconCategory"": 0, ""magnitudeOfDelay"": 0, ""startTime"": ""2026-06-12T18:31:00Z"", ""endTime"": ""2026-07-20T04:00:00Z"", ""from"": ""Calle López"", ""to"": ""Eje Central Lázaro Cárdenas"", ""length"": 104.2749159, ""delay"": null, ""roadNumbers"": [], ""timeValidity"": ""present"", ""probabilityOfOccurrence"": ""certain"", ""numberOfReports"": null, ""lastReportTime"": null, ""events"": [{""code"": 1459, ""description"": ""Partido de fútbol"", ""iconCategory"": 0}]}"
tomtom,tomtom_cdmx_incidents,2026-07-02T04:34:19Z,2026-07-02,20260702T043415Z,2026-07-02T04:34:15.642869,TTI-0e6b35d1-b793-45b4-b4a5-22dc2fb82b8b-TTR24493640692002001,Feature,LineString,19.4405343096,-99.1398955041,0,Unknown,0,,40.038053642,Calle Tacuba/Calle Hidalgo (Avenida Lázaro Cárdenas),Calle Mosqueta/Paseo de la Reforma (Avenida Lázaro Cárdenas),,present,certain,,2026-06-10T19:25:30Z,2026-07-20T03:00:00Z,,Partido de fútbol,1459,"{""type"": ""LineString"", ""coordinates"": [[-99.1399129385, 19.4403787582], [-99.1399022097, 19.4404645961], [-99.1398955041, 19.4405343096], [-99.1398727054, 19.4407368107]]}","{""id"": ""TTI-0e6b35d1-b793-45b4-b4a5-22dc2fb82b8b-TTR24493640692002001"", ""iconCategory"": 0, ""magnitudeOfDelay"": 0, ""startTime"": ""2026-06-10T19:25:30Z"", ""endTime"": ""2026-07-20T03:00:00Z"", ""from"": ""Calle Tacuba/Calle Hidalgo (Avenida Lázaro Cárdenas)"", ""to"": ""Calle Mosqueta/Paseo de la Reforma (Avenida Lázaro Cárdenas)"", ""length"": 40.038053642, ""delay"": null, ""roadNumbers"": [], ""timeValidity"": ""present"", ""probabilityOfOccurrence"": ""certain"", ""numberOfReports"": null, ""lastReportTime"": null, ""events"": [{""code"": 1459, ""description"": ""Partido de fútbol"", ""iconCategory"": 0}]}"
tomtom,tomtom_cdmx_incidents,2026-07-02T04:34:19Z,2026-07-02,20260702T043415Z,2026-07-02T04:34:15.642886,TTI-0e6b35d1-b793-45b4-b4a5-22dc2fb82b8b-TTR24493640800014000,Feature,LineString,19.4376281301,-99.1392115408,8,Road closed,4,,137.909602114,Callejón 57,Eje Central Lázaro Cárdenas / Calle Pensador Mexicano,,present,probable,,2026-06-18T23:27:30Z,,,Cerrado,401,"{""type"": ""LineString"", ""coordinates"": [[-99.1390331739, 19.4375999912], [-99.1392115408, 19.4376281301], [-99.140330022, 19.4378065271]]}","{""id"": ""TTI-0e6b35d1-b793-45b4-b4a5-22dc2fb82b8b-TTR24493640800014000"", ""iconCategory"": 8, ""magnitudeOfDelay"": 4, ""startTime"": ""2026-06-18T23:27:30Z"", ""endTime"": null, ""from"": ""Callejón 57"", ""to"": ""Eje Central Lázaro Cárdenas / Calle Pensador Mexicano"", ""length"": 137.909602114, ""delay"": null, ""roadNumbers"": [], ""timeValidity"": ""present"", ""probabilityOfOccurrence"": ""probable"", ""numberOfReports"": null, ""lastReportTime"": null, ""events"": [{""code"": 401, ""description"": ""Cerrado"", ""iconCategory"": 8}]}"
tomtom,tomtom_cdmx_incidents,2026-07-02T04:34:19Z,2026-07-02,20260702T043415Z,2026-07-02T04:34:15.642905,TTI-0e6b35d1-b793-45b4-b4a5-22dc2fb82b8b-TTL24490755736015000,Feature,LineString,19.4689442784,-99.1392531151,6,Jam,3,157.0,153.7308050551,Vallejo Poniente,Vallejo Poniente,,present,certain,,2026-07-02T04:23:00Z,2026-07-02T04:53:00Z,,Tráfico parado,101,"{""type"": ""LineString"", ""coordinates"": [[-99.1388910169, 19.4693666742], [-99.1390117163, 19.469224585], [-99.1391578967, 19.4690542041], [-99.1392531151, 19.4689442784], [-99.1394234354, 19.4687444204], [-99.1396916563, 19.4684332925], [-99.1398123557, 19.4682911234]]}","{""id"": ""TTI-0e6b35d1-b793-45b4-b4a5-22dc2fb82b8b-TTL24490755736015000"", ""iconCategory"": 6, ""magnitudeOfDelay"": 3, ""startTime"": ""2026-07-02T04:23:00Z"", ""endTime"": ""2026-07-02T04:53:00Z"", ""from"": ""Vallejo Poniente"", ""to"": ""Vallejo Poniente"", ""length"": 153.7308050551, ""delay"": 157, ""roadNumbers"": [], ""timeValidity"": ""present"", ""probabilityOfOccurrence"": ""certain"", ""numberOfReports"": null, ""lastReportTime"": null, ""events"": [{""code"": 101, ""description"": ""Tráfico parado"", ""iconCategory"": 6}]}"
tomtom,tomtom_cdmx_incidents,2026-07-02T04:34:19Z,2026-07-02,20260702T043415Z,2026-07-02T04:34:15.642924,TTI-0e6b35d1-b793-45b4-b4a5-22dc2fb82b8b-TTL24499411236022000,Feature,LineString,19.4114632175,-99.1371234411,6,Jam,3,281.0,153.4541874103,Calle Isabel la Católica,Calle 5 de Febrero,,present,certain,,2026-07-02T04:21:00Z,2026-07-02T04:53:00Z,,Tráfico parado,101,"{""type"": ""LineString"", ""coordinates"": [[-99.1385825628, 19.4115664625], [-99.1371234411, 19.4114632175]]}","{""id"": ""TTI-0e6b35d1-b793-45b4-b4a5-22dc2fb82b8b-TTL24499411236022000"", ""iconCategory"": 6, ""magnitudeOfDelay"": 3, ""startTime"": ""2026-07-02T04:21:00Z"", ""endTime"": ""2026-07-02T04:53:00Z"", ""from"": ""Calle Isabel la Católica"", ""to"": ""Calle 5 de Febrero"", ""length"": 153.4541874103, ""delay"": 281, ""roadNumbers"": [], ""timeValidity"": ""present"", ""probabilityOfOccurrence"": ""certain"", ""numberOfReports"": null, ""lastReportTime"": null, ""events"": [{""code"": 101, ""description"": ""Tráfico parado"", ""iconCategory"": 6}]}"
tomtom,tomtom_cdmx_incidents,2026-07-02T04:34:19Z,2026-07-02,20260702T043415Z,2026-07-02T04:34:15.642939,TTI-0e6b35d1-b793-45b4-b4a5-22dc2fb82b8b-TTR24499411132022000,Feature,LineString,19.4047174414,-99.1372481638,8,Road closed,4,,150.8444190373,Calle Juan Hernández y Dávalos,Calle José Toribio Medina,,present,probable,,2026-07-01T22:46:00Z,,,Cerrado,401,"{""type"": ""LineString"", ""coordinates"": [[-99.1370845491, 19.4060652118], [-99.1372481638, 19.4047174414]]}","{""id"": ""TTI-0e6b35d1-b793-45b4-b4a5-22dc2fb82b8b-TTR24499411132022000"", ""iconCategory"": 8, ""magnitudeOfDelay"": 4, ""startTime"": ""2026-07-01T22:46:00Z"", ""endTime"": null, ""from"": ""Calle Juan Hernández y Dávalos"", ""to"": ""Calle José Toribio Medina"", ""length"": 150.8444190373, ""delay"": null, ""roadNumbers"": [], ""timeValidity"": ""present"", ""probabilityOfOccurrence"": ""probable"", ""numberOfReports"": null, ""lastReportTime"": null, ""events"": [{""code"": 401, ""description"": ""Cerrado"", ""iconCategory"": 8}]}"
tomtom,tomtom_cdmx_incidents,2026-07-02T04:34:19Z,2026-07-02,20260702T043415Z,2026-07-02T04:34:15.642954,TTI-0e6b35d1-b793-45b4-b4a5-22dc2fb82b8b-TTR24502296216019000,Feature,LineString,19.3769095969,-99.138636207,8,Road closed,4,,314.6106770445,Avenida Presidente Plutarco Elias Calles (Eje 6 S),Cumbres de Maltrata/Calzada de Tlalpan (Eje 6 S),,present,probable,,2026-07-01T15:51:30Z,,,Cerrado,401,"{""type"": ""LineString"", ""coordinates"": [[-99.1369745785, 19.3770463901], [-99.1375311369, 19.3769753051], [-99.1375780756, 19.3769713516], [-99.1376411075, 19.3769646305], [-99.137698775, 19.3769592537], [-99.138097083, 19.3769216948], [-99.1384779567, 19.376902955], [-99.1385128254, 19.376902955], [-99.138636207, 19.3769095969], [-99.1387475187, 19.3769149738], [-99.1387823874, 19.376916318], [-99.1388789469, 19.3769216948], [-99.1390988881, 19.3769390905], [-99.1391069347, 19.3769404347], [-99.1392826194, 19.3769565652], [-99.1396661753, 19.3770048777], [-99.1399571949, 19.3770410133]]}","{""id"": ""TTI-0e6b35d1-b793-45b4-b4a5-22dc2fb82b8b-TTR24502296216019000"", ""iconCategory"": 8, ""magnitudeOfDelay"": 4, ""startTime"": ""2026-07-01T15:51:30Z"", ""endTime"": null, ""from"": ""Avenida Presidente Plutarco Elias Calles (Eje 6 S)"", ""to"": ""Cumbres de Maltrata/Calzada de Tlalpan (Eje 6 S)"", ""length"": 314.6106770445, ""delay"": null, ""roadNumbers"": [], ""timeValidity"": ""present"", ""probabilityOfOccurrence"": ""probable"", ""numberOfReports"": null, ""lastReportTime"": null, ""events"": [{""code"": 401, ""description"": ""Cerrado"", ""iconCategory"": 8}]}"
tomtom,tomtom_cdmx_incidents,2026-07-02T04:34:19Z,2026-07-02,20260702T043415Z,2026-07-02T04:34:15.642983,TTI-0e6b35d1-b793-45b4-b4a5-22dc2fb82b8b-TTR24505181672011000,Feature,LineString,19.3771939368,-99.1359016949,8,Road closed,4,,124.7846032759,Avenida Presidente Plutarco Elias Calles (Eje 6 S),Cumbres de Maltrata/Calzada de Tlalpan (Eje 6 S),,present,probable,,2026-07-01T15:51:30Z,,,Cerrado,401,"{""type"": ""LineString"", ""coordinates"": [[-99.135594582, 19.377240905], [-99.1356817538, 19.3772274629], [-99.1357286924, 19.3772193977], [-99.1357447857, 19.3772180535], [-99.1358587796, 19.3772006579], [-99.1359016949, 19.3771939368], [-99.136416679, 19.3771241961], [-99.1365253085, 19.3771094098], [-99.1366701478, 19.3770893257], [-99.1367707306, 19.3770732743]]}","{""id"": ""TTI-0e6b35d1-b793-45b4-b4a5-22dc2fb82b8b-TTR24505181672011000"", ""iconCategory"": 8, ""magnitudeOfDelay"": 4, ""startTime"": ""2026-07-01T15:51:30Z"", ""endTime"": null, ""from"": ""Avenida Presidente Plutarco Elias Calles (Eje 6 S)"", ""to"": ""Cumbres de Maltrata/Calzada de Tlalpan (Eje 6 S)"", ""length"": 124.7846032759, ""delay"": null, ""roadNumbers"": [], ""timeValidity"": ""present"", ""probabilityOfOccurrence"": ""probable"", ""numberOfReports"": null, ""lastReportTime"": null, ""events"": [{""code"": 401, ""description"": ""Cerrado"", ""iconCategory"": 8}]}"
tomtom,tomtom_cdmx_incidents,2026-07-02T04:34:19Z,2026-07-02,20260702T043415Z,2026-07-02T04:34:15.643004,TTI-0e6b35d1-b793-45b4-b4a5-22dc2fb82b8b-TTR24513836948023000,Feature,LineString,19.310097099,-99.1369558031,8,Road closed,4,,212.307636187,Calle Mar de la Tranquilidad,Calzada Del Hueso / Calle Santa Rosa,,present,probable,,2026-05-12T14:15:00Z,,,Cerrado,401,"{""type"": ""LineString"", ""coordinates"": [[-99.1351037377, 19.3093286848], [-99.1369558031, 19.310097099]]}","{""id"": ""TTI-0e6b35d1-b793-45b4-b4a5-22dc2fb82b8b-TTR24513836948023000"", ""iconCategory"": 8, ""magnitudeOfDelay"": 4, ""startTime"": ""2026-05-12T14:15:00Z"", ""endTime"": null, ""from"": ""Calle Mar de la Tranquilidad"", ""to"": ""Calzada Del Hueso / Calle Santa Rosa"", ""length"": 212.307636187, ""delay"": null, ""roadNumbers"": [], ""timeValidity"": ""present"", ""probabilityOfOccurrence"": ""probable"", ""numberOfReports"": null, ""lastReportTime"": null, ""events"": [{""code"": 401, ""description"": ""Cerrado"", ""iconCategory"": 8}]}"
tomtom,tomtom_cdmx_incidents,2026-07-02T04:34:19Z,2026-07-02,20260702T043415Z,2026-07-02T04:34:15.643020,TTI-0e6b35d1-b793-45b4-b4a5-22dc2fb82b8b-TTR24513836876023000,Feature,LineString,19.3093286848,-99.1351037377,8,Road closed,4,,212.307636187,Calzada Del Hueso / Calle Santa Rosa,Calle Mar de la Tranquilidad,,present,probable,,2026-05-12T17:08:30Z,,,Cerrado,401,"{""type"": ""LineString"", ""coordinates"": [[-99.1369558031, 19.310097099], [-99.1351037377, 19.3093286848]]}","{""id"": ""TTI-0e6b35d1-b793-45b4-b4a5-22dc2fb82b8b-TTR24513836876023000"", ""iconCategory"": 8, ""magnitudeOfDelay"": 4, ""startTime"": ""2026-05-12T17:08:30Z"", ""endTime"": null, ""from"": ""Calzada Del Hueso / Calle Santa Rosa"", ""to"": ""Calle Mar de la Tranquilidad"", ""length"": 212.307636187, ""delay"": null, ""roadNumbers"": [], ""timeValidity"": ""present"", ""probabilityOfOccurrence"": ""probable"", ""numberOfReports"": null, ""lastReportTime"": null, ""events"": [{""code"": 401, ""description"": ""Cerrado"", ""iconCategory"": 8}]}"
tomtom,tomtom_cdmx_incidents,2026-07-02T04:34:19Z,2026-07-02,20260702T043415Z,2026-07-02T04:34:15.643034,TTI-0e6b35d1-b793-45b4-b4a5-22dc2fb82b8b-TTR24499411384014000,Feature,LineString,19.4224776573,-99.1349521929,8,Road closed,4,,127.9325183663,Calle 5 de Febrero / Calle Diagonal 20 de Noviembre,Calzada San Antonio Abad,,present,probable,,2026-06-29T19:49:30Z,,,Cerrado,401,"{""type"": ""LineString"", ""coordinates"": [[-99.1357206458, 19.4225702237], [-99.1353907341, 19.4225299878], [-99.135235166, 19.4225111741], [-99.1349521929, 19.4224776573], [-99.1348154003, 19.4224616103], [-99.1345109695, 19.4224213743]]}","{""id"": ""TTI-0e6b35d1-b793-45b4-b4a5-22dc2fb82b8b-TTR24499411384014000"", ""iconCategory"": 8, ""magnitudeOfDelay"": 4, ""startTime"": ""2026-06-29T19:49:30Z"", ""endTime"": null, ""from"": ""Calle 5 de Febrero / Calle Diagonal 20 de Noviembre"", ""to"": ""Calzada San Antonio Abad"", ""length"": 127.9325183663, ""delay"": null, ""roadNumbers"": [], ""timeValidity"": ""present"", ""probabilityOfOccurrence"": ""probable"", ""numberOfReports"": null, ""lastReportTime"": null, ""events"": [{""code"": 401, ""description"": ""Cerrado"", ""iconCategory"": 8}]}"
tomtom,tomtom_cdmx_incidents,2026-07-02T04:34:19Z,2026-07-02,20260702T043415Z,2026-07-02T04:34:15.643053,TTI-0e6b35d1-b793-45b4-b4a5-22dc2fb82b8b-TTR24496526056023000,Feature,LineString,19.4319646139,-99.1343621069,8,Road closed,4,,212.450822688,Calle Venustiano Carranza,Calle Palma,,present,certain,,2026-06-14T01:05:00Z,,,Cerrado,401,"{""type"": ""LineString"", ""coordinates"": [[-99.1345015818, 19.4310647692], [-99.1344425732, 19.4314282173], [-99.1343621069, 19.4319646139], [-99.1345096284, 19.4319941765], [-99.1354135329, 19.432100096]]}","{""id"": ""TTI-0e6b35d1-b793-45b4-b4a5-22dc2fb82b8b-TTR24496526056023000"", ""iconCategory"": 8, ""magnitudeOfDelay"": 4, ""startTime"": ""2026-06-14T01:05:00Z"", ""endTime"": null, ""from"": ""Calle Venustiano Carranza"", ""to"": ""Calle Palma"", ""length"": 212.450822688, ""delay"": null, ""roadNumbers"": [], ""timeValidity"": ""present"", ""probabilityOfOccurrence"": ""certain"", ""numberOfReports"": null, ""lastReportTime"": null, ""events"": [{""code"": 401, ""description"": ""Cerrado"", ""iconCategory"": 8}]}"
tomtom,tomtom_cdmx_incidents,2026-07-02T04:34:19Z,2026-07-02,20260702T043415Z,2026-07-02T04:34:15.643073,TTI-0e6b35d1-b793-45b4-b4a5-22dc2fb82b8b-TTR24499410808011000,Feature,LineString,19.3832705155,-99.1428392285,8,Road closed,4,,2261.5596035316,Avenida Universidad (Eje 5 S),Avenida Presidente Plutarco Elias Calles (Eje 5 S),,present,certain,4.0,2026-07-02T03:16:31Z,,2025-07-08T01:30:00Z,Cerrado,401,"{""type"": ""LineString"", ""coordinates"": [[-99.1556092257, 19.384820797], [-99.1554737741, 19.3847939932], [-99.15539599, 19.3847792076], [-99.1552176231, 19.3847577803], [-99.1549306268, 19.3847323206], [-99.1542721445, 19.3846746014], [-99.1541487628, 19.3846678806], [-99.1539636904, 19.3846504858], [-99.1536606008, 19.3846236819], [-99.1530235762, 19.3845713392], [-99.1528948301, 19.384559321], [-99.1525608951, 19.384532438], [-99.1524576301, 19.3845270614], [-99.1524026448, 19.3845257173], [-99.1523114497, 19.3845177315], [-99.1521840447, 19.3845083224], [-99.1516905183, 19.3844721095], [-99.1513619477, 19.384439929], [-99.1511822397, 19.3844332083], [-99.1505841071, 19.3843916187], [-99.149916237, 19.3843460758], [-99.1490901166, 19.3842548317], [-99.1488943154, 19.3842226512], [-99.1484893018, 19.3841569459], [-99.1482693607, 19.3841207329], [-99.1481258625, 19.3840966173], [-99.147978341, 19.3840725016], [-99.1478576416, 19.3840536835], [-99.1474472636, 19.3840000755], [-99.1471750194, 19.3839625183], [-99.1469819004, 19.3839356353], [-99.1467270905, 19.3839047988], [-99.1461289579, 19.3838136336], [-99.1458956057, 19.383773388], [-99.1455603296, 19.3837130592], [-99.1454449946, 19.3836942411], [-99.1453001553, 19.3836781903], [-99.1451499516, 19.3836500421], [-99.1449554914, 19.383623159], [-99.1444887871, 19.3835279611], [-99.1443023736, 19.3834971246], [-99.1439094299, 19.383431419], [-99.1438396925, 19.3834206658], [-99.1437136287, 19.3834019267], [-99.143358236, 19.3833468953], [-99.143307274, 19.3833402535], [-99.1428392285, 19.3832705155], [-99.1426675672, 19.3832436323], [-99.1425589377, 19.3832329581], [-99.1421686763, 19.3831913682], [-99.1419661695, 19.38316322], [-99.1417059952, 19.3831243184], [-99.1416496688, 19.3831135651], [-99.1416121179, 19.3831068443], [-99.1415410394, 19.3830961701], [-99.1414753253, 19.3830854169], [-99.1413787657, 19.3830665986], [-99.1412687952, 19.3830492036], [-99.1408570761, 19.3829767771], [-99.1403139287, 19.3828802347], [-99.1402066404, 19.3828319239], [-99.1400229091, 19.3828091522], [-99.1399907226, 19.3828051198], [-99.1398056501, 19.3827715948], [-99.1395562047, 19.3827179864], [-99.139406001, 19.3826924473], [-99.1392155642, 19.3826589223], [-99.1390921825, 19.3826656431], [-99.1388856524, 19.3826415272], [-99.1385597641, 19.3826026256], [-99.1383612806, 19.3825797748], [-99.1380863542, 19.3825449056], [-99.137815451, 19.3825113805], [-99.1376652473, 19.3824953296], [-99.1374654228, 19.3824698696], [-99.137276327, 19.3824523954], [-99.1367412263, 19.3823786245], [-99.136210149, 19.3822646866], [-99.1356871182, 19.3821895714], [-99.1353464776, 19.3821560463], [-99.1351265365, 19.3821158003], [-99.1349428052, 19.3820916844], [-99.1348985487, 19.3820863077], [-99.1347429806, 19.3820661452], [-99.1346866542, 19.3820595034], [-99.1346517855, 19.3820541267], [-99.1346021646, 19.3820474059], [-99.134543156, 19.3820393409], [-99.1344479376, 19.3820232899], [-99.1344291622, 19.3820206016], [-99.1343446726, 19.3820098482], [-99.1342843229, 19.3820031274]]}","{""id"": ""TTI-0e6b35d1-b793-45b4-b4a5-22dc2fb82b8b-TTR24499410808011000"", ""iconCategory"": 8, ""magnitudeOfDelay"": 4, ""startTime"": ""2026-07-02T03:16:31Z"", ""endTime"": null, ""from"": ""Avenida Universidad (Eje 5 S)"", ""to"": ""Avenida Presidente Plutarco Elias Calles (Eje 5 S)"", ""length"": 2261.5596035316, ""delay"": null, ""roadNumbers"": [], ""timeValidity"": ""present"", ""probabilityOfOccurrence"": ""certain"", ""numberOfReports"": 4, ""lastReportTime"": ""2025-07-08T01:30:00Z"", ""events"": [{""code"": 401, ""description"": ""Cerrado"", ""iconCategory"": 8}]}"
tomtom,tomtom_cdmx_incidents,2026-07-02T04:34:19Z,2026-07-02,20260702T043415Z,2026-07-02T04:34:15.643165,TTI-0e6b35d1-b793-45b4-b4a5-22dc2fb82b8b-TTR24505181672011001,Feature,LineString,19.3773709769,-99.1347429806,8,Road closed,4,,127.4790223568,Eje 1 Oriente (Eje 6 S),Avenida Presidente Plutarco Elias Calles (Eje 6 S),,present,probable,,2026-07-02T00:32:00Z,,,Cerrado,401,"{""type"": ""LineString"", ""coordinates"": [[-99.134144848, 19.3774366849], [-99.1342279965, 19.3774326522], [-99.1343808824, 19.3774125682], [-99.1344586665, 19.3774031588], [-99.1347429806, 19.3773709769], [-99.1348905021, 19.3773535022], [-99.1350232715, 19.3773293855], [-99.1351506764, 19.3773093015], [-99.1353478188, 19.3772784638]]}","{""id"": ""TTI-0e6b35d1-b793-45b4-b4a5-22dc2fb82b8b-TTR24505181672011001"", ""iconCategory"": 8, ""magnitudeOfDelay"": 4, ""startTime"": ""2026-07-02T00:32:00Z"", ""endTime"": null, ""from"": ""Eje 1 Oriente (Eje 6 S)"", ""to"": ""Avenida Presidente Plutarco Elias Calles (Eje 6 S)"", ""length"": 127.4790223568, ""delay"": null, ""roadNumbers"": [], ""timeValidity"": ""present"", ""probabilityOfOccurrence"": ""probable"", ""numberOfReports"": null, ""lastReportTime"": null, ""events"": [{""code"": 401, ""description"": ""Cerrado"", ""iconCategory"": 8}]}"
tomtom,tomtom_cdmx_incidents,2026-07-02T04:34:19Z,2026-07-02,20260702T043415Z,2026-07-02T04:34:15.643187,TTI-0e6b35d1-b793-45b4-b4a5-22dc2fb82b8b-TTR24496526128013001,Feature,LineString,19.435161852,-99.1340093965,8,Road closed,4,,111.4796152968,Calle Monte de Piedad / Calle República de Brasil,Calle Palma,,present,probable,,2026-06-19T16:04:00Z,,,Cerrado,401,"{""type"": ""LineString"", ""coordinates"": [[-99.1338927204, 19.4351484147], [-99.1339450234, 19.4351537896], [-99.1340093965, 19.435161852], [-99.1341609413, 19.4351832726], [-99.1349468285, 19.4352785193]]}","{""id"": ""TTI-0e6b35d1-b793-45b4-b4a5-22dc2fb82b8b-TTR24496526128013001"", ""iconCategory"": 8, ""magnitudeOfDelay"": 4, ""startTime"": ""2026-06-19T16:04:00Z"", ""endTime"": null, ""from"": ""Calle Monte de Piedad / Calle República de Brasil"", ""to"": ""Calle Palma"", ""length"": 111.4796152968, ""delay"": null, ""roadNumbers"": [], ""timeValidity"": ""present"", ""probabilityOfOccurrence"": ""probable"", ""numberOfReports"": null, ""lastReportTime"": null, ""events"": [{""code"": 401, ""description"": ""Cerrado"", ""iconCategory"": 8}]}"
tomtom,tomtom_cdmx_incidents,2026-07-02T04:34:19Z,2026-07-02,20260702T043415Z,2026-07-02T04:34:15.643205,TTI-0e6b35d1-b793-45b4-b4a5-22dc2fb82b8b-TTR24496526032037000,Feature,LineString,19.4353428601,-99.1338712627,8,Road closed,4,,346.8163485143,Calle Palma,Calle República de Cuba / Calle Luis González Obregón,,present,probable,,2026-05-25T14:42:30Z,,,Cerrado,401,"{""type"": ""LineString"", ""coordinates"": [[-99.1351091022, 19.4340956387], [-99.1339758688, 19.4339656122], [-99.1339061314, 19.4350142788], [-99.1338927204, 19.4351484147], [-99.1338712627, 19.4353428601], [-99.1338658983, 19.4354192945], [-99.1338538283, 19.4355024475], [-99.1337921375, 19.4360000208]]}","{""id"": ""TTI-0e6b35d1-b793-45b4-b4a5-22dc2fb82b8b-TTR24496526032037000"", ""iconCategory"": 8, ""magnitudeOfDelay"": 4, ""startTime"": ""2026-05-25T14:42:30Z"", ""endTime"": null, ""from"": ""Calle Palma"", ""to"": ""Calle República de Cuba / Calle Luis González Obregón"", ""length"": 346.8163485143, ""delay"": null, ""roadNumbers"": [], ""timeValidity"": ""present"", ""probabilityOfOccurrence"": ""probable"", ""numberOfReports"": null, ""lastReportTime"": null, ""events"": [{""code"": 401, ""description"": ""Cerrado"", ""iconCategory"": 8}]}"
tomtom,tomtom_cdmx_incidents,2026-07-02T04:34:19Z,2026-07-02,20260702T043415Z,2026-07-02T04:34:15.643225,TTI-0e6b35d1-b793-45b4-b4a5-22dc2fb82b8b-TTR24499411600015001,Feature,LineString,19.4316723072,-99.1320513839,8,Road closed,4,,119.5521784463,Calle Venustiano Carranza / Calle Maestro Erasmo Castellanos Quinto,Centro,,present,certain,,2025-07-31T17:19:30Z,,,Cerrado,401,"{""type"": ""LineString"", ""coordinates"": [[-99.1310871297, 19.4315569811], [-99.1320513839, 19.4316723072], [-99.1322190219, 19.431684322]]}","{""id"": ""TTI-0e6b35d1-b793-45b4-b4a5-22dc2fb82b8b-TTR24499411600015001"", ""iconCategory"": 8, ""magnitudeOfDelay"": 4, ""startTime"": ""2025-07-31T17:19:30Z"", ""endTime"": null, ""from"": ""Calle Venustiano Carranza / Calle Maestro Erasmo Castellanos Quinto"", ""to"": ""Centro"", ""length"": 119.5521784463, ""delay"": null, ""roadNumbers"": [], ""timeValidity"": ""present"", ""probabilityOfOccurrence"": ""certain"", ""numberOfReports"": null, ""lastReportTime"": null, ""events"": [{""code"": 401, ""description"": ""Cerrado"", ""iconCategory"": 8}]}"
tomtom,tomtom_cdmx_incidents,2026-07-02T04:34:19Z,2026-07-02,20260702T043415Z,2026-07-02T04:34:15.643241,TTI-0e6b35d1-b793-45b4-b4a5-22dc2fb82b8b-TTR24496526056015000,Feature,LineString,19.4316723072,-99.1320513839,8,Road closed,4,,119.5521784463,Centro,Calle Correo Mayor,,present,certain,,2025-07-31T17:19:30Z,,,Cerrado,401,"{""type"": ""LineString"", ""coordinates"": [[-99.1322190219, 19.431684322], [-99.1320513839, 19.4316723072], [-99.1310871297, 19.4315569811]]}","{""id"": ""TTI-0e6b35d1-b793-45b4-b4a5-22dc2fb82b8b-TTR24496526056015000"", ""iconCategory"": 8, ""magnitudeOfDelay"": 4, ""startTime"": ""2025-07-31T17:19:30Z"", ""endTime"": null, ""from"": ""Centro"", ""to"": ""Calle Correo Mayor"", ""length"": 119.5521784463, ""delay"": null, ""roadNumbers"": [], ""timeValidity"": ""present"", ""probabilityOfOccurrence"": ""certain"", ""numberOfReports"": null, ""lastReportTime"": null, ""events"": [{""code"": 401, ""description"": ""Cerrado"", ""iconCategory"": 8}]}"
tomtom,tomtom_cdmx_incidents,2026-07-02T04:34:19Z,2026-07-02,20260702T043415Z,2026-07-02T04:34:15.643257,TTI-0e6b35d1-b793-45b4-b4a5-22dc2fb82b8b-TTR24502296532038000,Feature,LineString,19.4077295125,-99.1305949444,8,Road closed,4,,235.2778203755,Calle Gumersindo Esquer,Eje Vial 3 Sur,,present,probable,,2026-06-20T19:52:01Z,,,Cerrado,401,"{""type"": ""LineString"", ""coordinates"": [[-99.1307505125, 19.4066405881], [-99.1307303959, 19.40678542], [-99.1307089383, 19.4069302519], [-99.1305949444, 19.4077295125], [-99.1304729039, 19.4086871181], [-99.1304661983, 19.408739374]]}","{""id"": ""TTI-0e6b35d1-b793-45b4-b4a5-22dc2fb82b8b-TTR24502296532038000"", ""iconCategory"": 8, ""magnitudeOfDelay"": 4, ""startTime"": ""2026-06-20T19:52:01Z"", ""endTime"": null, ""from"": ""Calle Gumersindo Esquer"", ""to"": ""Eje Vial 3 Sur"", ""length"": 235.2778203755, ""delay"": null, ""roadNumbers"": [], ""timeValidity"": ""present"", ""probabilityOfOccurrence"": ""probable"", ""numberOfReports"": null, ""lastReportTime"": null, ""events"": [{""code"": 401, ""description"": ""Cerrado"", ""iconCategory"": 8}]}"
tomtom,tomtom_cdmx_incidents,2026-07-02T04:34:19Z,2026-07-02,20260702T043415Z,2026-07-02T04:34:15.643276,TTI-0e6b35d1-b793-45b4-b4a5-22dc2fb82b8b-TTR24490755872023000,Feature,LineString,19.4763123001,-99.1303133124,8,Road closed,4,,209.6638479503,Avenida Victoria,Avenida Excelsior,,present,probable,,2026-07-01T18:44:00Z,,,Cerrado,401,"{""type"": ""LineString"", ""coordinates"": [[-99.1302797848, 19.4763940887], [-99.1302972192, 19.4763498359], [-99.1303133124, 19.4763123001], [-99.1309154684, 19.4746064247]]}","{""id"": ""TTI-0e6b35d1-b793-45b4-b4a5-22dc2fb82b8b-TTR24490755872023000"", ""iconCategory"": 8, ""magnitudeOfDelay"": 4, ""startTime"": ""2026-07-01T18:44:00Z"", ""endTime"": null, ""from"": ""Avenida Victoria"", ""to"": ""Avenida Excelsior"", ""length"": 209.6638479503, ""delay"": null, ""roadNumbers"": [], ""timeValidity"": ""present"", ""probabilityOfOccurrence"": ""probable"", ""numberOfReports"": null, ""lastReportTime"": null, ""events"": [{""code"": 401, ""description"": ""Cerrado"", ""iconCategory"": 8}]}"
tomtom,tomtom_cdmx_incidents,2026-07-02T04:34:19Z,2026-07-02,20260702T043415Z,2026-07-02T04:34:15.643292,TTI-0e6b35d1-b793-45b4-b4a5-22dc2fb82b8b-TTR24499411528015001,Feature,LineString,19.4333553953,-99.1299015933,8,Road closed,4,,108.8465278333,Calle Licenciado Primo Verdad,Calle Correo Mayor,,present,certain,,2026-06-30T09:26:32Z,,,Cerrado,401,"{""type"": ""LineString"", ""coordinates"": [[-99.1309302205, 19.433486766], [-99.1299015933, 19.4333553953]]}","{""id"": ""TTI-0e6b35d1-b793-45b4-b4a5-22dc2fb82b8b-TTR24499411528015001"", ""iconCategory"": 8, ""magnitudeOfDelay"": 4, ""startTime"": ""2026-06-30T09:26:32Z"", ""endTime"": null, ""from"": ""Calle Licenciado Primo Verdad"", ""to"": ""Calle Correo Mayor"", ""length"": 108.8465278333, ""delay"": null, ""roadNumbers"": [], ""timeValidity"": ""present"", ""probabilityOfOccurrence"": ""certain"", ""numberOfReports"": null, ""lastReportTime"": null, ""events"": [{""code"": 401, ""description"": ""Cerrado"", ""iconCategory"": 8}]}"
tomtom,tomtom_cdmx_incidents,2026-07-02T04:34:19Z,2026-07-02,20260702T043415Z,2026-07-02T04:34:15.643307,TTI-0e6b35d1-b793-45b4-b4a5-22dc2fb82b8b-TTR24499411600015002,Feature,LineString,19.433486766,-99.1309302205,8,Road closed,4,,108.8465278333,Calle Correo Mayor,Calle Licenciado Primo Verdad,,present,certain,,2026-05-12T16:46:00Z,,,Cerrado,401,"{""type"": ""LineString"", ""coordinates"": [[-99.1299015933, 19.4333553953], [-99.1309302205, 19.433486766]]}","{""id"": ""TTI-0e6b35d1-b793-45b4-b4a5-22dc2fb82b8b-TTR24499411600015002"", ""iconCategory"": 8, ""magnitudeOfDelay"": 4, ""startTime"": ""2026-05-12T16:46:00Z"", ""endTime"": null, ""from"": ""Calle Correo Mayor"", ""to"": ""Calle Licenciado Primo Verdad"", ""length"": 108.8465278333, ""delay"": null, ""roadNumbers"": [], ""timeValidity"": ""present"", ""probabilityOfOccurrence"": ""certain"", ""numberOfReports"": null, ""lastReportTime"": null, ""events"": [{""code"": 401, ""description"": ""Cerrado"", ""iconCategory"": 8}]}"
tomtom,tomtom_cdmx_incidents,2026-07-02T04:34:19Z,2026-07-02,20260702T043415Z,2026-07-02T04:34:15.643321,TTI-0e6b35d1-b793-45b4-b4a5-22dc2fb82b8b-TTR24508067152003000,Feature,LineString,19.3770370597,-99.1301108057,8,Road closed,4,,90.8880151818,Eje 1 Oriente (Eje 6 S),Avenida Presidente Plutarco Elias Calles (Eje 6 S),,present,probable,,2026-07-01T15:57:30Z,,,Cerrado,401,"{""type"": ""LineString"", ""coordinates"": [[-99.1297111565, 19.3769954683], [-99.129807716, 19.3770048777], [-99.1299042756, 19.3770155523], [-99.1301108057, 19.3770370597], [-99.1302087063, 19.3770490785], [-99.1304273063, 19.3770692417], [-99.1305721456, 19.3770866373]]}","{""id"": ""TTI-0e6b35d1-b793-45b4-b4a5-22dc2fb82b8b-TTR24508067152003000"", ""iconCategory"": 8, ""magnitudeOfDelay"": 4, ""startTime"": ""2026-07-01T15:57:30Z"", ""endTime"": null, ""from"": ""Eje 1 Oriente (Eje 6 S)"", ""to"": ""Avenida Presidente Plutarco Elias Calles (Eje 6 S)"", ""length"": 90.8880151818, ""delay"": null, ""roadNumbers"": [], ""timeValidity"": ""present"", ""probabilityOfOccurrence"": ""probable"", ""numberOfReports"": null, ""lastReportTime"": null, ""events"": [{""code"": 401, ""description"": ""Cerrado"", ""iconCategory"": 8}]}"
tomtom,tomtom_cdmx_incidents,2026-07-02T04:34:19Z,2026-07-02,20260702T043415Z,2026-07-02T04:34:15.643341,TTI-0e6b35d1-b793-45b4-b4a5-22dc2fb82b8b-TTL24516722424013001,Feature,LineString,19.3065740241,-99.130667364,6,Jam,2,185.0,292.4363199536,Avenida Canal de Miramontes (Calzada del Hueso),Avenida División del Norte (Calzada del Hueso),,present,certain,,2026-07-02T04:21:30Z,2026-07-02T04:53:00Z,,Tráfico en cola,108,"{""type"": ""LineString"", ""coordinates"": [[-99.1294952387, 19.3060617373], [-99.1299981529, 19.3062790401], [-99.1300303394, 19.3062937537], [-99.1304031664, 19.3064573437], [-99.130552029, 19.3065230802], [-99.130667364, 19.3065740241], [-99.1309436316, 19.3066947387], [-99.1309503371, 19.3067014627], [-99.1315591985, 19.3069737427], [-99.1320165152, 19.3071802069]]}","{""id"": ""TTI-0e6b35d1-b793-45b4-b4a5-22dc2fb82b8b-TTL24516722424013001"", ""iconCategory"": 6, ""magnitudeOfDelay"": 2, ""startTime"": ""2026-07-02T04:21:30Z"", ""endTime"": ""2026-07-02T04:53:00Z"", ""from"": ""Avenida Canal de Miramontes (Calzada del Hueso)"", ""to"": ""Avenida División del Norte (Calzada del Hueso)"", ""length"": 292.4363199536, ""delay"": 185, ""roadNumbers"": [], ""timeValidity"": ""present"", ""probabilityOfOccurrence"": ""certain"", ""numberOfReports"": null, ""lastReportTime"": null, ""events"": [{""code"": 108, ""description"": ""Tráfico en cola"", ""iconCategory"": 6}]}"
tomtom,tomtom_cdmx_incidents,2026-07-02T04:34:19Z,2026-07-02,20260702T043415Z,2026-07-02T04:34:15.643363,TTI-0e6b35d1-b793-45b4-b4a5-22dc2fb82b8b-TTR24522492780030000,Feature,LineString,19.2718474629,-99.1278429979,8,Road closed,4,,254.0115355256,Calle Durazno / Calle Ejido,Calle Lázaro Cárdenas,,present,probable,,2026-06-24T20:27:30Z,,,Cerrado,401,"{""type"": ""LineString"", ""coordinates"": [[-99.1258729154, 19.2718394715], [-99.1259721571, 19.2718514981], [-99.1260687167, 19.2718582235], [-99.1261599118, 19.2718609136], [-99.1270074898, 19.2718582235], [-99.1278429979, 19.2718474629], [-99.1279140765, 19.271848808], [-99.1279838139, 19.2718541883], [-99.1280562335, 19.2718622587], [-99.1282882446, 19.2718958065]]}","{""id"": ""TTI-0e6b35d1-b793-45b4-b4a5-22dc2fb82b8b-TTR24522492780030000"", ""iconCategory"": 8, ""magnitudeOfDelay"": 4, ""startTime"": ""2026-06-24T20:27:30Z"", ""endTime"": null, ""from"": ""Calle Durazno / Calle Ejido"", ""to"": ""Calle Lázaro Cárdenas"", ""length"": 254.0115355256, ""delay"": null, ""roadNumbers"": [], ""timeValidity"": ""present"", ""probabilityOfOccurrence"": ""probable"", ""numberOfReports"": null, ""lastReportTime"": null, ""events"": [{""code"": 401, ""description"": ""Cerrado"", ""iconCategory"": 8}]}"
tomtom,tomtom_cdmx_incidents,2026-07-02T04:34:19Z,2026-07-02,20260702T043415Z,2026-07-02T04:34:15.643385,TTI-0e6b35d1-b793-45b4-b4a5-22dc2fb82b8b-TTR24522492712030000,Feature,LineString,19.2718474629,-99.1278429979,8,Road closed,4,,307.5422866846,Calle Emiliano Zapata,Calle Durazno / Calle Ejido,,present,probable,,2026-06-24T19:14:00Z,,,Cerrado,401,"{""type"": ""LineString"", ""coordinates"": [[-99.1287898177, 19.2719829198], [-99.1282882446, 19.2718958065], [-99.1280562335, 19.2718622587], [-99.1279838139, 19.2718541883], [-99.1279140765, 19.271848808], [-99.1278429979, 19.2718474629], [-99.1270074898, 19.2718582235], [-99.1261599118, 19.2718609136], [-99.1260687167, 19.2718582235], [-99.1259721571, 19.2718514981], [-99.1258729154, 19.2718394715]]}","{""id"": ""TTI-0e6b35d1-b793-45b4-b4a5-22dc2fb82b8b-TTR24522492712030000"", ""iconCategory"": 8, ""magnitudeOfDelay"": 4, ""startTime"": ""2026-06-24T19:14:00Z"", ""endTime"": null, ""from"": ""Calle Emiliano Zapata"", ""to"": ""Calle Durazno / Calle Ejido"", ""length"": 307.5422866846, ""delay"": null, ""roadNumbers"": [], ""timeValidity"": ""present"", ""probabilityOfOccurrence"": ""probable"", ""numberOfReports"": null, ""lastReportTime"": null, ""events"": [{""code"": 401, ""description"": ""Cerrado"", ""iconCategory"": 8}]}"
tomtom,tomtom_cdmx_incidents,2026-07-02T04:34:19Z,2026-07-02,20260702T043415Z,2026-07-02T04:34:15.643407,TTI-0e6b35d1-b793-45b4-b4a5-22dc2fb82b8b-TTL24505181892019001,Feature,LineString,19.3979112992,-99.1264361793,6,Jam,3,336.0,243.3585178517,Amacuzac (Eje 4 Sur),Calzada de la Viga (Eje 4 Sur),,present,certain,,2026-07-02T04:24:30Z,2026-07-02T04:58:00Z,,Tráfico parado,101,"{""type"": ""LineString"", ""coordinates"": [[-99.127112096, 19.3978469435], [-99.1268881315, 19.3978737452], [-99.1268344873, 19.3978777773], [-99.1267929131, 19.3978818094], [-99.1265971118, 19.3978965938], [-99.1264361793, 19.3979112992], [-99.126226967, 19.3979247396], [-99.1260258013, 19.3979394449], [-99.1259118074, 19.3979475091], [-99.1254290098, 19.3979609495], [-99.1247973496, 19.397981031]]}","{""id"": ""TTI-0e6b35d1-b793-45b4-b4a5-22dc2fb82b8b-TTL24505181892019001"", ""iconCategory"": 6, ""magnitudeOfDelay"": 3, ""startTime"": ""2026-07-02T04:24:30Z"", ""endTime"": ""2026-07-02T04:58:00Z"", ""from"": ""Amacuzac (Eje 4 Sur)"", ""to"": ""Calzada de la Viga (Eje 4 Sur)"", ""length"": 243.3585178517, ""delay"": 336, ""roadNumbers"": [], ""timeValidity"": ""present"", ""probabilityOfOccurrence"": ""certain"", ""numberOfReports"": null, ""lastReportTime"": null, ""events"": [{""code"": 101, ""description"": ""Tráfico parado"", ""iconCategory"": 6}]}"
tomtom,tomtom_cdmx_incidents,2026-07-02T04:34:19Z,2026-07-02,20260702T043415Z,2026-07-02T04:34:15.643430,TTI-0e6b35d1-b793-45b4-b4a5-22dc2fb82b8b-TTR24487871060014000,Feature,LineString,19.5219232407,-99.1242904121,8,Road closed,4,,87.9783667902,Calle Alpino Pentatlón Universitario,Avenida La Presa,,present,probable,,2026-06-18T04:27:30Z,,,Cerrado,401,"{""type"": ""LineString"", ""coordinates"": [[-99.1248349005, 19.5215906479], [-99.1246028894, 19.5216979309], [-99.1244540268, 19.5217918627], [-99.1242904121, 19.5219232407], [-99.1242086047, 19.5219822541], [-99.1241469139, 19.5220358955]]}","{""id"": ""TTI-0e6b35d1-b793-45b4-b4a5-22dc2fb82b8b-TTR24487871060014000"", ""iconCategory"": 8, ""magnitudeOfDelay"": 4, ""startTime"": ""2026-06-18T04:27:30Z"", ""endTime"": null, ""from"": ""Calle Alpino Pentatlón Universitario"", ""to"": ""Avenida La Presa"", ""length"": 87.9783667902, ""delay"": null, ""roadNumbers"": [], ""timeValidity"": ""present"", ""probabilityOfOccurrence"": ""probable"", ""numberOfReports"": null, ""lastReportTime"": null, ""events"": [{""code"": 401, ""description"": ""Cerrado"", ""iconCategory"": 8}]}"
tomtom,tomtom_cdmx_incidents,2026-07-02T04:34:19Z,2026-07-02,20260702T043415Z,2026-07-02T04:34:15.643448,TTI-0e6b35d1-b793-45b4-b4a5-22dc2fb82b8b-TTR24487871132014000,Feature,LineString,19.5217918627,-99.1244540268,8,Road closed,4,,87.9783667902,Avenida La Presa,Calle Alpino Pentatlón Universitario,,present,probable,,2026-06-18T15:56:30Z,,,Cerrado,401,"{""type"": ""LineString"", ""coordinates"": [[-99.1241469139, 19.5220358955], [-99.1242086047, 19.5219822541], [-99.1242904121, 19.5219232407], [-99.1244540268, 19.5217918627], [-99.1246028894, 19.5216979309], [-99.1248349005, 19.5215906479]]}","{""id"": ""TTI-0e6b35d1-b793-45b4-b4a5-22dc2fb82b8b-TTR24487871132014000"", ""iconCategory"": 8, ""magnitudeOfDelay"": 4, ""startTime"": ""2026-06-18T15:56:30Z"", ""endTime"": null, ""from"": ""Avenida La Presa"", ""to"": ""Calle Alpino Pentatlón Universitario"", ""length"": 87.9783667902, ""delay"": null, ""roadNumbers"": [], ""timeValidity"": ""present"", ""probabilityOfOccurrence"": ""probable"", ""numberOfReports"": null, ""lastReportTime"": null, ""events"": [{""code"": 401, ""description"": ""Cerrado"", ""iconCategory"": 8}]}"
tomtom,tomtom_cdmx_incidents,2026-07-02T04:34:19Z,2026-07-02,20260702T043415Z,2026-07-02T04:34:15.643827,TTI-0e6b35d1-b793-45b4-b4a5-22dc2fb82b8b-TTR24508067152003001,Feature,LineString,19.3762525137,-99.1256610209,8,Road closed,4,,686.6063064263,Eje 2 Oriente (Eje 6 S),Eje 1 Oriente (Eje 6 S),,present,probable,,2026-07-01T15:58:00Z,,,Cerrado,401,"{""type"": ""LineString"", ""coordinates"": [[-99.1226770634, 19.3757026493], [-99.122825926, 19.3757442411], [-99.122890299, 19.3757576042], [-99.1230995113, 19.3757965075], [-99.1231933886, 19.3758126382], [-99.1234401518, 19.3758568393], [-99.1235621923, 19.3758783468], [-99.1236560697, 19.3758917099], [-99.1239859814, 19.375948088], [-99.1240852231, 19.3759654838], [-99.1241616661, 19.3759722049], [-99.1242260391, 19.375985568], [-99.1244540268, 19.3760271597], [-99.1245036477, 19.3760379134], [-99.1245935017, 19.3760593418], [-99.1247986907, 19.3760955567], [-99.124841606, 19.3761009335], [-99.1249019557, 19.376110343], [-99.1250320429, 19.3761384925], [-99.1251406723, 19.3761599209], [-99.1252747828, 19.3761854611], [-99.1254799718, 19.3762216758], [-99.125572508, 19.3762377274], [-99.1256100589, 19.3762457927], [-99.1256610209, 19.3762525137], [-99.1258018369, 19.3762779748], [-99.125931924, 19.37630478], [-99.1260204369, 19.3763209106], [-99.1261357719, 19.3763409948], [-99.1262309903, 19.3763610789], [-99.1263275498, 19.3763798979], [-99.1264053339, 19.376393261], [-99.1265273744, 19.3764134243], [-99.1266306395, 19.3764321642], [-99.126830464, 19.3764697231], [-99.1271804923, 19.3765300546], [-99.1273119205, 19.3765529063], [-99.1274218911, 19.376577023], [-99.1275144273, 19.3765984514], [-99.1275667304, 19.3766078609], [-99.1276243979, 19.3766199588], [-99.1278362924, 19.3766628945], [-99.1279140765, 19.3766762576], [-99.1280522102, 19.3767003743], [-99.1281407231, 19.3767165049], [-99.1282211894, 19.3767339006], [-99.1284035796, 19.3767674268], [-99.1286610717, 19.3768130509], [-99.1290969306, 19.3768962339]]}","{""id"": ""TTI-0e6b35d1-b793-45b4-b4a5-22dc2fb82b8b-TTR24508067152003001"", ""iconCategory"": 8, ""magnitudeOfDelay"": 4, ""startTime"": ""2026-07-01T15:58:00Z"", ""endTime"": null, ""from"": ""Eje 2 Oriente (Eje 6 S)"", ""to"": ""Eje 1 Oriente (Eje 6 S)"", ""length"": 686.6063064263, ""delay"": null, ""roadNumbers"": [], ""timeValidity"": ""present"", ""probabilityOfOccurrence"": ""probable"", ""numberOfReports"": null, ""lastReportTime"": null, ""events"": [{""code"": 401, ""description"": ""Cerrado"", ""iconCategory"": 8}]}"
tomtom,tomtom_cdmx_incidents,2026-07-02T04:34:19Z,2026-07-02,20260702T043415Z,2026-07-02T04:34:15.643885,TTI-0e6b35d1-b793-45b4-b4a5-22dc2fb82b8b-TTR24508067152011000,Feature,LineString,19.3754934252,-99.1216001564,8,Road closed,4,,165.4116655903,Antropologos (Eje 6 S),Eje 2 Oriente (Eje 6 S),,present,probable,,2026-07-01T15:53:30Z,,,Cerrado,401,"{""type"": ""LineString"", ""coordinates"": [[-99.1208799833, 19.375352598], [-99.1210878545, 19.3753901572], [-99.1211911196, 19.375407553], [-99.1212957257, 19.3754277164], [-99.1215089613, 19.3754732618], [-99.1216001564, 19.3754934252], [-99.1217061037, 19.3755175421], [-99.1220413798, 19.3755819066], [-99.1221956068, 19.3756127446], [-99.1224235946, 19.3756556806]]}","{""id"": ""TTI-0e6b35d1-b793-45b4-b4a5-22dc2fb82b8b-TTR24508067152011000"", ""iconCategory"": 8, ""magnitudeOfDelay"": 4, ""startTime"": ""2026-07-01T15:53:30Z"", ""endTime"": null, ""from"": ""Antropologos (Eje 6 S)"", ""to"": ""Eje 2 Oriente (Eje 6 S)"", ""length"": 165.4116655903, ""delay"": null, ""roadNumbers"": [], ""timeValidity"": ""present"", ""probabilityOfOccurrence"": ""probable"", ""numberOfReports"": null, ""lastReportTime"": null, ""events"": [{""code"": 401, ""description"": ""Cerrado"", ""iconCategory"": 8}]}"
tomtom,tomtom_cdmx_incidents,2026-07-02T04:34:19Z,2026-07-02,20260702T043415Z,2026-07-02T04:34:15.643908,TTI-0e6b35d1-b793-45b4-b4a5-22dc2fb82b8b-TTR24522493132005000,Feature,LineString,19.2980392885,-99.1198553795,9,Road works,0,,23.7437322051,Calle Candelillas,Calzada de los Tenorios,,present,probable,,2026-06-25T21:50:00Z,,,Obras | Nuevo trazado de carretera por obras,"701,810","{""type"": ""LineString"", ""coordinates"": [[-99.1200619096, 19.2979521099], [-99.1198553795, 19.2980392885]]}","{""id"": ""TTI-0e6b35d1-b793-45b4-b4a5-22dc2fb82b8b-TTR24522493132005000"", ""iconCategory"": 9, ""magnitudeOfDelay"": 0, ""startTime"": ""2026-06-25T21:50:00Z"", ""endTime"": null, ""from"": ""Calle Candelillas"", ""to"": ""Calzada de los Tenorios"", ""length"": 23.7437322051, ""delay"": null, ""roadNumbers"": [], ""timeValidity"": ""present"", ""probabilityOfOccurrence"": ""probable"", ""numberOfReports"": null, ""lastReportTime"": null, ""events"": [{""code"": 701, ""description"": ""Obras"", ""iconCategory"": 9}, {""code"": 810, ""description"": ""Nuevo trazado de carretera por obras"", ""iconCategory"": 9}]}"
tomtom,tomtom_cdmx_incidents,2026-07-02T04:34:19Z,2026-07-02,20260702T043415Z,2026-07-02T04:34:15.643925,TTI-0e6b35d1-b793-45b4-b4a5-22dc2fb82b8b-TTR24484985988015000,Feature,LineString,19.5455253902,-99.1189487928,8,Road closed,4,,133.5880559743,Calle Sierra Nevada,Calle Alpino Centauros,,present,probable,,2026-07-01T05:13:00Z,,,Cerrado,401,"{""type"": ""LineString"", ""coordinates"": [[-99.1185303682, 19.5448534291], [-99.1186644787, 19.5450881853], [-99.1189487928, 19.5455253902], [-99.1191834861, 19.54588479]]}","{""id"": ""TTI-0e6b35d1-b793-45b4-b4a5-22dc2fb82b8b-TTR24484985988015000"", ""iconCategory"": 8, ""magnitudeOfDelay"": 4, ""startTime"": ""2026-07-01T05:13:00Z"", ""endTime"": null, ""from"": ""Calle Sierra Nevada"", ""to"": ""Calle Alpino Centauros"", ""length"": 133.5880559743, ""delay"": null, ""roadNumbers"": [], ""timeValidity"": ""present"", ""probabilityOfOccurrence"": ""probable"", ""numberOfReports"": null, ""lastReportTime"": null, ""events"": [{""code"": 401, ""description"": ""Cerrado"", ""iconCategory"": 8}]}"
tomtom,tomtom_cdmx_incidents,2026-07-02T04:34:19Z,2026-07-02,20260702T043415Z,2026-07-02T04:34:15.643943,TTI-0e6b35d1-b793-45b4-b4a5-22dc2fb82b8b-TTL24528263388013000,Feature,LineString,19.2496454894,-99.1190292591,6,Jam,2,124.0,336.2888438046,Calle Constitución / Prolongación Constitución,Antiguo Camino a San Pablo / Calle Río Santiago,,present,certain,,2026-07-02T03:18:30Z,2026-07-02T04:53:00Z,,Tráfico en cola,108,"{""type"": ""LineString"", ""coordinates"": [[-99.1197105402, 19.2510268258], [-99.1196367794, 19.2508725972], [-99.1195831353, 19.2507586467], [-99.1193994039, 19.2503857751], [-99.1192062849, 19.2500062555], [-99.1191419119, 19.2498761614], [-99.1190292591, 19.2496454894], [-99.1189233118, 19.24945106], [-99.1188589388, 19.2493115487], [-99.1187999302, 19.2491962519], [-99.1186913008, 19.2489856788], [-99.1185196394, 19.2486490462], [-99.1183399314, 19.2482936583]]}","{""id"": ""TTI-0e6b35d1-b793-45b4-b4a5-22dc2fb82b8b-TTL24528263388013000"", ""iconCategory"": 6, ""magnitudeOfDelay"": 2, ""startTime"": ""2026-07-02T03:18:30Z"", ""endTime"": ""2026-07-02T04:53:00Z"", ""from"": ""Calle Constitución / Prolongación Constitución"", ""to"": ""Antiguo Camino a San Pablo / Calle Río Santiago"", ""length"": 336.2888438046, ""delay"": 124, ""roadNumbers"": [], ""timeValidity"": ""present"", ""probabilityOfOccurrence"": ""certain"", ""numberOfReports"": null, ""lastReportTime"": null, ""events"": [{""code"": 108, ""description"": ""Tráfico en cola"", ""iconCategory"": 6}]}"
tomtom,tomtom_cdmx_incidents,2026-07-02T04:34:19Z,2026-07-02,20260702T043415Z,2026-07-02T04:34:15.643968,TTI-0e6b35d1-b793-45b4-b4a5-22dc2fb82b8b-TTR24484985912022000,Feature,LineString,19.5430630461,-99.1174816245,8,Road closed,4,,191.3104687997,Calle Exploradores de México,Calle Excursionistas Cuahutli,,present,probable,,2026-06-17T20:37:30Z,,,Cerrado,401,"{""type"": ""LineString"", ""coordinates"": [[-99.1176371926, 19.5421028378], [-99.1176318282, 19.5421846722], [-99.1176130527, 19.5422597923], [-99.1175607497, 19.5423684044], [-99.1174896711, 19.5425481078], [-99.1174735779, 19.5425909997], [-99.1174065226, 19.5427989025], [-99.117398476, 19.5428699938], [-99.117398476, 19.5429330281], [-99.1174078638, 19.5429786055], [-99.1174266392, 19.5430134402], [-99.1174601668, 19.5430470111], [-99.1174816245, 19.5430630461], [-99.1175151521, 19.5430670746], [-99.1175366098, 19.5430670746], [-99.1175687963, 19.5430537252], [-99.1177297288, 19.5429115427], [-99.1177632564, 19.5428900573], [-99.1177887374, 19.5428833432], [-99.1178155595, 19.5428820003], [-99.1178437227, 19.5428873717], [-99.1178866381, 19.5429115427], [-99.1180059964, 19.5430201544], [-99.1180623228, 19.5430845314]]}","{""id"": ""TTI-0e6b35d1-b793-45b4-b4a5-22dc2fb82b8b-TTR24484985912022000"", ""iconCategory"": 8, ""magnitudeOfDelay"": 4, ""startTime"": ""2026-06-17T20:37:30Z"", ""endTime"": null, ""from"": ""Calle Exploradores de México"", ""to"": ""Calle Excursionistas Cuahutli"", ""length"": 191.3104687997, ""delay"": null, ""roadNumbers"": [], ""timeValidity"": ""present"", ""probabilityOfOccurrence"": ""probable"", ""numberOfReports"": null, ""lastReportTime"": null, ""events"": [{""code"": 401, ""description"": ""Cerrado"", ""iconCategory"": 8}]}"
tomtom,tomtom_cdmx_incidents,2026-07-02T04:34:19Z,2026-07-02,20260702T043415Z,2026-07-02T04:34:15.644002,TTI-0e6b35d1-b793-45b4-b4a5-22dc2fb82b8b-TTR24484985916022000,Feature,LineString,19.5430470111,-99.1174601668,8,Road closed,4,,191.3104687997,Calle Excursionistas Cuahutli,Calle Exploradores de México,,present,probable,,2026-06-16T22:58:00Z,,,Cerrado,401,"{""type"": ""LineString"", ""coordinates"": [[-99.1180623228, 19.5430845314], [-99.1180059964, 19.5430201544], [-99.1178866381, 19.5429115427], [-99.1178437227, 19.5428873717], [-99.1178155595, 19.5428820003], [-99.1177887374, 19.5428833432], [-99.1177632564, 19.5428900573], [-99.1177297288, 19.5429115427], [-99.1175687963, 19.5430537252], [-99.1175366098, 19.5430670746], [-99.1175151521, 19.5430670746], [-99.1174816245, 19.5430630461], [-99.1174601668, 19.5430470111], [-99.1174266392, 19.5430134402], [-99.1174078638, 19.5429786055], [-99.117398476, 19.5429330281], [-99.117398476, 19.5428699938], [-99.1174065226, 19.5427989025], [-99.1174735779, 19.5425909997], [-99.1174896711, 19.5425481078], [-99.1175607497, 19.5423684044], [-99.1176130527, 19.5422597923], [-99.1176318282, 19.5421846722], [-99.1176371926, 19.5421028378]]}","{""id"": ""TTI-0e6b35d1-b793-45b4-b4a5-22dc2fb82b8b-TTR24484985916022000"", ""iconCategory"": 8, ""magnitudeOfDelay"": 4, ""startTime"": ""2026-06-16T22:58:00Z"", ""endTime"": null, ""from"": ""Calle Excursionistas Cuahutli"", ""to"": ""Calle Exploradores de México"", ""length"": 191.3104687997, ""delay"": null, ""roadNumbers"": [], ""timeValidity"": ""present"", ""probabilityOfOccurrence"": ""probable"", ""numberOfReports"": null, ""lastReportTime"": null, ""events"": [{""code"": 401, ""description"": ""Cerrado"", ""iconCategory"": 8}]}"
tomtom,tomtom_cdmx_incidents,2026-07-02T04:34:19Z,2026-07-02,20260702T043415Z,2026-07-02T04:34:15.644035,TTI-0e6b35d1-b793-45b4-b4a5-22dc2fb82b8b-TTR24484985988023000,Feature,LineString,19.5439535797,-99.1174708957,8,Road closed,4,,207.8260790932,Calle Exploradores de México / Calle Club España,Calle Sierra Nevada,,present,probable,,2026-06-18T12:29:00Z,,,Cerrado,401,"{""type"": ""LineString"", ""coordinates"": [[-99.117115503, 19.54348825], [-99.1171785349, 19.5435955184], [-99.1172174269, 19.5436504955], [-99.1173220331, 19.5437631351], [-99.1174387092, 19.5439026312], [-99.1174708957, 19.5439535797], [-99.1174910122, 19.544012585], [-99.1175285632, 19.5442405494], [-99.1175848895, 19.5444202508], [-99.1179013902, 19.5449781532], [-99.1180019731, 19.5451324193]]}","{""id"": ""TTI-0e6b35d1-b793-45b4-b4a5-22dc2fb82b8b-TTR24484985988023000"", ""iconCategory"": 8, ""magnitudeOfDelay"": 4, ""startTime"": ""2026-06-18T12:29:00Z"", ""endTime"": null, ""from"": ""Calle Exploradores de México / Calle Club España"", ""to"": ""Calle Sierra Nevada"", ""length"": 207.8260790932, ""delay"": null, ""roadNumbers"": [], ""timeValidity"": ""present"", ""probabilityOfOccurrence"": ""probable"", ""numberOfReports"": null, ""lastReportTime"": null, ""events"": [{""code"": 401, ""description"": ""Cerrado"", ""iconCategory"": 8}]}"
tomtom,tomtom_cdmx_incidents,2026-07-02T04:34:19Z,2026-07-02,20260702T043415Z,2026-07-02T04:34:15.644058,TTI-0e6b35d1-b793-45b4-b4a5-22dc2fb82b8b-TTR24484985916031000,Feature,LineString,19.5439535797,-99.1174708957,8,Road closed,4,,207.8260790932,Calle Sierra Nevada,Calle Exploradores de México / Calle Club España,,present,probable,,2026-05-15T17:42:30Z,,,Cerrado,401,"{""type"": ""LineString"", ""coordinates"": [[-99.1180019731, 19.5451324193], [-99.1179013902, 19.5449781532], [-99.1175848895, 19.5444202508], [-99.1175285632, 19.5442405494], [-99.1174910122, 19.544012585], [-99.1174708957, 19.5439535797], [-99.1174387092, 19.5439026312], [-99.1173220331, 19.5437631351], [-99.1172174269, 19.5436504955], [-99.1171785349, 19.5435955184], [-99.117115503, 19.54348825]]}","{""id"": ""TTI-0e6b35d1-b793-45b4-b4a5-22dc2fb82b8b-TTR24484985916031000"", ""iconCategory"": 8, ""magnitudeOfDelay"": 4, ""startTime"": ""2026-05-15T17:42:30Z"", ""endTime"": null, ""from"": ""Calle Sierra Nevada"", ""to"": ""Calle Exploradores de México / Calle Club España"", ""length"": 207.8260790932, ""delay"": null, ""roadNumbers"": [], ""timeValidity"": ""present"", ""probabilityOfOccurrence"": ""probable"", ""numberOfReports"": null, ""lastReportTime"": null, ""events"": [{""code"": 401, ""description"": ""Cerrado"", ""iconCategory"": 8}]}"
tomtom,tomtom_cdmx_incidents,2026-07-02T04:34:19Z,2026-07-02,20260702T043415Z,2026-07-02T04:34:15.644081,TTI-0e6b35d1-b793-45b4-b4a5-22dc2fb82b8b-TTR24484985944015000,Feature,LineString,19.5438798032,-99.1168057078,8,Road closed,4,,95.921736382,Calle Ixtanca,Calle Exploradores de México / Calle Club España,,present,probable,,2026-06-16T02:38:00Z,,,Cerrado,401,"{""type"": ""LineString"", ""coordinates"": [[-99.1166729385, 19.5442298068], [-99.1166943962, 19.5441225388], [-99.1167104894, 19.5440689047], [-99.1168057078, 19.5438798032], [-99.1170685643, 19.5435445699], [-99.117115503, 19.54348825]]}","{""id"": ""TTI-0e6b35d1-b793-45b4-b4a5-22dc2fb82b8b-TTR24484985944015000"", ""iconCategory"": 8, ""magnitudeOfDelay"": 4, ""startTime"": ""2026-06-16T02:38:00Z"", ""endTime"": null, ""from"": ""Calle Ixtanca"", ""to"": ""Calle Exploradores de México / Calle Club España"", ""length"": 95.921736382, ""delay"": null, ""roadNumbers"": [], ""timeValidity"": ""present"", ""probabilityOfOccurrence"": ""probable"", ""numberOfReports"": null, ""lastReportTime"": null, ""events"": [{""code"": 401, ""description"": ""Cerrado"", ""iconCategory"": 8}]}"
tomtom,tomtom_cdmx_incidents,2026-07-02T04:34:19Z,2026-07-02,20260702T043415Z,2026-07-02T04:34:15.644099,TTI-0e6b35d1-b793-45b4-b4a5-22dc2fb82b8b-TTR24484985872015000,Feature,LineString,19.5440689047,-99.1167104894,8,Road closed,4,,95.921736382,Calle Exploradores de México / Calle Club España,Calle Ixtanca,,present,probable,,2026-06-06T16:49:30Z,,,Cerrado,401,"{""type"": ""LineString"", ""coordinates"": [[-99.117115503, 19.54348825], [-99.1170685643, 19.5435445699], [-99.1168057078, 19.5438798032], [-99.1167104894, 19.5440689047], [-99.1166943962, 19.5441225388], [-99.1166729385, 19.5442298068]]}","{""id"": ""TTI-0e6b35d1-b793-45b4-b4a5-22dc2fb82b8b-TTR24484985872015000"", ""iconCategory"": 8, ""magnitudeOfDelay"": 4, ""startTime"": ""2026-06-06T16:49:30Z"", ""endTime"": null, ""from"": ""Calle Exploradores de México / Calle Club España"", ""to"": ""Calle Ixtanca"", ""length"": 95.921736382, ""delay"": null, ""roadNumbers"": [], ""timeValidity"": ""present"", ""probabilityOfOccurrence"": ""probable"", ""numberOfReports"": null, ""lastReportTime"": null, ""events"": [{""code"": 401, ""description"": ""Cerrado"", ""iconCategory"": 8}]}"
tomtom,tomtom_cdmx_incidents,2026-07-02T04:34:19Z,2026-07-02,20260702T043415Z,2026-07-02T04:34:15.644118,TTI-0e6b35d1-b793-45b4-b4a5-22dc2fb82b8b-TTR24496526888012001,Feature,LineString,19.482893111,-99.1142146939,0,Unknown,0,,56.3406337794,Avenida Vicente Villada / Calle Zumárraga,Avenida San Juan de Aragón,,present,certain,,2026-06-11T18:52:00Z,2026-07-20T03:00:00Z,,Partido de fútbol,1459,"{""type"": ""LineString"", ""coordinates"": [[-99.1143528277, 19.4825014891], [-99.1143032068, 19.4826409591], [-99.1142146939, 19.482893111], [-99.1141811663, 19.482981613]]}","{""id"": ""TTI-0e6b35d1-b793-45b4-b4a5-22dc2fb82b8b-TTR24496526888012001"", ""iconCategory"": 0, ""magnitudeOfDelay"": 0, ""startTime"": ""2026-06-11T18:52:00Z"", ""endTime"": ""2026-07-20T03:00:00Z"", ""from"": ""Avenida Vicente Villada / Calle Zumárraga"", ""to"": ""Avenida San Juan de Aragón"", ""length"": 56.3406337794, ""delay"": null, ""roadNumbers"": [], ""timeValidity"": ""present"", ""probabilityOfOccurrence"": ""certain"", ""numberOfReports"": null, ""lastReportTime"": null, ""events"": [{""code"": 1459, ""description"": ""Partido de fútbol"", ""iconCategory"": 0}]}"
tomtom,tomtom_cdmx_incidents,2026-07-02T04:34:19Z,2026-07-02,20260702T043415Z,2026-07-02T04:34:15.644135,TTI-0e6b35d1-b793-45b4-b4a5-22dc2fb82b8b-TTR24502297220006001,Feature,LineString,19.4426706757,-99.113958543,0,Unknown,0,,41.7694820902,Avenida Ingeniero Eduardo Molina,Calle 18 de Marzo,,present,certain,,2026-06-10T19:43:30Z,2026-07-20T05:59:00Z,,Partido de fútbol,1459,"{""type"": ""LineString"", ""coordinates"": [[-99.1135803515, 19.44255267], [-99.113958543, 19.4426706757]]}","{""id"": ""TTI-0e6b35d1-b793-45b4-b4a5-22dc2fb82b8b-TTR24502297220006001"", ""iconCategory"": 0, ""magnitudeOfDelay"": 0, ""startTime"": ""2026-06-10T19:43:30Z"", ""endTime"": ""2026-07-20T05:59:00Z"", ""from"": ""Avenida Ingeniero Eduardo Molina"", ""to"": ""Calle 18 de Marzo"", ""length"": 41.7694820902, ""delay"": null, ""roadNumbers"": [], ""timeValidity"": ""present"", ""probabilityOfOccurrence"": ""certain"", ""numberOfReports"": null, ""lastReportTime"": null, ""events"": [{""code"": 1459, ""description"": ""Partido de fútbol"", ""iconCategory"": 0}]}"
tomtom,tomtom_cdmx_incidents,2026-07-02T04:34:19Z,2026-07-02,20260702T043415Z,2026-07-02T04:34:15.644151,TTI-0e6b35d1-b793-45b4-b4a5-22dc2fb82b8b-TTR24510952480027000,Feature,LineString,19.3736413133,-99.1120072359,8,Road closed,4,,363.9094233601,Santa María/Eje 3 Oriente (Eje 6 S),Independencia (Eje 6 S),,present,probable,,2026-07-01T15:56:30Z,,,Cerrado,401,"{""type"": ""LineString"", ""coordinates"": [[-99.1106554026, 19.3735689616], [-99.1108672971, 19.3735716501], [-99.111045664, 19.3735796365], [-99.1111663634, 19.3735917346], [-99.1113809401, 19.3736024885], [-99.1115485782, 19.3736077864], [-99.1116652543, 19.3736131633], [-99.1117859537, 19.3736185403], [-99.1119133586, 19.37362795], [-99.1120072359, 19.3736413133], [-99.1121024543, 19.3736587884], [-99.1122539991, 19.3736842498], [-99.1124618703, 19.3737204651], [-99.1125208789, 19.373731219], [-99.1126281673, 19.3737526477], [-99.1128521317, 19.373799617], [-99.1132423932, 19.3738666706], [-99.1140792424, 19.3740369931]]}","{""id"": ""TTI-0e6b35d1-b793-45b4-b4a5-22dc2fb82b8b-TTR24510952480027000"", ""iconCategory"": 8, ""magnitudeOfDelay"": 4, ""startTime"": ""2026-07-01T15:56:30Z"", ""endTime"": null, ""from"": ""Santa María/Eje 3 Oriente (Eje 6 S)"", ""to"": ""Independencia (Eje 6 S)"", ""length"": 363.9094233601, ""delay"": null, ""roadNumbers"": [], ""timeValidity"": ""present"", ""probabilityOfOccurrence"": ""probable"", ""numberOfReports"": null, ""lastReportTime"": null, ""events"": [{""code"": 401, ""description"": ""Cerrado"", ""iconCategory"": 8}]}"
tomtom,tomtom_cdmx_incidents,2026-07-02T04:34:19Z,2026-07-02,20260702T043415Z,2026-07-02T04:34:15.644180,TTI-0e6b35d1-b793-45b4-b4a5-22dc2fb82b8b-TTR24519608392030000,Feature,LineString,19.3433068731,-99.1045506948,8,Road closed,4,,267.6008324323,Avenida Tláhuac / Calle Moctezuma,Calle Tizoc,,present,probable,,2026-06-25T05:59:30Z,,,Cerrado,401,"{""type"": ""LineString"", ""coordinates"": [[-99.1057858521, 19.3436233811], [-99.1053446287, 19.3435026937], [-99.1045506948, 19.3433068731], [-99.104090696, 19.3431942525], [-99.1033195609, 19.3430105319]]}","{""id"": ""TTI-0e6b35d1-b793-45b4-b4a5-22dc2fb82b8b-TTR24519608392030000"", ""iconCategory"": 8, ""magnitudeOfDelay"": 4, ""startTime"": ""2026-06-25T05:59:30Z"", ""endTime"": null, ""from"": ""Avenida Tláhuac / Calle Moctezuma"", ""to"": ""Calle Tizoc"", ""length"": 267.6008324323, ""delay"": null, ""roadNumbers"": [], ""timeValidity"": ""present"", ""probabilityOfOccurrence"": ""probable"", ""numberOfReports"": null, ""lastReportTime"": null, ""events"": [{""code"": 401, ""description"": ""Cerrado"", ""iconCategory"": 8}]}"
tomtom,tomtom_cdmx_incidents,2026-07-02T04:34:19Z,2026-07-02,20260702T043415Z,2026-07-02T04:34:15.644198,TTI-0e6b35d1-b793-45b4-b4a5-22dc2fb82b8b-TTL24508067660019001,Feature,LineString,19.4175477656,-99.1029292995,6,Jam,3,123.0,203.6094101113,Calle Francisco del Paso y Troncoso (Calle Fray Sevando Teresa de Mier),Calle Fernando Iglesias y Calderón (Calle Fray Sevando Teresa de Mier),,present,certain,,2026-07-02T04:26:00Z,2026-07-02T04:57:00Z,,Tráfico parado,101,"{""type"": ""LineString"", ""coordinates"": [[-99.1042784506, 19.4178924297], [-99.103654837, 19.4177368566], [-99.1029292995, 19.4175477656], [-99.1024022454, 19.4174216784]]}","{""id"": ""TTI-0e6b35d1-b793-45b4-b4a5-22dc2fb82b8b-TTL24508067660019001"", ""iconCategory"": 6, ""magnitudeOfDelay"": 3, ""startTime"": ""2026-07-02T04:26:00Z"", ""endTime"": ""2026-07-02T04:57:00Z"", ""from"": ""Calle Francisco del Paso y Troncoso (Calle Fray Sevando Teresa de Mier)"", ""to"": ""Calle Fernando Iglesias y Calderón (Calle Fray Sevando Teresa de Mier)"", ""length"": 203.6094101113, ""delay"": 123, ""roadNumbers"": [], ""timeValidity"": ""present"", ""probabilityOfOccurrence"": ""certain"", ""numberOfReports"": null, ""lastReportTime"": null, ""events"": [{""code"": 101, ""description"": ""Tráfico parado"", ""iconCategory"": 6}]}"
tomtom,tomtom_cdmx_incidents,2026-07-02T04:34:19Z,2026-07-02,20260702T043415Z,2026-07-02T04:34:15.644219,TTI-0e6b35d1-b793-45b4-b4a5-22dc2fb82b8b-TTL24534034200021000,Feature,LineString,19.2448107999,-99.1026235277,6,Jam,1,210.0,456.3623513747,Avenida 16 de Septiembre / Carretera Nueva Carretera Xochimilco-Tulyehualco,Calle Cuatro,,present,certain,,2026-07-02T04:21:30Z,2026-07-02T04:54:00Z,,Tráfico lento,115,"{""type"": ""LineString"", ""coordinates"": [[-99.1024907583, 19.2461425596], [-99.1024853939, 19.2461036254], [-99.1024491841, 19.2460392891], [-99.1023928577, 19.2459709168], [-99.1023365313, 19.2458877463], [-99.1023016626, 19.2458300572], [-99.1022775227, 19.2457509226], [-99.1022694761, 19.2456852408], [-99.1022828871, 19.2456221704], [-99.1023056859, 19.2455672509], [-99.1023190969, 19.2455377336], [-99.1024237031, 19.2452949479], [-99.102447843, 19.245243985], [-99.1024827117, 19.2451661954], [-99.1025242859, 19.245070996], [-99.102563178, 19.2449838683], [-99.1025980467, 19.2448832877], [-99.1026235277, 19.2448107999], [-99.1026718074, 19.2446364651], [-99.1027375215, 19.244388376], [-99.1027509326, 19.2443360676], [-99.1028930897, 19.2437379614], [-99.1029038185, 19.2436682429], [-99.1029011363, 19.2436118983], [-99.1028904075, 19.2435609349], [-99.1028756553, 19.2435220001], [-99.1028448099, 19.2434885257], [-99.1027630025, 19.2434442096], [-99.1027013117, 19.2434241092], [-99.1024894172, 19.2433758363], [-99.1023606712, 19.2433503546], [-99.1022909337, 19.2433356353], [-99.1020602638, 19.2432900531], [-99.1019207889, 19.2432618807], [-99.101523822, 19.2431894713]]}","{""id"": ""TTI-0e6b35d1-b793-45b4-b4a5-22dc2fb82b8b-TTL24534034200021000"", ""iconCategory"": 6, ""magnitudeOfDelay"": 1, ""startTime"": ""2026-07-02T04:21:30Z"", ""endTime"": ""2026-07-02T04:54:00Z"", ""from"": ""Avenida 16 de Septiembre / Carretera Nueva Carretera Xochimilco-Tulyehualco"", ""to"": ""Calle Cuatro"", ""length"": 456.3623513747, ""delay"": 210, ""roadNumbers"": [], ""timeValidity"": ""present"", ""probabilityOfOccurrence"": ""certain"", ""numberOfReports"": null, ""lastReportTime"": null, ""events"": [{""code"": 115, ""description"": ""Tráfico lento"", ""iconCategory"": 6}]}"
tomtom,tomtom_cdmx_incidents,2026-07-02T04:34:19Z,2026-07-02,20260702T043415Z,2026-07-02T04:34:15.644261,TTI-0e6b35d1-b793-45b4-b4a5-22dc2fb82b8b-TTR24508067880014000,Feature,LineString,19.4259672415,-99.1008479053,8,Road closed,4,,62.909321667,Calle Oriente 164,Calle Oriente 162,,present,probable,,2026-07-01T20:46:30Z,,,Cerrado,401,"{""type"": ""LineString"", ""coordinates"": [[-99.100318169, 19.4257017211], [-99.1008479053, 19.4259672415]]}","{""id"": ""TTI-0e6b35d1-b793-45b4-b4a5-22dc2fb82b8b-TTR24508067880014000"", ""iconCategory"": 8, ""magnitudeOfDelay"": 4, ""startTime"": ""2026-07-01T20:46:30Z"", ""endTime"": null, ""from"": ""Calle Oriente 164"", ""to"": ""Calle Oriente 162"", ""length"": 62.909321667, ""delay"": null, ""roadNumbers"": [], ""timeValidity"": ""present"", ""probabilityOfOccurrence"": ""probable"", ""numberOfReports"": null, ""lastReportTime"": null, ""events"": [{""code"": 401, ""description"": ""Cerrado"", ""iconCategory"": 8}]}"
tomtom,tomtom_cdmx_incidents,2026-07-02T04:34:19Z,2026-07-02,20260702T043415Z,2026-07-02T04:34:15.644276,TTI-0e6b35d1-b793-45b4-b4a5-22dc2fb82b8b-TTR24508067844022000,Feature,LineString,19.4260651021,-99.1001210266,8,Road closed,4,,162.46625418,Calle Norte 9,Avenida Iztaccíhuatl,,present,probable,,2026-06-22T22:46:00Z,,,Cerrado,401,"{""type"": ""LineString"", ""coordinates"": [[-99.0996167714, 19.4270038656], [-99.1000030095, 19.4263186067], [-99.1001210266, 19.4260651021], [-99.100318169, 19.4257017211]]}","{""id"": ""TTI-0e6b35d1-b793-45b4-b4a5-22dc2fb82b8b-TTR24508067844022000"", ""iconCategory"": 8, ""magnitudeOfDelay"": 4, ""startTime"": ""2026-06-22T22:46:00Z"", ""endTime"": null, ""from"": ""Calle Norte 9"", ""to"": ""Avenida Iztaccíhuatl"", ""length"": 162.46625418, ""delay"": null, ""roadNumbers"": [], ""timeValidity"": ""present"", ""probabilityOfOccurrence"": ""probable"", ""numberOfReports"": null, ""lastReportTime"": null, ""events"": [{""code"": 401, ""description"": ""Cerrado"", ""iconCategory"": 8}]}"
tomtom,tomtom_cdmx_incidents,2026-07-02T04:34:19Z,2026-07-02,20260702T043415Z,2026-07-02T04:34:15.644293,TTI-0e6b35d1-b793-45b4-b4a5-22dc2fb82b8b-TTR24508067772030000,Feature,LineString,19.4257017211,-99.100318169,8,Road closed,4,,273.0944562955,Avenida Iztaccíhuatl,Calle Norte 9,,present,probable,,2026-06-09T00:52:30Z,,,Cerrado,401,"{""type"": ""LineString"", ""coordinates"": [[-99.1008291298, 19.4248313266], [-99.1007754856, 19.4249198603], [-99.1005045825, 19.4253784955], [-99.100318169, 19.4257017211], [-99.1001210266, 19.4260651021], [-99.1000030095, 19.4263186067], [-99.0996167714, 19.4270038656]]}","{""id"": ""TTI-0e6b35d1-b793-45b4-b4a5-22dc2fb82b8b-TTR24508067772030000"", ""iconCategory"": 8, ""magnitudeOfDelay"": 4, ""startTime"": ""2026-06-09T00:52:30Z"", ""endTime"": null, ""from"": ""Avenida Iztaccíhuatl"", ""to"": ""Calle Norte 9"", ""length"": 273.0944562955, ""delay"": null, ""roadNumbers"": [], ""timeValidity"": ""present"", ""probabilityOfOccurrence"": ""probable"", ""numberOfReports"": null, ""lastReportTime"": null, ""events"": [{""code"": 401, ""description"": ""Cerrado"", ""iconCategory"": 8}]}"
tomtom,tomtom_cdmx_incidents,2026-07-02T04:34:19Z,2026-07-02,20260702T043415Z,2026-07-02T04:34:15.644312,TTI-0e6b35d1-b793-45b4-b4a5-22dc2fb82b8b-TTR24508067808014000,Feature,LineString,19.4254495594,-99.0998206192,8,Road closed,4,,180.6667521457,Calle Oriente 162,Calle Oriente 168,,present,probable,,2026-06-18T21:31:30Z,,,Cerrado,401,"{""type"": ""LineString"", ""coordinates"": [[-99.1008479053, 19.4259672415], [-99.100318169, 19.4257017211], [-99.0998206192, 19.4254495594], [-99.0993284339, 19.4252014286]]}","{""id"": ""TTI-0e6b35d1-b793-45b4-b4a5-22dc2fb82b8b-TTR24508067808014000"", ""iconCategory"": 8, ""magnitudeOfDelay"": 4, ""startTime"": ""2026-06-18T21:31:30Z"", ""endTime"": null, ""from"": ""Calle Oriente 162"", ""to"": ""Calle Oriente 168"", ""length"": 180.6667521457, ""delay"": null, ""roadNumbers"": [], ""timeValidity"": ""present"", ""probabilityOfOccurrence"": ""probable"", ""numberOfReports"": null, ""lastReportTime"": null, ""events"": [{""code"": 401, ""description"": ""Cerrado"", ""iconCategory"": 8}]}"
tomtom,tomtom_cdmx_incidents,2026-07-02T04:34:19Z,2026-07-02,20260702T043415Z,2026-07-02T04:34:15.644331,TTI-0e6b35d1-b793-45b4-b4a5-22dc2fb82b8b-TTR24522493612014000,Feature,LineString,19.3276093021,-99.09808523,8,Road closed,4,,147.2623438755,Calle Cedros,Avenida Tláhuac,,present,probable,,2026-06-26T02:29:00Z,,,Cerrado,401,"{""type"": ""LineString"", ""coordinates"": [[-99.0979269797, 19.32829727], [-99.0979725772, 19.3280719288], [-99.0980248803, 19.3278318756], [-99.09808523, 19.3276093021], [-99.0981871539, 19.3272297242], [-99.0981925184, 19.3272042555], [-99.0982421392, 19.3270071498]]}","{""id"": ""TTI-0e6b35d1-b793-45b4-b4a5-22dc2fb82b8b-TTR24522493612014000"", ""iconCategory"": 8, ""magnitudeOfDelay"": 4, ""startTime"": ""2026-06-26T02:29:00Z"", ""endTime"": null, ""from"": ""Calle Cedros"", ""to"": ""Avenida Tláhuac"", ""length"": 147.2623438755, ""delay"": null, ""roadNumbers"": [], ""timeValidity"": ""present"", ""probabilityOfOccurrence"": ""probable"", ""numberOfReports"": null, ""lastReportTime"": null, ""events"": [{""code"": 401, ""description"": ""Cerrado"", ""iconCategory"": 8}]}"
tomtom,tomtom_cdmx_incidents,2026-07-02T04:34:19Z,2026-07-02,20260702T043415Z,2026-07-02T04:34:15.644350,TTI-0e6b35d1-b793-45b4-b4a5-22dc2fb82b8b-TTR24508067076011000,Feature,LineString,19.3790687805,-99.1094215864,8,Road closed,4,,2706.5379643757,Playa Manzanillo (Eje 5 S),Eje 4 Oriente (Eje 5 S),,present,certain,7.0,2026-07-02T03:17:00Z,,2026-06-01T06:07:00Z,Cerrado,401,"{""type"": ""LineString"", ""coordinates"": [[-99.1227186376, 19.3801430244], [-99.1226180548, 19.3801363035], [-99.1225389296, 19.3801336151], [-99.1224879676, 19.3801322709], [-99.1223632449, 19.3801268942], [-99.1222921664, 19.3801229407], [-99.1221768314, 19.3801189081], [-99.122044062, 19.3801121872], [-99.1219247037, 19.3801068105], [-99.1216538006, 19.3800947128], [-99.1211723441, 19.3800719408], [-99.1209845895, 19.3800638757], [-99.1208062226, 19.3800558896], [-99.1206694299, 19.3800491687], [-99.1203690225, 19.3800196757], [-99.1202536875, 19.3800156431], [-99.119951939, 19.3799954804], [-99.1198822016, 19.3799914478], [-99.1195013279, 19.3799673315], [-99.1191848272, 19.3799445594], [-99.1188897842, 19.3799230525], [-99.118861621, 19.3799203641], [-99.1186524087, 19.3799016246], [-99.1186054701, 19.379897592], [-99.1183654124, 19.3798788525], [-99.1182165498, 19.3798627222], [-99.1181950921, 19.3798600339], [-99.1181575412, 19.3798573455], [-99.1176345104, 19.3798158338], [-99.1175969595, 19.3798131455], [-99.1175714785, 19.3798104571], [-99.1173059398, 19.3797916385], [-99.1171450073, 19.3797796199], [-99.1168606931, 19.3797581129], [-99.1166622096, 19.3797434059], [-99.1165804023, 19.3797366849], [-99.116486525, 19.379729964], [-99.1163685078, 19.3797205547], [-99.1162719482, 19.3797138337], [-99.1159500832, 19.3796883732], [-99.1157515997, 19.3796723221], [-99.1156094426, 19.3796602244], [-99.1153734082, 19.3796454383], [-99.1150434965, 19.3796159452], [-99.114497667, 19.3795730893], [-99.1144265884, 19.3795677126], [-99.1141436154, 19.3795448614], [-99.1137707883, 19.3795153683], [-99.1135535294, 19.3794966287], [-99.1134744042, 19.3794885636], [-99.1132035011, 19.37947781], [-99.112893706, 19.3794563821], [-99.1128025109, 19.3794496611], [-99.1124672347, 19.3794121029], [-99.112174874, 19.3793826098], [-99.1120260114, 19.3793638702], [-99.1118436212, 19.3793222793], [-99.1111395413, 19.3792498511], [-99.1110322529, 19.3792404418], [-99.1109651977, 19.3792337208], [-99.110904848, 19.3792270789], [-99.1107975596, 19.3792163254], [-99.1106714958, 19.3792042277], [-99.110365724, 19.3791733903], [-99.1101886982, 19.3791546507], [-99.1100747043, 19.3791412088], [-99.1098266, 19.379114404], [-99.1097059006, 19.3791009621], [-99.1096562797, 19.3790955853], [-99.109544968, 19.3790835667], [-99.1094792539, 19.3790755015], [-99.1094215864, 19.3790687805], [-99.1093303913, 19.3790594503], [-99.1092687005, 19.3790500409], [-99.109224444, 19.3790473525], [-99.1086960489, 19.3790030732], [-99.1085351163, 19.3789856778], [-99.1083580905, 19.3789614823], [-99.1081126684, 19.3789360217], [-99.1079866046, 19.3789199704], [-99.1078055555, 19.3789038401], [-99.1076446229, 19.3788864446], [-99.1075547689, 19.378875691], [-99.1075024659, 19.3788730027], [-99.1074541861, 19.3788676259], [-99.1073442155, 19.3788529188], [-99.1071028167, 19.3788287233], [-99.106978094, 19.3788140162], [-99.1068976277, 19.3788032627], [-99.1068533713, 19.3788019185], [-99.1068158204, 19.3787992301], [-99.1067782694, 19.3787965417], [-99.1067420596, 19.3787925091], [-99.1064483577, 19.3787643601], [-99.1062431687, 19.3787415878], [-99.1059762889, 19.3787120946], [-99.1058824116, 19.3786999968], [-99.1058086509, 19.3786932758], [-99.1056034619, 19.3786691594], [-99.10554043, 19.37865975], [-99.1054961735, 19.3786557174], [-99.1054572815, 19.3786503406], [-99.1051394397, 19.3786168148], [-99.105014717, 19.3786007635], [-99.1047867292, 19.3785645492], [-99.1046016568, 19.3785444654], [-99.1045426482, 19.3785377444], [-99.1044407243, 19.3785269908], [-99.1043441647, 19.3785175814], [-99.1040960604, 19.3784894323], [-99.1040357107, 19.3784813671], [-99.1038774604, 19.3784626274], [-99.1037648076, 19.3784505297], [-99.1036642248, 19.3784358225], [-99.1034067327, 19.3784036409], [-99.1032913977, 19.3783915431], [-99.1031183952, 19.3783741476], [-99.1028582209, 19.3783405426], [-99.1019905263, 19.3782386206], [-99.1019449288, 19.3782319787], [-99.101845687, 19.3782212251], [-99.1017477864, 19.3782064389], [-99.1016928011, 19.3781984528], [-99.1016244048, 19.3781903876], [-99.1015546674, 19.3781809782], [-99.1014876121, 19.3781715688], [-99.1014044637, 19.3781622384], [-99.10125426, 19.3781434196], [-99.1011295372, 19.3781287125], [-99.1007781679, 19.3780857771], [-99.1004147285, 19.3780414976], [-99.1000955457, 19.3780012506], [-99.0997334474, 19.3779543617], [-99.0994276756, 19.3779141147], [-99.0991326326, 19.3778725235], [-99.0989006215, 19.3778389974], [-99.0987919921, 19.3778216019], [-99.0983695442, 19.3777585034], [-99.0980396325, 19.3777075818], [-99.0976976508, 19.3776526275], [-99.0976265723, 19.3776405297], [-99.0971196348, 19.3775466725], [-99.0970834249, 19.3775318863]]}","{""id"": ""TTI-0e6b35d1-b793-45b4-b4a5-22dc2fb82b8b-TTR24508067076011000"", ""iconCategory"": 8, ""magnitudeOfDelay"": 4, ""startTime"": ""2026-07-02T03:17:00Z"", ""endTime"": null, ""from"": ""Playa Manzanillo (Eje 5 S)"", ""to"": ""Eje 4 Oriente (Eje 5 S)"", ""length"": 2706.5379643757, ""delay"": null, ""roadNumbers"": [], ""timeValidity"": ""present"", ""probabilityOfOccurrence"": ""certain"", ""numberOfReports"": 7, ""lastReportTime"": ""2026-06-01T06:07:00Z"", ""events"": [{""code"": 401, ""description"": ""Cerrado"", ""iconCategory"": 8}]}"
tomtom,tomtom_cdmx_incidents,2026-07-02T04:34:19Z,2026-07-02,20260702T043415Z,2026-07-02T04:34:15.644481,TTI-0e6b35d1-b793-45b4-b4a5-22dc2fb82b8b-TTR24516723492015001,Feature,LineString,19.3746578701,-99.0962680334,0,Unknown,0,,82.7356453856,Eje Vial 4 Oriente Río Churubusco,Cerrada Militares,,present,certain,,2026-06-10T19:37:30Z,2026-07-20T03:00:00Z,,Partido de fútbol,1459,"{""type"": ""LineString"", ""coordinates"": [[-99.0967401022, 19.3746672797], [-99.0963847095, 19.3746605586], [-99.0962680334, 19.3746578701], [-99.0959515327, 19.3746525723]]}","{""id"": ""TTI-0e6b35d1-b793-45b4-b4a5-22dc2fb82b8b-TTR24516723492015001"", ""iconCategory"": 0, ""magnitudeOfDelay"": 0, ""startTime"": ""2026-06-10T19:37:30Z"", ""endTime"": ""2026-07-20T03:00:00Z"", ""from"": ""Eje Vial 4 Oriente Río Churubusco"", ""to"": ""Cerrada Militares"", ""length"": 82.7356453856, ""delay"": null, ""roadNumbers"": [], ""timeValidity"": ""present"", ""probabilityOfOccurrence"": ""certain"", ""numberOfReports"": null, ""lastReportTime"": null, ""events"": [{""code"": 1459, ""description"": ""Partido de fútbol"", ""iconCategory"": 0}]}"
tomtom,tomtom_cdmx_incidents,2026-07-02T04:34:19Z,2026-07-02,20260702T043415Z,2026-07-02T04:34:15.644498,TTI-0e6b35d1-b793-45b4-b4a5-22dc2fb82b8b-TTL24496527360022000,Feature,LineString,19.5132985957,-99.095492875,6,Jam,3,244.0,151.5153586478,Calle del Lago de Texcoco,Calle del Lago de Chapultepec,,present,certain,,2026-07-02T04:25:00Z,2026-07-02T04:53:00Z,,Tráfico parado,101,"{""type"": ""LineString"", ""coordinates"": [[-99.0963686162, 19.5137666194], [-99.0960789377, 19.5136124024], [-99.095492875, 19.5132985957], [-99.0951093191, 19.5130974493]]}","{""id"": ""TTI-0e6b35d1-b793-45b4-b4a5-22dc2fb82b8b-TTL24496527360022000"", ""iconCategory"": 6, ""magnitudeOfDelay"": 3, ""startTime"": ""2026-07-02T04:25:00Z"", ""endTime"": ""2026-07-02T04:53:00Z"", ""from"": ""Calle del Lago de Texcoco"", ""to"": ""Calle del Lago de Chapultepec"", ""length"": 151.5153586478, ""delay"": 244, ""roadNumbers"": [], ""timeValidity"": ""present"", ""probabilityOfOccurrence"": ""certain"", ""numberOfReports"": null, ""lastReportTime"": null, ""events"": [{""code"": 101, ""description"": ""Tráfico parado"", ""iconCategory"": 6}]}"
tomtom,tomtom_cdmx_incidents,2026-07-02T04:34:19Z,2026-07-02,20260702T043415Z,2026-07-02T04:34:15.644515,TTI-0e6b35d1-b793-45b4-b4a5-22dc2fb82b8b-TTL24510953316012000,Feature,LineString,19.421753487,-99.0954499596,6,Jam,2,300.0,370.0350669023,Calle Norte 3,Calzada Ignacio Zaragoza,,present,certain,,2026-07-02T03:59:30Z,2026-07-02T04:55:00Z,,Tráfico en cola,108,"{""type"": ""LineString"", ""coordinates"": [[-99.0946680957, 19.423196528], [-99.0947834307, 19.4229618322], [-99.0948947424, 19.4227619966], [-99.0949309522, 19.4226976507], [-99.0949899608, 19.422591646], [-99.0951415056, 19.4223234324], [-99.0951602811, 19.4222912594], [-99.0954499596, 19.421753487], [-99.0956792885, 19.4213404532], [-99.095787918, 19.4211446471], [-99.0959957892, 19.4207503466], [-99.0960440689, 19.4206644984], [-99.096211707, 19.4203681398], [-99.0962519401, 19.4202970737], [-99.0962854678, 19.4202393671]]}","{""id"": ""TTI-0e6b35d1-b793-45b4-b4a5-22dc2fb82b8b-TTL24510953316012000"", ""iconCategory"": 6, ""magnitudeOfDelay"": 2, ""startTime"": ""2026-07-02T03:59:30Z"", ""endTime"": ""2026-07-02T04:55:00Z"", ""from"": ""Calle Norte 3"", ""to"": ""Calzada Ignacio Zaragoza"", ""length"": 370.0350669023, ""delay"": 300, ""roadNumbers"": [], ""timeValidity"": ""present"", ""probabilityOfOccurrence"": ""certain"", ""numberOfReports"": null, ""lastReportTime"": null, ""events"": [{""code"": 108, ""description"": ""Tráfico en cola"", ""iconCategory"": 6}]}"
tomtom,tomtom_cdmx_incidents,2026-07-02T04:34:19Z,2026-07-02,20260702T043415Z,2026-07-02T04:34:15.644542,TTI-0e6b35d1-b793-45b4-b4a5-22dc2fb82b8b-TTR24525379120015000,Feature,LineString,19.3294895406,-99.0942724699,8,Road closed,4,,97.5701382112,Calle Hermanos Lumiere / Calle Hidalgo,Calle Juan de la Cierva,,present,probable,,2026-06-19T05:49:00Z,,,Cerrado,401,"{""type"": ""LineString"", ""coordinates"": [[-99.0938822085, 19.3294063334], [-99.0939412171, 19.3294184349], [-99.0939854735, 19.3294251579], [-99.0940659398, 19.3294439032], [-99.0942724699, 19.3294895406], [-99.0942885631, 19.3294934953], [-99.094529962, 19.3295793916], [-99.0947351509, 19.3296584857], [-99.0947659963, 19.3296705871]]}","{""id"": ""TTI-0e6b35d1-b793-45b4-b4a5-22dc2fb82b8b-TTR24525379120015000"", ""iconCategory"": 8, ""magnitudeOfDelay"": 4, ""startTime"": ""2026-06-19T05:49:00Z"", ""endTime"": null, ""from"": ""Calle Hermanos Lumiere / Calle Hidalgo"", ""to"": ""Calle Juan de la Cierva"", ""length"": 97.5701382112, ""delay"": null, ""roadNumbers"": [], ""timeValidity"": ""present"", ""probabilityOfOccurrence"": ""probable"", ""numberOfReports"": null, ""lastReportTime"": null, ""events"": [{""code"": 401, ""description"": ""Cerrado"", ""iconCategory"": 8}]}"
tomtom,tomtom_cdmx_incidents,2026-07-02T04:34:19Z,2026-07-02,20260702T043415Z,2026-07-02T04:34:15.644576,TTI-0e6b35d1-b793-45b4-b4a5-22dc2fb82b8b-TTR24525379192015000,Feature,LineString,19.3294895406,-99.0942724699,8,Road closed,4,,97.5701382112,Calle Juan de la Cierva,Calle Hermanos Lumiere / Calle Hidalgo,,present,probable,,2026-06-19T05:49:30Z,,,Cerrado,401,"{""type"": ""LineString"", ""coordinates"": [[-99.0947659963, 19.3296705871], [-99.0947351509, 19.3296584857], [-99.094529962, 19.3295793916], [-99.0942885631, 19.3294934953], [-99.0942724699, 19.3294895406], [-99.0940659398, 19.3294439032], [-99.0939854735, 19.3294251579], [-99.0939412171, 19.3294184349], [-99.0938822085, 19.3294063334]]}","{""id"": ""TTI-0e6b35d1-b793-45b4-b4a5-22dc2fb82b8b-TTR24525379192015000"", ""iconCategory"": 8, ""magnitudeOfDelay"": 4, ""startTime"": ""2026-06-19T05:49:30Z"", ""endTime"": null, ""from"": ""Calle Juan de la Cierva"", ""to"": ""Calle Hermanos Lumiere / Calle Hidalgo"", ""length"": 97.5701382112, ""delay"": null, ""roadNumbers"": [], ""timeValidity"": ""present"", ""probabilityOfOccurrence"": ""probable"", ""numberOfReports"": null, ""lastReportTime"": null, ""events"": [{""code"": 401, ""description"": ""Cerrado"", ""iconCategory"": 8}]}"
tomtom,tomtom_cdmx_incidents,2026-07-02T04:34:19Z,2026-07-02,20260702T043415Z,2026-07-02T04:34:15.644600,TTI-0e6b35d1-b793-45b4-b4a5-22dc2fb82b8b-TTR24496527720023000,Feature,LineString,19.5329887108,-99.0917055959,8,Road closed,4,,159.0173223596,Avenida Acueducto / Calle de la Cantera,Calle Estrellas / Calle del Cerro de las Cruces,,present,probable,,2026-06-12T05:54:00Z,,,Cerrado,401,"{""type"": ""LineString"", ""coordinates"": [[-99.0904986018, 19.532288654], [-99.0911342853, 19.5326534549], [-99.0917055959, 19.5329887108], [-99.0917833799, 19.5330235476], [-99.0917954499, 19.5330302622]]}","{""id"": ""TTI-0e6b35d1-b793-45b4-b4a5-22dc2fb82b8b-TTR24496527720023000"", ""iconCategory"": 8, ""magnitudeOfDelay"": 4, ""startTime"": ""2026-06-12T05:54:00Z"", ""endTime"": null, ""from"": ""Avenida Acueducto / Calle de la Cantera"", ""to"": ""Calle Estrellas / Calle del Cerro de las Cruces"", ""length"": 159.0173223596, ""delay"": null, ""roadNumbers"": [], ""timeValidity"": ""present"", ""probabilityOfOccurrence"": ""probable"", ""numberOfReports"": null, ""lastReportTime"": null, ""events"": [{""code"": 401, ""description"": ""Cerrado"", ""iconCategory"": 8}]}"
tomtom,tomtom_cdmx_incidents,2026-07-02T04:34:19Z,2026-07-02,20260702T043415Z,2026-07-02T04:34:15.644618,TTI-0e6b35d1-b793-45b4-b4a5-22dc2fb82b8b-TTR24496527648023000,Feature,LineString,19.5329887108,-99.0917055959,8,Road closed,4,,159.0173223596,Calle Estrellas / Calle del Cerro de las Cruces,Avenida Acueducto / Calle de la Cantera,,present,probable,,2026-06-12T05:54:30Z,,,Cerrado,401,"{""type"": ""LineString"", ""coordinates"": [[-99.0917954499, 19.5330302622], [-99.0917833799, 19.5330235476], [-99.0917055959, 19.5329887108], [-99.0911342853, 19.5326534549], [-99.0904986018, 19.532288654]]}","{""id"": ""TTI-0e6b35d1-b793-45b4-b4a5-22dc2fb82b8b-TTR24496527648023000"", ""iconCategory"": 8, ""magnitudeOfDelay"": 4, ""startTime"": ""2026-06-12T05:54:30Z"", ""endTime"": null, ""from"": ""Calle Estrellas / Calle del Cerro de las Cruces"", ""to"": ""Avenida Acueducto / Calle de la Cantera"", ""length"": 159.0173223596, ""delay"": null, ""roadNumbers"": [], ""timeValidity"": ""present"", ""probabilityOfOccurrence"": ""probable"", ""numberOfReports"": null, ""lastReportTime"": null, ""events"": [{""code"": 401, ""description"": ""Cerrado"", ""iconCategory"": 8}]}"
tomtom,tomtom_cdmx_incidents,2026-07-02T04:34:19Z,2026-07-02,20260702T043415Z,2026-07-02T04:34:15.644636,TTI-0e6b35d1-b793-45b4-b4a5-22dc2fb82b8b-TTL24502297724011002,Feature,LineString,19.47625327,-99.0910497958,6,Jam,3,178.0,187.5182311663,Eje 3 Oriente/Avenida Ingeniero Eduardo Molina (Calzada San Juan de Aragon/Eje 5 N),Camino a San Juan de Aragon (Avenida Rio de Guadalupe/Eje 5 N),,present,certain,,2026-07-02T04:32:00Z,2026-07-02T04:53:00Z,,Tráfico parado,101,"{""type"": ""LineString"", ""coordinates"": [[-99.0919376069, 19.4766193826], [-99.0918370241, 19.4765778167], [-99.0918182486, 19.4765710997], [-99.0917552167, 19.476544311], [-99.0917002314, 19.4765228168], [-99.0915983075, 19.4764799075], [-99.09132204, 19.4763659566], [-99.0910927111, 19.4762720774], [-99.0910497958, 19.47625327], [-99.0909907872, 19.4762305114], [-99.0909384841, 19.4762090172], [-99.0907842571, 19.4761446135], [-99.0906421, 19.4760829756], [-99.0905750448, 19.4760547644], [-99.0904959196, 19.4760212586], [-99.0904020423, 19.4759823793], [-99.0903014594, 19.4759381264]]}","{""id"": ""TTI-0e6b35d1-b793-45b4-b4a5-22dc2fb82b8b-TTL24502297724011002"", ""iconCategory"": 6, ""magnitudeOfDelay"": 3, ""startTime"": ""2026-07-02T04:32:00Z"", ""endTime"": ""2026-07-02T04:53:00Z"", ""from"": ""Eje 3 Oriente/Avenida Ingeniero Eduardo Molina (Calzada San Juan de Aragon/Eje 5 N)"", ""to"": ""Camino a San Juan de Aragon (Avenida Rio de Guadalupe/Eje 5 N)"", ""length"": 187.5182311663, ""delay"": 178, ""roadNumbers"": [], ""timeValidity"": ""present"", ""probabilityOfOccurrence"": ""certain"", ""numberOfReports"": null, ""lastReportTime"": null, ""events"": [{""code"": 101, ""description"": ""Tráfico parado"", ""iconCategory"": 6}]}"
tomtom,tomtom_cdmx_incidents,2026-07-02T04:34:19Z,2026-07-02,20260702T043415Z,2026-07-02T04:34:15.644664,TTI-0e6b35d1-b793-45b4-b4a5-22dc2fb82b8b-TTR24496527696007000,Feature,LineString,19.532288654,-99.0904986018,8,Road closed,4,,45.6587277494,Avenida Acueducto,Calle del Cerro Estrella,,present,probable,,2026-06-25T01:19:00Z,,,Cerrado,401,"{""type"": ""LineString"", ""coordinates"": [[-99.0901096815, 19.5324737404], [-99.0904986018, 19.532288654]]}","{""id"": ""TTI-0e6b35d1-b793-45b4-b4a5-22dc2fb82b8b-TTR24496527696007000"", ""iconCategory"": 8, ""magnitudeOfDelay"": 4, ""startTime"": ""2026-06-25T01:19:00Z"", ""endTime"": null, ""from"": ""Avenida Acueducto"", ""to"": ""Calle del Cerro Estrella"", ""length"": 45.6587277494, ""delay"": null, ""roadNumbers"": [], ""timeValidity"": ""present"", ""probabilityOfOccurrence"": ""probable"", ""numberOfReports"": null, ""lastReportTime"": null, ""events"": [{""code"": 401, ""description"": ""Cerrado"", ""iconCategory"": 8}]}"
tomtom,tomtom_cdmx_incidents,2026-07-02T04:34:19Z,2026-07-02,20260702T043415Z,2026-07-02T04:34:15.644680,TTI-0e6b35d1-b793-45b4-b4a5-22dc2fb82b8b-TTR24496527624007000,Feature,LineString,19.5324737404,-99.0901096815,8,Road closed,4,,45.6587277494,Calle del Cerro Estrella,Avenida Acueducto,,present,probable,,2026-06-13T15:40:30Z,,,Cerrado,401,"{""type"": ""LineString"", ""coordinates"": [[-99.0904986018, 19.532288654], [-99.0901096815, 19.5324737404]]}","{""id"": ""TTI-0e6b35d1-b793-45b4-b4a5-22dc2fb82b8b-TTR24496527624007000"", ""iconCategory"": 8, ""magnitudeOfDelay"": 4, ""startTime"": ""2026-06-13T15:40:30Z"", ""endTime"": null, ""from"": ""Calle del Cerro Estrella"", ""to"": ""Avenida Acueducto"", ""length"": 45.6587277494, ""delay"": null, ""roadNumbers"": [], ""timeValidity"": ""present"", ""probabilityOfOccurrence"": ""probable"", ""numberOfReports"": null, ""lastReportTime"": null, ""events"": [{""code"": 401, ""description"": ""Cerrado"", ""iconCategory"": 8}]}"
tomtom,tomtom_cdmx_incidents,2026-07-02T04:34:19Z,2026-07-02,20260702T043415Z,2026-07-02T04:34:15.644694,TTI-0e6b35d1-b793-45b4-b4a5-22dc2fb82b8b-TTR24513838456017001,Feature,LineString,19.4079615425,-99.0889187807,0,Unknown,0,,197.4727551008,Calle Río Churubusco/Boulevard Puerto Aereo (Viaducto Rio Piedad/Viaducto Río de la Piedad),Calzada Ignacio Zaragoza (Viaducto Rio Piedad/Viaducto Río de la Piedad),,present,certain,,2026-06-11T18:58:00Z,2026-07-20T03:00:00Z,,Partido de fútbol,1459,"{""type"": ""LineString"", ""coordinates"": [[-99.0900949293, 19.4081184688], [-99.0895692164, 19.4080420216], [-99.0895169133, 19.4080353018], [-99.0894646102, 19.4080285821], [-99.0889187807, 19.4079615425], [-99.0887256616, 19.4079374303], [-99.0886063033, 19.4079226468], [-99.0884614641, 19.4079025666], [-99.0882307941, 19.4078690468]]}","{""id"": ""TTI-0e6b35d1-b793-45b4-b4a5-22dc2fb82b8b-TTR24513838456017001"", ""iconCategory"": 0, ""magnitudeOfDelay"": 0, ""startTime"": ""2026-06-11T18:58:00Z"", ""endTime"": ""2026-07-20T03:00:00Z"", ""from"": ""Calle Río Churubusco/Boulevard Puerto Aereo (Viaducto Rio Piedad/Viaducto Río de la Piedad)"", ""to"": ""Calzada Ignacio Zaragoza (Viaducto Rio Piedad/Viaducto Río de la Piedad)"", ""length"": 197.4727551008, ""delay"": null, ""roadNumbers"": [], ""timeValidity"": ""present"", ""probabilityOfOccurrence"": ""certain"", ""numberOfReports"": null, ""lastReportTime"": null, ""events"": [{""code"": 1459, ""description"": ""Partido de fútbol"", ""iconCategory"": 0}]}"
tomtom,tomtom_cdmx_incidents,2026-07-02T04:34:19Z,2026-07-02,20260702T043415Z,2026-07-02T04:34:15.644716,TTI-0e6b35d1-b793-45b4-b4a5-22dc2fb82b8b-TTL24536919932005000,Feature,LineString,19.2595321225,-99.0890394801,6,Jam,3,227.0,213.4974092999,Miguel Hidalgo/Calle Miguel Hidalgo (Avenida Nuevo/Calle Nuevo León),Avenida Tenochtitlan/Calle México (Avenida Nuevo/Avenida Nuevo León),,present,certain,,2026-07-02T04:14:00Z,2026-07-02T05:07:00Z,,Tráfico parado,101,"{""type"": ""LineString"", ""coordinates"": [[-99.0899930054, 19.2598245003], [-99.0897395367, 19.259742682], [-99.0893921906, 19.2596353845], [-99.0892513746, 19.2595898068], [-99.0890394801, 19.2595321225], [-99.0888423377, 19.2594610655], [-99.0881771499, 19.2592076181], [-99.0880792493, 19.2591781033]]}","{""id"": ""TTI-0e6b35d1-b793-45b4-b4a5-22dc2fb82b8b-TTL24536919932005000"", ""iconCategory"": 6, ""magnitudeOfDelay"": 3, ""startTime"": ""2026-07-02T04:14:00Z"", ""endTime"": ""2026-07-02T05:07:00Z"", ""from"": ""Miguel Hidalgo/Calle Miguel Hidalgo (Avenida Nuevo/Calle Nuevo León)"", ""to"": ""Avenida Tenochtitlan/Calle México (Avenida Nuevo/Avenida Nuevo León)"", ""length"": 213.4974092999, ""delay"": 227, ""roadNumbers"": [], ""timeValidity"": ""present"", ""probabilityOfOccurrence"": ""certain"", ""numberOfReports"": null, ""lastReportTime"": null, ""events"": [{""code"": 101, ""description"": ""Tráfico parado"", ""iconCategory"": 6}]}"
tomtom,tomtom_cdmx_incidents,2026-07-02T04:34:19Z,2026-07-02,20260702T043415Z,2026-07-02T04:34:15.644737,TTI-0e6b35d1-b793-45b4-b4a5-22dc2fb82b8b-TTR24528264520007000,Feature,LineString,19.3224580719,-99.0860903913,8,Road closed,4,,43.9303071275,Avenida Tláhuac / Cerrada San Francisco de Asís,Cerrada Anáhuac,,present,probable,,2026-06-18T20:03:30Z,,,Cerrado,401,"{""type"": ""LineString"", ""coordinates"": [[-99.0865034515, 19.3225224574], [-99.0860903913, 19.3224580719]]}","{""id"": ""TTI-0e6b35d1-b793-45b4-b4a5-22dc2fb82b8b-TTR24528264520007000"", ""iconCategory"": 8, ""magnitudeOfDelay"": 4, ""startTime"": ""2026-06-18T20:03:30Z"", ""endTime"": null, ""from"": ""Avenida Tláhuac / Cerrada San Francisco de Asís"", ""to"": ""Cerrada Anáhuac"", ""length"": 43.9303071275, ""delay"": null, ""roadNumbers"": [], ""timeValidity"": ""present"", ""probabilityOfOccurrence"": ""probable"", ""numberOfReports"": null, ""lastReportTime"": null, ""events"": [{""code"": 401, ""description"": ""Cerrado"", ""iconCategory"": 8}]}"
tomtom,tomtom_cdmx_incidents,2026-07-02T04:34:19Z,2026-07-02,20260702T043415Z,2026-07-02T04:34:15.644752,TTI-0e6b35d1-b793-45b4-b4a5-22dc2fb82b8b-TTR24528264592007000,Feature,LineString,19.3225224574,-99.0865034515,8,Road closed,4,,43.9303071275,Cerrada Anáhuac,Avenida Tláhuac / Cerrada San Francisco de Asís,,present,probable,,2026-03-25T22:55:00Z,,,Cerrado,401,"{""type"": ""LineString"", ""coordinates"": [[-99.0860903913, 19.3224580719], [-99.0865034515, 19.3225224574]]}","{""id"": ""TTI-0e6b35d1-b793-45b4-b4a5-22dc2fb82b8b-TTR24528264592007000"", ""iconCategory"": 8, ""magnitudeOfDelay"": 4, ""startTime"": ""2026-03-25T22:55:00Z"", ""endTime"": null, ""from"": ""Cerrada Anáhuac"", ""to"": ""Avenida Tláhuac / Cerrada San Francisco de Asís"", ""length"": 43.9303071275, ""delay"": null, ""roadNumbers"": [], ""timeValidity"": ""present"", ""probabilityOfOccurrence"": ""probable"", ""numberOfReports"": null, ""lastReportTime"": null, ""events"": [{""code"": 401, ""description"": ""Cerrado"", ""iconCategory"": 8}]}"
tomtom,tomtom_cdmx_incidents,2026-07-02T04:34:19Z,2026-07-02,20260702T043415Z,2026-07-02T04:34:15.644767,TTI-0e6b35d1-b793-45b4-b4a5-22dc2fb82b8b-TTL24490757360023000,Feature,LineString,19.5657384463,-99.0877533609,6,Jam,2,480.0,1048.0038321209,Calle Palmas,Calle 16 de Septiembre,,present,certain,,2026-07-02T04:29:30Z,2026-07-02T05:00:00Z,,Tráfico en cola,108,"{""type"": ""LineString"", ""coordinates"": [[-99.0844676548, 19.5615957791], [-99.0845843309, 19.5617567426], [-99.0848941261, 19.5621469877], [-99.0850443298, 19.5623213774], [-99.0851972157, 19.5624983734], [-99.0854010636, 19.5627867317], [-99.0854654366, 19.5629100994], [-99.0855740661, 19.5630482363], [-99.0856907421, 19.5631917437], [-99.0857457274, 19.5632722247], [-99.0859415287, 19.5635350711], [-99.0860407704, 19.5636732074], [-99.0862982625, 19.5640151911], [-99.0864645594, 19.564224409], [-99.0866362208, 19.5644604007], [-99.0867743546, 19.5646387369], [-99.0869071239, 19.5647943268], [-99.0872464234, 19.5651658465], [-99.0874288136, 19.5653696922], [-99.0875226909, 19.5654675476], [-99.0877533609, 19.5657384463], [-99.0879545266, 19.5659798853], [-99.0882053131, 19.5662507832], [-99.088460123, 19.5665243658], [-99.0886036211, 19.5666786113], [-99.0886545831, 19.5667376083], [-99.0886974985, 19.5667791511], [-99.0887779647, 19.5668381481], [-99.0888986641, 19.5669239978], [-99.0890864188, 19.567029987], [-99.089321112, 19.5671385824], [-99.089577263, 19.5672632894], [-99.0898052508, 19.5673571947], [-99.0898991281, 19.567396052], [-99.090038603, 19.5674590767], [-99.0904074067, 19.5676254049], [-99.0905106717, 19.5676696327], [-99.0906273478, 19.5677206526], [-99.0907279307, 19.5677675656], [-99.0912120694, 19.567975436], [-99.0914185995, 19.5680706835]]}","{""id"": ""TTI-0e6b35d1-b793-45b4-b4a5-22dc2fb82b8b-TTL24490757360023000"", ""iconCategory"": 6, ""magnitudeOfDelay"": 2, ""startTime"": ""2026-07-02T04:29:30Z"", ""endTime"": ""2026-07-02T05:00:00Z"", ""from"": ""Calle Palmas"", ""to"": ""Calle 16 de Septiembre"", ""length"": 1048.0038321209, ""delay"": 480, ""roadNumbers"": [], ""timeValidity"": ""present"", ""probabilityOfOccurrence"": ""certain"", ""numberOfReports"": null, ""lastReportTime"": null, ""events"": [{""code"": 108, ""description"": ""Tráfico en cola"", ""iconCategory"": 6}]}"
tomtom,tomtom_cdmx_incidents,2026-07-02T04:34:19Z,2026-07-02,20260702T043415Z,2026-07-02T04:34:15.644814,TTI-0e6b35d1-b793-45b4-b4a5-22dc2fb82b8b-TTL24505183264015000,Feature,LineString,19.4767226653,-99.0852589065,6,Jam,3,194.0,143.6869828733,Calle Puerto Acapulco,Calle Puerto San Blas,,present,certain,,2026-07-02T04:32:30Z,2026-07-02T04:53:00Z,,Tráfico parado,101,"{""type"": ""LineString"", ""coordinates"": [[-99.0843523198, 19.4765791601], [-99.0848324353, 19.4766569184], [-99.0852589065, 19.4767226653], [-99.0857041532, 19.4767924423]]}","{""id"": ""TTI-0e6b35d1-b793-45b4-b4a5-22dc2fb82b8b-TTL24505183264015000"", ""iconCategory"": 6, ""magnitudeOfDelay"": 3, ""startTime"": ""2026-07-02T04:32:30Z"", ""endTime"": ""2026-07-02T04:53:00Z"", ""from"": ""Calle Puerto Acapulco"", ""to"": ""Calle Puerto San Blas"", ""length"": 143.6869828733, ""delay"": 194, ""roadNumbers"": [], ""timeValidity"": ""present"", ""probabilityOfOccurrence"": ""certain"", ""numberOfReports"": null, ""lastReportTime"": null, ""events"": [{""code"": 101, ""description"": ""Tráfico parado"", ""iconCategory"": 6}]}"
tomtom,tomtom_cdmx_incidents,2026-07-02T04:34:19Z,2026-07-02,20260702T043415Z,2026-07-02T04:34:15.644832,TTI-0e6b35d1-b793-45b4-b4a5-22dc2fb82b8b-TTR24516723792014000,Feature,LineString,19.3930484991,-99.0843295211,8,Road closed,4,,96.5387577393,Avenida Ernesto Peralta Uruchurtu,Calle Oriente 217,,present,probable,,2026-06-28T10:41:00Z,,,Cerrado,401,"{""type"": ""LineString"", ""coordinates"": [[-99.0847895199, 19.3933126497], [-99.0843295211, 19.3930484991], [-99.0840036327, 19.3928607235]]}","{""id"": ""TTI-0e6b35d1-b793-45b4-b4a5-22dc2fb82b8b-TTR24516723792014000"", ""iconCategory"": 8, ""magnitudeOfDelay"": 4, ""startTime"": ""2026-06-28T10:41:00Z"", ""endTime"": null, ""from"": ""Avenida Ernesto Peralta Uruchurtu"", ""to"": ""Calle Oriente 217"", ""length"": 96.5387577393, ""delay"": null, ""roadNumbers"": [], ""timeValidity"": ""present"", ""probabilityOfOccurrence"": ""probable"", ""numberOfReports"": null, ""lastReportTime"": null, ""events"": [{""code"": 401, ""description"": ""Cerrado"", ""iconCategory"": 8}]}"
tomtom,tomtom_cdmx_incidents,2026-07-02T04:34:19Z,2026-07-02,20260702T043415Z,2026-07-02T04:34:15.644848,TTI-0e6b35d1-b793-45b4-b4a5-22dc2fb82b8b-TTL24505183308015000,Feature,LineString,19.4862364768,-99.0827845687,6,Jam,3,156.0,124.1219648911,Camino de la Enseñanza,Camino Parque Central / Camino de la Secretaria A,,present,certain,,2026-07-02T04:26:00Z,2026-07-02T04:53:00Z,,Tráfico parado,101,"{""type"": ""LineString"", ""coordinates"": [[-99.0829736644, 19.4858113593], [-99.0829575712, 19.4858475496], [-99.0827845687, 19.4862364768], [-99.0825136656, 19.4868399362]]}","{""id"": ""TTI-0e6b35d1-b793-45b4-b4a5-22dc2fb82b8b-TTL24505183308015000"", ""iconCategory"": 6, ""magnitudeOfDelay"": 3, ""startTime"": ""2026-07-02T04:26:00Z"", ""endTime"": ""2026-07-02T04:53:00Z"", ""from"": ""Camino de la Enseñanza"", ""to"": ""Camino Parque Central / Camino de la Secretaria A"", ""length"": 124.1219648911, ""delay"": 156, ""roadNumbers"": [], ""timeValidity"": ""present"", ""probabilityOfOccurrence"": ""certain"", ""numberOfReports"": null, ""lastReportTime"": null, ""events"": [{""code"": 101, ""description"": ""Tráfico parado"", ""iconCategory"": 6}]}"
tomtom,tomtom_cdmx_incidents,2026-07-02T04:34:19Z,2026-07-02,20260702T043415Z,2026-07-02T04:34:15.644865,TTI-0e6b35d1-b793-45b4-b4a5-22dc2fb82b8b-TTR24508068376002000,Feature,LineString,19.4640317617,-99.082005387,9,Road works,0,,47.5002201044,Avenida 535 (Avenida 510/Eje 4 Nte),Avenida Ingeniero José Loreto Fabela (Talisman/Eje 4 Nte),,present,probable,,2026-07-01T20:21:00Z,,,Obras | Nuevo trazado de carretera por obras,"701,810","{""type"": ""LineString"", ""coordinates"": [[-99.0824439281, 19.4641390828], [-99.082005387, 19.4640317617]]}","{""id"": ""TTI-0e6b35d1-b793-45b4-b4a5-22dc2fb82b8b-TTR24508068376002000"", ""iconCategory"": 9, ""magnitudeOfDelay"": 0, ""startTime"": ""2026-07-01T20:21:00Z"", ""endTime"": null, ""from"": ""Avenida 535 (Avenida 510/Eje 4 Nte)"", ""to"": ""Avenida Ingeniero José Loreto Fabela (Talisman/Eje 4 Nte)"", ""length"": 47.5002201044, ""delay"": null, ""roadNumbers"": [], ""timeValidity"": ""present"", ""probabilityOfOccurrence"": ""probable"", ""numberOfReports"": null, ""lastReportTime"": null, ""events"": [{""code"": 701, ""description"": ""Obras"", ""iconCategory"": 9}, {""code"": 810, ""description"": ""Nuevo trazado de carretera por obras"", ""iconCategory"": 9}]}"
tomtom,tomtom_cdmx_incidents,2026-07-02T04:34:19Z,2026-07-02,20260702T043415Z,2026-07-02T04:34:15.644882,TTI-0e6b35d1-b793-45b4-b4a5-22dc2fb82b8b-TTR24508068448002001,Feature,LineString,19.464177965,-99.0817157084,1,Accident,0,,43.6991940624,Avenida Ingeniero José Loreto Fabela (Talisman/Eje 4 Nte),Avenida 535 (Avenida 510/Eje 4 Nte),,present,certain,,2026-07-01T15:07:00Z,2026-07-07T15:02:00Z,,Incidente,214,"{""type"": ""LineString"", ""coordinates"": [[-99.0813120359, 19.4640800483], [-99.0817157084, 19.464177965]]}","{""id"": ""TTI-0e6b35d1-b793-45b4-b4a5-22dc2fb82b8b-TTR24508068448002001"", ""iconCategory"": 1, ""magnitudeOfDelay"": 0, ""startTime"": ""2026-07-01T15:07:00Z"", ""endTime"": ""2026-07-07T15:02:00Z"", ""from"": ""Avenida Ingeniero José Loreto Fabela (Talisman/Eje 4 Nte)"", ""to"": ""Avenida 535 (Avenida 510/Eje 4 Nte)"", ""length"": 43.6991940624, ""delay"": null, ""roadNumbers"": [], ""timeValidity"": ""present"", ""probabilityOfOccurrence"": ""certain"", ""numberOfReports"": null, ""lastReportTime"": null, ""events"": [{""code"": 214, ""description"": ""Incidente"", ""iconCategory"": 1}]}"
tomtom,tomtom_cdmx_incidents,2026-07-02T04:34:19Z,2026-07-02,20260702T043415Z,2026-07-02T04:34:15.644898,TTI-0e6b35d1-b793-45b4-b4a5-22dc2fb82b8b-TTR24522494344043000,Feature,LineString,19.366990838,-99.0868038589,8,Road closed,4,,2424.2026583504,Ferrocarril San Rafael Atlixco (Eje 6 S),Calle Paraje Hualquila (Eje 6 S),,present,probable,,2026-07-01T15:45:00Z,,,Cerrado,401,"{""type"": ""LineString"", ""coordinates"": [[-99.0800755376, 19.3715653225], [-99.0800969952, 19.3716069153], [-99.0801908726, 19.3716712814], [-99.0802431756, 19.3717048086], [-99.0802901143, 19.3717262376], [-99.0803866738, 19.3717624534], [-99.0805583352, 19.3718254751], [-99.0807796174, 19.3718818547], [-99.0809673721, 19.3719140377], [-99.0811671966, 19.3719462206], [-99.0813415402, 19.3719568956], [-99.0816499943, 19.3719489091], [-99.0817398483, 19.3719341224], [-99.0818082446, 19.3719180704], [-99.0818887109, 19.3718965624], [-99.0820255035, 19.3718442947], [-99.0821220631, 19.3718053904], [-99.082262879, 19.3717464014], [-99.0824372226, 19.3716618716], [-99.0825686509, 19.3715774208], [-99.0826383883, 19.3715103662], [-99.0827148312, 19.3714392788], [-99.0827564055, 19.3714003744], [-99.0829897577, 19.3711442539], [-99.0834350044, 19.3706144571], [-99.0836898142, 19.3703100208], [-99.0838802511, 19.3700739835], [-99.0839768106, 19.3699613813], [-99.0841404253, 19.3697708905], [-99.0843764597, 19.3694852725], [-99.0846661383, 19.3691338635], [-99.0848740095, 19.3688871494], [-99.0849745923, 19.3687624479], [-99.0850161666, 19.3687127886], [-99.0853541249, 19.3683091092], [-99.0856035704, 19.3680100458], [-99.0857390219, 19.3678504713], [-99.0857859606, 19.3677967789], [-99.0858328992, 19.3677431656], [-99.0858905667, 19.3676761095], [-99.0860434526, 19.3674951051], [-99.0861064845, 19.3674293931], [-99.0861829275, 19.367354271], [-99.0863358134, 19.3672308336], [-99.0864793116, 19.3671410033], [-99.0865879411, 19.3670847012], [-99.0866952294, 19.3670323529], [-99.0868038589, 19.366990838], [-99.0869191939, 19.3669505883], [-99.0870345289, 19.3669251258], [-99.0871270651, 19.3669116828], [-99.0872249657, 19.3668995842], [-99.0874435657, 19.366884876], [-99.0876514369, 19.366884876], [-99.0878713781, 19.3668875646], [-99.0879397744, 19.3668902532], [-99.0880658382, 19.3668956304], [-99.0881007069, 19.3668969747], [-99.0881288701, 19.3668969747], [-99.0881771499, 19.3668969747], [-99.0890864188, 19.3669157157], [-99.0893626863, 19.3669210929], [-99.0897288078, 19.3669264701], [-99.0899983698, 19.3669452111], [-99.0904637331, 19.3669573097], [-99.0910712534, 19.3669747065], [-99.0919148082, 19.3669921823], [-99.0920676941, 19.3669975594], [-99.0922487432, 19.3670028575], [-99.0929769629, 19.3670176447], [-99.0940444821, 19.3670525173], [-99.0944494957, 19.3670578944], [-99.0949483866, 19.367069914], [-99.0951093191, 19.3670726026], [-99.0953761989, 19.3670900784], [-99.0957597548, 19.3671289837], [-99.0961795205, 19.3671933516], [-99.0962908322, 19.3672134369], [-99.0966448838, 19.3672778046], [-99.0967776531, 19.36731671], [-99.0968420261, 19.3673367953], [-99.0969131047, 19.3673583039], [-99.0970150286, 19.3673918321], [-99.0971129292, 19.367419983], [-99.097391879, 19.3675004031], [-99.0977499539, 19.367607709], [-99.0981321687, 19.367725769], [-99.0993324572, 19.3681039085], [-99.0995979959, 19.3681857516], [-99.099804526, 19.368250119], [-99.1001357788, 19.3683480143], [-99.100267207, 19.3683922965], [-99.100382542, 19.3684351554], [-99.1004992181, 19.3684834704]]}","{""id"": ""TTI-0e6b35d1-b793-45b4-b4a5-22dc2fb82b8b-TTR24522494344043000"", ""iconCategory"": 8, ""magnitudeOfDelay"": 4, ""startTime"": ""2026-07-01T15:45:00Z"", ""endTime"": null, ""from"": ""Ferrocarril San Rafael Atlixco (Eje 6 S)"", ""to"": ""Calle Paraje Hualquila (Eje 6 S)"", ""length"": 2424.2026583504, ""delay"": null, ""roadNumbers"": [], ""timeValidity"": ""present"", ""probabilityOfOccurrence"": ""probable"", ""numberOfReports"": null, ""lastReportTime"": null, ""events"": [{""code"": 401, ""description"": ""Cerrado"", ""iconCategory"": 8}]}"
tomtom,tomtom_cdmx_incidents,2026-07-02T04:34:19Z,2026-07-02,20260702T043415Z,2026-07-02T04:34:15.644986,TTI-0e6b35d1-b793-45b4-b4a5-22dc2fb82b8b-TTL24499412972014000,Feature,LineString,19.5190787996,-99.0816406065,6,Jam,2,166.0,519.5507185095,Eje Vial Vía José María Morelos,Calle Siderurgia,,present,certain,,2026-07-02T04:08:00Z,2026-07-02T04:54:00Z,,Tráfico en cola,108,"{""type"": ""LineString"", ""coordinates"": [[-99.0846312696, 19.520269671], [-99.0841015333, 19.5200631612], [-99.0837327296, 19.5199249875], [-99.0821019465, 19.5192651651], [-99.0817854458, 19.5191378141], [-99.0816406065, 19.5190787996], [-99.0813160592, 19.5189473402], [-99.0808278972, 19.5187448579], [-99.0805274898, 19.5186187704], [-99.0800741965, 19.5184309821]]}","{""id"": ""TTI-0e6b35d1-b793-45b4-b4a5-22dc2fb82b8b-TTL24499412972014000"", ""iconCategory"": 6, ""magnitudeOfDelay"": 2, ""startTime"": ""2026-07-02T04:08:00Z"", ""endTime"": ""2026-07-02T04:54:00Z"", ""from"": ""Eje Vial Vía José María Morelos"", ""to"": ""Calle Siderurgia"", ""length"": 519.5507185095, ""delay"": 166, ""roadNumbers"": [], ""timeValidity"": ""present"", ""probabilityOfOccurrence"": ""certain"", ""numberOfReports"": null, ""lastReportTime"": null, ""events"": [{""code"": 108, ""description"": ""Tráfico en cola"", ""iconCategory"": 6}]}"
tomtom,tomtom_cdmx_incidents,2026-07-02T04:34:19Z,2026-07-02,20260702T043415Z,2026-07-02T04:34:15.645012,TTI-0e6b35d1-b793-45b4-b4a5-22dc2fb82b8b-TTL24528264592014000,Feature,LineString,19.3256794488,-99.0830407196,6,Jam,1,127.0,586.3458219474,Calle Verín,Granjas Estrella,,present,certain,,2026-07-02T04:23:00Z,2026-07-02T04:53:00Z,,Tráfico lento,115,"{""type"": ""LineString"", ""coordinates"": [[-99.0795592123, 19.3250464418], [-99.0799333805, 19.3251108263], [-99.081081366, 19.3253106235], [-99.0816768164, 19.3254232565], [-99.083007192, 19.3256727256], [-99.0830407196, 19.3256794488], [-99.083212381, 19.3257089516], [-99.083404159, 19.3257451776], [-99.0840452069, 19.3258578103], [-99.084405964, 19.3259221944], [-99.0850443298, 19.3260522281]]}","{""id"": ""TTI-0e6b35d1-b793-45b4-b4a5-22dc2fb82b8b-TTL24528264592014000"", ""iconCategory"": 6, ""magnitudeOfDelay"": 1, ""startTime"": ""2026-07-02T04:23:00Z"", ""endTime"": ""2026-07-02T04:53:00Z"", ""from"": ""Calle Verín"", ""to"": ""Granjas Estrella"", ""length"": 586.3458219474, ""delay"": 127, ""roadNumbers"": [], ""timeValidity"": ""present"", ""probabilityOfOccurrence"": ""certain"", ""numberOfReports"": null, ""lastReportTime"": null, ""events"": [{""code"": 115, ""description"": ""Tráfico lento"", ""iconCategory"": 6}]}"
tomtom,tomtom_cdmx_incidents,2026-07-02T04:34:19Z,2026-07-02,20260702T043415Z,2026-07-02T04:34:15.645034,TTI-0e6b35d1-b793-45b4-b4a5-22dc2fb82b8b-TTR24534035260006000,Feature,LineString,19.3070474686,-99.0797134394,8,Road closed,4,,83.4628469954,Avenida José Clemente Orozco / Cerrada 18,Calle 10,,present,probable,,2026-07-01T18:28:00Z,,,Cerrado,401,"{""type"": ""LineString"", ""coordinates"": [[-99.0793955976, 19.3068181429], [-99.0795686001, 19.3069468469], [-99.0797134394, 19.3070474686], [-99.0800326222, 19.3072673806]]}","{""id"": ""TTI-0e6b35d1-b793-45b4-b4a5-22dc2fb82b8b-TTR24534035260006000"", ""iconCategory"": 8, ""magnitudeOfDelay"": 4, ""startTime"": ""2026-07-01T18:28:00Z"", ""endTime"": null, ""from"": ""Avenida José Clemente Orozco / Cerrada 18"", ""to"": ""Calle 10"", ""length"": 83.4628469954, ""delay"": null, ""roadNumbers"": [], ""timeValidity"": ""present"", ""probabilityOfOccurrence"": ""probable"", ""numberOfReports"": null, ""lastReportTime"": null, ""events"": [{""code"": 401, ""description"": ""Cerrado"", ""iconCategory"": 8}]}"
tomtom,tomtom_cdmx_incidents,2026-07-02T04:34:19Z,2026-07-02,20260702T043415Z,2026-07-02T04:34:15.645051,TTI-0e6b35d1-b793-45b4-b4a5-22dc2fb82b8b-TTR24534035224013000,Feature,LineString,19.3042083629,-99.0795283669,8,Road closed,4,,117.8384888568,Calle 20,Calle Río Mixteco,,present,probable,,2026-07-01T19:44:00Z,,,Cerrado,401,"{""type"": ""LineString"", ""coordinates"": [[-99.0791045779, 19.3047407484], [-99.0793124491, 19.3044725782], [-99.0794425362, 19.3043156312], [-99.0795283669, 19.3042083629], [-99.0796356553, 19.3040648637], [-99.0797308737, 19.3039495264], [-99.0797764713, 19.3038918577]]}","{""id"": ""TTI-0e6b35d1-b793-45b4-b4a5-22dc2fb82b8b-TTR24534035224013000"", ""iconCategory"": 8, ""magnitudeOfDelay"": 4, ""startTime"": ""2026-07-01T19:44:00Z"", ""endTime"": null, ""from"": ""Calle 20"", ""to"": ""Calle Río Mixteco"", ""length"": 117.8384888568, ""delay"": null, ""roadNumbers"": [], ""timeValidity"": ""present"", ""probabilityOfOccurrence"": ""probable"", ""numberOfReports"": null, ""lastReportTime"": null, ""events"": [{""code"": 401, ""description"": ""Cerrado"", ""iconCategory"": 8}]}"
tomtom,tomtom_cdmx_incidents,2026-07-02T04:34:19Z,2026-07-02,20260702T043415Z,2026-07-02T04:34:15.645070,TTI-0e6b35d1-b793-45b4-b4a5-22dc2fb82b8b-TTR24516723936015000,Feature,LineString,19.4064434203,-99.0797000283,8,Road closed,4,,121.5827899346,Viaducto Río de la Piedad,Avenida Río Churubusco,,present,probable,,2026-07-01T16:49:00Z,,,Cerrado,401,"{""type"": ""LineString"", ""coordinates"": [[-99.0799803192, 19.4066030361], [-99.0797000283, 19.4064434203], [-99.079016065, 19.4059968274]]}","{""id"": ""TTI-0e6b35d1-b793-45b4-b4a5-22dc2fb82b8b-TTR24516723936015000"", ""iconCategory"": 8, ""magnitudeOfDelay"": 4, ""startTime"": ""2026-07-01T16:49:00Z"", ""endTime"": null, ""from"": ""Viaducto Río de la Piedad"", ""to"": ""Avenida Río Churubusco"", ""length"": 121.5827899346, ""delay"": null, ""roadNumbers"": [], ""timeValidity"": ""present"", ""probabilityOfOccurrence"": ""probable"", ""numberOfReports"": null, ""lastReportTime"": null, ""events"": [{""code"": 401, ""description"": ""Cerrado"", ""iconCategory"": 8}]}"
tomtom,tomtom_cdmx_incidents,2026-07-02T04:34:19Z,2026-07-02,20260702T043415Z,2026-07-02T04:34:15.645086,TTI-0e6b35d1-b793-45b4-b4a5-22dc2fb82b8b-TTR24502298176018000,Feature,LineString,19.5046068859,-99.078387087,8,Road closed,4,,220.0703200129,Anillo Periférico / Avenida Río de los Remedios,Autopista Urbana Siervo de La Nación,,present,probable,,2026-06-02T15:31:00Z,,,Cerrado,401,"{""type"": ""LineString"", ""coordinates"": [[-99.078746503, 19.5043856605], [-99.0788175815, 19.5044553465], [-99.0788564736, 19.50451168], [-99.0788658613, 19.5045412294], [-99.0788672024, 19.5045774156], [-99.078861838, 19.5046122586], [-99.0788604969, 19.5046176312], [-99.0788444036, 19.5046551605], [-99.0788135582, 19.5046873961], [-99.0787773484, 19.504712837], [-99.0787411386, 19.5047262686], [-99.0787116343, 19.5047316412], [-99.0786646956, 19.5047316412], [-99.0786003226, 19.504720896], [-99.0785855705, 19.5047155234], [-99.0784688944, 19.5046659057], [-99.0784300023, 19.5046377785], [-99.078387087, 19.5046068859], [-99.0783334428, 19.504554582], [-99.0782771164, 19.5044660918], [-99.0782637054, 19.5044325919], [-99.0782516354, 19.5043883468], [-99.078246271, 19.5043520816], [-99.0782449299, 19.5043426795], [-99.0782422477, 19.5042206893], [-99.0782476121, 19.5041764441], [-99.0782556588, 19.5041201105], [-99.0782637054, 19.5040678063], [-99.0782878453, 19.5040034137], [-99.0783200318, 19.5039229822], [-99.0783669704, 19.503837099], [-99.0784112269, 19.5037674126], [-99.0784581655, 19.5036855588], [-99.0784943754, 19.5036145293], [-99.0785171741, 19.5035232732]]}","{""id"": ""TTI-0e6b35d1-b793-45b4-b4a5-22dc2fb82b8b-TTR24502298176018000"", ""iconCategory"": 8, ""magnitudeOfDelay"": 4, ""startTime"": ""2026-06-02T15:31:00Z"", ""endTime"": null, ""from"": ""Anillo Periférico / Avenida Río de los Remedios"", ""to"": ""Autopista Urbana Siervo de La Nación"", ""length"": 220.0703200129, ""delay"": null, ""roadNumbers"": [], ""timeValidity"": ""present"", ""probabilityOfOccurrence"": ""probable"", ""numberOfReports"": null, ""lastReportTime"": null, ""events"": [{""code"": 401, ""description"": ""Cerrado"", ""iconCategory"": 8}]}"
tomtom,tomtom_cdmx_incidents,2026-07-02T04:34:19Z,2026-07-02,20260702T043415Z,2026-07-02T04:34:15.645127,TTI-0e6b35d1-b793-45b4-b4a5-22dc2fb82b8b-TTR24508068632029001,Feature,LineString,19.4776104824,-99.0781282538,0,Unknown,0,,269.8129458347,Calle Puerto Tampico,Avenida Francisco Morazán / Calle Estado de Baja California S,,present,certain,,2026-01-26T14:04:00Z,2026-07-20T03:00:00Z,,Partido de fútbol,1459,"{""type"": ""LineString"", ""coordinates"": [[-99.0788296515, 19.47578253], [-99.0787250453, 19.4760789454], [-99.0786660367, 19.4762371493], [-99.0784890109, 19.4767052013], [-99.0783495361, 19.4770847467], [-99.0781282538, 19.4776104824], [-99.0780853385, 19.4777218247], [-99.0780611986, 19.4777901788], [-99.0780062133, 19.4779309962], [-99.0779753679, 19.4780100973], [-99.0779539102, 19.4780637532]]}","{""id"": ""TTI-0e6b35d1-b793-45b4-b4a5-22dc2fb82b8b-TTR24508068632029001"", ""iconCategory"": 0, ""magnitudeOfDelay"": 0, ""startTime"": ""2026-01-26T14:04:00Z"", ""endTime"": ""2026-07-20T03:00:00Z"", ""from"": ""Calle Puerto Tampico"", ""to"": ""Avenida Francisco Morazán / Calle Estado de Baja California S"", ""length"": 269.8129458347, ""delay"": null, ""roadNumbers"": [], ""timeValidity"": ""present"", ""probabilityOfOccurrence"": ""certain"", ""numberOfReports"": null, ""lastReportTime"": null, ""events"": [{""code"": 1459, ""description"": ""Partido de fútbol"", ""iconCategory"": 0}]}"
tomtom,tomtom_cdmx_incidents,2026-07-02T04:34:19Z,2026-07-02,20260702T043415Z,2026-07-02T04:34:15.645150,TTI-0e6b35d1-b793-45b4-b4a5-22dc2fb82b8b-TTR24499413292030000,Feature,LineString,19.5389190856,-99.077218985,8,Road closed,4,,185.6992042069,Calle Guerrero S,Calle Morelos,,present,probable,,2026-06-26T02:24:30Z,,,Cerrado,401,"{""type"": ""LineString"", ""coordinates"": [[-99.0769641751, 19.5398739414], [-99.0770500058, 19.5395426494], [-99.0771237666, 19.5392704429], [-99.077168023, 19.539108193], [-99.077218985, 19.5389190856], [-99.077271288, 19.538729978], [-99.0773074979, 19.5385985346], [-99.0774000341, 19.5382552332]]}","{""id"": ""TTI-0e6b35d1-b793-45b4-b4a5-22dc2fb82b8b-TTR24499413292030000"", ""iconCategory"": 8, ""magnitudeOfDelay"": 4, ""startTime"": ""2026-06-26T02:24:30Z"", ""endTime"": null, ""from"": ""Calle Guerrero S"", ""to"": ""Calle Morelos"", ""length"": 185.6992042069, ""delay"": null, ""roadNumbers"": [], ""timeValidity"": ""present"", ""probabilityOfOccurrence"": ""probable"", ""numberOfReports"": null, ""lastReportTime"": null, ""events"": [{""code"": 401, ""description"": ""Cerrado"", ""iconCategory"": 8}]}"
tomtom,tomtom_cdmx_incidents,2026-07-02T04:34:19Z,2026-07-02,20260702T043415Z,2026-07-02T04:34:15.645170,TTI-0e6b35d1-b793-45b4-b4a5-22dc2fb82b8b-TTR24502298124074000,Feature,LineString,19.5017168672,-99.0796343142,8,Road closed,4,,946.8956619365,Ejido (Avenida Gran Canal),Avenida Anillo Periférico/Rio de los Remedios (Avenida Gran Canal),,present,probable,,2026-04-18T14:11:33Z,,,Cerrado,401,"{""type"": ""LineString"", ""coordinates"": [[-99.0815614814, 19.4986738298], [-99.0812892372, 19.4990855605], [-99.0811028236, 19.4993484324], [-99.0809003168, 19.4996153334], [-99.0808560604, 19.4996770413], [-99.0806991512, 19.4998955869], [-99.0805999094, 19.5000351209], [-99.0805543119, 19.5001182407], [-99.0805248076, 19.5001919582], [-99.0804926211, 19.5002885888], [-99.0804765278, 19.5003770813], [-99.0804523879, 19.5004722897], [-99.0804202014, 19.5005554093], [-99.0803719217, 19.5006399511], [-99.0799883658, 19.5011978467], [-99.0798462087, 19.501415047], [-99.0797670835, 19.5015290592], [-99.0796343142, 19.5017168672], [-99.0791166478, 19.5024195847], [-99.0786123926, 19.5031907216], [-99.078425979, 19.5034763415], [-99.0782556588, 19.5037378631], [-99.0781711692, 19.5038720211], [-99.0780826563, 19.5039980411], [-99.0780303532, 19.5040851884], [-99.0779539102, 19.5042086009], [-99.077937817, 19.5042367281], [-99.0778533274, 19.5043896899], [-99.0776722783, 19.5048295333], [-99.0775314623, 19.5051326113], [-99.0774805003, 19.5052331895], [-99.0774188095, 19.5053364538], [-99.0773571187, 19.5054129342], [-99.0772350782, 19.5055215711], [-99.076847499, 19.505872922]]}","{""id"": ""TTI-0e6b35d1-b793-45b4-b4a5-22dc2fb82b8b-TTR24502298124074000"", ""iconCategory"": 8, ""magnitudeOfDelay"": 4, ""startTime"": ""2026-04-18T14:11:33Z"", ""endTime"": null, ""from"": ""Ejido (Avenida Gran Canal)"", ""to"": ""Avenida Anillo Periférico/Rio de los Remedios (Avenida Gran Canal)"", ""length"": 946.8956619365, ""delay"": null, ""roadNumbers"": [], ""timeValidity"": ""present"", ""probabilityOfOccurrence"": ""probable"", ""numberOfReports"": null, ""lastReportTime"": null, ""events"": [{""code"": 401, ""description"": ""Cerrado"", ""iconCategory"": 8}]}"
tomtom,tomtom_cdmx_incidents,2026-07-02T04:34:19Z,2026-07-02,20260702T043415Z,2026-07-02T04:34:15.645212,TTI-0e6b35d1-b793-45b4-b4a5-22dc2fb82b8b-TTR24499413236046000,Feature,LineString,19.5392704429,-99.0771237666,8,Road closed,4,,308.4698388985,Calle José María Pino Suárez,Calle Guerrero S,,present,probable,,2026-06-26T02:27:30Z,,,Cerrado,401,"{""type"": ""LineString"", ""coordinates"": [[-99.0786968821, 19.539418], [-99.078617757, 19.5394005428], [-99.0781228894, 19.5393455643], [-99.0778935605, 19.53932945], [-99.0771237666, 19.5392704429], [-99.0770500058, 19.5395426494], [-99.0769641751, 19.5398739414], [-99.0768488401, 19.5402802747], [-99.0767804438, 19.5405122729]]}","{""id"": ""TTI-0e6b35d1-b793-45b4-b4a5-22dc2fb82b8b-TTR24499413236046000"", ""iconCategory"": 8, ""magnitudeOfDelay"": 4, ""startTime"": ""2026-06-26T02:27:30Z"", ""endTime"": null, ""from"": ""Calle José María Pino Suárez"", ""to"": ""Calle Guerrero S"", ""length"": 308.4698388985, ""delay"": null, ""roadNumbers"": [], ""timeValidity"": ""present"", ""probabilityOfOccurrence"": ""probable"", ""numberOfReports"": null, ""lastReportTime"": null, ""events"": [{""code"": 401, ""description"": ""Cerrado"", ""iconCategory"": 8}]}"
tomtom,tomtom_cdmx_incidents,2026-07-02T04:34:19Z,2026-07-02,20260702T043415Z,2026-07-02T04:34:15.645233,TTI-0e6b35d1-b793-45b4-b4a5-22dc2fb82b8b-TTR24522494380011000,Feature,LineString,19.3696945043,-99.0774174684,8,Road closed,4,,631.3136093929,Ferrocarril San Rafael Atlixco (Eje 6 S),Eje 5 Oriente/Cazuelas (Eje 6 S),,present,certain,1.0,2026-07-01T13:31:30Z,,2025-03-09T21:22:00Z,Cerrado,401,"{""type"": ""LineString"", ""coordinates"": [[-99.0748385245, 19.3683158306], [-99.0750879699, 19.3684566639], [-99.075589543, 19.3687248871], [-99.0761769468, 19.3690373129], [-99.0765537971, 19.3692384797], [-99.0769896561, 19.3694704855], [-99.077206915, 19.3695871999], [-99.0774174684, 19.3696945043], [-99.0778586918, 19.3699385287], [-99.077898925, 19.3699613813], [-99.0780826563, 19.3700914589], [-99.0785319263, 19.3704294231], [-99.0794505829, 19.3710932511], [-99.0795940811, 19.3711951775], [-99.0798703486, 19.3714044072]]}","{""id"": ""TTI-0e6b35d1-b793-45b4-b4a5-22dc2fb82b8b-TTR24522494380011000"", ""iconCategory"": 8, ""magnitudeOfDelay"": 4, ""startTime"": ""2026-07-01T13:31:30Z"", ""endTime"": null, ""from"": ""Ferrocarril San Rafael Atlixco (Eje 6 S)"", ""to"": ""Eje 5 Oriente/Cazuelas (Eje 6 S)"", ""length"": 631.3136093929, ""delay"": null, ""roadNumbers"": [], ""timeValidity"": ""present"", ""probabilityOfOccurrence"": ""certain"", ""numberOfReports"": 1, ""lastReportTime"": ""2025-03-09T21:22:00Z"", ""events"": [{""code"": 401, ""description"": ""Cerrado"", ""iconCategory"": 8}]}"
tomtom,tomtom_cdmx_incidents,2026-07-02T04:34:19Z,2026-07-02,20260702T043415Z,2026-07-02T04:34:15.645259,TTI-0e6b35d1-b793-45b4-b4a5-22dc2fb82b8b-TTR24505183700050000,Feature,LineString,19.5039189527,-99.0764813775,8,Road closed,4,,593.0142217868,Anillo Periférico,Las Vegas Xalostoc,,present,probable,,2026-04-18T21:00:00Z,,,Cerrado,401,"{""type"": ""LineString"", ""coordinates"": [[-99.0741626078, 19.5023122889], [-99.0743020827, 19.5023927213], [-99.0744335109, 19.5025215077], [-99.0745086128, 19.5026234307], [-99.0745381171, 19.5027025197], [-99.0745609158, 19.5027830308], [-99.0746105367, 19.5028849536], [-99.0746346766, 19.502927856], [-99.0747097784, 19.5029895627], [-99.0747768337, 19.5030472398], [-99.0748224312, 19.5031276718], [-99.0749230141, 19.5031772899], [-99.0750463957, 19.5032376534], [-99.0754286105, 19.5033999392], [-99.0754943246, 19.5034280667], [-99.0760441774, 19.5036828725], [-99.0761206204, 19.5037030199], [-99.0761997455, 19.5037110789], [-99.0762909407, 19.5037526379], [-99.0764156634, 19.5038451579], [-99.0764813775, 19.5039189527], [-99.0765149051, 19.5039457369], [-99.076552456, 19.5039752864], [-99.0766758376, 19.5040289337], [-99.0769360119, 19.5041804736], [-99.0770660991, 19.5042903754], [-99.0772739703, 19.5045009348], [-99.07732225, 19.5046015133], [-99.0773410255, 19.5046404648], [-99.0773785764, 19.504720896], [-99.077398693, 19.5048214744], [-99.0774053985, 19.5049073571], [-99.0774027163, 19.5049998765], [-99.0773946697, 19.5050468077], [-99.0773772353, 19.5051098568], [-99.0773450488, 19.5051916308], [-99.0772954279, 19.5052908658], [-99.0772230083, 19.5054048754], [-99.0770888978, 19.5055725316], [-99.076847499, 19.505872922]]}","{""id"": ""TTI-0e6b35d1-b793-45b4-b4a5-22dc2fb82b8b-TTR24505183700050000"", ""iconCategory"": 8, ""magnitudeOfDelay"": 4, ""startTime"": ""2026-04-18T21:00:00Z"", ""endTime"": null, ""from"": ""Anillo Periférico"", ""to"": ""Las Vegas Xalostoc"", ""length"": 593.0142217868, ""delay"": null, ""roadNumbers"": [], ""timeValidity"": ""present"", ""probabilityOfOccurrence"": ""probable"", ""numberOfReports"": null, ""lastReportTime"": null, ""events"": [{""code"": 401, ""description"": ""Cerrado"", ""iconCategory"": 8}]}"
tomtom,tomtom_cdmx_incidents,2026-07-02T04:34:19Z,2026-07-02,20260702T043415Z,2026-07-02T04:34:15.645305,TTI-0e6b35d1-b793-45b4-b4a5-22dc2fb82b8b-TTR24534035224013001,Feature,LineString,19.3112746309,-99.0738890225,8,Road closed,4,,103.7339934444,Otro Sin Referencia,Calle Unidad Nacional,,present,probable,,2026-07-02T01:41:00Z,,,Cerrado,401,"{""type"": ""LineString"", ""coordinates"": [[-99.0737763697, 19.3114181238], [-99.0738608593, 19.3113081706], [-99.0738890225, 19.3112746309], [-99.0739882642, 19.3111606434], [-99.0743758434, 19.3106765318]]}","{""id"": ""TTI-0e6b35d1-b793-45b4-b4a5-22dc2fb82b8b-TTR24534035224013001"", ""iconCategory"": 8, ""magnitudeOfDelay"": 4, ""startTime"": ""2026-07-02T01:41:00Z"", ""endTime"": null, ""from"": ""Otro Sin Referencia"", ""to"": ""Calle Unidad Nacional"", ""length"": 103.7339934444, ""delay"": null, ""roadNumbers"": [], ""timeValidity"": ""present"", ""probabilityOfOccurrence"": ""probable"", ""numberOfReports"": null, ""lastReportTime"": null, ""events"": [{""code"": 401, ""description"": ""Cerrado"", ""iconCategory"": 8}]}"
tomtom,tomtom_cdmx_incidents,2026-07-02T04:34:19Z,2026-07-02,20260702T043415Z,2026-07-02T04:34:15.645327,TTI-0e6b35d1-b793-45b4-b4a5-22dc2fb82b8b-TTR24519609456015000,Feature,LineString,19.4091417673,-99.0742229575,8,Road closed,4,,107.6090979028,Calle Comunal,Avenida Río Churubusco,,present,probable,,2026-06-18T01:07:30Z,,,Cerrado,401,"{""type"": ""LineString"", ""coordinates"": [[-99.0735912973, 19.4095051853], [-99.0742229575, 19.4091417673], [-99.0744670385, 19.4090008902]]}","{""id"": ""TTI-0e6b35d1-b793-45b4-b4a5-22dc2fb82b8b-TTR24519609456015000"", ""iconCategory"": 8, ""magnitudeOfDelay"": 4, ""startTime"": ""2026-06-18T01:07:30Z"", ""endTime"": null, ""from"": ""Calle Comunal"", ""to"": ""Avenida Río Churubusco"", ""length"": 107.6090979028, ""delay"": null, ""roadNumbers"": [], ""timeValidity"": ""present"", ""probabilityOfOccurrence"": ""probable"", ""numberOfReports"": null, ""lastReportTime"": null, ""events"": [{""code"": 401, ""description"": ""Cerrado"", ""iconCategory"": 8}]}"
tomtom,tomtom_cdmx_incidents,2026-07-02T04:34:19Z,2026-07-02,20260702T043415Z,2026-07-02T04:34:15.645343,TTI-0e6b35d1-b793-45b4-b4a5-22dc2fb82b8b-TTR24534035368013000,Feature,LineString,19.3120497597,-99.0732533389,8,Road closed,4,,148.4603216387,Otro Sin Referencia,Otro Sin Referencia,,present,probable,,2026-06-29T23:50:30Z,,,Cerrado,401,"{""type"": ""LineString"", ""coordinates"": [[-99.0729046518, 19.3124695569], [-99.0729770714, 19.3123837307], [-99.0730454677, 19.312300594], [-99.0731634849, 19.312151723], [-99.0732533389, 19.3120497597], [-99.0734317058, 19.3118338884], [-99.0735819095, 19.3116514773], [-99.0737763697, 19.3114181238]]}","{""id"": ""TTI-0e6b35d1-b793-45b4-b4a5-22dc2fb82b8b-TTR24534035368013000"", ""iconCategory"": 8, ""magnitudeOfDelay"": 4, ""startTime"": ""2026-06-29T23:50:30Z"", ""endTime"": null, ""from"": ""Otro Sin Referencia"", ""to"": ""Otro Sin Referencia"", ""length"": 148.4603216387, ""delay"": null, ""roadNumbers"": [], ""timeValidity"": ""present"", ""probabilityOfOccurrence"": ""probable"", ""numberOfReports"": null, ""lastReportTime"": null, ""events"": [{""code"": 401, ""description"": ""Cerrado"", ""iconCategory"": 8}]}"
tomtom,tomtom_cdmx_incidents,2026-07-02T04:34:19Z,2026-07-02,20260702T043415Z,2026-07-02T04:34:15.645363,TTI-0e6b35d1-b793-45b4-b4a5-22dc2fb82b8b-TTR24519609256021001,Feature,LineString,19.4003253306,-99.074075436,0,Unknown,0,,248.5223324237,Calle Oriente 237,Eje 5 Oriente Javier Rojo Gómez,,present,certain,,2026-06-10T19:28:30Z,2026-07-20T03:00:00Z,,Partido de fútbol,1459,"{""type"": ""LineString"", ""coordinates"": [[-99.0746936852, 19.4004205187], [-99.0745770091, 19.4004031255], [-99.074075436, 19.4003253306], [-99.0723588222, 19.4000396871]]}","{""id"": ""TTI-0e6b35d1-b793-45b4-b4a5-22dc2fb82b8b-TTR24519609256021001"", ""iconCategory"": 0, ""magnitudeOfDelay"": 0, ""startTime"": ""2026-06-10T19:28:30Z"", ""endTime"": ""2026-07-20T03:00:00Z"", ""from"": ""Calle Oriente 237"", ""to"": ""Eje 5 Oriente Javier Rojo Gómez"", ""length"": 248.5223324237, ""delay"": null, ""roadNumbers"": [], ""timeValidity"": ""present"", ""probabilityOfOccurrence"": ""certain"", ""numberOfReports"": null, ""lastReportTime"": null, ""events"": [{""code"": 1459, ""description"": ""Partido de fútbol"", ""iconCategory"": 0}]}"
tomtom,tomtom_cdmx_incidents,2026-07-02T04:34:19Z,2026-07-02,20260702T043415Z,2026-07-02T04:34:15.645379,TTI-0e6b35d1-b793-45b4-b4a5-22dc2fb82b8b-TTR24502298516022000,Feature,LineString,19.5243841692,-99.0718706602,8,Road closed,4,,223.6813136698,Calle 14,Calle 10,,present,probable,,2026-06-10T02:08:00Z,,,Cerrado,401,"{""type"": ""LineString"", ""coordinates"": [[-99.0707307214, 19.5239281841], [-99.0717070454, 19.5243184417], [-99.0718706602, 19.5243841692], [-99.0721965486, 19.5245156241], [-99.0726954395, 19.5247140703]]}","{""id"": ""TTI-0e6b35d1-b793-45b4-b4a5-22dc2fb82b8b-TTR24502298516022000"", ""iconCategory"": 8, ""magnitudeOfDelay"": 4, ""startTime"": ""2026-06-10T02:08:00Z"", ""endTime"": null, ""from"": ""Calle 14"", ""to"": ""Calle 10"", ""length"": 223.6813136698, ""delay"": null, ""roadNumbers"": [], ""timeValidity"": ""present"", ""probabilityOfOccurrence"": ""probable"", ""numberOfReports"": null, ""lastReportTime"": null, ""events"": [{""code"": 401, ""description"": ""Cerrado"", ""iconCategory"": 8}]}"
tomtom,tomtom_cdmx_incidents,2026-07-02T04:34:19Z,2026-07-02,20260702T043415Z,2026-07-02T04:34:15.645397,TTI-0e6b35d1-b793-45b4-b4a5-22dc2fb82b8b-TTR24502298444022000,Feature,LineString,19.5243841692,-99.0718706602,8,Road closed,4,,223.6813136698,Calle 10,Calle 14,,present,probable,,2026-06-10T15:42:00Z,,,Cerrado,401,"{""type"": ""LineString"", ""coordinates"": [[-99.0726954395, 19.5247140703], [-99.0721965486, 19.5245156241], [-99.0718706602, 19.5243841692], [-99.0717070454, 19.5243184417], [-99.0707307214, 19.5239281841]]}","{""id"": ""TTI-0e6b35d1-b793-45b4-b4a5-22dc2fb82b8b-TTR24502298444022000"", ""iconCategory"": 8, ""magnitudeOfDelay"": 4, ""startTime"": ""2026-06-10T15:42:00Z"", ""endTime"": null, ""from"": ""Calle 10"", ""to"": ""Calle 14"", ""length"": 223.6813136698, ""delay"": null, ""roadNumbers"": [], ""timeValidity"": ""present"", ""probabilityOfOccurrence"": ""probable"", ""numberOfReports"": null, ""lastReportTime"": null, ""events"": [{""code"": 401, ""description"": ""Cerrado"", ""iconCategory"": 8}]}"
tomtom,tomtom_cdmx_incidents,2026-07-02T04:34:19Z,2026-07-02,20260702T043415Z,2026-07-02T04:34:15.645414,TTI-0e6b35d1-b793-45b4-b4a5-22dc2fb82b8b-TTR24531150100022000,Feature,LineString,19.331058604,-99.0701607519,8,Road closed,4,,199.164219137,Calle Bellavista,Calle Nautla,,present,probable,,2026-06-30T22:01:00Z,,,Cerrado,401,"{""type"": ""LineString"", ""coordinates"": [[-99.0701808685, 19.3309500087], [-99.0701755041, 19.3309821206], [-99.0701607519, 19.331058604], [-99.0699877495, 19.331910201], [-99.0698335224, 19.3327108579]]}","{""id"": ""TTI-0e6b35d1-b793-45b4-b4a5-22dc2fb82b8b-TTR24531150100022000"", ""iconCategory"": 8, ""magnitudeOfDelay"": 4, ""startTime"": ""2026-06-30T22:01:00Z"", ""endTime"": null, ""from"": ""Calle Bellavista"", ""to"": ""Calle Nautla"", ""length"": 199.164219137, ""delay"": null, ""roadNumbers"": [], ""timeValidity"": ""present"", ""probabilityOfOccurrence"": ""probable"", ""numberOfReports"": null, ""lastReportTime"": null, ""events"": [{""code"": 401, ""description"": ""Cerrado"", ""iconCategory"": 8}]}"
tomtom,tomtom_cdmx_incidents,2026-07-02T04:34:19Z,2026-07-02,20260702T043415Z,2026-07-02T04:34:15.645431,TTI-0e6b35d1-b793-45b4-b4a5-22dc2fb82b8b-TTR24531150172006000,Feature,LineString,19.331058604,-99.0701607519,8,Road closed,4,,199.164219137,Calle Nautla,Calle Bellavista,,present,probable,,2026-07-01T14:02:00Z,,,Cerrado,401,"{""type"": ""LineString"", ""coordinates"": [[-99.0698335224, 19.3327108579], [-99.0699877495, 19.331910201], [-99.0701607519, 19.331058604], [-99.0701755041, 19.3309821206], [-99.0701808685, 19.3309500087]]}","{""id"": ""TTI-0e6b35d1-b793-45b4-b4a5-22dc2fb82b8b-TTR24531150172006000"", ""iconCategory"": 8, ""magnitudeOfDelay"": 4, ""startTime"": ""2026-07-01T14:02:00Z"", ""endTime"": null, ""from"": ""Calle Nautla"", ""to"": ""Calle Bellavista"", ""length"": 199.164219137, ""delay"": null, ""roadNumbers"": [], ""timeValidity"": ""present"", ""probabilityOfOccurrence"": ""probable"", ""numberOfReports"": null, ""lastReportTime"": null, ""events"": [{""code"": 401, ""description"": ""Cerrado"", ""iconCategory"": 8}]}"
tomtom,tomtom_cdmx_incidents,2026-07-02T04:34:19Z,2026-07-02,20260702T043415Z,2026-07-02T04:34:15.645449,TTI-0e6b35d1-b793-45b4-b4a5-22dc2fb82b8b-TTR24502298332021000,Feature,LineString,19.5158882733,-99.0693091506,8,Road closed,4,,173.9825637367,Calle Gran Canal de Desagüe,Autopista Urbana Siervo de La Nación,,present,probable,,2026-04-18T21:45:00Z,,,Puente cerrado,24,"{""type"": ""LineString"", ""coordinates"": [[-99.0693171972, 19.5165400512], [-99.0693104917, 19.5163603187], [-99.0692997629, 19.5162463959], [-99.0692836696, 19.5161015037], [-99.0692809874, 19.5159607195], [-99.0693091506, 19.5158882733], [-99.0693359727, 19.5158400021], [-99.0693936402, 19.5157608406], [-99.0696122402, 19.515468527], [-99.0697034353, 19.5153384078], [-99.0697879249, 19.5151091386]]}","{""id"": ""TTI-0e6b35d1-b793-45b4-b4a5-22dc2fb82b8b-TTR24502298332021000"", ""iconCategory"": 8, ""magnitudeOfDelay"": 4, ""startTime"": ""2026-04-18T21:45:00Z"", ""endTime"": null, ""from"": ""Calle Gran Canal de Desagüe"", ""to"": ""Autopista Urbana Siervo de La Nación"", ""length"": 173.9825637367, ""delay"": null, ""roadNumbers"": [], ""timeValidity"": ""present"", ""probabilityOfOccurrence"": ""probable"", ""numberOfReports"": null, ""lastReportTime"": null, ""events"": [{""code"": 24, ""description"": ""Puente cerrado"", ""iconCategory"": 8}]}"
tomtom,tomtom_cdmx_incidents,2026-07-02T04:34:19Z,2026-07-02,20260702T043415Z,2026-07-02T04:34:15.645472,TTI-0e6b35d1-b793-45b4-b4a5-22dc2fb82b8b-TTR24502298340021000,Feature,LineString,19.5172306958,-99.0689457113,8,Road closed,4,,164.9179610003,Calle Gran Canal de Desagüe,Autopista Urbana Siervo de La Nación,,present,probable,,2026-04-18T21:46:30Z,,,Cerrado,401,"{""type"": ""LineString"", ""coordinates"": [[-99.0686104351, 19.5178382268], [-99.068609094, 19.5177939854], [-99.0686104351, 19.5177698896], [-99.0686171407, 19.5177295982], [-99.0686372572, 19.5176813276], [-99.0686909014, 19.5175874724], [-99.0689457113, 19.5172306958], [-99.0690892094, 19.5170322404], [-99.0692528242, 19.5167761126], [-99.0692917162, 19.5166915793], [-99.0693104917, 19.5166272707], [-99.0693171972, 19.5165400512]]}","{""id"": ""TTI-0e6b35d1-b793-45b4-b4a5-22dc2fb82b8b-TTR24502298340021000"", ""iconCategory"": 8, ""magnitudeOfDelay"": 4, ""startTime"": ""2026-04-18T21:46:30Z"", ""endTime"": null, ""from"": ""Calle Gran Canal de Desagüe"", ""to"": ""Autopista Urbana Siervo de La Nación"", ""length"": 164.9179610003, ""delay"": null, ""roadNumbers"": [], ""timeValidity"": ""present"", ""probabilityOfOccurrence"": ""probable"", ""numberOfReports"": null, ""lastReportTime"": null, ""events"": [{""code"": 401, ""description"": ""Cerrado"", ""iconCategory"": 8}]}"
tomtom,tomtom_cdmx_incidents,2026-07-02T04:34:19Z,2026-07-02,20260702T043415Z,2026-07-02T04:34:15.645495,TTI-0e6b35d1-b793-45b4-b4a5-22dc2fb82b8b-TTR24496528356014000,Feature,LineString,19.5760797225,-99.0689886266,8,Road closed,4,,110.3234064193,Calle Texcaltepec / Calle Acolman,Calle Tejupilco,,present,probable,,2026-06-08T00:08:30Z,,,Cerrado,401,"{""type"": ""LineString"", ""coordinates"": [[-99.0695076341, 19.5761199992], [-99.0689886266, 19.5760797225], [-99.0684575492, 19.5760462375]]}","{""id"": ""TTI-0e6b35d1-b793-45b4-b4a5-22dc2fb82b8b-TTR24496528356014000"", ""iconCategory"": 8, ""magnitudeOfDelay"": 4, ""startTime"": ""2026-06-08T00:08:30Z"", ""endTime"": null, ""from"": ""Calle Texcaltepec / Calle Acolman"", ""to"": ""Calle Tejupilco"", ""length"": 110.3234064193, ""delay"": null, ""roadNumbers"": [], ""timeValidity"": ""present"", ""probabilityOfOccurrence"": ""probable"", ""numberOfReports"": null, ""lastReportTime"": null, ""events"": [{""code"": 401, ""description"": ""Cerrado"", ""iconCategory"": 8}]}"
tomtom,tomtom_cdmx_incidents,2026-07-02T04:34:19Z,2026-07-02,20260702T043415Z,2026-07-02T04:34:15.645511,TTI-0e6b35d1-b793-45b4-b4a5-22dc2fb82b8b-TTR24496528428014000,Feature,LineString,19.5760797225,-99.0689886266,8,Road closed,4,,110.3234064193,Calle Tejupilco,Calle Texcaltepec / Calle Acolman,,present,probable,,2026-06-07T02:44:00Z,,,Cerrado,401,"{""type"": ""LineString"", ""coordinates"": [[-99.0684575492, 19.5760462375], [-99.0689886266, 19.5760797225], [-99.0695076341, 19.5761199992]]}","{""id"": ""TTI-0e6b35d1-b793-45b4-b4a5-22dc2fb82b8b-TTR24496528428014000"", ""iconCategory"": 8, ""magnitudeOfDelay"": 4, ""startTime"": ""2026-06-07T02:44:00Z"", ""endTime"": null, ""from"": ""Calle Tejupilco"", ""to"": ""Calle Texcaltepec / Calle Acolman"", ""length"": 110.3234064193, ""delay"": null, ""roadNumbers"": [], ""timeValidity"": ""present"", ""probabilityOfOccurrence"": ""probable"", ""numberOfReports"": null, ""lastReportTime"": null, ""events"": [{""code"": 401, ""description"": ""Cerrado"", ""iconCategory"": 8}]}"
tomtom,tomtom_cdmx_incidents,2026-07-02T04:34:19Z,2026-07-02,20260702T043415Z,2026-07-02T04:34:15.645527,TTI-0e6b35d1-b793-45b4-b4a5-22dc2fb82b8b-TTR24508069172014001,Feature,LineString,19.5038747075,-99.0680404657,8,Road closed,4,,94.087712804,Calle Carlos Tejeda,Calle Rafael Zepeda,,present,probable,,2026-07-01T21:03:30Z,,,Cerrado,401,"{""type"": ""LineString"", ""coordinates"": [[-99.0672156864, 19.5035407344], [-99.0680404657, 19.5038747075]]}","{""id"": ""TTI-0e6b35d1-b793-45b4-b4a5-22dc2fb82b8b-TTR24508069172014001"", ""iconCategory"": 8, ""magnitudeOfDelay"": 4, ""startTime"": ""2026-07-01T21:03:30Z"", ""endTime"": null, ""from"": ""Calle Carlos Tejeda"", ""to"": ""Calle Rafael Zepeda"", ""length"": 94.087712804, ""delay"": null, ""roadNumbers"": [], ""timeValidity"": ""present"", ""probabilityOfOccurrence"": ""probable"", ""numberOfReports"": null, ""lastReportTime"": null, ""events"": [{""code"": 401, ""description"": ""Cerrado"", ""iconCategory"": 8}]}"
tomtom,tomtom_cdmx_incidents,2026-07-02T04:34:19Z,2026-07-02,20260702T043415Z,2026-07-02T04:34:15.645542,TTI-0e6b35d1-b793-45b4-b4a5-22dc2fb82b8b-TTR24505183628014000,Feature,LineString,19.5035407344,-99.0672156864,8,Road closed,4,,94.087712804,Calle Rafael Zepeda,Calle Carlos Tejeda,,present,probable,,2026-07-02T01:25:00Z,,,Cerrado,401,"{""type"": ""LineString"", ""coordinates"": [[-99.0680404657, 19.5038747075], [-99.0672156864, 19.5035407344]]}","{""id"": ""TTI-0e6b35d1-b793-45b4-b4a5-22dc2fb82b8b-TTR24505183628014000"", ""iconCategory"": 8, ""magnitudeOfDelay"": 4, ""startTime"": ""2026-07-02T01:25:00Z"", ""endTime"": null, ""from"": ""Calle Rafael Zepeda"", ""to"": ""Calle Carlos Tejeda"", ""length"": 94.087712804, ""delay"": null, ""roadNumbers"": [], ""timeValidity"": ""present"", ""probabilityOfOccurrence"": ""probable"", ""numberOfReports"": null, ""lastReportTime"": null, ""events"": [{""code"": 401, ""description"": ""Cerrado"", ""iconCategory"": 8}]}"
tomtom,tomtom_cdmx_incidents,2026-07-02T04:34:19Z,2026-07-02,20260702T043415Z,2026-07-02T04:34:15.645556,TTI-0e6b35d1-b793-45b4-b4a5-22dc2fb82b8b-TTR24505183744037000,Feature,LineString,19.5158681274,-99.0688424462,8,Road closed,4,,450.1475670721,Villa de Guadalupe Xalostoc,Avenida Alfredo del Mazo,,present,probable,,2026-04-18T22:27:30Z,,,Cerrado,401,"{""type"": ""LineString"", ""coordinates"": [[-99.0695679838, 19.5152324636], [-99.0693627948, 19.5154430088], [-99.0692729408, 19.5155275428], [-99.0691589469, 19.515618713], [-99.0690892094, 19.5156777287], [-99.0689913088, 19.5157568904], [-99.0689202303, 19.5158051616], [-99.0688424462, 19.5158681274], [-99.0688048953, 19.515903047], [-99.0687539333, 19.5159580334], [-99.0686587149, 19.5160572618], [-99.0682523602, 19.5166245846], [-99.0675683969, 19.5175901585], [-99.0669756287, 19.5184323251]]}","{""id"": ""TTI-0e6b35d1-b793-45b4-b4a5-22dc2fb82b8b-TTR24505183744037000"", ""iconCategory"": 8, ""magnitudeOfDelay"": 4, ""startTime"": ""2026-04-18T22:27:30Z"", ""endTime"": null, ""from"": ""Villa de Guadalupe Xalostoc"", ""to"": ""Avenida Alfredo del Mazo"", ""length"": 450.1475670721, ""delay"": null, ""roadNumbers"": [], ""timeValidity"": ""present"", ""probabilityOfOccurrence"": ""probable"", ""numberOfReports"": null, ""lastReportTime"": null, ""events"": [{""code"": 401, ""description"": ""Cerrado"", ""iconCategory"": 8}]}"
tomtom,tomtom_cdmx_incidents,2026-07-02T04:34:19Z,2026-07-02,20260702T043415Z,2026-07-02T04:34:15.645597,TTI-0e6b35d1-b793-45b4-b4a5-22dc2fb82b8b-TTR24536920648015000,Feature,LineString,19.3039333886,-99.0668696815,8,Road closed,4,,114.6928063184,Avenida J. Patricio Morlete Ruíz / Calle Puerta de Ávila,Avenida La Turba,,present,probable,,2026-07-02T01:26:30Z,,,Cerrado,401,"{""type"": ""LineString"", ""coordinates"": [[-99.0674624497, 19.3040125743], [-99.0673202926, 19.3039897125], [-99.0668696815, 19.3039333886], [-99.0663815194, 19.3038610061]]}","{""id"": ""TTI-0e6b35d1-b793-45b4-b4a5-22dc2fb82b8b-TTR24536920648015000"", ""iconCategory"": 8, ""magnitudeOfDelay"": 4, ""startTime"": ""2026-07-02T01:26:30Z"", ""endTime"": null, ""from"": ""Avenida J. Patricio Morlete Ruíz / Calle Puerta de Ávila"", ""to"": ""Avenida La Turba"", ""length"": 114.6928063184, ""delay"": null, ""roadNumbers"": [], ""timeValidity"": ""present"", ""probabilityOfOccurrence"": ""probable"", ""numberOfReports"": null, ""lastReportTime"": null, ""events"": [{""code"": 401, ""description"": ""Cerrado"", ""iconCategory"": 8}]}"
tomtom,tomtom_cdmx_incidents,2026-07-02T04:34:19Z,2026-07-02,20260702T043415Z,2026-07-02T04:34:15.645615,TTI-0e6b35d1-b793-45b4-b4a5-22dc2fb82b8b-TTR24531150424005000,Feature,LineString,19.3498112966,-99.0662205869,8,Road closed,4,,90.0523678845,Calle Alberto M. González,Calle Arturo Méndez,,present,probable,,2026-06-30T14:29:30Z,,,Cerrado,401,"{""type"": ""LineString"", ""coordinates"": [[-99.0668978447, 19.3499587889], [-99.0664593035, 19.3498581936], [-99.0662205869, 19.3498112966], [-99.0660596544, 19.3497857523]]}","{""id"": ""TTI-0e6b35d1-b793-45b4-b4a5-22dc2fb82b8b-TTR24531150424005000"", ""iconCategory"": 8, ""magnitudeOfDelay"": 4, ""startTime"": ""2026-06-30T14:29:30Z"", ""endTime"": null, ""from"": ""Calle Alberto M. González"", ""to"": ""Calle Arturo Méndez"", ""length"": 90.0523678845, ""delay"": null, ""roadNumbers"": [], ""timeValidity"": ""present"", ""probabilityOfOccurrence"": ""probable"", ""numberOfReports"": null, ""lastReportTime"": null, ""events"": [{""code"": 401, ""description"": ""Cerrado"", ""iconCategory"": 8}]}"
tomtom,tomtom_cdmx_incidents,2026-07-02T04:34:19Z,2026-07-02,20260702T043415Z,2026-07-02T04:34:15.645631,TTI-0e6b35d1-b793-45b4-b4a5-22dc2fb82b8b-TTR24502298340194000,Feature,LineString,19.5099579222,-99.0740633661,8,Road closed,4,,2428.33562259,Ecatepec de Morelos-1 (Siervo de la Nación),Anillo Periférico/Avenida Río de los Remedios (Siervo de la Nación),,present,probable,,2026-04-18T12:43:30Z,,,Cerrado,401,"{""type"": ""LineString"", ""coordinates"": [[-99.0660475844, 19.5203688967], [-99.0662997121, 19.5200095192], [-99.0669367367, 19.5191109534], [-99.0670239085, 19.5189875523], [-99.0672371441, 19.5186952445], [-99.0672800595, 19.5186322008], [-99.0675710791, 19.5182231269], [-99.0676958019, 19.5180460825], [-99.0683167332, 19.5171301251], [-99.0688867027, 19.5163442811], [-99.0694016868, 19.5156281145], [-99.0697879249, 19.5151091386], [-99.0699220353, 19.5149294046], [-99.070264017, 19.5144693636], [-99.0702841336, 19.5144439242], [-99.070674395, 19.5138578697], [-99.0707038993, 19.5138163133], [-99.0710512453, 19.5133066542], [-99.0711410993, 19.5131872779], [-99.0712376589, 19.5130853616], [-99.0714200491, 19.5128909304], [-99.0715192908, 19.5127997586], [-99.0719001645, 19.512481842], [-99.0721308345, 19.5123035272], [-99.0723078603, 19.5121666899], [-99.0724111253, 19.5120862625], [-99.0726686174, 19.5118488511], [-99.0727718824, 19.5117348461], [-99.0728711242, 19.5116128615], [-99.0730038935, 19.5114196926], [-99.073190307, 19.5111635558], [-99.073639577, 19.5105547357], [-99.0736596936, 19.5105278736], [-99.0740633661, 19.5099579222], [-99.0748237723, 19.5088876975], [-99.0757960731, 19.5075399122], [-99.0762131566, 19.5069351078], [-99.0762319321, 19.506906902], [-99.0763043517, 19.5068130405], [-99.0766946131, 19.5063034383], [-99.0769346708, 19.5060244601], [-99.0770620757, 19.5058769514], [-99.0771881396, 19.5057401087], [-99.0772458071, 19.5056931777], [-99.0775314623, 19.5054250226], [-99.0776253396, 19.5053029542], [-99.0776843482, 19.5051862583], [-99.0778037065, 19.5049006413], [-99.0778761262, 19.5047114939], [-99.0779807323, 19.5044580328], [-99.078041082, 19.5043105227], [-99.0780598575, 19.5042716502], [-99.0780772919, 19.5042380713], [-99.0781295949, 19.5041268263], [-99.0781805569, 19.5040382568], [-99.0782556588, 19.5039189527], [-99.0783294195, 19.5038049421], [-99.0783911103, 19.5037124221], [-99.0785171741, 19.5035232732], [-99.078631168, 19.5033516643], [-99.0786526257, 19.5033113694], [-99.0787089521, 19.5032121332], [-99.0787612552, 19.5031182696], [-99.0788242871, 19.503008288], [-99.0789329165, 19.5028219037], [-99.0790562981, 19.502626117], [-99.0791528577, 19.5024839779]]}","{""id"": ""TTI-0e6b35d1-b793-45b4-b4a5-22dc2fb82b8b-TTR24502298340194000"", ""iconCategory"": 8, ""magnitudeOfDelay"": 4, ""startTime"": ""2026-04-18T12:43:30Z"", ""endTime"": null, ""from"": ""Ecatepec de Morelos-1 (Siervo de la Nación)"", ""to"": ""Anillo Periférico/Avenida Río de los Remedios (Siervo de la Nación)"", ""length"": 2428.33562259, ""delay"": null, ""roadNumbers"": [], ""timeValidity"": ""present"", ""probabilityOfOccurrence"": ""probable"", ""numberOfReports"": null, ""lastReportTime"": null, ""events"": [{""code"": 401, ""description"": ""Cerrado"", ""iconCategory"": 8}]}"
tomtom,tomtom_cdmx_incidents,2026-07-02T04:34:19Z,2026-07-02,20260702T043415Z,2026-07-02T04:34:15.645698,TTI-0e6b35d1-b793-45b4-b4a5-22dc2fb82b8b-TTR24510954224015000,Feature,LineString,19.4737091872,-99.0663828605,8,Road closed,4,,53.3246252601,Calle Volcán Ceboruco,Calle Sierra Madre Oriental,,present,probable,,2026-06-15T04:12:30Z,,,Cerrado,401,"{""type"": ""LineString"", ""coordinates"": [[-99.0660381967, 19.4733565022], [-99.0663828605, 19.4737091872]]}","{""id"": ""TTI-0e6b35d1-b793-45b4-b4a5-22dc2fb82b8b-TTR24510954224015000"", ""iconCategory"": 8, ""magnitudeOfDelay"": 4, ""startTime"": ""2026-06-15T04:12:30Z"", ""endTime"": null, ""from"": ""Calle Volcán Ceboruco"", ""to"": ""Calle Sierra Madre Oriental"", ""length"": 53.3246252601, ""delay"": null, ""roadNumbers"": [], ""timeValidity"": ""present"", ""probabilityOfOccurrence"": ""probable"", ""numberOfReports"": null, ""lastReportTime"": null, ""events"": [{""code"": 401, ""description"": ""Cerrado"", ""iconCategory"": 8}]}"
tomtom,tomtom_cdmx_incidents,2026-07-02T04:34:19Z,2026-07-02,20260702T043415Z,2026-07-02T04:34:15.645713,TTI-0e6b35d1-b793-45b4-b4a5-22dc2fb82b8b-TTR24510954044023000,Feature,LineString,19.4729595626,-99.0664928311,8,Road closed,4,,161.3344127828,Calle Monte de las Cruces,Avenida Francisco Morazán / Calle 1513,,present,probable,,2026-05-13T01:12:00Z,,,Cerrado,401,"{""type"": ""LineString"", ""coordinates"": [[-99.0660381967, 19.4733565022], [-99.0663935894, 19.4730467266], [-99.0664928311, 19.4729595626], [-99.0667154545, 19.4727623964], [-99.0671674067, 19.47237075]]}","{""id"": ""TTI-0e6b35d1-b793-45b4-b4a5-22dc2fb82b8b-TTR24510954044023000"", ""iconCategory"": 8, ""magnitudeOfDelay"": 4, ""startTime"": ""2026-05-13T01:12:00Z"", ""endTime"": null, ""from"": ""Calle Monte de las Cruces"", ""to"": ""Avenida Francisco Morazán / Calle 1513"", ""length"": 161.3344127828, ""delay"": null, ""roadNumbers"": [], ""timeValidity"": ""present"", ""probabilityOfOccurrence"": ""probable"", ""numberOfReports"": null, ""lastReportTime"": null, ""events"": [{""code"": 401, ""description"": ""Cerrado"", ""iconCategory"": 8}]}"
tomtom,tomtom_cdmx_incidents,2026-07-02T04:34:19Z,2026-07-02,20260702T043415Z,2026-07-02T04:34:15.645731,TTI-0e6b35d1-b793-45b4-b4a5-22dc2fb82b8b-TTR24510954152015000,Feature,LineString,19.4733565022,-99.0660381967,8,Road closed,4,,53.3246252601,Calle Sierra Madre Oriental,Calle Volcán Ceboruco,,present,probable,,2026-05-16T19:22:00Z,,,Cerrado,401,"{""type"": ""LineString"", ""coordinates"": [[-99.0663828605, 19.4737091872], [-99.0660381967, 19.4733565022]]}","{""id"": ""TTI-0e6b35d1-b793-45b4-b4a5-22dc2fb82b8b-TTR24510954152015000"", ""iconCategory"": 8, ""magnitudeOfDelay"": 4, ""startTime"": ""2026-05-16T19:22:00Z"", ""endTime"": null, ""from"": ""Calle Sierra Madre Oriental"", ""to"": ""Calle Volcán Ceboruco"", ""length"": 53.3246252601, ""delay"": null, ""roadNumbers"": [], ""timeValidity"": ""present"", ""probabilityOfOccurrence"": ""probable"", ""numberOfReports"": null, ""lastReportTime"": null, ""events"": [{""code"": 401, ""description"": ""Cerrado"", ""iconCategory"": 8}]}"
tomtom,tomtom_cdmx_incidents,2026-07-02T04:34:19Z,2026-07-02,20260702T043415Z,2026-07-02T04:34:15.645747,TTI-0e6b35d1-b793-45b4-b4a5-22dc2fb82b8b-TTR24510953972023000,Feature,LineString,19.4729595626,-99.0664928311,8,Road closed,4,,161.3344127828,Avenida Francisco Morazán / Calle 1513,Calle Monte de las Cruces,,present,probable,,2026-05-13T02:03:00Z,,,Cerrado,401,"{""type"": ""LineString"", ""coordinates"": [[-99.0671674067, 19.47237075], [-99.0667154545, 19.4727623964], [-99.0664928311, 19.4729595626], [-99.0663935894, 19.4730467266], [-99.0660381967, 19.4733565022]]}","{""id"": ""TTI-0e6b35d1-b793-45b4-b4a5-22dc2fb82b8b-TTR24510953972023000"", ""iconCategory"": 8, ""magnitudeOfDelay"": 4, ""startTime"": ""2026-05-13T02:03:00Z"", ""endTime"": null, ""from"": ""Avenida Francisco Morazán / Calle 1513"", ""to"": ""Calle Monte de las Cruces"", ""length"": 161.3344127828, ""delay"": null, ""roadNumbers"": [], ""timeValidity"": ""present"", ""probabilityOfOccurrence"": ""probable"", ""numberOfReports"": null, ""lastReportTime"": null, ""events"": [{""code"": 401, ""description"": ""Cerrado"", ""iconCategory"": 8}]}"
tomtom,tomtom_cdmx_incidents,2026-07-02T04:34:19Z,2026-07-02,20260702T043415Z,2026-07-02T04:34:15.645765,TTI-0e6b35d1-b793-45b4-b4a5-22dc2fb82b8b-TTR24513839536010000,Feature,LineString,19.46490487,-99.066286301,9,Road works,0,,102.570237459,Calle 1527 (Avenida 412/Eje 5 N),Eje 4 Nte/Talisman (Avenida 412/Eje 5 N),,present,probable,,2026-07-02T02:01:30Z,,,Obras,701,"{""type"": ""LineString"", ""coordinates"": [[-99.0657176727, 19.4647788197], [-99.0658035034, 19.4647988929], [-99.0660194212, 19.4648458358], [-99.0661468262, 19.4648739699], [-99.066286301, 19.46490487], [-99.0663158053, 19.4649115874], [-99.0664874667, 19.4649504694], [-99.0666698569, 19.4649906949]]}","{""id"": ""TTI-0e6b35d1-b793-45b4-b4a5-22dc2fb82b8b-TTR24513839536010000"", ""iconCategory"": 9, ""magnitudeOfDelay"": 0, ""startTime"": ""2026-07-02T02:01:30Z"", ""endTime"": null, ""from"": ""Calle 1527 (Avenida 412/Eje 5 N)"", ""to"": ""Eje 4 Nte/Talisman (Avenida 412/Eje 5 N)"", ""length"": 102.570237459, ""delay"": null, ""roadNumbers"": [], ""timeValidity"": ""present"", ""probabilityOfOccurrence"": ""probable"", ""numberOfReports"": null, ""lastReportTime"": null, ""events"": [{""code"": 701, ""description"": ""Obras"", ""iconCategory"": 9}]}"
tomtom,tomtom_cdmx_incidents,2026-07-02T04:34:19Z,2026-07-02,20260702T043415Z,2026-07-02T04:34:15.645785,TTI-0e6b35d1-b793-45b4-b4a5-22dc2fb82b8b-TTR24505183884066000,Feature,LineString,19.5186495813,-99.0671674067,8,Road closed,4,,763.560310107,Anillo Periférico/Avenida Río de los Remedios (Siervo de la Nación),Avenida la Central (Siervo de la Nación),,present,probable,,2026-04-18T13:41:30Z,,,Cerrado,401,"{""type"": ""LineString"", ""coordinates"": [[-99.0695679838, 19.5152324636], [-99.0688598806, 19.5162516892], [-99.0674986595, 19.5181802286], [-99.067210322, 19.5185866165], [-99.0671674067, 19.5186495813], [-99.0668669993, 19.5190707414], [-99.0661951059, 19.5200135483], [-99.0659724826, 19.5203152548], [-99.0655178481, 19.5209402334]]}","{""id"": ""TTI-0e6b35d1-b793-45b4-b4a5-22dc2fb82b8b-TTR24505183884066000"", ""iconCategory"": 8, ""magnitudeOfDelay"": 4, ""startTime"": ""2026-04-18T13:41:30Z"", ""endTime"": null, ""from"": ""Anillo Periférico/Avenida Río de los Remedios (Siervo de la Nación)"", ""to"": ""Avenida la Central (Siervo de la Nación)"", ""length"": 763.560310107, ""delay"": null, ""roadNumbers"": [], ""timeValidity"": ""present"", ""probabilityOfOccurrence"": ""probable"", ""numberOfReports"": null, ""lastReportTime"": null, ""events"": [{""code"": 401, ""description"": ""Cerrado"", ""iconCategory"": 8}]}"
tomtom,tomtom_cdmx_incidents,2026-07-02T04:34:19Z,2026-07-02,20260702T043415Z,2026-07-02T04:34:15.645806,TTI-0e6b35d1-b793-45b4-b4a5-22dc2fb82b8b-TTR24510954188023000,Feature,LineString,19.4770364639,-99.0668871158,8,Road closed,4,,209.2209425463,Avenida Volcán Iztaccíhuatl,Calle Volcán Popocatépetl,,present,probable,,2026-06-18T01:26:04Z,,,Cerrado,401,"{""type"": ""LineString"", ""coordinates"": [[-99.0654561573, 19.4783480742], [-99.0668871158, 19.4770364639]]}","{""id"": ""TTI-0e6b35d1-b793-45b4-b4a5-22dc2fb82b8b-TTR24510954188023000"", ""iconCategory"": 8, ""magnitudeOfDelay"": 4, ""startTime"": ""2026-06-18T01:26:04Z"", ""endTime"": null, ""from"": ""Avenida Volcán Iztaccíhuatl"", ""to"": ""Calle Volcán Popocatépetl"", ""length"": 209.2209425463, ""delay"": null, ""roadNumbers"": [], ""timeValidity"": ""present"", ""probabilityOfOccurrence"": ""probable"", ""numberOfReports"": null, ""lastReportTime"": null, ""events"": [{""code"": 401, ""description"": ""Cerrado"", ""iconCategory"": 8}]}"
tomtom,tomtom_cdmx_incidents,2026-07-02T04:34:19Z,2026-07-02,20260702T043415Z,2026-07-02T04:34:15.645822,TTI-0e6b35d1-b793-45b4-b4a5-22dc2fb82b8b-TTR24510954116023000,Feature,LineString,19.4783480742,-99.0654561573,8,Road closed,4,,209.2209425463,Calle Volcán Popocatépetl,Avenida Volcán Iztaccíhuatl,,present,probable,,2026-06-18T01:26:30Z,,,Cerrado,401,"{""type"": ""LineString"", ""coordinates"": [[-99.0668871158, 19.4770364639], [-99.0654561573, 19.4783480742]]}","{""id"": ""TTI-0e6b35d1-b793-45b4-b4a5-22dc2fb82b8b-TTR24510954116023000"", ""iconCategory"": 8, ""magnitudeOfDelay"": 4, ""startTime"": ""2026-06-18T01:26:30Z"", ""endTime"": null, ""from"": ""Calle Volcán Popocatépetl"", ""to"": ""Avenida Volcán Iztaccíhuatl"", ""length"": 209.2209425463, ""delay"": null, ""roadNumbers"": [], ""timeValidity"": ""present"", ""probabilityOfOccurrence"": ""probable"", ""numberOfReports"": null, ""lastReportTime"": null, ""events"": [{""code"": 401, ""description"": ""Cerrado"", ""iconCategory"": 8}]}"
tomtom,tomtom_cdmx_incidents,2026-07-02T04:34:19Z,2026-07-02,20260702T043415Z,2026-07-02T04:34:15.645837,TTI-0e6b35d1-b793-45b4-b4a5-22dc2fb82b8b-TTR24513839532003000,Feature,LineString,19.4644126803,-99.0639018172,9,Road works,0,,23.0132543697,Avenida 661,San Juan de Aragón Sexta Sección,,present,probable,,2026-06-16T22:42:30Z,,,Obras | Nuevo trazado de carretera por obras,"701,810","{""type"": ""LineString"", ""coordinates"": [[-99.0637905055, 19.4643992454], [-99.0639018172, 19.4644126803], [-99.0640091056, 19.4644126803]]}","{""id"": ""TTI-0e6b35d1-b793-45b4-b4a5-22dc2fb82b8b-TTR24513839532003000"", ""iconCategory"": 9, ""magnitudeOfDelay"": 0, ""startTime"": ""2026-06-16T22:42:30Z"", ""endTime"": null, ""from"": ""Avenida 661"", ""to"": ""San Juan de Aragón Sexta Sección"", ""length"": 23.0132543697, ""delay"": null, ""roadNumbers"": [], ""timeValidity"": ""present"", ""probabilityOfOccurrence"": ""probable"", ""numberOfReports"": null, ""lastReportTime"": null, ""events"": [{""code"": 701, ""description"": ""Obras"", ""iconCategory"": 9}, {""code"": 810, ""description"": ""Nuevo trazado de carretera por obras"", ""iconCategory"": 9}]}"
tomtom,tomtom_cdmx_incidents,2026-07-02T04:34:19Z,2026-07-02,20260702T043415Z,2026-07-02T04:34:15.645855,TTI-0e6b35d1-b793-45b4-b4a5-22dc2fb82b8b-TTR24525379948023000,Feature,LineString,19.3815391513,-99.0626787299,8,Road closed,4,,180.1384948065,Eje 4 Canal de Tezontle,Calle Batalla de Calpulalpán,,present,probable,,2026-07-02T04:01:30Z,,,Cerrado,401,"{""type"": ""LineString"", ""coordinates"": [[-99.0624520832, 19.3827756273], [-99.0625338906, 19.3823410669], [-99.0626787299, 19.3815391513], [-99.0627216452, 19.3813151487], [-99.0627471262, 19.3811797033]]}","{""id"": ""TTI-0e6b35d1-b793-45b4-b4a5-22dc2fb82b8b-TTR24525379948023000"", ""iconCategory"": 8, ""magnitudeOfDelay"": 4, ""startTime"": ""2026-07-02T04:01:30Z"", ""endTime"": null, ""from"": ""Eje 4 Canal de Tezontle"", ""to"": ""Calle Batalla de Calpulalpán"", ""length"": 180.1384948065, ""delay"": null, ""roadNumbers"": [], ""timeValidity"": ""present"", ""probabilityOfOccurrence"": ""probable"", ""numberOfReports"": null, ""lastReportTime"": null, ""events"": [{""code"": 401, ""description"": ""Cerrado"", ""iconCategory"": 8}]}"
tomtom,tomtom_cdmx_incidents,2026-07-02T04:34:19Z,2026-07-02,20260702T043415Z,2026-07-02T04:34:15.645872,TTI-0e6b35d1-b793-45b4-b4a5-22dc2fb82b8b-TTR24534035780022000,Feature,LineString,19.3382804675,-99.0614087039,8,Road closed,4,,168.9604449342,Avenida 5 de Mayo,Calle Centauro del Norte,,present,probable,,2026-07-02T01:56:00Z,,,Cerrado,401,"{""type"": ""LineString"", ""coordinates"": [[-99.0615495199, 19.339735558], [-99.0614529604, 19.3388678676], [-99.0614087039, 19.3382804675], [-99.0614006573, 19.3382228109]]}","{""id"": ""TTI-0e6b35d1-b793-45b4-b4a5-22dc2fb82b8b-TTR24534035780022000"", ""iconCategory"": 8, ""magnitudeOfDelay"": 4, ""startTime"": ""2026-07-02T01:56:00Z"", ""endTime"": null, ""from"": ""Avenida 5 de Mayo"", ""to"": ""Calle Centauro del Norte"", ""length"": 168.9604449342, ""delay"": null, ""roadNumbers"": [], ""timeValidity"": ""present"", ""probabilityOfOccurrence"": ""probable"", ""numberOfReports"": null, ""lastReportTime"": null, ""events"": [{""code"": 401, ""description"": ""Cerrado"", ""iconCategory"": 8}]}"
tomtom,tomtom_cdmx_incidents,2026-07-02T04:34:19Z,2026-07-02,20260702T043415Z,2026-07-02T04:34:15.645889,TTI-0e6b35d1-b793-45b4-b4a5-22dc2fb82b8b-TTR24508069100014000,Feature,LineString,19.5011522575,-99.0615159923,8,Road closed,4,,267.6128422431,Calle Veracruz,Calle Colima,,present,probable,,2026-07-01T21:43:00Z,,,Cerrado,401,"{""type"": ""LineString"", ""coordinates"": [[-99.0629549974, 19.5017517108], [-99.0623796636, 19.5015210002], [-99.0618043298, 19.5012755932], [-99.0615159923, 19.5011522575], [-99.0612088794, 19.5010234699], [-99.0606214756, 19.5007753758]]}","{""id"": ""TTI-0e6b35d1-b793-45b4-b4a5-22dc2fb82b8b-TTR24508069100014000"", ""iconCategory"": 8, ""magnitudeOfDelay"": 4, ""startTime"": ""2026-07-01T21:43:00Z"", ""endTime"": null, ""from"": ""Calle Veracruz"", ""to"": ""Calle Colima"", ""length"": 267.6128422431, ""delay"": null, ""roadNumbers"": [], ""timeValidity"": ""present"", ""probabilityOfOccurrence"": ""probable"", ""numberOfReports"": null, ""lastReportTime"": null, ""events"": [{""code"": 401, ""description"": ""Cerrado"", ""iconCategory"": 8}]}"
tomtom,tomtom_cdmx_incidents,2026-07-02T04:34:19Z,2026-07-02,20260702T043415Z,2026-07-02T04:34:15.645907,TTI-0e6b35d1-b793-45b4-b4a5-22dc2fb82b8b-TTR24508069172014000,Feature,LineString,19.5010234699,-99.0612088794,8,Road closed,4,,67.4673171794,Calle Colima,Calle Sonora,,present,probable,,2026-07-01T21:03:30Z,,,Cerrado,401,"{""type"": ""LineString"", ""coordinates"": [[-99.0606214756, 19.5007753758], [-99.0612088794, 19.5010234699]]}","{""id"": ""TTI-0e6b35d1-b793-45b4-b4a5-22dc2fb82b8b-TTR24508069172014000"", ""iconCategory"": 8, ""magnitudeOfDelay"": 4, ""startTime"": ""2026-07-01T21:03:30Z"", ""endTime"": null, ""from"": ""Calle Colima"", ""to"": ""Calle Sonora"", ""length"": 67.4673171794, ""delay"": null, ""roadNumbers"": [], ""timeValidity"": ""present"", ""probabilityOfOccurrence"": ""probable"", ""numberOfReports"": null, ""lastReportTime"": null, ""events"": [{""code"": 401, ""description"": ""Cerrado"", ""iconCategory"": 8}]}"
tomtom,tomtom_cdmx_incidents,2026-07-02T04:34:19Z,2026-07-02,20260702T043415Z,2026-07-02T04:34:15.645922,TTI-0e6b35d1-b793-45b4-b4a5-22dc2fb82b8b-TTR24513839296011000,Feature,LineString,19.4639137716,-99.0622804219,9,Road works,0,,296.3943323979,Avenida 412,Avenida 608,,present,probable,,2026-06-28T23:25:00Z,,,Obras,701,"{""type"": ""LineString"", ""coordinates"": [[-99.0624815875, 19.4635383048], [-99.0625070685, 19.4636053215], [-99.0625084096, 19.4636844295], [-99.062486952, 19.4637354032], [-99.0624708587, 19.463767568], [-99.0624467188, 19.4637984684], [-99.0624172145, 19.4638319766], [-99.0623769814, 19.4638641414], [-99.0623287016, 19.4638950417], [-99.0622804219, 19.4639137716], [-99.0622147077, 19.46392855], [-99.0621610636, 19.4639272065], [-99.0619639212, 19.4638976497], [-99.0618539506, 19.4638708589], [-99.0616688782, 19.4638279462], [-99.06153745, 19.4637904074], [-99.061499899, 19.463781003], [-99.0600220019, 19.4634444182]]}","{""id"": ""TTI-0e6b35d1-b793-45b4-b4a5-22dc2fb82b8b-TTR24513839296011000"", ""iconCategory"": 9, ""magnitudeOfDelay"": 0, ""startTime"": ""2026-06-28T23:25:00Z"", ""endTime"": null, ""from"": ""Avenida 412"", ""to"": ""Avenida 608"", ""length"": 296.3943323979, ""delay"": null, ""roadNumbers"": [], ""timeValidity"": ""present"", ""probabilityOfOccurrence"": ""probable"", ""numberOfReports"": null, ""lastReportTime"": null, ""events"": [{""code"": 701, ""description"": ""Obras"", ""iconCategory"": 9}]}"
tomtom,tomtom_cdmx_incidents,2026-07-02T04:34:19Z,2026-07-02,20260702T043415Z,2026-07-02T04:34:15.645950,TTI-0e6b35d1-b793-45b4-b4a5-22dc2fb82b8b-TTR24499413796015000,Feature,LineString,19.5764137035,-99.0596612448,8,Road closed,4,,128.0041814134,Avenida Chiapas,Calle 5 de Febrero,,present,certain,1.0,2024-08-25T03:17:30Z,,2024-08-25T03:15:00Z,Cerrado,401,"{""type"": ""LineString"", ""coordinates"": [[-99.0599026436, 19.5757927304], [-99.0598382705, 19.5759429393], [-99.0596612448, 19.5764137035], [-99.0595941895, 19.5765799435], [-99.059536522, 19.5768870724]]}","{""id"": ""TTI-0e6b35d1-b793-45b4-b4a5-22dc2fb82b8b-TTR24499413796015000"", ""iconCategory"": 8, ""magnitudeOfDelay"": 4, ""startTime"": ""2024-08-25T03:17:30Z"", ""endTime"": null, ""from"": ""Avenida Chiapas"", ""to"": ""Calle 5 de Febrero"", ""length"": 128.0041814134, ""delay"": null, ""roadNumbers"": [], ""timeValidity"": ""present"", ""probabilityOfOccurrence"": ""certain"", ""numberOfReports"": 1, ""lastReportTime"": ""2024-08-25T03:15:00Z"", ""events"": [{""code"": 401, ""description"": ""Cerrado"", ""iconCategory"": 8}]}"
tomtom,tomtom_cdmx_incidents,2026-07-02T04:34:19Z,2026-07-02,20260702T043415Z,2026-07-02T04:34:15.645968,TTI-0e6b35d1-b793-45b4-b4a5-22dc2fb82b8b-TTR24513839392045000,Feature,LineString,19.4636307688,-99.0605074817,8,Road closed,4,,515.7573484032,Avenida 608,Avenida 661,,present,probable,,2026-03-31T16:34:00Z,,,Cerrado,401,"{""type"": ""LineString"", ""coordinates"": [[-99.0589169318, 19.4635516607], [-99.0590403134, 19.463490018], [-99.0591006631, 19.4634564307], [-99.0591422373, 19.4634390443], [-99.0592106336, 19.4634162048], [-99.0592870766, 19.4634001619], [-99.0593729073, 19.4633947879], [-99.0596558803, 19.4634309833], [-99.0597256178, 19.4634444182], [-99.0598422939, 19.4634725526], [-99.0599321479, 19.463495392], [-99.0600461417, 19.4635194959], [-99.0603371614, 19.4635865126], [-99.0605074817, 19.4636307688], [-99.060665732, 19.4636697301], [-99.0611337775, 19.463775629], [-99.0615334266, 19.4638614544], [-99.0619143003, 19.4639553408], [-99.0621744746, 19.4640116884], [-99.0624346489, 19.4640693794], [-99.0625191385, 19.4640948267], [-99.0626492256, 19.4641243044], [-99.0627404207, 19.4641484873], [-99.0631963962, 19.464287973], [-99.063437795, 19.4643536459], [-99.0635678822, 19.4643791721], [-99.063668465, 19.4643751417]]}","{""id"": ""TTI-0e6b35d1-b793-45b4-b4a5-22dc2fb82b8b-TTR24513839392045000"", ""iconCategory"": 8, ""magnitudeOfDelay"": 4, ""startTime"": ""2026-03-31T16:34:00Z"", ""endTime"": null, ""from"": ""Avenida 608"", ""to"": ""Avenida 661"", ""length"": 515.7573484032, ""delay"": null, ""roadNumbers"": [], ""timeValidity"": ""present"", ""probabilityOfOccurrence"": ""probable"", ""numberOfReports"": null, ""lastReportTime"": null, ""events"": [{""code"": 401, ""description"": ""Cerrado"", ""iconCategory"": 8}]}"
tomtom,tomtom_cdmx_incidents,2026-07-02T04:34:19Z,2026-07-02,20260702T043415Z,2026-07-02T04:34:15.646003,TTI-0e6b35d1-b793-45b4-b4a5-22dc2fb82b8b-TTR24513839644014000,Feature,LineString,19.4776627951,-99.0569884235,8,Road closed,4,,143.2050233343,Calle de la Constitución de la República,Avenida Independencia,,present,probable,,2026-06-07T03:37:30Z,,,Cerrado,401,"{""type"": ""LineString"", ""coordinates"": [[-99.0568006688, 19.4784715063], [-99.0569320971, 19.4779068945], [-99.0569884235, 19.4776627951], [-99.0570501143, 19.4773959369], [-99.0570930296, 19.4772134742]]}","{""id"": ""TTI-0e6b35d1-b793-45b4-b4a5-22dc2fb82b8b-TTR24513839644014000"", ""iconCategory"": 8, ""magnitudeOfDelay"": 4, ""startTime"": ""2026-06-07T03:37:30Z"", ""endTime"": null, ""from"": ""Calle de la Constitución de la República"", ""to"": ""Avenida Independencia"", ""length"": 143.2050233343, ""delay"": null, ""roadNumbers"": [], ""timeValidity"": ""present"", ""probabilityOfOccurrence"": ""probable"", ""numberOfReports"": null, ""lastReportTime"": null, ""events"": [{""code"": 401, ""description"": ""Cerrado"", ""iconCategory"": 8}]}"
tomtom,tomtom_cdmx_incidents,2026-07-02T04:34:19Z,2026-07-02,20260702T043415Z,2026-07-02T04:34:15.646021,TTI-0e6b35d1-b793-45b4-b4a5-22dc2fb82b8b-TTR24513839572014000,Feature,LineString,19.4776627951,-99.0569884235,8,Road closed,4,,143.2050233343,Avenida Independencia,Calle de la Constitución de la República,,present,probable,,2026-05-23T19:27:00Z,,,Cerrado,401,"{""type"": ""LineString"", ""coordinates"": [[-99.0570930296, 19.4772134742], [-99.0570501143, 19.4773959369], [-99.0569884235, 19.4776627951], [-99.0569320971, 19.4779068945], [-99.0568006688, 19.4784715063]]}","{""id"": ""TTI-0e6b35d1-b793-45b4-b4a5-22dc2fb82b8b-TTR24513839572014000"", ""iconCategory"": 8, ""magnitudeOfDelay"": 4, ""startTime"": ""2026-05-23T19:27:00Z"", ""endTime"": null, ""from"": ""Avenida Independencia"", ""to"": ""Calle de la Constitución de la República"", ""length"": 143.2050233343, ""delay"": null, ""roadNumbers"": [], ""timeValidity"": ""present"", ""probabilityOfOccurrence"": ""probable"", ""numberOfReports"": null, ""lastReportTime"": null, ""events"": [{""code"": 401, ""description"": ""Cerrado"", ""iconCategory"": 8}]}"
tomtom,tomtom_cdmx_incidents,2026-07-02T04:34:19Z,2026-07-02,20260702T043415Z,2026-07-02T04:34:15.646039,TTI-0e6b35d1-b793-45b4-b4a5-22dc2fb82b8b-TTR24525380308030000,Feature,LineString,19.4085074242,-99.055198049,8,Road closed,4,,302.8119640302,Avenida Oaxaca,Avenida Juárez,,present,probable,,2026-06-27T09:41:00Z,,,Cerrado,401,"{""type"": ""LineString"", ""coordinates"": [[-99.0554877275, 19.4058506508], [-99.0553844625, 19.4067666045], [-99.055198049, 19.4085074242], [-99.0551846379, 19.4085583362]]}","{""id"": ""TTI-0e6b35d1-b793-45b4-b4a5-22dc2fb82b8b-TTR24525380308030000"", ""iconCategory"": 8, ""magnitudeOfDelay"": 4, ""startTime"": ""2026-06-27T09:41:00Z"", ""endTime"": null, ""from"": ""Avenida Oaxaca"", ""to"": ""Avenida Juárez"", ""length"": 302.8119640302, ""delay"": null, ""roadNumbers"": [], ""timeValidity"": ""present"", ""probabilityOfOccurrence"": ""probable"", ""numberOfReports"": null, ""lastReportTime"": null, ""events"": [{""code"": 401, ""description"": ""Cerrado"", ""iconCategory"": 8}]}"
tomtom,tomtom_cdmx_incidents,2026-07-02T04:34:19Z,2026-07-02,20260702T043415Z,2026-07-02T04:34:15.646055,TTI-0e6b35d1-b793-45b4-b4a5-22dc2fb82b8b-TTR24522494908030000,Feature,LineString,19.4067666045,-99.0553844625,8,Road closed,4,,302.8119640302,Avenida Juárez,Avenida Oaxaca,,present,probable,,2026-06-20T21:15:00Z,,,Cerrado,401,"{""type"": ""LineString"", ""coordinates"": [[-99.0551846379, 19.4085583362], [-99.055198049, 19.4085074242], [-99.0553844625, 19.4067666045], [-99.0554877275, 19.4058506508]]}","{""id"": ""TTI-0e6b35d1-b793-45b4-b4a5-22dc2fb82b8b-TTR24522494908030000"", ""iconCategory"": 8, ""magnitudeOfDelay"": 4, ""startTime"": ""2026-06-20T21:15:00Z"", ""endTime"": null, ""from"": ""Avenida Juárez"", ""to"": ""Avenida Oaxaca"", ""length"": 302.8119640302, ""delay"": null, ""roadNumbers"": [], ""timeValidity"": ""present"", ""probabilityOfOccurrence"": ""probable"", ""numberOfReports"": null, ""lastReportTime"": null, ""events"": [{""code"": 401, ""description"": ""Cerrado"", ""iconCategory"": 8}]}"
tomtom,tomtom_cdmx_incidents,2026-07-02T04:34:19Z,2026-07-02,20260702T043415Z,2026-07-02T04:34:15.646072,TTI-0e6b35d1-b793-45b4-b4a5-22dc2fb82b8b-TTR24536920912006000,Feature,LineString,19.3252315272,-99.0552423054,8,Road closed,4,,31.057463377,Calle Miguel Hidalgo Arroyo de la Luz,Calle Cárdenas,,present,probable,,2026-06-12T18:37:30Z,,,Cerrado,401,"{""type"": ""LineString"", ""coordinates"": [[-99.0553455704, 19.3251054477], [-99.0552423054, 19.3252315272], [-99.0551631802, 19.3253254145]]}","{""id"": ""TTI-0e6b35d1-b793-45b4-b4a5-22dc2fb82b8b-TTR24536920912006000"", ""iconCategory"": 8, ""magnitudeOfDelay"": 4, ""startTime"": ""2026-06-12T18:37:30Z"", ""endTime"": null, ""from"": ""Calle Miguel Hidalgo Arroyo de la Luz"", ""to"": ""Calle Cárdenas"", ""length"": 31.057463377, ""delay"": null, ""roadNumbers"": [], ""timeValidity"": ""present"", ""probabilityOfOccurrence"": ""probable"", ""numberOfReports"": null, ""lastReportTime"": null, ""events"": [{""code"": 401, ""description"": ""Cerrado"", ""iconCategory"": 8}]}"
tomtom,tomtom_cdmx_incidents,2026-07-02T04:34:19Z,2026-07-02,20260702T043415Z,2026-07-02T04:34:15.646088,TTI-0e6b35d1-b793-45b4-b4a5-22dc2fb82b8b-TTR24536920984038000,Feature,LineString,19.3247956271,-99.055596357,8,Road closed,4,,211.205803295,Calle Sol,Calle Insurgentes / Calle del Cedro,,present,probable,,2026-06-12T18:04:30Z,,,Cerrado,401,"{""type"": ""LineString"", ""coordinates"": [[-99.0550974661, 19.3254045107], [-99.0551631802, 19.3253254145], [-99.0552423054, 19.3252315272], [-99.0553455704, 19.3251054477], [-99.0554193312, 19.325012905], [-99.055596357, 19.3247956271], [-99.0556929165, 19.3246749258], [-99.0559249276, 19.3244107431], [-99.0561180466, 19.3241787524], [-99.0561904663, 19.3240875538], [-99.0563326234, 19.3239051564]]}","{""id"": ""TTI-0e6b35d1-b793-45b4-b4a5-22dc2fb82b8b-TTR24536920984038000"", ""iconCategory"": 8, ""magnitudeOfDelay"": 4, ""startTime"": ""2026-06-12T18:04:30Z"", ""endTime"": null, ""from"": ""Calle Sol"", ""to"": ""Calle Insurgentes / Calle del Cedro"", ""length"": 211.205803295, ""delay"": null, ""roadNumbers"": [], ""timeValidity"": ""present"", ""probabilityOfOccurrence"": ""probable"", ""numberOfReports"": null, ""lastReportTime"": null, ""events"": [{""code"": 401, ""description"": ""Cerrado"", ""iconCategory"": 8}]}"
tomtom,tomtom_cdmx_incidents,2026-07-02T04:34:19Z,2026-07-02,20260702T043415Z,2026-07-02T04:34:15.646110,TTI-0e6b35d1-b793-45b4-b4a5-22dc2fb82b8b-TTR24525379704011000,Feature,LineString,19.3642804052,-99.0668106729,8,Road closed,4,,2263.3815979615,Calle Campaña del Ebano (Eje 6 S),Ferrocarril San Rafael Atlixco (Eje 6 S),,present,certain,14.0,2026-07-01T15:43:00Z,,2025-06-05T17:57:30Z,Cerrado,401,"{""type"": ""LineString"", ""coordinates"": [[-99.0544255728, 19.3628682357], [-99.0544912869, 19.362877646], [-99.0545422488, 19.3628843677], [-99.0550465041, 19.3629219297], [-99.0556540245, 19.3629715116], [-99.0560053939, 19.3630131066], [-99.0566075498, 19.3630868864], [-99.0567738467, 19.3631069722], [-99.0568972284, 19.3631217597], [-99.0571252161, 19.3631485671], [-99.057418918, 19.3631834405], [-99.0575946027, 19.3632035263], [-99.0576898211, 19.3632129365], [-99.0577984506, 19.3632183138], [-99.0581860298, 19.3632598297], [-99.0587332004, 19.3633081463], [-99.059022879, 19.363332265], [-99.059253549, 19.3633563837], [-99.0593192631, 19.363361761], [-99.059446668, 19.3633765486], [-99.0595324987, 19.3634436065], [-99.0597041601, 19.3634704139], [-99.0598020607, 19.3634838571], [-99.0599831098, 19.3635052872], [-99.0601587945, 19.3635294059], [-99.0602634007, 19.3635401604], [-99.0603680068, 19.3635575575], [-99.0605812424, 19.3635897421], [-99.0610425824, 19.3636367143], [-99.0614315027, 19.3636809978], [-99.0622844452, 19.3637748629], [-99.0624695176, 19.3637976372], [-99.0627283508, 19.3638217559], [-99.0629898661, 19.3638512518], [-99.06310386, 19.363864695], [-99.0631829852, 19.3638754496], [-99.0632165128, 19.3638794825], [-99.063347941, 19.3638915023], [-99.0637663657, 19.3639304085], [-99.0638253743, 19.3639330971], [-99.0639782602, 19.3639465403], [-99.0641472393, 19.363962593], [-99.0647225732, 19.3640229291], [-99.0650860125, 19.3640618352], [-99.0654695684, 19.3641047743], [-99.0659107918, 19.3641516672], [-99.0662822777, 19.3642120823], [-99.0665800029, 19.364253598], [-99.0668106729, 19.3642804052], [-99.0669689232, 19.3643005699], [-99.0670037919, 19.3643086358], [-99.067120468, 19.3643448532], [-99.0674825662, 19.3644534263], [-99.0677065307, 19.3645325827], [-99.0678218657, 19.3645821641], [-99.0678741688, 19.3646050174], [-99.068031078, 19.3646854389], [-99.0680967921, 19.3646840946], [-99.0682121271, 19.3647444304], [-99.0682885701, 19.3647846807], [-99.0684709603, 19.3648798895], [-99.0685259456, 19.3649093852], [-99.0685769075, 19.3649335828], [-99.0687686855, 19.365039546], [-99.0693212205, 19.3653318933], [-99.0693601126, 19.3653492903], [-99.0695022696, 19.3654244132], [-99.0695626193, 19.3654539089], [-99.0696524733, 19.3654874374], [-99.0697423273, 19.3655236546], [-99.0698268169, 19.3655598717], [-99.0701822096, 19.3657100384], [-99.0702573115, 19.3657408783], [-99.0703216845, 19.3657690295], [-99.0703914219, 19.365802558], [-99.0709466392, 19.3661003603], [-99.071047222, 19.3661553184], [-99.0710995251, 19.3661834696], [-99.0716064626, 19.366471782], [-99.0716520602, 19.366498668], [-99.0716976577, 19.3665241305], [-99.0720020884, 19.3666984145], [-99.072342729, 19.3668835317], [-99.0724111253, 19.3669210929], [-99.0725197548, 19.3669800836], [-99.0728510076, 19.3671718429], [-99.0733150297, 19.3674427569], [-99.0733525807, 19.3674641864], [-99.07349742, 19.3675487184], [-99.073780393, 19.3677109818], [-99.0738635415, 19.3677619856], [-99.0742833072, 19.3680208001], [-99.074344998, 19.3680543281], [-99.0746735686, 19.368231299], [-99.0747218484, 19.3682608732], [-99.0747875625, 19.3682903684]]}","{""id"": ""TTI-0e6b35d1-b793-45b4-b4a5-22dc2fb82b8b-TTR24525379704011000"", ""iconCategory"": 8, ""magnitudeOfDelay"": 4, ""startTime"": ""2026-07-01T15:43:00Z"", ""endTime"": null, ""from"": ""Calle Campaña del Ebano (Eje 6 S)"", ""to"": ""Ferrocarril San Rafael Atlixco (Eje 6 S)"", ""length"": 2263.3815979615, ""delay"": null, ""roadNumbers"": [], ""timeValidity"": ""present"", ""probabilityOfOccurrence"": ""certain"", ""numberOfReports"": 14, ""lastReportTime"": ""2025-06-05T17:57:30Z"", ""events"": [{""code"": 401, ""description"": ""Cerrado"", ""iconCategory"": 8}]}"
tomtom,tomtom_cdmx_incidents,2026-07-02T04:34:19Z,2026-07-02,20260702T043415Z,2026-07-02T04:34:15.646205,TTI-0e6b35d1-b793-45b4-b4a5-22dc2fb82b8b-TTR24522495128014000,Feature,LineString,19.4268134415,-99.0545328611,8,Road closed,4,,147.7165107581,Calle Centeotl,Calle Xochitlán,,present,probable,,2026-06-29T22:44:30Z,,,Cerrado,401,"{""type"": ""LineString"", ""coordinates"": [[-99.0547085458, 19.4265827823], [-99.0546374673, 19.4266551894], [-99.0545878464, 19.426718269], [-99.0545328611, 19.4268134415], [-99.0542646402, 19.4273888234], [-99.0540916377, 19.4277696699]]}","{""id"": ""TTI-0e6b35d1-b793-45b4-b4a5-22dc2fb82b8b-TTR24522495128014000"", ""iconCategory"": 8, ""magnitudeOfDelay"": 4, ""startTime"": ""2026-06-29T22:44:30Z"", ""endTime"": null, ""from"": ""Calle Centeotl"", ""to"": ""Calle Xochitlán"", ""length"": 147.7165107581, ""delay"": null, ""roadNumbers"": [], ""timeValidity"": ""present"", ""probabilityOfOccurrence"": ""probable"", ""numberOfReports"": null, ""lastReportTime"": null, ""events"": [{""code"": 401, ""description"": ""Cerrado"", ""iconCategory"": 8}]}"
tomtom,tomtom_cdmx_incidents,2026-07-02T04:34:19Z,2026-07-02,20260702T043415Z,2026-07-02T04:34:15.646223,TTI-0e6b35d1-b793-45b4-b4a5-22dc2fb82b8b-TTL24496528708015000,Feature,LineString,19.5907165864,-99.0550907606,6,Jam,3,570.0,368.6789805299,Calle Tulipán,Calle Colinas,,present,certain,,2026-07-02T04:25:30Z,2026-07-02T05:09:00Z,,Tráfico parado,101,"{""type"": ""LineString"", ""coordinates"": [[-99.0539213175, 19.5909083179], [-99.0540353113, 19.5909512758], [-99.0540902966, 19.5909646212], [-99.0541278476, 19.5909726758], [-99.054210996, 19.5909861002], [-99.0542834157, 19.590988785], [-99.0543558353, 19.590979388], [-99.0544269139, 19.5909605939], [-99.0545690709, 19.5909163725], [-99.0547447556, 19.5908520145], [-99.0548815483, 19.5908036868], [-99.0550907606, 19.5907165864], [-99.0553160661, 19.590605243], [-99.0553817803, 19.5905663123], [-99.0554622465, 19.5905180635], [-99.0557452196, 19.5903329647], [-99.0560362393, 19.5900955895], [-99.0562213117, 19.5899266786], [-99.0564801449, 19.5896932511], [-99.0565445179, 19.5896382898], [-99.0566182786, 19.5895672191], [-99.056700086, 19.5894974908], [-99.0568489486, 19.5893593766]]}","{""id"": ""TTI-0e6b35d1-b793-45b4-b4a5-22dc2fb82b8b-TTL24496528708015000"", ""iconCategory"": 6, ""magnitudeOfDelay"": 3, ""startTime"": ""2026-07-02T04:25:30Z"", ""endTime"": ""2026-07-02T05:09:00Z"", ""from"": ""Calle Tulipán"", ""to"": ""Calle Colinas"", ""length"": 368.6789805299, ""delay"": 570, ""roadNumbers"": [], ""timeValidity"": ""present"", ""probabilityOfOccurrence"": ""certain"", ""numberOfReports"": null, ""lastReportTime"": null, ""events"": [{""code"": 101, ""description"": ""Tráfico parado"", ""iconCategory"": 6}]}"
tomtom,tomtom_cdmx_incidents,2026-07-02T04:34:19Z,2026-07-02,20260702T043415Z,2026-07-02T04:34:15.646257,TTI-0e6b35d1-b793-45b4-b4a5-22dc2fb82b8b-TTR24499413800014000,Feature,LineString,19.5758503816,-99.0535283738,8,Road closed,4,,99.3948160058,Calle de los Pinos,Calle Tlalnepantla,,present,probable,,2026-06-26T03:09:30Z,,,Cerrado,401,"{""type"": ""LineString"", ""coordinates"": [[-99.0537161285, 19.5754333184], [-99.0535927469, 19.5757028577], [-99.0535283738, 19.5758503816], [-99.0533540303, 19.5762594674]]}","{""id"": ""TTI-0e6b35d1-b793-45b4-b4a5-22dc2fb82b8b-TTR24499413800014000"", ""iconCategory"": 8, ""magnitudeOfDelay"": 4, ""startTime"": ""2026-06-26T03:09:30Z"", ""endTime"": null, ""from"": ""Calle de los Pinos"", ""to"": ""Calle Tlalnepantla"", ""length"": 99.3948160058, ""delay"": null, ""roadNumbers"": [], ""timeValidity"": ""present"", ""probabilityOfOccurrence"": ""probable"", ""numberOfReports"": null, ""lastReportTime"": null, ""events"": [{""code"": 401, ""description"": ""Cerrado"", ""iconCategory"": 8}]}"
tomtom,tomtom_cdmx_incidents,2026-07-02T04:34:19Z,2026-07-02,20260702T043415Z,2026-07-02T04:34:15.646273,TTI-0e6b35d1-b793-45b4-b4a5-22dc2fb82b8b-TTR24499413872014000,Feature,LineString,19.5757028577,-99.0535927469,8,Road closed,4,,99.3948160058,Calle Tlalnepantla,Calle de los Pinos,,present,probable,,2026-06-26T03:09:00Z,,,Cerrado,401,"{""type"": ""LineString"", ""coordinates"": [[-99.0533540303, 19.5762594674], [-99.0535283738, 19.5758503816], [-99.0535927469, 19.5757028577], [-99.0537161285, 19.5754333184]]}","{""id"": ""TTI-0e6b35d1-b793-45b4-b4a5-22dc2fb82b8b-TTR24499413872014000"", ""iconCategory"": 8, ""magnitudeOfDelay"": 4, ""startTime"": ""2026-06-26T03:09:00Z"", ""endTime"": null, ""from"": ""Calle Tlalnepantla"", ""to"": ""Calle de los Pinos"", ""length"": 99.3948160058, ""delay"": null, ""roadNumbers"": [], ""timeValidity"": ""present"", ""probabilityOfOccurrence"": ""probable"", ""numberOfReports"": null, ""lastReportTime"": null, ""events"": [{""code"": 401, ""description"": ""Cerrado"", ""iconCategory"": 8}]}"
tomtom,tomtom_cdmx_incidents,2026-07-02T04:34:19Z,2026-07-02,20260702T043415Z,2026-07-02T04:34:15.646290,TTI-0e6b35d1-b793-45b4-b4a5-22dc2fb82b8b-TTR24522495272022000,Feature,LineString,19.4288572672,-99.0535994524,8,Road closed,4,,164.796823323,Privada Xalcotán,Avenida Bordo de Xochiaca / Avenida Río Churubusco,,present,probable,,2026-06-27T05:30:30Z,,,Cerrado,401,"{""type"": ""LineString"", ""coordinates"": [[-99.0536396855, 19.4287674709], [-99.0535994524, 19.4288572672], [-99.0530147308, 19.4301272939]]}","{""id"": ""TTI-0e6b35d1-b793-45b4-b4a5-22dc2fb82b8b-TTR24522495272022000"", ""iconCategory"": 8, ""magnitudeOfDelay"": 4, ""startTime"": ""2026-06-27T05:30:30Z"", ""endTime"": null, ""from"": ""Privada Xalcotán"", ""to"": ""Avenida Bordo de Xochiaca / Avenida Río Churubusco"", ""length"": 164.796823323, ""delay"": null, ""roadNumbers"": [], ""timeValidity"": ""present"", ""probabilityOfOccurrence"": ""probable"", ""numberOfReports"": null, ""lastReportTime"": null, ""events"": [{""code"": 401, ""description"": ""Cerrado"", ""iconCategory"": 8}]}"
tomtom,tomtom_cdmx_incidents,2026-07-02T04:34:19Z,2026-07-02,20260702T043415Z,2026-07-02T04:34:15.646306,TTI-0e6b35d1-b793-45b4-b4a5-22dc2fb82b8b-TTR24499413840014000,Feature,LineString,19.5752602854,-99.0534680241,8,Road closed,4,,87.7461212747,Calle Principal,Calle del Acueducto,,present,probable,,2026-06-26T22:19:30Z,,,Cerrado,401,"{""type"": ""LineString"", ""coordinates"": [[-99.0537161285, 19.5754333184], [-99.0534680241, 19.5752602854], [-99.0530093664, 19.5750122264]]}","{""id"": ""TTI-0e6b35d1-b793-45b4-b4a5-22dc2fb82b8b-TTR24499413840014000"", ""iconCategory"": 8, ""magnitudeOfDelay"": 4, ""startTime"": ""2026-06-26T22:19:30Z"", ""endTime"": null, ""from"": ""Calle Principal"", ""to"": ""Calle del Acueducto"", ""length"": 87.7461212747, ""delay"": null, ""roadNumbers"": [], ""timeValidity"": ""present"", ""probabilityOfOccurrence"": ""probable"", ""numberOfReports"": null, ""lastReportTime"": null, ""events"": [{""code"": 401, ""description"": ""Cerrado"", ""iconCategory"": 8}]}"
tomtom,tomtom_cdmx_incidents,2026-07-02T04:34:19Z,2026-07-02,20260702T043415Z,2026-07-02T04:34:15.646322,TTI-0e6b35d1-b793-45b4-b4a5-22dc2fb82b8b-TTR24499413912014000,Feature,LineString,19.5752602854,-99.0534680241,8,Road closed,4,,87.7461212747,Calle del Acueducto,Calle Principal,,present,probable,,2026-06-27T03:18:30Z,,,Cerrado,401,"{""type"": ""LineString"", ""coordinates"": [[-99.0530093664, 19.5750122264], [-99.0534680241, 19.5752602854], [-99.0537161285, 19.5754333184]]}","{""id"": ""TTI-0e6b35d1-b793-45b4-b4a5-22dc2fb82b8b-TTR24499413912014000"", ""iconCategory"": 8, ""magnitudeOfDelay"": 4, ""startTime"": ""2026-06-27T03:18:30Z"", ""endTime"": null, ""from"": ""Calle del Acueducto"", ""to"": ""Calle Principal"", ""length"": 87.7461212747, ""delay"": null, ""roadNumbers"": [], ""timeValidity"": ""present"", ""probabilityOfOccurrence"": ""probable"", ""numberOfReports"": null, ""lastReportTime"": null, ""events"": [{""code"": 401, ""description"": ""Cerrado"", ""iconCategory"": 8}]}"
tomtom,tomtom_cdmx_incidents,2026-07-02T04:34:19Z,2026-07-02,20260702T043415Z,2026-07-02T04:34:15.646337,TTI-0e6b35d1-b793-45b4-b4a5-22dc2fb82b8b-TTR24513839964006000,Feature,LineString,19.4973246952,-99.0521617883,9,Road works,0,,21.0261849947,Calle del Valle de Marne,Avenida Morelos S,,present,probable,,2026-07-02T00:21:00Z,,,Obras | Nuevo trazado de carretera por obras,"701,810","{""type"": ""LineString"", ""coordinates"": [[-99.0520625466, 19.4973152927], [-99.0521094853, 19.4973206656], [-99.0521617883, 19.4973246952], [-99.0522623712, 19.4973314113]]}","{""id"": ""TTI-0e6b35d1-b793-45b4-b4a5-22dc2fb82b8b-TTR24513839964006000"", ""iconCategory"": 9, ""magnitudeOfDelay"": 0, ""startTime"": ""2026-07-02T00:21:00Z"", ""endTime"": null, ""from"": ""Calle del Valle de Marne"", ""to"": ""Avenida Morelos S"", ""length"": 21.0261849947, ""delay"": null, ""roadNumbers"": [], ""timeValidity"": ""present"", ""probabilityOfOccurrence"": ""probable"", ""numberOfReports"": null, ""lastReportTime"": null, ""events"": [{""code"": 701, ""description"": ""Obras"", ""iconCategory"": 9}, {""code"": 810, ""description"": ""Nuevo trazado de carretera por obras"", ""iconCategory"": 9}]}"
tomtom,tomtom_cdmx_incidents,2026-07-02T04:34:19Z,2026-07-02,20260702T043415Z,2026-07-02T04:34:15.646355,TTI-0e6b35d1-b793-45b4-b4a5-22dc2fb82b8b-TTR24505184028022000,Feature,LineString,19.536294546,-99.0519042963,8,Road closed,4,,218.3897052501,Avenida José María Morelos y Pavón,Avenida Miguel Hidalgo,,present,probable,,2026-06-09T14:49:30Z,,,Cerrado,401,"{""type"": ""LineString"", ""coordinates"": [[-99.0530281419, 19.5347294391], [-99.0527009124, 19.5351841297], [-99.0519042963, 19.536294546], [-99.051862722, 19.5363575828]]}","{""id"": ""TTI-0e6b35d1-b793-45b4-b4a5-22dc2fb82b8b-TTR24505184028022000"", ""iconCategory"": 8, ""magnitudeOfDelay"": 4, ""startTime"": ""2026-06-09T14:49:30Z"", ""endTime"": null, ""from"": ""Avenida José María Morelos y Pavón"", ""to"": ""Avenida Miguel Hidalgo"", ""length"": 218.3897052501, ""delay"": null, ""roadNumbers"": [], ""timeValidity"": ""present"", ""probabilityOfOccurrence"": ""probable"", ""numberOfReports"": null, ""lastReportTime"": null, ""events"": [{""code"": 401, ""description"": ""Cerrado"", ""iconCategory"": 8}]}"
tomtom,tomtom_cdmx_incidents,2026-07-02T04:34:19Z,2026-07-02,20260702T043415Z,2026-07-02T04:34:15.646372,TTI-0e6b35d1-b793-45b4-b4a5-22dc2fb82b8b-TTR24505184244022000,Feature,LineString,19.5351841297,-99.0527009124,8,Road closed,4,,218.3897052501,Avenida Miguel Hidalgo,Avenida José María Morelos y Pavón,,present,probable,,2026-06-09T20:29:00Z,,,Cerrado,401,"{""type"": ""LineString"", ""coordinates"": [[-99.051862722, 19.5363575828], [-99.0519042963, 19.536294546], [-99.0527009124, 19.5351841297], [-99.0530281419, 19.5347294391]]}","{""id"": ""TTI-0e6b35d1-b793-45b4-b4a5-22dc2fb82b8b-TTR24505184244022000"", ""iconCategory"": 8, ""magnitudeOfDelay"": 4, ""startTime"": ""2026-06-09T20:29:00Z"", ""endTime"": null, ""from"": ""Avenida Miguel Hidalgo"", ""to"": ""Avenida José María Morelos y Pavón"", ""length"": 218.3897052501, ""delay"": null, ""roadNumbers"": [], ""timeValidity"": ""present"", ""probabilityOfOccurrence"": ""probable"", ""numberOfReports"": null, ""lastReportTime"": null, ""events"": [{""code"": 401, ""description"": ""Cerrado"", ""iconCategory"": 8}]}"
tomtom,tomtom_cdmx_incidents,2026-07-02T04:34:19Z,2026-07-02,20260702T043415Z,2026-07-02T04:34:15.646391,TTI-0e6b35d1-b793-45b4-b4a5-22dc2fb82b8b-TTR24534035856022000,Feature,LineString,19.3505904339,-99.0507724041,8,Road closed,4,,195.2039905124,Calle Eduardo Vasconcelos,Avenida Revolución Social / Avenida Samuel Gompers,,present,probable,,2026-06-17T18:45:30Z,,,Cerrado,401,"{""type"": ""LineString"", ""coordinates"": [[-99.0508247072, 19.3489744237], [-99.050809955, 19.3495189214], [-99.0507724041, 19.3505904339], [-99.0507656986, 19.3506588415], [-99.050758993, 19.3507285936]]}","{""id"": ""TTI-0e6b35d1-b793-45b4-b4a5-22dc2fb82b8b-TTR24534035856022000"", ""iconCategory"": 8, ""magnitudeOfDelay"": 4, ""startTime"": ""2026-06-17T18:45:30Z"", ""endTime"": null, ""from"": ""Calle Eduardo Vasconcelos"", ""to"": ""Avenida Revolución Social / Avenida Samuel Gompers"", ""length"": 195.2039905124, ""delay"": null, ""roadNumbers"": [], ""timeValidity"": ""present"", ""probabilityOfOccurrence"": ""probable"", ""numberOfReports"": null, ""lastReportTime"": null, ""events"": [{""code"": 401, ""description"": ""Cerrado"", ""iconCategory"": 8}]}"
tomtom,tomtom_cdmx_incidents,2026-07-02T04:34:19Z,2026-07-02,20260702T043415Z,2026-07-02T04:34:15.646411,TTI-0e6b35d1-b793-45b4-b4a5-22dc2fb82b8b-TTR24534035928022000,Feature,LineString,19.3505904339,-99.0507724041,8,Road closed,4,,195.2039905124,Avenida Revolución Social / Avenida Samuel Gompers,Calle Eduardo Vasconcelos,,present,probable,,2026-06-16T23:52:30Z,,,Cerrado,401,"{""type"": ""LineString"", ""coordinates"": [[-99.050758993, 19.3507285936], [-99.0507656986, 19.3506588415], [-99.0507724041, 19.3505904339], [-99.050809955, 19.3495189214], [-99.0508247072, 19.3489744237]]}","{""id"": ""TTI-0e6b35d1-b793-45b4-b4a5-22dc2fb82b8b-TTR24534035928022000"", ""iconCategory"": 8, ""magnitudeOfDelay"": 4, ""startTime"": ""2026-06-16T23:52:30Z"", ""endTime"": null, ""from"": ""Avenida Revolución Social / Avenida Samuel Gompers"", ""to"": ""Calle Eduardo Vasconcelos"", ""length"": 195.2039905124, ""delay"": null, ""roadNumbers"": [], ""timeValidity"": ""present"", ""probabilityOfOccurrence"": ""probable"", ""numberOfReports"": null, ""lastReportTime"": null, ""events"": [{""code"": 401, ""description"": ""Cerrado"", ""iconCategory"": 8}]}"
tomtom,tomtom_cdmx_incidents,2026-07-02T04:34:19Z,2026-07-02,20260702T043415Z,2026-07-02T04:34:15.646428,TTI-0e6b35d1-b793-45b4-b4a5-22dc2fb82b8b-TTR24508069424023000,Feature,LineString,19.5198391918,-99.0507576519,8,Road closed,4,,167.0106354475,Avenida Neptuno,Avenida Plutón / Calle Violeta,,present,probable,,2026-06-28T08:40:00Z,,,Cerrado,401,"{""type"": ""LineString"", ""coordinates"": [[-99.050643658, 19.5200980009], [-99.0506865734, 19.520000118], [-99.0507576519, 19.5198391918], [-99.0511036569, 19.5190613402], [-99.051259225, 19.518712625]]}","{""id"": ""TTI-0e6b35d1-b793-45b4-b4a5-22dc2fb82b8b-TTR24508069424023000"", ""iconCategory"": 8, ""magnitudeOfDelay"": 4, ""startTime"": ""2026-06-28T08:40:00Z"", ""endTime"": null, ""from"": ""Avenida Neptuno"", ""to"": ""Avenida Plutón / Calle Violeta"", ""length"": 167.0106354475, ""delay"": null, ""roadNumbers"": [], ""timeValidity"": ""present"", ""probabilityOfOccurrence"": ""probable"", ""numberOfReports"": null, ""lastReportTime"": null, ""events"": [{""code"": 401, ""description"": ""Cerrado"", ""iconCategory"": 8}]}"
tomtom,tomtom_cdmx_incidents,2026-07-02T04:34:19Z,2026-07-02,20260702T043415Z,2026-07-02T04:34:15.646446,TTI-0e6b35d1-b793-45b4-b4a5-22dc2fb82b8b-TTR24508069352023000,Feature,LineString,19.5198391918,-99.0507576519,8,Road closed,4,,167.0106354475,Avenida Plutón / Calle Violeta,Avenida Neptuno,,present,probable,,2026-06-28T11:44:00Z,,,Cerrado,401,"{""type"": ""LineString"", ""coordinates"": [[-99.051259225, 19.518712625], [-99.0511036569, 19.5190613402], [-99.0507576519, 19.5198391918], [-99.0506865734, 19.520000118], [-99.050643658, 19.5200980009]]}","{""id"": ""TTI-0e6b35d1-b793-45b4-b4a5-22dc2fb82b8b-TTR24508069352023000"", ""iconCategory"": 8, ""magnitudeOfDelay"": 4, ""startTime"": ""2026-06-28T11:44:00Z"", ""endTime"": null, ""from"": ""Avenida Plutón / Calle Violeta"", ""to"": ""Avenida Neptuno"", ""length"": 167.0106354475, ""delay"": null, ""roadNumbers"": [], ""timeValidity"": ""present"", ""probabilityOfOccurrence"": ""probable"", ""numberOfReports"": null, ""lastReportTime"": null, ""events"": [{""code"": 401, ""description"": ""Cerrado"", ""iconCategory"": 8}]}"
tomtom,tomtom_cdmx_incidents,2026-07-02T04:34:19Z,2026-07-02,20260702T043415Z,2026-07-02T04:34:15.646463,TTI-0e6b35d1-b793-45b4-b4a5-22dc2fb82b8b-TTR24534036112035000,Feature,LineString,19.3624968058,-99.0507308298,8,Road closed,4,,470.9996275844,Avenida Genaro Estrada / Calle Carlos L. Gracida,Eje 6 Sur Luís Méndez,,present,certain,14.0,2026-07-01T15:41:00Z,,2025-06-22T21:24:00Z,Cerrado,401,"{""type"": ""LineString"", ""coordinates"": [[-99.0497558469, 19.3623948739], [-99.0501179451, 19.3624350457], [-99.050142085, 19.3624377343], [-99.0501622015, 19.362440423], [-99.0503338629, 19.3624605879], [-99.050386166, 19.3624646209], [-99.0504626089, 19.3624726078], [-99.050591355, 19.3624847068], [-99.0507187599, 19.3624954614], [-99.0507308298, 19.3624968058], [-99.0507750863, 19.3625007597], [-99.0509319955, 19.3625155473], [-99.0513142103, 19.3625504208], [-99.0513772422, 19.3625557981], [-99.0523844117, 19.3626631072], [-99.053004002, 19.3627288211], [-99.0533070916, 19.3627663041], [-99.0538167113, 19.3628347066], [-99.0542150193, 19.3628843677]]}","{""id"": ""TTI-0e6b35d1-b793-45b4-b4a5-22dc2fb82b8b-TTR24534036112035000"", ""iconCategory"": 8, ""magnitudeOfDelay"": 4, ""startTime"": ""2026-07-01T15:41:00Z"", ""endTime"": null, ""from"": ""Avenida Genaro Estrada / Calle Carlos L. Gracida"", ""to"": ""Eje 6 Sur Luís Méndez"", ""length"": 470.9996275844, ""delay"": null, ""roadNumbers"": [], ""timeValidity"": ""present"", ""probabilityOfOccurrence"": ""certain"", ""numberOfReports"": 14, ""lastReportTime"": ""2025-06-22T21:24:00Z"", ""events"": [{""code"": 401, ""description"": ""Cerrado"", ""iconCategory"": 8}]}"
tomtom,tomtom_cdmx_incidents,2026-07-02T04:34:19Z,2026-07-02,20260702T043415Z,2026-07-02T04:34:15.646493,TTI-0e6b35d1-b793-45b4-b4a5-22dc2fb82b8b-TTR24516725120124000,Feature,LineString,19.4791393182,-99.0522422546,9,Road works,0,,1490.8562058541,Calle Valle del Yukón,Calle Obsidiana,,present,probable,,2026-06-29T19:03:00Z,,,Obras,701,"{""type"": ""LineString"", ""coordinates"": [[-99.0493561977, 19.4857027092], [-99.0493629032, 19.4856892761], [-99.0496794039, 19.4849852217], [-99.0497424358, 19.4848444104], [-99.050104534, 19.4840169245], [-99.0502131635, 19.4837701477], [-99.0503459328, 19.483464422], [-99.0504009181, 19.4833369637], [-99.0505685562, 19.4829507953], [-99.0509547943, 19.4820803919], [-99.0510714704, 19.481817492], [-99.0513799244, 19.4811134207], [-99.0517111772, 19.4803597213], [-99.0518050545, 19.4801465228], [-99.0520920509, 19.479493413], [-99.0521658117, 19.4793203563], [-99.052195316, 19.4792506594], [-99.0522422546, 19.4791393182], [-99.0523441786, 19.4789005941], [-99.0523656362, 19.4788509685], [-99.0526150817, 19.47827166], [-99.052863186, 19.4777271192], [-99.0529221946, 19.4776051089], [-99.0531823689, 19.4770137055], [-99.0533701235, 19.4765885638], [-99.0534546131, 19.4763967755], [-99.0536785775, 19.4758563376], [-99.0538730377, 19.4753936568], [-99.0539226586, 19.4752742525], [-99.0540165359, 19.4750529869], [-99.0542700046, 19.4744400797], [-99.0544564182, 19.4739867987], [-99.0547125691, 19.4733765743], [-99.0547300035, 19.4733350075], [-99.0547460967, 19.4732961276]]}","{""id"": ""TTI-0e6b35d1-b793-45b4-b4a5-22dc2fb82b8b-TTR24516725120124000"", ""iconCategory"": 9, ""magnitudeOfDelay"": 0, ""startTime"": ""2026-06-29T19:03:00Z"", ""endTime"": null, ""from"": ""Calle Valle del Yukón"", ""to"": ""Calle Obsidiana"", ""length"": 1490.8562058541, ""delay"": null, ""roadNumbers"": [], ""timeValidity"": ""present"", ""probabilityOfOccurrence"": ""probable"", ""numberOfReports"": null, ""lastReportTime"": null, ""events"": [{""code"": 701, ""description"": ""Obras"", ""iconCategory"": 9}]}"
tomtom,tomtom_cdmx_incidents,2026-07-02T04:34:19Z,2026-07-02,20260702T043415Z,2026-07-02T04:34:15.646534,TTI-0e6b35d1-b793-45b4-b4a5-22dc2fb82b8b-TTR24534035712021001,Feature,LineString,19.3460816352,-99.0493575388,0,Unknown,0,,163.9471728849,Eje 8 Sur Calzada Ermita Iztapalapa,Calle Licenciado Manlio Fabio Altamirano,,present,certain,,2026-06-10T19:28:30Z,2026-07-20T03:00:00Z,,Partido de fútbol,1459,"{""type"": ""LineString"", ""coordinates"": [[-99.0493776554, 19.3453145766], [-99.0493763143, 19.3453681972], [-99.0493575388, 19.3460816352], [-99.04933474, 19.3467884268]]}","{""id"": ""TTI-0e6b35d1-b793-45b4-b4a5-22dc2fb82b8b-TTR24534035712021001"", ""iconCategory"": 0, ""magnitudeOfDelay"": 0, ""startTime"": ""2026-06-10T19:28:30Z"", ""endTime"": ""2026-07-20T03:00:00Z"", ""from"": ""Eje 8 Sur Calzada Ermita Iztapalapa"", ""to"": ""Calle Licenciado Manlio Fabio Altamirano"", ""length"": 163.9471728849, ""delay"": null, ""roadNumbers"": [], ""timeValidity"": ""present"", ""probabilityOfOccurrence"": ""certain"", ""numberOfReports"": null, ""lastReportTime"": null, ""events"": [{""code"": 1459, ""description"": ""Partido de fútbol"", ""iconCategory"": 0}]}"
tomtom,tomtom_cdmx_incidents,2026-07-02T04:34:19Z,2026-07-02,20260702T043415Z,2026-07-02T04:34:15.646552,TTI-0e6b35d1-b793-45b4-b4a5-22dc2fb82b8b-TTR24545576776012001,Feature,LineString,19.2872755429,-99.0496445352,0,Unknown,0,,114.7656540287,Avenida Heberto Castillo,Calle de Cenicienta,,present,certain,,2026-06-10T19:40:30Z,2026-07-20T03:00:00Z,,Partido de fútbol,1459,"{""type"": ""LineString"", ""coordinates"": [[-99.0502882653, 19.2874190567], [-99.0501501316, 19.2873882021], [-99.0496445352, 19.2872755429], [-99.0492247695, 19.287179023]]}","{""id"": ""TTI-0e6b35d1-b793-45b4-b4a5-22dc2fb82b8b-TTR24545576776012001"", ""iconCategory"": 0, ""magnitudeOfDelay"": 0, ""startTime"": ""2026-06-10T19:40:30Z"", ""endTime"": ""2026-07-20T03:00:00Z"", ""from"": ""Avenida Heberto Castillo"", ""to"": ""Calle de Cenicienta"", ""length"": 114.7656540287, ""delay"": null, ""roadNumbers"": [], ""timeValidity"": ""present"", ""probabilityOfOccurrence"": ""certain"", ""numberOfReports"": null, ""lastReportTime"": null, ""events"": [{""code"": 1459, ""description"": ""Partido de fútbol"", ""iconCategory"": 0}]}"
tomtom,tomtom_cdmx_incidents,2026-07-02T04:34:19Z,2026-07-02,20260702T043415Z,2026-07-02T04:34:15.646583,TTI-0e6b35d1-b793-45b4-b4a5-22dc2fb82b8b-TTR24534035924013000,Feature,LineString,19.3536333993,-99.0491255277,9,Road works,0,,67.9029988531,Calle 2 Casimiro del Valle,Calle 6 Casimiro del Valle,,present,probable,,2026-06-30T21:22:00Z,,,Obras | Nuevo trazado de carretera por obras,"701,810","{""type"": ""LineString"", ""coordinates"": [[-99.0491912419, 19.35424091], [-99.0491255277, 19.3536333993]]}","{""id"": ""TTI-0e6b35d1-b793-45b4-b4a5-22dc2fb82b8b-TTR24534035924013000"", ""iconCategory"": 9, ""magnitudeOfDelay"": 0, ""startTime"": ""2026-06-30T21:22:00Z"", ""endTime"": null, ""from"": ""Calle 2 Casimiro del Valle"", ""to"": ""Calle 6 Casimiro del Valle"", ""length"": 67.9029988531, ""delay"": null, ""roadNumbers"": [], ""timeValidity"": ""present"", ""probabilityOfOccurrence"": ""probable"", ""numberOfReports"": null, ""lastReportTime"": null, ""events"": [{""code"": 701, ""description"": ""Obras"", ""iconCategory"": 9}, {""code"": 810, ""description"": ""Nuevo trazado de carretera por obras"", ""iconCategory"": 9}]}"
tomtom,tomtom_cdmx_incidents,2026-07-02T04:34:19Z,2026-07-02,20260702T043415Z,2026-07-02T04:34:15.646601,TTI-0e6b35d1-b793-45b4-b4a5-22dc2fb82b8b-TTR24534036216022000,Feature,LineString,19.3674990589,-99.0485796982,8,Road closed,4,,220.9260628846,Calle 2-B,Calle 2-A,,present,probable,,2026-06-30T03:14:00Z,,,Cerrado,401,"{""type"": ""LineString"", ""coordinates"": [[-99.0485676283, 19.3677820709], [-99.0485796982, 19.3674990589], [-99.0486212724, 19.3657959156]]}","{""id"": ""TTI-0e6b35d1-b793-45b4-b4a5-22dc2fb82b8b-TTR24534036216022000"", ""iconCategory"": 8, ""magnitudeOfDelay"": 4, ""startTime"": ""2026-06-30T03:14:00Z"", ""endTime"": null, ""from"": ""Calle 2-B"", ""to"": ""Calle 2-A"", ""length"": 220.9260628846, ""delay"": null, ""roadNumbers"": [], ""timeValidity"": ""present"", ""probabilityOfOccurrence"": ""probable"", ""numberOfReports"": null, ""lastReportTime"": null, ""events"": [{""code"": 401, ""description"": ""Cerrado"", ""iconCategory"": 8}]}"
tomtom,tomtom_cdmx_incidents,2026-07-02T04:34:19Z,2026-07-02,20260702T043415Z,2026-07-02T04:34:15.646617,TTI-0e6b35d1-b793-45b4-b4a5-22dc2fb82b8b-TTR24534036252006000,Feature,LineString,19.3699533157,-99.0485689694,8,Road closed,4,,36.5596585651,Avenida 5,Avenida 4,,present,probable,,2026-05-23T01:26:00Z,,,Cerrado,401,"{""type"": ""LineString"", ""coordinates"": [[-99.0484630221, 19.3699385287], [-99.0485689694, 19.3699533157], [-99.0488103682, 19.3699506271]]}","{""id"": ""TTI-0e6b35d1-b793-45b4-b4a5-22dc2fb82b8b-TTR24534036252006000"", ""iconCategory"": 8, ""magnitudeOfDelay"": 4, ""startTime"": ""2026-05-23T01:26:00Z"", ""endTime"": null, ""from"": ""Avenida 5"", ""to"": ""Avenida 4"", ""length"": 36.5596585651, ""delay"": null, ""roadNumbers"": [], ""timeValidity"": ""present"", ""probabilityOfOccurrence"": ""probable"", ""numberOfReports"": null, ""lastReportTime"": null, ""events"": [{""code"": 401, ""description"": ""Cerrado"", ""iconCategory"": 8}]}"
tomtom,tomtom_cdmx_incidents,2026-07-02T04:34:19Z,2026-07-02,20260702T043415Z,2026-07-02T04:34:15.646632,TTI-0e6b35d1-b793-45b4-b4a5-22dc2fb82b8b-TTR24531150708006000,Feature,LineString,19.3699533157,-99.0485689694,8,Road closed,4,,36.5596585651,Avenida 4,Avenida 5,,present,probable,,2026-05-23T03:02:00Z,,,Cerrado,401,"{""type"": ""LineString"", ""coordinates"": [[-99.0488103682, 19.3699506271], [-99.0485689694, 19.3699533157], [-99.0484630221, 19.3699385287]]}","{""id"": ""TTI-0e6b35d1-b793-45b4-b4a5-22dc2fb82b8b-TTR24531150708006000"", ""iconCategory"": 8, ""magnitudeOfDelay"": 4, ""startTime"": ""2026-05-23T03:02:00Z"", ""endTime"": null, ""from"": ""Avenida 4"", ""to"": ""Avenida 5"", ""length"": 36.5596585651, ""delay"": null, ""roadNumbers"": [], ""timeValidity"": ""present"", ""probabilityOfOccurrence"": ""probable"", ""numberOfReports"": null, ""lastReportTime"": null, ""events"": [{""code"": 401, ""description"": ""Cerrado"", ""iconCategory"": 8}]}"
tomtom,tomtom_cdmx_incidents,2026-07-02T04:34:19Z,2026-07-02,20260702T043415Z,2026-07-02T04:34:15.646648,TTI-0e6b35d1-b793-45b4-b4a5-22dc2fb82b8b-TTR24534036144014000,Feature,LineString,19.3699385287,-99.0484630221,8,Road closed,4,,107.9163655351,Calle 2,Calle 7,,present,probable,,2026-05-22T20:18:30Z,,,Cerrado,401,"{""type"": ""LineString"", ""coordinates"": [[-99.0484938675, 19.3693136009], [-99.0484777743, 19.3695683801], [-99.0484630221, 19.3699385287], [-99.0484509522, 19.3702832146]]}","{""id"": ""TTI-0e6b35d1-b793-45b4-b4a5-22dc2fb82b8b-TTR24534036144014000"", ""iconCategory"": 8, ""magnitudeOfDelay"": 4, ""startTime"": ""2026-05-22T20:18:30Z"", ""endTime"": null, ""from"": ""Calle 2"", ""to"": ""Calle 7"", ""length"": 107.9163655351, ""delay"": null, ""roadNumbers"": [], ""timeValidity"": ""present"", ""probabilityOfOccurrence"": ""probable"", ""numberOfReports"": null, ""lastReportTime"": null, ""events"": [{""code"": 401, ""description"": ""Cerrado"", ""iconCategory"": 8}]}"
tomtom,tomtom_cdmx_incidents,2026-07-02T04:34:19Z,2026-07-02,20260702T043415Z,2026-07-02T04:34:15.646665,TTI-0e6b35d1-b793-45b4-b4a5-22dc2fb82b8b-TTR24534036216014000,Feature,LineString,19.3699385287,-99.0484630221,8,Road closed,4,,142.7002681517,Calle 7,Calle 2,,present,probable,,2026-05-22T19:12:00Z,,,Cerrado,401,"{""type"": ""LineString"", ""coordinates"": [[-99.0484362, 19.3705957165], [-99.0484375411, 19.3705500906], [-99.0484509522, 19.3702832146], [-99.0484630221, 19.3699385287], [-99.0484777743, 19.3695683801], [-99.0484938675, 19.3693136009]]}","{""id"": ""TTI-0e6b35d1-b793-45b4-b4a5-22dc2fb82b8b-TTR24534036216014000"", ""iconCategory"": 8, ""magnitudeOfDelay"": 4, ""startTime"": ""2026-05-22T19:12:00Z"", ""endTime"": null, ""from"": ""Calle 7"", ""to"": ""Calle 2"", ""length"": 142.7002681517, ""delay"": null, ""roadNumbers"": [], ""timeValidity"": ""present"", ""probabilityOfOccurrence"": ""probable"", ""numberOfReports"": null, ""lastReportTime"": null, ""events"": [{""code"": 401, ""description"": ""Cerrado"", ""iconCategory"": 8}]}"
tomtom,tomtom_cdmx_incidents,2026-07-02T04:34:19Z,2026-07-02,20260702T043415Z,2026-07-02T04:34:15.646683,TTI-0e6b35d1-b793-45b4-b4a5-22dc2fb82b8b-TTL24513839936068000,Feature,LineString,19.483464422,-99.0503459328,6,Jam,1,150.0,1622.3816130279,Calle Valle del Volga,Calle Obsidiana,,present,certain,,2026-07-02T04:32:30Z,2026-07-02T04:53:00Z,,Tráfico lento | Obras,"115,701","{""type"": ""LineString"", ""coordinates"": [[-99.0480070466, 19.488767088], [-99.0480754429, 19.4886102396], [-99.0481451803, 19.488453312], [-99.0481760258, 19.4883835401], [-99.0482041889, 19.4883205635], [-99.0483342761, 19.4880201406], [-99.0490101928, 19.486492653], [-99.0490705425, 19.4863504207], [-99.0491443032, 19.4861814802], [-99.0491563731, 19.4861520065], [-99.049244886, 19.4859467965], [-99.0492596382, 19.4859146361], [-99.0492757314, 19.4858756801], [-99.0492945069, 19.4858314299], [-99.0493106002, 19.4857965829], [-99.0493280345, 19.4857630791], [-99.0493481511, 19.4857188289], [-99.0493629032, 19.4856892761], [-99.0496794039, 19.4849852217], [-99.0497424358, 19.4848444104], [-99.050104534, 19.4840169245], [-99.0502131635, 19.4837701477], [-99.0503459328, 19.483464422], [-99.0504009181, 19.4833369637], [-99.0505685562, 19.4829507953], [-99.0509547943, 19.4820803919], [-99.0510714704, 19.481817492], [-99.0513799244, 19.4811134207], [-99.0517111772, 19.4803597213], [-99.0518050545, 19.4801465228], [-99.0520920509, 19.479493413], [-99.0521658117, 19.4793203563], [-99.052195316, 19.4792506594], [-99.0522422546, 19.4791393182], [-99.0523441786, 19.4789005941], [-99.0523656362, 19.4788509685], [-99.0526150817, 19.47827166], [-99.052863186, 19.4777271192], [-99.0529221946, 19.4776051089], [-99.0531823689, 19.4770137055], [-99.0533701235, 19.4765885638], [-99.0534546131, 19.4763967755], [-99.0536785775, 19.4758563376], [-99.0538730377, 19.4753936568], [-99.0539186353, 19.4752836563]]}","{""id"": ""TTI-0e6b35d1-b793-45b4-b4a5-22dc2fb82b8b-TTL24513839936068000"", ""iconCategory"": 6, ""magnitudeOfDelay"": 1, ""startTime"": ""2026-07-02T04:32:30Z"", ""endTime"": ""2026-07-02T04:53:00Z"", ""from"": ""Calle Valle del Volga"", ""to"": ""Calle Obsidiana"", ""length"": 1622.3816130279, ""delay"": 150, ""roadNumbers"": [], ""timeValidity"": ""present"", ""probabilityOfOccurrence"": ""certain"", ""numberOfReports"": null, ""lastReportTime"": null, ""events"": [{""code"": 115, ""description"": ""Tráfico lento"", ""iconCategory"": 6}, {""code"": 701, ""description"": ""Obras"", ""iconCategory"": 9}]}"
tomtom,tomtom_cdmx_incidents,2026-07-02T04:34:19Z,2026-07-02,20260702T043415Z,2026-07-02T04:34:15.646738,TTI-0e6b35d1-b793-45b4-b4a5-22dc2fb82b8b-TTR24508069644023000,Feature,LineString,19.5435378557,-99.0466216856,8,Road closed,4,,214.7172102583,Calle Francisco Villa,Calle Océano Pacífico,,present,probable,,2026-06-14T15:25:00Z,,,Cerrado,401,"{""type"": ""LineString"", ""coordinates"": [[-99.0474437827, 19.5424059249], [-99.0471997017, 19.542737211], [-99.0470655912, 19.5429236282], [-99.0466216856, 19.5435378557], [-99.0464620942, 19.5437805919], [-99.0463078672, 19.544012585]]}","{""id"": ""TTI-0e6b35d1-b793-45b4-b4a5-22dc2fb82b8b-TTR24508069644023000"", ""iconCategory"": 8, ""magnitudeOfDelay"": 4, ""startTime"": ""2026-06-14T15:25:00Z"", ""endTime"": null, ""from"": ""Calle Francisco Villa"", ""to"": ""Calle Océano Pacífico"", ""length"": 214.7172102583, ""delay"": null, ""roadNumbers"": [], ""timeValidity"": ""present"", ""probabilityOfOccurrence"": ""probable"", ""numberOfReports"": null, ""lastReportTime"": null, ""events"": [{""code"": 401, ""description"": ""Cerrado"", ""iconCategory"": 8}]}"
tomtom,tomtom_cdmx_incidents,2026-07-02T04:34:19Z,2026-07-02,20260702T043415Z,2026-07-02T04:34:15.646756,TTI-0e6b35d1-b793-45b4-b4a5-22dc2fb82b8b-TTR24539806412014000,Feature,LineString,19.3293446399,-99.0465734059,8,Road closed,4,,81.8622877784,Calle Villa Ibáñez / Calle Úrsulo Galván,Calle Villa Conancio,,present,probable,,2026-07-02T00:17:30Z,,,Cerrado,401,"{""type"": ""LineString"", ""coordinates"": [[-99.0470401102, 19.3294707161], [-99.0469542795, 19.3294465924], [-99.0465734059, 19.3293446399], [-99.0462904328, 19.3292668902]]}","{""id"": ""TTI-0e6b35d1-b793-45b4-b4a5-22dc2fb82b8b-TTR24539806412014000"", ""iconCategory"": 8, ""magnitudeOfDelay"": 4, ""startTime"": ""2026-07-02T00:17:30Z"", ""endTime"": null, ""from"": ""Calle Villa Ibáñez / Calle Úrsulo Galván"", ""to"": ""Calle Villa Conancio"", ""length"": 81.8622877784, ""delay"": null, ""roadNumbers"": [], ""timeValidity"": ""present"", ""probabilityOfOccurrence"": ""probable"", ""numberOfReports"": null, ""lastReportTime"": null, ""events"": [{""code"": 401, ""description"": ""Cerrado"", ""iconCategory"": 8}]}"
tomtom,tomtom_cdmx_incidents,2026-07-02T04:34:19Z,2026-07-02,20260702T043415Z,2026-07-02T04:34:15.646773,TTI-0e6b35d1-b793-45b4-b4a5-22dc2fb82b8b-TTR24539806484014000,Feature,LineString,19.3295954477,-99.0475416833,8,Road closed,4,,206.1558798647,Calle Villa Conancio,Avenida Constitución,,present,probable,,2026-07-02T00:18:00Z,,,Cerrado,401,"{""type"": ""LineString"", ""coordinates"": [[-99.0462904328, 19.3292668902], [-99.0465734059, 19.3293446399], [-99.0469542795, 19.3294465924], [-99.0470401102, 19.3294707161], [-99.0470964366, 19.329488196], [-99.0475416833, 19.3295954477], [-99.0478166097, 19.3296504181], [-99.0479748601, 19.3296557965], [-99.048063373, 19.3296544519], [-99.0482001656, 19.3296383958]]}","{""id"": ""TTI-0e6b35d1-b793-45b4-b4a5-22dc2fb82b8b-TTR24539806484014000"", ""iconCategory"": 8, ""magnitudeOfDelay"": 4, ""startTime"": ""2026-07-02T00:18:00Z"", ""endTime"": null, ""from"": ""Calle Villa Conancio"", ""to"": ""Avenida Constitución"", ""length"": 206.1558798647, ""delay"": null, ""roadNumbers"": [], ""timeValidity"": ""present"", ""probabilityOfOccurrence"": ""probable"", ""numberOfReports"": null, ""lastReportTime"": null, ""events"": [{""code"": 401, ""description"": ""Cerrado"", ""iconCategory"": 8}]}"
tomtom,tomtom_cdmx_incidents,2026-07-02T04:34:19Z,2026-07-02,20260702T043415Z,2026-07-02T04:34:15.646794,TTI-0e6b35d1-b793-45b4-b4a5-22dc2fb82b8b-TTL24513839936020007,Feature,LineString,19.4923666574,-99.0464312488,6,Jam,3,255.0,202.4270400561,Avenida del Valle de Arno,Calle Valle del Volga,,present,certain,,2026-07-02T04:27:30Z,2026-07-02T04:55:00Z,,Tráfico parado,101,"{""type"": ""LineString"", ""coordinates"": [[-99.0460181886, 19.4933027457], [-99.0460651273, 19.4931981304], [-99.0460946316, 19.4931270962], [-99.0462609285, 19.4927555689], [-99.0464312488, 19.4923666574], [-99.0465667003, 19.492060869], [-99.0466659421, 19.4918369398], [-99.0467115396, 19.4917483637], [-99.0467638427, 19.4916236774]]}","{""id"": ""TTI-0e6b35d1-b793-45b4-b4a5-22dc2fb82b8b-TTL24513839936020007"", ""iconCategory"": 6, ""magnitudeOfDelay"": 3, ""startTime"": ""2026-07-02T04:27:30Z"", ""endTime"": ""2026-07-02T04:55:00Z"", ""from"": ""Avenida del Valle de Arno"", ""to"": ""Calle Valle del Volga"", ""length"": 202.4270400561, ""delay"": 255, ""roadNumbers"": [], ""timeValidity"": ""present"", ""probabilityOfOccurrence"": ""certain"", ""numberOfReports"": null, ""lastReportTime"": null, ""events"": [{""code"": 101, ""description"": ""Tráfico parado"", ""iconCategory"": 6}]}"
tomtom,tomtom_cdmx_incidents,2026-07-02T04:34:19Z,2026-07-02,20260702T043415Z,2026-07-02T04:34:15.646815,TTI-0e6b35d1-b793-45b4-b4a5-22dc2fb82b8b-TTL24516725156006000,Feature,LineString,19.4817880174,-99.0471500808,6,Jam,3,150.0,233.358019128,Calle de la Hacienda de Solís,Calle de la Hacienda de Torrecillas,,present,certain,,2026-07-02T04:32:00Z,2026-07-02T04:53:00Z,,Tráfico parado,101,"{""type"": ""LineString"", ""coordinates"": [[-99.0456963235, 19.4812247606], [-99.0465465838, 19.4815533273], [-99.0469556206, 19.4817116049], [-99.0471500808, 19.4817880174], [-99.0473566109, 19.4818711467], [-99.0477522367, 19.4820294239]]}","{""id"": ""TTI-0e6b35d1-b793-45b4-b4a5-22dc2fb82b8b-TTL24516725156006000"", ""iconCategory"": 6, ""magnitudeOfDelay"": 3, ""startTime"": ""2026-07-02T04:32:00Z"", ""endTime"": ""2026-07-02T04:53:00Z"", ""from"": ""Calle de la Hacienda de Solís"", ""to"": ""Calle de la Hacienda de Torrecillas"", ""length"": 233.358019128, ""delay"": 150, ""roadNumbers"": [], ""timeValidity"": ""present"", ""probabilityOfOccurrence"": ""certain"", ""numberOfReports"": null, ""lastReportTime"": null, ""events"": [{""code"": 101, ""description"": ""Tráfico parado"", ""iconCategory"": 6}]}"
tomtom,tomtom_cdmx_incidents,2026-07-02T04:34:19Z,2026-07-02,20260702T043415Z,2026-07-02T04:34:15.646837,TTI-0e6b35d1-b793-45b4-b4a5-22dc2fb82b8b-TTR24502299488015000,Feature,LineString,19.5825438578,-99.045086121,8,Road closed,4,,53.3679673057,Calle Benito Juárez,Calle Oriente 8,,present,probable,,2026-06-24T18:12:00Z,,,Cerrado,401,"{""type"": ""LineString"", ""coordinates"": [[-99.0448889786, 19.5829864101], [-99.045086121, 19.5825438578]]}","{""id"": ""TTI-0e6b35d1-b793-45b4-b4a5-22dc2fb82b8b-TTR24502299488015000"", ""iconCategory"": 8, ""magnitudeOfDelay"": 4, ""startTime"": ""2026-06-24T18:12:00Z"", ""endTime"": null, ""from"": ""Calle Benito Juárez"", ""to"": ""Calle Oriente 8"", ""length"": 53.3679673057, ""delay"": null, ""roadNumbers"": [], ""timeValidity"": ""present"", ""probabilityOfOccurrence"": ""probable"", ""numberOfReports"": null, ""lastReportTime"": null, ""events"": [{""code"": 401, ""description"": ""Cerrado"", ""iconCategory"": 8}]}"
tomtom,tomtom_cdmx_incidents,2026-07-02T04:34:19Z,2026-07-02,20260702T043415Z,2026-07-02T04:34:15.646852,TTI-0e6b35d1-b793-45b4-b4a5-22dc2fb82b8b-TTR24502299416023000,Feature,LineString,19.5819148533,-99.0454106683,8,Road closed,4,,250.7207660664,Calle Oriente 9,Calle Benito Juárez,,present,certain,2.0,2024-10-25T18:35:30Z,,2025-04-18T01:51:30Z,Cerrado,401,"{""type"": ""LineString"", ""coordinates"": [[-99.0458612794, 19.580927868], [-99.0458411628, 19.5809855173], [-99.0458170229, 19.5810445092], [-99.0456949824, 19.581305984], [-99.0455635542, 19.5815876752], [-99.0454106683, 19.5819148533], [-99.0452430302, 19.5822286846], [-99.0451558584, 19.5823788875], [-99.045086121, 19.5825438578], [-99.0448889786, 19.5829864101]]}","{""id"": ""TTI-0e6b35d1-b793-45b4-b4a5-22dc2fb82b8b-TTR24502299416023000"", ""iconCategory"": 8, ""magnitudeOfDelay"": 4, ""startTime"": ""2024-10-25T18:35:30Z"", ""endTime"": null, ""from"": ""Calle Oriente 9"", ""to"": ""Calle Benito Juárez"", ""length"": 250.7207660664, ""delay"": null, ""roadNumbers"": [], ""timeValidity"": ""present"", ""probabilityOfOccurrence"": ""certain"", ""numberOfReports"": 2, ""lastReportTime"": ""2025-04-18T01:51:30Z"", ""events"": [{""code"": 401, ""description"": ""Cerrado"", ""iconCategory"": 8}]}"
tomtom,tomtom_cdmx_incidents,2026-07-02T04:34:19Z,2026-07-02,20260702T043415Z,2026-07-02T04:34:15.646873,TTI-0e6b35d1-b793-45b4-b4a5-22dc2fb82b8b-TTR24539806700006000,Feature,LineString,19.3386076623,-99.0376765186,8,Road closed,4,,197.2052525185,Calle Emiliano Zapata,Avenida Insurgentes / Privada Insurgentes,,present,probable,,2026-07-02T00:24:00Z,,,Cerrado,401,"{""type"": ""LineString"", ""coordinates"": [[-99.0383457297, 19.3387659209], [-99.0382049137, 19.3387364205], [-99.0378522032, 19.3386506081], [-99.0376765186, 19.3386076623], [-99.0372943038, 19.3385164718], [-99.0368155295, 19.3384025033], [-99.0365231687, 19.338332746]]}","{""id"": ""TTI-0e6b35d1-b793-45b4-b4a5-22dc2fb82b8b-TTR24539806700006000"", ""iconCategory"": 8, ""magnitudeOfDelay"": 4, ""startTime"": ""2026-07-02T00:24:00Z"", ""endTime"": null, ""from"": ""Calle Emiliano Zapata"", ""to"": ""Avenida Insurgentes / Privada Insurgentes"", ""length"": 197.2052525185, ""delay"": null, ""roadNumbers"": [], ""timeValidity"": ""present"", ""probabilityOfOccurrence"": ""probable"", ""numberOfReports"": null, ""lastReportTime"": null, ""events"": [{""code"": 401, ""description"": ""Cerrado"", ""iconCategory"": 8}]}"
tomtom,tomtom_cdmx_incidents,2026-07-02T04:34:19Z,2026-07-02,20260702T043415Z,2026-07-02T04:34:15.646893,TTI-0e6b35d1-b793-45b4-b4a5-22dc2fb82b8b-TTR24539806772006000,Feature,LineString,19.3386076623,-99.0376765186,8,Road closed,4,,197.2052525185,Avenida Insurgentes / Privada Insurgentes,Calle Emiliano Zapata,,present,probable,,2026-07-02T00:24:33Z,,,Cerrado,401,"{""type"": ""LineString"", ""coordinates"": [[-99.0365231687, 19.338332746], [-99.0368155295, 19.3384025033], [-99.0372943038, 19.3385164718], [-99.0376765186, 19.3386076623], [-99.0378522032, 19.3386506081], [-99.0382049137, 19.3387364205], [-99.0383457297, 19.3387659209]]}","{""id"": ""TTI-0e6b35d1-b793-45b4-b4a5-22dc2fb82b8b-TTR24539806772006000"", ""iconCategory"": 8, ""magnitudeOfDelay"": 4, ""startTime"": ""2026-07-02T00:24:33Z"", ""endTime"": null, ""from"": ""Avenida Insurgentes / Privada Insurgentes"", ""to"": ""Calle Emiliano Zapata"", ""length"": 197.2052525185, ""delay"": null, ""roadNumbers"": [], ""timeValidity"": ""present"", ""probabilityOfOccurrence"": ""probable"", ""numberOfReports"": null, ""lastReportTime"": null, ""events"": [{""code"": 401, ""description"": ""Cerrado"", ""iconCategory"": 8}]}"
tomtom,tomtom_cdmx_incidents,2026-07-02T04:34:19Z,2026-07-02,20260702T043415Z,2026-07-02T04:34:15.646912,TTI-0e6b35d1-b793-45b4-b4a5-22dc2fb82b8b-TTR24534036552006000,Feature,LineString,19.3839745366,-99.0350694114,8,Road closed,4,,45.3845558997,Calle José María Arteaga,Calzada Ignacio Zaragoza / Avenida Batallón Zacapoaxtla,,present,probable,,2026-07-01T00:41:30Z,,,Cerrado,401,"{""type"": ""LineString"", ""coordinates"": [[-99.0349125022, 19.3838766507], [-99.0350694114, 19.3839745366], [-99.0352732593, 19.3841019939]]}","{""id"": ""TTI-0e6b35d1-b793-45b4-b4a5-22dc2fb82b8b-TTR24534036552006000"", ""iconCategory"": 8, ""magnitudeOfDelay"": 4, ""startTime"": ""2026-07-01T00:41:30Z"", ""endTime"": null, ""from"": ""Calle José María Arteaga"", ""to"": ""Calzada Ignacio Zaragoza / Avenida Batallón Zacapoaxtla"", ""length"": 45.3845558997, ""delay"": null, ""roadNumbers"": [], ""timeValidity"": ""present"", ""probabilityOfOccurrence"": ""probable"", ""numberOfReports"": null, ""lastReportTime"": null, ""events"": [{""code"": 401, ""description"": ""Cerrado"", ""iconCategory"": 8}]}"
tomtom,tomtom_cdmx_incidents,2026-07-02T04:34:19Z,2026-07-02,20260702T043415Z,2026-07-02T04:34:15.646928,TTI-0e6b35d1-b793-45b4-b4a5-22dc2fb82b8b-TTR24534036480006000,Feature,LineString,19.3839745366,-99.0350694114,8,Road closed,4,,45.3845558997,Calzada Ignacio Zaragoza / Avenida Batallón Zacapoaxtla,Calle José María Arteaga,,present,probable,,2026-07-01T01:42:30Z,,,Cerrado,401,"{""type"": ""LineString"", ""coordinates"": [[-99.0352732593, 19.3841019939], [-99.0350694114, 19.3839745366], [-99.0349125022, 19.3838766507]]}","{""id"": ""TTI-0e6b35d1-b793-45b4-b4a5-22dc2fb82b8b-TTR24534036480006000"", ""iconCategory"": 8, ""magnitudeOfDelay"": 4, ""startTime"": ""2026-07-01T01:42:30Z"", ""endTime"": null, ""from"": ""Calzada Ignacio Zaragoza / Avenida Batallón Zacapoaxtla"", ""to"": ""Calle José María Arteaga"", ""length"": 45.3845558997, ""delay"": null, ""roadNumbers"": [], ""timeValidity"": ""present"", ""probabilityOfOccurrence"": ""probable"", ""numberOfReports"": null, ""lastReportTime"": null, ""events"": [{""code"": 401, ""description"": ""Cerrado"", ""iconCategory"": 8}]}"
tomtom,tomtom_cdmx_incidents,2026-07-02T04:34:19Z,2026-07-02,20260702T043415Z,2026-07-02T04:34:15.646944,TTI-0e6b35d1-b793-45b4-b4a5-22dc2fb82b8b-TTR24513840440022000,Feature,LineString,19.5329994541,-99.0308114046,8,Road closed,4,,209.4119951865,Calle San Felipe,Calle Santa Rita,,present,probable,,2026-07-02T03:32:00Z,,,Cerrado,401,"{""type"": ""LineString"", ""coordinates"": [[-99.0314417237, 19.5315577858], [-99.0309186929, 19.5327446155], [-99.0308114046, 19.5329994541], [-99.0306826586, 19.5332998725]]}","{""id"": ""TTI-0e6b35d1-b793-45b4-b4a5-22dc2fb82b8b-TTR24513840440022000"", ""iconCategory"": 8, ""magnitudeOfDelay"": 4, ""startTime"": ""2026-07-02T03:32:00Z"", ""endTime"": null, ""from"": ""Calle San Felipe"", ""to"": ""Calle Santa Rita"", ""length"": 209.4119951865, ""delay"": null, ""roadNumbers"": [], ""timeValidity"": ""present"", ""probabilityOfOccurrence"": ""probable"", ""numberOfReports"": null, ""lastReportTime"": null, ""events"": [{""code"": 401, ""description"": ""Cerrado"", ""iconCategory"": 8}]}"
tomtom,tomtom_cdmx_incidents,2026-07-02T04:34:19Z,2026-07-02,20260702T043415Z,2026-07-02T04:34:15.646960,TTI-0e6b35d1-b793-45b4-b4a5-22dc2fb82b8b-TTR24545577424007000,Feature,LineString,19.3265685652,-99.0303111726,8,Road closed,4,,47.3452853982,Calle Segunda Pino,Calle Ario / Calle Viesca,,present,probable,,2026-07-02T03:13:00Z,,,Cerrado,401,"{""type"": ""LineString"", ""coordinates"": [[-99.0301810855, 19.3265243507], [-99.0303111726, 19.3265685652], [-99.0306156033, 19.3266369829]]}","{""id"": ""TTI-0e6b35d1-b793-45b4-b4a5-22dc2fb82b8b-TTR24545577424007000"", ""iconCategory"": 8, ""magnitudeOfDelay"": 4, ""startTime"": ""2026-07-02T03:13:00Z"", ""endTime"": null, ""from"": ""Calle Segunda Pino"", ""to"": ""Calle Ario / Calle Viesca"", ""length"": 47.3452853982, ""delay"": null, ""roadNumbers"": [], ""timeValidity"": ""present"", ""probabilityOfOccurrence"": ""probable"", ""numberOfReports"": null, ""lastReportTime"": null, ""events"": [{""code"": 401, ""description"": ""Cerrado"", ""iconCategory"": 8}]}"
tomtom,tomtom_cdmx_incidents,2026-07-02T04:34:19Z,2026-07-02,20260702T043415Z,2026-07-02T04:34:15.646977,TTI-0e6b35d1-b793-45b4-b4a5-22dc2fb82b8b-TTR24545577352007000,Feature,LineString,19.3265685652,-99.0303111726,8,Road closed,4,,47.3452853982,Calle Ario / Calle Viesca,Calle Segunda Pino,,present,probable,,2026-07-02T03:12:30Z,,,Cerrado,401,"{""type"": ""LineString"", ""coordinates"": [[-99.0306156033, 19.3266369829], [-99.0303111726, 19.3265685652], [-99.0301810855, 19.3265243507]]}","{""id"": ""TTI-0e6b35d1-b793-45b4-b4a5-22dc2fb82b8b-TTR24545577352007000"", ""iconCategory"": 8, ""magnitudeOfDelay"": 4, ""startTime"": ""2026-07-02T03:12:30Z"", ""endTime"": null, ""from"": ""Calle Ario / Calle Viesca"", ""to"": ""Calle Segunda Pino"", ""length"": 47.3452853982, ""delay"": null, ""roadNumbers"": [], ""timeValidity"": ""present"", ""probabilityOfOccurrence"": ""probable"", ""numberOfReports"": null, ""lastReportTime"": null, ""events"": [{""code"": 401, ""description"": ""Cerrado"", ""iconCategory"": 8}]}"
tomtom,tomtom_cdmx_incidents,2026-07-02T04:34:19Z,2026-07-02,20260702T043415Z,2026-07-02T04:34:15.646993,TTI-0e6b35d1-b793-45b4-b4a5-22dc2fb82b8b-TTR24519610716015000,Feature,LineString,19.486224387,-99.0298766547,8,Road closed,4,,94.5197055366,Boulevard Río de los Remedios,Calle Josefa Ortiz de Domínguez,,present,probable,,2026-06-30T03:17:30Z,,,Cerrado,401,"{""type"": ""LineString"", ""coordinates"": [[-99.029969191, 19.485844863], [-99.029957121, 19.485970897], [-99.0298981124, 19.4861130506], [-99.0298753136, 19.4861640172], [-99.0298699492, 19.4861962566], [-99.0298726314, 19.4862042374], [-99.0298766547, 19.486224387], [-99.0299021357, 19.4862445366], [-99.0299222523, 19.4862605773], [-99.0299356633, 19.4862699804], [-99.0299812609, 19.48629013], [-99.0300711149, 19.4863222903], [-99.0303111726, 19.486413477]]}","{""id"": ""TTI-0e6b35d1-b793-45b4-b4a5-22dc2fb82b8b-TTR24519610716015000"", ""iconCategory"": 8, ""magnitudeOfDelay"": 4, ""startTime"": ""2026-06-30T03:17:30Z"", ""endTime"": null, ""from"": ""Boulevard Río de los Remedios"", ""to"": ""Calle Josefa Ortiz de Domínguez"", ""length"": 94.5197055366, ""delay"": null, ""roadNumbers"": [], ""timeValidity"": ""present"", ""probabilityOfOccurrence"": ""probable"", ""numberOfReports"": null, ""lastReportTime"": null, ""events"": [{""code"": 401, ""description"": ""Cerrado"", ""iconCategory"": 8}]}"
tomtom,tomtom_cdmx_incidents,2026-07-02T04:34:19Z,2026-07-02,20260702T043415Z,2026-07-02T04:34:15.647018,TTI-0e6b35d1-b793-45b4-b4a5-22dc2fb82b8b-TTR24519610720015000,Feature,LineString,19.486224387,-99.0298766547,8,Road closed,4,,94.5197055366,Calle Josefa Ortiz de Domínguez,Boulevard Río de los Remedios,,present,probable,,2026-06-30T03:17:00Z,,,Cerrado,401,"{""type"": ""LineString"", ""coordinates"": [[-99.0303111726, 19.486413477], [-99.0300711149, 19.4863222903], [-99.0299812609, 19.48629013], [-99.0299356633, 19.4862699804], [-99.0299222523, 19.4862605773], [-99.0299021357, 19.4862445366], [-99.0298766547, 19.486224387], [-99.0298726314, 19.4862042374], [-99.0298699492, 19.4861962566], [-99.0298753136, 19.4861640172], [-99.0298981124, 19.4861130506], [-99.029957121, 19.485970897], [-99.029969191, 19.485844863]]}","{""id"": ""TTI-0e6b35d1-b793-45b4-b4a5-22dc2fb82b8b-TTR24519610720015000"", ""iconCategory"": 8, ""magnitudeOfDelay"": 4, ""startTime"": ""2026-06-30T03:17:00Z"", ""endTime"": null, ""from"": ""Calle Josefa Ortiz de Domínguez"", ""to"": ""Boulevard Río de los Remedios"", ""length"": 94.5197055366, ""delay"": null, ""roadNumbers"": [], ""timeValidity"": ""present"", ""probabilityOfOccurrence"": ""probable"", ""numberOfReports"": null, ""lastReportTime"": null, ""events"": [{""code"": 401, ""description"": ""Cerrado"", ""iconCategory"": 8}]}"
tomtom,tomtom_cdmx_incidents,2026-07-02T04:34:19Z,2026-07-02,20260702T043415Z,2026-07-02T04:34:15.647042,TTI-0e6b35d1-b793-45b4-b4a5-22dc2fb82b8b-TTR24510954968022000,Feature,LineString,19.5357969648,-99.0298484915,8,Road closed,4,,179.1525268648,Avenida Segor,Calle Sacerdotes,,present,probable,,2026-04-24T16:37:30Z,,,Cerrado,401,"{""type"": ""LineString"", ""coordinates"": [[-99.0304077321, 19.5345175761], [-99.0302883738, 19.5347884478], [-99.0298484915, 19.5357969648], [-99.0297572964, 19.5360075621]]}","{""id"": ""TTI-0e6b35d1-b793-45b4-b4a5-22dc2fb82b8b-TTR24510954968022000"", ""iconCategory"": 8, ""magnitudeOfDelay"": 4, ""startTime"": ""2026-04-24T16:37:30Z"", ""endTime"": null, ""from"": ""Avenida Segor"", ""to"": ""Calle Sacerdotes"", ""length"": 179.1525268648, ""delay"": null, ""roadNumbers"": [], ""timeValidity"": ""present"", ""probabilityOfOccurrence"": ""probable"", ""numberOfReports"": null, ""lastReportTime"": null, ""events"": [{""code"": 401, ""description"": ""Cerrado"", ""iconCategory"": 8}]}"
tomtom,tomtom_cdmx_incidents,2026-07-02T04:34:19Z,2026-07-02,20260702T043415Z,2026-07-02T04:34:15.647059,TTI-0e6b35d1-b793-45b4-b4a5-22dc2fb82b8b-TTR24513840656038000,Feature,LineString,19.5372909677,-99.0292020792,8,Road closed,4,,175.5595677902,Boulevard de los Aztecas,Calle Sacerdotes,,present,probable,,2026-04-23T14:38:30Z,,,Cerrado,401,"{""type"": ""LineString"", ""coordinates"": [[-99.0289459282, 19.5378475519], [-99.0289714092, 19.5377952586], [-99.0292020792, 19.5372909677], [-99.0295923406, 19.5363910761]]}","{""id"": ""TTI-0e6b35d1-b793-45b4-b4a5-22dc2fb82b8b-TTR24513840656038000"", ""iconCategory"": 8, ""magnitudeOfDelay"": 4, ""startTime"": ""2026-04-23T14:38:30Z"", ""endTime"": null, ""from"": ""Boulevard de los Aztecas"", ""to"": ""Calle Sacerdotes"", ""length"": 175.5595677902, ""delay"": null, ""roadNumbers"": [], ""timeValidity"": ""present"", ""probabilityOfOccurrence"": ""probable"", ""numberOfReports"": null, ""lastReportTime"": null, ""events"": [{""code"": 401, ""description"": ""Cerrado"", ""iconCategory"": 8}]}"
tomtom,tomtom_cdmx_incidents,2026-07-02T04:34:19Z,2026-07-02,20260702T043415Z,2026-07-02T04:34:15.647076,TTI-0e6b35d1-b793-45b4-b4a5-22dc2fb82b8b-TTR24542692272015000,Feature,LineString,19.3527267948,-99.0278059894,8,Road closed,4,,147.1538989048,Calle Primavera,Avenida Circunvalación,,present,probable,,2026-06-25T21:42:00Z,,,Cerrado,401,"{""type"": ""LineString"", ""coordinates"": [[-99.0278864557, 19.3514594856], [-99.0278609747, 19.3517800109], [-99.0278059894, 19.3527267948], [-99.0278086716, 19.3527804921]]}","{""id"": ""TTI-0e6b35d1-b793-45b4-b4a5-22dc2fb82b8b-TTR24542692272015000"", ""iconCategory"": 8, ""magnitudeOfDelay"": 4, ""startTime"": ""2026-06-25T21:42:00Z"", ""endTime"": null, ""from"": ""Calle Primavera"", ""to"": ""Avenida Circunvalación"", ""length"": 147.1538989048, ""delay"": null, ""roadNumbers"": [], ""timeValidity"": ""present"", ""probabilityOfOccurrence"": ""probable"", ""numberOfReports"": null, ""lastReportTime"": null, ""events"": [{""code"": 401, ""description"": ""Cerrado"", ""iconCategory"": 8}]}"
tomtom,tomtom_cdmx_incidents,2026-07-02T04:34:19Z,2026-07-02,20260702T043415Z,2026-07-02T04:34:15.647093,TTI-0e6b35d1-b793-45b4-b4a5-22dc2fb82b8b-TTR24542692344015000,Feature,LineString,19.3517800109,-99.0278609747,8,Road closed,4,,147.1538989048,Avenida Circunvalación,Calle Primavera,,present,probable,,2026-06-25T21:41:30Z,,,Cerrado,401,"{""type"": ""LineString"", ""coordinates"": [[-99.0278086716, 19.3527804921], [-99.0278059894, 19.3527267948], [-99.0278609747, 19.3517800109], [-99.0278864557, 19.3514594856]]}","{""id"": ""TTI-0e6b35d1-b793-45b4-b4a5-22dc2fb82b8b-TTR24542692344015000"", ""iconCategory"": 8, ""magnitudeOfDelay"": 4, ""startTime"": ""2026-06-25T21:41:30Z"", ""endTime"": null, ""from"": ""Avenida Circunvalación"", ""to"": ""Calle Primavera"", ""length"": 147.1538989048, ""delay"": null, ""roadNumbers"": [], ""timeValidity"": ""present"", ""probabilityOfOccurrence"": ""probable"", ""numberOfReports"": null, ""lastReportTime"": null, ""events"": [{""code"": 401, ""description"": ""Cerrado"", ""iconCategory"": 8}]}"
tomtom,tomtom_cdmx_incidents,2026-07-02T04:34:19Z,2026-07-02,20260702T043415Z,2026-07-02T04:34:15.647110,TTI-0e6b35d1-b793-45b4-b4a5-22dc2fb82b8b-TTR24513840476021000,Feature,LineString,19.5327982533,-99.0263803953,8,Road closed,4,,168.1109135422,Avenida Carlos Hank González,Calle Tero,,present,probable,,2026-07-02T04:11:00Z,,,Cerrado,401,"{""type"": ""LineString"", ""coordinates"": [[-99.0272856408, 19.5331536526], [-99.0271408015, 19.5331000149], [-99.0269838923, 19.5330410056], [-99.0267787033, 19.5329578237], [-99.0263803953, 19.5327982533], [-99.0259954983, 19.5326427115], [-99.0258520001, 19.5325863878], [-99.0258064026, 19.5325689299]]}","{""id"": ""TTI-0e6b35d1-b793-45b4-b4a5-22dc2fb82b8b-TTR24513840476021000"", ""iconCategory"": 8, ""magnitudeOfDelay"": 4, ""startTime"": ""2026-07-02T04:11:00Z"", ""endTime"": null, ""from"": ""Avenida Carlos Hank González"", ""to"": ""Calle Tero"", ""length"": 168.1109135422, ""delay"": null, ""roadNumbers"": [], ""timeValidity"": ""present"", ""probabilityOfOccurrence"": ""probable"", ""numberOfReports"": null, ""lastReportTime"": null, ""events"": [{""code"": 401, ""description"": ""Cerrado"", ""iconCategory"": 8}]}"
tomtom,tomtom_cdmx_incidents,2026-07-02T04:34:19Z,2026-07-02,20260702T043415Z,2026-07-02T04:34:15.647130,TTI-0e6b35d1-b793-45b4-b4a5-22dc2fb82b8b-TTR24510955148005000,Feature,LineString,19.5428002453,-99.0259257609,8,Road closed,4,,131.1316723346,Calle Otomíes,Avenida Central,,present,probable,,2026-07-01T23:07:00Z,,,Cerrado,401,"{""type"": ""LineString"", ""coordinates"": [[-99.0266781205, 19.5431033311], [-99.0263334566, 19.5429651771], [-99.0260464603, 19.5428498513], [-99.0259257609, 19.5428002453], [-99.0257192308, 19.5427143828], [-99.0255314761, 19.5426312848]]}","{""id"": ""TTI-0e6b35d1-b793-45b4-b4a5-22dc2fb82b8b-TTR24510955148005000"", ""iconCategory"": 8, ""magnitudeOfDelay"": 4, ""startTime"": ""2026-07-01T23:07:00Z"", ""endTime"": null, ""from"": ""Calle Otomíes"", ""to"": ""Avenida Central"", ""length"": 131.1316723346, ""delay"": null, ""roadNumbers"": [], ""timeValidity"": ""present"", ""probabilityOfOccurrence"": ""probable"", ""numberOfReports"": null, ""lastReportTime"": null, ""events"": [{""code"": 401, ""description"": ""Cerrado"", ""iconCategory"": 8}]}"
tomtom,tomtom_cdmx_incidents,2026-07-02T04:34:19Z,2026-07-02,20260702T043415Z,2026-07-02T04:34:15.647149,TTI-0e6b35d1-b793-45b4-b4a5-22dc2fb82b8b-TTL24557118072014000,Feature,LineString,19.2539987643,-99.025889551,6,Jam,3,165.0,177.4598016243,Calle Vicente Fernández,Calle Remigio J,,present,certain,,2026-07-02T04:18:00Z,2026-07-02T04:53:00Z,,Tráfico parado,101,"{""type"": ""LineString"", ""coordinates"": [[-99.0268310064, 19.2534583008], [-99.0264742726, 19.2536835865], [-99.0261269265, 19.2538713639], [-99.0260343903, 19.2539276258], [-99.025889551, 19.2539987643], [-99.025786286, 19.2540470341], [-99.0256910676, 19.2541020299], [-99.0254335755, 19.2543406877]]}","{""id"": ""TTI-0e6b35d1-b793-45b4-b4a5-22dc2fb82b8b-TTL24557118072014000"", ""iconCategory"": 6, ""magnitudeOfDelay"": 3, ""startTime"": ""2026-07-02T04:18:00Z"", ""endTime"": ""2026-07-02T04:53:00Z"", ""from"": ""Calle Vicente Fernández"", ""to"": ""Calle Remigio J"", ""length"": 177.4598016243, ""delay"": 165, ""roadNumbers"": [], ""timeValidity"": ""present"", ""probabilityOfOccurrence"": ""certain"", ""numberOfReports"": null, ""lastReportTime"": null, ""events"": [{""code"": 101, ""description"": ""Tráfico parado"", ""iconCategory"": 6}]}"
tomtom,tomtom_cdmx_incidents,2026-07-02T04:34:19Z,2026-07-02,20260702T043415Z,2026-07-02T04:34:15.647169,TTI-0e6b35d1-b793-45b4-b4a5-22dc2fb82b8b-TTR24519610988005000,Feature,LineString,19.5001665166,-99.02542687,9,Road works,0,,45.6670770867,Avenida Benito Juárez / Avenida Lázaro Cárdenas,Calle Aries,,present,probable,,2026-06-26T17:53:30Z,,,Obras | Nuevo trazado de carretera por obras,"701,810","{""type"": ""LineString"", ""coordinates"": [[-99.0258345658, 19.5003113441], [-99.02542687, 19.5001665166]]}","{""id"": ""TTI-0e6b35d1-b793-45b4-b4a5-22dc2fb82b8b-TTR24519610988005000"", ""iconCategory"": 9, ""magnitudeOfDelay"": 0, ""startTime"": ""2026-06-26T17:53:30Z"", ""endTime"": null, ""from"": ""Avenida Benito Juárez / Avenida Lázaro Cárdenas"", ""to"": ""Calle Aries"", ""length"": 45.6670770867, ""delay"": null, ""roadNumbers"": [], ""timeValidity"": ""present"", ""probabilityOfOccurrence"": ""probable"", ""numberOfReports"": null, ""lastReportTime"": null, ""events"": [{""code"": 701, ""description"": ""Obras"", ""iconCategory"": 9}, {""code"": 810, ""description"": ""Nuevo trazado de carretera por obras"", ""iconCategory"": 9}]}"
tomtom,tomtom_cdmx_incidents,2026-07-02T04:34:19Z,2026-07-02,20260702T043415Z,2026-07-02T04:34:15.647185,TTI-0e6b35d1-b793-45b4-b4a5-22dc2fb82b8b-TTR24513840696005000,Feature,LineString,19.5430791601,-99.0262543315,8,Road closed,4,,253.8232944093,Avenida Central,Boulevard de los Dioses,,present,probable,,2026-07-01T23:54:30Z,,,Cerrado,401,"{""type"": ""LineString"", ""coordinates"": [[-99.0250433141, 19.5425400508], [-99.0251841301, 19.5426057709], [-99.0252404565, 19.5426419485], [-99.025440281, 19.5427506394], [-99.0254791731, 19.5427733886], [-99.0258439535, 19.5429209426], [-99.0259445363, 19.5429598058], [-99.0262543315, 19.5430791601], [-99.0263777131, 19.5431274231], [-99.0266580039, 19.5432414849], [-99.0268846506, 19.5433326396], [-99.0269758457, 19.543368817], [-99.0270536298, 19.5433997022], [-99.027249431, 19.5434748217]]}","{""id"": ""TTI-0e6b35d1-b793-45b4-b4a5-22dc2fb82b8b-TTR24513840696005000"", ""iconCategory"": 8, ""magnitudeOfDelay"": 4, ""startTime"": ""2026-07-01T23:54:30Z"", ""endTime"": null, ""from"": ""Avenida Central"", ""to"": ""Boulevard de los Dioses"", ""length"": 253.8232944093, ""delay"": null, ""roadNumbers"": [], ""timeValidity"": ""present"", ""probabilityOfOccurrence"": ""probable"", ""numberOfReports"": null, ""lastReportTime"": null, ""events"": [{""code"": 401, ""description"": ""Cerrado"", ""iconCategory"": 8}]}"
tomtom,tomtom_cdmx_incidents,2026-07-02T04:34:19Z,2026-07-02,20260702T043415Z,2026-07-02T04:34:15.647210,TTI-0e6b35d1-b793-45b4-b4a5-22dc2fb82b8b-TTR24519610844005000,Feature,LineString,19.4992397914,-99.0231134647,9,Road works,0,,44.6013702639,Calle Cáncer,Calle Abedules,,present,probable,,2026-06-26T20:54:00Z,,,Obras | Nuevo trazado de carretera por obras,"701,810","{""type"": ""LineString"", ""coordinates"": [[-99.0235050672, 19.4993967085], [-99.0231134647, 19.4992397914]]}","{""id"": ""TTI-0e6b35d1-b793-45b4-b4a5-22dc2fb82b8b-TTR24519610844005000"", ""iconCategory"": 9, ""magnitudeOfDelay"": 0, ""startTime"": ""2026-06-26T20:54:00Z"", ""endTime"": null, ""from"": ""Calle Cáncer"", ""to"": ""Calle Abedules"", ""length"": 44.6013702639, ""delay"": null, ""roadNumbers"": [], ""timeValidity"": ""present"", ""probabilityOfOccurrence"": ""probable"", ""numberOfReports"": null, ""lastReportTime"": null, ""events"": [{""code"": 701, ""description"": ""Obras"", ""iconCategory"": 9}, {""code"": 810, ""description"": ""Nuevo trazado de carretera por obras"", ""iconCategory"": 9}]}"
tomtom,tomtom_cdmx_incidents,2026-07-02T04:34:19Z,2026-07-02,20260702T043415Z,2026-07-02T04:34:15.647226,TTI-0e6b35d1-b793-45b4-b4a5-22dc2fb82b8b-TTL24539807284011000,Feature,LineString,19.3775707892,-99.0234809273,6,Jam,3,134.0,226.6263735536,Calle Benito Ibarra,Calle Solón Arguello,,present,certain,,2026-07-02T04:32:30Z,2026-07-02T04:54:00Z,,Tráfico parado,101,"{""type"": ""LineString"", ""coordinates"": [[-99.0242426747, 19.378152829], [-99.0239141041, 19.3778873097], [-99.0238242501, 19.3778216019], [-99.0236271077, 19.3776686789], [-99.0234809273, 19.3775707892], [-99.023424601, 19.3775372631], [-99.0229646021, 19.3772006579], [-99.0227795297, 19.3770665532], [-99.0225475186, 19.3768908571]]}","{""id"": ""TTI-0e6b35d1-b793-45b4-b4a5-22dc2fb82b8b-TTL24539807284011000"", ""iconCategory"": 6, ""magnitudeOfDelay"": 3, ""startTime"": ""2026-07-02T04:32:30Z"", ""endTime"": ""2026-07-02T04:54:00Z"", ""from"": ""Calle Benito Ibarra"", ""to"": ""Calle Solón Arguello"", ""length"": 226.6263735536, ""delay"": 134, ""roadNumbers"": [], ""timeValidity"": ""present"", ""probabilityOfOccurrence"": ""certain"", ""numberOfReports"": null, ""lastReportTime"": null, ""events"": [{""code"": 101, ""description"": ""Tráfico parado"", ""iconCategory"": 6}]}"
tomtom,tomtom_cdmx_incidents,2026-07-02T04:34:19Z,2026-07-02,20260702T043415Z,2026-07-02T04:34:15.647247,TTI-0e6b35d1-b793-45b4-b4a5-22dc2fb82b8b-TTR24542692332014000,Feature,LineString,19.3489636681,-99.0215376669,8,Road closed,4,,77.5234211813,Avenida Jalisco,Cerrada San Miguel,,present,probable,,2026-06-06T11:13:30Z,,,Cerrado,401,"{""type"": ""LineString"", ""coordinates"": [[-99.0217576081, 19.3492909206], [-99.0215376669, 19.3489636681], [-99.0213686877, 19.3486981803]]}","{""id"": ""TTI-0e6b35d1-b793-45b4-b4a5-22dc2fb82b8b-TTR24542692332014000"", ""iconCategory"": 8, ""magnitudeOfDelay"": 4, ""startTime"": ""2026-06-06T11:13:30Z"", ""endTime"": null, ""from"": ""Avenida Jalisco"", ""to"": ""Cerrada San Miguel"", ""length"": 77.5234211813, ""delay"": null, ""roadNumbers"": [], ""timeValidity"": ""present"", ""probabilityOfOccurrence"": ""probable"", ""numberOfReports"": null, ""lastReportTime"": null, ""events"": [{""code"": 401, ""description"": ""Cerrado"", ""iconCategory"": 8}]}"
tomtom,tomtom_cdmx_incidents,2026-07-02T04:34:19Z,2026-07-02,20260702T043415Z,2026-07-02T04:34:15.647263,TTI-0e6b35d1-b793-45b4-b4a5-22dc2fb82b8b-TTR24542692404014000,Feature,LineString,19.3489636681,-99.0215376669,8,Road closed,4,,77.5234211813,Cerrada San Miguel,Avenida Jalisco,,present,probable,,2026-06-06T18:52:30Z,,,Cerrado,401,"{""type"": ""LineString"", ""coordinates"": [[-99.0213686877, 19.3486981803], [-99.0215376669, 19.3489636681], [-99.0217576081, 19.3492909206]]}","{""id"": ""TTI-0e6b35d1-b793-45b4-b4a5-22dc2fb82b8b-TTR24542692404014000"", ""iconCategory"": 8, ""magnitudeOfDelay"": 4, ""startTime"": ""2026-06-06T18:52:30Z"", ""endTime"": null, ""from"": ""Cerrada San Miguel"", ""to"": ""Avenida Jalisco"", ""length"": 77.5234211813, ""delay"": null, ""roadNumbers"": [], ""timeValidity"": ""present"", ""probabilityOfOccurrence"": ""probable"", ""numberOfReports"": null, ""lastReportTime"": null, ""events"": [{""code"": 401, ""description"": ""Cerrado"", ""iconCategory"": 8}]}"
tomtom,tomtom_cdmx_incidents,2026-07-02T04:34:19Z,2026-07-02,20260702T043415Z,2026-07-02T04:34:15.647281,TTI-0e6b35d1-b793-45b4-b4a5-22dc2fb82b8b-TTR24542692292021000,Feature,LineString,19.3492909206,-99.0217576081,8,Road closed,4,,223.411957565,Avenida de las Palmas,Eje 8 Sur Calzada Ermita Iztapalapa / Calle Primavera,,present,probable,,2026-04-28T18:10:00Z,,,Cerrado,401,"{""type"": ""LineString"", ""coordinates"": [[-99.0224134082, 19.3487209568], [-99.0223329419, 19.3487907096], [-99.0219842547, 19.3490977959], [-99.0218702608, 19.3491943583], [-99.0217576081, 19.3492909206], [-99.021525597, 19.3494880785], [-99.021500116, 19.3495041326], [-99.021269446, 19.3496396043], [-99.0207155698, 19.349909203]]}","{""id"": ""TTI-0e6b35d1-b793-45b4-b4a5-22dc2fb82b8b-TTR24542692292021000"", ""iconCategory"": 8, ""magnitudeOfDelay"": 4, ""startTime"": ""2026-04-28T18:10:00Z"", ""endTime"": null, ""from"": ""Avenida de las Palmas"", ""to"": ""Eje 8 Sur Calzada Ermita Iztapalapa / Calle Primavera"", ""length"": 223.411957565, ""delay"": null, ""roadNumbers"": [], ""timeValidity"": ""present"", ""probabilityOfOccurrence"": ""probable"", ""numberOfReports"": null, ""lastReportTime"": null, ""events"": [{""code"": 401, ""description"": ""Cerrado"", ""iconCategory"": 8}]}"
tomtom,tomtom_cdmx_incidents,2026-07-02T04:34:19Z,2026-07-02,20260702T043415Z,2026-07-02T04:34:15.647301,TTI-0e6b35d1-b793-45b4-b4a5-22dc2fb82b8b-TTR24542692364021000,Feature,LineString,19.3492909206,-99.0217576081,8,Road closed,4,,223.411957565,Eje 8 Sur Calzada Ermita Iztapalapa / Calle Primavera,Avenida de las Palmas,,present,probable,,2026-06-04T17:04:00Z,,,Cerrado,401,"{""type"": ""LineString"", ""coordinates"": [[-99.0207155698, 19.349909203], [-99.021269446, 19.3496396043], [-99.021500116, 19.3495041326], [-99.021525597, 19.3494880785], [-99.0217576081, 19.3492909206], [-99.0218702608, 19.3491943583], [-99.0219842547, 19.3490977959], [-99.0223329419, 19.3487907096], [-99.0224134082, 19.3487209568]]}","{""id"": ""TTI-0e6b35d1-b793-45b4-b4a5-22dc2fb82b8b-TTR24542692364021000"", ""iconCategory"": 8, ""magnitudeOfDelay"": 4, ""startTime"": ""2026-06-04T17:04:00Z"", ""endTime"": null, ""from"": ""Eje 8 Sur Calzada Ermita Iztapalapa / Calle Primavera"", ""to"": ""Avenida de las Palmas"", ""length"": 223.411957565, ""delay"": null, ""roadNumbers"": [], ""timeValidity"": ""present"", ""probabilityOfOccurrence"": ""probable"", ""numberOfReports"": null, ""lastReportTime"": null, ""events"": [{""code"": 401, ""description"": ""Cerrado"", ""iconCategory"": 8}]}"
tomtom,tomtom_cdmx_incidents,2026-07-02T04:34:19Z,2026-07-02,20260702T043415Z,2026-07-02T04:34:15.647322,TTI-0e6b35d1-b793-45b4-b4a5-22dc2fb82b8b-TTR24516725948037000,Feature,LineString,19.5305411847,-99.0206900889,9,Road works,0,,316.5024299086,Calle Itzopán,Boulevard Pochtecas,,present,probable,,2026-03-05T04:37:00Z,,,Obras | Nuevo trazado de carretera por obras,"701,810","{""type"": ""LineString"", ""coordinates"": [[-99.0223704928, 19.5312143904], [-99.0219641381, 19.5310507895], [-99.0215966755, 19.5309033037], [-99.0215792412, 19.530896589], [-99.0211849564, 19.5307397025], [-99.0207893306, 19.5305813939], [-99.0206900889, 19.5305411847], [-99.0205854827, 19.5304996326], [-99.0203856581, 19.5304204782], [-99.020114755, 19.5303118581], [-99.0199739391, 19.5302568765], [-99.0195890421, 19.5301053612]]}","{""id"": ""TTI-0e6b35d1-b793-45b4-b4a5-22dc2fb82b8b-TTR24516725948037000"", ""iconCategory"": 9, ""magnitudeOfDelay"": 0, ""startTime"": ""2026-03-05T04:37:00Z"", ""endTime"": null, ""from"": ""Calle Itzopán"", ""to"": ""Boulevard Pochtecas"", ""length"": 316.5024299086, ""delay"": null, ""roadNumbers"": [], ""timeValidity"": ""present"", ""probabilityOfOccurrence"": ""probable"", ""numberOfReports"": null, ""lastReportTime"": null, ""events"": [{""code"": 701, ""description"": ""Obras"", ""iconCategory"": 9}, {""code"": 810, ""description"": ""Nuevo trazado de carretera por obras"", ""iconCategory"": 9}]}"
tomtom,tomtom_cdmx_incidents,2026-07-02T04:34:19Z,2026-07-02,20260702T043415Z,2026-07-02T04:34:15.647347,TTI-0e6b35d1-b793-45b4-b4a5-22dc2fb82b8b-TTR24542692676015000,Feature,LineString,19.3662599365,-99.0203896815,8,Road closed,4,,181.543874872,Calle Antonio Araujo,Avenida República Federal del Sur,,present,probable,,2026-07-01T23:34:00Z,,,Cerrado,401,"{""type"": ""LineString"", ""coordinates"": [[-99.0195689255, 19.3659742333], [-99.0197835022, 19.3660466673], [-99.0203896815, 19.3662599365], [-99.0211353356, 19.3665214419], [-99.0211916619, 19.3665415273]]}","{""id"": ""TTI-0e6b35d1-b793-45b4-b4a5-22dc2fb82b8b-TTR24542692676015000"", ""iconCategory"": 8, ""magnitudeOfDelay"": 4, ""startTime"": ""2026-07-01T23:34:00Z"", ""endTime"": null, ""from"": ""Calle Antonio Araujo"", ""to"": ""Avenida República Federal del Sur"", ""length"": 181.543874872, ""delay"": null, ""roadNumbers"": [], ""timeValidity"": ""present"", ""probabilityOfOccurrence"": ""probable"", ""numberOfReports"": null, ""lastReportTime"": null, ""events"": [{""code"": 401, ""description"": ""Cerrado"", ""iconCategory"": 8}]}"
tomtom,tomtom_cdmx_incidents,2026-07-02T04:34:19Z,2026-07-02,20260702T043415Z,2026-07-02T04:34:15.647364,TTI-0e6b35d1-b793-45b4-b4a5-22dc2fb82b8b-TTR24539807284011001,Feature,LineString,19.3744125086,-99.0191786641,7,Lane closed,0,,97.1379272159,Calle Santiago de la Vega,Calle José del Río,,present,probable,,2026-07-01T16:20:30Z,2026-07-16T00:10:00Z,,Estrechamiento a dos carriles | Obras,"515,701","{""type"": ""LineString"", ""coordinates"": [[-99.0198948139, 19.374966331], [-99.0191786641, 19.3744125086]]}","{""id"": ""TTI-0e6b35d1-b793-45b4-b4a5-22dc2fb82b8b-TTR24539807284011001"", ""iconCategory"": 7, ""magnitudeOfDelay"": 0, ""startTime"": ""2026-07-01T16:20:30Z"", ""endTime"": ""2026-07-16T00:10:00Z"", ""from"": ""Calle Santiago de la Vega"", ""to"": ""Calle José del Río"", ""length"": 97.1379272159, ""delay"": null, ""roadNumbers"": [], ""timeValidity"": ""present"", ""probabilityOfOccurrence"": ""probable"", ""numberOfReports"": null, ""lastReportTime"": null, ""events"": [{""code"": 515, ""description"": ""Estrechamiento a dos carriles"", ""iconCategory"": 7}, {""code"": 701, ""description"": ""Obras"", ""iconCategory"": 9}]}"
tomtom,tomtom_cdmx_incidents,2026-07-02T04:34:19Z,2026-07-02,20260702T043415Z,2026-07-02T04:34:15.647381,TTI-0e6b35d1-b793-45b4-b4a5-22dc2fb82b8b-TTR24539807100031000,Feature,LineString,19.3663967386,-99.020319944,8,Road closed,4,,261.2550641851,Calle Federico González Garza,Calle Cayetano Andrade,,present,probable,,2026-03-14T22:21:00Z,,,Cerrado,401,"{""type"": ""LineString"", ""coordinates"": [[-99.0203896815, 19.3662599365], [-99.0203735882, 19.3663027959], [-99.020319944, 19.3663967386], [-99.0197271758, 19.3673005785], [-99.0190981978, 19.3682675156]]}","{""id"": ""TTI-0e6b35d1-b793-45b4-b4a5-22dc2fb82b8b-TTR24539807100031000"", ""iconCategory"": 8, ""magnitudeOfDelay"": 4, ""startTime"": ""2026-03-14T22:21:00Z"", ""endTime"": null, ""from"": ""Calle Federico González Garza"", ""to"": ""Calle Cayetano Andrade"", ""length"": 261.2550641851, ""delay"": null, ""roadNumbers"": [], ""timeValidity"": ""present"", ""probabilityOfOccurrence"": ""probable"", ""numberOfReports"": null, ""lastReportTime"": null, ""events"": [{""code"": 401, ""description"": ""Cerrado"", ""iconCategory"": 8}]}"
tomtom,tomtom_cdmx_incidents,2026-07-02T04:34:19Z,2026-07-02,20260702T043415Z,2026-07-02T04:34:15.647399,TTI-0e6b35d1-b793-45b4-b4a5-22dc2fb82b8b-TTR24513840764014000,Feature,LineString,19.5490122448,-99.0187964493,8,Road closed,4,,129.3594140893,Avenida Central,Calle Paricutín,,present,probable,,2026-05-29T05:31:30Z,,,Cerrado,401,"{""type"": ""LineString"", ""coordinates"": [[-99.0195514911, 19.5493368034], [-99.0193395966, 19.5492455732], [-99.019177323, 19.5491744847], [-99.0187964493, 19.5490122448], [-99.0186583155, 19.5489518984], [-99.0184289867, 19.5488526113]]}","{""id"": ""TTI-0e6b35d1-b793-45b4-b4a5-22dc2fb82b8b-TTR24513840764014000"", ""iconCategory"": 8, ""magnitudeOfDelay"": 4, ""startTime"": ""2026-05-29T05:31:30Z"", ""endTime"": null, ""from"": ""Avenida Central"", ""to"": ""Calle Paricutín"", ""length"": 129.3594140893, ""delay"": null, ""roadNumbers"": [], ""timeValidity"": ""present"", ""probabilityOfOccurrence"": ""probable"", ""numberOfReports"": null, ""lastReportTime"": null, ""events"": [{""code"": 401, ""description"": ""Cerrado"", ""iconCategory"": 8}]}"
tomtom,tomtom_cdmx_incidents,2026-07-02T04:34:19Z,2026-07-02,20260702T043415Z,2026-07-02T04:34:15.647417,TTI-0e6b35d1-b793-45b4-b4a5-22dc2fb82b8b-TTR24513840836014000,Feature,LineString,19.5490122448,-99.0187964493,8,Road closed,4,,86.1970181104,Calle Paricutín,Avenida Central,,present,probable,,2026-06-25T00:35:00Z,,,Cerrado,401,"{""type"": ""LineString"", ""coordinates"": [[-99.0184289867, 19.5488526113], [-99.0186583155, 19.5489518984], [-99.0187964493, 19.5490122448], [-99.019177323, 19.5491744847]]}","{""id"": ""TTI-0e6b35d1-b793-45b4-b4a5-22dc2fb82b8b-TTR24513840836014000"", ""iconCategory"": 8, ""magnitudeOfDelay"": 4, ""startTime"": ""2026-06-25T00:35:00Z"", ""endTime"": null, ""from"": ""Calle Paricutín"", ""to"": ""Avenida Central"", ""length"": 86.1970181104, ""delay"": null, ""roadNumbers"": [], ""timeValidity"": ""present"", ""probabilityOfOccurrence"": ""probable"", ""numberOfReports"": null, ""lastReportTime"": null, ""events"": [{""code"": 401, ""description"": ""Cerrado"", ""iconCategory"": 8}]}"
tomtom,tomtom_cdmx_incidents,2026-07-02T04:34:19Z,2026-07-02,20260702T043415Z,2026-07-02T04:34:15.647434,TTI-0e6b35d1-b793-45b4-b4a5-22dc2fb82b8b-TTR24516725808006000,Feature,LineString,19.5271146808,-99.0182251388,8,Road closed,4,,214.8159983028,Calle de los Cedros,Avenida Plutarco Elías Calles,,present,probable,,2026-06-24T17:34:00Z,,,Cerrado,401,"{""type"": ""LineString"", ""coordinates"": [[-99.0198693329, 19.5277623845], [-99.0198036188, 19.5277369472], [-99.0192939991, 19.5275343969], [-99.0186556333, 19.5272836575], [-99.0183364505, 19.5271575767], [-99.0182251388, 19.5271146808], [-99.0181862467, 19.5270985652], [-99.0181339437, 19.5270784207], [-99.0181178504, 19.5270717848], [-99.0180145854, 19.5270314958], [-99.0179783755, 19.5270168022]]}","{""id"": ""TTI-0e6b35d1-b793-45b4-b4a5-22dc2fb82b8b-TTR24516725808006000"", ""iconCategory"": 8, ""magnitudeOfDelay"": 4, ""startTime"": ""2026-06-24T17:34:00Z"", ""endTime"": null, ""from"": ""Calle de los Cedros"", ""to"": ""Avenida Plutarco Elías Calles"", ""length"": 214.8159983028, ""delay"": null, ""roadNumbers"": [], ""timeValidity"": ""present"", ""probabilityOfOccurrence"": ""probable"", ""numberOfReports"": null, ""lastReportTime"": null, ""events"": [{""code"": 401, ""description"": ""Cerrado"", ""iconCategory"": 8}]}"
tomtom,tomtom_cdmx_incidents,2026-07-02T04:34:19Z,2026-07-02,20260702T043415Z,2026-07-02T04:34:15.647456,TTI-0e6b35d1-b793-45b4-b4a5-22dc2fb82b8b-TTR24516726024015000,Feature,LineString,19.5271146808,-99.0182251388,8,Road closed,4,,214.8159983028,Avenida Plutarco Elías Calles,Calle de los Cedros,,present,probable,,2026-06-24T20:17:00Z,,,Cerrado,401,"{""type"": ""LineString"", ""coordinates"": [[-99.0179783755, 19.5270168022], [-99.0180145854, 19.5270314958], [-99.0181178504, 19.5270717848], [-99.0181339437, 19.5270784207], [-99.0181862467, 19.5270985652], [-99.0182251388, 19.5271146808], [-99.0183364505, 19.5271575767], [-99.0186556333, 19.5272836575], [-99.0192939991, 19.5275343969], [-99.0198036188, 19.5277369472], [-99.0198693329, 19.5277623845]]}","{""id"": ""TTI-0e6b35d1-b793-45b4-b4a5-22dc2fb82b8b-TTR24516726024015000"", ""iconCategory"": 8, ""magnitudeOfDelay"": 4, ""startTime"": ""2026-06-24T20:17:00Z"", ""endTime"": null, ""from"": ""Avenida Plutarco Elías Calles"", ""to"": ""Calle de los Cedros"", ""length"": 214.8159983028, ""delay"": null, ""roadNumbers"": [], ""timeValidity"": ""present"", ""probabilityOfOccurrence"": ""probable"", ""numberOfReports"": null, ""lastReportTime"": null, ""events"": [{""code"": 401, ""description"": ""Cerrado"", ""iconCategory"": 8}]}"
tomtom,tomtom_cdmx_incidents,2026-07-02T04:34:19Z,2026-07-02,20260702T043415Z,2026-07-02T04:34:15.647478,TTI-0e6b35d1-b793-45b4-b4a5-22dc2fb82b8b-TTR24516725984014000,Feature,LineString,19.5274512911,-99.018073594,9,Road works,0,,90.9376370724,Boulevard de Los Guerreros,Calle Águila,,present,probable,,2026-06-04T03:38:30Z,,,Obras | Nuevo trazado de carretera por obras,"701,810","{""type"": ""LineString"", ""coordinates"": [[-99.017868405, 19.527916667], [-99.017907297, 19.5278281106], [-99.018073594, 19.5274512911], [-99.0181795412, 19.5272139023], [-99.0182050222, 19.5271629486]]}","{""id"": ""TTI-0e6b35d1-b793-45b4-b4a5-22dc2fb82b8b-TTR24516725984014000"", ""iconCategory"": 9, ""magnitudeOfDelay"": 0, ""startTime"": ""2026-06-04T03:38:30Z"", ""endTime"": null, ""from"": ""Boulevard de Los Guerreros"", ""to"": ""Calle Águila"", ""length"": 90.9376370724, ""delay"": null, ""roadNumbers"": [], ""timeValidity"": ""present"", ""probabilityOfOccurrence"": ""probable"", ""numberOfReports"": null, ""lastReportTime"": null, ""events"": [{""code"": 701, ""description"": ""Obras"", ""iconCategory"": 9}, {""code"": 810, ""description"": ""Nuevo trazado de carretera por obras"", ""iconCategory"": 9}]}"
tomtom,tomtom_cdmx_incidents,2026-07-02T04:34:19Z,2026-07-02,20260702T043415Z,2026-07-02T04:34:15.647497,TTI-0e6b35d1-b793-45b4-b4a5-22dc2fb82b8b-TTR24542692576003000,Feature,LineString,19.3705514349,-99.0172622257,9,Road works,0,,9.6178879527,Calle Cayetano Andrade (Avenida Republica Federal/Avenida Republica Federal del Sur),Calzada Ignacio Zaragoza (Avenida Republica Federal/Avenida República Federal del Sur),,present,probable,,2026-06-20T22:49:00Z,,,Obras | Nuevo trazado de carretera por obras,"701,810","{""type"": ""LineString"", ""coordinates"": [[-99.017329281, 19.3704924454], [-99.0172622257, 19.3705514349]]}","{""id"": ""TTI-0e6b35d1-b793-45b4-b4a5-22dc2fb82b8b-TTR24542692576003000"", ""iconCategory"": 9, ""magnitudeOfDelay"": 0, ""startTime"": ""2026-06-20T22:49:00Z"", ""endTime"": null, ""from"": ""Calle Cayetano Andrade (Avenida Republica Federal/Avenida Republica Federal del Sur)"", ""to"": ""Calzada Ignacio Zaragoza (Avenida Republica Federal/Avenida República Federal del Sur)"", ""length"": 9.6178879527, ""delay"": null, ""roadNumbers"": [], ""timeValidity"": ""present"", ""probabilityOfOccurrence"": ""probable"", ""numberOfReports"": null, ""lastReportTime"": null, ""events"": [{""code"": 701, ""description"": ""Obras"", ""iconCategory"": 9}, {""code"": 810, ""description"": ""Nuevo trazado de carretera por obras"", ""iconCategory"": 9}]}"
tomtom,tomtom_cdmx_incidents,2026-07-02T04:34:19Z,2026-07-02,20260702T043415Z,2026-07-02T04:34:15.647514,TTI-0e6b35d1-b793-45b4-b4a5-22dc2fb82b8b-TTR24542692500015000,Feature,LineString,19.3615485761,-99.0170878822,8,Road closed,4,,107.2513252737,Calle Tapachula,Calle Matamoros,,present,probable,,2026-06-25T20:05:30Z,,,Cerrado,401,"{""type"": ""LineString"", ""coordinates"": [[-99.0166815275, 19.3620944553], [-99.016752606, 19.3619938675], [-99.0170878822, 19.3615485761], [-99.0172085816, 19.3613286582], [-99.0172447914, 19.3612924401]]}","{""id"": ""TTI-0e6b35d1-b793-45b4-b4a5-22dc2fb82b8b-TTR24542692500015000"", ""iconCategory"": 8, ""magnitudeOfDelay"": 4, ""startTime"": ""2026-06-25T20:05:30Z"", ""endTime"": null, ""from"": ""Calle Tapachula"", ""to"": ""Calle Matamoros"", ""length"": 107.2513252737, ""delay"": null, ""roadNumbers"": [], ""timeValidity"": ""present"", ""probabilityOfOccurrence"": ""probable"", ""numberOfReports"": null, ""lastReportTime"": null, ""events"": [{""code"": 401, ""description"": ""Cerrado"", ""iconCategory"": 8}]}"
tomtom,tomtom_cdmx_incidents,2026-07-02T04:34:19Z,2026-07-02,20260702T043415Z,2026-07-02T04:34:15.647532,TTI-0e6b35d1-b793-45b4-b4a5-22dc2fb82b8b-TTR24542692428015000,Feature,LineString,19.3615485761,-99.0170878822,8,Road closed,4,,107.2513252737,Calle Matamoros,Calle Tapachula,,present,probable,,2026-06-25T23:03:00Z,,,Cerrado,401,"{""type"": ""LineString"", ""coordinates"": [[-99.0172447914, 19.3612924401], [-99.0172085816, 19.3613286582], [-99.0170878822, 19.3615485761], [-99.016752606, 19.3619938675], [-99.0166815275, 19.3620944553]]}","{""id"": ""TTI-0e6b35d1-b793-45b4-b4a5-22dc2fb82b8b-TTR24542692428015000"", ""iconCategory"": 8, ""magnitudeOfDelay"": 4, ""startTime"": ""2026-06-25T23:03:00Z"", ""endTime"": null, ""from"": ""Calle Matamoros"", ""to"": ""Calle Tapachula"", ""length"": 107.2513252737, ""delay"": null, ""roadNumbers"": [], ""timeValidity"": ""present"", ""probabilityOfOccurrence"": ""probable"", ""numberOfReports"": null, ""lastReportTime"": null, ""events"": [{""code"": 401, ""description"": ""Cerrado"", ""iconCategory"": 8}]}"
tomtom,tomtom_cdmx_incidents,2026-07-02T04:34:19Z,2026-07-02,20260702T043415Z,2026-07-02T04:34:15.647549,TTI-0e6b35d1-b793-45b4-b4a5-22dc2fb82b8b-TTR24513840800037000,Feature,LineString,19.5464144884,-99.0173319632,8,Road closed,4,,420.9305076303,Calle Teponaxtlis,Calle Penachos,,present,probable,,2026-06-24T14:56:00Z,,,Cerrado,401,"{""type"": ""LineString"", ""coordinates"": [[-99.016547417, 19.54823169], [-99.0170583779, 19.5470461591], [-99.0172970945, 19.5464949778], [-99.0173319632, 19.5464144884], [-99.0178576761, 19.5451806817], [-99.0180561596, 19.5447233335]]}","{""id"": ""TTI-0e6b35d1-b793-45b4-b4a5-22dc2fb82b8b-TTR24513840800037000"", ""iconCategory"": 8, ""magnitudeOfDelay"": 4, ""startTime"": ""2026-06-24T14:56:00Z"", ""endTime"": null, ""from"": ""Calle Teponaxtlis"", ""to"": ""Calle Penachos"", ""length"": 420.9305076303, ""delay"": null, ""roadNumbers"": [], ""timeValidity"": ""present"", ""probabilityOfOccurrence"": ""probable"", ""numberOfReports"": null, ""lastReportTime"": null, ""events"": [{""code"": 401, ""description"": ""Cerrado"", ""iconCategory"": 8}]}"
tomtom,tomtom_cdmx_incidents,2026-07-02T04:34:19Z,2026-07-02,20260702T043415Z,2026-07-02T04:34:15.647581,TTI-0e6b35d1-b793-45b4-b4a5-22dc2fb82b8b-TTL24510955808008001,Feature,LineString,19.5744583765,-99.0196346396,6,Jam,1,66.0,1295.2613524651,Conector (Circuito Exterior Mexiquence/MEX-5D),Avenida Insurgentes (Circuito Exterior Mexiquence/MEX-5D),MEX-5D,present,certain,,2026-07-02T04:05:30Z,2026-07-02T04:52:00Z,,Tráfico pesado,122,"{""type"": ""LineString"", ""coordinates"": [[-99.0164119655, 19.5687720856], [-99.0164615864, 19.5688364524], [-99.0170570368, 19.5695887915], [-99.017201876, 19.5697698072], [-99.0173493975, 19.5699347905], [-99.0175384933, 19.5701695102], [-99.01775307, 19.5704323453], [-99.0178603584, 19.5705624201], [-99.0181044394, 19.5708655327], [-99.018241232, 19.5710572879], [-99.0183927768, 19.5712705244], [-99.0184249634, 19.5713160938], [-99.018548345, 19.5715132978], [-99.0186878198, 19.5717868715], [-99.018766945, 19.5719584866], [-99.0188863033, 19.5722388515], [-99.0189104432, 19.5723072447], [-99.0189640874, 19.5724614056], [-99.0190043205, 19.5725942429], [-99.0191612297, 19.5731252752], [-99.019228285, 19.5733559626], [-99.0192980224, 19.5735732238], [-99.0193610543, 19.5737649757], [-99.0194374973, 19.5739701532], [-99.0195407623, 19.5742182928], [-99.0196346396, 19.5744583765], [-99.0196695083, 19.5745347452], [-99.0197137648, 19.574632674], [-99.0197620445, 19.5747373155], [-99.0198425108, 19.5748902106], [-99.0199189538, 19.5750041709], [-99.0200061256, 19.5751302144], [-99.0201214606, 19.5752911644], [-99.0202354544, 19.5754360035], [-99.0203400606, 19.5755727871], [-99.0204513723, 19.5756934598], [-99.0205184275, 19.5757685643], [-99.0206726545, 19.5759442819], [-99.0208617502, 19.576160197], [-99.020935511, 19.576239329], [-99.0210964435, 19.5764137035], [-99.0212533528, 19.5765826286], [-99.0213485712, 19.576689954], [-99.022025829, 19.5774462841], [-99.0221357995, 19.5775589791], [-99.0222618633, 19.5776917332], [-99.0223946327, 19.5778204596], [-99.0225622708, 19.5779800644], [-99.022732591, 19.5781477243], [-99.0230262929, 19.5784306846]]}","{""id"": ""TTI-0e6b35d1-b793-45b4-b4a5-22dc2fb82b8b-TTL24510955808008001"", ""iconCategory"": 6, ""magnitudeOfDelay"": 1, ""startTime"": ""2026-07-02T04:05:30Z"", ""endTime"": ""2026-07-02T04:52:00Z"", ""from"": ""Conector (Circuito Exterior Mexiquence/MEX-5D)"", ""to"": ""Avenida Insurgentes (Circuito Exterior Mexiquence/MEX-5D)"", ""length"": 1295.2613524651, ""delay"": 66, ""roadNumbers"": [""MEX-5D""], ""timeValidity"": ""present"", ""probabilityOfOccurrence"": ""certain"", ""numberOfReports"": null, ""lastReportTime"": null, ""events"": [{""code"": 122, ""description"": ""Tráfico pesado"", ""iconCategory"": 6}]}"
tomtom,tomtom_cdmx_incidents,2026-07-02T04:34:19Z,2026-07-02,20260702T043415Z,2026-07-02T04:34:15.647641,TTI-0e6b35d1-b793-45b4-b4a5-22dc2fb82b8b-TTL24513841024011002,Feature,LineString,19.5671426103,-99.0160391384,6,Jam,2,176.0,168.0969851103,Calle Gobernadora (Calle Adolfo López Mateos R1),Calle Santo Tomás de los Plátanos (Calle Adolfo López Mateos R1),,present,certain,,2026-07-01T22:01:00Z,2026-07-02T04:53:00Z,,Tráfico en cola,108,"{""type"": ""LineString"", ""coordinates"": [[-99.0169014686, 19.5661904433], [-99.0166587287, 19.5664559702], [-99.016418671, 19.566720154], [-99.0163382047, 19.5668086891], [-99.0161665434, 19.5669964212], [-99.0160391384, 19.5671426103], [-99.0160096341, 19.5671881809], [-99.0159895176, 19.5672324878], [-99.0159586722, 19.5672928273], [-99.0159506255, 19.5673424257], [-99.0159412378, 19.5673827047]]}","{""id"": ""TTI-0e6b35d1-b793-45b4-b4a5-22dc2fb82b8b-TTL24513841024011002"", ""iconCategory"": 6, ""magnitudeOfDelay"": 2, ""startTime"": ""2026-07-01T22:01:00Z"", ""endTime"": ""2026-07-02T04:53:00Z"", ""from"": ""Calle Gobernadora (Calle Adolfo López Mateos R1)"", ""to"": ""Calle Santo Tomás de los Plátanos (Calle Adolfo López Mateos R1)"", ""length"": 168.0969851103, ""delay"": 176, ""roadNumbers"": [], ""timeValidity"": ""present"", ""probabilityOfOccurrence"": ""certain"", ""numberOfReports"": null, ""lastReportTime"": null, ""events"": [{""code"": 108, ""description"": ""Tráfico en cola"", ""iconCategory"": 6}]}"
tomtom,tomtom_cdmx_incidents,2026-07-02T04:34:19Z,2026-07-02,20260702T043415Z,2026-07-02T04:34:15.647665,TTI-0e6b35d1-b793-45b4-b4a5-22dc2fb82b8b-TTL24513840872017001,Feature,LineString,19.5622288119,-99.0155295187,6,Jam,2,445.0,1351.5670093651,Calle Gobernadora (Avenida Central/Calle Carlos Hank González),Calle Adolfo López Mateos Critobal Escobar y Llamas (Avenida Central/Calle Carlos Hank González),,present,certain,,2026-07-02T03:56:00Z,2026-07-02T04:59:00Z,,Tráfico en cola,108,"{""type"": ""LineString"", ""coordinates"": [[-99.0179005915, 19.5567611111], [-99.0178952271, 19.5567731955], [-99.0175572687, 19.5575456527], [-99.0174848491, 19.5577106484], [-99.0174472982, 19.5577977667], [-99.0174312049, 19.5578340199], [-99.0173976773, 19.5579091327], [-99.0173038, 19.5581276785], [-99.0171951705, 19.5583758425], [-99.0171214098, 19.5585474719], [-99.01707313, 19.5586574157], [-99.0169685239, 19.5589002081], [-99.016932314, 19.5589820339], [-99.0168773287, 19.5591107753], [-99.0168491656, 19.5591751459], [-99.0167351717, 19.5594393417], [-99.0166868919, 19.5595519703], [-99.0166600698, 19.5596136554], [-99.016598379, 19.559765222], [-99.0165273005, 19.5599489342], [-99.0165018195, 19.5600213607], [-99.0164709741, 19.560120562], [-99.0163690501, 19.5604477836], [-99.016289925, 19.5606905733], [-99.0162791961, 19.5607213761], [-99.0162215286, 19.5608662283], [-99.0161920243, 19.5609373117], [-99.0161303335, 19.5610902198], [-99.0160927826, 19.5611840497], [-99.0160820538, 19.5612068753], [-99.0160310918, 19.5613088402], [-99.0159895176, 19.5613932712], [-99.015930509, 19.5615113482], [-99.0158366317, 19.5616655194], [-99.0156448537, 19.5620034793], [-99.0155965739, 19.5620973877], [-99.0155295187, 19.5622288119], [-99.0154879445, 19.5623306972], [-99.0154329592, 19.5624755479], [-99.0154155248, 19.5625225415], [-99.0153390819, 19.5627116212], [-99.0152881199, 19.5628296182], [-99.0151982659, 19.5630415229], [-99.0151714438, 19.5631045493], [-99.0150426978, 19.5633969346], [-99.0148924941, 19.5637402616], [-99.0148670131, 19.5637965744], [-99.0147235149, 19.564118418], [-99.0146832818, 19.5642082971], [-99.0146430486, 19.5642980972], [-99.0145545357, 19.5644966524], [-99.0145438069, 19.5645193986], [-99.0144096965, 19.5648694364], [-99.0144056731, 19.5648842056], [-99.0143506879, 19.5650491148], [-99.0143506879, 19.5650544854], [-99.0143453234, 19.5651001356], [-99.014326548, 19.5652731005], [-99.0143292302, 19.5653213569], [-99.0143305713, 19.5653696922], [-99.0143372768, 19.5654018368], [-99.0143587345, 19.565511855], [-99.0143587345, 19.5655225961], [-99.0144392008, 19.565694218], [-99.0145250314, 19.5658108701], [-99.0145987922, 19.5659088042], [-99.014750337, 19.5661810448], [-99.01503331, 19.5666222994], [-99.0152170414, 19.5668958815], [-99.0154879445, 19.5672351731], [-99.0156663114, 19.5674484146], [-99.0159546488, 19.567791733]]}","{""id"": ""TTI-0e6b35d1-b793-45b4-b4a5-22dc2fb82b8b-TTL24513840872017001"", ""iconCategory"": 6, ""magnitudeOfDelay"": 2, ""startTime"": ""2026-07-02T03:56:00Z"", ""endTime"": ""2026-07-02T04:59:00Z"", ""from"": ""Calle Gobernadora (Avenida Central/Calle Carlos Hank González)"", ""to"": ""Calle Adolfo López Mateos Critobal Escobar y Llamas (Avenida Central/Calle Carlos Hank González)"", ""length"": 1351.5670093651, ""delay"": 445, ""roadNumbers"": [], ""timeValidity"": ""present"", ""probabilityOfOccurrence"": ""certain"", ""numberOfReports"": null, ""lastReportTime"": null, ""events"": [{""code"": 108, ""description"": ""Tráfico en cola"", ""iconCategory"": 6}]}"
tomtom,tomtom_cdmx_incidents,2026-07-02T04:34:19Z,2026-07-02,20260702T043415Z,2026-07-02T04:34:15.647739,TTI-0e6b35d1-b793-45b4-b4a5-22dc2fb82b8b-TTR24516726208015000,Feature,LineString,19.5490658772,-99.0144204253,8,Road closed,4,,149.1758242566,Boulevard Pochtecas / Calle Teponaxtlis,Retorno Xochicalco,,present,probable,,2026-05-31T00:14:30Z,,,Cerrado,401,"{""type"": ""LineString"", ""coordinates"": [[-99.0149260217, 19.5479259283], [-99.0144794339, 19.5489438417], [-99.0144687051, 19.5489692756], [-99.0144311541, 19.5490497637], [-99.0144204253, 19.5490658772], [-99.0144110376, 19.5490779622], [-99.0143962854, 19.5490873617], [-99.0143225247, 19.5491127956]]}","{""id"": ""TTI-0e6b35d1-b793-45b4-b4a5-22dc2fb82b8b-TTR24516726208015000"", ""iconCategory"": 8, ""magnitudeOfDelay"": 4, ""startTime"": ""2026-05-31T00:14:30Z"", ""endTime"": null, ""from"": ""Boulevard Pochtecas / Calle Teponaxtlis"", ""to"": ""Retorno Xochicalco"", ""length"": 149.1758242566, ""delay"": null, ""roadNumbers"": [], ""timeValidity"": ""present"", ""probabilityOfOccurrence"": ""probable"", ""numberOfReports"": null, ""lastReportTime"": null, ""events"": [{""code"": 401, ""description"": ""Cerrado"", ""iconCategory"": 8}]}"
tomtom,tomtom_cdmx_incidents,2026-07-02T04:34:19Z,2026-07-02,20260702T043415Z,2026-07-02T04:34:15.647759,TTI-0e6b35d1-b793-45b4-b4a5-22dc2fb82b8b-TTL24516726048128000,Feature,LineString,19.540446552,-99.014070397,6,Jam,1,25.0,1792.7404381188,Conector (Circuito Exterior Mexiquence/MEX-5D),Avenida Insurgentes (Circuito Exterior Mexiquence/MEX-5D),MEX-5D,present,certain,,2026-07-02T04:23:30Z,2026-07-02T04:50:00Z,,Tráfico pesado,122,"{""type"": ""LineString"", ""coordinates"": [[-99.0142554694, 19.5325568436], [-99.0142527872, 19.5326547978], [-99.0142527872, 19.5326936635], [-99.0142474228, 19.5329055288], [-99.0141736621, 19.536034341], [-99.0141481811, 19.5370509075], [-99.0141387933, 19.537434498], [-99.0141387933, 19.5376235281], [-99.0141387933, 19.5379038737], [-99.0141200179, 19.5384872343], [-99.0141066068, 19.5388814853], [-99.0140891725, 19.5397143779], [-99.014070397, 19.540446552], [-99.014044916, 19.5412258015], [-99.0140355283, 19.5420304033], [-99.0140073651, 19.5428565654], [-99.0140033418, 19.5440474195], [-99.0140033418, 19.5442245145], [-99.0139751786, 19.5451820245], [-99.0139456743, 19.546645135], [-99.0139403099, 19.5472137721], [-99.0139255577, 19.5482464607], [-99.0139215344, 19.5485508791], [-99.0139188522, 19.5486756004]]}","{""id"": ""TTI-0e6b35d1-b793-45b4-b4a5-22dc2fb82b8b-TTL24516726048128000"", ""iconCategory"": 6, ""magnitudeOfDelay"": 1, ""startTime"": ""2026-07-02T04:23:30Z"", ""endTime"": ""2026-07-02T04:50:00Z"", ""from"": ""Conector (Circuito Exterior Mexiquence/MEX-5D)"", ""to"": ""Avenida Insurgentes (Circuito Exterior Mexiquence/MEX-5D)"", ""length"": 1792.7404381188, ""delay"": 25, ""roadNumbers"": [""MEX-5D""], ""timeValidity"": ""present"", ""probabilityOfOccurrence"": ""certain"", ""numberOfReports"": null, ""lastReportTime"": null, ""events"": [{""code"": 122, ""description"": ""Tráfico pesado"", ""iconCategory"": 6}]}"
tomtom,tomtom_cdmx_incidents,2026-07-02T04:34:19Z,2026-07-02,20260702T043415Z,2026-07-02T04:34:15.647793,TTI-0e6b35d1-b793-45b4-b4a5-22dc2fb82b8b-TTR24510955868006000,Feature,LineString,19.5834303037,-99.0146296376,8,Road closed,4,,226.0045484871,Avenida Ignacio López Rayón,Avenida Insurgentes,,present,probable,,2026-07-02T01:19:00Z,,,Cerrado,401,"{""type"": ""LineString"", ""coordinates"": [[-99.0157414132, 19.5837508446], [-99.0153645629, 19.5836449453], [-99.014994418, 19.5835362821], [-99.0146296376, 19.5834303037], [-99.0142326707, 19.5833096368], [-99.0138799602, 19.5832036583], [-99.0136814767, 19.5831473523]]}","{""id"": ""TTI-0e6b35d1-b793-45b4-b4a5-22dc2fb82b8b-TTR24510955868006000"", ""iconCategory"": 8, ""magnitudeOfDelay"": 4, ""startTime"": ""2026-07-02T01:19:00Z"", ""endTime"": null, ""from"": ""Avenida Ignacio López Rayón"", ""to"": ""Avenida Insurgentes"", ""length"": 226.0045484871, ""delay"": null, ""roadNumbers"": [], ""timeValidity"": ""present"", ""probabilityOfOccurrence"": ""probable"", ""numberOfReports"": null, ""lastReportTime"": null, ""events"": [{""code"": 401, ""description"": ""Cerrado"", ""iconCategory"": 8}]}"
tomtom,tomtom_cdmx_incidents,2026-07-02T04:34:19Z,2026-07-02,20260702T043415Z,2026-07-02T04:34:15.647813,TTI-0e6b35d1-b793-45b4-b4a5-22dc2fb82b8b-TTL24522496296224000,Feature,LineString,19.4875789083,-99.015879547,6,Jam,1,114.0,3217.0873975701,Autopista Peñon-Texcoco (Circuito Exterior Mexiquence/MEX-5D),Avenida Insurgentes (Circuito Exterior Mexiquence/MEX-5D),MEX-5D,present,certain,,2026-07-02T00:27:30Z,2026-07-02T04:52:00Z,,Tráfico lento,115,"{""type"": ""LineString"", ""coordinates"": [[-99.0136492902, 19.4769775131], [-99.0138839835, 19.477559513], [-99.0139403099, 19.4777057041], [-99.014082467, 19.4780986019], [-99.0141334289, 19.4782555395], [-99.0141870731, 19.4784473256], [-99.0143292302, 19.478922088], [-99.0143989676, 19.4792264788], [-99.0145719701, 19.4801103312], [-99.0146953517, 19.4808961932], [-99.014724856, 19.4811483478], [-99.0147624069, 19.4814942991], [-99.0148321444, 19.4820588984], [-99.0148723775, 19.4823955235], [-99.0149018818, 19.482592678], [-99.0149313861, 19.4827952056], [-99.0149662548, 19.4830124306], [-99.0149984413, 19.4831760801], [-99.0150373334, 19.4833732337], [-99.0150936598, 19.4836427686], [-99.0151875371, 19.4838613358], [-99.0151929015, 19.4838747691], [-99.0154289359, 19.4845051038], [-99.0154745334, 19.4845989781], [-99.0155322009, 19.4847465062], [-99.0156274193, 19.4849946249], [-99.0157454365, 19.4853070642], [-99.0158352905, 19.4856074921], [-99.0159036869, 19.4858368032], [-99.0159613544, 19.4860970099], [-99.0159707421, 19.4861399167], [-99.0159814709, 19.4862122973], [-99.0160042697, 19.4863598238], [-99.0160029286, 19.4866401003], [-99.0159908587, 19.4867327092], [-99.0159787887, 19.4868372496], [-99.0159707421, 19.4869110522], [-99.0159519666, 19.4871001414], [-99.015879547, 19.4875789083], [-99.0158527249, 19.4877277769], [-99.015828585, 19.4878028433], [-99.0157816464, 19.4879503685], [-99.0156408304, 19.4883513802], [-99.0156140083, 19.4884291328], [-99.0155952328, 19.4884827853], [-99.0155134255, 19.4887214953], [-99.0154450291, 19.4889186421], [-99.0154101604, 19.4890259467], [-99.0153779739, 19.4891238483], [-99.0153377408, 19.4892486155], [-99.0152022892, 19.4897635655], [-99.0151888782, 19.4898199041], [-99.0151245052, 19.4901591996], [-99.0150212401, 19.4909021863], [-99.0150038058, 19.4915069717], [-99.0150038058, 19.4921574255], [-99.015006488, 19.4926482667], [-99.0150091702, 19.4936662123], [-99.0150091702, 19.4937895537], [-99.0150091702, 19.4938472342], [-99.0149595493, 19.495889741], [-99.014955526, 19.4960640442], [-99.0149528438, 19.4961673145], [-99.0149407738, 19.4966903808], [-99.0148683542, 19.4990372843], [-99.0148683542, 19.4990748939], [-99.0148629898, 19.5002255379], [-99.0148603076, 19.5010060086], [-99.0148388499, 19.501385576], [-99.0148321444, 19.5015116769], [-99.0148321444, 19.5015961392], [-99.0148308033, 19.5017007491], [-99.0148240977, 19.5028580902], [-99.0148106867, 19.5042086009], [-99.0147785002, 19.5053324244], [-99.014775818, 19.5054906787]]}","{""id"": ""TTI-0e6b35d1-b793-45b4-b4a5-22dc2fb82b8b-TTL24522496296224000"", ""iconCategory"": 6, ""magnitudeOfDelay"": 1, ""startTime"": ""2026-07-02T00:27:30Z"", ""endTime"": ""2026-07-02T04:52:00Z"", ""from"": ""Autopista Peñon-Texcoco (Circuito Exterior Mexiquence/MEX-5D)"", ""to"": ""Avenida Insurgentes (Circuito Exterior Mexiquence/MEX-5D)"", ""length"": 3217.0873975701, ""delay"": 114, ""roadNumbers"": [""MEX-5D""], ""timeValidity"": ""present"", ""probabilityOfOccurrence"": ""certain"", ""numberOfReports"": null, ""lastReportTime"": null, ""events"": [{""code"": 115, ""description"": ""Tráfico lento"", ""iconCategory"": 6}]}"
tomtom,tomtom_cdmx_incidents,2026-07-02T04:34:19Z,2026-07-02,20260702T043415Z,2026-07-02T04:34:15.647887,TTI-0e6b35d1-b793-45b4-b4a5-22dc2fb82b8b-TTR24560003560015001,Feature,LineString,19.2535789754,-99.0121056789,0,Unknown,0,,104.9305706374,Avenida Francisco I. Madero / Calle Francisco I. Madero,Calle Ignacio Zaragoza,,present,certain,,2026-06-10T19:43:30Z,2026-07-20T03:00:00Z,,Partido de fútbol,1459,"{""type"": ""LineString"", ""coordinates"": [[-99.0129975134, 19.2537935783], [-99.0121941918, 19.2536044556], [-99.012145912, 19.2535923486], [-99.0121056789, 19.2535789754], [-99.0120761746, 19.2535642571], [-99.0120493525, 19.2535293604]]}","{""id"": ""TTI-0e6b35d1-b793-45b4-b4a5-22dc2fb82b8b-TTR24560003560015001"", ""iconCategory"": 0, ""magnitudeOfDelay"": 0, ""startTime"": ""2026-06-10T19:43:30Z"", ""endTime"": ""2026-07-20T03:00:00Z"", ""from"": ""Avenida Francisco I. Madero / Calle Francisco I. Madero"", ""to"": ""Calle Ignacio Zaragoza"", ""length"": 104.9305706374, ""delay"": null, ""roadNumbers"": [], ""timeValidity"": ""present"", ""probabilityOfOccurrence"": ""certain"", ""numberOfReports"": null, ""lastReportTime"": null, ""events"": [{""code"": 1459, ""description"": ""Partido de fútbol"", ""iconCategory"": 0}]}"
tomtom,tomtom_cdmx_incidents,2026-07-02T04:34:19Z,2026-07-02,20260702T043415Z,2026-07-02T04:34:15.647909,TTI-0e6b35d1-b793-45b4-b4a5-22dc2fb82b8b-TTR24539807568014000,Feature,LineString,19.3956301355,-99.0090385729,8,Road closed,4,,119.0375468634,Avenida Vicente Villada / Calle Glorieta de Colón,Calle Azcapotzalco,,present,probable,,2026-06-30T01:17:00Z,,,Cerrado,401,"{""type"": ""LineString"", ""coordinates"": [[-99.009643411, 19.3959399006], [-99.0094704086, 19.3958447099], [-99.0090385729, 19.3956301355], [-99.0086402649, 19.3954396747]]}","{""id"": ""TTI-0e6b35d1-b793-45b4-b4a5-22dc2fb82b8b-TTR24539807568014000"", ""iconCategory"": 8, ""magnitudeOfDelay"": 4, ""startTime"": ""2026-06-30T01:17:00Z"", ""endTime"": null, ""from"": ""Avenida Vicente Villada / Calle Glorieta de Colón"", ""to"": ""Calle Azcapotzalco"", ""length"": 119.0375468634, ""delay"": null, ""roadNumbers"": [], ""timeValidity"": ""present"", ""probabilityOfOccurrence"": ""probable"", ""numberOfReports"": null, ""lastReportTime"": null, ""events"": [{""code"": 401, ""description"": ""Cerrado"", ""iconCategory"": 8}]}"
tomtom,tomtom_cdmx_incidents,2026-07-02T04:34:19Z,2026-07-02,20260702T043415Z,2026-07-02T04:34:15.647926,TTI-0e6b35d1-b793-45b4-b4a5-22dc2fb82b8b-TTR24545578040013001,Feature,LineString,19.3663671641,-99.0061806792,11,Flooding,0,,99.1014769752,Calzada Ignacio Zaragoza,Avenida Texcoco,,present,certain,,2026-07-02T00:37:30Z,2026-07-02T08:30:00Z,,Inundación,907,"{""type"": ""LineString"", ""coordinates"": [[-99.006139105, 19.3659715447], [-99.006191408, 19.3661512855], [-99.0061994547, 19.3661996012], [-99.0061994547, 19.3662384277], [-99.006191408, 19.3663175832], [-99.0061806792, 19.3663671641], [-99.0061578804, 19.366430267], [-99.006113624, 19.3665348058], [-99.0060787553, 19.366617994], [-99.0059889012, 19.3668191638]]}","{""id"": ""TTI-0e6b35d1-b793-45b4-b4a5-22dc2fb82b8b-TTR24545578040013001"", ""iconCategory"": 11, ""magnitudeOfDelay"": 0, ""startTime"": ""2026-07-02T00:37:30Z"", ""endTime"": ""2026-07-02T08:30:00Z"", ""from"": ""Calzada Ignacio Zaragoza"", ""to"": ""Avenida Texcoco"", ""length"": 99.1014769752, ""delay"": null, ""roadNumbers"": [], ""timeValidity"": ""present"", ""probabilityOfOccurrence"": ""certain"", ""numberOfReports"": null, ""lastReportTime"": null, ""events"": [{""code"": 907, ""description"": ""Inundación"", ""iconCategory"": 11}]}"
tomtom,tomtom_cdmx_incidents,2026-07-02T04:34:19Z,2026-07-02,20260702T043415Z,2026-07-02T04:34:15.647948,TTI-0e6b35d1-b793-45b4-b4a5-22dc2fb82b8b-TTL24560003872010000,Feature,LineString,19.2709395344,-99.0061082596,6,Jam,3,239.0,281.6030615104,Francisco Javier Mina,Avenida Tlahuac-Tulyehualco / Calle General Severino Ceniceros,,present,certain,,2026-07-02T04:13:30Z,2026-07-02T04:54:00Z,,Tráfico parado,101,"{""type"": ""LineString"", ""coordinates"": [[-99.0067801529, 19.2719547524], [-99.0067050511, 19.2718568784], [-99.0066648179, 19.271809959], [-99.0065400952, 19.2716490246], [-99.0064703578, 19.2715430799], [-99.0064314657, 19.2714840547], [-99.0063912326, 19.2714331], [-99.0063509995, 19.2713727297], [-99.0063094252, 19.2713030229], [-99.006203478, 19.2711166106], [-99.0061082596, 19.2709395344], [-99.0059889012, 19.2707183077], [-99.0059178227, 19.2705828497], [-99.0058708841, 19.2704889311], [-99.0058266276, 19.2704018169], [-99.0057863945, 19.2703159687], [-99.0057448202, 19.2702287753], [-99.0056536251, 19.2700490872], [-99.0055758411, 19.2698693988], [-99.0055141503, 19.2697312499]]}","{""id"": ""TTI-0e6b35d1-b793-45b4-b4a5-22dc2fb82b8b-TTL24560003872010000"", ""iconCategory"": 6, ""magnitudeOfDelay"": 3, ""startTime"": ""2026-07-02T04:13:30Z"", ""endTime"": ""2026-07-02T04:54:00Z"", ""from"": ""Francisco Javier Mina"", ""to"": ""Avenida Tlahuac-Tulyehualco / Calle General Severino Ceniceros"", ""length"": 281.6030615104, ""delay"": 239, ""roadNumbers"": [], ""timeValidity"": ""present"", ""probabilityOfOccurrence"": ""certain"", ""numberOfReports"": null, ""lastReportTime"": null, ""events"": [{""code"": 101, ""description"": ""Tráfico parado"", ""iconCategory"": 6}]}"
tomtom,tomtom_cdmx_incidents,2026-07-02T04:34:19Z,2026-07-02,20260702T043415Z,2026-07-02T04:34:15.647979,TTI-0e6b35d1-b793-45b4-b4a5-22dc2fb82b8b-TTL24560003848015000,Feature,LineString,19.2698841157,-99.0061712915,6,Jam,2,161.0,177.6554390115,Calle Hermenegildo Galeana,Avenida Ferrocarril San Rafael Atlixco,,present,certain,,2026-07-02T04:09:00Z,2026-07-02T04:53:00Z,,Tráfico en cola,108,"{""type"": ""LineString"", ""coordinates"": [[-99.0071610266, 19.2700986972], [-99.0070483738, 19.2700718746], [-99.006255781, 19.2699028679], [-99.0061712915, 19.2698841157], [-99.0056925172, 19.269779515], [-99.0055825466, 19.2697500021], [-99.0055141503, 19.2697312499]]}","{""id"": ""TTI-0e6b35d1-b793-45b4-b4a5-22dc2fb82b8b-TTL24560003848015000"", ""iconCategory"": 6, ""magnitudeOfDelay"": 2, ""startTime"": ""2026-07-02T04:09:00Z"", ""endTime"": ""2026-07-02T04:53:00Z"", ""from"": ""Calle Hermenegildo Galeana"", ""to"": ""Avenida Ferrocarril San Rafael Atlixco"", ""length"": 177.6554390115, ""delay"": 161, ""roadNumbers"": [], ""timeValidity"": ""present"", ""probabilityOfOccurrence"": ""certain"", ""numberOfReports"": null, ""lastReportTime"": null, ""events"": [{""code"": 108, ""description"": ""Tráfico en cola"", ""iconCategory"": 6}]}"
tomtom,tomtom_cdmx_incidents,2026-07-02T04:34:19Z,2026-07-02,20260702T043415Z,2026-07-02T04:34:15.647998,TTI-0e6b35d1-b793-45b4-b4a5-22dc2fb82b8b-TTR24560003812013001,Feature,LineString,19.2704661437,-99.0052352005,8,Road closed,4,,126.6678624656,Calzada Tlahuac Chalco/Calle Tlahuac Chalco (Avenida Tlahuac/Calle Tlahuac),Andador Riachuelo Serpentino Circunvalación (Avenida Tlahuac/Calle Tlahuac),,present,probable,,2026-07-02T02:50:30Z,,,Cerrado,401,"{""type"": ""LineString"", ""coordinates"": [[-99.0053035968, 19.2696789496], [-99.0052901858, 19.2698023025], [-99.0052352005, 19.2704661437], [-99.0051963085, 19.2708134922]]}","{""id"": ""TTI-0e6b35d1-b793-45b4-b4a5-22dc2fb82b8b-TTR24560003812013001"", ""iconCategory"": 8, ""magnitudeOfDelay"": 4, ""startTime"": ""2026-07-02T02:50:30Z"", ""endTime"": null, ""from"": ""Calzada Tlahuac Chalco/Calle Tlahuac Chalco (Avenida Tlahuac/Calle Tlahuac)"", ""to"": ""Andador Riachuelo Serpentino Circunvalación (Avenida Tlahuac/Calle Tlahuac)"", ""length"": 126.6678624656, ""delay"": null, ""roadNumbers"": [], ""timeValidity"": ""present"", ""probabilityOfOccurrence"": ""probable"", ""numberOfReports"": null, ""lastReportTime"": null, ""events"": [{""code"": 401, ""description"": ""Cerrado"", ""iconCategory"": 8}]}"
tomtom,tomtom_cdmx_incidents,2026-07-02T04:34:19Z,2026-07-02,20260702T043415Z,2026-07-02T04:34:15.648016,TTI-0e6b35d1-b793-45b4-b4a5-22dc2fb82b8b-TTR24560003812013000,Feature,LineString,19.2712855369,-99.0051453465,8,Road closed,4,,105.419150535,Calle General Severino Ceniceros / Calle San Rafael Atlixco,Francisco Javier Mina,,present,probable,,2026-07-02T02:10:30Z,,,Cerrado,401,"{""type"": ""LineString"", ""coordinates"": [[-99.0051963085, 19.2708134922], [-99.0051735097, 19.2709972148], [-99.0051627809, 19.2711152655], [-99.0051453465, 19.2712855369], [-99.0051158422, 19.2715712474], [-99.0050917023, 19.2717563142]]}","{""id"": ""TTI-0e6b35d1-b793-45b4-b4a5-22dc2fb82b8b-TTR24560003812013000"", ""iconCategory"": 8, ""magnitudeOfDelay"": 4, ""startTime"": ""2026-07-02T02:10:30Z"", ""endTime"": null, ""from"": ""Calle General Severino Ceniceros / Calle San Rafael Atlixco"", ""to"": ""Francisco Javier Mina"", ""length"": 105.419150535, ""delay"": null, ""roadNumbers"": [], ""timeValidity"": ""present"", ""probabilityOfOccurrence"": ""probable"", ""numberOfReports"": null, ""lastReportTime"": null, ""events"": [{""code"": 401, ""description"": ""Cerrado"", ""iconCategory"": 8}]}"
tomtom,tomtom_cdmx_incidents,2026-07-02T04:34:19Z,2026-07-02,20260702T043415Z,2026-07-02T04:34:15.648034,TTI-0e6b35d1-b793-45b4-b4a5-22dc2fb82b8b-TTR24560003860050000,Feature,LineString,19.267932851,-99.0047161931,8,Road closed,4,,285.2429024961,Calle General Severino Ceniceros / Avenida Tláhuac,Calle Doctor Juan Palomo Martinez,,present,probable,,2026-06-17T16:26:30Z,,,Cerrado,401,"{""type"": ""LineString"", ""coordinates"": [[-99.0053478533, 19.2691170161], [-99.0052392238, 19.2689024333], [-99.0052016729, 19.2688233098], [-99.0051158422, 19.2686731332], [-99.0049897784, 19.2684223112], [-99.0047604495, 19.2679944886], [-99.0047389918, 19.2679649753], [-99.0047161931, 19.267932851], [-99.0046585256, 19.2678510368], [-99.0046062225, 19.2677785592], [-99.0045069808, 19.2676860631], [-99.0043835992, 19.2675680099], [-99.0039437169, 19.2672032472], [-99.0039316469, 19.2671938314], [-99.0037666911, 19.267089229]]}","{""id"": ""TTI-0e6b35d1-b793-45b4-b4a5-22dc2fb82b8b-TTR24560003860050000"", ""iconCategory"": 8, ""magnitudeOfDelay"": 4, ""startTime"": ""2026-06-17T16:26:30Z"", ""endTime"": null, ""from"": ""Calle General Severino Ceniceros / Avenida Tláhuac"", ""to"": ""Calle Doctor Juan Palomo Martinez"", ""length"": 285.2429024961, ""delay"": null, ""roadNumbers"": [], ""timeValidity"": ""present"", ""probabilityOfOccurrence"": ""probable"", ""numberOfReports"": null, ""lastReportTime"": null, ""events"": [{""code"": 401, ""description"": ""Cerrado"", ""iconCategory"": 8}]}"
tomtom,tomtom_cdmx_incidents,2026-07-02T04:34:19Z,2026-07-02,20260702T043415Z,2026-07-02T04:34:15.648060,TTI-0e6b35d1-b793-45b4-b4a5-22dc2fb82b8b-TTR24560003920012000,Feature,LineString,19.2709476049,-99.0039732212,8,Road closed,4,,227.4603508773,Andador Riachuelo Serpentino Circunvalación (Avenida Tlahuac/Calle Tlahuac),Calzada Tlahuac Chalco/Calle Tlahuac Chalco (Avenida Tlahuac/Calle Tlahuac),,present,probable,,2026-07-02T03:00:30Z,,,Cerrado,401,"{""type"": ""LineString"", ""coordinates"": [[-99.0037318224, 19.2715430799], [-99.0037854665, 19.271414348], [-99.0038096064, 19.2713553228], [-99.0038444751, 19.2712667849], [-99.0038632506, 19.2712225555], [-99.0038927549, 19.2711488134], [-99.0039517635, 19.2710025951], [-99.0039732212, 19.2709476049], [-99.0040670985, 19.2707196528], [-99.0041194016, 19.270604292], [-99.0041609758, 19.2706137076], [-99.0042092556, 19.270621699], [-99.0050447637, 19.2707866697], [-99.0051963085, 19.2708134922]]}","{""id"": ""TTI-0e6b35d1-b793-45b4-b4a5-22dc2fb82b8b-TTR24560003920012000"", ""iconCategory"": 8, ""magnitudeOfDelay"": 4, ""startTime"": ""2026-07-02T03:00:30Z"", ""endTime"": null, ""from"": ""Andador Riachuelo Serpentino Circunvalación (Avenida Tlahuac/Calle Tlahuac)"", ""to"": ""Calzada Tlahuac Chalco/Calle Tlahuac Chalco (Avenida Tlahuac/Calle Tlahuac)"", ""length"": 227.4603508773, ""delay"": null, ""roadNumbers"": [], ""timeValidity"": ""present"", ""probabilityOfOccurrence"": ""probable"", ""numberOfReports"": null, ""lastReportTime"": null, ""events"": [{""code"": 401, ""description"": ""Cerrado"", ""iconCategory"": 8}]}"
tomtom,tomtom_cdmx_incidents,2026-07-02T04:34:19Z,2026-07-02,20260702T043415Z,2026-07-02T04:34:15.648085,TTI-0e6b35d1-b793-45b4-b4a5-22dc2fb82b8b-TTR24571544644022001,Feature,LineString,19.2019450665,-99.0040013844,0,Unknown,0,,225.0976404977,Calle Fresnillo,Calle Francisco Villa,,present,certain,,2026-06-10T19:40:30Z,2026-07-20T03:00:00Z,,Partido de fútbol,1459,"{""type"": ""LineString"", ""coordinates"": [[-99.0032892579, 19.2027135881], [-99.0035936886, 19.2022267025], [-99.0036661082, 19.2021033779], [-99.0037358457, 19.2020618212], [-99.003829723, 19.2020188396], [-99.0040013844, 19.2019450665], [-99.0043366605, 19.2017506598], [-99.004535144, 19.2016017675], [-99.0045861059, 19.2015146168], [-99.0046612078, 19.2012718452]]}","{""id"": ""TTI-0e6b35d1-b793-45b4-b4a5-22dc2fb82b8b-TTR24571544644022001"", ""iconCategory"": 0, ""magnitudeOfDelay"": 0, ""startTime"": ""2026-06-10T19:40:30Z"", ""endTime"": ""2026-07-20T03:00:00Z"", ""from"": ""Calle Fresnillo"", ""to"": ""Calle Francisco Villa"", ""length"": 225.0976404977, ""delay"": null, ""roadNumbers"": [], ""timeValidity"": ""present"", ""probabilityOfOccurrence"": ""certain"", ""numberOfReports"": null, ""lastReportTime"": null, ""events"": [{""code"": 1459, ""description"": ""Partido de fútbol"", ""iconCategory"": 0}]}"
tomtom,tomtom_cdmx_incidents,2026-07-02T04:34:19Z,2026-07-02,20260702T043415Z,2026-07-02T04:34:15.648107,TTI-0e6b35d1-b793-45b4-b4a5-22dc2fb82b8b-TTR24560004048015000,Feature,LineString,19.2773821966,-99.0036661082,8,Road closed,4,,55.0073021987,Avenida Tierra y Libertad,Calle Ernestina Hevia del Puerto,,present,probable,,2026-05-22T01:49:30Z,,,Cerrado,401,"{""type"": ""LineString"", ""coordinates"": [[-99.0032248849, 19.2776491453], [-99.0036661082, 19.2773821966]]}","{""id"": ""TTI-0e6b35d1-b793-45b4-b4a5-22dc2fb82b8b-TTR24560004048015000"", ""iconCategory"": 8, ""magnitudeOfDelay"": 4, ""startTime"": ""2026-05-22T01:49:30Z"", ""endTime"": null, ""from"": ""Avenida Tierra y Libertad"", ""to"": ""Calle Ernestina Hevia del Puerto"", ""length"": 55.0073021987, ""delay"": null, ""roadNumbers"": [], ""timeValidity"": ""present"", ""probabilityOfOccurrence"": ""probable"", ""numberOfReports"": null, ""lastReportTime"": null, ""events"": [{""code"": 401, ""description"": ""Cerrado"", ""iconCategory"": 8}]}"
tomtom,tomtom_cdmx_incidents,2026-07-02T04:34:19Z,2026-07-02,20260702T043415Z,2026-07-02T04:34:15.648122,TTI-0e6b35d1-b793-45b4-b4a5-22dc2fb82b8b-TTR24560003976015000,Feature,LineString,19.2776491453,-99.0032248849,8,Road closed,4,,55.0073021987,Calle Ernestina Hevia del Puerto,Avenida Tierra y Libertad,,present,probable,,2026-05-22T04:58:30Z,,,Cerrado,401,"{""type"": ""LineString"", ""coordinates"": [[-99.0036661082, 19.2773821966], [-99.0032248849, 19.2776491453]]}","{""id"": ""TTI-0e6b35d1-b793-45b4-b4a5-22dc2fb82b8b-TTR24560003976015000"", ""iconCategory"": 8, ""magnitudeOfDelay"": 4, ""startTime"": ""2026-05-22T04:58:30Z"", ""endTime"": null, ""from"": ""Calle Ernestina Hevia del Puerto"", ""to"": ""Avenida Tierra y Libertad"", ""length"": 55.0073021987, ""delay"": null, ""roadNumbers"": [], ""timeValidity"": ""present"", ""probabilityOfOccurrence"": ""probable"", ""numberOfReports"": null, ""lastReportTime"": null, ""events"": [{""code"": 401, ""description"": ""Cerrado"", ""iconCategory"": 8}]}"
tomtom,tomtom_cdmx_incidents,2026-07-02T04:34:19Z,2026-07-02,20260702T043415Z,2026-07-02T04:34:15.648137,TTI-0e6b35d1-b793-45b4-b4a5-22dc2fb82b8b-TTR24536922376019000,Feature,LineString,19.4172728243,-99.0031591707,9,Road works,0,,152.8911761669,Avenida Sor Juana Ines de la Cruz (Avenida Bordo de Xochiaca),Avenida Gral J Vicente Villada (Avenida Bordo de Xochiaca),,present,probable,,2026-06-25T15:49:00Z,,,Obras,701,"{""type"": ""LineString"", ""coordinates"": [[-99.0038002187, 19.4174364611], [-99.0032128149, 19.4172862631], [-99.0031591707, 19.4172728243], [-99.0027796382, 19.4171749584], [-99.0023934001, 19.4170756695]]}","{""id"": ""TTI-0e6b35d1-b793-45b4-b4a5-22dc2fb82b8b-TTR24536922376019000"", ""iconCategory"": 9, ""magnitudeOfDelay"": 0, ""startTime"": ""2026-06-25T15:49:00Z"", ""endTime"": null, ""from"": ""Avenida Sor Juana Ines de la Cruz (Avenida Bordo de Xochiaca)"", ""to"": ""Avenida Gral J Vicente Villada (Avenida Bordo de Xochiaca)"", ""length"": 152.8911761669, ""delay"": null, ""roadNumbers"": [], ""timeValidity"": ""present"", ""probabilityOfOccurrence"": ""probable"", ""numberOfReports"": null, ""lastReportTime"": null, ""events"": [{""code"": 701, ""description"": ""Obras"", ""iconCategory"": 9}]}"
tomtom,tomtom_cdmx_incidents,2026-07-02T04:34:19Z,2026-07-02,20260702T043415Z,2026-07-02T04:34:15.648155,TTI-0e6b35d1-b793-45b4-b4a5-22dc2fb82b8b-TTR24562889392012000,Feature,LineString,19.2727165376,-99.0007867569,8,Road closed,4,,115.968500404,Calle Rafael Castillo,Calzada Cuitlahuac,,present,probable,,2026-06-20T18:05:30Z,,,Cerrado,401,"{""type"": ""LineString"", ""coordinates"": [[-98.9998882168, 19.2725395423], [-99.0005936378, 19.2726789548], [-99.0007867569, 19.2727165376], [-99.0009731704, 19.2727299091]]}","{""id"": ""TTI-0e6b35d1-b793-45b4-b4a5-22dc2fb82b8b-TTR24562889392012000"", ""iconCategory"": 8, ""magnitudeOfDelay"": 4, ""startTime"": ""2026-06-20T18:05:30Z"", ""endTime"": null, ""from"": ""Calle Rafael Castillo"", ""to"": ""Calzada Cuitlahuac"", ""length"": 115.968500404, ""delay"": null, ""roadNumbers"": [], ""timeValidity"": ""present"", ""probabilityOfOccurrence"": ""probable"", ""numberOfReports"": null, ""lastReportTime"": null, ""events"": [{""code"": 401, ""description"": ""Cerrado"", ""iconCategory"": 8}]}"
tomtom,tomtom_cdmx_incidents,2026-07-02T04:34:19Z,2026-07-02,20260702T043415Z,2026-07-02T04:34:15.648172,TTI-0e6b35d1-b793-45b4-b4a5-22dc2fb82b8b-TTR24560003932012001,Feature,LineString,19.2742386731,-99.0003146881,0,Unknown,0,,126.0643613137,Calle Rafael Castillo,Calle Tierra y la Libertad / Calzada Cuitlahuac,,present,certain,,2026-06-11T18:55:00Z,2026-07-20T03:00:00Z,,Partido de fútbol,1459,"{""type"": ""LineString"", ""coordinates"": [[-98.9995878094, 19.273720984], [-98.9998707825, 19.2739248792], [-98.9999512488, 19.2739812134], [-99.0003146881, 19.2742386731], [-99.0005131715, 19.2743795083], [-99.0005466992, 19.2744036401]]}","{""id"": ""TTI-0e6b35d1-b793-45b4-b4a5-22dc2fb82b8b-TTR24560003932012001"", ""iconCategory"": 0, ""magnitudeOfDelay"": 0, ""startTime"": ""2026-06-11T18:55:00Z"", ""endTime"": ""2026-07-20T03:00:00Z"", ""from"": ""Calle Rafael Castillo"", ""to"": ""Calle Tierra y la Libertad / Calzada Cuitlahuac"", ""length"": 126.0643613137, ""delay"": null, ""roadNumbers"": [], ""timeValidity"": ""present"", ""probabilityOfOccurrence"": ""certain"", ""numberOfReports"": null, ""lastReportTime"": null, ""events"": [{""code"": 1459, ""description"": ""Partido de fútbol"", ""iconCategory"": 0}]}"
tomtom,tomtom_cdmx_incidents,2026-07-02T04:34:19Z,2026-07-02,20260702T043415Z,2026-07-02T04:34:15.648191,TTI-0e6b35d1-b793-45b4-b4a5-22dc2fb82b8b-TTR24513841524014000,Feature,LineString,19.58980728,-98.9994309002,8,Road closed,4,,101.3298842102,Calle Bosque de Zapopán / Calle Bosque del Tesoro,Avenida Bosques de Ombúes / Calle del Bosque de los Remedios,,present,probable,,2026-04-14T20:00:30Z,,,Cerrado,401,"{""type"": ""LineString"", ""coordinates"": [[-98.9991680437, 19.5901894815], [-98.9992364401, 19.5900902197], [-98.9993222707, 19.589964188], [-98.9994309002, 19.58980728], [-98.9994992965, 19.589708018], [-98.9995623284, 19.5896154682], [-98.9996924156, 19.5894237351]]}","{""id"": ""TTI-0e6b35d1-b793-45b4-b4a5-22dc2fb82b8b-TTR24513841524014000"", ""iconCategory"": 8, ""magnitudeOfDelay"": 4, ""startTime"": ""2026-04-14T20:00:30Z"", ""endTime"": null, ""from"": ""Calle Bosque de Zapopán / Calle Bosque del Tesoro"", ""to"": ""Avenida Bosques de Ombúes / Calle del Bosque de los Remedios"", ""length"": 101.3298842102, ""delay"": null, ""roadNumbers"": [], ""timeValidity"": ""present"", ""probabilityOfOccurrence"": ""probable"", ""numberOfReports"": null, ""lastReportTime"": null, ""events"": [{""code"": 401, ""description"": ""Cerrado"", ""iconCategory"": 8}]}"
tomtom,tomtom_cdmx_incidents,2026-07-02T04:34:19Z,2026-07-02,20260702T043415Z,2026-07-02T04:34:15.648210,TTI-0e6b35d1-b793-45b4-b4a5-22dc2fb82b8b-TTR24545578296006000,Feature,LineString,19.3762189874,-98.9982265884,8,Road closed,4,,148.7660541746,Calle Adolfo Ruiz Cortines,Calle 31,,present,probable,,2026-07-01T23:49:30Z,,,Cerrado,401,"{""type"": ""LineString"", ""coordinates"": [[-98.9973830336, 19.3758086055], [-98.9976338202, 19.3759319574], [-98.9978068226, 19.376016485], [-98.9982265884, 19.3762189874], [-98.9983928853, 19.3763007474], [-98.9986436719, 19.3764214895]]}","{""id"": ""TTI-0e6b35d1-b793-45b4-b4a5-22dc2fb82b8b-TTR24545578296006000"", ""iconCategory"": 8, ""magnitudeOfDelay"": 4, ""startTime"": ""2026-07-01T23:49:30Z"", ""endTime"": null, ""from"": ""Calle Adolfo Ruiz Cortines"", ""to"": ""Calle 31"", ""length"": 148.7660541746, ""delay"": null, ""roadNumbers"": [], ""timeValidity"": ""present"", ""probabilityOfOccurrence"": ""probable"", ""numberOfReports"": null, ""lastReportTime"": null, ""events"": [{""code"": 401, ""description"": ""Cerrado"", ""iconCategory"": 8}]}"
tomtom,tomtom_cdmx_incidents,2026-07-02T04:34:19Z,2026-07-02,20260702T043415Z,2026-07-02T04:34:15.648228,TTI-0e6b35d1-b793-45b4-b4a5-22dc2fb82b8b-TTR24513841452046000,Feature,LineString,19.5906039006,-98.9988944584,8,Road closed,4,,473.3168973937,Avenida Bosques de Ombúes / Calle del Bosque de los Remedios,Avenida Jardínes de Morelos,,present,probable,,2026-04-14T19:09:00Z,,,Cerrado,401,"{""type"": ""LineString"", ""coordinates"": [[-98.9996924156, 19.5894237351], [-98.9995623284, 19.5896154682], [-98.9994992965, 19.589708018], [-98.9994309002, 19.58980728], [-98.9993222707, 19.589964188], [-98.9992364401, 19.5900902197], [-98.9991680437, 19.5901894815], [-98.9988944584, 19.5906039006], [-98.9986463541, 19.5909512758], [-98.9984089786, 19.5913012562], [-98.998158192, 19.5916754786], [-98.9978899711, 19.5920724423], [-98.9974192434, 19.5927644219], [-98.9972435588, 19.5930004508]]}","{""id"": ""TTI-0e6b35d1-b793-45b4-b4a5-22dc2fb82b8b-TTR24513841452046000"", ""iconCategory"": 8, ""magnitudeOfDelay"": 4, ""startTime"": ""2026-04-14T19:09:00Z"", ""endTime"": null, ""from"": ""Avenida Bosques de Ombúes / Calle del Bosque de los Remedios"", ""to"": ""Avenida Jardínes de Morelos"", ""length"": 473.3168973937, ""delay"": null, ""roadNumbers"": [], ""timeValidity"": ""present"", ""probabilityOfOccurrence"": ""probable"", ""numberOfReports"": null, ""lastReportTime"": null, ""events"": [{""code"": 401, ""description"": ""Cerrado"", ""iconCategory"": 8}]}"
tomtom,tomtom_cdmx_incidents,2026-07-02T04:34:19Z,2026-07-02,20260702T043415Z,2026-07-02T04:34:15.648254,TTI-0e6b35d1-b793-45b4-b4a5-22dc2fb82b8b-TTR24513841524030000,Feature,LineString,19.5916754786,-98.998158192,8,Road closed,4,,317.7200761772,Avenida Jardínes de Morelos,Calle Bosque de Zapopán / Calle Bosque del Tesoro,,present,probable,,2026-04-14T20:00:30Z,,,Cerrado,401,"{""type"": ""LineString"", ""coordinates"": [[-98.9972435588, 19.5930004508], [-98.9974192434, 19.5927644219], [-98.9978899711, 19.5920724423], [-98.998158192, 19.5916754786], [-98.9984089786, 19.5913012562], [-98.9986463541, 19.5909512758], [-98.9988944584, 19.5906039006]]}","{""id"": ""TTI-0e6b35d1-b793-45b4-b4a5-22dc2fb82b8b-TTR24513841524030000"", ""iconCategory"": 8, ""magnitudeOfDelay"": 4, ""startTime"": ""2026-04-14T20:00:30Z"", ""endTime"": null, ""from"": ""Avenida Jardínes de Morelos"", ""to"": ""Calle Bosque de Zapopán / Calle Bosque del Tesoro"", ""length"": 317.7200761772, ""delay"": null, ""roadNumbers"": [], ""timeValidity"": ""present"", ""probabilityOfOccurrence"": ""probable"", ""numberOfReports"": null, ""lastReportTime"": null, ""events"": [{""code"": 401, ""description"": ""Cerrado"", ""iconCategory"": 8}]}"
tomtom,tomtom_cdmx_incidents,2026-07-02T04:34:19Z,2026-07-02,20260702T043415Z,2026-07-02T04:34:15.648274,TTI-0e6b35d1-b793-45b4-b4a5-22dc2fb82b8b-TTR24568659844015000,Feature,LineString,19.2423605997,-98.9962658936,8,Road closed,4,,87.7799574204,Calle Río Ameca,Calle del Maestro,,present,probable,,2026-06-21T08:16:30Z,,,Cerrado,401,"{""type"": ""LineString"", ""coordinates"": [[-98.9963557476, 19.2425966632], [-98.9962953979, 19.2424182901], [-98.9962806457, 19.242383391], [-98.9962658936, 19.2423605997], [-98.9962310249, 19.2423364631], [-98.9961827451, 19.2423163625], [-98.9957254285, 19.2421997155]]}","{""id"": ""TTI-0e6b35d1-b793-45b4-b4a5-22dc2fb82b8b-TTR24568659844015000"", ""iconCategory"": 8, ""magnitudeOfDelay"": 4, ""startTime"": ""2026-06-21T08:16:30Z"", ""endTime"": null, ""from"": ""Calle Río Ameca"", ""to"": ""Calle del Maestro"", ""length"": 87.7799574204, ""delay"": null, ""roadNumbers"": [], ""timeValidity"": ""present"", ""probabilityOfOccurrence"": ""probable"", ""numberOfReports"": null, ""lastReportTime"": null, ""events"": [{""code"": 401, ""description"": ""Cerrado"", ""iconCategory"": 8}]}"
tomtom,tomtom_cdmx_incidents,2026-07-02T04:34:19Z,2026-07-02,20260702T043415Z,2026-07-02T04:34:15.648293,TTI-0e6b35d1-b793-45b4-b4a5-22dc2fb82b8b-TTR24568659924012000,Feature,LineString,19.2413226446,-98.9958032125,8,Road closed,4,,230.1301472107,Calle de Montes de Oca,Calle Juan de la Barrera,,present,probable,,2026-07-01T17:28:30Z,,,Cerrado,401,"{""type"": ""LineString"", ""coordinates"": [[-98.9954049045, 19.2404924973], [-98.9954209977, 19.2406078002], [-98.9954612309, 19.2408706936], [-98.9954867118, 19.2409537875], [-98.9955376738, 19.2410302338], [-98.9956235045, 19.2411254355], [-98.9957133585, 19.241219371], [-98.9958032125, 19.2413226446], [-98.9958716088, 19.2414111195], [-98.9959815794, 19.2415385297], [-98.9963329488, 19.2419314429], [-98.9963946396, 19.2420065435], [-98.9964496249, 19.2420991331], [-98.9965193623, 19.2422184708]]}","{""id"": ""TTI-0e6b35d1-b793-45b4-b4a5-22dc2fb82b8b-TTR24568659924012000"", ""iconCategory"": 8, ""magnitudeOfDelay"": 4, ""startTime"": ""2026-07-01T17:28:30Z"", ""endTime"": null, ""from"": ""Calle de Montes de Oca"", ""to"": ""Calle Juan de la Barrera"", ""length"": 230.1301472107, ""delay"": null, ""roadNumbers"": [], ""timeValidity"": ""present"", ""probabilityOfOccurrence"": ""probable"", ""numberOfReports"": null, ""lastReportTime"": null, ""events"": [{""code"": 401, ""description"": ""Cerrado"", ""iconCategory"": 8}]}"
tomtom,tomtom_cdmx_incidents,2026-07-02T04:34:19Z,2026-07-02,20260702T043415Z,2026-07-02T04:34:15.648318,TTI-0e6b35d1-b793-45b4-b4a5-22dc2fb82b8b-TTR24562889500015000,Feature,LineString,19.2752820375,-98.9953539425,8,Road closed,4,,131.3837869209,Calle Agustín Lara,Calle Víctor Cordero,,present,probable,,2026-06-21T00:54:30Z,,,Cerrado,401,"{""type"": ""LineString"", ""coordinates"": [[-98.9952305609, 19.2761443687], [-98.9953177327, 19.2755409193], [-98.9953539425, 19.2752820375], [-98.9953995401, 19.2749736257]]}","{""id"": ""TTI-0e6b35d1-b793-45b4-b4a5-22dc2fb82b8b-TTR24562889500015000"", ""iconCategory"": 8, ""magnitudeOfDelay"": 4, ""startTime"": ""2026-06-21T00:54:30Z"", ""endTime"": null, ""from"": ""Calle Agustín Lara"", ""to"": ""Calle Víctor Cordero"", ""length"": 131.3837869209, ""delay"": null, ""roadNumbers"": [], ""timeValidity"": ""present"", ""probabilityOfOccurrence"": ""probable"", ""numberOfReports"": null, ""lastReportTime"": null, ""events"": [{""code"": 401, ""description"": ""Cerrado"", ""iconCategory"": 8}]}"
tomtom,tomtom_cdmx_incidents,2026-07-02T04:34:19Z,2026-07-02,20260702T043415Z,2026-07-02T04:34:15.648335,TTI-0e6b35d1-b793-45b4-b4a5-22dc2fb82b8b-TTR24562889284015000,Feature,LineString,19.2755409193,-98.9953177327,8,Road closed,4,,131.3837869209,Calle Víctor Cordero,Calle Agustín Lara,,present,probable,,2026-06-21T00:54:00Z,,,Cerrado,401,"{""type"": ""LineString"", ""coordinates"": [[-98.9953995401, 19.2749736257], [-98.9953539425, 19.2752820375], [-98.9953177327, 19.2755409193], [-98.9952305609, 19.2761443687]]}","{""id"": ""TTI-0e6b35d1-b793-45b4-b4a5-22dc2fb82b8b-TTR24562889284015000"", ""iconCategory"": 8, ""magnitudeOfDelay"": 4, ""startTime"": ""2026-06-21T00:54:00Z"", ""endTime"": null, ""from"": ""Calle Víctor Cordero"", ""to"": ""Calle Agustín Lara"", ""length"": 131.3837869209, ""delay"": null, ""roadNumbers"": [], ""timeValidity"": ""present"", ""probabilityOfOccurrence"": ""probable"", ""numberOfReports"": null, ""lastReportTime"": null, ""events"": [{""code"": 401, ""description"": ""Cerrado"", ""iconCategory"": 8}]}"
tomtom,tomtom_cdmx_incidents,2026-07-02T04:34:19Z,2026-07-02,20260702T043415Z,2026-07-02T04:34:15.648351,TTI-0e6b35d1-b793-45b4-b4a5-22dc2fb82b8b-TTL24548463468022000,Feature,LineString,19.3637305794,-98.9956020468,6,Jam,3,291.0,222.5660303974,Calle Chilpancingo N,Calle Dionicio Rojas,,present,certain,,2026-07-02T04:17:00Z,2026-07-02T04:54:00Z,,Tráfico parado,101,"{""type"": ""LineString"", ""coordinates"": [[-98.9949006492, 19.3636715875], [-98.9949395412, 19.363686296], [-98.9949730688, 19.3636916732], [-98.9952104443, 19.3637131824], [-98.9956020468, 19.3637305794], [-98.995989626, 19.3637507442], [-98.9963181966, 19.3637641083], [-98.9966776127, 19.3637802402], [-98.997015571, 19.3637949486]]}","{""id"": ""TTI-0e6b35d1-b793-45b4-b4a5-22dc2fb82b8b-TTL24548463468022000"", ""iconCategory"": 6, ""magnitudeOfDelay"": 3, ""startTime"": ""2026-07-02T04:17:00Z"", ""endTime"": ""2026-07-02T04:54:00Z"", ""from"": ""Calle Chilpancingo N"", ""to"": ""Calle Dionicio Rojas"", ""length"": 222.5660303974, ""delay"": 291, ""roadNumbers"": [], ""timeValidity"": ""present"", ""probabilityOfOccurrence"": ""certain"", ""numberOfReports"": null, ""lastReportTime"": null, ""events"": [{""code"": 101, ""description"": ""Tráfico parado"", ""iconCategory"": 6}]}"
tomtom,tomtom_cdmx_incidents,2026-07-02T04:34:19Z,2026-07-02,20260702T043415Z,2026-07-02T04:34:15.648372,TTI-0e6b35d1-b793-45b4-b4a5-22dc2fb82b8b-TTR24551348840002000,Feature,LineString,19.3588664426,-98.9945613497,8,Road closed,4,,15.6456299224,Calle Siervo de la Nación,Calle Federal México-Puebla,MEX-136,present,certain,,2026-02-24T22:19:00Z,,,Cerrado,401,"{""type"": ""LineString"", ""coordinates"": [[-98.9946082884, 19.3587724955], [-98.9945895129, 19.3588235022], [-98.9945613497, 19.3588664426], [-98.9945412332, 19.3588972838]]}","{""id"": ""TTI-0e6b35d1-b793-45b4-b4a5-22dc2fb82b8b-TTR24551348840002000"", ""iconCategory"": 8, ""magnitudeOfDelay"": 4, ""startTime"": ""2026-02-24T22:19:00Z"", ""endTime"": null, ""from"": ""Calle Siervo de la Nación"", ""to"": ""Calle Federal México-Puebla"", ""length"": 15.6456299224, ""delay"": null, ""roadNumbers"": [""MEX-136""], ""timeValidity"": ""present"", ""probabilityOfOccurrence"": ""certain"", ""numberOfReports"": null, ""lastReportTime"": null, ""events"": [{""code"": 401, ""description"": ""Cerrado"", ""iconCategory"": 8}]}"
tomtom,tomtom_cdmx_incidents,2026-07-02T04:34:19Z,2026-07-02,20260702T043415Z,2026-07-02T04:34:15.648390,TTI-0e6b35d1-b793-45b4-b4a5-22dc2fb82b8b-TTR24551348956026000,Feature,LineString,19.3587456874,-98.9951916689,8,Road closed,4,,318.6323017179,MEX-136,Calzada General Ignacio Zaragoza,,present,certain,,2026-02-09T03:00:00Z,,,Cerrado,401,"{""type"": ""LineString"", ""coordinates"": [[-98.9941844994, 19.3579289468], [-98.9944808835, 19.3581918099], [-98.9945224577, 19.3582280287], [-98.9945761019, 19.3582750024], [-98.9946485215, 19.3583339962], [-98.9947410577, 19.3583970232], [-98.9950884038, 19.3586625743], [-98.9951916689, 19.3587456874], [-98.9953418726, 19.3588476216], [-98.9954478198, 19.358928125], [-98.9956744665, 19.3590850195], [-98.9959292763, 19.35924998], [-98.9961532408, 19.3593666227], [-98.9966574961, 19.3595516692]]}","{""id"": ""TTI-0e6b35d1-b793-45b4-b4a5-22dc2fb82b8b-TTR24551348956026000"", ""iconCategory"": 8, ""magnitudeOfDelay"": 4, ""startTime"": ""2026-02-09T03:00:00Z"", ""endTime"": null, ""from"": ""MEX-136"", ""to"": ""Calzada General Ignacio Zaragoza"", ""length"": 318.6323017179, ""delay"": null, ""roadNumbers"": [], ""timeValidity"": ""present"", ""probabilityOfOccurrence"": ""certain"", ""numberOfReports"": null, ""lastReportTime"": null, ""events"": [{""code"": 401, ""description"": ""Cerrado"", ""iconCategory"": 8}]}"
tomtom,tomtom_cdmx_incidents,2026-07-02T04:34:19Z,2026-07-02,20260702T043415Z,2026-07-02T04:34:15.648415,TTI-0e6b35d1-b793-45b4-b4a5-22dc2fb82b8b-TTR24551348912010001,Feature,LineString,19.3581985317,-98.9943963939,8,Road closed,4,,66.0152976911,Calle Siervo de la Nación,Calle Federal México-Puebla,MEX-136,present,certain,,2026-02-24T22:19:00Z,,,Cerrado,401,"{""type"": ""LineString"", ""coordinates"": [[-98.9941844994, 19.3579289468], [-98.9942140037, 19.3579786093], [-98.9942421669, 19.3580228152], [-98.9942663067, 19.3580563453], [-98.9943226331, 19.3581220611], [-98.9943963939, 19.3581985317], [-98.9944594258, 19.3582642474], [-98.9945077056, 19.3583245857], [-98.9945237988, 19.3583500495], [-98.9945559853, 19.3584050893]]}","{""id"": ""TTI-0e6b35d1-b793-45b4-b4a5-22dc2fb82b8b-TTR24551348912010001"", ""iconCategory"": 8, ""magnitudeOfDelay"": 4, ""startTime"": ""2026-02-24T22:19:00Z"", ""endTime"": null, ""from"": ""Calle Siervo de la Nación"", ""to"": ""Calle Federal México-Puebla"", ""length"": 66.0152976911, ""delay"": null, ""roadNumbers"": [""MEX-136""], ""timeValidity"": ""present"", ""probabilityOfOccurrence"": ""certain"", ""numberOfReports"": null, ""lastReportTime"": null, ""events"": [{""code"": 401, ""description"": ""Cerrado"", ""iconCategory"": 8}]}"
tomtom,tomtom_cdmx_incidents,2026-07-02T04:34:19Z,2026-07-02,20260702T043415Z,2026-07-02T04:34:15.648437,TTI-0e6b35d1-b793-45b4-b4a5-22dc2fb82b8b-TTR24577315468037000,Feature,LineString,19.1878018543,-98.9942944699,8,Road closed,4,,364.0660939276,Avenida Vicente Guerrero,Avenida España / Calle de los Cedros,,present,probable,,2026-06-26T14:06:30Z,,,Cerrado,401,"{""type"": ""LineString"", ""coordinates"": [[-98.993512606, 19.1872211166], [-98.9937647337, 19.1873082749], [-98.9940852576, 19.187402162], [-98.9941295141, 19.1876341879], [-98.9941764527, 19.1877039302], [-98.9942300969, 19.1877575233], [-98.9942944699, 19.1878018543], [-98.9944044405, 19.1878594847], [-98.9950763339, 19.1881894338], [-98.9958622211, 19.1885353731], [-98.9959198886, 19.1885622091], [-98.9959963316, 19.1886145353], [-98.9963557476, 19.1888840824]]}","{""id"": ""TTI-0e6b35d1-b793-45b4-b4a5-22dc2fb82b8b-TTR24577315468037000"", ""iconCategory"": 8, ""magnitudeOfDelay"": 4, ""startTime"": ""2026-06-26T14:06:30Z"", ""endTime"": null, ""from"": ""Avenida Vicente Guerrero"", ""to"": ""Avenida España / Calle de los Cedros"", ""length"": 364.0660939276, ""delay"": null, ""roadNumbers"": [], ""timeValidity"": ""present"", ""probabilityOfOccurrence"": ""probable"", ""numberOfReports"": null, ""lastReportTime"": null, ""events"": [{""code"": 401, ""description"": ""Cerrado"", ""iconCategory"": 8}]}"
tomtom,tomtom_cdmx_incidents,2026-07-02T04:34:19Z,2026-07-02,20260702T043415Z,2026-07-02T04:34:15.648462,TTI-0e6b35d1-b793-45b4-b4a5-22dc2fb82b8b-TTR24577315396013000,Feature,LineString,19.1873082749,-98.9937647337,8,Road closed,4,,89.6537959854,Calle A Milpa Alta / Calle San Diego,Avenida Vicente Guerrero,,present,probable,,2026-06-25T19:43:30Z,,,Cerrado,401,"{""type"": ""LineString"", ""coordinates"": [[-98.9941295141, 19.1876341879], [-98.9940852576, 19.187402162], [-98.9937647337, 19.1873082749], [-98.993512606, 19.1872211166]]}","{""id"": ""TTI-0e6b35d1-b793-45b4-b4a5-22dc2fb82b8b-TTR24577315396013000"", ""iconCategory"": 8, ""magnitudeOfDelay"": 4, ""startTime"": ""2026-06-25T19:43:30Z"", ""endTime"": null, ""from"": ""Calle A Milpa Alta / Calle San Diego"", ""to"": ""Avenida Vicente Guerrero"", ""length"": 89.6537959854, ""delay"": null, ""roadNumbers"": [], ""timeValidity"": ""present"", ""probabilityOfOccurrence"": ""probable"", ""numberOfReports"": null, ""lastReportTime"": null, ""events"": [{""code"": 401, ""description"": ""Cerrado"", ""iconCategory"": 8}]}"
tomtom,tomtom_cdmx_incidents,2026-07-02T04:34:19Z,2026-07-02,20260702T043415Z,2026-07-02T04:34:15.648478,TTI-0e6b35d1-b793-45b4-b4a5-22dc2fb82b8b-TTR24551348692015000,Feature,LineString,19.3556129017,-98.9926167482,8,Road closed,4,,85.599540024,Calle de los Alpes,Avenida Principal,,present,probable,,2026-06-26T21:04:00Z,,,Cerrado,401,"{""type"": ""LineString"", ""coordinates"": [[-98.9927025789, 19.3552105343], [-98.9926891678, 19.3552333889], [-98.9926757568, 19.3552695292], [-98.9926167482, 19.3556129017], [-98.9925644451, 19.3558945109], [-98.9925550574, 19.3559656051]]}","{""id"": ""TTI-0e6b35d1-b793-45b4-b4a5-22dc2fb82b8b-TTR24551348692015000"", ""iconCategory"": 8, ""magnitudeOfDelay"": 4, ""startTime"": ""2026-06-26T21:04:00Z"", ""endTime"": null, ""from"": ""Calle de los Alpes"", ""to"": ""Avenida Principal"", ""length"": 85.599540024, ""delay"": null, ""roadNumbers"": [], ""timeValidity"": ""present"", ""probabilityOfOccurrence"": ""probable"", ""numberOfReports"": null, ""lastReportTime"": null, ""events"": [{""code"": 401, ""description"": ""Cerrado"", ""iconCategory"": 8}]}"
tomtom,tomtom_cdmx_incidents,2026-07-02T04:34:19Z,2026-07-02,20260702T043415Z,2026-07-02T04:34:15.648496,TTI-0e6b35d1-b793-45b4-b4a5-22dc2fb82b8b-TTR24551348740022000,Feature,LineString,19.355877113,-98.9924303347,8,Road closed,4,,162.216234094,Calle Agustín Melgar / Calle Pípila,Calle Francisco Villa,,present,probable,,2026-04-29T22:37:30Z,,,Cerrado,401,"{""type"": ""LineString"", ""coordinates"": [[-98.9929064268, 19.3561761196], [-98.9927468353, 19.3560809057], [-98.9925550574, 19.3559656051], [-98.9924303347, 19.355877113], [-98.9921835714, 19.3556772741], [-98.9920896941, 19.3555927359], [-98.9917061382, 19.3552628864]]}","{""id"": ""TTI-0e6b35d1-b793-45b4-b4a5-22dc2fb82b8b-TTR24551348740022000"", ""iconCategory"": 8, ""magnitudeOfDelay"": 4, ""startTime"": ""2026-04-29T22:37:30Z"", ""endTime"": null, ""from"": ""Calle Agustín Melgar / Calle Pípila"", ""to"": ""Calle Francisco Villa"", ""length"": 162.216234094, ""delay"": null, ""roadNumbers"": [], ""timeValidity"": ""present"", ""probabilityOfOccurrence"": ""probable"", ""numberOfReports"": null, ""lastReportTime"": null, ""events"": [{""code"": 401, ""description"": ""Cerrado"", ""iconCategory"": 8}]}"
tomtom,tomtom_cdmx_incidents,2026-07-02T04:34:19Z,2026-07-02,20260702T043415Z,2026-07-02T04:34:15.648516,TTI-0e6b35d1-b793-45b4-b4a5-22dc2fb82b8b-TTR24551348692007000,Feature,LineString,19.3551421285,-98.9917356425,8,Road closed,4,,47.7710876605,Calle de los Alpes,Avenida Principal,,present,probable,,2026-05-05T01:49:00Z,,,Cerrado,401,"{""type"": ""LineString"", ""coordinates"": [[-98.9918094033, 19.3548444644], [-98.9917356425, 19.3551421285], [-98.9917061382, 19.3552628864]]}","{""id"": ""TTI-0e6b35d1-b793-45b4-b4a5-22dc2fb82b8b-TTR24551348692007000"", ""iconCategory"": 8, ""magnitudeOfDelay"": 4, ""startTime"": ""2026-05-05T01:49:00Z"", ""endTime"": null, ""from"": ""Calle de los Alpes"", ""to"": ""Avenida Principal"", ""length"": 47.7710876605, ""delay"": null, ""roadNumbers"": [], ""timeValidity"": ""present"", ""probabilityOfOccurrence"": ""probable"", ""numberOfReports"": null, ""lastReportTime"": null, ""events"": [{""code"": 401, ""description"": ""Cerrado"", ""iconCategory"": 8}]}"
tomtom,tomtom_cdmx_incidents,2026-07-02T04:34:19Z,2026-07-02,20260702T043415Z,2026-07-02T04:34:15.648531,TTI-0e6b35d1-b793-45b4-b4a5-22dc2fb82b8b-TTR24551348812014000,Feature,LineString,19.3556772741,-98.9921835714,8,Road closed,4,,118.5497437999,Calle Francisco Villa,Calle Popocatépetl,,present,probable,,2026-07-02T00:12:30Z,,,Cerrado,401,"{""type"": ""LineString"", ""coordinates"": [[-98.9917061382, 19.3552628864], [-98.9920896941, 19.3555927359], [-98.9921835714, 19.3556772741], [-98.9924303347, 19.355877113], [-98.9925550574, 19.3559656051]]}","{""id"": ""TTI-0e6b35d1-b793-45b4-b4a5-22dc2fb82b8b-TTR24551348812014000"", ""iconCategory"": 8, ""magnitudeOfDelay"": 4, ""startTime"": ""2026-07-02T00:12:30Z"", ""endTime"": null, ""from"": ""Calle Francisco Villa"", ""to"": ""Calle Popocatépetl"", ""length"": 118.5497437999, ""delay"": null, ""roadNumbers"": [], ""timeValidity"": ""present"", ""probabilityOfOccurrence"": ""probable"", ""numberOfReports"": null, ""lastReportTime"": null, ""events"": [{""code"": 401, ""description"": ""Cerrado"", ""iconCategory"": 8}]}"
tomtom,tomtom_cdmx_incidents,2026-07-02T04:34:19Z,2026-07-02,20260702T043415Z,2026-07-02T04:34:15.648549,TTI-0e6b35d1-b793-45b4-b4a5-22dc2fb82b8b-TTR24551348764007000,Feature,LineString,19.3551421285,-98.9917356425,8,Road closed,4,,47.7710876605,Avenida Principal,Calle de los Alpes,,present,probable,,2026-05-10T01:16:00Z,,,Cerrado,401,"{""type"": ""LineString"", ""coordinates"": [[-98.9917061382, 19.3552628864], [-98.9917356425, 19.3551421285], [-98.9918094033, 19.3548444644]]}","{""id"": ""TTI-0e6b35d1-b793-45b4-b4a5-22dc2fb82b8b-TTR24551348764007000"", ""iconCategory"": 8, ""magnitudeOfDelay"": 4, ""startTime"": ""2026-05-10T01:16:00Z"", ""endTime"": null, ""from"": ""Avenida Principal"", ""to"": ""Calle de los Alpes"", ""length"": 47.7710876605, ""delay"": null, ""roadNumbers"": [], ""timeValidity"": ""present"", ""probabilityOfOccurrence"": ""probable"", ""numberOfReports"": null, ""lastReportTime"": null, ""events"": [{""code"": 401, ""description"": ""Cerrado"", ""iconCategory"": 8}]}"
tomtom,tomtom_cdmx_incidents,2026-07-02T04:34:19Z,2026-07-02,20260702T043415Z,2026-07-02T04:34:15.648578,TTI-0e6b35d1-b793-45b4-b4a5-22dc2fb82b8b-TTR24551348764031000,Feature,LineString,19.3537876101,-98.9917195493,8,Road closed,4,,254.6589879135,Avenida Principal,Andador de Joaquín Rivas,,present,probable,,2026-05-05T14:06:30Z,,,Cerrado,401,"{""type"": ""LineString"", ""coordinates"": [[-98.9914741272, 19.355046914], [-98.9915009493, 19.3549302683], [-98.9915720278, 19.3546633667], [-98.9916283542, 19.3544125974], [-98.9917195493, 19.3537876101], [-98.9917195493, 19.3534054042], [-98.9918657297, 19.352859575], [-98.9918804818, 19.3527978904]]}","{""id"": ""TTI-0e6b35d1-b793-45b4-b4a5-22dc2fb82b8b-TTR24551348764031000"", ""iconCategory"": 8, ""magnitudeOfDelay"": 4, ""startTime"": ""2026-05-05T14:06:30Z"", ""endTime"": null, ""from"": ""Avenida Principal"", ""to"": ""Andador de Joaquín Rivas"", ""length"": 254.6589879135, ""delay"": null, ""roadNumbers"": [], ""timeValidity"": ""present"", ""probabilityOfOccurrence"": ""probable"", ""numberOfReports"": null, ""lastReportTime"": null, ""events"": [{""code"": 401, ""description"": ""Cerrado"", ""iconCategory"": 8}]}"
tomtom,tomtom_cdmx_incidents,2026-07-02T04:34:19Z,2026-07-02,20260702T043415Z,2026-07-02T04:34:15.648600,TTI-0e6b35d1-b793-45b4-b4a5-22dc2fb82b8b-TTR24551348692031000,Feature,LineString,19.3544125974,-98.9916283542,8,Road closed,4,,254.6589879135,Andador de Joaquín Rivas,Avenida Principal,,present,probable,,2026-05-08T00:24:30Z,,,Cerrado,401,"{""type"": ""LineString"", ""coordinates"": [[-98.9918804818, 19.3527978904], [-98.9918657297, 19.352859575], [-98.9917195493, 19.3534054042], [-98.9917195493, 19.3537876101], [-98.9916283542, 19.3544125974], [-98.9915720278, 19.3546633667], [-98.9915009493, 19.3549302683], [-98.9914741272, 19.355046914]]}","{""id"": ""TTI-0e6b35d1-b793-45b4-b4a5-22dc2fb82b8b-TTR24551348692031000"", ""iconCategory"": 8, ""magnitudeOfDelay"": 4, ""startTime"": ""2026-05-08T00:24:30Z"", ""endTime"": null, ""from"": ""Andador de Joaquín Rivas"", ""to"": ""Avenida Principal"", ""length"": 254.6589879135, ""delay"": null, ""roadNumbers"": [], ""timeValidity"": ""present"", ""probabilityOfOccurrence"": ""probable"", ""numberOfReports"": null, ""lastReportTime"": null, ""events"": [{""code"": 401, ""description"": ""Cerrado"", ""iconCategory"": 8}]}"
tomtom,tomtom_cdmx_incidents,2026-07-02T04:34:19Z,2026-07-02,20260702T043415Z,2026-07-02T04:34:15.648620,TTI-0e6b35d1-b793-45b4-b4a5-22dc2fb82b8b-TTR24551348812013000,Feature,LineString,19.355972327,-98.9915854388,8,Road closed,4,,75.4111095648,Calle Federal México-Puebla,Avenida Principal,,present,probable,,2026-03-02T13:47:30Z,,,Cerrado,401,"{""type"": ""LineString"", ""coordinates"": [[-98.9911536032, 19.3556102129], [-98.9911616498, 19.3556169349], [-98.9914419407, 19.3558757686], [-98.9914955848, 19.3559172863], [-98.9915277713, 19.3559414852], [-98.9915545934, 19.3559575388], [-98.9915854388, 19.355972327], [-98.9916296953, 19.3559843473], [-98.9916484707, 19.3559910693], [-98.9916752928, 19.3559924136], [-98.9916980916, 19.3559910693], [-98.9917182082, 19.3559803142]]}","{""id"": ""TTI-0e6b35d1-b793-45b4-b4a5-22dc2fb82b8b-TTR24551348812013000"", ""iconCategory"": 8, ""magnitudeOfDelay"": 4, ""startTime"": ""2026-03-02T13:47:30Z"", ""endTime"": null, ""from"": ""Calle Federal México-Puebla"", ""to"": ""Avenida Principal"", ""length"": 75.4111095648, ""delay"": null, ""roadNumbers"": [], ""timeValidity"": ""present"", ""probabilityOfOccurrence"": ""probable"", ""numberOfReports"": null, ""lastReportTime"": null, ""events"": [{""code"": 401, ""description"": ""Cerrado"", ""iconCategory"": 8}]}"
tomtom,tomtom_cdmx_incidents,2026-07-02T04:34:19Z,2026-07-02,20260702T043415Z,2026-07-02T04:34:15.648644,TTI-0e6b35d1-b793-45b4-b4a5-22dc2fb82b8b-TTR24551348744013000,Feature,LineString,19.3559575388,-98.9915545934,8,Road closed,4,,99.3031650472,Avenida Principal,Calle Federal México-Puebla,,present,probable,,2026-02-25T17:29:30Z,,,Cerrado,401,"{""type"": ""LineString"", ""coordinates"": [[-98.9917182082, 19.3559803142], [-98.9916980916, 19.3559910693], [-98.9916752928, 19.3559924136], [-98.9916484707, 19.3559910693], [-98.9916296953, 19.3559843473], [-98.9915854388, 19.355972327], [-98.9915545934, 19.3559575388], [-98.9915277713, 19.3559414852], [-98.9914955848, 19.3559172863], [-98.9914419407, 19.3558757686], [-98.9911616498, 19.3556169349], [-98.9911375099, 19.3555954247], [-98.9909980351, 19.355453315]]}","{""id"": ""TTI-0e6b35d1-b793-45b4-b4a5-22dc2fb82b8b-TTR24551348744013000"", ""iconCategory"": 8, ""magnitudeOfDelay"": 4, ""startTime"": ""2026-02-25T17:29:30Z"", ""endTime"": null, ""from"": ""Avenida Principal"", ""to"": ""Calle Federal México-Puebla"", ""length"": 99.3031650472, ""delay"": null, ""roadNumbers"": [], ""timeValidity"": ""present"", ""probabilityOfOccurrence"": ""probable"", ""numberOfReports"": null, ""lastReportTime"": null, ""events"": [{""code"": 401, ""description"": ""Cerrado"", ""iconCategory"": 8}]}"
tomtom,tomtom_cdmx_incidents,2026-07-02T04:34:19Z,2026-07-02,20260702T043415Z,2026-07-02T04:34:15.648668,TTI-0e6b35d1-b793-45b4-b4a5-22dc2fb82b8b-TTR24542693292019000,Feature,LineString,19.4134399617,-98.9909148866,8,Road closed,4,,247.0240145701,Calle de Corrido del Norte,Avenida Bordo de Xochiaca,,present,probable,,2026-06-13T00:16:30Z,,,Cerrado,401,"{""type"": ""LineString"", ""coordinates"": [[-98.9917262548, 19.4119138271], [-98.9916766339, 19.4120036327], [-98.9909148866, 19.4134399617], [-98.9907888228, 19.4136733274], [-98.9906627589, 19.4138959415]]}","{""id"": ""TTI-0e6b35d1-b793-45b4-b4a5-22dc2fb82b8b-TTR24542693292019000"", ""iconCategory"": 8, ""magnitudeOfDelay"": 4, ""startTime"": ""2026-06-13T00:16:30Z"", ""endTime"": null, ""from"": ""Calle de Corrido del Norte"", ""to"": ""Avenida Bordo de Xochiaca"", ""length"": 247.0240145701, ""delay"": null, ""roadNumbers"": [], ""timeValidity"": ""present"", ""probabilityOfOccurrence"": ""probable"", ""numberOfReports"": null, ""lastReportTime"": null, ""events"": [{""code"": 401, ""description"": ""Cerrado"", ""iconCategory"": 8}]}"
tomtom,tomtom_cdmx_incidents,2026-07-02T04:34:19Z,2026-07-02,20260702T043415Z,2026-07-02T04:34:15.648685,TTI-0e6b35d1-b793-45b4-b4a5-22dc2fb82b8b-TTR24554234164015000,Feature,LineString,19.3540196378,-98.9906962865,8,Road closed,4,,62.5368535964,Cerrada Primera de Ricardo Flores Magón,Avenida Principal,,present,probable,,2026-03-27T03:36:04Z,,,Cerrado,401,"{""type"": ""LineString"", ""coordinates"": [[-98.9907365197, 19.3537205482], [-98.9906962865, 19.3540196378], [-98.9906614178, 19.3542784741]]}","{""id"": ""TTI-0e6b35d1-b793-45b4-b4a5-22dc2fb82b8b-TTR24554234164015000"", ""iconCategory"": 8, ""magnitudeOfDelay"": 4, ""startTime"": ""2026-03-27T03:36:04Z"", ""endTime"": null, ""from"": ""Cerrada Primera de Ricardo Flores Magón"", ""to"": ""Avenida Principal"", ""length"": 62.5368535964, ""delay"": null, ""roadNumbers"": [], ""timeValidity"": ""present"", ""probabilityOfOccurrence"": ""probable"", ""numberOfReports"": null, ""lastReportTime"": null, ""events"": [{""code"": 401, ""description"": ""Cerrado"", ""iconCategory"": 8}]}"
tomtom,tomtom_cdmx_incidents,2026-07-02T04:34:19Z,2026-07-02,20260702T043415Z,2026-07-02T04:34:15.648701,TTI-0e6b35d1-b793-45b4-b4a5-22dc2fb82b8b-TTR24551348764015000,Feature,LineString,19.3540196378,-98.9906962865,8,Road closed,4,,62.5368535964,Avenida Principal,Cerrada Primera de Ricardo Flores Magón,,present,probable,,2026-04-22T03:14:30Z,,,Cerrado,401,"{""type"": ""LineString"", ""coordinates"": [[-98.9906614178, 19.3542784741], [-98.9906962865, 19.3540196378], [-98.9907365197, 19.3537205482]]}","{""id"": ""TTI-0e6b35d1-b793-45b4-b4a5-22dc2fb82b8b-TTR24551348764015000"", ""iconCategory"": 8, ""magnitudeOfDelay"": 4, ""startTime"": ""2026-04-22T03:14:30Z"", ""endTime"": null, ""from"": ""Avenida Principal"", ""to"": ""Cerrada Primera de Ricardo Flores Magón"", ""length"": 62.5368535964, ""delay"": null, ""roadNumbers"": [], ""timeValidity"": ""present"", ""probabilityOfOccurrence"": ""probable"", ""numberOfReports"": null, ""lastReportTime"": null, ""events"": [{""code"": 401, ""description"": ""Cerrado"", ""iconCategory"": 8}]}"
tomtom,tomtom_cdmx_incidents,2026-07-02T04:34:19Z,2026-07-02,20260702T043415Z,2026-07-02T04:34:15.648717,TTI-0e6b35d1-b793-45b4-b4a5-22dc2fb82b8b-TTR24554234236015000,Feature,LineString,19.3535784369,-98.9902000779,8,Road closed,4,,60.1352468818,Avenida Principal,Cerrada Segunda Flores Magón,,present,probable,,2026-03-10T05:46:30Z,,,Cerrado,401,"{""type"": ""LineString"", ""coordinates"": [[-98.9901692325, 19.3538211411], [-98.9901960546, 19.3536106235], [-98.9902000779, 19.3535784369], [-98.9902255589, 19.3533799396], [-98.9902416521, 19.3532847241]]}","{""id"": ""TTI-0e6b35d1-b793-45b4-b4a5-22dc2fb82b8b-TTR24554234236015000"", ""iconCategory"": 8, ""magnitudeOfDelay"": 4, ""startTime"": ""2026-03-10T05:46:30Z"", ""endTime"": null, ""from"": ""Avenida Principal"", ""to"": ""Cerrada Segunda Flores Magón"", ""length"": 60.1352468818, ""delay"": null, ""roadNumbers"": [], ""timeValidity"": ""present"", ""probabilityOfOccurrence"": ""probable"", ""numberOfReports"": null, ""lastReportTime"": null, ""events"": [{""code"": 401, ""description"": ""Cerrado"", ""iconCategory"": 8}]}"
tomtom,tomtom_cdmx_incidents,2026-07-02T04:34:19Z,2026-07-02,20260702T043415Z,2026-07-02T04:34:15.648734,TTI-0e6b35d1-b793-45b4-b4a5-22dc2fb82b8b-TTR24554234288010000,Feature,LineString,19.3556155905,-98.9913386756,8,Road closed,4,,634.3751799167,Avenida de las Torres (Autopista México-Puebla),Carretera Ciudad de México-Texcoco (Autopista México-Puebla),MEX-150D,present,certain,,2026-06-25T15:41:30Z,,,Cerrado,401,"{""type"": ""LineString"", ""coordinates"": [[-98.9896086508, 19.3540250154], [-98.9897829944, 19.3541792259], [-98.9899908656, 19.354373689], [-98.9902269, 19.354592272], [-98.9902765208, 19.3546392467], [-98.9904508644, 19.3547961454], [-98.9906345957, 19.3549664878], [-98.9908357614, 19.355154228], [-98.990945732, 19.3552507869], [-98.9910785013, 19.3553741543], [-98.9910959357, 19.3553916314], [-98.9913386756, 19.3556155905], [-98.9915559345, 19.3558006412], [-98.9917450303, 19.3559521612], [-98.9918804818, 19.3560621634], [-98.9920776242, 19.3562190607], [-98.9921822303, 19.3562968766], [-98.9923377985, 19.3564215877], [-98.9924263114, 19.3564926816], [-98.9930150562, 19.3569620275], [-98.9937405938, 19.3575507837], [-98.9940933043, 19.3578471776]]}","{""id"": ""TTI-0e6b35d1-b793-45b4-b4a5-22dc2fb82b8b-TTR24554234288010000"", ""iconCategory"": 8, ""magnitudeOfDelay"": 4, ""startTime"": ""2026-06-25T15:41:30Z"", ""endTime"": null, ""from"": ""Avenida de las Torres (Autopista México-Puebla)"", ""to"": ""Carretera Ciudad de México-Texcoco (Autopista México-Puebla)"", ""length"": 634.3751799167, ""delay"": null, ""roadNumbers"": [""MEX-150D""], ""timeValidity"": ""present"", ""probabilityOfOccurrence"": ""certain"", ""numberOfReports"": null, ""lastReportTime"": null, ""events"": [{""code"": 401, ""description"": ""Cerrado"", ""iconCategory"": 8}]}"
tomtom,tomtom_cdmx_incidents,2026-07-02T04:34:19Z,2026-07-02,20260702T043415Z,2026-07-02T04:34:15.648767,TTI-0e6b35d1-b793-45b4-b4a5-22dc2fb82b8b-TTR24545578608013001,Feature,LineString,19.4055046172,-98.9885867292,0,Unknown,0,,58.3267345215,Calle Mañanitas,Avenida Rancho Grande,,present,certain,,2026-06-11T18:52:00Z,2026-07-20T03:00:00Z,,Partido de fútbol,1459,"{""type"": ""LineString"", ""coordinates"": [[-98.9885961169, 19.4053906955], [-98.9885894114, 19.4054604241], [-98.9885867292, 19.4055046172], [-98.9885733181, 19.4056602019], [-98.9885532015, 19.4059136593]]}","{""id"": ""TTI-0e6b35d1-b793-45b4-b4a5-22dc2fb82b8b-TTR24545578608013001"", ""iconCategory"": 0, ""magnitudeOfDelay"": 0, ""startTime"": ""2026-06-11T18:52:00Z"", ""endTime"": ""2026-07-20T03:00:00Z"", ""from"": ""Calle Mañanitas"", ""to"": ""Avenida Rancho Grande"", ""length"": 58.3267345215, ""delay"": null, ""roadNumbers"": [], ""timeValidity"": ""present"", ""probabilityOfOccurrence"": ""certain"", ""numberOfReports"": null, ""lastReportTime"": null, ""events"": [{""code"": 1459, ""description"": ""Partido de fútbol"", ""iconCategory"": 0}]}"
tomtom,tomtom_cdmx_incidents,2026-07-02T04:34:19Z,2026-07-02,20260702T043415Z,2026-07-02T04:34:15.648784,TTI-0e6b35d1-b793-45b4-b4a5-22dc2fb82b8b-TTL24539808196088000,Feature,LineString,19.4299476237,-98.9976177269,6,Jam,1,77.0,1994.0763880004,Camino al Circuito Cultural Mexiquense (Circuito Exterior Mexiquense/MEX-5D),Circuito Exterior Mexiquense (Circuito Exterior Mexiquense/MEX-5D),MEX-5D,present,certain,,2026-07-02T04:08:00Z,2026-07-02T05:15:00Z,,Tráfico pesado,122,"{""type"": ""LineString"", ""coordinates"": [[-98.9878893548, 19.4317768832], [-98.9881186837, 19.431650807], [-98.9894691759, 19.430879725], [-98.9897964054, 19.4307120705], [-98.9903636926, 19.4304237138], [-98.9912300461, 19.4299301547], [-98.991767829, 19.4296311255], [-98.9921969825, 19.4293696424], [-98.9924356991, 19.4292140013], [-98.9927146488, 19.4290866584], [-98.9929614121, 19.4289632678], [-98.9932081753, 19.4288519711], [-98.9934160465, 19.4287728461], [-98.993794238, 19.4286775956], [-98.9938733631, 19.4286614702], [-98.99405173, 19.4286454238], [-98.9942824, 19.4286225795], [-98.9946015829, 19.4286186272], [-98.9948926026, 19.4286266109], [-98.9951393658, 19.4286548303], [-98.9953016394, 19.4286789394], [-98.9954572076, 19.4287097673], [-98.9956248456, 19.4287459704], [-98.9957629794, 19.4287821735], [-98.9960137659, 19.4288612985], [-98.9962484592, 19.4289565489], [-98.9965314323, 19.4290959859], [-98.996746009, 19.4292234077], [-98.9969967955, 19.4293910638], [-98.9970772618, 19.4294580945], [-98.9972998851, 19.429633813], [-98.9975184852, 19.4298322964], [-98.9976177269, 19.4299476237], [-98.9977250153, 19.4300831076], [-98.9978323036, 19.4302265749], [-98.9979369098, 19.430382136], [-98.9980267638, 19.4305309781], [-98.998093819, 19.4306664614], [-98.9981501454, 19.4307723818], [-98.998209154, 19.4309199589], [-98.9983043724, 19.4311693456], [-98.9983687454, 19.4313490935], [-98.9984076375, 19.4314952472], [-98.9984559172, 19.4317058221], [-98.9984840804, 19.4318519755], [-98.9984921271, 19.4319713327], [-98.9985068792, 19.4321738444], [-98.9985068792, 19.4324635418], [-98.9984948093, 19.4326593342], [-98.9984760338, 19.4329852328], [-98.998453235, 19.4332118517], [-98.9983915442, 19.4339668769], [-98.9983808154, 19.4341560278], [-98.9983674043, 19.4344094408], [-98.9983539933, 19.4346441991], [-98.9983285123, 19.4349258297], [-98.9983097368, 19.4351993974], [-98.9982963258, 19.4355024475], [-98.9982963258, 19.4358619335], [-98.9983016902, 19.4360483158], [-98.9983043724, 19.4361757322], [-98.9983285123, 19.4365324502], [-98.9983741099, 19.4369213376], [-98.9983982497, 19.4372808205]]}","{""id"": ""TTI-0e6b35d1-b793-45b4-b4a5-22dc2fb82b8b-TTL24539808196088000"", ""iconCategory"": 6, ""magnitudeOfDelay"": 1, ""startTime"": ""2026-07-02T04:08:00Z"", ""endTime"": ""2026-07-02T05:15:00Z"", ""from"": ""Camino al Circuito Cultural Mexiquense (Circuito Exterior Mexiquense/MEX-5D)"", ""to"": ""Circuito Exterior Mexiquense (Circuito Exterior Mexiquense/MEX-5D)"", ""length"": 1994.0763880004, ""delay"": 77, ""roadNumbers"": [""MEX-5D""], ""timeValidity"": ""present"", ""probabilityOfOccurrence"": ""certain"", ""numberOfReports"": null, ""lastReportTime"": null, ""events"": [{""code"": 122, ""description"": ""Tráfico pesado"", ""iconCategory"": 6}]}"
tomtom,tomtom_cdmx_incidents,2026-07-02T04:34:19Z,2026-07-02,20260702T043415Z,2026-07-02T04:34:15.648855,TTI-0e6b35d1-b793-45b4-b4a5-22dc2fb82b8b-TTR24548463912014000,Feature,LineString,19.3867680569,-98.9877016002,8,Road closed,4,,83.811430631,Calle 11 / Avenida Tepozanes,Calle 8 / Calle Poniente 19,,present,probable,,2026-05-26T18:13:30Z,,,Cerrado,401,"{""type"": ""LineString"", ""coordinates"": [[-98.9873596185, 19.3865749765], [-98.9877016002, 19.3867680569], [-98.9880449229, 19.3869625602]]}","{""id"": ""TTI-0e6b35d1-b793-45b4-b4a5-22dc2fb82b8b-TTR24548463912014000"", ""iconCategory"": 8, ""magnitudeOfDelay"": 4, ""startTime"": ""2026-05-26T18:13:30Z"", ""endTime"": null, ""from"": ""Calle 11 / Avenida Tepozanes"", ""to"": ""Calle 8 / Calle Poniente 19"", ""length"": 83.811430631, ""delay"": null, ""roadNumbers"": [], ""timeValidity"": ""present"", ""probabilityOfOccurrence"": ""probable"", ""numberOfReports"": null, ""lastReportTime"": null, ""events"": [{""code"": 401, ""description"": ""Cerrado"", ""iconCategory"": 8}]}"
tomtom,tomtom_cdmx_incidents,2026-07-02T04:34:19Z,2026-07-02,20260702T043415Z,2026-07-02T04:34:15.648871,TTI-0e6b35d1-b793-45b4-b4a5-22dc2fb82b8b-TTR24548463840014000,Feature,LineString,19.3865079281,-98.9872402602,8,Road closed,4,,129.1494423616,Calle 8 / Calle Poniente 19,Calle 11 / Avenida Tepozanes,,present,probable,,2026-05-26T19:01:00Z,,,Cerrado,401,"{""type"": ""LineString"", ""coordinates"": [[-98.9880449229, 19.3869625602], [-98.9877016002, 19.3867680569], [-98.9873596185, 19.3865749765], [-98.9872402602, 19.3865079281], [-98.9871611351, 19.3864623067], [-98.9869894737, 19.3863644222]]}","{""id"": ""TTI-0e6b35d1-b793-45b4-b4a5-22dc2fb82b8b-TTR24548463840014000"", ""iconCategory"": 8, ""magnitudeOfDelay"": 4, ""startTime"": ""2026-05-26T19:01:00Z"", ""endTime"": null, ""from"": ""Calle 8 / Calle Poniente 19"", ""to"": ""Calle 11 / Avenida Tepozanes"", ""length"": 129.1494423616, ""delay"": null, ""roadNumbers"": [], ""timeValidity"": ""present"", ""probabilityOfOccurrence"": ""probable"", ""numberOfReports"": null, ""lastReportTime"": null, ""events"": [{""code"": 401, ""description"": ""Cerrado"", ""iconCategory"": 8}]}"
tomtom,tomtom_cdmx_incidents,2026-07-02T04:34:19Z,2026-07-02,20260702T043415Z,2026-07-02T04:34:15.648889,TTI-0e6b35d1-b793-45b4-b4a5-22dc2fb82b8b-TTR24548463804013000,Feature,LineString,19.3885383448,-98.985684579,9,Road works,0,,125.8513577472,Calle Cerrada Tepozanes,Avenida Cama de Piedra / Calle Cama de Piedra,,present,probable,,2026-07-02T03:21:30Z,,,Obras | Nuevo trazado de carretera por obras,"701,810","{""type"": ""LineString"", ""coordinates"": [[-98.985903179, 19.3881319472], [-98.9858924502, 19.388152109], [-98.985684579, 19.3885383448], [-98.9853586906, 19.3891405071]]}","{""id"": ""TTI-0e6b35d1-b793-45b4-b4a5-22dc2fb82b8b-TTR24548463804013000"", ""iconCategory"": 9, ""magnitudeOfDelay"": 0, ""startTime"": ""2026-07-02T03:21:30Z"", ""endTime"": null, ""from"": ""Calle Cerrada Tepozanes"", ""to"": ""Avenida Cama de Piedra / Calle Cama de Piedra"", ""length"": 125.8513577472, ""delay"": null, ""roadNumbers"": [], ""timeValidity"": ""present"", ""probabilityOfOccurrence"": ""probable"", ""numberOfReports"": null, ""lastReportTime"": null, ""events"": [{""code"": 701, ""description"": ""Obras"", ""iconCategory"": 9}, {""code"": 810, ""description"": ""Nuevo trazado de carretera por obras"", ""iconCategory"": 9}]}"
tomtom,tomtom_cdmx_incidents,2026-07-02T04:34:19Z,2026-07-02,20260702T043415Z,2026-07-02T04:34:15.648908,TTI-0e6b35d1-b793-45b4-b4a5-22dc2fb82b8b-TTR24554234308013000,Feature,LineString,19.3587698068,-98.9849094206,8,Road closed,4,,106.965042683,Calle San Francisco,Calle Puebla,,present,probable,,2026-06-21T09:57:30Z,,,Cerrado,401,"{""type"": ""LineString"", ""coordinates"": [[-98.9850220734, 19.3582455054], [-98.984965747, 19.3585029906], [-98.9849094206, 19.3587698068], [-98.9848195666, 19.3591882978]]}","{""id"": ""TTI-0e6b35d1-b793-45b4-b4a5-22dc2fb82b8b-TTR24554234308013000"", ""iconCategory"": 8, ""magnitudeOfDelay"": 4, ""startTime"": ""2026-06-21T09:57:30Z"", ""endTime"": null, ""from"": ""Calle San Francisco"", ""to"": ""Calle Puebla"", ""length"": 106.965042683, ""delay"": null, ""roadNumbers"": [], ""timeValidity"": ""present"", ""probabilityOfOccurrence"": ""probable"", ""numberOfReports"": null, ""lastReportTime"": null, ""events"": [{""code"": 401, ""description"": ""Cerrado"", ""iconCategory"": 8}]}"
tomtom,tomtom_cdmx_incidents,2026-07-02T04:34:19Z,2026-07-02,20260702T043415Z,2026-07-02T04:34:15.648925,TTI-0e6b35d1-b793-45b4-b4a5-22dc2fb82b8b-TTR24554234452006000,Feature,LineString,19.3678880322,-98.9808780604,9,Road works,0,,36.9745626664,Calle Ixtapán,Calle Segunda Pino / Calle Pirul,,present,probable,,2026-07-01T10:19:00Z,,,Obras | Nuevo trazado de carretera por obras,"701,810","{""type"": ""LineString"", ""coordinates"": [[-98.9809545034, 19.3675634265], [-98.9808780604, 19.3678880322]]}","{""id"": ""TTI-0e6b35d1-b793-45b4-b4a5-22dc2fb82b8b-TTR24554234452006000"", ""iconCategory"": 9, ""magnitudeOfDelay"": 0, ""startTime"": ""2026-07-01T10:19:00Z"", ""endTime"": null, ""from"": ""Calle Ixtapán"", ""to"": ""Calle Segunda Pino / Calle Pirul"", ""length"": 36.9745626664, ""delay"": null, ""roadNumbers"": [], ""timeValidity"": ""present"", ""probabilityOfOccurrence"": ""probable"", ""numberOfReports"": null, ""lastReportTime"": null, ""events"": [{""code"": 701, ""description"": ""Obras"", ""iconCategory"": 9}, {""code"": 810, ""description"": ""Nuevo trazado de carretera por obras"", ""iconCategory"": 9}]}"
tomtom,tomtom_cdmx_incidents,2026-07-02T04:34:19Z,2026-07-02,20260702T043415Z,2026-07-02T04:34:15.648941,TTI-0e6b35d1-b793-45b4-b4a5-22dc2fb82b8b-TTR24554234496014000,Feature,LineString,19.3659702004,-98.9810054654,8,Road closed,4,,117.5202316192,Calle Pino / Calle Vicente Landa,Calle 2,,present,probable,,2026-05-23T03:40:30Z,,,Cerrado,401,"{""type"": ""LineString"", ""coordinates"": [[-98.9813005084, 19.3661056584], [-98.9812455231, 19.3660775072], [-98.9810054654, 19.3659702004], [-98.9807466322, 19.3658535624], [-98.9802919978, 19.36564567]]}","{""id"": ""TTI-0e6b35d1-b793-45b4-b4a5-22dc2fb82b8b-TTR24554234496014000"", ""iconCategory"": 8, ""magnitudeOfDelay"": 4, ""startTime"": ""2026-05-23T03:40:30Z"", ""endTime"": null, ""from"": ""Calle Pino / Calle Vicente Landa"", ""to"": ""Calle 2"", ""length"": 117.5202316192, ""delay"": null, ""roadNumbers"": [], ""timeValidity"": ""present"", ""probabilityOfOccurrence"": ""probable"", ""numberOfReports"": null, ""lastReportTime"": null, ""events"": [{""code"": 401, ""description"": ""Cerrado"", ""iconCategory"": 8}]}"
tomtom,tomtom_cdmx_incidents,2026-07-02T04:34:19Z,2026-07-02,20260702T043415Z,2026-07-02T04:34:15.648959,TTI-0e6b35d1-b793-45b4-b4a5-22dc2fb82b8b-TTR24554234568014000,Feature,LineString,19.3659702004,-98.9810054654,8,Road closed,4,,117.5202316192,Calle 2,Calle Pino / Calle Vicente Landa,,present,probable,,2026-05-22T22:53:00Z,,,Cerrado,401,"{""type"": ""LineString"", ""coordinates"": [[-98.9802919978, 19.36564567], [-98.9807466322, 19.3658535624], [-98.9810054654, 19.3659702004], [-98.9812455231, 19.3660775072], [-98.9813005084, 19.3661056584]]}","{""id"": ""TTI-0e6b35d1-b793-45b4-b4a5-22dc2fb82b8b-TTR24554234568014000"", ""iconCategory"": 8, ""magnitudeOfDelay"": 4, ""startTime"": ""2026-05-22T22:53:00Z"", ""endTime"": null, ""from"": ""Calle 2"", ""to"": ""Calle Pino / Calle Vicente Landa"", ""length"": 117.5202316192, ""delay"": null, ""roadNumbers"": [], ""timeValidity"": ""present"", ""probabilityOfOccurrence"": ""probable"", ""numberOfReports"": null, ""lastReportTime"": null, ""events"": [{""code"": 401, ""description"": ""Cerrado"", ""iconCategory"": 8}]}"
tomtom,tomtom_cdmx_incidents,2026-07-02T04:34:19Z,2026-07-02,20260702T043415Z,2026-07-02T04:34:15.648976,TTI-0e6b35d1-b793-45b4-b4a5-22dc2fb82b8b-TTR24554234532022000,Feature,LineString,19.365999775,-98.9806742126,8,Road closed,4,,162.8844814039,Calle Ixtapán,Calle Acambay,,present,probable,,2026-05-07T00:17:30Z,,,Cerrado,401,"{""type"": ""LineString"", ""coordinates"": [[-98.9800787622, 19.3671758758], [-98.9803027266, 19.3667158904], [-98.9806742126, 19.365999775], [-98.9807466322, 19.3658535624]]}","{""id"": ""TTI-0e6b35d1-b793-45b4-b4a5-22dc2fb82b8b-TTR24554234532022000"", ""iconCategory"": 8, ""magnitudeOfDelay"": 4, ""startTime"": ""2026-05-07T00:17:30Z"", ""endTime"": null, ""from"": ""Calle Ixtapán"", ""to"": ""Calle Acambay"", ""length"": 162.8844814039, ""delay"": null, ""roadNumbers"": [], ""timeValidity"": ""present"", ""probabilityOfOccurrence"": ""probable"", ""numberOfReports"": null, ""lastReportTime"": null, ""events"": [{""code"": 401, ""description"": ""Cerrado"", ""iconCategory"": 8}]}"
tomtom,tomtom_cdmx_incidents,2026-07-02T04:34:19Z,2026-07-02,20260702T043415Z,2026-07-02T04:34:15.648995,TTI-0e6b35d1-b793-45b4-b4a5-22dc2fb82b8b-TTR24554234496015000,Feature,LineString,19.3669841165,-98.9796455854,8,Road closed,4,,50.1954255673,Calle 1,Calle 2,,present,probable,,2026-05-20T01:40:00Z,,,Cerrado,401,"{""type"": ""LineString"", ""coordinates"": [[-98.9800787622, 19.3671758758], [-98.9796455854, 19.3669841165]]}","{""id"": ""TTI-0e6b35d1-b793-45b4-b4a5-22dc2fb82b8b-TTR24554234496015000"", ""iconCategory"": 8, ""magnitudeOfDelay"": 4, ""startTime"": ""2026-05-20T01:40:00Z"", ""endTime"": null, ""from"": ""Calle 1"", ""to"": ""Calle 2"", ""length"": 50.1954255673, ""delay"": null, ""roadNumbers"": [], ""timeValidity"": ""present"", ""probabilityOfOccurrence"": ""probable"", ""numberOfReports"": null, ""lastReportTime"": null, ""events"": [{""code"": 401, ""description"": ""Cerrado"", ""iconCategory"": 8}]}"
tomtom,tomtom_cdmx_incidents,2026-07-02T04:34:19Z,2026-07-02,20260702T043415Z,2026-07-02T04:34:15.649009,TTI-0e6b35d1-b793-45b4-b4a5-22dc2fb82b8b-TTR24554234412021000,Feature,LineString,19.3584197983,-98.9822111183,8,Road closed,4,,419.7680953431,Calle Simón Bolívar,Calle Mejoramiento Ambiental,,present,probable,,2026-07-01T20:51:30Z,,,Cerrado,401,"{""type"": ""LineString"", ""coordinates"": [[-98.9796455854, 19.3585392093], [-98.9811583513, 19.3584627388], [-98.9822111183, 19.3584197983], [-98.9836407357, 19.3583326519]]}","{""id"": ""TTI-0e6b35d1-b793-45b4-b4a5-22dc2fb82b8b-TTR24554234412021000"", ""iconCategory"": 8, ""magnitudeOfDelay"": 4, ""startTime"": ""2026-07-01T20:51:30Z"", ""endTime"": null, ""from"": ""Calle Simón Bolívar"", ""to"": ""Calle Mejoramiento Ambiental"", ""length"": 419.7680953431, ""delay"": null, ""roadNumbers"": [], ""timeValidity"": ""present"", ""probabilityOfOccurrence"": ""probable"", ""numberOfReports"": null, ""lastReportTime"": null, ""events"": [{""code"": 401, ""description"": ""Cerrado"", ""iconCategory"": 8}]}"
tomtom,tomtom_cdmx_incidents,2026-07-02T04:34:19Z,2026-07-02,20260702T043415Z,2026-07-02T04:34:15.649026,TTI-0e6b35d1-b793-45b4-b4a5-22dc2fb82b8b-TTR24554234456046000,Feature,LineString,19.365999775,-98.9806742126,8,Road closed,4,,490.8098464676,Calle Pino,Calle Tenancingo,,present,probable,,2026-05-01T19:23:30Z,,,Cerrado,401,"{""type"": ""LineString"", ""coordinates"": [[-98.9813890213, 19.3645191395], [-98.9812012666, 19.3649013985], [-98.9810228997, 19.3652902989], [-98.9807466322, 19.3658535624], [-98.9806742126, 19.365999775], [-98.9803027266, 19.3667158904], [-98.9800787622, 19.3671758758], [-98.9796133989, 19.3681360922], [-98.9794283265, 19.3685264083]]}","{""id"": ""TTI-0e6b35d1-b793-45b4-b4a5-22dc2fb82b8b-TTR24554234456046000"", ""iconCategory"": 8, ""magnitudeOfDelay"": 4, ""startTime"": ""2026-05-01T19:23:30Z"", ""endTime"": null, ""from"": ""Calle Pino"", ""to"": ""Calle Tenancingo"", ""length"": 490.8098464676, ""delay"": null, ""roadNumbers"": [], ""timeValidity"": ""present"", ""probabilityOfOccurrence"": ""probable"", ""numberOfReports"": null, ""lastReportTime"": null, ""events"": [{""code"": 401, ""description"": ""Cerrado"", ""iconCategory"": 8}]}"
tomtom,tomtom_cdmx_incidents,2026-07-02T04:34:19Z,2026-07-02,20260702T043415Z,2026-07-02T04:34:15.649047,TTI-0e6b35d1-b793-45b4-b4a5-22dc2fb82b8b-TTR24554234568015000,Feature,LineString,19.3669841165,-98.9796455854,8,Road closed,4,,104.2098905728,Calle 3,Calle 1,,present,probable,,2026-05-28T15:13:00Z,,,Cerrado,401,"{""type"": ""LineString"", ""coordinates"": [[-98.9791802221, 19.3667762255], [-98.9796455854, 19.3669841165], [-98.9800787622, 19.3671758758]]}","{""id"": ""TTI-0e6b35d1-b793-45b4-b4a5-22dc2fb82b8b-TTR24554234568015000"", ""iconCategory"": 8, ""magnitudeOfDelay"": 4, ""startTime"": ""2026-05-28T15:13:00Z"", ""endTime"": null, ""from"": ""Calle 3"", ""to"": ""Calle 1"", ""length"": 104.2098905728, ""delay"": null, ""roadNumbers"": [], ""timeValidity"": ""present"", ""probabilityOfOccurrence"": ""probable"", ""numberOfReports"": null, ""lastReportTime"": null, ""events"": [{""code"": 401, ""description"": ""Cerrado"", ""iconCategory"": 8}]}"
tomtom,tomtom_cdmx_incidents,2026-07-02T04:34:19Z,2026-07-02,20260702T043415Z,2026-07-02T04:34:15.649062,TTI-0e6b35d1-b793-45b4-b4a5-22dc2fb82b8b-TTR24554234480030001,Feature,LineString,19.3705876509,-98.9775896722,8,Road closed,4,,320.3534012279,Calle Oriente 18,Calle Sur 2,,present,probable,,2026-04-08T15:21:30Z,,,Cerrado,401,"{""type"": ""LineString"", ""coordinates"": [[-98.9791091436, 19.3702416214], [-98.9787993485, 19.3703127093], [-98.9785592908, 19.3703664009], [-98.9784761423, 19.3703864858], [-98.9784399325, 19.3703945513], [-98.9782964343, 19.3704280789], [-98.9782588833, 19.3704361445], [-98.9780805164, 19.3704763142], [-98.9779799336, 19.3704991667], [-98.9779370183, 19.3705084975], [-98.977831071, 19.3705326942], [-98.9775896722, 19.3705876509], [-98.9774622673, 19.3706171456], [-98.9773885065, 19.3706332767], [-98.9773643666, 19.3706386538], [-98.9773415679, 19.3706439518], [-98.9771055335, 19.3707030202], [-98.9770773703, 19.3707096625], [-98.9770237261, 19.3707231051], [-98.9768748635, 19.3707606653], [-98.976406818, 19.3708759555], [-98.9762820953, 19.3709068735], [-98.9761466437, 19.3709404009]]}","{""id"": ""TTI-0e6b35d1-b793-45b4-b4a5-22dc2fb82b8b-TTR24554234480030001"", ""iconCategory"": 8, ""magnitudeOfDelay"": 4, ""startTime"": ""2026-04-08T15:21:30Z"", ""endTime"": null, ""from"": ""Calle Oriente 18"", ""to"": ""Calle Sur 2"", ""length"": 320.3534012279, ""delay"": null, ""roadNumbers"": [], ""timeValidity"": ""present"", ""probabilityOfOccurrence"": ""probable"", ""numberOfReports"": null, ""lastReportTime"": null, ""events"": [{""code"": 401, ""description"": ""Cerrado"", ""iconCategory"": 8}]}"
tomtom,tomtom_cdmx_incidents,2026-07-02T04:34:19Z,2026-07-02,20260702T043415Z,2026-07-02T04:34:15.649094,TTI-0e6b35d1-b793-45b4-b4a5-22dc2fb82b8b-TTR24554234492006000,Feature,LineString,19.3709497317,-98.9761667603,8,Road closed,4,,45.0998147245,Calle Oriente 23,Calle Oriente 24 / Calle 5,,present,probable,,2026-04-09T15:20:00Z,,,Cerrado,401,"{""type"": ""LineString"", ""coordinates"": [[-98.9764255935, 19.3710731663], [-98.9762995297, 19.3710127537], [-98.976188218, 19.3709604857], [-98.9761667603, 19.3709497317], [-98.9761466437, 19.3709404009], [-98.9760326499, 19.370967207]]}","{""id"": ""TTI-0e6b35d1-b793-45b4-b4a5-22dc2fb82b8b-TTR24554234492006000"", ""iconCategory"": 8, ""magnitudeOfDelay"": 4, ""startTime"": ""2026-04-09T15:20:00Z"", ""endTime"": null, ""from"": ""Calle Oriente 23"", ""to"": ""Calle Oriente 24 / Calle 5"", ""length"": 45.0998147245, ""delay"": null, ""roadNumbers"": [], ""timeValidity"": ""present"", ""probabilityOfOccurrence"": ""probable"", ""numberOfReports"": null, ""lastReportTime"": null, ""events"": [{""code"": 401, ""description"": ""Cerrado"", ""iconCategory"": 8}]}"
tomtom,tomtom_cdmx_incidents,2026-07-02T04:34:19Z,2026-07-02,20260702T043415Z,2026-07-02T04:34:15.649113,TTI-0e6b35d1-b793-45b4-b4a5-22dc2fb82b8b-TTR24554234496006000,Feature,LineString,19.3717503551,-98.9742275232,8,Road closed,4,,42.8040274275,Calle Oriente 27,Calle Oriente 28,,present,probable,,2026-06-10T00:08:30Z,,,Cerrado,401,"{""type"": ""LineString"", ""coordinates"": [[-98.9742677563, 19.3717705189], [-98.9742369109, 19.3717543879], [-98.9742275232, 19.3717503551], [-98.9739123636, 19.3715814536]]}","{""id"": ""TTI-0e6b35d1-b793-45b4-b4a5-22dc2fb82b8b-TTR24554234496006000"", ""iconCategory"": 8, ""magnitudeOfDelay"": 4, ""startTime"": ""2026-06-10T00:08:30Z"", ""endTime"": null, ""from"": ""Calle Oriente 27"", ""to"": ""Calle Oriente 28"", ""length"": 42.8040274275, ""delay"": null, ""roadNumbers"": [], ""timeValidity"": ""present"", ""probabilityOfOccurrence"": ""probable"", ""numberOfReports"": null, ""lastReportTime"": null, ""events"": [{""code"": 401, ""description"": ""Cerrado"", ""iconCategory"": 8}]}"
tomtom,tomtom_cdmx_incidents,2026-07-02T04:34:19Z,2026-07-02,20260702T043415Z,2026-07-02T04:34:15.649129,TTI-0e6b35d1-b793-45b4-b4a5-22dc2fb82b8b-TTR24554234568006000,Feature,LineString,19.3717543879,-98.9742369109,8,Road closed,4,,42.8040274275,Calle Oriente 28,Calle Oriente 27,,present,probable,,2026-06-29T02:25:30Z,,,Cerrado,401,"{""type"": ""LineString"", ""coordinates"": [[-98.9739123636, 19.3715814536], [-98.9742275232, 19.3717503551], [-98.9742369109, 19.3717543879], [-98.9742677563, 19.3717705189]]}","{""id"": ""TTI-0e6b35d1-b793-45b4-b4a5-22dc2fb82b8b-TTR24554234568006000"", ""iconCategory"": 8, ""magnitudeOfDelay"": 4, ""startTime"": ""2026-06-29T02:25:30Z"", ""endTime"": null, ""from"": ""Calle Oriente 28"", ""to"": ""Calle Oriente 27"", ""length"": 42.8040274275, ""delay"": null, ""roadNumbers"": [], ""timeValidity"": ""present"", ""probabilityOfOccurrence"": ""probable"", ""numberOfReports"": null, ""lastReportTime"": null, ""events"": [{""code"": 401, ""description"": ""Cerrado"", ""iconCategory"": 8}]}"
tomtom,tomtom_cdmx_incidents,2026-07-02T04:34:19Z,2026-07-02,20260702T043415Z,2026-07-02T04:34:15.649146,TTI-0e6b35d1-b793-45b4-b4a5-22dc2fb82b8b-TTR24554234456014000,Feature,LineString,19.371334664,-98.9735462421,8,Road closed,4,,82.4965889284,Calle Atlacomulco,Avenida Pantitlán / Calle Oriente 29,,present,probable,,2026-06-03T23:10:30Z,,,Cerrado,401,"{""type"": ""LineString"", ""coordinates"": [[-98.9737567955, 19.3708907424], [-98.9735797697, 19.3712568552], [-98.9735462421, 19.371334664], [-98.9735100323, 19.3714204592], [-98.9734537059, 19.3715747323]]}","{""id"": ""TTI-0e6b35d1-b793-45b4-b4a5-22dc2fb82b8b-TTR24554234456014000"", ""iconCategory"": 8, ""magnitudeOfDelay"": 4, ""startTime"": ""2026-06-03T23:10:30Z"", ""endTime"": null, ""from"": ""Calle Atlacomulco"", ""to"": ""Avenida Pantitlán / Calle Oriente 29"", ""length"": 82.4965889284, ""delay"": null, ""roadNumbers"": [], ""timeValidity"": ""present"", ""probabilityOfOccurrence"": ""probable"", ""numberOfReports"": null, ""lastReportTime"": null, ""events"": [{""code"": 401, ""description"": ""Cerrado"", ""iconCategory"": 8}]}"
tomtom,tomtom_cdmx_incidents,2026-07-02T04:34:19Z,2026-07-02,20260702T043415Z,2026-07-02T04:34:15.649166,TTI-0e6b35d1-b793-45b4-b4a5-22dc2fb82b8b-TTR24554234552062000,Feature,LineString,19.3710167865,-98.9758274609,8,Road closed,4,,668.363475552,Avenida Pantitlán / Calle de los Reyes,Calle Oriente 18,,present,probable,,2026-04-08T14:10:00Z,,,Cerrado,401,"{""type"": ""LineString"", ""coordinates"": [[-98.9729266518, 19.3716927104], [-98.973185485, 19.3716364098], [-98.9732042605, 19.3716323771], [-98.973441636, 19.3715774208], [-98.9734537059, 19.3715747323], [-98.9737661832, 19.3715036449], [-98.9737782532, 19.3714996121], [-98.9740384275, 19.3714392788], [-98.9741148704, 19.3714218035], [-98.9741846078, 19.3714044072], [-98.9742597097, 19.3713882761], [-98.974289214, 19.3713815548], [-98.9743629747, 19.3713641586], [-98.9744997674, 19.3713319755], [-98.9745225662, 19.3713265985], [-98.9746714288, 19.3712917269], [-98.9748162681, 19.3712581995], [-98.9748632067, 19.3712461012], [-98.9749195331, 19.3712340819], [-98.9749342853, 19.3712313934], [-98.9749919528, 19.3712166066], [-98.9751032644, 19.3711911448], [-98.9754345172, 19.3711133359], [-98.9754720682, 19.3711040052], [-98.9755002314, 19.3710972839], [-98.9755190068, 19.3710919069], [-98.975713467, 19.3710449369], [-98.9758274609, 19.3710167865], [-98.9758864695, 19.371003423], [-98.975932067, 19.3709913246], [-98.9760326499, 19.370967207], [-98.9761466437, 19.3709404009], [-98.9762820953, 19.3709068735], [-98.976406818, 19.3708759555], [-98.9768748635, 19.3707606653], [-98.9770237261, 19.3707231051], [-98.9770773703, 19.3707096625], [-98.9771055335, 19.3707030202], [-98.9773415679, 19.3706439518], [-98.9773643666, 19.3706386538], [-98.9773885065, 19.3706332767], [-98.9774622673, 19.3706171456], [-98.9775896722, 19.3705876509], [-98.977831071, 19.3705326942], [-98.9779370183, 19.3705084975], [-98.9779799336, 19.3704991667], [-98.9780805164, 19.3704763142], [-98.9782588833, 19.3704361445], [-98.9782964343, 19.3704280789], [-98.9784399325, 19.3703945513], [-98.9784761423, 19.3703864858], [-98.9785592908, 19.3703664009], [-98.9787993485, 19.3703127093], [-98.9791091436, 19.3702416214]]}","{""id"": ""TTI-0e6b35d1-b793-45b4-b4a5-22dc2fb82b8b-TTR24554234552062000"", ""iconCategory"": 8, ""magnitudeOfDelay"": 4, ""startTime"": ""2026-04-08T14:10:00Z"", ""endTime"": null, ""from"": ""Avenida Pantitlán / Calle de los Reyes"", ""to"": ""Calle Oriente 18"", ""length"": 668.363475552, ""delay"": null, ""roadNumbers"": [], ""timeValidity"": ""present"", ""probabilityOfOccurrence"": ""probable"", ""numberOfReports"": null, ""lastReportTime"": null, ""events"": [{""code"": 401, ""description"": ""Cerrado"", ""iconCategory"": 8}]}"
tomtom,tomtom_cdmx_incidents,2026-07-02T04:34:19Z,2026-07-02,20260702T043415Z,2026-07-02T04:34:15.649225,TTI-0e6b35d1-b793-45b4-b4a5-22dc2fb82b8b-TTR24554234480030000,Feature,LineString,19.3712917269,-98.9746714288,8,Road closed,4,,335.6861891006,Calle Oriente 24 / Calle 5,Avenida Pantitlán / Calle de los Reyes,,present,probable,,2026-04-09T15:58:30Z,,,Cerrado | Obras,"401,701","{""type"": ""LineString"", ""coordinates"": [[-98.9760326499, 19.370967207], [-98.975932067, 19.3709913246], [-98.9758864695, 19.371003423], [-98.9758274609, 19.3710167865], [-98.975713467, 19.3710449369], [-98.9755190068, 19.3710919069], [-98.9755002314, 19.3710972839], [-98.9754720682, 19.3711040052], [-98.9754345172, 19.3711133359], [-98.9751032644, 19.3711911448], [-98.9749919528, 19.3712166066], [-98.9749342853, 19.3712313934], [-98.9749195331, 19.3712340819], [-98.9748632067, 19.3712461012], [-98.9748162681, 19.3712581995], [-98.9746714288, 19.3712917269], [-98.9745225662, 19.3713265985], [-98.9744997674, 19.3713319755], [-98.9743629747, 19.3713641586], [-98.974289214, 19.3713815548], [-98.9742597097, 19.3713882761], [-98.9741846078, 19.3714044072], [-98.9741148704, 19.3714218035], [-98.9740384275, 19.3714392788], [-98.9737782532, 19.3714996121], [-98.9737661832, 19.3715036449], [-98.9734537059, 19.3715747323], [-98.973441636, 19.3715774208], [-98.9732042605, 19.3716323771], [-98.973185485, 19.3716364098], [-98.9729266518, 19.3716927104]]}","{""id"": ""TTI-0e6b35d1-b793-45b4-b4a5-22dc2fb82b8b-TTR24554234480030000"", ""iconCategory"": 8, ""magnitudeOfDelay"": 4, ""startTime"": ""2026-04-09T15:58:30Z"", ""endTime"": null, ""from"": ""Calle Oriente 24 / Calle 5"", ""to"": ""Avenida Pantitlán / Calle de los Reyes"", ""length"": 335.6861891006, ""delay"": null, ""roadNumbers"": [], ""timeValidity"": ""present"", ""probabilityOfOccurrence"": ""probable"", ""numberOfReports"": null, ""lastReportTime"": null, ""events"": [{""code"": 401, ""description"": ""Cerrado"", ""iconCategory"": 8}, {""code"": 701, ""description"": ""Obras"", ""iconCategory"": 9}]}"
tomtom,tomtom_cdmx_incidents,2026-07-02T04:34:19Z,2026-07-02,20260702T043415Z,2026-07-02T04:34:15.649266,TTI-0e6b35d1-b793-45b4-b4a5-22dc2fb82b8b-TTR24554234528030000,Feature,LineString,19.3716994316,-98.9734054261,8,Road closed,4,,254.2988141108,Avenida Pantitlán,Calle Atlacomulco,,present,probable,,2026-06-03T21:53:00Z,,,Cerrado,401,"{""type"": ""LineString"", ""coordinates"": [[-98.9727523082, 19.3729694302], [-98.9728622788, 19.3727642353], [-98.9731586629, 19.3721956187], [-98.973275339, 19.3719904228], [-98.9732914322, 19.3719568956], [-98.9733088666, 19.3719220241], [-98.9734054261, 19.3716994316], [-98.9734228605, 19.3716538061], [-98.9734537059, 19.3715747323], [-98.9735100323, 19.3714204592], [-98.9735462421, 19.371334664], [-98.9735797697, 19.3712568552], [-98.9737567955, 19.3708907424]]}","{""id"": ""TTI-0e6b35d1-b793-45b4-b4a5-22dc2fb82b8b-TTR24554234528030000"", ""iconCategory"": 8, ""magnitudeOfDelay"": 4, ""startTime"": ""2026-06-03T21:53:00Z"", ""endTime"": null, ""from"": ""Avenida Pantitlán"", ""to"": ""Calle Atlacomulco"", ""length"": 254.2988141108, ""delay"": null, ""roadNumbers"": [], ""timeValidity"": ""present"", ""probabilityOfOccurrence"": ""probable"", ""numberOfReports"": null, ""lastReportTime"": null, ""events"": [{""code"": 401, ""description"": ""Cerrado"", ""iconCategory"": 8}]}"
tomtom,tomtom_cdmx_incidents,2026-07-02T04:34:19Z,2026-07-02,20260702T043415Z,2026-07-02T04:34:15.649290,TTI-0e6b35d1-b793-45b4-b4a5-22dc2fb82b8b-TTR24554234480006001,Feature,LineString,19.3717503551,-98.9726584309,9,Road works,0,,28.8571983505,Calle Oriente 30,Avenida Pantitlán / Calle de los Reyes,,present,probable,,2026-06-29T04:01:00Z,,,Obras | Nuevo trazado de carretera por obras,"701,810","{""type"": ""LineString"", ""coordinates"": [[-98.9729266518, 19.3716927104], [-98.9726584309, 19.3717503551]]}","{""id"": ""TTI-0e6b35d1-b793-45b4-b4a5-22dc2fb82b8b-TTR24554234480006001"", ""iconCategory"": 9, ""magnitudeOfDelay"": 0, ""startTime"": ""2026-06-29T04:01:00Z"", ""endTime"": null, ""from"": ""Calle Oriente 30"", ""to"": ""Avenida Pantitlán / Calle de los Reyes"", ""length"": 28.8571983505, ""delay"": null, ""roadNumbers"": [], ""timeValidity"": ""present"", ""probabilityOfOccurrence"": ""probable"", ""numberOfReports"": null, ""lastReportTime"": null, ""events"": [{""code"": 701, ""description"": ""Obras"", ""iconCategory"": 9}, {""code"": 810, ""description"": ""Nuevo trazado de carretera por obras"", ""iconCategory"": 9}]}"
tomtom,tomtom_cdmx_incidents,2026-07-02T04:34:19Z,2026-07-02,20260702T043415Z,2026-07-02T04:34:15.649307,TTI-0e6b35d1-b793-45b4-b4a5-22dc2fb82b8b-TTR24562890412041001,Feature,LineString,19.3315467681,-98.9676990264,9,Road works,0,,457.0523991108,Eje 10 S/Calle Diez Sur Santa Catarina/Tlaltenco a la Mexico-Puebla (MEX-190D/Autopista México Puebla/MEX-150D),Eje 6 S/Avenida de las Torres (MEX-190D/Autopista México Puebla/MEX-150D),MEX-150D,present,probable,,2026-04-25T16:09:00Z,,,Obras | Nuevo trazado de carretera por obras,"701,810","{""type"": ""LineString"", ""coordinates"": [[-98.9656377488, 19.3298194422], [-98.9658764654, 19.3300178891], [-98.9665738398, 19.3305959067], [-98.9666087085, 19.3306254086], [-98.9668031686, 19.3307890533], [-98.9669882411, 19.3309473195], [-98.9676990264, 19.3315467681], [-98.9680946523, 19.3318820439], [-98.9683186167, 19.3320724998], [-98.9684647971, 19.3321958848], [-98.9687598401, 19.3324466091], [-98.9688885861, 19.3325552826]]}","{""id"": ""TTI-0e6b35d1-b793-45b4-b4a5-22dc2fb82b8b-TTR24562890412041001"", ""iconCategory"": 9, ""magnitudeOfDelay"": 0, ""startTime"": ""2026-04-25T16:09:00Z"", ""endTime"": null, ""from"": ""Eje 10 S/Calle Diez Sur Santa Catarina/Tlaltenco a la Mexico-Puebla (MEX-190D/Autopista México Puebla/MEX-150D)"", ""to"": ""Eje 6 S/Avenida de las Torres (MEX-190D/Autopista México Puebla/MEX-150D)"", ""length"": 457.0523991108, ""delay"": null, ""roadNumbers"": [""MEX-150D""], ""timeValidity"": ""present"", ""probabilityOfOccurrence"": ""probable"", ""numberOfReports"": null, ""lastReportTime"": null, ""events"": [{""code"": 701, ""description"": ""Obras"", ""iconCategory"": 9}, {""code"": 810, ""description"": ""Nuevo trazado de carretera por obras"", ""iconCategory"": 9}]}"
tomtom,tomtom_cdmx_incidents,2026-07-02T04:34:19Z,2026-07-02,20260702T043415Z,2026-07-02T04:34:15.649333,TTI-0e6b35d1-b793-45b4-b4a5-22dc2fb82b8b-TTR24583086656022000,Feature,LineString,19.2077963158,-98.9602733308,8,Road closed,4,,111.4789949096,Calle Josefa Ortiz de Domínguez,Avenida Benito Juárez / Calle Reforma Colón,,present,probable,,2026-06-24T14:59:30Z,,,Cerrado,401,"{""type"": ""LineString"", ""coordinates"": [[-98.9599984044, 19.208668025], [-98.9602733308, 19.2077963158], [-98.9602988118, 19.2077064771]]}","{""id"": ""TTI-0e6b35d1-b793-45b4-b4a5-22dc2fb82b8b-TTR24583086656022000"", ""iconCategory"": 8, ""magnitudeOfDelay"": 4, ""startTime"": ""2026-06-24T14:59:30Z"", ""endTime"": null, ""from"": ""Calle Josefa Ortiz de Domínguez"", ""to"": ""Avenida Benito Juárez / Calle Reforma Colón"", ""length"": 111.4789949096, ""delay"": null, ""roadNumbers"": [], ""timeValidity"": ""present"", ""probabilityOfOccurrence"": ""probable"", ""numberOfReports"": null, ""lastReportTime"": null, ""events"": [{""code"": 401, ""description"": ""Cerrado"", ""iconCategory"": 8}]}"
tomtom,tomtom_cdmx_incidents,2026-07-02T04:34:19Z,2026-07-02,20260702T043415Z,2026-07-02T04:34:15.649349,TTI-0e6b35d1-b793-45b4-b4a5-22dc2fb82b8b-TTR24574431208013000,Feature,LineString,19.2747322287,-98.9557779485,8,Road closed,4,,133.8048500672,Calle Poniente 16,Calle Poniente 14,,present,probable,,2026-07-01T23:31:30Z,,,Cerrado,401,"{""type"": ""LineString"", ""coordinates"": [[-98.9564377719, 19.2747925978], [-98.9557779485, 19.2747322287], [-98.9551744515, 19.2746369673]]}","{""id"": ""TTI-0e6b35d1-b793-45b4-b4a5-22dc2fb82b8b-TTR24574431208013000"", ""iconCategory"": 8, ""magnitudeOfDelay"": 4, ""startTime"": ""2026-07-01T23:31:30Z"", ""endTime"": null, ""from"": ""Calle Poniente 16"", ""to"": ""Calle Poniente 14"", ""length"": 133.8048500672, ""delay"": null, ""roadNumbers"": [], ""timeValidity"": ""present"", ""probabilityOfOccurrence"": ""probable"", ""numberOfReports"": null, ""lastReportTime"": null, ""events"": [{""code"": 401, ""description"": ""Cerrado"", ""iconCategory"": 8}]}"
tomtom,tomtom_cdmx_incidents,2026-07-02T04:34:19Z,2026-07-02,20260702T043415Z,2026-07-02T04:34:15.649365,TTI-0e6b35d1-b793-45b4-b4a5-22dc2fb82b8b-TTR24574431280013000,Feature,LineString,19.2747925978,-98.9564377719,8,Road closed,4,,193.9194607903,Calle Poniente 14,Calle Poniente 18,,present,probable,,2026-07-01T23:28:00Z,,,Cerrado,401,"{""type"": ""LineString"", ""coordinates"": [[-98.9551744515, 19.2746369673], [-98.9557779485, 19.2747322287], [-98.9564377719, 19.2747925978], [-98.9570010358, 19.27489047]]}","{""id"": ""TTI-0e6b35d1-b793-45b4-b4a5-22dc2fb82b8b-TTR24574431280013000"", ""iconCategory"": 8, ""magnitudeOfDelay"": 4, ""startTime"": ""2026-07-01T23:28:00Z"", ""endTime"": null, ""from"": ""Calle Poniente 14"", ""to"": ""Calle Poniente 18"", ""length"": 193.9194607903, ""delay"": null, ""roadNumbers"": [], ""timeValidity"": ""present"", ""probabilityOfOccurrence"": ""probable"", ""numberOfReports"": null, ""lastReportTime"": null, ""events"": [{""code"": 401, ""description"": ""Cerrado"", ""iconCategory"": 8}]}"
tomtom,tomtom_cdmx_incidents,2026-07-02T04:34:19Z,2026-07-02,20260702T043415Z,2026-07-02T04:34:15.649381,TTI-0e6b35d1-b793-45b4-b4a5-22dc2fb82b8b-TTR24574431496022000,Feature,LineString,19.28663052,-98.9525351578,8,Road closed,4,,200.8934364549,Calle Poniente 15,Avenida Cuauhtémoc,,present,probable,,2026-06-28T15:30:00Z,,,Cerrado,401,"{""type"": ""LineString"", ""coordinates"": [[-98.9536509567, 19.2867498253], [-98.9528449529, 19.2866546501], [-98.9525351578, 19.28663052], [-98.9517573172, 19.2864950752]]}","{""id"": ""TTI-0e6b35d1-b793-45b4-b4a5-22dc2fb82b8b-TTR24574431496022000"", ""iconCategory"": 8, ""magnitudeOfDelay"": 4, ""startTime"": ""2026-06-28T15:30:00Z"", ""endTime"": null, ""from"": ""Calle Poniente 15"", ""to"": ""Avenida Cuauhtémoc"", ""length"": 200.8934364549, ""delay"": null, ""roadNumbers"": [], ""timeValidity"": ""present"", ""probabilityOfOccurrence"": ""probable"", ""numberOfReports"": null, ""lastReportTime"": null, ""events"": [{""code"": 401, ""description"": ""Cerrado"", ""iconCategory"": 8}]}"
tomtom,tomtom_cdmx_incidents,2026-07-02T04:34:19Z,2026-07-02,20260702T043415Z,2026-07-02T04:34:15.649398,TTI-0e6b35d1-b793-45b4-b4a5-22dc2fb82b8b-TTR24580202188030000,Feature,LineString,19.2703266502,-98.9452301615,8,Road closed,4,,160.4517095394,Calle Sur 19,Avenida Cuitláhuac,,present,probable,,2026-06-27T13:02:00Z,,,Cerrado,401,"{""type"": ""LineString"", ""coordinates"": [[-98.9449445063, 19.2717442085], [-98.9452301615, 19.2703266502]]}","{""id"": ""TTI-0e6b35d1-b793-45b4-b4a5-22dc2fb82b8b-TTR24580202188030000"", ""iconCategory"": 8, ""magnitudeOfDelay"": 4, ""startTime"": ""2026-06-27T13:02:00Z"", ""endTime"": null, ""from"": ""Calle Sur 19"", ""to"": ""Avenida Cuitláhuac"", ""length"": 160.4517095394, ""delay"": null, ""roadNumbers"": [], ""timeValidity"": ""present"", ""probabilityOfOccurrence"": ""probable"", ""numberOfReports"": null, ""lastReportTime"": null, ""events"": [{""code"": 401, ""description"": ""Cerrado"", ""iconCategory"": 8}]}"
tomtom,tomtom_cdmx_incidents,2026-07-02T04:34:19Z,2026-07-02,20260702T043415Z,2026-07-02T04:34:15.649414,TTI-0e6b35d1-b793-45b4-b4a5-22dc2fb82b8b-TTR24574431784014000,Feature,LineString,19.3091798111,-98.940552389,8,Road closed,4,,81.8560528316,Lateral México-Puebla,Calle Ignacio Zaragoza,,present,probable,,2025-10-15T00:56:30Z,,,Cerrado,401,"{""type"": ""LineString"", ""coordinates"": [[-98.9408662075, 19.3092093169], [-98.9407119804, 19.3091946035], [-98.940552389, 19.3091798111], [-98.9400910491, 19.3091275233]]}","{""id"": ""TTI-0e6b35d1-b793-45b4-b4a5-22dc2fb82b8b-TTR24574431784014000"", ""iconCategory"": 8, ""magnitudeOfDelay"": 4, ""startTime"": ""2025-10-15T00:56:30Z"", ""endTime"": null, ""from"": ""Lateral México-Puebla"", ""to"": ""Calle Ignacio Zaragoza"", ""length"": 81.8560528316, ""delay"": null, ""roadNumbers"": [], ""timeValidity"": ""present"", ""probabilityOfOccurrence"": ""probable"", ""numberOfReports"": null, ""lastReportTime"": null, ""events"": [{""code"": 401, ""description"": ""Cerrado"", ""iconCategory"": 8}]}"
