_source_system,_source_table,_extracted_at_utc,_snapshot_date,_snapshot_id,entity_id,trip_id,route_id,direction_id,start_time,start_date,vehicle_id,vehicle_label,license_plate,latitude,longitude,bearing,speed_mps,speed_kmh,current_stop_sequence,stop_id,current_status,timestamp_raw,timestamp_cdmx,congestion_level,occupancy_status,route_short_name,route_long_name,route_desc,route_type,route_color,route_text_color,stop_name,stop_lat,stop_lon,zone_id,location_type,parent_station
metrobus,metrobus_vehicle_positions_enriched,2026-09-22T04:51:14Z,2026-09-22,20260922T045111Z,44684f41-80a2-4c2b-8952-2efbdd506062,,19470,0.0,04:30:39,20260922,69379,2306,1240002,19.474855422973633,-99.08860778808594,218.0,20.0,72.0,,,,1790052659,2026-09-21 22:50:59-06:00,,,6,L06g01-1 villa de aragón - el rosario,,3,E44599,FFFFFF,,,,,,
metrobus,metrobus_vehicle_positions_enriched,2026-09-22T04:51:14Z,2026-09-22,20260922T045111Z,f369ce57-2d2b-4771-aa47-8490635e5752,,,,,,69378,2305,1240001,19.402097702026367,-99.1867904663086,152.0,0.0,0.0,,,,1790052653,2026-09-21 22:50:53-06:00,,,,,,,,,,,,,,
metrobus,metrobus_vehicle_positions_enriched,2026-09-22T04:51:14Z,2026-09-22,20260922T045111Z,37d6ce68-2521-4a9f-bace-6c6d08ab3319,,,,,,69377,2304,1230200,19.477954864501953,-99.06390380859375,684.0,0.0,0.0,,,,1790051935,2026-09-21 22:38:55-06:00,,,,,,,,,,,,,,
metrobus,metrobus_vehicle_positions_enriched,2026-09-22T04:51:14Z,2026-09-22,20260922T045111Z,5de8b24a-629c-4303-829c-2c621e576b00,,19563,0.0,04:32:58,20260922,69376,2303,1230199,19.389127731323242,-99.08317565917969,305.0,0.0,0.0,,,,1790052647,2026-09-21 22:50:47-06:00,,,2,L02c01-1 tepalcates - tacubaya,,3,8D1A96,FFFFFF,,,,,,
metrobus,metrobus_vehicle_positions_enriched,2026-09-22T04:51:14Z,2026-09-22,20260922T045111Z,03f00b4c-0367-47bc-8897-e169461c935d,,19562,1.0,04:32:54,20260922,69375,2302,1230198,19.39556121826172,-99.15162658691406,947.0,0.0,0.0,,,,1790052643,2026-09-21 22:50:43-06:00,,,2,L02c01-2 tacubaya - tepalcates,,3,8D1A96,FFFFFF,,,,,,
metrobus,metrobus_vehicle_positions_enriched,2026-09-22T04:51:14Z,2026-09-22,20260922T045111Z,7921b1b5-c72a-429b-96f8-114b721df2de,,20015,1.0,03:51:15,20260922,70014,1210,001A196,19.397239685058594,-99.05828857421875,760.0,0.0,0.0,,,,1790052648,2026-09-21 22:50:48-06:00,,,1,L01a21-2 col. del valle - tepalcates,,3,D40D0D,FFFFFF,,,,,,
metrobus,metrobus_vehicle_positions_enriched,2026-09-22T04:51:14Z,2026-09-22,20260922T045111Z,18f55e65-5e70-4fa3-a466-30a67438bbc1,,19471,1.0,04:43:24,20260922,69382,2309,1240005,19.50389862060547,-99.18350982666016,996.0,6.0,21.6,,,,1790052656,2026-09-21 22:50:56-06:00,,,6,L06g01-2 el rosario - villa de aragón,,3,E44599,FFFFFF,,,,,,
metrobus,metrobus_vehicle_positions_enriched,2026-09-22T04:51:14Z,2026-09-22,20260922T045111Z,d35449a7-aafc-44d0-bdda-734ad6e606e8,,,,,,69381,2308,1240004,19.477935791015625,-99.06375122070312,649.0,0.0,0.0,,,,1790030782,2026-09-21 16:46:22-06:00,,,,,,,,,,,,,,
metrobus,metrobus_vehicle_positions_enriched,2026-09-22T04:51:14Z,2026-09-22,20260922T045111Z,b01b1b2a-133d-42bf-b915-0c8130bbd1b3,,19473,0.0,02:23:57,20260922,69380,2307,1240003,19.4780330657959,-99.06385803222656,676.0,0.0,0.0,,,,1790044982,2026-09-21 20:43:02-06:00,,,6,L06g02-1 villa de aragón - ipn,,3,E44599,FFFFFF,,,,,,
metrobus,metrobus_vehicle_positions_enriched,2026-09-22T04:51:14Z,2026-09-22,20260922T045111Z,7c6e04b2-3fa2-465a-9607-6db2bdf0f978,,,,,,69393,2320,1230174,19.389131546020508,-99.05790710449219,0.0,0.0,0.0,,,,1790052655,2026-09-21 22:50:55-06:00,,,,,,,,,,,,,,
metrobus,metrobus_vehicle_positions_enriched,2026-09-22T04:51:14Z,2026-09-22,20260922T045111Z,fc119e06-a7e9-40bb-a520-41a77b9dd603,,19566,0.0,04:08:22,20260922,69390,2317,1240013,19.394912719726562,-99.14412689208984,279.0,29.0,104.4,,,,1790052663,2026-09-21 22:51:03-06:00,,,2,L02c03-1 tepalcates - col. del valle,,3,8D1A96,FFFFFF,,,,,,
metrobus,metrobus_vehicle_positions_enriched,2026-09-22T04:51:14Z,2026-09-22,20260922T045111Z,0eef2021-4b87-4974-af6f-a040aac51597,,19471,1.0,04:33:17,20260922,69389,2316,1240012,19.493993759155273,-99.14920806884766,103.0,0.0,0.0,,,,1790052652,2026-09-21 22:50:52-06:00,,,6,L06g01-2 el rosario - villa de aragón,,3,E44599,FFFFFF,,,,,,
metrobus,metrobus_vehicle_positions_enriched,2026-09-22T04:51:14Z,2026-09-22,20260922T045111Z,8ca3fc1a-1eef-477e-a717-90599ea6df04,,19471,1.0,04:32:36,20260922,69388,2315,1240011,19.493852615356445,-99.14852905273438,102.0,18.0,64.8,,,,1790052657,2026-09-21 22:50:57-06:00,,,6,L06g01-2 el rosario - villa de aragón,,3,E44599,FFFFFF,,,,,,
metrobus,metrobus_vehicle_positions_enriched,2026-09-22T04:51:14Z,2026-09-22,20260922T045111Z,9a27378d-0349-4dbc-8b5a-598706aac969,,,,,,69387,2314,1240010,19.477813720703125,-99.06375122070312,698.0,0.0,0.0,,,,1790052533,2026-09-21 22:48:53-06:00,,,,,,,,,,,,,,
metrobus,metrobus_vehicle_positions_enriched,2026-09-22T04:51:14Z,2026-09-22,20260922T045111Z,42cd9587-4a2e-40b4-a5fd-3fda5c842483,,19562,1.0,04:48:09,20260922,69386,2313,1240009,19.407272338867188,-99.18453979492188,266.0,20.0,72.0,,,,1790052658,2026-09-21 22:50:58-06:00,,,2,L02c01-2 tacubaya - tepalcates,,3,8D1A96,FFFFFF,,,,,,
metrobus,metrobus_vehicle_positions_enriched,2026-09-22T04:51:14Z,2026-09-22,20260922T045111Z,40c45ada-1bae-4b07-b527-8b55efac2fcd,,19471,1.0,04:30:31,20260922,69385,2312,1240008,19.490299224853516,-99.13245391845703,111.0,0.0,0.0,,,,1790052651,2026-09-21 22:50:51-06:00,,,6,L06g01-2 el rosario - villa de aragón,,3,E44599,FFFFFF,,,,,,
metrobus,metrobus_vehicle_positions_enriched,2026-09-22T04:51:14Z,2026-09-22,20260922T045111Z,dc2f22ce-2dc3-485d-85c5-5a8b8b23bff4,,19471,1.0,03:51:58,20260922,69383,2310,1240006,19.469526290893555,-99.07130432128906,134.0,41.0,147.6,,,,1790052658,2026-09-21 22:50:58-06:00,,,6,L06g01-2 el rosario - villa de aragón,,3,E44599,FFFFFF,,,,,,
metrobus,metrobus_vehicle_positions_enriched,2026-09-22T04:51:14Z,2026-09-22,20260922T045111Z,b06b0d35-7d7f-4262-b851-c2c64cdaa605,,,,,,69198,800,1320055,19.4923152923584,-99.14119720458984,281.0,42.0,151.20000000000002,,,,1790052654,2026-09-21 22:50:54-06:00,,,,,,,,,,,,,,
metrobus,metrobus_vehicle_positions_enriched,2026-09-22T04:51:14Z,2026-09-22,20260922T045111Z,5a2ebf54-f6ba-4c21-b850-6d1eb06382ba,,,,,,69886,801,1280065,19.508258819580078,-99.17310333251953,425.0,0.0,0.0,,,,1790047656,2026-09-21 21:27:36-06:00,,,,,,,,,,,,,,
metrobus,metrobus_vehicle_positions_enriched,2026-09-22T04:51:14Z,2026-09-22,20260922T045111Z,a9a4e2dd-45dc-457e-b78e-420999e5269f,,19577,1.0,04:34:33,20260922,69887,802,1280066,19.429718017578125,-99.16160583496094,628.0,0.0,0.0,,,,1790052652,2026-09-21 22:50:52-06:00,,,7,L07h01-2 campo marte - indios verdes,,3,116633,FFFFFF,,,,,,
metrobus,metrobus_vehicle_positions_enriched,2026-09-22T04:51:14Z,2026-09-22,20260922T045111Z,0b73f0a7-ae17-46bb-82bb-94e80f5abdb0,,,,,,69888,803,1280067,19.508333206176758,-99.1728744506836,0.0,0.0,0.0,,,,1783013862,2026-07-02 11:37:42-06:00,,,,,,,,,,,,,,
metrobus,metrobus_vehicle_positions_enriched,2026-09-22T04:51:14Z,2026-09-22,20260922T045111Z,a1af353d-fdaa-43b5-af30-a04eec414be5,,19576,0.0,04:35:35,20260922,69889,804,1280068,19.453296661376953,-99.130859375,214.0,0.0,0.0,,,,1790052654,2026-09-21 22:50:54-06:00,,,7,L07h01-1 indios verdes - campo marte,,3,116633,FFFFFF,,,,,,
metrobus,metrobus_vehicle_positions_enriched,2026-09-22T04:51:14Z,2026-09-22,20260922T045111Z,3572e85e-9dd7-4ff7-b5e9-d72ef2ce631d,,19578,0.0,04:11:19,20260922,69890,805,1280069,19.423858642578125,-99.1787109375,277.0,50.0,180.0,,,,1790052660,2026-09-21 22:51:00-06:00,,,7,L07h02-1 hospital infantil - campo marte,,3,116633,FFFFFF,,,,,,
metrobus,metrobus_vehicle_positions_enriched,2026-09-22T04:51:14Z,2026-09-22,20260922T045111Z,8eb65ab1-4d35-4d58-b4f4-d59b46496dd5,,19567,1.0,04:49:41,20260922,69392,2319,1230173,19.390005111694336,-99.17359161376953,172.0,10.0,36.0,,,,1790052657,2026-09-21 22:50:57-06:00,,,2,L02c03-2 col. del valle - tepalcates,,3,8D1A96,FFFFFF,,,,,,
metrobus,metrobus_vehicle_positions_enriched,2026-09-22T04:51:14Z,2026-09-22,20260922T045111Z,2014f01d-ca7c-4778-8834-9c9c519b9ff5,,19577,1.0,04:23:40,20260922,69891,806,1280070,19.443803787231445,-99.13908386230469,472.0,0.0,0.0,,,,1790052648,2026-09-21 22:50:48-06:00,,,7,L07h01-2 campo marte - indios verdes,,3,116633,FFFFFF,,,,,,
metrobus,metrobus_vehicle_positions_enriched,2026-09-22T04:51:14Z,2026-09-22,20260922T045111Z,723c6019-e69c-4792-830e-df5473fefd4b,,19563,0.0,04:14:24,20260922,69391,2318,1230172,19.394275665283203,-99.1395034790039,281.0,0.0,0.0,,,,1790052649,2026-09-21 22:50:49-06:00,,,2,L02c01-1 tepalcates - tacubaya,,3,8D1A96,FFFFFF,,,,,,
metrobus,metrobus_vehicle_positions_enriched,2026-09-22T04:51:14Z,2026-09-22,20260922T045111Z,39734e15-f1e5-4f8d-a025-35637237674c,,,,,,69892,807,1280071,19.508026123046875,-99.17224884033203,208.0,0.0,0.0,,,,1790046553,2026-09-21 21:09:13-06:00,,,,,,,,,,,,,,
metrobus,metrobus_vehicle_positions_enriched,2026-09-22T04:51:14Z,2026-09-22,20260922T045111Z,e518d3b4-ab2e-4247-9d72-4fd344592442,,19579,1.0,04:27:37,20260922,69893,808,1280072,19.436737060546875,-99.14739990234375,575.0,0.0,0.0,,,,1790052658,2026-09-21 22:50:58-06:00,,,7,L07h02-2 campo marte - hospital infantil,,3,116633,FFFFFF,,,,,,
metrobus,metrobus_vehicle_positions_enriched,2026-09-22T04:51:14Z,2026-09-22,20260922T045111Z,745db4dc-2a79-482d-a1de-ea163ab646cf,,19576,0.0,04:15:44,20260922,69894,809,1280073,19.427310943603516,-99.16724395751953,256.0,24.0,86.4,,,,1790052653,2026-09-21 22:50:53-06:00,,,7,L07h01-1 indios verdes - campo marte,,3,116633,FFFFFF,,,,,,
metrobus,metrobus_vehicle_positions_enriched,2026-09-22T04:51:14Z,2026-09-22,20260922T045111Z,5296ddfa-41bf-4e32-9a15-282adb9a17a1,,19563,0.0,03:53:08,20260922,69398,2325,1230182,19.403532028198242,-99.17096710205078,270.0,0.0,0.0,,,,1790052654,2026-09-21 22:50:54-06:00,,,2,L02c01-1 tepalcates - tacubaya,,3,8D1A96,FFFFFF,,,,,,
metrobus,metrobus_vehicle_positions_enriched,2026-09-22T04:51:14Z,2026-09-22,20260922T045111Z,52a195e0-3845-40df-bee0-cc37709d669d,,,,,,69397,2324,1230180,19.38909339904785,-99.05769348144531,181.0,0.0,0.0,,,,1790052661,2026-09-21 22:51:01-06:00,,,,,,,,,,,,,,
metrobus,metrobus_vehicle_positions_enriched,2026-09-22T04:51:14Z,2026-09-22,20260922T045111Z,f905f92e-aa03-4206-9179-a54551504e55,,19567,1.0,04:09:45,20260922,69395,2322,1230176,19.393798828125,-99.09028625488281,125.0,16.0,57.6,,,,1790052663,2026-09-21 22:51:03-06:00,,,2,L02c03-2 col. del valle - tepalcates,,3,8D1A96,FFFFFF,,,,,,
metrobus,metrobus_vehicle_positions_enriched,2026-09-22T04:51:14Z,2026-09-22,20260922T045111Z,e1467621-86d2-4be5-9ee9-f808be2833b7,,,,,,69895,810,1280074,19.500633239746094,-99.15614318847656,338.0,33.0,118.8,,,,1790052659,2026-09-21 22:50:59-06:00,,,,,,,,,,,,,,
metrobus,metrobus_vehicle_positions_enriched,2026-09-22T04:51:14Z,2026-09-22,20260922T045111Z,09ffc461-115d-46a4-aac6-e9c455e06f6e,,19566,0.0,04:33:18,20260922,69394,2321,1230175,19.384153366088867,-99.0760498046875,304.0,26.0,93.60000000000001,,,,1790052651,2026-09-21 22:50:51-06:00,,,2,L02c03-1 tepalcates - col. del valle,,3,8D1A96,FFFFFF,,,,,,
metrobus,metrobus_vehicle_positions_enriched,2026-09-22T04:51:14Z,2026-09-22,20260922T045111Z,7fac4b5b-3dfd-4b7b-bf62-72b86376fd42,,19577,1.0,04:17:48,20260922,69896,811,1280075,19.450162887573242,-99.13264465332031,248.0,26.0,93.60000000000001,,,,1790052657,2026-09-21 22:50:57-06:00,,,7,L07h01-2 campo marte - indios verdes,,3,116633,FFFFFF,,,,,,
metrobus,metrobus_vehicle_positions_enriched,2026-09-22T04:51:14Z,2026-09-22,20260922T045111Z,4ce01e87-b1ba-445a-83a2-5cc8a7e96763,,19577,1.0,04:44:27,20260922,69897,812,1280076,19.424489974975586,-99.17280578613281,638.0,28.0,100.8,,,,1790052658,2026-09-21 22:50:58-06:00,,,7,L07h01-2 campo marte - indios verdes,,3,116633,FFFFFF,,,,,,
metrobus,metrobus_vehicle_positions_enriched,2026-09-22T04:51:14Z,2026-09-22,20260922T045111Z,f068e030-0e9c-44b9-b6f2-485b681f9135,,19578,0.0,04:35:45,20260922,69898,813,1280077,19.461942672729492,-99.1275863647461,202.0,0.0,0.0,,,,1790052649,2026-09-21 22:50:49-06:00,,,7,L07h02-1 hospital infantil - campo marte,,3,116633,FFFFFF,,,,,,
metrobus,metrobus_vehicle_positions_enriched,2026-09-22T04:51:14Z,2026-09-22,20260922T045111Z,01043696-6e7c-43f2-8ac5-26c1c92c0f98,,19582,0.0,04:37:27,20260922,69899,814,1280078,19.461971282958984,-99.12734985351562,200.0,0.0,0.0,,,,1790052645,2026-09-21 22:50:45-06:00,,,7,L07h04-1 indios verdes - la diana,,3,116633,FFFFFF,,,,,,
metrobus,metrobus_vehicle_positions_enriched,2026-09-22T04:51:14Z,2026-09-22,20260922T045111Z,6f52c542-8b95-455d-8b82-2022761aabda,,19576,0.0,03:27:44,20260922,69900,815,1280079,19.48174476623535,-99.119873046875,196.0,0.0,0.0,,,,1790052652,2026-09-21 22:50:52-06:00,,,7,L07h01-1 indios verdes - campo marte,,3,116633,FFFFFF,,,,,,
metrobus,metrobus_vehicle_positions_enriched,2026-09-22T04:51:14Z,2026-09-22,20260922T045111Z,80b4d40d-96ef-459b-a772-626996df71b3,,19577,1.0,04:38:49,20260922,69901,816,1280080,19.427661895751953,-99.1658935546875,654.0,0.0,0.0,,,,1790052652,2026-09-21 22:50:52-06:00,,,7,L07h01-2 campo marte - indios verdes,,3,116633,FFFFFF,,,,,,
metrobus,metrobus_vehicle_positions_enriched,2026-09-22T04:51:14Z,2026-09-22,20260922T045111Z,b36b3b38-55fe-436d-a200-36e1a3521faa,,,,,,69902,817,1280081,19.5079288482666,-99.17214965820312,0.0,0.0,0.0,,,,1789515040,2026-09-15 17:30:40-06:00,,,,,,,,,,,,,,
metrobus,metrobus_vehicle_positions_enriched,2026-09-22T04:51:14Z,2026-09-22,20260922T045111Z,f261d1c5-41eb-4ee4-953d-5f46aa211522,,,,,,69903,818,1280082,19.507993698120117,-99.17219543457031,285.0,0.0,0.0,,,,1790047785,2026-09-21 21:29:45-06:00,,,,,,,,,,,,,,
metrobus,metrobus_vehicle_positions_enriched,2026-09-22T04:51:14Z,2026-09-22,20260922T045111Z,8fab46da-af66-4e76-a152-f534fe223ff4,,19576,0.0,04:45:39,20260922,69904,819,1280083,19.492277145385742,-99.14093017578125,280.0,35.0,126.0,,,,1790052655,2026-09-21 22:50:55-06:00,,,7,L07h01-1 indios verdes - campo marte,,3,116633,FFFFFF,,,,,,
metrobus,metrobus_vehicle_positions_enriched,2026-09-22T04:51:14Z,2026-09-22,20260922T045111Z,3990c846-e13e-40ab-8bd9-a4e7f68893be,,19500,1.0,04:26:36,20260922,69957,1253,1230122,19.36972427368164,-99.18022155761719,177.0,8.0,28.8,,,,1790052659,2026-09-21 22:50:59-06:00,,,1,L01a07-2 el caminero - indios verdes,,3,D40D0D,FFFFFF,,,,,,
metrobus,metrobus_vehicle_positions_enriched,2026-09-22T04:51:14Z,2026-09-22,20260922T045111Z,3757c7ea-c02a-4234-aa3e-1a207b9dbf29,,19563,0.0,03:29:56,20260922,70106,2342,1250020,19.407535552978516,-99.18958282470703,163.0,19.0,68.4,,,,1790052039,2026-09-21 22:40:39-06:00,,,2,L02c01-1 tepalcates - tacubaya,,3,8D1A96,FFFFFF,,,,,,
metrobus,metrobus_vehicle_positions_enriched,2026-09-22T04:51:14Z,2026-09-22,20260922T045111Z,90d08ab5-2768-485f-ad02-ffb3ca397afd,,19565,1.0,04:36:25,20260922,70105,2341,1250019,19.39824104309082,-99.11649322509766,882.0,0.0,0.0,,,,1790052658,2026-09-21 22:50:58-06:00,,,2,L02c02-2 etiopía l3 - tepalcates,,3,8D1A96,FFFFFF,,,,,,
metrobus,metrobus_vehicle_positions_enriched,2026-09-22T04:51:14Z,2026-09-22,20260922T045111Z,72d83d51-4833-4322-b003-3f629a84fd93,,19499,0.0,04:47:49,20260922,69956,1252,1230120,19.482440948486328,-99.12782287597656,218.0,18.0,64.8,,,,1790052653,2026-09-21 22:50:53-06:00,,,1,L01a07-1 indios verdes - el caminero,,3,D40D0D,FFFFFF,,,,,,
metrobus,metrobus_vehicle_positions_enriched,2026-09-22T04:51:14Z,2026-09-22,20260922T045111Z,35773bc1-823b-43f9-b705-c75e5c879b7d,,19565,1.0,04:28:17,20260922,70104,2340,1250018,19.39443588256836,-99.0911865234375,125.0,24.0,86.4,,,,1790052653,2026-09-21 22:50:53-06:00,,,2,L02c02-2 etiopía l3 - tepalcates,,3,8D1A96,FFFFFF,,,,,,
metrobus,metrobus_vehicle_positions_enriched,2026-09-22T04:51:14Z,2026-09-22,20260922T045111Z,ecc671fa-f3f5-4941-af9e-a6782aebf97c,,19498,1.0,04:34:55,20260922,69955,1251,1230119,19.3195858001709,-99.17396545410156,120.0,43.0,154.8,,,,1790052658,2026-09-21 22:50:58-06:00,,,1,L01a03-2 el caminero - buenavista,,3,D40D0D,FFFFFF,,,,,,
metrobus,metrobus_vehicle_positions_enriched,2026-09-22T04:51:14Z,2026-09-22,20260922T045111Z,eeb574a9-2930-4e74-83f9-508ba550d745,,,,,,70103,2339,1250017,19.386783599853516,-99.05996704101562,680.0,0.0,0.0,,,,1790052659,2026-09-21 22:50:59-06:00,,,,,,,,,,,,,,
metrobus,metrobus_vehicle_positions_enriched,2026-09-22T04:51:14Z,2026-09-22,20260922T045111Z,e360d269-2ee9-4df9-87d1-87f4960f10f6,,19562,1.0,04:39:08,20260922,69401,2337,1230170,19.40106964111328,-99.16808319091797,167.0,20.0,72.0,,,,1790052657,2026-09-21 22:50:57-06:00,,,2,L02c01-2 tacubaya - tepalcates,,3,8D1A96,FFFFFF,,,,,,
metrobus,metrobus_vehicle_positions_enriched,2026-09-22T04:51:14Z,2026-09-22,20260922T045111Z,767c38de-b08b-48bc-bad9-a80e3100dc20,,19566,0.0,04:42:18,20260922,69400,2336,1230187,19.38361930847168,-99.06645965576172,283.0,33.0,118.8,,,,1790052650,2026-09-21 22:50:50-06:00,,,2,L02c03-1 tepalcates - col. del valle,,3,8D1A96,FFFFFF,,,,,,
metrobus,metrobus_vehicle_positions_enriched,2026-09-22T04:51:14Z,2026-09-22,20260922T045111Z,b5f60d8f-e120-4996-95c8-b6571d45f604,,19567,1.0,04:41:02,20260922,69399,2335,1230184,19.40294075012207,-99.16850280761719,165.0,49.0,176.4,,,,1790052649,2026-09-21 22:50:49-06:00,,,2,L02c03-2 col. del valle - tepalcates,,3,8D1A96,FFFFFF,,,,,,
metrobus,metrobus_vehicle_positions_enriched,2026-09-22T04:51:14Z,2026-09-22,20260922T045111Z,979c2e6e-b0bf-425d-926f-7abc5402d87c,,19582,0.0,04:29:29,20260922,69905,820,1280084,19.449146270751953,-99.13411712646484,224.0,0.0,0.0,,,,1790052650,2026-09-21 22:50:50-06:00,,,7,L07h04-1 indios verdes - la diana,,3,116633,FFFFFF,,,,,,
metrobus,metrobus_vehicle_positions_enriched,2026-09-22T04:51:14Z,2026-09-22,20260922T045111Z,d1305d9c-d321-4732-b5b6-a56c0db1b08f,,,,,,69906,821,1280085,19.4366397857666,-99.14756774902344,564.0,0.0,0.0,,,,1790052652,2026-09-21 22:50:52-06:00,,,,,,,,,,,,,,
metrobus,metrobus_vehicle_positions_enriched,2026-09-22T04:51:14Z,2026-09-22,20260922T045111Z,b0d1e40b-cc20-4dd1-8161-b5fbfbefd090,,,,,,69907,822,1280086,19.508142471313477,-99.17227935791016,183.0,0.0,0.0,,,,1790051202,2026-09-21 22:26:42-06:00,,,,,,,,,,,,,,
metrobus,metrobus_vehicle_positions_enriched,2026-09-22T04:51:14Z,2026-09-22,20260922T045111Z,f2b18938-631d-46a0-b2d8-0b7e070b2a16,,19576,0.0,04:19:36,20260922,69908,823,1280087,19.43135643005371,-99.1588134765625,262.0,0.0,0.0,,,,1790052645,2026-09-21 22:50:45-06:00,,,7,L07h01-1 indios verdes - campo marte,,3,116633,FFFFFF,,,,,,
metrobus,metrobus_vehicle_positions_enriched,2026-09-22T04:51:14Z,2026-09-22,20260922T045111Z,d84ede44-6d2e-476f-b287-c257609ebea5,,19576,0.0,04:31:28,20260922,69909,824,1280088,19.44649314880371,-99.13677215576172,226.0,0.0,0.0,,,,1790052648,2026-09-21 22:50:48-06:00,,,7,L07h01-1 indios verdes - campo marte,,3,116633,FFFFFF,,,,,,
metrobus,metrobus_vehicle_positions_enriched,2026-09-22T04:51:14Z,2026-09-22,20260922T045111Z,c6a7cebf-7a6d-4537-a542-c360a247b848,,19582,0.0,04:23:33,20260922,69910,825,1280089,19.435523986816406,-99.14987182617188,231.0,38.0,136.8,,,,1790052655,2026-09-21 22:50:55-06:00,,,7,L07h04-1 indios verdes - la diana,,3,116633,FFFFFF,,,,,,
metrobus,metrobus_vehicle_positions_enriched,2026-09-22T04:51:14Z,2026-09-22,20260922T045111Z,13c70c54-a1aa-43b2-a6fb-f302b4d8cdc5,,19576,0.0,04:13:40,20260922,69911,826,1280090,19.425411224365234,-99.17134094238281,260.0,18.0,64.8,,,,1790052649,2026-09-21 22:50:49-06:00,,,7,L07h01-1 indios verdes - campo marte,,3,116633,FFFFFF,,,,,,
metrobus,metrobus_vehicle_positions_enriched,2026-09-22T04:51:14Z,2026-09-22,20260922T045111Z,acc24925-e16b-4257-96ff-ef3689a7d52c,,19579,1.0,04:18:13,20260922,69912,827,1280091,19.452808380126953,-99.13089752197266,403.0,0.0,0.0,,,,1790052652,2026-09-21 22:50:52-06:00,,,7,L07h02-2 campo marte - hospital infantil,,3,116633,FFFFFF,,,,,,
metrobus,metrobus_vehicle_positions_enriched,2026-09-22T04:51:14Z,2026-09-22,20260922T045111Z,01223ab5-2b54-4df3-9ab6-2dadb84a49ca,,,,,,69913,828,1280092,19.50815200805664,-99.17230224609375,0.0,0.0,0.0,,,,1788367344,2026-09-02 10:42:24-06:00,,,,,,,,,,,,,,
metrobus,metrobus_vehicle_positions_enriched,2026-09-22T04:51:14Z,2026-09-22,20260922T045111Z,46ece7ea-e1a5-4526-be60-8506ed36a125,,19577,1.0,03:59:47,20260922,69914,829,1280093,19.482521057128906,-99.11448669433594,108.0,22.0,79.2,,,,1790052660,2026-09-21 22:51:00-06:00,,,7,L07h01-2 campo marte - indios verdes,,3,116633,FFFFFF,,,,,,
metrobus,metrobus_vehicle_positions_enriched,2026-09-22T04:51:14Z,2026-09-22,20260922T045111Z,7791f1e8-a6bc-4530-b761-a220341cf21a,,19563,0.0,04:04:52,20260922,69695,2353,1250032,19.388994216918945,-99.05933380126953,320.0,0.0,0.0,,,,1790052634,2026-09-21 22:50:34-06:00,,,2,L02c01-1 tepalcates - tacubaya,,3,8D1A96,FFFFFF,,,,,,
metrobus,metrobus_vehicle_positions_enriched,2026-09-22T04:51:14Z,2026-09-22,20260922T045111Z,f108da55-58ff-421d-b206-4850a93caf81,,19492,0.0,04:44:58,20260922,69463,1022,1230063,19.499601364135742,-99.11991882324219,218.0,0.0,0.0,,,,1790052659,2026-09-21 22:50:59-06:00,,,1,L01a01-1 indios verdes - dr. gálvez,,3,D40D0D,FFFFFF,,,,,,
metrobus,metrobus_vehicle_positions_enriched,2026-09-22T04:51:14Z,2026-09-22,20260922T045111Z,12effcc6-3c16-4906-876a-6377abf7daf2,,19500,1.0,04:32:45,20260922,69968,1264,1230128,19.354694366455078,-99.18509674072266,177.0,0.0,0.0,,,,1790052649,2026-09-21 22:50:49-06:00,,,1,L01a07-2 el caminero - indios verdes,,3,D40D0D,FFFFFF,,,,,,
metrobus,metrobus_vehicle_positions_enriched,2026-09-22T04:51:14Z,2026-09-22,20260922T045111Z,79f0ef08-d8e6-4a17-9e29-36f400bac873,,19499,0.0,03:53:18,20260922,69462,1021,1230062,19.347755432128906,-99.18745422363281,197.0,0.0,0.0,,,,1790052664,2026-09-21 22:51:04-06:00,,,1,L01a07-1 indios verdes - el caminero,,3,D40D0D,FFFFFF,,,,,,
metrobus,metrobus_vehicle_positions_enriched,2026-09-22T04:51:14Z,2026-09-22,20260922T045111Z,95a79818-8adc-427d-b274-761b5485f47c,,,,,,69694,2352,1250128,19.389116287231445,-99.05933380126953,190.0,0.0,0.0,,,,1790052658,2026-09-21 22:50:58-06:00,,,,,,,,,,,,,,
metrobus,metrobus_vehicle_positions_enriched,2026-09-22T04:51:14Z,2026-09-22,20260922T045111Z,e9158456-d28a-46fd-81ad-eed8c5011521,,19498,1.0,04:42:58,20260922,69967,1263,1230127,19.293535232543945,-99.1794662475586,293.0,0.0,0.0,,,,1790052660,2026-09-21 22:51:00-06:00,,,1,L01a03-2 el caminero - buenavista,,3,D40D0D,FFFFFF,,,,,,
metrobus,metrobus_vehicle_positions_enriched,2026-09-22T04:51:14Z,2026-09-22,20260922T045111Z,cc91ce19-83b4-41d0-8818-c37c1e20bfed,,19565,1.0,04:24:24,20260922,69693,2351,EXTRAVIADA,19.39300537109375,-99.08914947509766,125.0,36.0,129.6,,,,1790052661,2026-09-21 22:51:01-06:00,,,2,L02c02-2 etiopía l3 - tepalcates,,3,8D1A96,FFFFFF,,,,,,
metrobus,metrobus_vehicle_positions_enriched,2026-09-22T04:51:14Z,2026-09-22,20260922T045111Z,a3ec72ca-99c5-4e3b-92dd-f4b487f477c9,,19500,1.0,04:31:39,20260922,69461,1020,1230061,19.342439651489258,-99.1893310546875,20.0,0.0,0.0,,,,1790052664,2026-09-21 22:51:04-06:00,,,1,L01a07-2 el caminero - indios verdes,,3,D40D0D,FFFFFF,,,,,,
metrobus,metrobus_vehicle_positions_enriched,2026-09-22T04:51:14Z,2026-09-22,20260922T045111Z,a4683ad9-25c3-4d13-9259-de1f6cf669a5,,19497,0.0,03:45:17,20260922,69966,1262,1230123,19.29596710205078,-99.18506622314453,153.0,0.0,0.0,,,,1790052649,2026-09-21 22:50:49-06:00,,,1,L01a03-1 buenavista - el caminero,,3,D40D0D,FFFFFF,,,,,,
metrobus,metrobus_vehicle_positions_enriched,2026-09-22T04:51:14Z,2026-09-22,20260922T045111Z,39ca3886-3ce3-41a4-bdc2-efcedced3374,,19567,1.0,04:30:51,20260922,70111,2350,1250010,19.39518928527832,-99.14643859863281,941.0,11.0,39.6,,,,1790052656,2026-09-21 22:50:56-06:00,,,2,L02c03-2 col. del valle - tepalcates,,3,8D1A96,FFFFFF,,,,,,
metrobus,metrobus_vehicle_positions_enriched,2026-09-22T04:51:14Z,2026-09-22,20260922T045111Z,596be401-08f7-4b4c-a82a-d3158d7317a2,,19497,0.0,04:26:14,20260922,69965,1261,1230116,19.39289665222168,-99.17278289794922,197.0,0.0,0.0,,,,1790052651,2026-09-21 22:50:51-06:00,,,1,L01a03-1 buenavista - el caminero,,3,D40D0D,FFFFFF,,,,,,
metrobus,metrobus_vehicle_positions_enriched,2026-09-22T04:51:14Z,2026-09-22,20260922T045111Z,2341514b-d0c2-4767-b24e-3c6cee4a9bbb,,19497,0.0,04:38:03,20260922,69964,1260,1230143,19.422380447387695,-99.16342163085938,195.0,0.0,0.0,,,,1790052651,2026-09-21 22:50:51-06:00,,,1,L01a03-1 buenavista - el caminero,,3,D40D0D,FFFFFF,,,,,,
metrobus,metrobus_vehicle_positions_enriched,2026-09-22T04:51:14Z,2026-09-22,20260922T045111Z,91dddaab-e05f-47db-9369-da11bb291028,,19500,1.0,03:45:49,20260922,69460,1019,1230060,19.432531356811523,-99.15879821777344,232.0,26.0,93.60000000000001,,,,1790052650,2026-09-21 22:50:50-06:00,,,1,L01a07-2 el caminero - indios verdes,,3,D40D0D,FFFFFF,,,,,,
metrobus,metrobus_vehicle_positions_enriched,2026-09-22T04:51:14Z,2026-09-22,20260922T045111Z,f2480ae4-d10a-4a85-ae7b-df5369251631,,19500,1.0,04:45:33,20260922,69459,1018,1230059,19.292816162109375,-99.17797088623047,294.0,0.0,0.0,,,,1790052650,2026-09-21 22:50:50-06:00,,,1,L01a07-2 el caminero - indios verdes,,3,D40D0D,FFFFFF,,,,,,
metrobus,metrobus_vehicle_positions_enriched,2026-09-22T04:51:14Z,2026-09-22,20260922T045111Z,eddcb43e-f79d-43a8-8fb8-781110394403,,19566,0.0,04:48:00,20260922,70110,2349,1250027,19.386280059814453,-99.05401611328125,305.0,13.0,46.800000000000004,,,,1790052661,2026-09-21 22:51:01-06:00,,,2,L02c03-1 tepalcates - col. del valle,,3,8D1A96,FFFFFF,,,,,,
metrobus,metrobus_vehicle_positions_enriched,2026-09-22T04:51:14Z,2026-09-22,20260922T045111Z,64e25310-4126-4d6b-ad5a-db90fb294c9f,,,,,,70109,2348,1250026,19.402040481567383,-99.1871109008789,291.0,0.0,0.0,,,,1790052657,2026-09-21 22:50:57-06:00,,,,,,,,,,,,,,
metrobus,metrobus_vehicle_positions_enriched,2026-09-22T04:51:14Z,2026-09-22,20260922T045111Z,7517f7b6-d962-4cd7-abeb-86c4d1454491,,19499,0.0,04:41:38,20260922,69963,1259,1230142,19.46035385131836,-99.14592742919922,217.0,43.0,154.8,,,,1790052656,2026-09-21 22:50:56-06:00,,,1,L01a07-1 indios verdes - el caminero,,3,D40D0D,FFFFFF,,,,,,
metrobus,metrobus_vehicle_positions_enriched,2026-09-22T04:51:14Z,2026-09-22,20260922T045111Z,e3b5b7b4-80e4-462a-b46c-1a2371a673a5,,19563,0.0,04:38:45,20260922,70108,2347,1250025,19.387680053710938,-99.07435607910156,299.0,11.0,39.6,,,,1790052663,2026-09-21 22:51:03-06:00,,,2,L02c01-1 tepalcates - tacubaya,,3,8D1A96,FFFFFF,,,,,,
metrobus,metrobus_vehicle_positions_enriched,2026-09-22T04:51:14Z,2026-09-22,20260922T045111Z,4b4a9007-d2c8-453d-9d1d-171c5a193dc9,,19497,0.0,03:42:26,20260922,69962,1258,1230141,19.293001174926758,-99.17880249023438,114.0,0.0,0.0,,,,1790052659,2026-09-21 22:50:59-06:00,,,1,L01a03-1 buenavista - el caminero,,3,D40D0D,FFFFFF,,,,,,
metrobus,metrobus_vehicle_positions_enriched,2026-09-22T04:51:14Z,2026-09-22,20260922T045111Z,86796cbb-b741-491f-9c6f-65b2cb3a10a6,,,,,,70107,2346,1250024,19.390966415405273,-99.04753112792969,121.0,0.0,0.0,,,,1790052663,2026-09-21 22:51:03-06:00,,,,,,,,,,,,,,
metrobus,metrobus_vehicle_positions_enriched,2026-09-22T04:51:14Z,2026-09-22,20260922T045111Z,022d494c-6d44-4341-803e-29d883f97ffa,,19500,1.0,03:56:38,20260922,69961,1257,1230132,19.404024124145508,-99.16908264160156,171.0,37.0,133.20000000000002,,,,1790052651,2026-09-21 22:50:51-06:00,,,1,L01a07-2 el caminero - indios verdes,,3,D40D0D,FFFFFF,,,,,,
metrobus,metrobus_vehicle_positions_enriched,2026-09-22T04:51:14Z,2026-09-22,20260922T045111Z,67ee7a80-69b4-4b39-918e-d76db993b74e,,,,,,70002,1015,1210367,19.385608673095703,-99.04571533203125,0.0,0.0,0.0,,,,1789927417,2026-09-20 12:03:37-06:00,,,,,,,,,,,,,,
metrobus,metrobus_vehicle_positions_enriched,2026-09-22T04:51:14Z,2026-09-22,20260922T045111Z,cd727175-9bef-4b5b-8397-8132edf97afa,,19497,0.0,03:50:16,20260922,69960,1256,1230130,19.298721313476562,-99.18553161621094,173.0,18.0,64.8,,,,1790052661,2026-09-21 22:51:01-06:00,,,1,L01a03-1 buenavista - el caminero,,3,D40D0D,FFFFFF,,,,,,
metrobus,metrobus_vehicle_positions_enriched,2026-09-22T04:51:14Z,2026-09-22,20260922T045111Z,ce6753bf-9874-4684-b480-654ed315e212,,,,,,69915,830,1280094,19.50832748413086,-99.17306518554688,287.0,0.0,0.0,,,,1788712045,2026-09-06 10:27:25-06:00,,,,,,,,,,,,,,
metrobus,metrobus_vehicle_positions_enriched,2026-09-22T04:51:14Z,2026-09-22,20260922T045111Z,32cb7353-507a-4683-8bd7-e42ced0a63a7,,,,,,70079,2345,1250022,19.386730194091797,-99.0599365234375,870.0,0.0,0.0,,,,1790052653,2026-09-21 22:50:53-06:00,,,,,,,,,,,,,,
metrobus,metrobus_vehicle_positions_enriched,2026-09-22T04:51:14Z,2026-09-22,20260922T045111Z,4920d827-a7c9-4d0b-8b12-80e27e59e1e3,,19563,0.0,04:49:30,20260922,70078,2344,1250023,19.38857078552246,-99.04983520507812,208.0,42.0,151.20000000000002,,,,1790052661,2026-09-21 22:51:01-06:00,,,2,L02c01-1 tepalcates - tacubaya,,3,8D1A96,FFFFFF,,,,,,
metrobus,metrobus_vehicle_positions_enriched,2026-09-22T04:51:14Z,2026-09-22,20260922T045111Z,8717a7fe-caee-48a1-b50d-6b2c221ccb8f,,19500,1.0,04:35:09,20260922,69959,1255,1230125,19.34123992919922,-99.18981170654297,192.0,0.0,0.0,,,,1790052658,2026-09-21 22:50:58-06:00,,,1,L01a07-2 el caminero - indios verdes,,3,D40D0D,FFFFFF,,,,,,
metrobus,metrobus_vehicle_positions_enriched,2026-09-22T04:51:14Z,2026-09-22,20260922T045111Z,d836b912-b49a-4406-9054-a02a32c1a2a7,,,,,,69916,831,1280095,19.508258819580078,-99.17233276367188,0.0,0.0,0.0,,,,1783982889,2026-07-13 16:48:09-06:00,,,,,,,,,,,,,,
metrobus,metrobus_vehicle_positions_enriched,2026-09-22T04:51:14Z,2026-09-22,20260922T045111Z,923d082a-203b-445c-b874-89d40c59d0fc,,19562,1.0,03:48:32,20260922,70077,2343,1250021,19.391178131103516,-99.04682159423828,124.0,0.0,0.0,,,,1790052648,2026-09-21 22:50:48-06:00,,,2,L02c01-2 tacubaya - tepalcates,,3,8D1A96,FFFFFF,,,,,,
metrobus,metrobus_vehicle_positions_enriched,2026-09-22T04:51:14Z,2026-09-22,20260922T045111Z,5cf19038-6743-4941-95f3-6e484be15913,,,,,,69917,832,1280096,19.508132934570312,-99.17212677001953,0.0,0.0,0.0,,,,1789109850,2026-09-11 00:57:30-06:00,,,,,,,,,,,,,,
metrobus,metrobus_vehicle_positions_enriched,2026-09-22T04:51:14Z,2026-09-22,20260922T045111Z,82678c7d-1d3f-4ee8-97dd-59b6ba232a99,,19497,0.0,04:36:12,20260922,69958,1254,1230124,19.416168212890625,-99.16525268554688,197.0,0.0,0.0,,,,1790052654,2026-09-21 22:50:54-06:00,,,1,L01a03-1 buenavista - el caminero,,3,D40D0D,FFFFFF,,,,,,
metrobus,metrobus_vehicle_positions_enriched,2026-09-22T04:51:14Z,2026-09-22,20260922T045111Z,aab9d0e5-82e2-4bea-93e2-d82fe79ca8b1,,,,,,69918,833,1280097,19.508085250854492,-99.17208862304688,0.0,0.0,0.0,,,,1790025535,2026-09-21 15:18:55-06:00,,,,,,,,,,,,,,
metrobus,metrobus_vehicle_positions_enriched,2026-09-22T04:51:14Z,2026-09-22,20260922T045111Z,1cd564e5-3a95-4a73-9544-5c5b1e18fc44,,19577,1.0,04:31:06,20260922,69919,834,1280098,19.43275260925293,-99.1551284790039,649.0,22.0,79.2,,,,1790052657,2026-09-21 22:50:57-06:00,,,7,L07h01-2 campo marte - indios verdes,,3,116633,FFFFFF,,,,,,
metrobus,metrobus_vehicle_positions_enriched,2026-09-22T04:51:14Z,2026-09-22,20260922T045111Z,8a47907b-b843-4d12-90c0-08ae03dd23ad,,19579,1.0,04:02:07,20260922,69920,835,1280099,19.47537612915039,-99.12213134765625,218.0,0.0,0.0,,,,1790052650,2026-09-21 22:50:50-06:00,,,7,L07h02-2 campo marte - hospital infantil,,3,116633,FFFFFF,,,,,,
metrobus,metrobus_vehicle_positions_enriched,2026-09-22T04:51:14Z,2026-09-22,20260922T045111Z,c0576657-9d65-44e5-9f9d-a5d5eaf4b9a1,,,,,,69921,836,1280100,19.426698684692383,-99.19923400878906,100.0,0.0,0.0,,,,1790052652,2026-09-21 22:50:52-06:00,,,,,,,,,,,,,,
metrobus,metrobus_vehicle_positions_enriched,2026-09-22T04:51:14Z,2026-09-22,20260922T045111Z,39839641-1683-440c-9bb2-fd1886229454,,19577,1.0,04:41:34,20260922,69922,837,1280101,19.4246826171875,-99.1724624633789,643.0,0.0,0.0,,,,1790052651,2026-09-21 22:50:51-06:00,,,7,L07h01-2 campo marte - indios verdes,,3,116633,FFFFFF,,,,,,
metrobus,metrobus_vehicle_positions_enriched,2026-09-22T04:51:14Z,2026-09-22,20260922T045111Z,0c80bf39-445a-4ba0-b050-eedcf3542707,,19577,1.0,04:22:37,20260922,69923,838,1280152,19.447223663330078,-99.1354751586914,472.0,0.0,0.0,,,,1790052659,2026-09-21 22:50:59-06:00,,,7,L07h01-2 campo marte - indios verdes,,3,116633,FFFFFF,,,,,,
metrobus,metrobus_vehicle_positions_enriched,2026-09-22T04:51:14Z,2026-09-22,20260922T045111Z,b9935766-43a2-4ca2-b881-e1ceaff03d90,,,,,,69924,839,1280153,19.500301361083984,-99.15596008300781,343.0,32.0,115.2,,,,1790052661,2026-09-21 22:51:01-06:00,,,,,,,,,,,,,,
metrobus,metrobus_vehicle_positions_enriched,2026-09-22T04:51:14Z,2026-09-22,20260922T045111Z,db7ed991-5826-4a7d-a87d-6d490b0a6811,,19492,0.0,04:45:17,20260922,69474,1033,1230074,19.50050163269043,-99.11895751953125,299.0,0.0,0.0,,,,1790052649,2026-09-21 22:50:49-06:00,,,1,L01a01-1 indios verdes - dr. gálvez,,3,D40D0D,FFFFFF,,,,,,
metrobus,metrobus_vehicle_positions_enriched,2026-09-22T04:51:14Z,2026-09-22,20260922T045111Z,98cac2a7-0d18-4c06-974a-07dfead2e77f,,,,,,69706,2364,1250137,19.388477325439453,-99.0594482421875,347.0,0.0,0.0,,,,1789502635,2026-09-15 14:03:55-06:00,,,,,,,,,,,,,,
metrobus,metrobus_vehicle_positions_enriched,2026-09-22T04:51:14Z,2026-09-22,20260922T045111Z,9234579b-c19f-451a-b040-c31e6b5d8aa6,,19566,0.0,03:29:10,20260922,69705,2363,1250121,19.38926124572754,-99.05937194824219,330.0,0.0,0.0,,,,1790049754,2026-09-21 22:02:34-06:00,,,2,L02c03-1 tepalcates - col. del valle,,3,8D1A96,FFFFFF,,,,,,
metrobus,metrobus_vehicle_positions_enriched,2026-09-22T04:51:14Z,2026-09-22,20260922T045111Z,1a110225-1aab-4e81-b8de-c1cad7138f15,,19499,0.0,04:50:22,20260922,69473,1032,1230073,19.499916076660156,-99.11857604980469,690.0,15.0,54.0,,,,1790052653,2026-09-21 22:50:53-06:00,,,1,L01a07-1 indios verdes - el caminero,,3,D40D0D,FFFFFF,,,,,,
metrobus,metrobus_vehicle_positions_enriched,2026-09-22T04:51:14Z,2026-09-22,20260922T045111Z,3a22b361-afb3-4578-8c98-78c0c5f46ce4,,,,,,69704,2362,1250120,19.388629913330078,-99.059326171875,0.0,0.0,0.0,,,,1790050394,2026-09-21 22:13:14-06:00,,,,,,,,,,,,,,
metrobus,metrobus_vehicle_positions_enriched,2026-09-22T04:51:14Z,2026-09-22,20260922T045111Z,126bd187-58a9-4748-9619-e13d98fecb8f,,19499,0.0,04:49:12,20260922,69472,1031,1230072,19.499849319458008,-99.11952209472656,283.0,0.0,0.0,,,,1790052657,2026-09-21 22:50:57-06:00,,,1,L01a07-1 indios verdes - el caminero,,3,D40D0D,FFFFFF,,,,,,
metrobus,metrobus_vehicle_positions_enriched,2026-09-22T04:51:14Z,2026-09-22,20260922T045111Z,e9857c9d-5cfa-46ae-8366-db0b2b3f4ced,,19564,0.0,04:27:52,20260922,69703,2361,1250033,19.389291763305664,-99.05935668945312,187.0,0.0,0.0,,,,1790052658,2026-09-21 22:50:58-06:00,,,2,L02c02-1 tepalcates - etiopía l3,,3,8D1A96,FFFFFF,,,,,,
metrobus,metrobus_vehicle_positions_enriched,2026-09-22T04:51:14Z,2026-09-22,20260922T045111Z,f0b9840c-5990-4c31-97c0-0cd85b6c7fa1,,19491,1.0,04:41:14,20260922,69471,1030,1230071,19.365673065185547,-99.18150329589844,187.0,0.0,0.0,,,,1790052646,2026-09-21 22:50:46-06:00,,,1,L01a01-2 dr. gálvez - indios verdes,,3,D40D0D,FFFFFF,,,,,,
metrobus,metrobus_vehicle_positions_enriched,2026-09-22T04:51:14Z,2026-09-22,20260922T045111Z,1b27154b-2706-4d4b-9986-5d5cee8c7d1c,,19563,0.0,03:48:20,20260922,69702,2360,1250136,19.38946533203125,-99.05879211425781,0.0,0.0,0.0,,,,1790050751,2026-09-21 22:19:11-06:00,,,2,L02c01-1 tepalcates - tacubaya,,3,8D1A96,FFFFFF,,,,,,
metrobus,metrobus_vehicle_positions_enriched,2026-09-22T04:51:14Z,2026-09-22,20260922T045111Z,d5a77d2d-d00e-4267-b494-e61f3f507ec6,,19500,1.0,04:09:55,20260922,69470,1029,1230070,19.389286041259766,-99.17388153076172,168.0,33.0,118.8,,,,1790052599,2026-09-21 22:49:59-06:00,,,1,L01a07-2 el caminero - indios verdes,,3,D40D0D,FFFFFF,,,,,,
metrobus,metrobus_vehicle_positions_enriched,2026-09-22T04:51:14Z,2026-09-22,20260922T045111Z,a6115e5f-ed7a-465a-af29-e4d6749eee83,,19499,0.0,04:42:01,20260922,69469,1028,1230069,19.499574661254883,-99.11978912353516,191.0,0.0,0.0,,,,1790052648,2026-09-21 22:50:48-06:00,,,1,L01a07-1 indios verdes - el caminero,,3,D40D0D,FFFFFF,,,,,,
metrobus,metrobus_vehicle_positions_enriched,2026-09-22T04:51:14Z,2026-09-22,20260922T045111Z,4709dc03-0d15-4bbe-8126-fe80cbbc1ed6,,19563,0.0,03:52:01,20260922,69701,2359,1250135,19.389366149902344,-99.05866241455078,0.0,0.0,0.0,,,,1790050900,2026-09-21 22:21:40-06:00,,,2,L02c01-1 tepalcates - tacubaya,,3,8D1A96,FFFFFF,,,,,,
metrobus,metrobus_vehicle_positions_enriched,2026-09-22T04:51:14Z,2026-09-22,20260922T045111Z,8861ad6b-3525-4c9e-afc3-7fae47bcd9fa,,19500,1.0,03:56:13,20260922,69468,1027,1230068,19.4103946685791,-99.16703033447266,167.0,0.0,0.0,,,,1790052656,2026-09-21 22:50:56-06:00,,,1,L01a07-2 el caminero - indios verdes,,3,D40D0D,FFFFFF,,,,,,
metrobus,metrobus_vehicle_positions_enriched,2026-09-22T04:51:14Z,2026-09-22,20260922T045111Z,1011d8ec-eccc-4fc1-b4ed-4573638b46d9,,19565,1.0,04:34:24,20260922,69700,2358,1250133,19.397260665893555,-99.1045913696289,968.0,40.0,144.0,,,,1790052658,2026-09-21 22:50:58-06:00,,,2,L02c02-2 etiopía l3 - tepalcates,,3,8D1A96,FFFFFF,,,,,,
metrobus,metrobus_vehicle_positions_enriched,2026-09-22T04:51:14Z,2026-09-22,20260922T045111Z,eceec8a3-f49b-4aae-8d9f-b6af1f91d039,,19500,1.0,04:15:09,20260922,69467,1026,1230067,19.382522583007812,-99.17606353759766,162.0,0.0,0.0,,,,1790052648,2026-09-21 22:50:48-06:00,,,1,L01a07-2 el caminero - indios verdes,,3,D40D0D,FFFFFF,,,,,,
metrobus,metrobus_vehicle_positions_enriched,2026-09-22T04:51:14Z,2026-09-22,20260922T045111Z,4991a974-2a09-4d90-9976-e49c9b3f54d5,,19579,1.0,04:41:20,20260922,69925,840,1280154,19.424936294555664,-99.17179107666016,819.0,26.0,93.60000000000001,,,,1790052652,2026-09-21 22:50:52-06:00,,,7,L07h02-2 campo marte - hospital infantil,,3,116633,FFFFFF,,,,,,
metrobus,metrobus_vehicle_positions_enriched,2026-09-22T04:51:14Z,2026-09-22,20260922T045111Z,334ebdae-99af-4bc1-a3fa-6d5b0a7926e1,,19563,0.0,04:34:19,20260922,69699,2357,1250129,19.38907241821289,-99.0582046508789,0.0,0.0,0.0,,,,1790052650,2026-09-21 22:50:50-06:00,,,2,L02c01-1 tepalcates - tacubaya,,3,8D1A96,FFFFFF,,,,,,
metrobus,metrobus_vehicle_positions_enriched,2026-09-22T04:51:14Z,2026-09-22,20260922T045111Z,ba580991-6b18-45b0-bfa1-f35670734bd2,,19578,0.0,04:12:25,20260922,69926,841,1280155,19.4241886138916,-99.18095397949219,279.0,33.0,118.8,,,,1790052649,2026-09-21 22:50:49-06:00,,,7,L07h02-1 hospital infantil - campo marte,,3,116633,FFFFFF,,,,,,
metrobus,metrobus_vehicle_positions_enriched,2026-09-22T04:51:14Z,2026-09-22,20260922T045111Z,8fa6212a-7efa-44b1-9a81-77690d84aec3,,19563,0.0,03:39:13,20260922,69698,2356,1250132,19.38906478881836,-99.05934143066406,327.0,0.0,0.0,,,,1790051488,2026-09-21 22:31:28-06:00,,,2,L02c01-1 tepalcates - tacubaya,,3,8D1A96,FFFFFF,,,,,,
metrobus,metrobus_vehicle_positions_enriched,2026-09-22T04:51:14Z,2026-09-22,20260922T045111Z,1fe845e4-c943-4228-9843-09eeeec51a66,,19491,1.0,04:26:28,20260922,69466,1025,1230066,19.425844192504883,-99.16191864013672,229.0,49.0,176.4,,,,1790052650,2026-09-21 22:50:50-06:00,,,1,L01a01-2 dr. gálvez - indios verdes,,3,D40D0D,FFFFFF,,,,,,
metrobus,metrobus_vehicle_positions_enriched,2026-09-22T04:51:14Z,2026-09-22,20260922T045111Z,efa24dba-b9a5-4808-8640-6cc6bec60580,,19497,0.0,04:31:20,20260922,69971,1267,1230131,19.408376693725586,-99.16778564453125,197.0,0.0,0.0,,,,1790052652,2026-09-21 22:50:52-06:00,,,1,L01a03-1 buenavista - el caminero,,3,D40D0D,FFFFFF,,,,,,
metrobus,metrobus_vehicle_positions_enriched,2026-09-22T04:51:14Z,2026-09-22,20260922T045111Z,b69a7f08-1d6e-4825-aad2-51c88954a75f,,19500,1.0,03:42:33,20260922,69970,1266,1230113,19.43589210510254,-99.15724182128906,244.0,0.0,0.0,,,,1790052651,2026-09-21 22:50:51-06:00,,,1,L01a07-2 el caminero - indios verdes,,3,D40D0D,FFFFFF,,,,,,
metrobus,metrobus_vehicle_positions_enriched,2026-09-22T04:51:14Z,2026-09-22,20260922T045111Z,57d1b09a-8c5a-4cff-84ae-237d23153efd,,,,,,69927,842,1280156,19.48719024658203,-99.11377716064453,202.0,0.0,0.0,,,,1790052653,2026-09-21 22:50:53-06:00,,,,,,,,,,,,,,
metrobus,metrobus_vehicle_positions_enriched,2026-09-22T04:51:14Z,2026-09-22,20260922T045111Z,986755d9-d81f-44a4-b48d-71cefdcfeefe,,19499,0.0,04:32:23,20260922,69465,1024,1230065,19.499528884887695,-99.11966705322266,200.0,0.0,0.0,,,,1790052658,2026-09-21 22:50:58-06:00,,,1,L01a07-1 indios verdes - el caminero,,3,D40D0D,FFFFFF,,,,,,
metrobus,metrobus_vehicle_positions_enriched,2026-09-22T04:51:14Z,2026-09-22,20260922T045111Z,45abb538-fa44-4fdd-aa8c-22c5866ca263,,19564,0.0,04:49:07,20260922,69697,2355,1250131,19.385257720947266,-99.05182647705078,209.0,0.0,0.0,,,,1790052652,2026-09-21 22:50:52-06:00,,,2,L02c02-1 tepalcates - etiopía l3,,3,8D1A96,FFFFFF,,,,,,
metrobus,metrobus_vehicle_positions_enriched,2026-09-22T04:51:14Z,2026-09-22,20260922T045111Z,5336c98e-2251-408e-a4c1-a8267c5f77d4,,19563,0.0,03:37:43,20260922,69696,2354,1250130,19.389118194580078,-99.05929565429688,330.0,0.0,0.0,,,,1790049951,2026-09-21 22:05:51-06:00,,,2,L02c01-1 tepalcates - tacubaya,,3,8D1A96,FFFFFF,,,,,,
metrobus,metrobus_vehicle_positions_enriched,2026-09-22T04:51:14Z,2026-09-22,20260922T045111Z,aafe9661-2097-40eb-a6ea-41f43687c5b1,,19559,0.0,03:50:12,20260922,69544,601,1280001,19.33381462097168,-99.11320495605469,185.0,2.0,7.2,,,,1790052658,2026-09-21 22:50:58-06:00,,,5,L05f05-1 río de los remedios - preparatoria 1,,3,141982,FFFFFF,,,,,,
metrobus,metrobus_vehicle_positions_enriched,2026-09-22T04:51:14Z,2026-09-22,20260922T045111Z,3d74b1ae-249c-4e05-8b99-b525eb308aa0,,19494,0.0,04:11:43,20260922,69464,1023,1230064,19.499347686767578,-99.11923217773438,125.0,0.0,0.0,,,,1790050740,2026-09-21 22:19:00-06:00,,,1,L01a02-1 indios verdes - insurgentes,,3,D40D0D,FFFFFF,,,,,,
metrobus,metrobus_vehicle_positions_enriched,2026-09-22T04:51:14Z,2026-09-22,20260922T045111Z,3a6bb024-2a84-439f-bd76-63a70c479f65,,19577,1.0,04:04:36,20260922,69928,843,1280157,19.475360870361328,-99.12223815917969,215.0,4.0,14.4,,,,1790052648,2026-09-21 22:50:48-06:00,,,7,L07h01-2 campo marte - indios verdes,,3,116633,FFFFFF,,,,,,
metrobus,metrobus_vehicle_positions_enriched,2026-09-22T04:51:14Z,2026-09-22,20260922T045111Z,8563be03-d47a-4bf3-be66-6ddb58286c64,,19558,1.0,04:32:57,20260922,69545,602,1280002,19.3295955657959,-99.11346435546875,620.0,19.0,68.4,,,,1790052662,2026-09-21 22:51:02-06:00,,,5,L05f05-2 preparatoria 1 - río de los remedios,,3,141982,FFFFFF,,,,,,
metrobus,metrobus_vehicle_positions_enriched,2026-09-22T04:51:14Z,2026-09-22,20260922T045111Z,9612a015-60cc-4a15-9b0a-a87060746285,,19576,0.0,04:23:18,20260922,69929,844,1280158,19.433273315429688,-99.15475463867188,259.0,33.0,118.8,,,,1790052656,2026-09-21 22:50:56-06:00,,,7,L07h01-1 indios verdes - campo marte,,3,116633,FFFFFF,,,,,,
metrobus,metrobus_vehicle_positions_enriched,2026-09-22T04:51:14Z,2026-09-22,20260922T045111Z,65f84e9b-d5f4-4caf-9fce-bd7322941475,,,,,,69930,845,1280159,19.50821876525879,-99.17251586914062,0.0,0.0,0.0,,,,1784540061,2026-07-20 03:34:21-06:00,,,,,,,,,,,,,,
metrobus,metrobus_vehicle_positions_enriched,2026-09-22T04:51:14Z,2026-09-22,20260922T045111Z,cac1249f-4893-4ef2-9abe-7836f75f19b9,,19558,1.0,04:03:27,20260922,69546,603,1280003,19.437326431274414,-99.11432647705078,840.0,4.0,14.4,,,,1790052654,2026-09-21 22:50:54-06:00,,,5,L05f05-2 preparatoria 1 - río de los remedios,,3,141982,FFFFFF,,,,,,
metrobus,metrobus_vehicle_positions_enriched,2026-09-22T04:51:14Z,2026-09-22,20260922T045111Z,6cea8b39-821f-4963-8952-8cca6680b447,,19576,0.0,03:25:36,20260922,69931,846,1280160,19.48865509033203,-99.12779998779297,290.0,23.0,82.8,,,,1790052658,2026-09-21 22:50:58-06:00,,,7,L07h01-1 indios verdes - campo marte,,3,116633,FFFFFF,,,,,,
metrobus,metrobus_vehicle_positions_enriched,2026-09-22T04:51:14Z,2026-09-22,20260922T045111Z,ee5f800b-de49-44f9-8cb8-7d480517bb16,,19558,1.0,04:19:34,20260922,69548,605,1280005,19.38272476196289,-99.11079406738281,346.0,11.0,39.6,,,,1790052658,2026-09-21 22:50:58-06:00,,,5,L05f05-2 preparatoria 1 - río de los remedios,,3,141982,FFFFFF,,,,,,
metrobus,metrobus_vehicle_positions_enriched,2026-09-22T04:51:14Z,2026-09-22,20260922T045111Z,6be255e6-c373-419d-b8d8-64d8603affe5,,,,,,69933,848,1280162,19.50820541381836,-99.17243194580078,0.0,0.0,0.0,,,,1790018379,2026-09-21 13:19:39-06:00,,,,,,,,,,,,,,
metrobus,metrobus_vehicle_positions_enriched,2026-09-22T04:51:14Z,2026-09-22,20260922T045111Z,1844c044-73fa-4c53-ba7e-1e5f6b4f0b4a,,20211,0.0,03:56:21,20260922,69549,606,1280006,19.487030029296875,-99.09234619140625,244.0,0.0,0.0,,,,1790050601,2026-09-21 22:16:41-06:00,,,5,L05f03-1 río de los remedios - las bombas,,3,141982,FFFFFF,,,,,,
metrobus,metrobus_vehicle_positions_enriched,2026-09-22T04:51:14Z,2026-09-22,20260922T045111Z,37c4718c-3dac-47b3-8327-80b3b7455e2d,,20211,0.0,03:52:48,20260922,69550,607,1280007,19.48695182800293,-99.09209442138672,585.0,12.0,43.2,,,,1790050195,2026-09-21 22:09:55-06:00,,,5,L05f03-1 río de los remedios - las bombas,,3,141982,FFFFFF,,,,,,
metrobus,metrobus_vehicle_positions_enriched,2026-09-22T04:51:14Z,2026-09-22,20260922T045111Z,bb6db4ba-985d-4bc0-9774-8a0347d99f2f,,,,,,69552,609,1280009,19.455781936645508,-99.10747528076172,106.0,45.0,162.0,,,,1790052641,2026-09-21 22:50:41-06:00,,,,,,,,,,,,,,
metrobus,metrobus_vehicle_positions_enriched,2026-09-22T04:51:14Z,2026-09-22,20260922T045111Z,ea18f06d-f854-4868-aa52-d90e5f5d4850,,,,,,69717,2375,1250118,19.38861656188965,-99.05946350097656,103.0,0.0,0.0,,,,1790052650,2026-09-21 22:50:50-06:00,,,,,,,,,,,,,,
metrobus,metrobus_vehicle_positions_enriched,2026-09-22T04:51:14Z,2026-09-22,20260922T045111Z,29c95c3f-e2f4-40f3-884c-3247697da17e,,19500,1.0,04:34:06,20260922,69485,1044,1230085,19.330642700195312,-99.1894760131836,353.0,50.0,180.0,,,,1790052652,2026-09-21 22:50:52-06:00,,,1,L01a07-2 el caminero - indios verdes,,3,D40D0D,FFFFFF,,,,,,
metrobus,metrobus_vehicle_positions_enriched,2026-09-22T04:51:14Z,2026-09-22,20260922T045111Z,63452ef2-a64e-4b66-be1c-c932cb8dabd7,,,,,,69716,2374,1250039,19.388538360595703,-99.05948638916016,0.0,0.0,0.0,,,,1790052650,2026-09-21 22:50:50-06:00,,,,,,,,,,,,,,
metrobus,metrobus_vehicle_positions_enriched,2026-09-22T04:51:14Z,2026-09-22,20260922T045111Z,7fd19300-50da-4004-9f0b-80d9cd618436,,19492,0.0,04:34:56,20260922,69484,1043,1230084,19.500770568847656,-99.11929321289062,113.0,0.0,0.0,,,,1790052660,2026-09-21 22:51:00-06:00,,,1,L01a01-1 indios verdes - dr. gálvez,,3,D40D0D,FFFFFF,,,,,,
metrobus,metrobus_vehicle_positions_enriched,2026-09-22T04:51:14Z,2026-09-22,20260922T045111Z,ecf848cf-202c-4cbc-9b0e-a301664b9ba2,,19500,1.0,04:21:09,20260922,69483,1042,1230083,19.376251220703125,-99.17811584472656,171.0,47.0,169.20000000000002,,,,1790052661,2026-09-21 22:51:01-06:00,,,1,L01a07-2 el caminero - indios verdes,,3,D40D0D,FFFFFF,,,,,,
metrobus,metrobus_vehicle_positions_enriched,2026-09-22T04:51:14Z,2026-09-22,20260922T045111Z,3dea04e4-6972-48bb-b557-3afec9e123ae,,19562,1.0,04:44:56,20260922,69715,2373,1250038,19.4072208404541,-99.1825942993164,109.0,12.0,43.2,,,,1790052658,2026-09-21 22:50:58-06:00,,,2,L02c01-2 tacubaya - tepalcates,,3,8D1A96,FFFFFF,,,,,,
metrobus,metrobus_vehicle_positions_enriched,2026-09-22T04:51:14Z,2026-09-22,20260922T045111Z,eb2f3ed7-fd67-4be3-a480-a42988fee57a,,19566,0.0,04:01:21,20260922,69714,2372,1250037,19.389278411865234,-99.05921936035156,0.0,0.0,0.0,,,,1790052657,2026-09-21 22:50:57-06:00,,,2,L02c03-1 tepalcates - col. del valle,,3,8D1A96,FFFFFF,,,,,,
metrobus,metrobus_vehicle_positions_enriched,2026-09-22T04:51:14Z,2026-09-22,20260922T045111Z,c2e6f509-bbce-4e18-8ad8-5c25cd2a069c,,19500,1.0,04:49:16,20260922,69482,1041,1230082,19.279573440551758,-99.16878509521484,342.0,0.0,0.0,,,,1790052662,2026-09-21 22:51:02-06:00,,,1,L01a07-2 el caminero - indios verdes,,3,D40D0D,FFFFFF,,,,,,
metrobus,metrobus_vehicle_positions_enriched,2026-09-22T04:51:14Z,2026-09-22,20260922T045111Z,4be65100-1845-4b5c-8815-d296fa6eafc3,,19562,1.0,04:00:23,20260922,69713,2371,1250036,19.384408950805664,-99.07211303710938,854.0,23.0,82.8,,,,1790052652,2026-09-21 22:50:52-06:00,,,2,L02c01-2 tacubaya - tepalcates,,3,8D1A96,FFFFFF,,,,,,
metrobus,metrobus_vehicle_positions_enriched,2026-09-22T04:51:14Z,2026-09-22,20260922T045111Z,a68a2fac-0686-4aa5-8115-5c3cbf3545b9,,19499,0.0,04:28:40,20260922,69481,1040,1230081,19.428470611572266,-99.16088104248047,205.0,34.0,122.4,,,,1790052650,2026-09-21 22:50:50-06:00,,,1,L01a07-1 indios verdes - el caminero,,3,D40D0D,FFFFFF,,,,,,
metrobus,metrobus_vehicle_positions_enriched,2026-09-22T04:51:14Z,2026-09-22,20260922T045111Z,a6027412-bc22-4ed0-9652-401158ff0251,,19566,0.0,04:00:01,20260922,69712,2370,1250035,19.40139389038086,-99.16808319091797,347.0,24.0,86.4,,,,1790052656,2026-09-21 22:50:56-06:00,,,2,L02c03-1 tepalcates - col. del valle,,3,8D1A96,FFFFFF,,,,,,
metrobus,metrobus_vehicle_positions_enriched,2026-09-22T04:51:14Z,2026-09-22,20260922T045111Z,49c11c5e-1ed5-4c95-9cf6-cb9140e4cf5c,,19500,1.0,04:04:36,20260922,69480,1039,1230080,19.39824676513672,-99.17096710205078,17.0,0.0,0.0,,,,1790052648,2026-09-21 22:50:48-06:00,,,1,L01a07-2 el caminero - indios verdes,,3,D40D0D,FFFFFF,,,,,,
metrobus,metrobus_vehicle_positions_enriched,2026-09-22T04:51:14Z,2026-09-22,20260922T045111Z,45949255-1108-419e-bbf6-08758e48f719,,19499,0.0,03:59:17,20260922,69479,1038,1230079,19.3659725189209,-99.18156433105469,193.0,0.0,0.0,,,,1790052647,2026-09-21 22:50:47-06:00,,,1,L01a07-1 indios verdes - el caminero,,3,D40D0D,FFFFFF,,,,,,
metrobus,metrobus_vehicle_positions_enriched,2026-09-22T04:51:14Z,2026-09-22,20260922T045111Z,d40604a6-382a-4174-8204-9e30d465a4ee,,19566,0.0,03:51:53,20260922,69711,2369,1250034,19.39856719970703,-99.17098999023438,197.0,0.0,0.0,,,,1790052653,2026-09-21 22:50:53-06:00,,,2,L02c03-1 tepalcates - col. del valle,,3,8D1A96,FFFFFF,,,,,,
metrobus,metrobus_vehicle_positions_enriched,2026-09-22T04:51:14Z,2026-09-22,20260922T045111Z,0a80ad5d-1dd8-4408-9612-4d23675d63df,,19565,1.0,04:16:14,20260922,69710,2368,ConPermisovencido,19.38396453857422,-99.07345581054688,724.0,0.0,0.0,,,,1790052653,2026-09-21 22:50:53-06:00,,,2,L02c02-2 etiopía l3 - tepalcates,,3,8D1A96,FFFFFF,,,,,,
metrobus,metrobus_vehicle_positions_enriched,2026-09-22T04:51:14Z,2026-09-22,20260922T045111Z,11372005-bdf4-48b1-b8c3-4807ca61ed03,,19500,1.0,04:10:15,20260922,69478,1037,1230078,19.386093139648438,-99.17493438720703,165.0,0.0,0.0,,,,1790052656,2026-09-21 22:50:56-06:00,,,1,L01a07-2 el caminero - indios verdes,,3,D40D0D,FFFFFF,,,,,,
metrobus,metrobus_vehicle_positions_enriched,2026-09-22T04:51:14Z,2026-09-22,20260922T045111Z,642344dd-63b7-4fa5-b6a2-12c70c01588c,,19567,1.0,04:19:36,20260922,69709,2367,ConPermisovencido,19.398012161254883,-99.12259674072266,891.0,37.0,133.20000000000002,,,,1790052659,2026-09-21 22:50:59-06:00,,,2,L02c03-2 col. del valle - tepalcates,,3,8D1A96,FFFFFF,,,,,,
metrobus,metrobus_vehicle_positions_enriched,2026-09-22T04:51:14Z,2026-09-22,20260922T045111Z,9082fb00-a49d-49fe-ac37-e6a9636e205c,,19491,1.0,04:13:30,20260922,69477,1036,1230077,19.414981842041016,-99.1655044555664,178.0,0.0,0.0,,,,1790052655,2026-09-21 22:50:55-06:00,,,1,L01a01-2 dr. gálvez - indios verdes,,3,D40D0D,FFFFFF,,,,,,
metrobus,metrobus_vehicle_positions_enriched,2026-09-22T04:51:14Z,2026-09-22,20260922T045111Z,6d3cba56-ce4c-4c0e-912c-575b64579737,,,,,,69476,1035,1230076,19.493606567382812,-99.1197509765625,18.0,7.0,25.2,,,,1790052662,2026-09-21 22:51:02-06:00,,,,,,,,,,,,,,
metrobus,metrobus_vehicle_positions_enriched,2026-09-22T04:51:14Z,2026-09-22,20260922T045111Z,f6f13d8e-6168-453b-94c5-b4ff3e02867c,,19559,0.0,04:35:42,20260922,69554,611,1280011,19.460222244262695,-99.10595703125,195.0,30.0,108.0,,,,1790052661,2026-09-21 22:51:01-06:00,,,5,L05f05-1 río de los remedios - preparatoria 1,,3,141982,FFFFFF,,,,,,
metrobus,metrobus_vehicle_positions_enriched,2026-09-22T04:51:14Z,2026-09-22,20260922T045111Z,f0452edd-f01f-4edb-a971-9404769e7a2d,,19564,0.0,04:35:14,20260922,69708,2366,1250040,19.389694213867188,-99.0591812133789,293.0,0.0,0.0,,,,1790052648,2026-09-21 22:50:48-06:00,,,2,L02c02-1 tepalcates - etiopía l3,,3,8D1A96,FFFFFF,,,,,,
metrobus,metrobus_vehicle_positions_enriched,2026-09-22T04:51:14Z,2026-09-22,20260922T045111Z,4104dc49-bb1e-402b-a584-daf0421397c6,,19559,0.0,04:29:18,20260922,69555,612,1280012,19.44475555419922,-99.11214447021484,199.0,3.0,10.8,,,,1790052654,2026-09-21 22:50:54-06:00,,,5,L05f05-1 río de los remedios - preparatoria 1,,3,141982,FFFFFF,,,,,,
metrobus,metrobus_vehicle_positions_enriched,2026-09-22T04:51:14Z,2026-09-22,20260922T045111Z,06dd62ea-f2ee-4e77-9998-af143ea079a6,,19565,1.0,04:06:24,20260922,69707,2365,1250116,19.393735885620117,-99.05901336669922,850.0,0.0,0.0,,,,1790052651,2026-09-21 22:50:51-06:00,,,2,L02c02-2 etiopía l3 - tepalcates,,3,8D1A96,FFFFFF,,,,,,
metrobus,metrobus_vehicle_positions_enriched,2026-09-22T04:51:14Z,2026-09-22,20260922T045111Z,5dd49735-5325-466c-9746-386545700577,,19500,1.0,03:42:14,20260922,69475,1034,1230075,19.436975479125977,-99.15669250488281,222.0,28.0,100.8,,,,1790052646,2026-09-21 22:50:46-06:00,,,1,L01a07-2 el caminero - indios verdes,,3,D40D0D,FFFFFF,,,,,,
metrobus,metrobus_vehicle_positions_enriched,2026-09-22T04:51:14Z,2026-09-22,20260922T045111Z,9be42855-227c-4400-88dc-aa4be51ccfc6,,19559,0.0,04:16:41,20260922,69557,614,1280014,19.392677307128906,-99.11390686035156,178.0,41.0,147.6,,,,1790052650,2026-09-21 22:50:50-06:00,,,5,L05f05-1 río de los remedios - preparatoria 1,,3,141982,FFFFFF,,,,,,
metrobus,metrobus_vehicle_positions_enriched,2026-09-22T04:51:14Z,2026-09-22,20260922T045111Z,69f4b60d-ea7f-4c3c-8e70-3a2810dca149,,19559,0.0,04:08:23,20260922,69559,616,1280016,19.377944946289062,-99.10914611816406,156.0,0.0,0.0,,,,1790052656,2026-09-21 22:50:56-06:00,,,5,L05f05-1 río de los remedios - preparatoria 1,,3,141982,FFFFFF,,,,,,
metrobus,metrobus_vehicle_positions_enriched,2026-09-22T04:51:14Z,2026-09-22,20260922T045111Z,ea7bed18-7b85-4922-9703-a005c233a0d3,,20296,1.0,04:15:38,20260922,69561,618,1280018,19.441513061523438,-99.1482162475586,152.0,0.0,0.0,,,,1790052664,2026-09-21 22:51:04-06:00,,,1,L31a31-2 pueblo sta cruz atoyac - indios verdes,,3,42A76B,FFFFFF,,,,,,
metrobus,metrobus_vehicle_positions_enriched,2026-09-22T04:51:14Z,2026-09-22,20260922T045111Z,c2db5ae9-0912-4616-929f-4694da7fbce9,,20296,1.0,04:27:41,20260922,69562,619,1280019,19.425682067871094,-99.15129852294922,945.0,0.0,0.0,,,,1790052647,2026-09-21 22:50:47-06:00,,,1,L31a31-2 pueblo sta cruz atoyac - indios verdes,,3,42A76B,FFFFFF,,,,,,
metrobus,metrobus_vehicle_positions_enriched,2026-09-22T04:51:14Z,2026-09-22,20260922T045111Z,63ada19b-cfae-4fbd-bc27-aa7da0058de0,,19492,0.0,03:57:52,20260922,70131,1055,1230154,19.364484786987305,-99.18193054199219,197.0,0.0,0.0,,,,1790052650,2026-09-21 22:50:50-06:00,,,1,L01a01-1 indios verdes - dr. gálvez,,3,D40D0D,FFFFFF,,,,,,
metrobus,metrobus_vehicle_positions_enriched,2026-09-22T04:51:14Z,2026-09-22,20260922T045111Z,6900115f-94f6-4368-9483-2e460cf3acd6,,19566,0.0,04:27:12,20260922,69608,2386,003A019,19.3880558013916,-99.05996704101562,105.0,0.0,0.0,,,,1790052663,2026-09-21 22:51:03-06:00,,,2,L02c03-1 tepalcates - col. del valle,,3,8D1A96,FFFFFF,,,,,,
metrobus,metrobus_vehicle_positions_enriched,2026-09-22T04:51:14Z,2026-09-22,20260922T045111Z,7585237e-4548-4916-bc00-d8ef5630c831,,,,,,70130,1054,1230153,19.49970817565918,-99.11882781982422,186.0,0.0,0.0,,,,1790048475,2026-09-21 21:41:15-06:00,,,,,,,,,,,,,,
metrobus,metrobus_vehicle_positions_enriched,2026-09-22T04:51:14Z,2026-09-22,20260922T045111Z,b8931fd9-e80d-435d-9332-ae380089ca70,,19567,1.0,03:53:54,20260922,69607,2385,003A023,19.384958267211914,-99.06047058105469,850.0,23.0,82.8,,,,1790052653,2026-09-21 22:50:53-06:00,,,2,L02c03-2 col. del valle - tepalcates,,3,8D1A96,FFFFFF,,,,,,
metrobus,metrobus_vehicle_positions_enriched,2026-09-22T04:51:14Z,2026-09-22,20260922T045111Z,880537ef-a052-4c08-a27d-3bce324fd2ec,,,,,,69606,2384,003A025,19.388267517089844,-99.05970764160156,865.0,0.0,0.0,,,,1790052660,2026-09-21 22:51:00-06:00,,,,,,,,,,,,,,
metrobus,metrobus_vehicle_positions_enriched,2026-09-22T04:51:14Z,2026-09-22,20260922T045111Z,7d4c083c-dba5-49df-9374-34fe987bd4e8,,,,,,70129,1053,1230152,19.499420166015625,-99.1190414428711,189.0,0.0,0.0,,,,1790052658,2026-09-21 22:50:58-06:00,,,,,,,,,,,,,,
metrobus,metrobus_vehicle_positions_enriched,2026-09-22T04:51:14Z,2026-09-22,20260922T045111Z,80c9ee3f-76ea-49ec-87a7-ebe484f0749c,,,,,,69722,2383,1250134,19.38840103149414,-99.05949401855469,0.0,0.0,0.0,,,,1790050026,2026-09-21 22:07:06-06:00,,,,,,,,,,,,,,
metrobus,metrobus_vehicle_positions_enriched,2026-09-22T04:51:14Z,2026-09-22,20260922T045111Z,fc067c5a-f61b-4d6a-9d5a-96e450f86cfb,,19499,0.0,03:57:09,20260922,70128,1052,1230151,19.365062713623047,-99.1818618774414,197.0,0.0,0.0,,,,1790052659,2026-09-21 22:50:59-06:00,,,1,L01a07-1 indios verdes - el caminero,,3,D40D0D,FFFFFF,,,,,,
metrobus,metrobus_vehicle_positions_enriched,2026-09-22T04:51:14Z,2026-09-22,20260922T045111Z,3672ca97-64b4-4847-80a4-f952d92921de,,19563,0.0,04:23:29,20260922,69721,2382,1250125,19.38931655883789,-99.05934143066406,184.0,0.0,0.0,,,,1790052651,2026-09-21 22:50:51-06:00,,,2,L02c01-1 tepalcates - tacubaya,,3,8D1A96,FFFFFF,,,,,,
metrobus,metrobus_vehicle_positions_enriched,2026-09-22T04:51:14Z,2026-09-22,20260922T045111Z,d384bf14-771b-440d-a69b-784737f5d28c,,,,,,70127,1051,1230150,19.499746322631836,-99.11880493164062,0.0,0.0,0.0,,,,1790052647,2026-09-21 22:50:47-06:00,,,,,,,,,,,,,,
metrobus,metrobus_vehicle_positions_enriched,2026-09-22T04:51:14Z,2026-09-22,20260922T045111Z,0279bd42-bde4-4b6c-9c5e-1e1ca1a601f7,,,,,,69491,1050,1230091,19.498584747314453,-99.11978149414062,203.0,28.0,100.8,,,,1790052657,2026-09-21 22:50:57-06:00,,,,,,,,,,,,,,
metrobus,metrobus_vehicle_positions_enriched,2026-09-22T04:51:14Z,2026-09-22,20260922T045111Z,5874c4d0-83f8-40e3-9e50-fe5cec8e25a6,,,,,,69720,2381,1250126,19.388717651367188,-99.05931854248047,0.0,0.0,0.0,,,,1789682036,2026-09-17 15:53:56-06:00,,,,,,,,,,,,,,
metrobus,metrobus_vehicle_positions_enriched,2026-09-22T04:51:14Z,2026-09-22,20260922T045111Z,33e1e87e-be45-4565-8c26-2dfd90b6f319,,19500,1.0,04:00:06,20260922,69490,1049,1230090,19.401691436767578,-99.16988372802734,152.0,0.0,0.0,,,,1790052663,2026-09-21 22:51:03-06:00,,,1,L01a07-2 el caminero - indios verdes,,3,D40D0D,FFFFFF,,,,,,
metrobus,metrobus_vehicle_positions_enriched,2026-09-22T04:51:14Z,2026-09-22,20260922T045111Z,184cd02f-ecef-4002-bd5d-922a31656b6e,,,,,,69718,2379,1250115,19.38858413696289,-99.05951690673828,0.0,0.0,0.0,,,,1790052652,2026-09-21 22:50:52-06:00,,,,,,,,,,,,,,
metrobus,metrobus_vehicle_positions_enriched,2026-09-22T04:51:14Z,2026-09-22,20260922T045111Z,ed527748-c458-480c-8328-052aa378baa9,,19559,0.0,04:00:11,20260922,69563,620,1280020,19.34307861328125,-99.11248779296875,192.0,3.0,10.8,,,,1790052650,2026-09-21 22:50:50-06:00,,,5,L05f05-1 río de los remedios - preparatoria 1,,3,141982,FFFFFF,,,,,,
metrobus,metrobus_vehicle_positions_enriched,2026-09-22T04:51:14Z,2026-09-22,20260922T045111Z,54e46d12-ed84-4992-ae4a-43a5886d1f2d,,19491,1.0,04:33:53,20260922,69489,1048,1230089,19.382041931152344,-99.17622375488281,186.0,23.0,82.8,,,,1790052658,2026-09-21 22:50:58-06:00,,,1,L01a01-2 dr. gálvez - indios verdes,,3,D40D0D,FFFFFF,,,,,,
metrobus,metrobus_vehicle_positions_enriched,2026-09-22T04:51:14Z,2026-09-22,20260922T045111Z,4414fc79-5aef-4f5a-83fe-4df4f33e0235,,19499,0.0,04:04:59,20260922,69488,1047,1230088,19.379987716674805,-99.17704772949219,197.0,0.0,0.0,,,,1790052651,2026-09-21 22:50:51-06:00,,,1,L01a07-1 indios verdes - el caminero,,3,D40D0D,FFFFFF,,,,,,
metrobus,metrobus_vehicle_positions_enriched,2026-09-22T04:51:14Z,2026-09-22,20260922T045111Z,013d5538-8047-4c9c-9016-0bdd61c45f0e,,19559,0.0,03:55:32,20260922,69564,621,1280021,19.339187622070312,-99.11309051513672,177.0,19.0,68.4,,,,1790052658,2026-09-21 22:50:58-06:00,,,5,L05f05-1 río de los remedios - preparatoria 1,,3,141982,FFFFFF,,,,,,
metrobus,metrobus_vehicle_positions_enriched,2026-09-22T04:51:14Z,2026-09-22,20260922T045111Z,64d71689-3a54-4cab-bba7-43ed9ffdc3e7,,,,,,69605,2378,1250153,19.3889217376709,-99.05948638916016,0.0,0.0,0.0,,,,1786654431,2026-08-13 14:53:51-06:00,,,,,,,,,,,,,,
metrobus,metrobus_vehicle_positions_enriched,2026-09-22T04:51:14Z,2026-09-22,20260922T045111Z,7c573332-42ec-479b-b637-487d691a066c,,20211,0.0,04:37:57,20260922,69565,622,1260200,19.48693084716797,-99.09278869628906,117.0,0.0,0.0,,,,1790052661,2026-09-21 22:51:01-06:00,,,5,L05f03-1 río de los remedios - las bombas,,3,141982,FFFFFF,,,,,,
metrobus,metrobus_vehicle_positions_enriched,2026-09-22T04:51:14Z,2026-09-22,20260922T045111Z,bca339de-b548-4743-9106-962e389283f4,,19500,1.0,04:24:23,20260922,69487,1046,1230087,19.36185646057129,-99.18277740478516,185.0,10.0,36.0,,,,1790052660,2026-09-21 22:51:00-06:00,,,1,L01a07-2 el caminero - indios verdes,,3,D40D0D,FFFFFF,,,,,,
metrobus,metrobus_vehicle_positions_enriched,2026-09-22T04:51:14Z,2026-09-22,20260922T045111Z,926aefe3-3765-47d6-9d2f-3dfd21d10c54,,,,,,69604,2377,1250152,19.38800048828125,-99.0594253540039,125.0,0.0,0.0,,,,1790050419,2026-09-21 22:13:39-06:00,,,,,,,,,,,,,,
metrobus,metrobus_vehicle_positions_enriched,2026-09-22T04:51:14Z,2026-09-22,20260922T045111Z,d663d2a6-073f-49ee-86e4-a3fca5cac55a,,19559,0.0,03:45:47,20260922,69566,623,1260199,19.32408905029297,-99.1140365600586,185.0,0.0,0.0,,,,1790052656,2026-09-21 22:50:56-06:00,,,5,L05f05-1 río de los remedios - preparatoria 1,,3,141982,FFFFFF,,,,,,
metrobus,metrobus_vehicle_positions_enriched,2026-09-22T04:51:14Z,2026-09-22,20260922T045111Z,0d27f19b-6580-4b43-92aa-6163a5bd5fca,,19500,1.0,04:03:18,20260922,69486,1045,1230086,19.39959716796875,-99.17053985595703,169.0,0.0,0.0,,,,1790052661,2026-09-21 22:51:01-06:00,,,1,L01a07-2 el caminero - indios verdes,,3,D40D0D,FFFFFF,,,,,,
metrobus,metrobus_vehicle_positions_enriched,2026-09-22T04:51:14Z,2026-09-22,20260922T045111Z,1f7158a9-6a17-49b0-8344-6c2b71461c97,,19559,0.0,03:41:51,20260922,69567,624,002A971,19.4870548248291,-99.0925064086914,0.0,0.0,0.0,,,,1790051741,2026-09-21 22:35:41-06:00,,,5,L05f05-1 río de los remedios - preparatoria 1,,3,141982,FFFFFF,,,,,,
metrobus,metrobus_vehicle_positions_enriched,2026-09-22T04:51:14Z,2026-09-22,20260922T045111Z,099dd01a-45e1-4a29-b536-3fb456af69d4,,20211,0.0,04:30:50,20260922,69568,625,002A972,19.486963272094727,-99.0926742553711,246.0,0.0,0.0,,,,1790052661,2026-09-21 22:51:01-06:00,,,5,L05f03-1 río de los remedios - las bombas,,3,141982,FFFFFF,,,,,,
metrobus,metrobus_vehicle_positions_enriched,2026-09-22T04:51:14Z,2026-09-22,20260922T045111Z,eb1dbd88-4fb1-44f7-b3b0-0ba15d80775d,,19558,1.0,04:48:51,20260922,69569,626,002A973,19.27989959716797,-99.1170654296875,163.0,19.0,68.4,,,,1790052651,2026-09-21 22:50:51-06:00,,,5,L05f05-2 preparatoria 1 - río de los remedios,,3,141982,FFFFFF,,,,,,
metrobus,metrobus_vehicle_positions_enriched,2026-09-22T04:51:14Z,2026-09-22,20260922T045111Z,b7e85623-13e7-41d0-a313-415a475edba7,,20212,1.0,04:31:37,20260922,69570,627,002A974,19.382883071899414,-99.1108169555664,347.0,12.0,43.2,,,,1790052647,2026-09-21 22:50:47-06:00,,,5,L05f03-2 las bombas - río de los remedios,,3,141982,FFFFFF,,,,,,
metrobus,metrobus_vehicle_positions_enriched,2026-09-22T04:51:14Z,2026-09-22,20260922T045111Z,78d8fae8-fb6d-46a5-bca4-8d1724a50454,,,,,,69571,628,002A975,19.48671531677246,-99.09187316894531,0.0,0.0,0.0,,,,1790030300,2026-09-21 16:38:20-06:00,,,,,,,,,,,,,,
metrobus,metrobus_vehicle_positions_enriched,2026-09-22T04:51:14Z,2026-09-22,20260922T045111Z,bc9c961d-af00-4945-8d3b-357e68aa5306,,19559,0.0,03:43:31,20260922,69572,629,002A976,19.31024169921875,-99.11109924316406,192.0,45.0,162.0,,,,1790052664,2026-09-21 22:51:04-06:00,,,5,L05f05-1 río de los remedios - preparatoria 1,,3,141982,FFFFFF,,,,,,
metrobus,metrobus_vehicle_positions_enriched,2026-09-22T04:51:14Z,2026-09-22,20260922T045111Z,23461805-d40d-4a34-a343-a4ce524c6072,,,,,,70142,1066,1300127,19.49916648864746,-99.11921691894531,192.0,0.0,0.0,,,,1790051588,2026-09-21 22:33:08-06:00,,,,,,,,,,,,,,
metrobus,metrobus_vehicle_positions_enriched,2026-09-22T04:51:14Z,2026-09-22,20260922T045111Z,7e721236-f9fb-4904-b3a1-f8987a8f4136,,,,,,70141,1065,1300126,19.340869903564453,-99.1899642944336,203.0,7.0,25.2,,,,1790052651,2026-09-21 22:50:51-06:00,,,,,,,,,,,,,,
metrobus,metrobus_vehicle_positions_enriched,2026-09-22T04:51:14Z,2026-09-22,20260922T045111Z,38d98b1e-84a8-4b2e-b2ec-6c9843741fb7,,19500,1.0,03:48:45,20260922,70140,1064,1230163,19.4277400970459,-99.16109466552734,234.0,23.0,82.8,,,,1790052662,2026-09-21 22:51:02-06:00,,,1,L01a07-2 el caminero - indios verdes,,3,D40D0D,FFFFFF,,,,,,
metrobus,metrobus_vehicle_positions_enriched,2026-09-22T04:51:14Z,2026-09-22,20260922T045111Z,9a9c6383-8b58-4d74-8910-3e1f0c5ddb35,,19499,0.0,03:46:15,20260922,70139,1063,1230162,19.323322296142578,-99.18860626220703,175.0,38.0,136.8,,,,1790052651,2026-09-21 22:50:51-06:00,,,1,L01a07-1 indios verdes - el caminero,,3,D40D0D,FFFFFF,,,,,,
metrobus,metrobus_vehicle_positions_enriched,2026-09-22T04:51:14Z,2026-09-22,20260922T045111Z,8bbe8d6c-382c-41ab-9651-8cda2ed1367a,,19497,0.0,03:41:36,20260922,70138,1062,1230161,19.292858123779297,-99.17838287353516,114.0,0.0,0.0,,,,1790052655,2026-09-21 22:50:55-06:00,,,1,L01a03-1 buenavista - el caminero,,3,D40D0D,FFFFFF,,,,,,
metrobus,metrobus_vehicle_positions_enriched,2026-09-22T04:51:14Z,2026-09-22,20260922T045111Z,5fbb782d-a429-4aa3-9eb0-aa74dbe16f2a,,19491,1.0,04:01:16,20260922,70137,1061,1230160,19.438295364379883,-99.1562728881836,226.0,29.0,104.4,,,,1790052659,2026-09-21 22:50:59-06:00,,,1,L01a01-2 dr. gálvez - indios verdes,,3,D40D0D,FFFFFF,,,,,,
metrobus,metrobus_vehicle_positions_enriched,2026-09-22T04:51:14Z,2026-09-22,20260922T045111Z,07b28402-0a96-445a-a3fa-2d7f472b32eb,,19491,1.0,04:12:02,20260922,70136,1060,1230159,19.416990280151367,-99.16487884521484,172.0,7.0,25.2,,,,1790052651,2026-09-21 22:50:51-06:00,,,1,L01a01-2 dr. gálvez - indios verdes,,3,D40D0D,FFFFFF,,,,,,
metrobus,metrobus_vehicle_positions_enriched,2026-09-22T04:51:14Z,2026-09-22,20260922T045111Z,d929d543-cd82-4d9d-8f01-07a6984eefd2,,,,,,69612,2390,003A021,19.388370513916016,-99.0594711303711,279.0,0.0,0.0,,,,1790049901,2026-09-21 22:05:01-06:00,,,,,,,,,,,,,,
metrobus,metrobus_vehicle_positions_enriched,2026-09-22T04:51:14Z,2026-09-22,20260922T045111Z,d911b27a-6ad7-48e7-b702-defe511c0c1f,,,,,,69573,630,002A977,19.48657989501953,-99.09485626220703,111.0,0.0,0.0,,,,1790052657,2026-09-21 22:50:57-06:00,,,,,,,,,,,,,,
metrobus,metrobus_vehicle_positions_enriched,2026-09-22T04:51:14Z,2026-09-22,20260922T045111Z,3cf262b8-16b3-4440-a114-8f60e03fb0d8,,,,,,70135,1059,1230158,19.499479293823242,-99.11890411376953,0.0,0.0,0.0,,,,1790052652,2026-09-21 22:50:52-06:00,,,,,,,,,,,,,,
metrobus,metrobus_vehicle_positions_enriched,2026-09-22T04:51:14Z,2026-09-22,20260922T045111Z,153ebb3e-6d0c-48c7-8eaa-808c7a79bb71,,20212,1.0,04:05:46,20260922,69574,631,002A978,19.46036720275879,-99.10558319091797,281.0,30.0,108.0,,,,1790052658,2026-09-21 22:50:58-06:00,,,5,L05f03-2 las bombas - río de los remedios,,3,141982,FFFFFF,,,,,,
metrobus,metrobus_vehicle_positions_enriched,2026-09-22T04:51:14Z,2026-09-22,20260922T045111Z,3157539b-b2fe-431f-8c52-49eada2144fc,,19565,1.0,04:20:11,20260922,69611,2389,003A024,19.38842010498047,-99.08220672607422,125.0,33.0,118.8,,,,1790052650,2026-09-21 22:50:50-06:00,,,2,L02c02-2 etiopía l3 - tepalcates,,3,8D1A96,FFFFFF,,,,,,
metrobus,metrobus_vehicle_positions_enriched,2026-09-22T04:51:14Z,2026-09-22,20260922T045111Z,1094ecba-cfc1-4f7e-9ba2-d40acf0e7bd4,,19499,0.0,04:27:46,20260922,70134,1058,1230157,19.499401092529297,-99.1191177368164,175.0,0.0,0.0,,,,1790052652,2026-09-21 22:50:52-06:00,,,1,L01a07-1 indios verdes - el caminero,,3,D40D0D,FFFFFF,,,,,,
metrobus,metrobus_vehicle_positions_enriched,2026-09-22T04:51:14Z,2026-09-22,20260922T045111Z,139f01e7-e135-4ea4-8708-5452462090af,,20211,0.0,04:23:17,20260922,69575,632,002A979,19.487218856811523,-99.09388732910156,206.0,0.0,0.0,,,,1790052203,2026-09-21 22:43:23-06:00,,,5,L05f03-1 río de los remedios - las bombas,,3,141982,FFFFFF,,,,,,
metrobus,metrobus_vehicle_positions_enriched,2026-09-22T04:51:14Z,2026-09-22,20260922T045111Z,923e33e2-b13a-4379-9f86-540900e9d377,,20211,0.0,04:49:17,20260922,69576,633,002A980,19.50202751159668,-99.0884780883789,203.0,7.0,25.2,,,,1790052662,2026-09-21 22:51:02-06:00,,,5,L05f03-1 río de los remedios - las bombas,,3,141982,FFFFFF,,,,,,
metrobus,metrobus_vehicle_positions_enriched,2026-09-22T04:51:14Z,2026-09-22,20260922T045111Z,2860053a-59bb-48e4-850f-95259868eed7,,19499,0.0,04:16:23,20260922,70133,1057,1230156,19.403636932373047,-99.16931915283203,197.0,17.0,61.2,,,,1790052647,2026-09-21 22:50:47-06:00,,,1,L01a07-1 indios verdes - el caminero,,3,D40D0D,FFFFFF,,,,,,
metrobus,metrobus_vehicle_positions_enriched,2026-09-22T04:51:14Z,2026-09-22,20260922T045111Z,aa6d7ad8-f0bb-41ed-bc89-3113f8dc8e3e,,19566,0.0,04:34:03,20260922,69610,2388,003A022,19.388120651245117,-99.0594711303711,946.0,0.0,0.0,,,,1790052652,2026-09-21 22:50:52-06:00,,,2,L02c03-1 tepalcates - col. del valle,,3,8D1A96,FFFFFF,,,,,,
metrobus,metrobus_vehicle_positions_enriched,2026-09-22T04:51:14Z,2026-09-22,20260922T045111Z,863bb8f3-7aa9-4ec2-8cb1-e48cd7f739c1,,19567,1.0,04:37:02,20260922,69609,2387,003A020,19.39645767211914,-99.1620101928711,103.0,0.0,0.0,,,,1790052655,2026-09-21 22:50:55-06:00,,,2,L02c03-2 col. del valle - tepalcates,,3,8D1A96,FFFFFF,,,,,,
metrobus,metrobus_vehicle_positions_enriched,2026-09-22T04:51:14Z,2026-09-22,20260922T045111Z,8a5dea0d-b925-40ea-b36b-3705f3d53bca,,,,,,70132,1056,1230155,19.49925422668457,-99.1189193725586,0.0,0.0,0.0,,,,1790052652,2026-09-21 22:50:52-06:00,,,,,,,,,,,,,,
metrobus,metrobus_vehicle_positions_enriched,2026-09-22T04:51:14Z,2026-09-22,20260922T045111Z,79d554ab-0e86-4d53-b8e5-44aab2402f08,,,,,,70153,1077,1230020,19.500511169433594,-99.11767578125,964.0,0.0,0.0,,,,1790050800,2026-09-21 22:20:00-06:00,,,,,,,,,,,,,,
metrobus,metrobus_vehicle_positions_enriched,2026-09-22T04:51:14Z,2026-09-22,20260922T045111Z,8ecc298a-9589-4687-a254-0416b5f0935e,,,,,,70152,1076,1230002,19.498998641967773,-99.11903381347656,0.0,0.0,0.0,,,,1790052650,2026-09-21 22:50:50-06:00,,,,,,,,,,,,,,
metrobus,metrobus_vehicle_positions_enriched,2026-09-22T04:51:14Z,2026-09-22,20260922T045111Z,4c262a53-7102-46dd-a1f4-11460ff11371,,19492,0.0,04:12:11,20260922,70151,1075,1230007,19.383882522583008,-99.17571258544922,196.0,0.0,0.0,,,,1790052652,2026-09-21 22:50:52-06:00,,,1,L01a01-1 indios verdes - dr. gálvez,,3,D40D0D,FFFFFF,,,,,,
metrobus,metrobus_vehicle_positions_enriched,2026-09-22T04:51:14Z,2026-09-22,20260922T045111Z,f7526fe6-e9cf-4b87-b761-c9b613082ad4,,19491,1.0,03:58:31,20260922,70150,1074,1300135,19.442764282226562,-99.15450286865234,143.0,21.0,75.60000000000001,,,,1790052659,2026-09-21 22:50:59-06:00,,,1,L01a01-2 dr. gálvez - indios verdes,,3,D40D0D,FFFFFF,,,,,,
metrobus,metrobus_vehicle_positions_enriched,2026-09-22T04:51:14Z,2026-09-22,20260922T045111Z,81cf4592-b9e3-4699-8247-4eb0cd8ed9c9,,19491,1.0,04:50:29,20260922,70149,1073,1300134,19.338958740234375,-99.19051361083984,173.0,0.0,0.0,,,,1790052660,2026-09-21 22:51:00-06:00,,,1,L01a01-2 dr. gálvez - indios verdes,,3,D40D0D,FFFFFF,,,,,,
metrobus,metrobus_vehicle_positions_enriched,2026-09-22T04:51:14Z,2026-09-22,20260922T045111Z,236284bc-f791-4cf8-8b80-b1e23f651cb5,,,,,,70148,1072,1300133,19.497907638549805,-99.11936950683594,202.0,0.0,0.0,,,,1790048161,2026-09-21 21:36:01-06:00,,,,,,,,,,,,,,
metrobus,metrobus_vehicle_positions_enriched,2026-09-22T04:51:14Z,2026-09-22,20260922T045111Z,3e360d1b-2c27-45a6-91ca-11d832eaa4ae,,19494,0.0,04:36:45,20260922,70147,1071,1300132,19.500585556030273,-99.11885070800781,101.0,1.0,3.6,,,,1790052656,2026-09-21 22:50:56-06:00,,,1,L01a02-1 indios verdes - insurgentes,,3,D40D0D,FFFFFF,,,,,,
metrobus,metrobus_vehicle_positions_enriched,2026-09-22T04:51:14Z,2026-09-22,20260922T045111Z,3ba82a7a-715c-4fec-b56e-c4f8138c65ca,,19499,0.0,03:31:49,20260922,70146,1070,1300131,19.293651580810547,-99.18025970458984,113.0,22.0,79.2,,,,1790052654,2026-09-21 22:50:54-06:00,,,1,L01a07-1 indios verdes - el caminero,,3,D40D0D,FFFFFF,,,,,,
metrobus,metrobus_vehicle_positions_enriched,2026-09-22T04:51:14Z,2026-09-22,20260922T045111Z,9aa6057d-cd9e-4b79-80f9-040c4c8cbbe3,,,,,,70145,1069,1300130,19.499065399169922,-99.11901092529297,187.0,0.0,0.0,,,,1790052650,2026-09-21 22:50:50-06:00,,,,,,,,,,,,,,
metrobus,metrobus_vehicle_positions_enriched,2026-09-22T04:51:14Z,2026-09-22,20260922T045111Z,277c1d1b-5ed2-49fa-8aa6-5d3a37a016f4,,19499,0.0,04:02:29,20260922,70144,1068,1300129,19.373132705688477,-99.17904663085938,195.0,28.0,100.8,,,,1790052656,2026-09-21 22:50:56-06:00,,,1,L01a07-1 indios verdes - el caminero,,3,D40D0D,FFFFFF,,,,,,
metrobus,metrobus_vehicle_positions_enriched,2026-09-22T04:51:14Z,2026-09-22,20260922T045111Z,7c93f66f-9c14-46de-8804-db4511fffbc3,,19499,0.0,04:48:33,20260922,70143,1067,1300128,19.499696731567383,-99.11968231201172,190.0,0.0,0.0,,,,1790052648,2026-09-21 22:50:48-06:00,,,1,L01a07-1 indios verdes - el caminero,,3,D40D0D,FFFFFF,,,,,,
metrobus,metrobus_vehicle_positions_enriched,2026-09-22T04:51:14Z,2026-09-22,20260922T045111Z,3de8e85e-ba68-440a-84ff-476854b6a6db,,,,,,70597,A9_TESTE,,-22.930635452270508,-43.655853271484375,205.0,32.0,115.2,,,,1789727703,2026-09-18 04:35:03-06:00,,,,,,,,,,,,,,
metrobus,metrobus_vehicle_positions_enriched,2026-09-22T04:51:14Z,2026-09-22,20260922T045111Z,2600c9bb-3dc3-437e-8f86-7acaab1c6c50,,19500,1.0,04:45:44,20260922,69945,1087,1230140,19.285003662109375,-99.17573547363281,350.0,0.0,0.0,,,,1790052661,2026-09-21 22:51:01-06:00,,,1,L01a07-2 el caminero - indios verdes,,3,D40D0D,FFFFFF,,,,,,
metrobus,metrobus_vehicle_positions_enriched,2026-09-22T04:51:14Z,2026-09-22,20260922T045111Z,484d0935-21c5-40b0-a103-d0a9aa58fc1c,,,,,,69944,1086,1230139,19.32068634033203,-99.17225646972656,353.0,0.0,0.0,,,,1790052660,2026-09-21 22:51:00-06:00,,,,,,,,,,,,,,
metrobus,metrobus_vehicle_positions_enriched,2026-09-22T04:51:14Z,2026-09-22,20260922T045111Z,52d0bff0-b2a8-45c0-b079-495b09c2dfeb,,,,,,69943,1085,1230138,19.325162887573242,-99.17678833007812,0.0,0.0,0.0,,,,1790050002,2026-09-21 22:06:42-06:00,,,,,,,,,,,,,,
metrobus,metrobus_vehicle_positions_enriched,2026-09-22T04:51:14Z,2026-09-22,20260922T045111Z,f3063dab-a1f4-447f-a691-5f152ff78113,,,,,,69942,1084,1230137,19.32241439819336,-99.1728286743164,348.0,0.0,0.0,,,,1790010521,2026-09-21 11:08:41-06:00,,,,,,,,,,,,,,
metrobus,metrobus_vehicle_positions_enriched,2026-09-22T04:51:14Z,2026-09-22,20260922T045111Z,e26ffdfa-553f-4275-93ff-694377e62f8c,,19500,1.0,03:46:28,20260922,69941,1083,1230136,19.428239822387695,-99.1608657836914,228.0,6.0,21.6,,,,1790052660,2026-09-21 22:51:00-06:00,,,1,L01a07-2 el caminero - indios verdes,,3,D40D0D,FFFFFF,,,,,,
metrobus,metrobus_vehicle_positions_enriched,2026-09-22T04:51:14Z,2026-09-22,20260922T045111Z,5fb870c2-894a-4e5d-8679-a0a62e3b33de,,,,,,69940,1082,1230135,19.32146453857422,-99.1725845336914,348.0,0.0,0.0,,,,1790052654,2026-09-21 22:50:54-06:00,,,,,,,,,,,,,,
metrobus,metrobus_vehicle_positions_enriched,2026-09-22T04:51:14Z,2026-09-22,20260922T045111Z,daa4bee1-403b-4273-8eff-d6157351d165,,19497,0.0,03:35:34,20260922,69939,1081,1230134,19.28011703491211,-99.16969299316406,114.0,0.0,0.0,,,,1790052654,2026-09-21 22:50:54-06:00,,,1,L01a03-1 buenavista - el caminero,,3,D40D0D,FFFFFF,,,,,,
metrobus,metrobus_vehicle_positions_enriched,2026-09-22T04:51:14Z,2026-09-22,20260922T045111Z,cced18c5-41af-4b43-b366-cea5d71e8fe4,,19499,0.0,03:37:37,20260922,70154,1078,1230003,19.49966049194336,-99.11939239501953,0.0,0.0,0.0,,,,1790052650,2026-09-21 22:50:50-06:00,,,1,L01a07-1 indios verdes - el caminero,,3,D40D0D,FFFFFF,,,,,,
metrobus,metrobus_vehicle_positions_enriched,2026-09-22T04:51:14Z,2026-09-22,20260922T045111Z,618fb887-0949-4663-8914-209d0897b857,,,,,,69946,1091,1230144,19.322689056396484,-99.17339324951172,0.0,0.0,0.0,,,,1790050951,2026-09-21 22:22:31-06:00,,,,,,,,,,,,,,
metrobus,metrobus_vehicle_positions_enriched,2026-09-22T04:51:14Z,2026-09-22,20260922T045111Z,7930c855-7406-4cbe-833c-00b32dbe1a64,,,,,,69954,1099,1220118,19.494665145874023,-99.11943054199219,125.0,27.0,97.2,,,,1790052656,2026-09-21 22:50:56-06:00,,,,,,,,,,,,,,
metrobus,metrobus_vehicle_positions_enriched,2026-09-22T04:51:14Z,2026-09-22,20260922T045111Z,346ad005-3300-47d1-b9ba-c2f7d769b768,,19500,1.0,04:25:28,20260922,69953,1098,1210117,19.381135940551758,-99.17654418945312,172.0,31.0,111.60000000000001,,,,1790052650,2026-09-21 22:50:50-06:00,,,1,L01a07-2 el caminero - indios verdes,,3,D40D0D,FFFFFF,,,,,,
metrobus,metrobus_vehicle_positions_enriched,2026-09-22T04:51:14Z,2026-09-22,20260922T045111Z,014c4ac3-dfb5-47f1-beee-c3494f4f89d6,,19500,1.0,03:33:16,20260922,69952,1097,1230115,19.482376098632812,-99.12760162353516,383.0,38.0,136.8,,,,1790052656,2026-09-21 22:50:56-06:00,,,1,L01a07-2 el caminero - indios verdes,,3,D40D0D,FFFFFF,,,,,,
metrobus,metrobus_vehicle_positions_enriched,2026-09-22T04:51:14Z,2026-09-22,20260922T045111Z,129404d4-a371-44f0-b744-2dd4c207a619,,19497,0.0,03:56:22,20260922,69951,1096,1230149,19.31484031677246,-99.18755340576172,174.0,16.0,57.6,,,,1790052659,2026-09-21 22:50:59-06:00,,,1,L01a03-1 buenavista - el caminero,,3,D40D0D,FFFFFF,,,,,,
metrobus,metrobus_vehicle_positions_enriched,2026-09-22T04:51:14Z,2026-09-22,20260922T045111Z,2afd6021-aad0-4081-94a7-7661be565cf4,,19499,0.0,04:17:48,20260922,69950,1095,1230148,19.407079696655273,-99.168212890625,197.0,0.0,0.0,,,,1790052660,2026-09-21 22:51:00-06:00,,,1,L01a07-1 indios verdes - el caminero,,3,D40D0D,FFFFFF,,,,,,
metrobus,metrobus_vehicle_positions_enriched,2026-09-22T04:51:14Z,2026-09-22,20260922T045111Z,e8ae86d3-c9c0-4b15-8be3-1129836fcfbf,,19499,0.0,04:08:35,20260922,69949,1094,1230147,19.383317947387695,-99.1759262084961,196.0,26.0,93.60000000000001,,,,1790052661,2026-09-21 22:51:01-06:00,,,1,L01a07-1 indios verdes - el caminero,,3,D40D0D,FFFFFF,,,,,,
metrobus,metrobus_vehicle_positions_enriched,2026-09-22T04:51:14Z,2026-09-22,20260922T045111Z,b40ca2bb-b548-4c9a-8b4a-2111a2c4c101,,19499,0.0,04:32:22,20260922,69948,1093,1230146,19.435935974121094,-99.15741729736328,202.0,12.0,43.2,,,,1790052656,2026-09-21 22:50:56-06:00,,,1,L01a07-1 indios verdes - el caminero,,3,D40D0D,FFFFFF,,,,,,
metrobus,metrobus_vehicle_positions_enriched,2026-09-22T04:51:14Z,2026-09-22,20260922T045111Z,1bb5ae18-fe6c-4ff6-9687-cc2ab8d52092,,19498,1.0,04:50:43,20260922,69947,1092,1230145,19.279340744018555,-99.1690444946289,336.0,0.0,0.0,,,,1790052658,2026-09-21 22:50:58-06:00,,,1,L01a03-2 el caminero - buenavista,,3,D40D0D,FFFFFF,,,,,,
metrobus,metrobus_vehicle_positions_enriched,2026-09-22T04:51:14Z,2026-09-22,20260922T045111Z,d0168d8c-885f-4de9-acfe-0c4981a2b4f3,,,,,,69995,681,1210391,19.490074157714844,-99.09159851074219,0.0,0.0,0.0,,,,1790014893,2026-09-21 12:21:33-06:00,,,,,,,,,,,,,,
metrobus,metrobus_vehicle_positions_enriched,2026-09-22T04:51:14Z,2026-09-22,20260922T045111Z,d93b2ed0-e94c-43a1-bbcb-8da72b259fa1,,,,,,69997,683,1210396,19.49001693725586,-99.09173583984375,0.0,0.0,0.0,,,,1790010705,2026-09-21 11:11:45-06:00,,,,,,,,,,,,,,
metrobus,metrobus_vehicle_positions_enriched,2026-09-22T04:51:14Z,2026-09-22,20260922T045111Z,7a82cbf9-50b6-4730-be53-e0fd025b7ab6,,,,,,69999,685,1210392,19.491567611694336,-99.09171295166016,107.0,8.0,28.8,,,,1790052655,2026-09-21 22:50:55-06:00,,,,,,,,,,,,,,
metrobus,metrobus_vehicle_positions_enriched,2026-09-22T04:51:14Z,2026-09-22,20260922T045111Z,5fb67684-6d1f-481a-b02f-c530c95888f1,,20211,0.0,03:27:17,20260922,71108,9601,,19.487625122070312,-99.09344482421875,237.0,0.0,0.0,,,,1790052049,2026-09-21 22:40:49-06:00,,,5,L05f03-1 río de los remedios - las bombas,,3,141982,FFFFFF,,,,,,
metrobus,metrobus_vehicle_positions_enriched,2026-09-22T04:51:14Z,2026-09-22,20260922T045111Z,b4652665-549a-4419-8e2d-bc05f140facb,,,,,,71180,5001,,19.42254066467285,-99.0922622680664,272.0,0.0,0.0,,,,1790049136,2026-09-21 21:52:16-06:00,,,,,,,,,,,,,,
metrobus,metrobus_vehicle_positions_enriched,2026-09-22T04:51:14Z,2026-09-22,20260922T045111Z,5a52c869-c426-4ea2-8bcc-40e38cbabd76,,19520,1.0,04:47:52,20260922,71181,5002,,19.437692642211914,-99.1402587890625,780.0,9.0,32.4,,,,1790052652,2026-09-21 22:50:52-06:00,,,4,L04e04-2 hidalgo - pantitlán,,3,FF9A03,FFFFFF,,,,,,
metrobus,metrobus_vehicle_positions_enriched,2026-09-22T04:51:14Z,2026-09-22,20260922T045111Z,3ab6097c-43e6-4179-988f-435d4c1f953a,,19515,0.0,04:46:31,20260922,71148,5003,,19.434226989746094,-99.15321350097656,176.0,32.0,115.2,,,,1790052653,2026-09-21 22:50:53-06:00,,,4,L04e02-1 buenavista - san lázaro ote,,3,FF9A03,FFFFFF,,,,,,
metrobus,metrobus_vehicle_positions_enriched,2026-09-22T04:51:14Z,2026-09-22,20260922T045111Z,e570064f-47cb-4671-b95c-85e3f1c1bf81,,,,,,72679,5004,,19.422819137573242,-99.09346771240234,301.0,7.0,25.2,,,,1790052662,2026-09-21 22:51:02-06:00,,,,,,,,,,,,,,
metrobus,metrobus_vehicle_positions_enriched,2026-09-22T04:51:14Z,2026-09-22,20260922T045111Z,9f71ad78-0a07-481e-a77e-3974809951f5,,19564,0.0,04:26:15,20260922,69973,214,1210395,19.385496139526367,-99.044921875,60.0,0.0,0.0,,,,1790052663,2026-09-21 22:51:03-06:00,,,2,L02c02-1 tepalcates - etiopía l3,,3,8D1A96,FFFFFF,,,,,,
metrobus,metrobus_vehicle_positions_enriched,2026-09-22T04:51:14Z,2026-09-22,20260922T045111Z,00f92320-b2bd-4ae7-adc1-d95e83b8843d,,20296,1.0,04:10:09,20260922,73095,457,,19.455686569213867,-99.14500427246094,124.0,0.0,0.0,,,,1790052651,2026-09-21 22:50:51-06:00,,,1,L31a31-2 pueblo sta cruz atoyac - indios verdes,,3,42A76B,FFFFFF,,,,,,
metrobus,metrobus_vehicle_positions_enriched,2026-09-22T04:51:14Z,2026-09-22,20260922T045111Z,a8ede41a-cfa4-42a8-ab87-7d7d566cb8a3,,19559,0.0,04:28:09,20260922,69977,218,001A212,19.440444946289062,-99.11377716064453,189.0,30.0,108.0,,,,1790052637,2026-09-21 22:50:37-06:00,,,5,L05f05-1 río de los remedios - preparatoria 1,,3,141982,FFFFFF,,,,,,
metrobus,metrobus_vehicle_positions_enriched,2026-09-22T04:51:14Z,2026-09-22,20260922T045111Z,cf6fcd81-1f37-4743-a25f-dabfbbb40038,,,,,,69978,219,001A213,19.38593292236328,-99.04527282714844,295.0,0.0,0.0,,,,1789414525,2026-09-14 13:35:25-06:00,,,,,,,,,,,,,,
metrobus,metrobus_vehicle_positions_enriched,2026-09-22T04:51:14Z,2026-09-22,20260922T045111Z,139402a1-fec6-4ab4-8779-5bfa7869c349,,,,,,71171,5010,,19.418949127197266,-99.09300994873047,318.0,0.0,0.0,,,,1790052652,2026-09-21 22:50:52-06:00,,,,,,,,,,,,,,
metrobus,metrobus_vehicle_positions_enriched,2026-09-22T04:51:14Z,2026-09-22,20260922T045111Z,f7ecf969-f20a-403f-ba12-adbe680bdca9,,,,,,71178,5011,,19.422607421875,-99.09247589111328,211.0,0.0,0.0,,,,1790051990,2026-09-21 22:39:50-06:00,,,,,,,,,,,,,,
metrobus,metrobus_vehicle_positions_enriched,2026-09-22T04:51:14Z,2026-09-22,20260922T045111Z,e4e4d2b0-2cfe-49e3-8111-4d0c2ee38a65,,19517,0.0,04:30:34,20260922,71173,5012,,19.435413360595703,-99.11504364013672,986.0,0.0,0.0,,,,1790052654,2026-09-21 22:50:54-06:00,,,4,L04e08-1 buenavista - san lázaro pte,,3,FF9A03,FFFFFF,,,,,,
metrobus,metrobus_vehicle_positions_enriched,2026-09-22T04:51:14Z,2026-09-22,20260922T045111Z,f8d8081c-9c3f-476c-b37d-620fd540c135,,19519,0.0,04:38:12,20260922,71156,5013,,19.43529510498047,-99.11502838134766,273.0,14.0,50.4,,,,1790052660,2026-09-21 22:51:00-06:00,,,4,L04e04-1 pantitlán - hidalgo,,3,FF9A03,FFFFFF,,,,,,
metrobus,metrobus_vehicle_positions_enriched,2026-09-22T04:51:14Z,2026-09-22,20260922T045111Z,363386c3-b174-44b0-a79f-7d883065b382,,19520,1.0,04:05:55,20260922,71182,5014,,19.428743362426758,-99.09599304199219,297.0,27.0,97.2,,,,1790052652,2026-09-21 22:50:52-06:00,,,4,L04e04-2 hidalgo - pantitlán,,3,FF9A03,FFFFFF,,,,,,
metrobus,metrobus_vehicle_positions_enriched,2026-09-22T04:51:14Z,2026-09-22,20260922T045111Z,ae32e1d3-60fa-4940-b356-da65b73cb3e8,,,,,,72629,5015,,19.422670364379883,-99.0923843383789,29.0,6.0,21.6,,,,1790052658,2026-09-21 22:50:58-06:00,,,,,,,,,,,,,,
metrobus,metrobus_vehicle_positions_enriched,2026-09-22T04:51:14Z,2026-09-22,20260922T045111Z,85d28418-adf3-4ac1-84e0-1b067d72254a,,,,,,69814,461,1260117,19.528799057006836,-99.17020416259766,170.0,13.0,46.800000000000004,,,,1790052655,2026-09-21 22:50:55-06:00,,,,,,,,,,,,,,
metrobus,metrobus_vehicle_positions_enriched,2026-09-22T04:51:14Z,2026-09-22,20260922T045111Z,c4929eba-e66f-40a7-92af-54a2e516d86f,,,,,,69815,462,1260118,19.510839462280273,-99.15728759765625,693.0,0.0,0.0,,,,1790046152,2026-09-21 21:02:32-06:00,,,,,,,,,,,,,,
metrobus,metrobus_vehicle_positions_enriched,2026-09-22T04:51:14Z,2026-09-22,20260922T045111Z,4dfed65a-42cd-4f24-881d-608938b30239,,,,,,69979,220,001A214,19.490068435668945,-99.0916976928711,188.0,0.0,0.0,,,,1790045038,2026-09-21 20:43:58-06:00,,,,,,,,,,,,,,
metrobus,metrobus_vehicle_positions_enriched,2026-09-22T04:51:14Z,2026-09-22,20260922T045111Z,220c8090-d6ad-4b8c-85db-69311a1944e4,,19430,1.0,04:21:48,20260922,69816,463,1260119,19.526935577392578,-99.16883850097656,324.0,25.0,90.0,,,,1790052656,2026-09-21 22:50:56-06:00,,,3,L03d03-2 la raza - tenayuca,,3,7A9A01,FFFFFF,,,,,,
metrobus,metrobus_vehicle_positions_enriched,2026-09-22T04:51:14Z,2026-09-22,20260922T045111Z,3ad444b2-47f3-45b4-beba-3a04444b3353,,19566,0.0,03:51:30,20260922,69980,221,001A142,19.385393142700195,-99.04557037353516,121.0,0.0,0.0,,,,1790050731,2026-09-21 22:18:51-06:00,,,2,L02c03-1 tepalcates - col. del valle,,3,8D1A96,FFFFFF,,,,,,
metrobus,metrobus_vehicle_positions_enriched,2026-09-22T04:51:14Z,2026-09-22,20260922T045111Z,62b79e25-07f9-4bb4-aa06-c69797854f39,,19459,0.0,04:49:30,20260922,69817,464,1260120,19.526681900024414,-99.16886138916016,144.0,0.0,0.0,,,,1790052645,2026-09-21 22:50:45-06:00,,,3,L03d05-1 tenayuca - pueblo sta. cruz atoyac,,3,7A9A01,FFFFFF,,,,,,
metrobus,metrobus_vehicle_positions_enriched,2026-09-22T04:51:14Z,2026-09-22,20260922T045111Z,ca05c435-c4b5-40ed-93af-03b4f0af7fc0,,,,,,69981,222,001A143,19.38556480407715,-99.04573059082031,126.0,0.0,0.0,,,,1790000128,2026-09-21 08:15:28-06:00,,,,,,,,,,,,,,
metrobus,metrobus_vehicle_positions_enriched,2026-09-22T04:51:14Z,2026-09-22,20260922T045111Z,f19bc94a-21bf-4250-be4f-bdff85e02682,,19455,0.0,04:46:31,20260922,69818,465,1260121,19.51934051513672,-99.16368103027344,156.0,8.0,28.8,,,,1790052647,2026-09-21 22:50:47-06:00,,,3,L03d02-1 tenayuca - buenavista,,3,7A9A01,FFFFFF,,,,,,
metrobus,metrobus_vehicle_positions_enriched,2026-09-22T04:51:14Z,2026-09-22,20260922T045111Z,6908ad20-7e4d-4929-aef8-69ede6debaaa,,19566,0.0,04:29:30,20260922,69982,223,001A144,19.392135620117188,-99.08772277832031,305.0,17.0,61.2,,,,1790052650,2026-09-21 22:50:50-06:00,,,2,L02c03-1 tepalcates - col. del valle,,3,8D1A96,FFFFFF,,,,,,
metrobus,metrobus_vehicle_positions_enriched,2026-09-22T04:51:14Z,2026-09-22,20260922T045111Z,59848822-8834-40ec-b231-69dee4c0c84e,,19460,1.0,04:05:25,20260922,69819,466,1260122,19.467649459838867,-99.14369201660156,331.0,0.0,0.0,,,,1790052633,2026-09-21 22:50:33-06:00,,,3,L03d05-2 pueblo sta. cruz atoyac  - tenayuca,,3,7A9A01,FFFFFF,,,,,,
metrobus,metrobus_vehicle_positions_enriched,2026-09-22T04:51:14Z,2026-09-22,20260922T045111Z,58f91dfa-26a9-4cb4-9ce6-85993a41377d,,,,,,69983,224,001A145,19.42984390258789,-99.11569213867188,0.0,0.0,0.0,,,,1790052657,2026-09-21 22:50:57-06:00,,,,,,,,,,,,,,
metrobus,metrobus_vehicle_positions_enriched,2026-09-22T04:51:14Z,2026-09-22,20260922T045111Z,127c5277-6c9a-412f-94b5-a780a262dbe5,,19457,0.0,04:48:10,20260922,69820,467,1260123,19.5196475982666,-99.16383361816406,157.0,21.0,75.60000000000001,,,,1790052656,2026-09-21 22:50:56-06:00,,,3,L03d04-1 tenayuca - balderas,,3,7A9A01,FFFFFF,,,,,,
metrobus,metrobus_vehicle_positions_enriched,2026-09-22T04:51:14Z,2026-09-22,20260922T045111Z,adb25f79-fbce-4a08-881a-fc351d4201a7,,,,,,69984,225,001A146,19.385393142700195,-99.04539489746094,0.0,0.0,0.0,,,,1790039853,2026-09-21 19:17:33-06:00,,,,,,,,,,,,,,
metrobus,metrobus_vehicle_positions_enriched,2026-09-22T04:51:14Z,2026-09-22,20260922T045111Z,9559f444-678d-4087-ad6f-8f7db834a0b2,,19455,0.0,04:23:49,20260922,69821,468,1260124,19.457876205444336,-99.1445541381836,192.0,36.0,129.6,,,,1790052656,2026-09-21 22:50:56-06:00,,,3,L03d02-1 tenayuca - buenavista,,3,7A9A01,FFFFFF,,,,,,
metrobus,metrobus_vehicle_positions_enriched,2026-09-22T04:51:14Z,2026-09-22,20260922T045111Z,3b4dfb8a-d70a-4ed2-b59a-d713e07c90b1,,,,,,69985,226,001A147,19.385467529296875,-99.0455551147461,118.0,0.0,0.0,,,,1790001942,2026-09-21 08:45:42-06:00,,,,,,,,,,,,,,
metrobus,metrobus_vehicle_positions_enriched,2026-09-22T04:51:14Z,2026-09-22,20260922T045111Z,219ebdd7-d32b-4c15-9777-eae101406e39,,19559,0.0,04:40:45,20260922,69986,227,001A148,19.47076988220215,-99.10153198242188,202.0,22.0,79.2,,,,1790052660,2026-09-21 22:51:00-06:00,,,5,L05f05-1 río de los remedios - preparatoria 1,,3,141982,FFFFFF,,,,,,
metrobus,metrobus_vehicle_positions_enriched,2026-09-22T04:51:14Z,2026-09-22,20260922T045111Z,112cf756-44ef-4db9-9acf-fbef9b8bf29a,,,,,,69822,469,1260125,19.510826110839844,-99.1572265625,718.0,0.0,0.0,,,,1789743272,2026-09-18 08:54:32-06:00,,,,,,,,,,,,,,
metrobus,metrobus_vehicle_positions_enriched,2026-09-22T04:51:14Z,2026-09-22,20260922T045111Z,4bf523b9-871d-4239-a450-727f1c1b76d9,,19515,0.0,04:30:30,20260922,71154,5005,,19.42963981628418,-99.13621520996094,977.0,27.0,97.2,,,,1790052650,2026-09-21 22:50:50-06:00,,,4,L04e02-1 buenavista - san lázaro ote,,3,FF9A03,FFFFFF,,,,,,
metrobus,metrobus_vehicle_positions_enriched,2026-09-22T04:51:14Z,2026-09-22,20260922T045111Z,7a80371d-3fd9-4a8c-95d9-672fccc45d3b,,19564,0.0,04:27:02,20260922,69987,228,001A149,19.385290145874023,-99.04534912109375,888.0,0.0,0.0,,,,1790052541,2026-09-21 22:49:01-06:00,,,2,L02c02-1 tepalcates - etiopía l3,,3,8D1A96,FFFFFF,,,,,,
metrobus,metrobus_vehicle_positions_enriched,2026-09-22T04:51:14Z,2026-09-22,20260922T045111Z,4d40f880-2c60-4cb4-b544-f16428006679,,19562,1.0,04:36:46,20260922,69988,229,001A150,19.39708709716797,-99.16488647460938,112.0,0.0,0.0,,,,1790052648,2026-09-21 22:50:48-06:00,,,2,L02c01-2 tacubaya - tepalcates,,3,8D1A96,FFFFFF,,,,,,
metrobus,metrobus_vehicle_positions_enriched,2026-09-22T04:51:14Z,2026-09-22,20260922T045111Z,8cc99acd-a069-4506-92a2-640dab08be19,,19515,0.0,04:26:12,20260922,71223,5006,,19.427928924560547,-99.11182403564453,299.0,20.0,72.0,,,,1790052649,2026-09-21 22:50:49-06:00,,,4,L04e02-1 buenavista - san lázaro ote,,3,FF9A03,FFFFFF,,,,,,
metrobus,metrobus_vehicle_positions_enriched,2026-09-22T04:51:14Z,2026-09-22,20260922T045111Z,62fd550f-9e3f-4616-8562-c0d6290c3757,,19518,1.0,04:24:22,20260922,71172,5007,,19.433244705200195,-99.15060424804688,225.0,0.0,0.0,,,,1790052659,2026-09-21 22:50:59-06:00,,,4,L04e08-2 san lázaro pte - buenavista,,3,FF9A03,FFFFFF,,,,,,
metrobus,metrobus_vehicle_positions_enriched,2026-09-22T04:51:14Z,2026-09-22,20260922T045111Z,4a3e8d02-7fd3-48f1-b23f-eb4b31c80abe,,,,,,71175,5008,,19.43090057373047,-99.11542510986328,188.0,0.0,0.0,,,,1790052657,2026-09-21 22:50:57-06:00,,,,,,,,,,,,,,
metrobus,metrobus_vehicle_positions_enriched,2026-09-22T04:51:14Z,2026-09-22,20260922T045111Z,9fdecb36-96dd-482e-bde4-70ca340e9153,,,,,,71184,5009,,19.43866539001465,-99.13990783691406,280.0,4.0,14.4,,,,1790052649,2026-09-21 22:50:49-06:00,,,,,,,,,,,,,,
metrobus,metrobus_vehicle_positions_enriched,2026-09-22T04:51:14Z,2026-09-22,20260922T045111Z,e821f842-5e84-4fa0-9d39-b18069cd38f4,,,,,,72778,5020,,19.417024612426758,-99.07366180419922,988.0,8.0,28.8,,,,1790052654,2026-09-21 22:50:54-06:00,,,,,,,,,,,,,,
metrobus,metrobus_vehicle_positions_enriched,2026-09-22T04:51:14Z,2026-09-22,20260922T045111Z,77e68de3-8e6b-44ba-a26e-d63b3c05e300,,19519,0.0,01:29:46,20260922,71153,5021,,19.417131423950195,-99.07504272460938,245.0,24.0,86.4,,,,1790040616,2026-09-21 19:30:16-06:00,,,4,L04e04-1 pantitlán - hidalgo,,3,FF9A03,FFFFFF,,,,,,
metrobus,metrobus_vehicle_positions_enriched,2026-09-22T04:51:14Z,2026-09-22,20260922T045111Z,c0d545bd-657e-4345-935b-48fd2ba44f95,,,,,,71152,5022,,19.444982528686523,-99.15225982666016,181.0,0.0,0.0,,,,1790052651,2026-09-21 22:50:51-06:00,,,,,,,,,,,,,,
metrobus,metrobus_vehicle_positions_enriched,2026-09-22T04:51:14Z,2026-09-22,20260922T045111Z,30d22c42-50f4-4ebd-ba4a-70537762ffe6,,,,,,71176,5023,,19.493148803710938,-99.12088775634766,326.0,0.0,0.0,,,,1790052650,2026-09-21 22:50:50-06:00,,,,,,,,,,,,,,
metrobus,metrobus_vehicle_positions_enriched,2026-09-22T04:51:14Z,2026-09-22,20260922T045111Z,f07a3c75-4c3a-424a-91b3-457276d6b95b,,,,,,71155,5024,,19.422523498535156,-99.09249877929688,205.0,0.0,0.0,,,,1790051253,2026-09-21 22:27:33-06:00,,,,,,,,,,,,,,
metrobus,metrobus_vehicle_positions_enriched,2026-09-22T04:51:14Z,2026-09-22,20260922T045111Z,3563d272-326f-4507-84df-dc4c75a44ec9,,,,,,71190,5025,,19.422636032104492,-99.0921630859375,299.0,0.0,0.0,,,,1790051304,2026-09-21 22:28:24-06:00,,,,,,,,,,,,,,
metrobus,metrobus_vehicle_positions_enriched,2026-09-22T04:51:14Z,2026-09-22,20260922T045111Z,4ba94d71-2da5-4170-a362-afad1e1f97c9,,,,,,71191,5026,,19.422847747802734,-99.09214782714844,423.0,10.0,36.0,,,,1790052399,2026-09-21 22:46:39-06:00,,,,,,,,,,,,,,
metrobus,metrobus_vehicle_positions_enriched,2026-09-22T04:51:14Z,2026-09-22,20260922T045111Z,c703bfc4-eced-42b4-9666-84e2b1b66fdb,,19456,1.0,04:18:37,20260922,69823,470,1260126,19.521635055541992,-99.16466522216797,328.0,46.0,165.6,,,,1790052645,2026-09-21 22:50:45-06:00,,,3,L03d02-2 buenavista - tenayuca,,3,7A9A01,FFFFFF,,,,,,
metrobus,metrobus_vehicle_positions_enriched,2026-09-22T04:51:14Z,2026-09-22,20260922T045111Z,27e8c2e8-89d1-4f7f-bb82-ad496d16987c,,,,,,69824,471,1260127,19.528736114501953,-99.17028045654297,178.0,39.0,140.4,,,,1790052650,2026-09-21 22:50:50-06:00,,,,,,,,,,,,,,
metrobus,metrobus_vehicle_positions_enriched,2026-09-22T04:51:14Z,2026-09-22,20260922T045111Z,909dfed6-2ba6-400d-97a6-42e9caad0901,,,,,,69989,230,001A151,19.48910140991211,-99.09229278564453,111.0,0.0,0.0,,,,1790028719,2026-09-21 16:11:59-06:00,,,,,,,,,,,,,,
metrobus,metrobus_vehicle_positions_enriched,2026-09-22T04:51:14Z,2026-09-22,20260922T045111Z,220c6483-e692-4108-b2c4-34722b1a2489,,19456,1.0,04:25:53,20260922,69825,472,1260128,19.501020431518555,-99.1562271118164,342.0,36.0,129.6,,,,1790052660,2026-09-21 22:51:00-06:00,,,3,L03d02-2 buenavista - tenayuca,,3,7A9A01,FFFFFF,,,,,,
metrobus,metrobus_vehicle_positions_enriched,2026-09-22T04:51:14Z,2026-09-22,20260922T045111Z,55896ada-2811-41af-98f4-fb0756ca04db,,19566,0.0,04:32:11,20260922,69990,231,001A152,19.385276794433594,-99.04547882080078,675.0,0.0,0.0,,,,1790052661,2026-09-21 22:51:01-06:00,,,2,L02c03-1 tepalcates - col. del valle,,3,8D1A96,FFFFFF,,,,,,
metrobus,metrobus_vehicle_positions_enriched,2026-09-22T04:51:14Z,2026-09-22,20260922T045111Z,5388fac8-8aad-4e6c-9f23-3d8371cb88b2,,19563,0.0,04:08:39,20260922,69991,232,001A153,19.385562896728516,-99.04570770263672,121.0,0.0,0.0,,,,1790052099,2026-09-21 22:41:39-06:00,,,2,L02c01-1 tepalcates - tacubaya,,3,8D1A96,FFFFFF,,,,,,
metrobus,metrobus_vehicle_positions_enriched,2026-09-22T04:51:14Z,2026-09-22,20260922T045111Z,c16842fe-c486-4e86-9fd1-6db3ca7b6d87,,19558,1.0,00:31:15,20260922,69992,233,001A154,19.490083694458008,-99.09166717529297,213.0,0.0,0.0,,,,1790043071,2026-09-21 20:11:11-06:00,,,5,L05f05-2 preparatoria 1 - río de los remedios,,3,141982,FFFFFF,,,,,,
metrobus,metrobus_vehicle_positions_enriched,2026-09-22T04:51:14Z,2026-09-22,20260922T045111Z,fb8a0ea6-308e-49a8-bdf1-8b72bb8fa937,,19565,1.0,04:12:20,20260922,69994,235,001A156,19.382558822631836,-99.06099700927734,100.0,0.0,0.0,,,,1790052658,2026-09-21 22:50:58-06:00,,,2,L02c02-2 etiopía l3 - tepalcates,,3,8D1A96,FFFFFF,,,,,,
metrobus,metrobus_vehicle_positions_enriched,2026-09-22T04:51:14Z,2026-09-22,20260922T045111Z,b08860cc-9b16-49b1-90f4-191f871728b2,,19516,1.0,04:29:33,20260922,71179,5016,,19.443078994750977,-99.15237426757812,440.0,31.0,111.60000000000001,,,,1790052653,2026-09-21 22:50:53-06:00,,,4,L04e02-2 san lázaro ote - buenavista,,3,FF9A03,FFFFFF,,,,,,
metrobus,metrobus_vehicle_positions_enriched,2026-09-22T04:51:14Z,2026-09-22,20260922T045111Z,31a204f2-c6a3-41b8-9171-d38ad764d1a7,,,,,,72777,5017,,19.419658660888672,-99.09284210205078,319.0,16.0,57.6,,,,1790052650,2026-09-21 22:50:50-06:00,,,,,,,,,,,,,,
metrobus,metrobus_vehicle_positions_enriched,2026-09-22T04:51:14Z,2026-09-22,20260922T045111Z,aafff056-f960-42ef-928f-002588b13467,,19516,1.0,04:37:09,20260922,71186,5018,,19.437341690063477,-99.14617156982422,283.0,12.0,43.2,,,,1790052657,2026-09-21 22:50:57-06:00,,,4,L04e02-2 san lázaro ote - buenavista,,3,FF9A03,FFFFFF,,,,,,
metrobus,metrobus_vehicle_positions_enriched,2026-09-22T04:51:14Z,2026-09-22,20260922T045111Z,9c1422a7-bc50-4922-bb72-553454875b2a,,19518,1.0,04:31:49,20260922,71188,5019,,19.4304256439209,-99.14204406738281,276.0,0.0,0.0,,,,1790052651,2026-09-21 22:50:51-06:00,,,4,L04e08-2 san lázaro pte - buenavista,,3,FF9A03,FFFFFF,,,,,,
metrobus,metrobus_vehicle_positions_enriched,2026-09-22T04:51:14Z,2026-09-22,20260922T045111Z,52e3e776-8fcd-4b71-86f9-16cbf8da029a,,19515,0.0,04:24:12,20260922,71195,5030,,19.426902770996094,-99.11370086669922,971.0,0.0,0.0,,,,1790052649,2026-09-21 22:50:49-06:00,,,4,L04e02-1 buenavista - san lázaro ote,,3,FF9A03,FFFFFF,,,,,,
metrobus,metrobus_vehicle_positions_enriched,2026-09-22T04:51:14Z,2026-09-22,20260922T045111Z,6d3830b2-515b-4830-b1f1-ac24b7e46ea5,,,,,,71196,5031,,19.42266273498535,-99.09212493896484,294.0,0.0,0.0,,,,1790051890,2026-09-21 22:38:10-06:00,,,,,,,,,,,,,,
metrobus,metrobus_vehicle_positions_enriched,2026-09-22T04:51:14Z,2026-09-22,20260922T045111Z,252aa0f4-2c33-4ee4-a2dd-56b75ccee0f5,,,,,,71198,5032,,19.444915771484375,-99.15226745605469,185.0,0.0,0.0,,,,1790052656,2026-09-21 22:50:56-06:00,,,,,,,,,,,,,,
metrobus,metrobus_vehicle_positions_enriched,2026-09-22T04:51:14Z,2026-09-22,20260922T045111Z,891a1886-3483-4295-aa1f-1461ec8fdc52,,,,,,71202,5033,,19.422548294067383,-99.09270477294922,0.0,0.0,0.0,,,,1790047566,2026-09-21 21:26:06-06:00,,,,,,,,,,,,,,
metrobus,metrobus_vehicle_positions_enriched,2026-09-22T04:51:14Z,2026-09-22,20260922T045111Z,4f411f47-34c5-403d-bb4c-2b3ba5865484,,19517,0.0,04:46:04,20260922,71203,5034,,19.437833786010742,-99.14913177490234,101.0,19.0,68.4,,,,1790052651,2026-09-21 22:50:51-06:00,,,4,L04e08-1 buenavista - san lázaro pte,,3,FF9A03,FFFFFF,,,,,,
metrobus,metrobus_vehicle_positions_enriched,2026-09-22T04:51:14Z,2026-09-22,20260922T045111Z,cdd71150-ef60-4ca2-a316-9ccdae0fae73,,19516,1.0,04:34:20,20260922,74948,5035,,19.439489364624023,-99.15321350097656,181.0,0.0,0.0,,,,1790052637,2026-09-21 22:50:37-06:00,,,4,L04e02-2 san lázaro ote - buenavista,,3,FF9A03,FFFFFF,,,,,,
metrobus,metrobus_vehicle_positions_enriched,2026-09-22T04:51:14Z,2026-09-22,20260922T045111Z,f25bd363-b1ed-4e87-a026-ff22c477744e,,,,,,71205,5036,,19.422794342041016,-99.0924072265625,211.0,0.0,0.0,,,,1790052482,2026-09-21 22:48:02-06:00,,,,,,,,,,,,,,
metrobus,metrobus_vehicle_positions_enriched,2026-09-22T04:51:14Z,2026-09-22,20260922T045111Z,adba742d-674f-4e0e-aab4-8591240546b8,,19520,1.0,04:21:55,20260922,71207,5037,,19.416996002197266,-99.07424926757812,991.0,3.0,10.8,,,,1790052648,2026-09-21 22:50:48-06:00,,,4,L04e04-2 hidalgo - pantitlán,,3,FF9A03,FFFFFF,,,,,,
metrobus,metrobus_vehicle_positions_enriched,2026-09-22T04:51:14Z,2026-09-22,20260922T045111Z,9c1052bb-c33c-496e-b0ef-fc8058b4bdb1,,,,,,71192,5027,,19.419191360473633,-99.09306335449219,346.0,0.0,0.0,,,,1790052649,2026-09-21 22:50:49-06:00,,,,,,,,,,,,,,
metrobus,metrobus_vehicle_positions_enriched,2026-09-22T04:51:14Z,2026-09-22,20260922T045111Z,48a95ebd-b36e-429a-a0a5-982c68a328d0,,,,,,71193,5028,,19.422468185424805,-99.0923080444336,270.0,0.0,0.0,,,,1790049261,2026-09-21 21:54:21-06:00,,,,,,,,,,,,,,
metrobus,metrobus_vehicle_positions_enriched,2026-09-22T04:51:14Z,2026-09-22,20260922T045111Z,e9f9964b-5cac-45a2-94a5-fcbd59d73170,,,,,,71194,5029,,19.422504425048828,-99.09222412109375,292.0,0.0,0.0,,,,1790049376,2026-09-21 21:56:16-06:00,,,,,,,,,,,,,,
metrobus,metrobus_vehicle_positions_enriched,2026-09-22T04:51:14Z,2026-09-22,20260922T045111Z,96a4f270-d92f-4e32-9165-38c065825924,,,,,,71216,5042,,19.43069076538086,-99.11509704589844,610.0,0.0,0.0,,,,1790052651,2026-09-21 22:50:51-06:00,,,,,,,,,,,,,,
metrobus,metrobus_vehicle_positions_enriched,2026-09-22T04:51:14Z,2026-09-22,20260922T045111Z,a44749d8-e1a0-458d-b25d-4a0d3966ec90,,19515,0.0,04:18:26,20260922,71218,5043,,19.426830291748047,-99.11270141601562,888.0,44.0,158.4,,,,1790052665,2026-09-21 22:51:05-06:00,,,4,L04e02-1 buenavista - san lázaro ote,,3,FF9A03,FFFFFF,,,,,,
metrobus,metrobus_vehicle_positions_enriched,2026-09-22T04:51:14Z,2026-09-22,20260922T045111Z,dbcfd8a6-bedc-433a-ab93-02edd1d1d7eb,,19515,0.0,19:29:08,20260921,71219,5044,,19.442888259887695,-99.15238952636719,185.0,0.0,0.0,,,,1790018993,2026-09-21 13:29:53-06:00,,,4,L04e02-1 buenavista - san lázaro ote,,3,FF9A03,FFFFFF,,,,,,
metrobus,metrobus_vehicle_positions_enriched,2026-09-22T04:51:14Z,2026-09-22,20260922T045111Z,8ab31c5f-5174-4713-89bc-de9e340dd2f4,,19517,0.0,04:50:26,20260922,71217,5045,,19.441295623779297,-99.1526107788086,184.0,47.0,169.20000000000002,,,,1790052656,2026-09-21 22:50:56-06:00,,,4,L04e08-1 buenavista - san lázaro pte,,3,FF9A03,FFFFFF,,,,,,
metrobus,metrobus_vehicle_positions_enriched,2026-09-22T04:51:14Z,2026-09-22,20260922T045111Z,81ce5158-201f-4cb8-b324-39689431a2ae,,,,,,69828,9403,003A010,19.428346633911133,-99.14862823486328,12.0,9.0,32.4,,,,1790052658,2026-09-21 22:50:58-06:00,,,,,,,,,,,,,,
metrobus,metrobus_vehicle_positions_enriched,2026-09-22T04:51:14Z,2026-09-22,20260922T045111Z,ce4c61ec-9e19-49c1-ad88-ba774fbbced0,,,,,,71215,5046,,19.41695785522461,-99.07263946533203,213.0,0.0,0.0,,,,1790052655,2026-09-21 22:50:55-06:00,,,,,,,,,,,,,,
metrobus,metrobus_vehicle_positions_enriched,2026-09-22T04:51:14Z,2026-09-22,20260922T045111Z,2f5d4a7b-203d-4ede-addf-cc924c20122e,,19457,0.0,03:58:15,20260922,69829,9404,003A011,19.426860809326172,-99.14915466308594,910.0,0.0,0.0,,,,1790052659,2026-09-21 22:50:59-06:00,,,3,L03d04-1 tenayuca - balderas,,3,7A9A01,FFFFFF,,,,,,
metrobus,metrobus_vehicle_positions_enriched,2026-09-22T04:51:14Z,2026-09-22,20260922T045111Z,0dde0568-2f69-4d6f-98c2-1446965a25bf,,,,,,71213,5047,,19.418973922729492,-99.09345245361328,181.0,0.0,0.0,,,,1790052660,2026-09-21 22:51:00-06:00,,,,,,,,,,,,,,
metrobus,metrobus_vehicle_positions_enriched,2026-09-22T04:51:14Z,2026-09-22,20260922T045111Z,89faf726-e895-4909-a2c0-3ccebaba1dce,,19458,1.0,04:47:12,20260922,69826,9401,TienepermisodeSEMOVI,19.436410903930664,-99.14712524414062,960.0,9.0,32.4,,,,1790052658,2026-09-21 22:50:58-06:00,,,3,L03d04-2 balderas - tenayuca,,3,7A9A01,FFFFFF,,,,,,
metrobus,metrobus_vehicle_positions_enriched,2026-09-22T04:51:14Z,2026-09-22,20260922T045111Z,e3f83e13-d7b8-487a-bf34-e57934f33be6,,,,,,74963,5048,,19.437097549438477,-99.1453857421875,931.0,11.0,39.6,,,,1790051935,2026-09-21 22:38:55-06:00,,,,,,,,,,,,,,
metrobus,metrobus_vehicle_positions_enriched,2026-09-22T04:51:14Z,2026-09-22,20260922T045111Z,465f503d-b124-410a-b188-095a57c4ef88,,19460,1.0,04:07:46,20260922,69827,9402,003A009,19.460033416748047,-99.14402770996094,132.0,0.0,0.0,,,,1790052656,2026-09-21 22:50:56-06:00,,,3,L03d05-2 pueblo sta. cruz atoyac  - tenayuca,,3,7A9A01,FFFFFF,,,,,,
metrobus,metrobus_vehicle_positions_enriched,2026-09-22T04:51:14Z,2026-09-22,20260922T045111Z,22edd039-bf8a-4ef8-b3f4-d9b8767f016b,,,,,,71212,5040,,19.423219680786133,-99.09408569335938,301.0,0.0,0.0,,,,1790050445,2026-09-21 22:14:05-06:00,,,,,,,,,,,,,,
metrobus,metrobus_vehicle_positions_enriched,2026-09-22T04:51:14Z,2026-09-22,20260922T045111Z,f73f4ba0-c77d-4e82-8b77-5d1e716913dd,,19516,1.0,04:42:42,20260922,71209,5038,,19.43718147277832,-99.13070678710938,275.0,14.0,50.4,,,,1790052659,2026-09-21 22:50:59-06:00,,,4,L04e02-2 san lázaro ote - buenavista,,3,FF9A03,FFFFFF,,,,,,
metrobus,metrobus_vehicle_positions_enriched,2026-09-22T04:51:14Z,2026-09-22,20260922T045111Z,4a4369de-6499-471e-a480-1428b48dea09,,19517,0.0,04:36:10,20260922,71211,5039,,19.436140060424805,-99.12184143066406,976.0,17.0,61.2,,,,1790052659,2026-09-21 22:50:59-06:00,,,4,L04e08-1 buenavista - san lázaro pte,,3,FF9A03,FFFFFF,,,,,,
metrobus,metrobus_vehicle_positions_enriched,2026-09-22T04:51:14Z,2026-09-22,20260922T045111Z,edd87dba-f310-44a1-86c0-a6664ebbfe26,,19457,0.0,01:46:05,20260922,69835,9410,003A017,19.51080894470215,-99.15718841552734,706.0,0.0,0.0,,,,1790044172,2026-09-21 20:29:32-06:00,,,3,L03d04-1 tenayuca - balderas,,3,7A9A01,FFFFFF,,,,,,
metrobus,metrobus_vehicle_positions_enriched,2026-09-22T04:51:14Z,2026-09-22,20260922T045111Z,cb9f1f61-d753-49ff-923a-8f1e9621945b,,19518,1.0,04:41:35,20260922,71200,5052,,19.42355728149414,-99.13034057617188,278.0,36.0,129.6,,,,1790052653,2026-09-21 22:50:53-06:00,,,4,L04e08-2 san lázaro pte - buenavista,,3,FF9A03,FFFFFF,,,,,,
metrobus,metrobus_vehicle_positions_enriched,2026-09-22T04:51:14Z,2026-09-22,20260922T045111Z,fc9dbbb5-8792-41d9-a69d-cf4aef761526,,19519,0.0,04:34:29,20260922,71199,5053,,19.4367733001709,-99.12700653076172,276.0,17.0,61.2,,,,1790052664,2026-09-21 22:51:04-06:00,,,4,L04e04-1 pantitlán - hidalgo,,3,FF9A03,FFFFFF,,,,,,
metrobus,metrobus_vehicle_positions_enriched,2026-09-22T04:51:14Z,2026-09-22,20260922T045111Z,6584cb94-62be-412b-bffb-b263109cce81,,19460,1.0,04:31:45,20260922,69836,9411,,19.408933639526367,-99.15498352050781,360.0,36.0,129.6,,,,1790052634,2026-09-21 22:50:34-06:00,,,3,L03d05-2 pueblo sta. cruz atoyac  - tenayuca,,3,7A9A01,FFFFFF,,,,,,
metrobus,metrobus_vehicle_positions_enriched,2026-09-22T04:51:14Z,2026-09-22,20260922T045111Z,a80da002-daf5-4e32-9ff3-529a42d51c9e,,,,,,71197,5054,,19.42250633239746,-99.09260559082031,211.0,0.0,0.0,,,,1790052651,2026-09-21 22:50:51-06:00,,,,,,,,,,,,,,
metrobus,metrobus_vehicle_positions_enriched,2026-09-22T04:51:14Z,2026-09-22,20260922T045111Z,5a4c71fa-35c3-41fa-9e5b-5fdd9bbe1354,,19457,0.0,04:32:36,20260922,69839,9414,,19.488801956176758,-99.15171813964844,156.0,33.0,118.8,,,,1790052656,2026-09-21 22:50:56-06:00,,,3,L03d04-1 tenayuca - balderas,,3,7A9A01,FFFFFF,,,,,,
metrobus,metrobus_vehicle_positions_enriched,2026-09-22T04:51:14Z,2026-09-22,20260922T045111Z,27572154-f5ac-4e29-9959-a159d122a610,,,,,,72781,5056,,19.445480346679688,-99.15231323242188,170.0,0.0,0.0,,,,1790052655,2026-09-21 22:50:55-06:00,,,,,,,,,,,,,,
metrobus,metrobus_vehicle_positions_enriched,2026-09-22T04:51:14Z,2026-09-22,20260922T045111Z,1cc5eb0f-7607-4268-ba7b-9a01090e048c,,,,,,74652,5057,,19.467205047607422,-99.15357208251953,0.0,0.0,0.0,,,,1790027291,2026-09-21 15:48:11-06:00,,,,,,,,,,,,,,
metrobus,metrobus_vehicle_positions_enriched,2026-09-22T04:51:14Z,2026-09-22,20260922T045111Z,314a1600-6969-41fa-8b2f-dcf3122cb89b,,19460,1.0,04:44:00,20260922,69840,9415,,19.38504981994629,-99.15747833251953,132.0,0.0,0.0,,,,1790052662,2026-09-21 22:51:02-06:00,,,3,L03d05-2 pueblo sta. cruz atoyac  - tenayuca,,3,7A9A01,FFFFFF,,,,,,
metrobus,metrobus_vehicle_positions_enriched,2026-09-22T04:51:14Z,2026-09-22,20260922T045111Z,af74bb13-3de4-4892-b102-bd950714c306,,19457,0.0,04:20:53,20260922,69837,9412,,19.44036293029785,-99.14862060546875,195.0,6.0,21.6,,,,1790052661,2026-09-21 22:51:01-06:00,,,3,L03d04-1 tenayuca - balderas,,3,7A9A01,FFFFFF,,,,,,
metrobus,metrobus_vehicle_positions_enriched,2026-09-22T04:51:14Z,2026-09-22,20260922T045111Z,6ffcfa6e-f11a-4051-a6d3-36868f2c5a9e,,,,,,73391,5058,,19.4223575592041,-99.09185028076172,120.0,0.0,0.0,,,,1790052660,2026-09-21 22:51:00-06:00,,,,,,,,,,,,,,
metrobus,metrobus_vehicle_positions_enriched,2026-09-22T04:51:14Z,2026-09-22,20260922T045111Z,dff76ce9-dfcd-483c-bfd4-6e6726c6b374,,19460,1.0,04:33:55,20260922,69838,9413,,19.40842056274414,-99.15504455566406,370.0,42.0,151.20000000000002,,,,1790052654,2026-09-21 22:50:54-06:00,,,3,L03d05-2 pueblo sta. cruz atoyac  - tenayuca,,3,7A9A01,FFFFFF,,,,,,
metrobus,metrobus_vehicle_positions_enriched,2026-09-22T04:51:14Z,2026-09-22,20260922T045111Z,c8948fa6-d547-437e-8daf-e5b14fa49cf9,,27054,0.0,04:14:34,20260922,74648,5059,,19.42769432067871,-99.09418487548828,117.0,52.0,187.20000000000002,,,,1790052659,2026-09-21 22:50:59-06:00,,,4,L04e10-1 amajac - aicm,,3,FF9A03,FFFFFF,,,,,,
metrobus,metrobus_vehicle_positions_enriched,2026-09-22T04:51:14Z,2026-09-22,20260922T045111Z,09070c80-497b-4a44-a9a8-74c1e327cd40,,,,,,71206,5050,,19.422849655151367,-99.09254455566406,211.0,0.0,0.0,,,,1790049206,2026-09-21 21:53:26-06:00,,,,,,,,,,,,,,
metrobus,metrobus_vehicle_positions_enriched,2026-09-22T04:51:14Z,2026-09-22,20260922T045111Z,d28f5c44-3b6e-4afa-b7a0-eee297c91267,,,,,,71201,5051,,19.419113159179688,-99.0931167602539,318.0,0.0,0.0,,,,1790052660,2026-09-21 22:51:00-06:00,,,,,,,,,,,,,,
metrobus,metrobus_vehicle_positions_enriched,2026-09-22T04:51:14Z,2026-09-22,20260922T045111Z,5c0bf867-8b88-4c44-8dc3-d9b0a22ca5b7,,,,,,71208,5049,,19.444910049438477,-99.11217498779297,196.0,37.0,133.20000000000002,,,,1790052655,2026-09-21 22:50:55-06:00,,,,,,,,,,,,,,
metrobus,metrobus_vehicle_positions_enriched,2026-09-22T04:51:14Z,2026-09-22,20260922T045111Z,01423c63-b681-4e76-b855-e04bb9b94794,,19460,1.0,04:20:26,20260922,69832,9407,003A014,19.436809539794922,-99.14704895019531,730.0,24.0,86.4,,,,1790052661,2026-09-21 22:51:01-06:00,,,3,L03d05-2 pueblo sta. cruz atoyac  - tenayuca,,3,7A9A01,FFFFFF,,,,,,
metrobus,metrobus_vehicle_positions_enriched,2026-09-22T04:51:14Z,2026-09-22,20260922T045111Z,8c3777fa-7f1f-48ec-b66d-d832b8bf734c,,19460,1.0,04:17:43,20260922,74084,9405,,19.44078826904297,-99.14844512939453,162.0,0.0,0.0,,,,1790052656,2026-09-21 22:50:56-06:00,,,3,L03d05-2 pueblo sta. cruz atoyac  - tenayuca,,3,7A9A01,FFFFFF,,,,,,
metrobus,metrobus_vehicle_positions_enriched,2026-09-22T04:51:14Z,2026-09-22,20260922T045111Z,f3743ff7-1e2e-42ba-b384-71beab0524c9,,19459,0.0,03:39:30,20260922,69831,9406,003A013,19.409990310668945,-99.15520477294922,202.0,0.0,0.0,,,,1790052661,2026-09-21 22:51:01-06:00,,,3,L03d05-1 tenayuca - pueblo sta. cruz atoyac,,3,7A9A01,FFFFFF,,,,,,
metrobus,metrobus_vehicle_positions_enriched,2026-09-22T04:51:14Z,2026-09-22,20260922T045111Z,7dc99f9f-8c06-4f7a-8141-df5bd078889b,,19457,0.0,04:07:02,20260922,69834,9409,003A016,19.42866325378418,-99.14871978759766,193.0,0.0,0.0,,,,1790052659,2026-09-21 22:50:59-06:00,,,3,L03d04-1 tenayuca - balderas,,3,7A9A01,FFFFFF,,,,,,
metrobus,metrobus_vehicle_positions_enriched,2026-09-22T04:51:14Z,2026-09-22,20260922T045111Z,f02d0c77-d76a-4827-beb2-bdfcce5f1e56,,19457,0.0,04:36:17,20260922,67988,9421,,19.496137619018555,-99.154541015625,160.0,0.0,0.0,,,,1790052650,2026-09-21 22:50:50-06:00,,,3,L03d04-1 tenayuca - balderas,,3,7A9A01,FFFFFF,,,,,,
metrobus,metrobus_vehicle_positions_enriched,2026-09-22T04:51:14Z,2026-09-22,20260922T045111Z,62df449b-3a76-4933-9878-651df7312b01,,27055,1.0,04:01:54,20260922,74650,5063,,19.422494888305664,-99.09246063232422,0.0,0.0,0.0,,,,1790051655,2026-09-21 22:34:15-06:00,,,4,L04e10-2 aicm- amajac,,3,FF9A03,FFFFFF,,,,,,
metrobus,metrobus_vehicle_positions_enriched,2026-09-22T04:51:14Z,2026-09-22,20260922T045111Z,709ce5c5-e526-4d60-bff4-f7ac340b116d,,27054,0.0,02:12:37,20260922,74659,5064,,19.42962646484375,-99.13700103759766,281.0,13.0,46.800000000000004,,,,1790048921,2026-09-21 21:48:41-06:00,,,4,L04e10-1 amajac - aicm,,3,FF9A03,FFFFFF,,,,,,
metrobus,metrobus_vehicle_positions_enriched,2026-09-22T04:51:14Z,2026-09-22,20260922T045111Z,511862d2-1f47-4293-a9f9-0d3c4592d95e,,19460,1.0,03:56:19,20260922,67987,9422,,19.49800682067871,-99.15510559082031,340.0,40.0,144.0,,,,1790052653,2026-09-21 22:50:53-06:00,,,3,L03d05-2 pueblo sta. cruz atoyac  - tenayuca,,3,7A9A01,FFFFFF,,,,,,
metrobus,metrobus_vehicle_positions_enriched,2026-09-22T04:51:14Z,2026-09-22,20260922T045111Z,e364ffc7-14f6-4417-9f2c-004a153ed82b,,27054,0.0,04:12:52,20260922,74644,5065,,19.42644691467285,-99.1323471069336,988.0,0.0,0.0,,,,1790052662,2026-09-21 22:51:02-06:00,,,4,L04e10-1 amajac - aicm,,3,FF9A03,FFFFFF,,,,,,
metrobus,metrobus_vehicle_positions_enriched,2026-09-22T04:51:14Z,2026-09-22,20260922T045111Z,f3db4c8b-f9fc-4e52-a57c-33a5d0cecb03,,19430,1.0,04:50:34,20260922,69845,9420,,19.4670467376709,-99.14117431640625,217.0,0.0,0.0,,,,1790052649,2026-09-21 22:50:49-06:00,,,3,L03d03-2 la raza - tenayuca,,3,7A9A01,FFFFFF,,,,,,
metrobus,metrobus_vehicle_positions_enriched,2026-09-22T04:51:14Z,2026-09-22,20260922T045111Z,a1247e74-dd96-4867-952b-29ceb354d4dc,,,,,,74667,5066,,19.42034339904785,-99.0924301147461,356.0,0.0,0.0,,,,1790052660,2026-09-21 22:51:00-06:00,,,,,,,,,,,,,,
metrobus,metrobus_vehicle_positions_enriched,2026-09-22T04:51:14Z,2026-09-22,20260922T045111Z,e17c8479-80af-4785-8c76-4207df4a00ea,,19460,1.0,04:24:19,20260922,69850,9425,,19.4280948638916,-99.14871215820312,107.0,0.0,0.0,,,,1790052655,2026-09-21 22:50:55-06:00,,,3,L03d05-2 pueblo sta. cruz atoyac  - tenayuca,,3,7A9A01,FFFFFF,,,,,,
metrobus,metrobus_vehicle_positions_enriched,2026-09-22T04:51:14Z,2026-09-22,20260922T045111Z,d3395296-361a-4c53-8ba0-b338fb3bb295,,27057,1.0,04:18:21,20260922,74647,5067,,19.42981719970703,-99.1392593383789,276.0,36.0,129.6,,,,1790052661,2026-09-21 22:51:01-06:00,,,4,L04e11-2 aicm - buenavista,,3,FF9A03,FFFFFF,,,,,,
metrobus,metrobus_vehicle_positions_enriched,2026-09-22T04:51:14Z,2026-09-22,20260922T045111Z,34e50fe7-eaad-4639-a21c-9c36e89f7f77,,19460,1.0,03:42:17,20260922,69851,9426,,19.52237892150879,-99.16520690917969,327.0,46.0,165.6,,,,1790052652,2026-09-21 22:50:52-06:00,,,3,L03d05-2 pueblo sta. cruz atoyac  - tenayuca,,3,7A9A01,FFFFFF,,,,,,
metrobus,metrobus_vehicle_positions_enriched,2026-09-22T04:51:14Z,2026-09-22,20260922T045111Z,65883a9c-8112-47ba-bde5-88f24a8532a3,,,,,,74669,5068,,19.420364379882812,-99.0923843383789,312.0,0.0,0.0,,,,1790052654,2026-09-21 22:50:54-06:00,,,,,,,,,,,,,,
metrobus,metrobus_vehicle_positions_enriched,2026-09-22T04:51:14Z,2026-09-22,20260922T045111Z,a96e529f-5035-4566-911b-28879d351f7f,,19459,0.0,04:33:37,20260922,69848,9423,,19.49265480041504,-99.15321350097656,160.0,13.0,46.800000000000004,,,,1790052656,2026-09-21 22:50:56-06:00,,,3,L03d05-1 tenayuca - pueblo sta. cruz atoyac,,3,7A9A01,FFFFFF,,,,,,
metrobus,metrobus_vehicle_positions_enriched,2026-09-22T04:51:14Z,2026-09-22,20260922T045111Z,fa037282-13a2-4068-9dce-d6bd84f8f1b6,,19460,1.0,04:14:04,20260922,69849,9424,,19.44514274597168,-99.14738464355469,128.0,0.0,0.0,,,,1790052659,2026-09-21 22:50:59-06:00,,,3,L03d05-2 pueblo sta. cruz atoyac  - tenayuca,,3,7A9A01,FFFFFF,,,,,,
metrobus,metrobus_vehicle_positions_enriched,2026-09-22T04:51:14Z,2026-09-22,20260922T045111Z,846bec00-6af4-4d10-a156-2261020fca97,,27055,1.0,04:38:46,20260922,74651,5060,,19.428293228149414,-99.11585998535156,188.0,45.0,162.0,,,,1790052649,2026-09-21 22:50:49-06:00,,,4,L04e10-2 aicm- amajac,,3,FF9A03,FFFFFF,,,,,,
metrobus,metrobus_vehicle_positions_enriched,2026-09-22T04:51:14Z,2026-09-22,20260922T045111Z,b9ee67e8-3c60-4e05-823b-0d16bd6f0ca4,,,,,,74646,5061,,19.43545150756836,-99.1533432006836,986.0,0.0,0.0,,,,1790052654,2026-09-21 22:50:54-06:00,,,,,,,,,,,,,,
metrobus,metrobus_vehicle_positions_enriched,2026-09-22T04:51:14Z,2026-09-22,20260922T045111Z,95fb6c8e-6f18-4f12-9dd1-aa46e0f316b2,,27054,0.0,04:04:21,20260922,74660,5062,,19.423614501953125,-99.08650970458984,124.0,27.0,97.2,,,,1790052663,2026-09-21 22:51:03-06:00,,,4,L04e10-1 amajac - aicm,,3,FF9A03,FFFFFF,,,,,,
metrobus,metrobus_vehicle_positions_enriched,2026-09-22T04:51:14Z,2026-09-22,20260922T045111Z,8e973d61-d894-49f5-ac0d-2440dd26b86f,,19430,1.0,04:34:50,20260922,69843,9418,,19.502084732055664,-99.15663146972656,340.0,45.0,162.0,,,,1790052648,2026-09-21 22:50:48-06:00,,,3,L03d03-2 la raza - tenayuca,,3,7A9A01,FFFFFF,,,,,,
metrobus,metrobus_vehicle_positions_enriched,2026-09-22T04:51:14Z,2026-09-22,20260922T045111Z,62c358f2-197f-4e82-a8fe-6067f2ee947e,,19458,1.0,04:26:48,20260922,69844,9419,,19.48476791381836,-99.15018463134766,341.0,35.0,126.0,,,,1790052654,2026-09-21 22:50:54-06:00,,,3,L03d04-2 balderas - tenayuca,,3,7A9A01,FFFFFF,,,,,,
metrobus,metrobus_vehicle_positions_enriched,2026-09-22T04:51:14Z,2026-09-22,20260922T045111Z,7f771a83-4d5b-4dfa-b50c-3d22397763ba,,19457,0.0,04:25:21,20260922,69841,9416,,19.46497917175293,-99.14305114746094,197.0,43.0,154.8,,,,1790052657,2026-09-21 22:50:57-06:00,,,3,L03d04-1 tenayuca - balderas,,3,7A9A01,FFFFFF,,,,,,
metrobus,metrobus_vehicle_positions_enriched,2026-09-22T04:51:14Z,2026-09-22,20260922T045111Z,91f414c9-cde2-45ea-bc93-bea62adc3f17,,19457,0.0,04:40:57,20260922,69842,9417,,19.499853134155273,-99.15585327148438,160.0,0.0,0.0,,,,1790052659,2026-09-21 22:50:59-06:00,,,3,L03d04-1 tenayuca - balderas,,3,7A9A01,FFFFFF,,,,,,
metrobus,metrobus_vehicle_positions_enriched,2026-09-22T04:51:14Z,2026-09-22,20260922T045111Z,0de250fa-7867-44e0-8eb5-a4c1d5720b86,,19459,0.0,03:52:49,20260922,69857,9432,,19.38127326965332,-99.1585464477539,196.0,3.0,10.8,,,,1790052649,2026-09-21 22:50:49-06:00,,,3,L03d05-1 tenayuca - pueblo sta. cruz atoyac,,3,7A9A01,FFFFFF,,,,,,
metrobus,metrobus_vehicle_positions_enriched,2026-09-22T04:51:14Z,2026-09-22,20260922T045111Z,ed842429-4285-4bd2-9d30-a1ac14ba7065,,19460,1.0,04:00:38,20260922,69858,9433,,19.47857666015625,-99.14781951904297,340.0,25.0,90.0,,,,1790052651,2026-09-21 22:50:51-06:00,,,3,L03d05-2 pueblo sta. cruz atoyac  - tenayuca,,3,7A9A01,FFFFFF,,,,,,
metrobus,metrobus_vehicle_positions_enriched,2026-09-22T04:51:14Z,2026-09-22,20260922T045111Z,8d6377f1-2259-434c-a3c9-a21671998346,,,,,,75082,5075,,19.467182159423828,-99.1534652709961,0.0,0.0,0.0,,,,1789231418,2026-09-12 10:43:38-06:00,,,,,,,,,,,,,,
metrobus,metrobus_vehicle_positions_enriched,2026-09-22T04:51:14Z,2026-09-22,20260922T045111Z,6ef7b445-6d40-44e0-913f-50db1b050947,,19459,0.0,04:01:59,20260922,69855,9430,,19.422107696533203,-99.15399932861328,184.0,44.0,158.4,,,,1790052650,2026-09-21 22:50:50-06:00,,,3,L03d05-1 tenayuca - pueblo sta. cruz atoyac,,3,7A9A01,FFFFFF,,,,,,
metrobus,metrobus_vehicle_positions_enriched,2026-09-22T04:51:14Z,2026-09-22,20260922T045111Z,d250f81d-cc72-48ac-b279-04727f8a847c,,19457,0.0,04:48:50,20260922,69856,9431,,19.52621078491211,-99.1683578491211,143.0,22.0,79.2,,,,1790052650,2026-09-21 22:50:50-06:00,,,3,L03d04-1 tenayuca - balderas,,3,7A9A01,FFFFFF,,,,,,
metrobus,metrobus_vehicle_positions_enriched,2026-09-22T04:51:14Z,2026-09-22,20260922T045111Z,28a01ed7-e8f1-4059-bc45-8a1e6f7ccbaf,,,,,,69861,9436,,19.426490783691406,-99.14910888671875,930.0,0.0,0.0,,,,1790052652,2026-09-21 22:50:52-06:00,,,,,,,,,,,,,,
metrobus,metrobus_vehicle_positions_enriched,2026-09-22T04:51:14Z,2026-09-22,20260922T045111Z,92d4c309-8cd4-4208-af85-04f920b2bdb6,,19457,0.0,04:14:58,20260922,69862,9437,,19.433378219604492,-99.14749145507812,189.0,0.0,0.0,,,,1790052653,2026-09-21 22:50:53-06:00,,,3,L03d04-1 tenayuca - balderas,,3,7A9A01,FFFFFF,,,,,,
metrobus,metrobus_vehicle_positions_enriched,2026-09-22T04:51:14Z,2026-09-22,20260922T045111Z,4b28f654-f6e3-46c4-a519-f49ec4ca2b84,,19457,0.0,04:41:37,20260922,69859,9434,,19.500368118286133,-99.15601348876953,159.0,12.0,43.2,,,,1790052660,2026-09-21 22:51:00-06:00,,,3,L03d04-1 tenayuca - balderas,,3,7A9A01,FFFFFF,,,,,,
metrobus,metrobus_vehicle_positions_enriched,2026-09-22T04:51:14Z,2026-09-22,20260922T045111Z,9a131510-ff4b-4192-9152-67d54c6cf959,,19459,0.0,04:29:08,20260922,69860,9435,,19.47239112854004,-99.14556884765625,160.0,37.0,133.20000000000002,,,,1790052647,2026-09-21 22:50:47-06:00,,,3,L03d05-1 tenayuca - pueblo sta. cruz atoyac,,3,7A9A01,FFFFFF,,,,,,
metrobus,metrobus_vehicle_positions_enriched,2026-09-22T04:51:14Z,2026-09-22,20260922T045111Z,db963be6-a1d6-43eb-aea0-0262a571c7c7,,,,,,73390,5070,,19.422771453857422,-99.09224700927734,305.0,0.0,0.0,,,,1790051080,2026-09-21 22:24:40-06:00,,,,,,,,,,,,,,
metrobus,metrobus_vehicle_positions_enriched,2026-09-22T04:51:14Z,2026-09-22,20260922T045111Z,c8c487bc-2915-402d-a99e-ea024e0c73c7,,,,,,74668,5071,,19.420692443847656,-99.07818603515625,309.0,14.0,50.4,,,,1790052658,2026-09-21 22:50:58-06:00,,,,,,,,,,,,,,
metrobus,metrobus_vehicle_positions_enriched,2026-09-22T04:51:14Z,2026-09-22,20260922T045111Z,0f073498-80e6-4238-9d93-d6ddbbcbf1ed,,27054,0.0,04:18:56,20260922,74658,5072,,19.427762985229492,-99.11177062988281,141.0,3.0,10.8,,,,1790052656,2026-09-21 22:50:56-06:00,,,4,L04e10-1 amajac - aicm,,3,FF9A03,FFFFFF,,,,,,
metrobus,metrobus_vehicle_positions_enriched,2026-09-22T04:51:14Z,2026-09-22,20260922T045111Z,ed7fb45d-e9ba-483a-aae6-f90d53381487,,19455,0.0,04:30:12,20260922,70493,9429,,19.479633331298828,-99.1483154296875,159.0,0.0,0.0,,,,1790052662,2026-09-21 22:51:02-06:00,,,3,L03d02-1 tenayuca - buenavista,,3,7A9A01,FFFFFF,,,,,,
metrobus,metrobus_vehicle_positions_enriched,2026-09-22T04:51:14Z,2026-09-22,20260922T045111Z,0588c208-9504-4496-9174-fc594dab764d,,19458,1.0,04:31:11,20260922,69852,9427,,19.4743595123291,-99.14623260498047,340.0,0.0,0.0,,,,1790052656,2026-09-21 22:50:56-06:00,,,3,L03d04-2 balderas - tenayuca,,3,7A9A01,FFFFFF,,,,,,
metrobus,metrobus_vehicle_positions_enriched,2026-09-22T04:51:14Z,2026-09-22,20260922T045111Z,7eef8413-7784-46c8-bdeb-a38d81f725f6,,,,,,69853,9428,,19.426359176635742,-99.1490707397461,109.0,0.0,0.0,,,,1790052648,2026-09-21 22:50:48-06:00,,,,,,,,,,,,,,
metrobus,metrobus_vehicle_positions_enriched,2026-09-22T04:51:14Z,2026-09-22,20260922T045111Z,466a0187-2236-4585-b4b1-02cb92a0071c,,19458,1.0,04:15:52,20260922,69868,9443,,19.508853912353516,-99.15931701660156,340.0,0.0,0.0,,,,1790052646,2026-09-21 22:50:46-06:00,,,3,L03d04-2 balderas - tenayuca,,3,7A9A01,FFFFFF,,,,,,
metrobus,metrobus_vehicle_positions_enriched,2026-09-22T04:51:14Z,2026-09-22,20260922T045111Z,f60957d4-65bc-4eb9-98a0-bbe30454db6e,,19457,0.0,04:26:22,20260922,69869,9444,,19.46562957763672,-99.14302062988281,165.0,36.0,129.6,,,,1790052658,2026-09-21 22:50:58-06:00,,,3,L03d04-1 tenayuca - balderas,,3,7A9A01,FFFFFF,,,,,,
metrobus,metrobus_vehicle_positions_enriched,2026-09-22T04:51:14Z,2026-09-22,20260922T045111Z,c1bc0aef-5235-4a4f-a330-939218392d0d,,19459,0.0,04:11:54,20260922,69866,9441,,19.42780303955078,-99.14867401123047,190.0,0.0,0.0,,,,1790052658,2026-09-21 22:50:58-06:00,,,3,L03d05-1 tenayuca - pueblo sta. cruz atoyac,,3,7A9A01,FFFFFF,,,,,,
metrobus,metrobus_vehicle_positions_enriched,2026-09-22T04:51:14Z,2026-09-22,20260922T045111Z,772cd6e4-a293-48bb-872b-b618bc179744,,,,,,69867,9442,,19.426103591918945,-99.15252685546875,255.0,24.0,86.4,,,,1790052660,2026-09-21 22:51:00-06:00,,,,,,,,,,,,,,
metrobus,metrobus_vehicle_positions_enriched,2026-09-22T04:51:14Z,2026-09-22,20260922T045111Z,28bb1c09-6b1a-4057-9609-794473f4ee87,,19456,1.0,04:33:14,20260922,69872,9447,,19.479917526245117,-99.1483383178711,340.0,24.0,86.4,,,,1790052650,2026-09-21 22:50:50-06:00,,,3,L03d02-2 buenavista - tenayuca,,3,7A9A01,FFFFFF,,,,,,
metrobus,metrobus_vehicle_positions_enriched,2026-09-22T04:51:14Z,2026-09-22,20260922T045111Z,361951c2-4981-4e0c-b4e4-4183eb1063bb,,19457,0.0,04:37:53,20260922,69873,9448,,19.497867584228516,-99.15512084960938,160.0,39.0,140.4,,,,1790052656,2026-09-21 22:50:56-06:00,,,3,L03d04-1 tenayuca - balderas,,3,7A9A01,FFFFFF,,,,,,
metrobus,metrobus_vehicle_positions_enriched,2026-09-22T04:51:14Z,2026-09-22,20260922T045111Z,79d424d2-185b-40e3-85a7-37c16789f976,,,,,,69870,9445,,19.44646453857422,-99.15248107910156,280.0,0.0,0.0,,,,1790052654,2026-09-21 22:50:54-06:00,,,,,,,,,,,,,,
metrobus,metrobus_vehicle_positions_enriched,2026-09-22T04:51:14Z,2026-09-22,20260922T045111Z,aa9ca0a6-864f-437a-979d-ff84f88886bf,,19458,1.0,04:35:11,20260922,69871,9446,,19.463245391845703,-99.14395904541016,356.0,0.0,0.0,,,,1790052645,2026-09-21 22:50:45-06:00,,,3,L03d04-2 balderas - tenayuca,,3,7A9A01,FFFFFF,,,,,,
metrobus,metrobus_vehicle_positions_enriched,2026-09-22T04:51:14Z,2026-09-22,20260922T045111Z,48e81148-f5ed-4cb7-85d0-19699a4c7ace,,19459,0.0,04:43:55,20260922,69865,9440,,19.509977340698242,-99.15914154052734,731.0,7.0,25.2,,,,1790052657,2026-09-21 22:50:57-06:00,,,3,L03d05-1 tenayuca - pueblo sta. cruz atoyac,,3,7A9A01,FFFFFF,,,,,,
metrobus,metrobus_vehicle_positions_enriched,2026-09-22T04:51:14Z,2026-09-22,20260922T045111Z,a25962f6-1085-4847-a5f0-272066225228,,,,,,69863,9438,,19.368295669555664,-99.16179656982422,125.0,24.0,86.4,,,,1790052647,2026-09-21 22:50:47-06:00,,,,,,,,,,,,,,
metrobus,metrobus_vehicle_positions_enriched,2026-09-22T04:51:14Z,2026-09-22,20260922T045111Z,f3ced5ef-61a7-40db-90f5-43e1724abc21,,19460,1.0,03:45:57,20260922,69864,9439,,19.513324737548828,-99.16105651855469,338.0,35.0,126.0,,,,1790052648,2026-09-21 22:50:48-06:00,,,3,L03d05-2 pueblo sta. cruz atoyac  - tenayuca,,3,7A9A01,FFFFFF,,,,,,
metrobus,metrobus_vehicle_positions_enriched,2026-09-22T04:51:14Z,2026-09-22,20260922T045111Z,80c2736e-5d5b-4322-b4e2-7deaf6ffcdea,,19458,1.0,04:17:32,20260922,69879,9454,,19.508806228637695,-99.15926361083984,339.0,11.0,39.6,,,,1790052656,2026-09-21 22:50:56-06:00,,,3,L03d04-2 balderas - tenayuca,,3,7A9A01,FFFFFF,,,,,,
metrobus,metrobus_vehicle_positions_enriched,2026-09-22T04:51:14Z,2026-09-22,20260922T045111Z,19b87cb7-4b97-4f70-b1f8-b8ceff5a53a0,,19459,0.0,04:32:49,20260922,69880,9455,,19.492385864257812,-99.15314483642578,161.0,22.0,79.2,,,,1790052654,2026-09-21 22:50:54-06:00,,,3,L03d05-1 tenayuca - pueblo sta. cruz atoyac,,3,7A9A01,FFFFFF,,,,,,
metrobus,metrobus_vehicle_positions_enriched,2026-09-22T04:51:14Z,2026-09-22,20260922T045111Z,087f3ae8-79f1-4ba7-be8e-2c7845335130,,,,,,69877,9452,,19.510818481445312,-99.15756225585938,216.0,0.0,0.0,,,,1789791114,2026-09-18 22:11:54-06:00,,,,,,,,,,,,,,
metrobus,metrobus_vehicle_positions_enriched,2026-09-22T04:51:14Z,2026-09-22,20260922T045111Z,308d2a61-f389-4f85-b681-d0c3f7126e9a,,19457,0.0,04:28:15,20260922,69878,9453,,19.467493057250977,-99.14371490478516,159.0,24.0,86.4,,,,1790052652,2026-09-21 22:50:52-06:00,,,3,L03d04-1 tenayuca - balderas,,3,7A9A01,FFFFFF,,,,,,
metrobus,metrobus_vehicle_positions_enriched,2026-09-22T04:51:14Z,2026-09-22,20260922T045111Z,3f1ebebc-b74b-4b2c-9234-fa3ff76c4795,,19459,0.0,03:57:00,20260922,69883,9458,,19.396560668945312,-99.156005859375,185.0,0.0,0.0,,,,1790052644,2026-09-21 22:50:44-06:00,,,3,L03d05-1 tenayuca - pueblo sta. cruz atoyac,,3,7A9A01,FFFFFF,,,,,,
metrobus,metrobus_vehicle_positions_enriched,2026-09-22T04:51:14Z,2026-09-22,20260922T045111Z,b660f3b0-db24-4b2f-8a1b-11191f2a0fca,,19455,0.0,04:34:39,20260922,69884,9459,,19.49587631225586,-99.15443420410156,159.0,11.0,39.6,,,,1790052657,2026-09-21 22:50:57-06:00,,,3,L03d02-1 tenayuca - buenavista,,3,7A9A01,FFFFFF,,,,,,
metrobus,metrobus_vehicle_positions_enriched,2026-09-22T04:51:14Z,2026-09-22,20260922T045111Z,e668d9ae-9b7a-4c24-81cd-ff6955ef7329,,19458,1.0,04:23:12,20260922,69881,9456,,19.493595123291016,-99.15350341796875,339.0,38.0,136.8,,,,1790052654,2026-09-21 22:50:54-06:00,,,3,L03d04-2 balderas - tenayuca,,3,7A9A01,FFFFFF,,,,,,
metrobus,metrobus_vehicle_positions_enriched,2026-09-22T04:51:14Z,2026-09-22,20260922T045111Z,a4b7ffc5-9497-4c34-a34b-384ab87852d3,,19456,1.0,04:33:49,20260922,69882,9457,,19.479469299316406,-99.14816284179688,340.0,26.0,93.60000000000001,,,,1790052656,2026-09-21 22:50:56-06:00,,,3,L03d02-2 buenavista - tenayuca,,3,7A9A01,FFFFFF,,,,,,
metrobus,metrobus_vehicle_positions_enriched,2026-09-22T04:51:14Z,2026-09-22,20260922T045111Z,c869aa9c-11e3-42f3-a28f-e385225f158c,,19457,0.0,04:21:49,20260922,69875,9450,,19.45526885986328,-99.14515686035156,192.0,16.0,57.6,,,,1790052651,2026-09-21 22:50:51-06:00,,,3,L03d04-1 tenayuca - balderas,,3,7A9A01,FFFFFF,,,,,,
metrobus,metrobus_vehicle_positions_enriched,2026-09-22T04:51:14Z,2026-09-22,20260922T045111Z,44e01a99-d717-4bb3-bb65-d3ce46f0869a,,19460,1.0,03:57:41,20260922,69876,9451,,19.491191864013672,-99.15257263183594,340.0,35.0,126.0,,,,1790052655,2026-09-21 22:50:55-06:00,,,3,L03d05-2 pueblo sta. cruz atoyac  - tenayuca,,3,7A9A01,FFFFFF,,,,,,
metrobus,metrobus_vehicle_positions_enriched,2026-09-22T04:51:14Z,2026-09-22,20260922T045111Z,30d4181c-f0b7-4b63-94a7-e2af3244808e,,19459,0.0,03:47:24,20260922,69874,9449,,19.376283645629883,-99.15990447998047,192.0,44.0,158.4,,,,1790052655,2026-09-21 22:50:55-06:00,,,3,L03d05-1 tenayuca - pueblo sta. cruz atoyac,,3,7A9A01,FFFFFF,,,,,,
metrobus,metrobus_vehicle_positions_enriched,2026-09-22T04:51:14Z,2026-09-22,20260922T045111Z,83e07985-1a5c-4973-bf0a-6e99ced78b12,,19459,0.0,04:28:20,20260922,69885,9460,,19.51003646850586,-99.1594467163086,207.0,0.0,0.0,,,,1790052581,2026-09-21 22:49:41-06:00,,,3,L03d05-1 tenayuca - pueblo sta. cruz atoyac,,3,7A9A01,FFFFFF,,,,,,
metrobus,metrobus_vehicle_positions_enriched,2026-09-22T04:51:14Z,2026-09-22,20260922T045111Z,22831409-f1b4-4c2b-9b07-621c8a6428be,,19557,1.0,04:33:20,20260922,69615,2603,002A905,19.30432891845703,-99.1016845703125,334.0,0.0,0.0,,,,1790052654,2026-09-21 22:50:54-06:00,,,5,L05f04-2 preparatoria 1 - san lázaro sur,,3,141982,FFFFFF,,,,,,
metrobus,metrobus_vehicle_positions_enriched,2026-09-22T04:51:14Z,2026-09-22,20260922T045111Z,c99da68a-27ef-442a-89c8-34a505da95c8,,,,,,69614,2602,002A904,19.305219650268555,-99.10137939453125,272.0,8.0,28.8,,,,1790052660,2026-09-21 22:51:00-06:00,,,,,,,,,,,,,,
metrobus,metrobus_vehicle_positions_enriched,2026-09-22T04:51:14Z,2026-09-22,20260922T045111Z,fc7bcfa6-eb24-4df3-9287-7a3ac69635aa,,19558,1.0,04:48:56,20260922,69613,2601,002A903,19.278888702392578,-99.11734771728516,171.0,33.0,118.8,,,,1790052656,2026-09-21 22:50:56-06:00,,,5,L05f05-2 preparatoria 1 - río de los remedios,,3,141982,FFFFFF,,,,,,
metrobus,metrobus_vehicle_positions_enriched,2026-09-22T04:51:14Z,2026-09-22,20260922T045111Z,53c0ddc8-8bff-444b-bab1-2b17d5679035,,,,,,74125,Maqueta_Carraci,,19.402490615844727,-99.17045593261719,272.0,0.0,0.0,,,,1784833476,2026-07-23 13:04:36-06:00,,,,,,,,,,,,,,
metrobus,metrobus_vehicle_positions_enriched,2026-09-22T04:51:14Z,2026-09-22,20260922T045111Z,c636752a-8790-492e-82e1-fd369f6fb8b4,,,,,,69621,2609,002A911,19.303640365600586,-99.10083770751953,0.0,0.0,0.0,,,,1790052654,2026-09-21 22:50:54-06:00,,,,,,,,,,,,,,
metrobus,metrobus_vehicle_positions_enriched,2026-09-22T04:51:14Z,2026-09-22,20260922T045111Z,a0734221-61b1-4260-a879-285a2f49b4fe,,,,,,69620,2608,002A910,19.304351806640625,-99.10100555419922,188.0,0.0,0.0,,,,1790049932,2026-09-21 22:05:32-06:00,,,,,,,,,,,,,,
metrobus,metrobus_vehicle_positions_enriched,2026-09-22T04:51:14Z,2026-09-22,20260922T045111Z,3d34ea9b-a961-4f63-a6f8-80bc5c740df7,,20211,0.0,03:43:54,20260922,69619,2607,002A909,19.316152572631836,-99.11158752441406,154.0,4.0,14.4,,,,1790052657,2026-09-21 22:50:57-06:00,,,5,L05f03-1 río de los remedios - las bombas,,3,141982,FFFFFF,,,,,,
metrobus,metrobus_vehicle_positions_enriched,2026-09-22T04:51:14Z,2026-09-22,20260922T045111Z,4343c3dd-9a29-4322-b9f9-082fd239ba67,,19559,0.0,04:05:06,20260922,69618,2606,002A908,19.344179153442383,-99.11221313476562,190.0,47.0,169.20000000000002,,,,1790052657,2026-09-21 22:50:57-06:00,,,5,L05f05-1 río de los remedios - preparatoria 1,,3,141982,FFFFFF,,,,,,
metrobus,metrobus_vehicle_positions_enriched,2026-09-22T04:51:14Z,2026-09-22,20260922T045111Z,eda1b753-6c62-42e1-9611-e8f305c4e1fa,,20211,0.0,04:17:59,20260922,69617,2605,002A907,19.399831771850586,-99.1136245727539,177.0,48.0,172.8,,,,1790052654,2026-09-21 22:50:54-06:00,,,5,L05f03-1 río de los remedios - las bombas,,3,141982,FFFFFF,,,,,,
metrobus,metrobus_vehicle_positions_enriched,2026-09-22T04:51:14Z,2026-09-22,20260922T045111Z,f42c7b4f-0ddd-4d34-9d21-6ba91ecebc1c,,19559,0.0,04:36:25,20260922,69616,2604,002A906,19.466873168945312,-99.10317993164062,204.0,19.0,68.4,,,,1790052659,2026-09-21 22:50:59-06:00,,,5,L05f05-1 río de los remedios - preparatoria 1,,3,141982,FFFFFF,,,,,,
metrobus,metrobus_vehicle_positions_enriched,2026-09-22T04:51:14Z,2026-09-22,20260922T045111Z,a31aaa3d-80ab-405a-b063-4e4376f11c03,,20211,0.0,03:46:47,20260922,69626,2614,002A916,19.324560165405273,-99.11400604248047,184.0,43.0,154.8,,,,1790052657,2026-09-21 22:50:57-06:00,,,5,L05f03-1 río de los remedios - las bombas,,3,141982,FFFFFF,,,,,,
metrobus,metrobus_vehicle_positions_enriched,2026-09-22T04:51:14Z,2026-09-22,20260922T045111Z,97319257-69bc-425d-a0a4-c54301ffa2eb,,19558,1.0,03:42:06,20260922,69625,2613,002A915,19.496992111206055,-99.08993530273438,223.0,2.0,7.2,,,,1790052654,2026-09-21 22:50:54-06:00,,,5,L05f05-2 preparatoria 1 - río de los remedios,,3,141982,FFFFFF,,,,,,
metrobus,metrobus_vehicle_positions_enriched,2026-09-22T04:51:14Z,2026-09-22,20260922T045111Z,5cc599fd-c58c-48e1-9273-f8a4c518d57c,,20211,0.0,03:55:05,20260922,69624,2612,002A914,19.338605880737305,-99.113037109375,177.0,30.0,108.0,,,,1790052649,2026-09-21 22:50:49-06:00,,,5,L05f03-1 río de los remedios - las bombas,,3,141982,FFFFFF,,,,,,
metrobus,metrobus_vehicle_positions_enriched,2026-09-22T04:51:14Z,2026-09-22,20260922T045111Z,30e5dfa9-7592-43b7-87a2-278dd8a8800f,,19558,1.0,04:43:34,20260922,69623,2611,002A913,19.30105972290039,-99.11349487304688,136.0,50.0,180.0,,,,1790052658,2026-09-21 22:50:58-06:00,,,5,L05f05-2 preparatoria 1 - río de los remedios,,3,141982,FFFFFF,,,,,,
metrobus,metrobus_vehicle_positions_enriched,2026-09-22T04:51:14Z,2026-09-22,20260922T045111Z,031cad6d-3eee-48ec-bb44-e3879f73be9a,,19556,0.0,04:09:17,20260922,69622,2610,002A912,19.2812442779541,-99.11665344238281,199.0,0.0,0.0,,,,1790052653,2026-09-21 22:50:53-06:00,,,5,L05f04-1 san lázaro sur - preparatoria 1,,3,141982,FFFFFF,,,,,,
metrobus,metrobus_vehicle_positions_enriched,2026-09-22T04:51:14Z,2026-09-22,20260922T045111Z,77276750-4778-4198-86fd-305d9545aaf3,,,,,,69631,2619,002A921,19.304271697998047,-99.10157775878906,360.0,0.0,0.0,,,,1785731595,2026-08-02 22:33:15-06:00,,,,,,,,,,,,,,
metrobus,metrobus_vehicle_positions_enriched,2026-09-22T04:51:14Z,2026-09-22,20260922T045111Z,8977b912-288b-4184-8e82-8cd492b1159c,,,,,,69630,2618,002A920,19.304317474365234,-99.10125732421875,274.0,0.0,0.0,,,,1790051972,2026-09-21 22:39:32-06:00,,,,,,,,,,,,,,
metrobus,metrobus_vehicle_positions_enriched,2026-09-22T04:51:14Z,2026-09-22,20260922T045111Z,cf11dcd0-6d53-417a-966d-933204ccafa9,,19559,0.0,03:49:58,20260922,69629,2617,002A919,19.333473205566406,-99.11321258544922,186.0,0.0,0.0,,,,1790052662,2026-09-21 22:51:02-06:00,,,5,L05f05-1 río de los remedios - preparatoria 1,,3,141982,FFFFFF,,,,,,
metrobus,metrobus_vehicle_positions_enriched,2026-09-22T04:51:14Z,2026-09-22,20260922T045111Z,45a3b004-8816-424b-93dd-072878e33f49,,19558,1.0,03:39:34,20260922,69628,2616,002A918,19.497392654418945,-99.0897445678711,22.0,0.0,0.0,,,,1790052656,2026-09-21 22:50:56-06:00,,,5,L05f05-2 preparatoria 1 - río de los remedios,,3,141982,FFFFFF,,,,,,
metrobus,metrobus_vehicle_positions_enriched,2026-09-22T04:51:14Z,2026-09-22,20260922T045111Z,47e830bb-b24a-48fd-a4c1-651eaafdeaa5,,19559,0.0,04:09:46,20260922,69627,2615,002A917,19.378299713134766,-99.10930633544922,159.0,34.0,122.4,,,,1790052661,2026-09-21 22:51:01-06:00,,,5,L05f05-1 río de los remedios - preparatoria 1,,3,141982,FFFFFF,,,,,,
metrobus,metrobus_vehicle_positions_enriched,2026-09-22T04:51:14Z,2026-09-22,20260922T045111Z,23b9f94e-05c1-422d-8d0f-6257c73ab6b4,,20212,1.0,23:43:19,20260921,69637,2625,002A927,19.50055694580078,-99.08842468261719,21.0,0.0,0.0,,,,1790038006,2026-09-21 18:46:46-06:00,,,5,L05f03-2 las bombas - río de los remedios,,3,141982,FFFFFF,,,,,,
metrobus,metrobus_vehicle_positions_enriched,2026-09-22T04:51:14Z,2026-09-22,20260922T045111Z,84f3b02e-ad6a-41dd-82f6-97e1c6198a3c,,19558,1.0,04:38:08,20260922,69636,2624,002A926,19.312030792236328,-99.11055755615234,122.0,0.0,0.0,,,,1790052657,2026-09-21 22:50:57-06:00,,,5,L05f05-2 preparatoria 1 - río de los remedios,,3,141982,FFFFFF,,,,,,
metrobus,metrobus_vehicle_positions_enriched,2026-09-22T04:51:14Z,2026-09-22,20260922T045111Z,aa8ad3b3-38bc-4b70-8215-a04d1afd4d43,,20296,1.0,04:09:45,20260922,71770,2623,,19.45653533935547,-99.14567565917969,282.0,49.0,176.4,,,,1790052656,2026-09-21 22:50:56-06:00,,,1,L31a31-2 pueblo sta cruz atoyac - indios verdes,,3,42A76B,FFFFFF,,,,,,
metrobus,metrobus_vehicle_positions_enriched,2026-09-22T04:51:14Z,2026-09-22,20260922T045111Z,a29da6c9-31d0-4754-94c2-45e6138a199e,,,,,,69634,2622,002A924,19.304664611816406,-99.10100555419922,0.0,0.0,0.0,,,,1790052187,2026-09-21 22:43:07-06:00,,,,,,,,,,,,,,
metrobus,metrobus_vehicle_positions_enriched,2026-09-22T04:51:14Z,2026-09-22,20260922T045111Z,efdcf21c-6c3a-4380-a7e2-6226bce4cedc,,20296,1.0,04:21:41,20260922,69633,2621,002A923,19.433839797973633,-99.14771270751953,830.0,0.0,0.0,,,,1790052661,2026-09-21 22:51:01-06:00,,,1,L31a31-2 pueblo sta cruz atoyac - indios verdes,,3,42A76B,FFFFFF,,,,,,
metrobus,metrobus_vehicle_positions_enriched,2026-09-22T04:51:14Z,2026-09-22,20260922T045111Z,358c745f-f70d-43a6-b475-c1071fe5133e,,19559,0.0,03:52:23,20260922,69632,2620,002A922,19.336143493652344,-99.11296844482422,184.0,46.0,165.6,,,,1790052653,2026-09-21 22:50:53-06:00,,,5,L05f05-1 río de los remedios - preparatoria 1,,3,141982,FFFFFF,,,,,,
metrobus,metrobus_vehicle_positions_enriched,2026-09-22T04:51:14Z,2026-09-22,20260922T045111Z,446366eb-1368-4b1e-ad4f-1a38a0e27297,,19558,1.0,04:16:53,20260922,69641,2629,002A931,19.392017364501953,-99.11355590820312,332.0,50.0,180.0,,,,1790052662,2026-09-21 22:51:02-06:00,,,5,L05f05-2 preparatoria 1 - río de los remedios,,3,141982,FFFFFF,,,,,,
metrobus,metrobus_vehicle_positions_enriched,2026-09-22T04:51:14Z,2026-09-22,20260922T045111Z,ee059b3e-ddca-4eba-a952-e262078fb834,,20211,0.0,04:41:04,20260922,69640,2628,002A930,19.484556198120117,-99.09573364257812,204.0,46.0,165.6,,,,1790052652,2026-09-21 22:50:52-06:00,,,5,L05f03-1 río de los remedios - las bombas,,3,141982,FFFFFF,,,,,,
metrobus,metrobus_vehicle_positions_enriched,2026-09-22T04:51:14Z,2026-09-22,20260922T045111Z,1501544e-5d4c-4b92-beeb-93628d2655dc,,,,,,69639,2627,002A929,19.304452896118164,-99.10099029541016,185.0,0.0,0.0,,,,1790051191,2026-09-21 22:26:31-06:00,,,,,,,,,,,,,,
metrobus,metrobus_vehicle_positions_enriched,2026-09-22T04:51:14Z,2026-09-22,20260922T045111Z,ea7f83f1-1e71-4712-ae51-4030923501ab,,20296,1.0,04:11:53,20260922,69638,2626,002A928,19.447021484375,-99.14696502685547,123.0,16.0,57.6,,,,1790052661,2026-09-21 22:51:01-06:00,,,1,L31a31-2 pueblo sta cruz atoyac - indios verdes,,3,42A76B,FFFFFF,,,,,,
metrobus,metrobus_vehicle_positions_enriched,2026-09-22T04:51:14Z,2026-09-22,20260922T045111Z,8fa9cae2-cc37-4442-82af-96303d2b37f0,,,,,,69648,2636,002A938,19.304061889648438,-99.10143280029297,197.0,0.0,0.0,,,,1790052658,2026-09-21 22:50:58-06:00,,,,,,,,,,,,,,
metrobus,metrobus_vehicle_positions_enriched,2026-09-22T04:51:14Z,2026-09-22,20260922T045111Z,61853379-1e35-4260-a53e-589911727809,,,,,,69364,1305,1240178,19.389638900756836,-99.05804443359375,0.0,0.0,0.0,,,,1790052654,2026-09-21 22:50:54-06:00,,,,,,,,,,,,,,
metrobus,metrobus_vehicle_positions_enriched,2026-09-22T04:51:14Z,2026-09-22,20260922T045111Z,9a2d0049-2b7b-4d07-9b35-bbde942bc87a,,19558,1.0,03:55:35,20260922,69647,2635,TienepermisodeSEMOVI,19.459304809570312,-99.1061019897461,20.0,0.0,0.0,,,,1790052657,2026-09-21 22:50:57-06:00,,,5,L05f05-2 preparatoria 1 - río de los remedios,,3,141982,FFFFFF,,,,,,
metrobus,metrobus_vehicle_positions_enriched,2026-09-22T04:51:14Z,2026-09-22,20260922T045111Z,14cbd1c0-665d-4d14-a73f-7e0748ba109f,,20015,1.0,04:27:48,20260922,69363,1304,1240177,19.393428802490234,-99.13436126708984,982.0,0.0,0.0,,,,1790052654,2026-09-21 22:50:54-06:00,,,1,L01a21-2 col. del valle - tepalcates,,3,D40D0D,FFFFFF,,,,,,
metrobus,metrobus_vehicle_positions_enriched,2026-09-22T04:51:14Z,2026-09-22,20260922T045111Z,27b90d38-5d73-4cae-9d4b-2d9e5afb2a23,,20015,1.0,03:47:06,20260922,74921,1303,1240176,19.391559600830078,-99.04751586914062,120.0,19.0,68.4,,,,1790052653,2026-09-21 22:50:53-06:00,,,1,L01a21-2 col. del valle - tepalcates,,3,D40D0D,FFFFFF,,,,,,
metrobus,metrobus_vehicle_positions_enriched,2026-09-22T04:51:14Z,2026-09-22,20260922T045111Z,5b5c6ae7-d925-49d4-aa18-a68defb42b5c,,,,,,69646,2634,002A936,19.30435562133789,-99.10142517089844,181.0,0.0,0.0,,,,1790051041,2026-09-21 22:24:01-06:00,,,,,,,,,,,,,,
metrobus,metrobus_vehicle_positions_enriched,2026-09-22T04:51:14Z,2026-09-22,20260922T045111Z,98712c60-7adc-44bb-bfa6-06bd83465785,,20015,1.0,03:47:23,20260922,69361,1302,1240175,19.39129066467285,-99.0470962524414,120.0,0.0,0.0,,,,1790052655,2026-09-21 22:50:55-06:00,,,1,L01a21-2 col. del valle - tepalcates,,3,D40D0D,FFFFFF,,,,,,
metrobus,metrobus_vehicle_positions_enriched,2026-09-22T04:51:14Z,2026-09-22,20260922T045111Z,bb5a517f-075a-4605-8220-32b72f3fb92b,,19559,0.0,20:43:59,20260820,69645,2633,002A935,19.3064022064209,-99.1119384765625,192.0,0.0,0.0,,,,1787262481,2026-08-20 15:48:01-06:00,,,5,L05f05-1 río de los remedios - preparatoria 1,,3,141982,FFFFFF,,,,,,
metrobus,metrobus_vehicle_positions_enriched,2026-09-22T04:51:14Z,2026-09-22,20260922T045111Z,582666fd-4479-4db6-82e0-30e6175ff370,,,,,,69644,2632,002A934,19.304454803466797,-99.10154724121094,286.0,0.0,0.0,,,,1790052655,2026-09-21 22:50:55-06:00,,,,,,,,,,,,,,
metrobus,metrobus_vehicle_positions_enriched,2026-09-22T04:51:14Z,2026-09-22,20260922T045111Z,88240e7d-1075-4c2c-86a8-23c73a80c67b,,20015,1.0,04:09:28,20260922,69360,1301,1240174,19.39270782470703,-99.08866119384766,125.0,31.0,111.60000000000001,,,,1790052654,2026-09-21 22:50:54-06:00,,,1,L01a21-2 col. del valle - tepalcates,,3,D40D0D,FFFFFF,,,,,,
metrobus,metrobus_vehicle_positions_enriched,2026-09-22T04:51:14Z,2026-09-22,20260922T045111Z,3604a70a-0806-4fdd-9ffa-c40db3ed4491,,19559,0.0,04:25:32,20260922,69643,2631,002A933,19.438228607177734,-99.1142349243164,192.0,46.0,165.6,,,,1790052653,2026-09-21 22:50:53-06:00,,,5,L05f05-1 río de los remedios - preparatoria 1,,3,141982,FFFFFF,,,,,,
metrobus,metrobus_vehicle_positions_enriched,2026-09-22T04:51:14Z,2026-09-22,20260922T045111Z,8b8f929c-cda3-447c-b576-c14d251b2c9b,,19558,1.0,04:08:57,20260922,69642,2630,002A932,19.42947006225586,-99.114990234375,298.0,29.0,104.4,,,,1790052653,2026-09-21 22:50:53-06:00,,,5,L05f05-2 preparatoria 1 - río de los remedios,,3,141982,FFFFFF,,,,,,
metrobus,metrobus_vehicle_positions_enriched,2026-09-22T04:51:14Z,2026-09-22,20260922T045111Z,bfeb0fa3-f90e-448e-b734-6331d1b60cc2,,20015,1.0,04:33:47,20260922,69368,1309,1240182,19.395923614501953,-99.15650177001953,954.0,0.0,0.0,,,,1790052651,2026-09-21 22:50:51-06:00,,,1,L01a21-2 col. del valle - tepalcates,,3,D40D0D,FFFFFF,,,,,,
metrobus,metrobus_vehicle_positions_enriched,2026-09-22T04:51:14Z,2026-09-22,20260922T045111Z,46eb107b-7e60-4722-bdbc-f9ff2a940eed,,20211,0.0,04:29:46,20260922,69651,2639,002A941,19.44449234008789,-99.11225891113281,199.0,6.0,21.6,,,,1790052651,2026-09-21 22:50:51-06:00,,,5,L05f03-1 río de los remedios - las bombas,,3,141982,FFFFFF,,,,,,
metrobus,metrobus_vehicle_positions_enriched,2026-09-22T04:51:14Z,2026-09-22,20260922T045111Z,7e3407d5-c9d5-4e0e-bdfa-97d1ae6c267d,,19491,1.0,03:49:30,20260922,69367,1308,1240181,19.48834991455078,-99.1227035522461,375.0,51.0,183.6,,,,1790052647,2026-09-21 22:50:47-06:00,,,1,L01a01-2 dr. gálvez - indios verdes,,3,D40D0D,FFFFFF,,,,,,
metrobus,metrobus_vehicle_positions_enriched,2026-09-22T04:51:14Z,2026-09-22,20260922T045111Z,5f1135a1-b528-4951-a514-c90f930a3220,,19491,1.0,03:47:24,20260922,69366,1307,1240180,19.490764617919922,-99.12080383300781,291.0,40.0,144.0,,,,1790052655,2026-09-21 22:50:55-06:00,,,1,L01a01-2 dr. gálvez - indios verdes,,3,D40D0D,FFFFFF,,,,,,
metrobus,metrobus_vehicle_positions_enriched,2026-09-22T04:51:14Z,2026-09-22,20260922T045111Z,7343cfd5-7918-47d3-9469-b0ad217fd7de,,19558,1.0,04:00:49,20260922,69650,2638,002A940,19.44717025756836,-99.1112060546875,192.0,47.0,169.20000000000002,,,,1790052661,2026-09-21 22:51:01-06:00,,,5,L05f05-2 preparatoria 1 - río de los remedios,,3,141982,FFFFFF,,,,,,
metrobus,metrobus_vehicle_positions_enriched,2026-09-22T04:51:14Z,2026-09-22,20260922T045111Z,3239ed37-274d-4c03-a4b3-0a644522ff0f,,20015,1.0,04:39:52,20260922,69365,1306,1240179,19.399147033691406,-99.16757202148438,167.0,40.0,144.0,,,,1790052654,2026-09-21 22:50:54-06:00,,,1,L01a21-2 col. del valle - tepalcates,,3,D40D0D,FFFFFF,,,,,,
metrobus,metrobus_vehicle_positions_enriched,2026-09-22T04:51:14Z,2026-09-22,20260922T045111Z,372c10af-b129-40fd-8103-236d34dd903e,,,,,,69649,2637,002A939,19.30413055419922,-99.1015625,202.0,0.0,0.0,,,,1790051892,2026-09-21 22:38:12-06:00,,,,,,,,,,,,,,
metrobus,metrobus_vehicle_positions_enriched,2026-09-22T04:51:14Z,2026-09-22,20260922T045111Z,82c1bff2-da79-42d3-9484-efe6c3d869df,,19559,0.0,04:35:14,20260922,69662,2650,002A952,19.453704833984375,-99.10853576660156,200.0,0.0,0.0,,,,1790052647,2026-09-21 22:50:47-06:00,,,5,L05f05-1 río de los remedios - preparatoria 1,,3,141982,FFFFFF,,,,,,
metrobus,metrobus_vehicle_positions_enriched,2026-09-22T04:51:14Z,2026-09-22,20260922T045111Z,122c6d4b-a41a-44b6-9860-d0709ee65567,,,,,,69659,2647,002A949,19.305192947387695,-99.10099792480469,281.0,9.0,32.4,,,,1790052665,2026-09-21 22:51:05-06:00,,,,,,,,,,,,,,
metrobus,metrobus_vehicle_positions_enriched,2026-09-22T04:51:14Z,2026-09-22,20260922T045111Z,97bc8305-c5b8-4f4c-ba76-ce6f9412226f,,19559,0.0,04:24:46,20260922,69658,2646,002A948,19.44088363647461,-99.11360168457031,200.0,25.0,90.0,,,,1790052653,2026-09-21 22:50:53-06:00,,,5,L05f05-1 río de los remedios - preparatoria 1,,3,141982,FFFFFF,,,,,,
metrobus,metrobus_vehicle_positions_enriched,2026-09-22T04:51:14Z,2026-09-22,20260922T045111Z,50a69294-9360-4cef-8dad-82cbbf463e94,,,,,,69373,1314,TienepermisodeSEMOVI,19.38907241821289,-99.05786895751953,0.0,0.0,0.0,,,,1790052652,2026-09-21 22:50:52-06:00,,,,,,,,,,,,,,
metrobus,metrobus_vehicle_positions_enriched,2026-09-22T04:51:14Z,2026-09-22,20260922T045111Z,19d07fee-ebf3-45fa-aa8a-6b91fcaf063e,,19556,0.0,04:15:11,20260922,69657,2645,002A947,19.306156158447266,-99.1119613647461,192.0,0.0,0.0,,,,1790052603,2026-09-21 22:50:03-06:00,,,5,L05f04-1 san lázaro sur - preparatoria 1,,3,141982,FFFFFF,,,,,,
metrobus,metrobus_vehicle_positions_enriched,2026-09-22T04:51:14Z,2026-09-22,20260922T045111Z,6998c142-7025-4b37-8368-b22f64e92e84,,20211,0.0,04:32:18,20260922,69656,2644,002A946,19.451290130615234,-99.1095199584961,213.0,39.0,140.4,,,,1790052653,2026-09-21 22:50:53-06:00,,,5,L05f03-1 río de los remedios - las bombas,,3,141982,FFFFFF,,,,,,
metrobus,metrobus_vehicle_positions_enriched,2026-09-22T04:51:14Z,2026-09-22,20260922T045111Z,f8a40e0a-0111-4412-a5fb-cedebd278c7e,,,,,,69372,1313,1240186,19.47975730895996,-99.06690216064453,418.0,11.0,39.6,,,,1790052660,2026-09-21 22:51:00-06:00,,,,,,,,,,,,,,
metrobus,metrobus_vehicle_positions_enriched,2026-09-22T04:51:14Z,2026-09-22,20260922T045111Z,183f7d12-d488-4952-ac97-4bf34bd1690c,,,,,,69371,1312,1240185,19.479026794433594,-99.06440734863281,119.0,0.0,0.0,,,,1790052651,2026-09-21 22:50:51-06:00,,,,,,,,,,,,,,
metrobus,metrobus_vehicle_positions_enriched,2026-09-22T04:51:14Z,2026-09-22,20260922T045111Z,425a6d09-bec1-46c5-beaa-61138911361f,,19559,0.0,03:45:09,20260922,69655,2643,002A945,19.31761932373047,-99.11228942871094,156.0,42.0,151.20000000000002,,,,1790052656,2026-09-21 22:50:56-06:00,,,5,L05f05-1 río de los remedios - preparatoria 1,,3,141982,FFFFFF,,,,,,
metrobus,metrobus_vehicle_positions_enriched,2026-09-22T04:51:14Z,2026-09-22,20260922T045111Z,a5bc712a-5b41-4208-a56d-13cd624aace7,,19499,0.0,04:47:20,20260922,69370,1311,1240184,19.496906280517578,-99.1201171875,991.0,0.0,0.0,,,,1790052651,2026-09-21 22:50:51-06:00,,,1,L01a07-1 indios verdes - el caminero,,3,D40D0D,FFFFFF,,,,,,
metrobus,metrobus_vehicle_positions_enriched,2026-09-22T04:51:14Z,2026-09-22,20260922T045111Z,121b73e3-b85c-41f5-a6d4-84e02df65f20,,,,,,74262,2642,002A947,19.304418563842773,-99.10140228271484,184.0,0.0,0.0,,,,1790052272,2026-09-21 22:44:32-06:00,,,,,,,,,,,,,,
metrobus,metrobus_vehicle_positions_enriched,2026-09-22T04:51:14Z,2026-09-22,20260922T045111Z,4a913ad0-232f-480e-89c2-9be92e19e700,,,,,,69653,2641,002A943,19.304712295532227,-99.10143280029297,180.0,0.0,0.0,,,,1790047608,2026-09-21 21:26:48-06:00,,,,,,,,,,,,,,
metrobus,metrobus_vehicle_positions_enriched,2026-09-22T04:51:14Z,2026-09-22,20260922T045111Z,221b8ac9-4d02-4186-99f2-c721465e1e27,,20015,1.0,04:15:16,20260922,74922,1310,1240183,19.395416259765625,-99.0926742553711,125.0,15.0,54.0,,,,1790052655,2026-09-21 22:50:55-06:00,,,1,L01a21-2 col. del valle - tepalcates,,3,D40D0D,FFFFFF,,,,,,
metrobus,metrobus_vehicle_positions_enriched,2026-09-22T04:51:14Z,2026-09-22,20260922T045111Z,8353a813-1c87-4ccc-93bf-3781dc90d408,,20211,0.0,03:56:24,20260922,69661,2649,002A951,19.340984344482422,-99.11280059814453,187.0,49.0,176.4,,,,1790052654,2026-09-21 22:50:54-06:00,,,5,L05f03-1 río de los remedios - las bombas,,3,141982,FFFFFF,,,,,,
metrobus,metrobus_vehicle_positions_enriched,2026-09-22T04:51:14Z,2026-09-22,20260922T045111Z,91d572cf-f443-4854-a178-af4e0d619074,,19557,1.0,04:48:53,20260922,69660,2648,002A950,19.2806339263916,-99.11677551269531,116.0,0.0,0.0,,,,1790052654,2026-09-21 22:50:54-06:00,,,5,L05f04-2 preparatoria 1 - san lázaro sur,,3,141982,FFFFFF,,,,,,
metrobus,metrobus_vehicle_positions_enriched,2026-09-22T04:51:14Z,2026-09-22,20260922T045111Z,aa2a81f0-32ab-4af2-91dc-c4838951a3a5,,,,,,69673,2661,002A963,19.304405212402344,-99.10095977783203,185.0,0.0,0.0,,,,1790052339,2026-09-21 22:45:39-06:00,,,,,,,,,,,,,,
metrobus,metrobus_vehicle_positions_enriched,2026-09-22T04:51:14Z,2026-09-22,20260922T045111Z,a6889619-564f-4966-83c6-5084e9666612,,,,,,69672,2660,002A962,19.304475784301758,-99.10102081298828,185.0,0.0,0.0,,,,1790050029,2026-09-21 22:07:09-06:00,,,,,,,,,,,,,,
metrobus,metrobus_vehicle_positions_enriched,2026-09-22T04:51:14Z,2026-09-22,20260922T045111Z,0c359504-7357-45e6-aeac-caf254d71cc5,,,,,,69670,2658,002A960,19.273591995239258,-99.12012481689453,549.0,0.0,0.0,,,,1790052749,2026-09-21 22:52:29-06:00,,,,,,,,,,,,,,
metrobus,metrobus_vehicle_positions_enriched,2026-09-22T04:51:14Z,2026-09-22,20260922T045111Z,0df0721b-8ea2-4087-b626-1dab2f3eead2,,,,,,69669,2657,002A959,19.31083106994629,-99.11117553710938,103.0,0.0,0.0,,,,1790052654,2026-09-21 22:50:54-06:00,,,,,,,,,,,,,,
metrobus,metrobus_vehicle_positions_enriched,2026-09-22T04:51:14Z,2026-09-22,20260922T045111Z,51fd5914-0935-47c2-a4d5-91d1b509368c,,,,,,69668,2656,002A958,19.304296493530273,-99.10098266601562,185.0,0.0,0.0,,,,1790051565,2026-09-21 22:32:45-06:00,,,,,,,,,,,,,,
metrobus,metrobus_vehicle_positions_enriched,2026-09-22T04:51:14Z,2026-09-22,20260922T045111Z,b17b935c-6c7d-4e1a-a778-dab3228ab079,,,,,,69667,2655,002A957,19.30430793762207,-99.10102844238281,186.0,0.0,0.0,,,,1790050618,2026-09-21 22:16:58-06:00,,,,,,,,,,,,,,
metrobus,metrobus_vehicle_positions_enriched,2026-09-22T04:51:14Z,2026-09-22,20260922T045111Z,99935d36-c23c-4139-9f1d-552bd6458b6f,,,,,,69666,2654,002A956,19.507417678833008,-99.0856704711914,294.0,0.0,0.0,,,,1790052662,2026-09-21 22:51:02-06:00,,,,,,,,,,,,,,
metrobus,metrobus_vehicle_positions_enriched,2026-09-22T04:51:14Z,2026-09-22,20260922T045111Z,90002f52-a658-44ef-b45e-13ee0811253e,,,,,,69665,2653,002A955,19.30476951599121,-99.1009521484375,186.0,0.0,0.0,,,,1790051729,2026-09-21 22:35:29-06:00,,,,,,,,,,,,,,
metrobus,metrobus_vehicle_positions_enriched,2026-09-22T04:51:14Z,2026-09-22,20260922T045111Z,20be2b51-ffea-4102-ba7c-770df6bd3999,,19558,1.0,04:39:43,20260922,69664,2652,002A954,19.31110191345215,-99.11023712158203,105.0,21.0,75.60000000000001,,,,1790052660,2026-09-21 22:51:00-06:00,,,5,L05f05-2 preparatoria 1 - río de los remedios,,3,141982,FFFFFF,,,,,,
metrobus,metrobus_vehicle_positions_enriched,2026-09-22T04:51:14Z,2026-09-22,20260922T045111Z,8c59b476-2130-47a5-996a-18f8f03d33c2,,19559,0.0,04:48:19,20260922,69663,2651,002A953,19.49683952331543,-99.09060668945312,202.0,24.0,86.4,,,,1790052650,2026-09-21 22:50:50-06:00,,,5,L05f05-1 río de los remedios - preparatoria 1,,3,141982,FFFFFF,,,,,,
metrobus,metrobus_vehicle_positions_enriched,2026-09-22T04:51:14Z,2026-09-22,20260922T045111Z,f65d4264-bc86-4d7a-bc59-c673e905e6b8,,19582,0.0,04:43:21,20260922,70035,901,1280163,19.469711303710938,-99.12445068359375,199.0,52.0,187.20000000000002,,,,1790052653,2026-09-21 22:50:53-06:00,,,7,L07h04-1 indios verdes - la diana,,3,116633,FFFFFF,,,,,,
metrobus,metrobus_vehicle_positions_enriched,2026-09-22T04:51:14Z,2026-09-22,20260922T045111Z,9bd7912b-0d8c-44af-9f69-ca11abd82c4e,,,,,,70036,902,1280164,19.50823974609375,-99.172607421875,0.0,0.0,0.0,,,,1789985970,2026-09-21 04:19:30-06:00,,,,,,,,,,,,,,
metrobus,metrobus_vehicle_positions_enriched,2026-09-22T04:51:14Z,2026-09-22,20260922T045111Z,08f890a6-775a-4a20-9e9f-d5af7d43c715,,,,,,70037,903,1280165,19.508268356323242,-99.17272186279297,0.0,0.0,0.0,,,,1790037621,2026-09-21 18:40:21-06:00,,,,,,,,,,,,,,
metrobus,metrobus_vehicle_positions_enriched,2026-09-22T04:51:14Z,2026-09-22,20260922T045111Z,d4ab0e9a-dc00-4f79-9c6f-add99afaebd6,,19577,1.0,04:41:05,20260922,70038,904,1280166,19.426729202270508,-99.16725158691406,381.0,30.0,108.0,,,,1790052653,2026-09-21 22:50:53-06:00,,,7,L07h01-2 campo marte - indios verdes,,3,116633,FFFFFF,,,,,,
metrobus,metrobus_vehicle_positions_enriched,2026-09-22T04:51:14Z,2026-09-22,20260922T045111Z,ee105d92-3932-4a4e-97de-ae8e76c862da,,,,,,70039,905,1280167,19.48705291748047,-99.09125518798828,283.0,0.0,0.0,,,,1790051082,2026-09-21 22:24:42-06:00,,,,,,,,,,,,,,
metrobus,metrobus_vehicle_positions_enriched,2026-09-22T04:51:14Z,2026-09-22,20260922T045111Z,8ca0cb08-61e8-46cf-bd5c-f0660f36f8c9,,19577,1.0,04:46:20,20260922,70040,906,1280168,19.4237060546875,-99.17927551269531,997.0,31.0,111.60000000000001,,,,1790052653,2026-09-21 22:50:53-06:00,,,7,L07h01-2 campo marte - indios verdes,,3,116633,FFFFFF,,,,,,
metrobus,metrobus_vehicle_positions_enriched,2026-09-22T04:51:14Z,2026-09-22,20260922T045111Z,b7b850b2-71e2-4c8e-8ff4-093a48c606d5,,,,,,69671,2659,002A961,19.304630279541016,-99.1009521484375,186.0,0.0,0.0,,,,1790052648,2026-09-21 22:50:48-06:00,,,,,,,,,,,,,,
metrobus,metrobus_vehicle_positions_enriched,2026-09-22T04:51:14Z,2026-09-22,20260922T045111Z,7b4cd082-4445-4d62-b463-423eb1dbd95e,,,,,,70041,907,1280169,19.514999389648438,-99.1498794555664,0.0,0.0,0.0,,,,1790024648,2026-09-21 15:04:08-06:00,,,,,,,,,,,,,,
metrobus,metrobus_vehicle_positions_enriched,2026-09-22T04:51:14Z,2026-09-22,20260922T045111Z,819cb207-ca26-48c1-b285-f11c4766ef8c,,,,,,70042,908,1280170,19.487451553344727,-99.09315490722656,880.0,0.0,0.0,,,,1790050259,2026-09-21 22:10:59-06:00,,,,,,,,,,,,,,
metrobus,metrobus_vehicle_positions_enriched,2026-09-22T04:51:14Z,2026-09-22,20260922T045111Z,87eb6a1d-0466-4bb8-af44-534b64feb12b,,,,,,70043,909,1280171,19.487268447875977,-99.09354400634766,90.0,0.0,0.0,,,,1790051426,2026-09-21 22:30:26-06:00,,,,,,,,,,,,,,
metrobus,metrobus_vehicle_positions_enriched,2026-09-22T04:51:14Z,2026-09-22,20260922T045111Z,5b551005-74e7-423a-99d3-48d4dd8686c2,,20211,0.0,03:48:23,20260922,69680,2668,002A970,19.32740020751953,-99.11375427246094,185.0,35.0,126.0,,,,1790052655,2026-09-21 22:50:55-06:00,,,5,L05f03-1 río de los remedios - las bombas,,3,141982,FFFFFF,,,,,,
metrobus,metrobus_vehicle_positions_enriched,2026-09-22T04:51:14Z,2026-09-22,20260922T045111Z,03edce04-750d-4e24-88ae-7187ca631366,,19558,1.0,03:47:46,20260922,69679,2667,002A969,19.466659545898438,-99.10292053222656,217.0,27.0,97.2,,,,1790052662,2026-09-21 22:51:02-06:00,,,5,L05f05-2 preparatoria 1 - río de los remedios,,3,141982,FFFFFF,,,,,,
metrobus,metrobus_vehicle_positions_enriched,2026-09-22T04:51:14Z,2026-09-22,20260922T045111Z,6c281472-a1bc-4952-9751-ddec003efbd6,,19558,1.0,04:25:06,20260922,69678,2666,002A968,19.34827995300293,-99.11124420166016,138.0,2.0,7.2,,,,1790052658,2026-09-21 22:50:58-06:00,,,5,L05f05-2 preparatoria 1 - río de los remedios,,3,141982,FFFFFF,,,,,,
metrobus,metrobus_vehicle_positions_enriched,2026-09-22T04:51:14Z,2026-09-22,20260922T045111Z,8a7e8d13-d79b-44e3-8ad3-072b512f8bd2,,,,,,69677,2665,002A967,19.304250717163086,-99.10081481933594,188.0,0.0,0.0,,,,1790052659,2026-09-21 22:50:59-06:00,,,,,,,,,,,,,,
metrobus,metrobus_vehicle_positions_enriched,2026-09-22T04:51:14Z,2026-09-22,20260922T045111Z,ea7b3ffb-2709-4429-8499-98cd8fec4426,,19558,1.0,04:22:02,20260922,69676,2664,002A966,19.36465072631836,-99.10948944091797,124.0,0.0,0.0,,,,1790052654,2026-09-21 22:50:54-06:00,,,5,L05f05-2 preparatoria 1 - río de los remedios,,3,141982,FFFFFF,,,,,,
metrobus,metrobus_vehicle_positions_enriched,2026-09-22T04:51:14Z,2026-09-22,20260922T045111Z,16a2820d-e4d7-454c-8d3a-863612f7a62c,,,,,,69675,2663,002A965,19.342708587646484,-99.11254119873047,193.0,17.0,61.2,,,,1790052660,2026-09-21 22:51:00-06:00,,,,,,,,,,,,,,
metrobus,metrobus_vehicle_positions_enriched,2026-09-22T04:51:14Z,2026-09-22,20260922T045111Z,3ff172e4-f968-4264-b959-f85539321b05,,20211,0.0,04:07:21,20260922,69674,2662,002A964,19.3756046295166,-99.10840606689453,162.0,50.0,180.0,,,,1790052663,2026-09-21 22:51:03-06:00,,,5,L05f03-1 río de los remedios - las bombas,,3,141982,FFFFFF,,,,,,
metrobus,metrobus_vehicle_positions_enriched,2026-09-22T04:51:14Z,2026-09-22,20260922T045111Z,ea044fa7-ca29-4481-a728-8bd1c278f08f,,,,,,70044,910,1280172,19.487348556518555,-99.09334564208984,113.0,0.0,0.0,,,,1790052659,2026-09-21 22:50:59-06:00,,,,,,,,,,,,,,
metrobus,metrobus_vehicle_positions_enriched,2026-09-22T04:51:14Z,2026-09-22,20260922T045111Z,a91c3469-7d47-42a1-838b-c959010a974b,,,,,,70045,911,1280173,19.487424850463867,-99.09368133544922,111.0,0.0,0.0,,,,1790052648,2026-09-21 22:50:48-06:00,,,,,,,,,,,,,,
metrobus,metrobus_vehicle_positions_enriched,2026-09-22T04:51:14Z,2026-09-22,20260922T045111Z,4fc63a3b-feac-4036-b577-8e94639d0c30,,,,,,70046,912,1290114,19.508407592773438,-99.17276000976562,0.0,0.0,0.0,,,,1789206137,2026-09-12 03:42:17-06:00,,,,,,,,,,,,,,
metrobus,metrobus_vehicle_positions_enriched,2026-09-22T04:51:14Z,2026-09-22,20260922T045111Z,7ea63bdf-cdbf-464e-8142-dd989c794088,,,,,,70047,913,1290115,19.48699378967285,-99.09296417236328,113.0,0.0,0.0,,,,1790052655,2026-09-21 22:50:55-06:00,,,,,,,,,,,,,,
metrobus,metrobus_vehicle_positions_enriched,2026-09-22T04:51:14Z,2026-09-22,20260922T045111Z,fe0d157f-754c-4bb4-b1a9-ec3155e067f8,,19576,0.0,03:24:58,20260922,70048,914,1290116,19.484134674072266,-99.11326599121094,104.0,18.0,64.8,,,,1790052652,2026-09-21 22:50:52-06:00,,,7,L07h01-1 indios verdes - campo marte,,3,116633,FFFFFF,,,,,,
metrobus,metrobus_vehicle_positions_enriched,2026-09-22T04:51:14Z,2026-09-22,20260922T045111Z,6ae5b98a-48a0-405e-be31-769335aaaffa,,19582,0.0,04:15:45,20260922,70049,915,1290117,19.428298950195312,-99.16505432128906,244.0,17.0,61.2,,,,1790052655,2026-09-21 22:50:55-06:00,,,7,L07h04-1 indios verdes - la diana,,3,116633,FFFFFF,,,,,,
metrobus,metrobus_vehicle_positions_enriched,2026-09-22T04:51:14Z,2026-09-22,20260922T045111Z,7714e466-9301-4f99-84fc-057c84b64bce,,,,,,70050,916,1290118,19.487293243408203,-99.093505859375,120.0,0.0,0.0,,,,1790052654,2026-09-21 22:50:54-06:00,,,,,,,,,,,,,,
metrobus,metrobus_vehicle_positions_enriched,2026-09-22T04:51:14Z,2026-09-22,20260922T045111Z,cb4f6603-b34d-428b-acb5-1f67239095b8,,,,,,70051,917,1290119,19.466968536376953,-99.12545776367188,208.0,17.0,61.2,,,,1790052654,2026-09-21 22:50:54-06:00,,,,,,,,,,,,,,
metrobus,metrobus_vehicle_positions_enriched,2026-09-22T04:51:14Z,2026-09-22,20260922T045111Z,a4ffb69d-30b7-4a94-9019-2dac2219c968,,19577,1.0,03:59:51,20260922,70052,918,1290120,19.483592987060547,-99.1138916015625,185.0,0.0,0.0,,,,1790052650,2026-09-21 22:50:50-06:00,,,7,L07h01-2 campo marte - indios verdes,,3,116633,FFFFFF,,,,,,
metrobus,metrobus_vehicle_positions_enriched,2026-09-22T04:51:14Z,2026-09-22,20260922T045111Z,5765ae69-4e18-4103-96be-8abfc1229f72,,,,,,70053,919,1290121,19.487300872802734,-99.0926513671875,115.0,0.0,0.0,,,,1790052650,2026-09-21 22:50:50-06:00,,,,,,,,,,,,,,
metrobus,metrobus_vehicle_positions_enriched,2026-09-22T04:51:14Z,2026-09-22,20260922T045111Z,c004f67d-c3d0-4e2b-aa61-1c04e96bd297,,,,,,69501,1110,1230101,19.499269485473633,-99.11917877197266,181.0,0.0,0.0,,,,1790052652,2026-09-21 22:50:52-06:00,,,,,,,,,,,,,,
metrobus,metrobus_vehicle_positions_enriched,2026-09-22T04:51:14Z,2026-09-22,20260922T045111Z,2cc8b66f-0fee-40f3-9b4a-8fcc11aad920,,,,,,69498,1107,1230098,19.49921226501465,-99.11919403076172,0.0,0.0,0.0,,,,1790052163,2026-09-21 22:42:43-06:00,,,,,,,,,,,,,,
metrobus,metrobus_vehicle_positions_enriched,2026-09-22T04:51:14Z,2026-09-22,20260922T045111Z,72dca0c9-0eb7-4ed6-a636-db336b9319e4,,,,,,69497,1106,1230097,19.499513626098633,-99.11888885498047,0.0,0.0,0.0,,,,1790052656,2026-09-21 22:50:56-06:00,,,,,,,,,,,,,,
metrobus,metrobus_vehicle_positions_enriched,2026-09-22T04:51:14Z,2026-09-22,20260922T045111Z,c606f741-11a2-41de-83a5-7da2be4266be,,19499,0.0,04:26:46,20260922,69496,1105,1230096,19.424339294433594,-99.16273498535156,223.0,19.0,68.4,,,,1790052652,2026-09-21 22:50:52-06:00,,,1,L01a07-1 indios verdes - el caminero,,3,D40D0D,FFFFFF,,,,,,
metrobus,metrobus_vehicle_positions_enriched,2026-09-22T04:51:14Z,2026-09-22,20260922T045111Z,efe4a8f8-6192-4a4b-bd36-d4c4e30d9053,,19499,0.0,04:12:29,20260922,69495,1104,1230095,19.388593673706055,-99.17424011230469,196.0,26.0,93.60000000000001,,,,1790052657,2026-09-21 22:50:57-06:00,,,1,L01a07-1 indios verdes - el caminero,,3,D40D0D,FFFFFF,,,,,,
metrobus,metrobus_vehicle_positions_enriched,2026-09-22T04:51:14Z,2026-09-22,20260922T045111Z,22d778f6-0fdf-4544-a7a0-c8c044fc277a,,19500,1.0,04:12:47,20260922,69494,1103,1230094,19.38289451599121,-99.17594146728516,165.0,20.0,72.0,,,,1790052657,2026-09-21 22:50:57-06:00,,,1,L01a07-2 el caminero - indios verdes,,3,D40D0D,FFFFFF,,,,,,
metrobus,metrobus_vehicle_positions_enriched,2026-09-22T04:51:14Z,2026-09-22,20260922T045111Z,2fb30b1d-e4a7-4246-9231-0182d0563c53,,19500,1.0,04:39:14,20260922,69493,1102,1230093,19.3082332611084,-99.18659973144531,353.0,49.0,176.4,,,,1790052663,2026-09-21 22:51:03-06:00,,,1,L01a07-2 el caminero - indios verdes,,3,D40D0D,FFFFFF,,,,,,
metrobus,metrobus_vehicle_positions_enriched,2026-09-22T04:51:14Z,2026-09-22,20260922T045111Z,78a084a5-1fef-4b8c-b3c0-c781b0c72129,,,,,,69492,1101,1230092,19.49980926513672,-99.11910247802734,0.0,0.0,0.0,,,,1790023793,2026-09-21 14:49:53-06:00,,,,,,,,,,,,,,
metrobus,metrobus_vehicle_positions_enriched,2026-09-22T04:51:14Z,2026-09-22,20260922T045111Z,46312270-b3a5-4c21-843b-914c2f8b3947,,19577,1.0,04:33:52,20260922,70054,920,1290122,19.432737350463867,-99.15528869628906,639.0,17.0,61.2,,,,1790052656,2026-09-21 22:50:56-06:00,,,7,L07h01-2 campo marte - indios verdes,,3,116633,FFFFFF,,,,,,
metrobus,metrobus_vehicle_positions_enriched,2026-09-22T04:51:14Z,2026-09-22,20260922T045111Z,46ffd978-09e6-443e-b513-64c5009a2da3,,19583,1.0,04:16:16,20260922,70055,921,1290123,19.473970413208008,-99.1227798461914,201.0,34.0,122.4,,,,1790052650,2026-09-21 22:50:50-06:00,,,7,L07h04-2 la diana - indios verdes,,3,116633,FFFFFF,,,,,,
metrobus,metrobus_vehicle_positions_enriched,2026-09-22T04:51:14Z,2026-09-22,20260922T045111Z,eef8082e-d171-4071-aca5-49436935aa88,,,,,,70056,922,1290124,19.486703872680664,-99.09140014648438,292.0,0.0,0.0,,,,1790052556,2026-09-21 22:49:16-06:00,,,,,,,,,,,,,,
metrobus,metrobus_vehicle_positions_enriched,2026-09-22T04:51:14Z,2026-09-22,20260922T045111Z,9f7500c5-3b4b-4b12-b621-bdfda0a2470e,,19578,0.0,04:25:03,20260922,70057,923,1290125,19.433313369750977,-99.15416717529297,243.0,12.0,43.2,,,,1790052655,2026-09-21 22:50:55-06:00,,,7,L07h02-1 hospital infantil - campo marte,,3,116633,FFFFFF,,,,,,
metrobus,metrobus_vehicle_positions_enriched,2026-09-22T04:51:14Z,2026-09-22,20260922T045111Z,2cbe4e9c-22cf-477d-b940-5b2112515835,,19576,0.0,04:41:07,20260922,70058,924,1290126,19.481599807739258,-99.09649658203125,221.0,50.0,180.0,,,,1790052654,2026-09-21 22:50:54-06:00,,,7,L07h01-1 indios verdes - campo marte,,3,116633,FFFFFF,,,,,,
metrobus,metrobus_vehicle_positions_enriched,2026-09-22T04:51:14Z,2026-09-22,20260922T045111Z,62d8202a-ad3d-452e-8ca6-72e71223ffa5,,,,,,70059,925,1290127,19.48771858215332,-99.09344482421875,0.0,0.0,0.0,,,,1790032099,2026-09-21 17:08:19-06:00,,,,,,,,,,,,,,
metrobus,metrobus_vehicle_positions_enriched,2026-09-22T04:51:14Z,2026-09-22,20260922T045111Z,bd6911c4-09dc-49da-9545-860cc26a96b8,,19576,0.0,04:01:45,20260922,70060,926,1290128,19.425764083862305,-99.19125366210938,279.0,45.0,162.0,,,,1790052658,2026-09-21 22:50:58-06:00,,,7,L07h01-1 indios verdes - campo marte,,3,116633,FFFFFF,,,,,,
metrobus,metrobus_vehicle_positions_enriched,2026-09-22T04:51:14Z,2026-09-22,20260922T045111Z,9380cee3-3c7e-4053-a1d9-78961cc10712,,19491,1.0,04:28:44,20260922,69500,1109,1230100,19.395965576171875,-99.17166900634766,234.0,0.0,0.0,,,,1790052649,2026-09-21 22:50:49-06:00,,,1,L01a01-2 dr. gálvez - indios verdes,,3,D40D0D,FFFFFF,,,,,,
metrobus,metrobus_vehicle_positions_enriched,2026-09-22T04:51:14Z,2026-09-22,20260922T045111Z,ffba1592-ad0a-427f-a969-4758c7b5e8bf,,,,,,70061,927,1290129,19.48744010925293,-99.0937271118164,306.0,0.0,0.0,,,,1790052651,2026-09-21 22:50:51-06:00,,,,,,,,,,,,,,
metrobus,metrobus_vehicle_positions_enriched,2026-09-22T04:51:14Z,2026-09-22,20260922T045111Z,2e727539-9bbd-420b-8e25-7c04d28a7ecc,,19499,0.0,03:54:48,20260922,69499,1108,1230099,19.359128952026367,-99.18380737304688,196.0,0.0,0.0,,,,1790052649,2026-09-21 22:50:49-06:00,,,1,L01a07-1 indios verdes - el caminero,,3,D40D0D,FFFFFF,,,,,,
metrobus,metrobus_vehicle_positions_enriched,2026-09-22T04:51:14Z,2026-09-22,20260922T045111Z,93664cda-70e7-414e-9733-b283a6386bbe,,19583,1.0,04:24:19,20260922,70062,928,1290130,19.465051651000977,-99.12613677978516,197.0,33.0,118.8,,,,1790052651,2026-09-21 22:50:51-06:00,,,7,L07h04-2 la diana - indios verdes,,3,116633,FFFFFF,,,,,,
metrobus,metrobus_vehicle_positions_enriched,2026-09-22T04:51:14Z,2026-09-22,20260922T045111Z,343d7d76-ca66-4f92-8019-18ac457d1fcc,,19577,1.0,04:30:44,20260922,70063,929,1290131,19.43274688720703,-99.15452575683594,757.0,38.0,136.8,,,,1790052649,2026-09-21 22:50:49-06:00,,,7,L07h01-2 campo marte - indios verdes,,3,116633,FFFFFF,,,,,,
metrobus,metrobus_vehicle_positions_enriched,2026-09-22T04:51:14Z,2026-09-22,20260922T045111Z,1f5474c1-aff5-43ca-a0dc-831beeb71c73,,19491,1.0,04:48:40,20260922,69512,1121,1230112,19.33649253845215,-99.19009399414062,844.0,0.0,0.0,,,,1790052655,2026-09-21 22:50:55-06:00,,,1,L01a01-2 dr. gálvez - indios verdes,,3,D40D0D,FFFFFF,,,,,,
metrobus,metrobus_vehicle_positions_enriched,2026-09-22T04:51:14Z,2026-09-22,20260922T045111Z,92a64af1-7864-4580-944e-cee786c85b88,,19500,1.0,04:28:24,20260922,69511,1120,1230111,19.355905532836914,-99.18473052978516,168.0,0.0,0.0,,,,1790052660,2026-09-21 22:51:00-06:00,,,1,L01a07-2 el caminero - indios verdes,,3,D40D0D,FFFFFF,,,,,,
metrobus,metrobus_vehicle_positions_enriched,2026-09-22T04:51:14Z,2026-09-22,20260922T045111Z,bb3cb725-16aa-4054-a399-f262fb95e0bc,,19497,0.0,03:42:50,20260922,69509,1118,1230109,19.293903350830078,-99.18083190917969,114.0,0.0,0.0,,,,1790052653,2026-09-21 22:50:53-06:00,,,1,L01a03-1 buenavista - el caminero,,3,D40D0D,FFFFFF,,,,,,
metrobus,metrobus_vehicle_positions_enriched,2026-09-22T04:51:14Z,2026-09-22,20260922T045111Z,88ec6bc5-d7e4-4dae-8f46-433499132d96,,19492,0.0,04:00:45,20260922,69508,1117,1230108,19.36836051940918,-99.1807861328125,196.0,0.0,0.0,,,,1790052658,2026-09-21 22:50:58-06:00,,,1,L01a01-1 indios verdes - dr. gálvez,,3,D40D0D,FFFFFF,,,,,,
metrobus,metrobus_vehicle_positions_enriched,2026-09-22T04:51:14Z,2026-09-22,20260922T045111Z,d748673c-c92d-477f-bc12-707aaabf505c,,19491,1.0,03:46:40,20260922,69507,1116,1230107,19.49188232421875,-99.12030792236328,188.0,11.0,39.6,,,,1790052656,2026-09-21 22:50:56-06:00,,,1,L01a01-2 dr. gálvez - indios verdes,,3,D40D0D,FFFFFF,,,,,,
metrobus,metrobus_vehicle_positions_enriched,2026-09-22T04:51:14Z,2026-09-22,20260922T045111Z,405633bd-05b9-4430-afd0-c421d4402f03,,19500,1.0,04:06:56,20260922,69506,1115,1230106,19.397993087768555,-99.17106628417969,162.0,8.0,28.8,,,,1790052652,2026-09-21 22:50:52-06:00,,,1,L01a07-2 el caminero - indios verdes,,3,D40D0D,FFFFFF,,,,,,
metrobus,metrobus_vehicle_positions_enriched,2026-09-22T04:51:14Z,2026-09-22,20260922T045111Z,64490fea-f770-4bf6-a63c-a937b8140c60,,19499,0.0,03:28:46,20260922,69505,1114,1230105,19.282318115234375,-99.17452239990234,126.0,30.0,108.0,,,,1790052652,2026-09-21 22:50:52-06:00,,,1,L01a07-1 indios verdes - el caminero,,3,D40D0D,FFFFFF,,,,,,
metrobus,metrobus_vehicle_positions_enriched,2026-09-22T04:51:14Z,2026-09-22,20260922T045111Z,9ff0ba5c-b2a0-49c5-9c3c-057162f94a2f,,19494,0.0,04:20:22,20260922,69504,1113,1230104,19.50020980834961,-99.1213150024414,115.0,0.0,0.0,,,,1790051801,2026-09-21 22:36:41-06:00,,,1,L01a02-1 indios verdes - insurgentes,,3,D40D0D,FFFFFF,,,,,,
metrobus,metrobus_vehicle_positions_enriched,2026-09-22T04:51:14Z,2026-09-22,20260922T045111Z,f6c2e99b-ecdb-4fe6-a6a6-d53f48faffef,,19494,0.0,04:35:28,20260922,69503,1112,1230103,19.430490493774414,-99.15997314453125,205.0,50.0,180.0,,,,1790052662,2026-09-21 22:51:02-06:00,,,1,L01a02-1 indios verdes - insurgentes,,3,D40D0D,FFFFFF,,,,,,
metrobus,metrobus_vehicle_positions_enriched,2026-09-22T04:51:14Z,2026-09-22,20260922T045111Z,6cd1ab97-3ff2-48ed-9829-88f21b84e226,,19577,1.0,04:15:59,20260922,70064,930,1290132,19.452392578125,-99.14109802246094,254.0,2.0,7.2,,,,1790052653,2026-09-21 22:50:53-06:00,,,7,L07h01-2 campo marte - indios verdes,,3,116633,FFFFFF,,,,,,
metrobus,metrobus_vehicle_positions_enriched,2026-09-22T04:51:14Z,2026-09-22,20260922T045111Z,0ffb2716-afdf-4a5f-970b-f58b9050ad42,,,,,,70065,931,1290133,19.48743438720703,-99.09310150146484,111.0,0.0,0.0,,,,1790052650,2026-09-21 22:50:50-06:00,,,,,,,,,,,,,,
metrobus,metrobus_vehicle_positions_enriched,2026-09-22T04:51:14Z,2026-09-22,20260922T045111Z,51306cf9-da66-43f8-97b7-8d888cdd4688,,19500,1.0,03:59:26,20260922,69502,1111,1230102,19.402402877807617,-99.16963195800781,173.0,0.0,0.0,,,,1790052654,2026-09-21 22:50:54-06:00,,,1,L01a07-2 el caminero - indios verdes,,3,D40D0D,FFFFFF,,,,,,
metrobus,metrobus_vehicle_positions_enriched,2026-09-22T04:51:14Z,2026-09-22,20260922T045111Z,37f21c85-6780-4061-9dd8-adb6106dcc22,,19577,1.0,04:26:00,20260922,70066,932,1290134,19.4398193359375,-99.14376831054688,522.0,0.0,0.0,,,,1790052652,2026-09-21 22:50:52-06:00,,,7,L07h01-2 campo marte - indios verdes,,3,116633,FFFFFF,,,,,,
metrobus,metrobus_vehicle_positions_enriched,2026-09-22T04:51:14Z,2026-09-22,20260922T045111Z,0ef28512-f494-4d28-a788-a6f137acc7dd,,,,,,70067,933,1290135,19.493276596069336,-99.12103271484375,323.0,0.0,0.0,,,,1790052649,2026-09-21 22:50:49-06:00,,,,,,,,,,,,,,
metrobus,metrobus_vehicle_positions_enriched,2026-09-22T04:51:14Z,2026-09-22,20260922T045111Z,8937061f-835c-4c04-948d-d18c11cf2d32,,,,,,70068,934,1290136,19.480783462524414,-99.09681701660156,211.0,63.0,226.8,,,,1790052651,2026-09-21 22:50:51-06:00,,,,,,,,,,,,,,
metrobus,metrobus_vehicle_positions_enriched,2026-09-22T04:51:14Z,2026-09-22,20260922T045111Z,f0f4ee3b-ea58-4be1-8c0b-277615988f02,,19577,1.0,04:37:10,20260922,70069,935,1290137,19.429317474365234,-99.16246795654297,642.0,28.0,100.8,,,,1790052659,2026-09-21 22:50:59-06:00,,,7,L07h01-2 campo marte - indios verdes,,3,116633,FFFFFF,,,,,,
metrobus,metrobus_vehicle_positions_enriched,2026-09-22T04:51:14Z,2026-09-22,20260922T045111Z,2c16e943-3099-41ad-9190-09ce7b32f515,,19576,0.0,03:52:04,20260922,70070,936,1290138,19.439712524414062,-99.14386749267578,500.0,0.0,0.0,,,,1790052649,2026-09-21 22:50:49-06:00,,,7,L07h01-1 indios verdes - campo marte,,3,116633,FFFFFF,,,,,,
metrobus,metrobus_vehicle_positions_enriched,2026-09-22T04:51:14Z,2026-09-22,20260922T045111Z,88585f72-e691-4a1b-a955-e4d0acfe4d20,,,,,,70071,937,1290139,19.48749542236328,-99.09284210205078,295.0,0.0,0.0,,,,1790052293,2026-09-21 22:44:53-06:00,,,,,,,,,,,,,,
metrobus,metrobus_vehicle_positions_enriched,2026-09-22T04:51:14Z,2026-09-22,20260922T045111Z,d2d508fe-7f7f-4040-9a35-0bb7d24c9a19,,19576,0.0,04:35:48,20260922,70072,938,1290140,19.45366859436035,-99.1306381225586,209.0,0.0,0.0,,,,1790052652,2026-09-21 22:50:52-06:00,,,7,L07h01-1 indios verdes - campo marte,,3,116633,FFFFFF,,,,,,
metrobus,metrobus_vehicle_positions_enriched,2026-09-22T04:51:14Z,2026-09-22,20260922T045111Z,3bbf3dd2-5f42-4664-a7f9-265d7f0895f2,,19577,1.0,04:09:04,20260922,70073,939,1290141,19.470417022705078,-99.1241683959961,194.0,42.0,151.20000000000002,,,,1790052660,2026-09-21 22:51:00-06:00,,,7,L07h01-2 campo marte - indios verdes,,3,116633,FFFFFF,,,,,,
metrobus,metrobus_vehicle_positions_enriched,2026-09-22T04:51:14Z,2026-09-22,20260922T045111Z,3279f491-e024-4957-a872-c15771ee3027,,,,,,69510,1119,1230110,19.498092651367188,-99.11871337890625,113.0,14.0,50.4,,,,1790052647,2026-09-21 22:50:47-06:00,,,,,,,,,,,,,,
metrobus,metrobus_vehicle_positions_enriched,2026-09-22T04:51:14Z,2026-09-22,20260922T045111Z,771026f3-02e7-49b4-ba0d-3ed1986e9ad2,,20212,1.0,04:26:56,20260922,69411,3310,TienepermisodeSEMOVI,19.394100189208984,-99.113525390625,119.0,26.0,93.60000000000001,,,,1790052648,2026-09-21 22:50:48-06:00,,,5,L05f03-2 las bombas - río de los remedios,,3,141982,FFFFFF,,,,,,
metrobus,metrobus_vehicle_positions_enriched,2026-09-22T04:51:14Z,2026-09-22,20260922T045111Z,60f6cf8e-9754-4943-bfd3-c4ce706a88f7,,,,,,69523,1132,1230026,19.49964714050293,-99.11909484863281,191.0,0.0,0.0,,,,1790052658,2026-09-21 22:50:58-06:00,,,,,,,,,,,,,,
metrobus,metrobus_vehicle_positions_enriched,2026-09-22T04:51:14Z,2026-09-22,20260922T045111Z,7e2b9605-0523-4f9a-907d-cd183066d444,,19499,0.0,03:48:38,20260922,69522,1131,1230025,19.330717086791992,-99.18960571289062,172.0,41.0,147.6,,,,1790052657,2026-09-21 22:50:57-06:00,,,1,L01a07-1 indios verdes - el caminero,,3,D40D0D,FFFFFF,,,,,,
metrobus,metrobus_vehicle_positions_enriched,2026-09-22T04:51:14Z,2026-09-22,20260922T045111Z,87ae6a4d-686a-4c45-806d-d8ec4e74943d,,19500,1.0,04:36:47,20260922,69521,1130,1230024,19.31918716430664,-99.18799591064453,353.0,50.0,180.0,,,,1790052651,2026-09-21 22:50:51-06:00,,,1,L01a07-2 el caminero - indios verdes,,3,D40D0D,FFFFFF,,,,,,
metrobus,metrobus_vehicle_positions_enriched,2026-09-22T04:51:14Z,2026-09-22,20260922T045111Z,8ebfb58d-0f74-4c46-93a9-64fdaaf7f27d,,19500,1.0,04:42:44,20260922,69408,3307,1230171,19.280107498168945,-99.16931915283203,293.0,0.0,0.0,,,,1790052662,2026-09-21 22:51:02-06:00,,,1,L01a07-2 el caminero - indios verdes,,3,D40D0D,FFFFFF,,,,,,
metrobus,metrobus_vehicle_positions_enriched,2026-09-22T04:51:14Z,2026-09-22,20260922T045111Z,5dfbbbd0-1eb9-4a48-892b-abd8d7950235,,19500,1.0,03:52:36,20260922,69520,1129,1230022,19.418231964111328,-99.1645278930664,155.0,0.0,0.0,,,,1790052651,2026-09-21 22:50:51-06:00,,,1,L01a07-2 el caminero - indios verdes,,3,D40D0D,FFFFFF,,,,,,
metrobus,metrobus_vehicle_positions_enriched,2026-09-22T04:51:14Z,2026-09-22,20260922T045111Z,dbb710c4-3bde-4640-8563-9cc067691011,,19566,0.0,04:36:02,20260922,69407,3306,1230185,19.38990020751953,-99.058349609375,301.0,0.0,0.0,,,,1790052651,2026-09-21 22:50:51-06:00,,,2,L02c03-1 tepalcates - col. del valle,,3,8D1A96,FFFFFF,,,,,,
metrobus,metrobus_vehicle_positions_enriched,2026-09-22T04:51:14Z,2026-09-22,20260922T045111Z,e22a219e-3d80-4674-a041-06d85e8a03a4,,19500,1.0,03:43:06,20260922,69519,1128,003A008,19.433202743530273,-99.15853118896484,227.0,0.0,0.0,,,,1790052654,2026-09-21 22:50:54-06:00,,,1,L01a07-2 el caminero - indios verdes,,3,D40D0D,FFFFFF,,,,,,
metrobus,metrobus_vehicle_positions_enriched,2026-09-22T04:51:14Z,2026-09-22,20260922T045111Z,a1b7766b-b5cc-449d-b66c-a7e4565947de,,19567,1.0,04:19:11,20260922,69406,3305,1230183,19.39823341369629,-99.11591339111328,923.0,34.0,122.4,,,,1790052650,2026-09-21 22:50:50-06:00,,,2,L02c03-2 col. del valle - tepalcates,,3,8D1A96,FFFFFF,,,,,,
metrobus,metrobus_vehicle_positions_enriched,2026-09-22T04:51:14Z,2026-09-22,20260922T045111Z,45ca0af7-4fb2-42d5-b872-94ca3f7af864,,19492,0.0,03:51:53,20260922,69518,1127,003A007,19.34436798095703,-99.188720703125,200.0,30.0,108.0,,,,1790052654,2026-09-21 22:50:54-06:00,,,1,L01a01-1 indios verdes - dr. gálvez,,3,D40D0D,FFFFFF,,,,,,
metrobus,metrobus_vehicle_positions_enriched,2026-09-22T04:51:14Z,2026-09-22,20260922T045111Z,5cad881b-e87f-4344-88c4-51571dce9a77,,,,,,69405,3304,1230189,19.401716232299805,-99.18669891357422,227.0,0.0,0.0,,,,1790052654,2026-09-21 22:50:54-06:00,,,,,,,,,,,,,,
metrobus,metrobus_vehicle_positions_enriched,2026-09-22T04:51:14Z,2026-09-22,20260922T045111Z,0a985564-02db-48b5-b65b-44eb1ce0637d,,19491,1.0,04:15:35,20260922,69517,1126,003A006,19.41473960876465,-99.16559600830078,171.0,0.0,0.0,,,,1790052657,2026-09-21 22:50:57-06:00,,,1,L01a01-2 dr. gálvez - indios verdes,,3,D40D0D,FFFFFF,,,,,,
metrobus,metrobus_vehicle_positions_enriched,2026-09-22T04:51:14Z,2026-09-22,20260922T045111Z,2d88e533-16f0-430e-9694-4659215fde0a,,19563,0.0,04:29:11,20260922,69404,3303,1230179,19.39657974243164,-99.09587097167969,277.0,21.0,75.60000000000001,,,,1790052646,2026-09-21 22:50:46-06:00,,,2,L02c01-1 tepalcates - tacubaya,,3,8D1A96,FFFFFF,,,,,,
metrobus,metrobus_vehicle_positions_enriched,2026-09-22T04:51:14Z,2026-09-22,20260922T045111Z,ab383fd4-cca0-4b68-9056-819aba749090,,19499,0.0,03:42:11,20260922,69516,1125,003A005,19.303836822509766,-99.18614959716797,173.0,0.0,0.0,,,,1790052651,2026-09-21 22:50:51-06:00,,,1,L01a07-1 indios verdes - el caminero,,3,D40D0D,FFFFFF,,,,,,
metrobus,metrobus_vehicle_positions_enriched,2026-09-22T04:51:14Z,2026-09-22,20260922T045111Z,e3117448-43cd-407b-afa2-d3a071787359,,19500,1.0,04:01:26,20260922,69515,1124,003A004,19.40213394165039,-99.16971588134766,168.0,0.0,0.0,,,,1790052654,2026-09-21 22:50:54-06:00,,,1,L01a07-2 el caminero - indios verdes,,3,D40D0D,FFFFFF,,,,,,
metrobus,metrobus_vehicle_positions_enriched,2026-09-22T04:51:14Z,2026-09-22,20260922T045111Z,67d4c6e0-b1a9-4719-b1b4-cd102d027349,,19562,1.0,04:25:25,20260922,69403,3302,1230188,19.39320945739746,-99.1325912475586,878.0,35.0,126.0,,,,1790052647,2026-09-21 22:50:47-06:00,,,2,L02c01-2 tacubaya - tepalcates,,3,8D1A96,FFFFFF,,,,,,
metrobus,metrobus_vehicle_positions_enriched,2026-09-22T04:51:14Z,2026-09-22,20260922T045111Z,ab4642ea-8b76-4cf2-bd0e-1cbd08b04487,,,,,,70074,940,1290142,19.49287223815918,-99.12073516845703,325.0,0.0,0.0,,,,1790052653,2026-09-21 22:50:53-06:00,,,,,,,,,,,,,,
metrobus,metrobus_vehicle_positions_enriched,2026-09-22T04:51:14Z,2026-09-22,20260922T045111Z,d27170bd-900e-409a-b11e-3a5d8d8b4f04,,,,,,70075,941,1290143,19.483543395996094,-99.11917114257812,216.0,0.0,0.0,,,,1790052659,2026-09-21 22:50:59-06:00,,,,,,,,,,,,,,
metrobus,metrobus_vehicle_positions_enriched,2026-09-22T04:51:14Z,2026-09-22,20260922T045111Z,b982bccb-1757-4b0a-b86a-a8ea25dacbad,,19500,1.0,04:47:53,20260922,69514,1123,003A003,19.280118942260742,-99.16912078857422,297.0,0.0,0.0,,,,1790052654,2026-09-21 22:50:54-06:00,,,1,L01a07-2 el caminero - indios verdes,,3,D40D0D,FFFFFF,,,,,,
metrobus,metrobus_vehicle_positions_enriched,2026-09-22T04:51:14Z,2026-09-22,20260922T045111Z,cde43553-9a37-4981-96f8-2040a3d4bed3,,19562,1.0,04:40:49,20260922,69402,3301,1230186,19.403522491455078,-99.16954803466797,776.0,0.0,0.0,,,,1790052651,2026-09-21 22:50:51-06:00,,,2,L02c01-2 tacubaya - tepalcates,,3,8D1A96,FFFFFF,,,,,,
metrobus,metrobus_vehicle_positions_enriched,2026-09-22T04:51:14Z,2026-09-22,20260922T045111Z,35bb082b-8dac-44e1-82fe-62ff33a70914,,,,,,69513,1122,003A002,19.49917221069336,-99.11918640136719,193.0,0.0,0.0,,,,1790052661,2026-09-21 22:51:01-06:00,,,,,,,,,,,,,,
metrobus,metrobus_vehicle_positions_enriched,2026-09-22T04:51:14Z,2026-09-22,20260922T045111Z,41c9f87b-2779-4caa-ae53-867776aafe33,,,,,,70076,942,1290144,19.448078155517578,-99.13516998291016,218.0,0.0,0.0,,,,1790052654,2026-09-21 22:50:54-06:00,,,,,,,,,,,,,,
metrobus,metrobus_vehicle_positions_enriched,2026-09-22T04:51:14Z,2026-09-22,20260922T045111Z,a6bd15f2-7cd4-4aa7-84a4-b65ad3afb070,,19470,0.0,03:45:27,20260922,69324,701,1240014,19.511539459228516,-99.19824981689453,227.0,0.0,0.0,,,,1790052656,2026-09-21 22:50:56-06:00,,,6,L06g01-1 villa de aragón - el rosario,,3,E44599,FFFFFF,,,,,,
metrobus,metrobus_vehicle_positions_enriched,2026-09-22T04:51:14Z,2026-09-22,20260922T045111Z,361c8cef-3099-4a52-87aa-abbbaaa5ed20,,19473,0.0,04:26:38,20260922,69325,702,1240015,19.48248291015625,-99.10636901855469,292.0,30.0,108.0,,,,1790052660,2026-09-21 22:51:00-06:00,,,6,L06g02-1 villa de aragón - ipn,,3,E44599,FFFFFF,,,,,,
metrobus,metrobus_vehicle_positions_enriched,2026-09-22T04:51:14Z,2026-09-22,20260922T045111Z,7f3e7fec-0168-49c8-96ea-32931c1e6bb1,,,,,,69326,703,1240016,19.47784996032715,-99.06381225585938,0.0,0.0,0.0,,,,1790052649,2026-09-21 22:50:49-06:00,,,,,,,,,,,,,,
metrobus,metrobus_vehicle_positions_enriched,2026-09-22T04:51:14Z,2026-09-22,20260922T045111Z,ad88b2ae-cdf4-4dd5-b4f3-2d45105a9148,,,,,,69327,704,1240017,19.47792625427246,-99.06379699707031,685.0,0.0,0.0,,,,1790052483,2026-09-21 22:48:03-06:00,,,,,,,,,,,,,,
metrobus,metrobus_vehicle_positions_enriched,2026-09-22T04:51:14Z,2026-09-22,20260922T045111Z,97616e57-ab8c-42cf-a107-afba703eff37,,19470,0.0,04:48:35,20260922,69328,705,1240018,19.469675064086914,-99.06473541259766,313.0,2.0,7.2,,,,1790052650,2026-09-21 22:50:50-06:00,,,6,L06g01-1 villa de aragón - el rosario,,3,E44599,FFFFFF,,,,,,
metrobus,metrobus_vehicle_positions_enriched,2026-09-22T04:51:14Z,2026-09-22,20260922T045111Z,778a09ff-0beb-4495-9a74-2231ce5eceac,,19471,1.0,04:49:19,20260922,69329,706,1240019,19.511247634887695,-99.19831848144531,183.0,0.0,0.0,,,,1790052649,2026-09-21 22:50:49-06:00,,,6,L06g01-2 el rosario - villa de aragón,,3,E44599,FFFFFF,,,,,,
metrobus,metrobus_vehicle_positions_enriched,2026-09-22T04:51:14Z,2026-09-22,20260922T045111Z,ba31beac-cf38-4e1e-955b-47a30f990bae,,19563,0.0,04:18:06,20260922,69410,3309,1230181,19.398235321044922,-99.1192626953125,268.0,50.0,180.0,,,,1790052660,2026-09-21 22:51:00-06:00,,,2,L02c01-1 tepalcates - tacubaya,,3,8D1A96,FFFFFF,,,,,,
metrobus,metrobus_vehicle_positions_enriched,2026-09-22T04:51:14Z,2026-09-22,20260922T045111Z,4a55f558-8582-4e30-951a-5e3234c39559,,19473,0.0,04:31:38,20260922,69330,707,1240020,19.478147506713867,-99.06359100341797,157.0,0.0,0.0,,,,1790052658,2026-09-21 22:50:58-06:00,,,6,L06g02-1 villa de aragón - ipn,,3,E44599,FFFFFF,,,,,,
metrobus,metrobus_vehicle_positions_enriched,2026-09-22T04:51:14Z,2026-09-22,20260922T045111Z,b1e089cb-0fa0-4dcb-806c-fb68559c36aa,,19470,0.0,04:02:18,20260922,69331,708,1240021,19.496723175048828,-99.16141510009766,282.0,33.0,118.8,,,,1790052655,2026-09-21 22:50:55-06:00,,,6,L06g01-1 villa de aragón - el rosario,,3,E44599,FFFFFF,,,,,,
metrobus,metrobus_vehicle_positions_enriched,2026-09-22T04:51:14Z,2026-09-22,20260922T045111Z,d0561bae-a603-466a-ab1f-b7bf4f580b07,,19566,0.0,04:49:00,20260922,69409,3308,1230178,19.385087966918945,-99.05192565917969,209.0,0.0,0.0,,,,1790052661,2026-09-21 22:51:01-06:00,,,2,L02c03-1 tepalcates - col. del valle,,3,8D1A96,FFFFFF,,,,,,
metrobus,metrobus_vehicle_positions_enriched,2026-09-22T04:51:14Z,2026-09-22,20260922T045111Z,c955ec3b-3133-4efb-bc7e-10c0ce2e2f82,,19470,0.0,04:29:03,20260922,69332,709,1240022,19.478721618652344,-99.09684753417969,292.0,28.0,100.8,,,,1790052653,2026-09-21 22:50:53-06:00,,,6,L06g01-1 villa de aragón - el rosario,,3,E44599,FFFFFF,,,,,,
metrobus,metrobus_vehicle_positions_enriched,2026-09-22T04:51:14Z,2026-09-22,20260922T045111Z,24ea2fcd-b074-4670-8b91-1caa8632e5dd,,19500,1.0,03:50:45,20260922,69534,1143,1230001,19.4263858795166,-99.16171264648438,228.0,48.0,172.8,,,,1790052655,2026-09-21 22:50:55-06:00,,,1,L01a07-2 el caminero - indios verdes,,3,D40D0D,FFFFFF,,,,,,
metrobus,metrobus_vehicle_positions_enriched,2026-09-22T04:51:14Z,2026-09-22,20260922T045111Z,6dc4e514-530b-4a98-ab33-5b21db433844,,,,,,69533,1142,1230004,19.4979190826416,-99.1195068359375,186.0,0.0,0.0,,,,1790051584,2026-09-21 22:33:04-06:00,,,,,,,,,,,,,,
metrobus,metrobus_vehicle_positions_enriched,2026-09-22T04:51:14Z,2026-09-22,20260922T045111Z,59127704-d1a6-469c-927a-c23caa48a484,,,,,,69421,3320,1230192,19.389371871948242,-99.05825805664062,0.0,0.0,0.0,,,,1790052651,2026-09-21 22:50:51-06:00,,,,,,,,,,,,,,
metrobus,metrobus_vehicle_positions_enriched,2026-09-22T04:51:14Z,2026-09-22,20260922T045111Z,707c7d03-e066-4ccd-9081-60678488baff,,,,,,69532,1141,1230045,19.499267578125,-99.11904907226562,0.0,0.0,0.0,,,,1790052648,2026-09-21 22:50:48-06:00,,,,,,,,,,,,,,
metrobus,metrobus_vehicle_positions_enriched,2026-09-22T04:51:14Z,2026-09-22,20260922T045111Z,6f68122e-d281-4cd9-a7a3-812d2f952a24,,19499,0.0,04:49:06,20260922,69531,1140,1230044,19.499696731567383,-99.11944580078125,118.0,0.0,0.0,,,,1790052652,2026-09-21 22:50:52-06:00,,,1,L01a07-1 indios verdes - el caminero,,3,D40D0D,FFFFFF,,,,,,
metrobus,metrobus_vehicle_positions_enriched,2026-09-22T04:51:14Z,2026-09-22,20260922T045111Z,e62f2be1-583e-434e-8a7d-6408b3fd61a9,,19562,1.0,04:42:40,20260922,69419,3318,1230190,19.40540313720703,-99.17704010009766,110.0,19.0,68.4,,,,1790052657,2026-09-21 22:50:57-06:00,,,2,L02c01-2 tacubaya - tepalcates,,3,8D1A96,FFFFFF,,,,,,
metrobus,metrobus_vehicle_positions_enriched,2026-09-22T04:51:14Z,2026-09-22,20260922T045111Z,bad829ef-ea1c-4b2d-a8f8-a012cde04e00,,19492,0.0,04:50:11,20260922,69530,1139,1230040,19.499786376953125,-99.11984252929688,210.0,9.0,32.4,,,,1790052656,2026-09-21 22:50:56-06:00,,,1,L01a01-1 indios verdes - dr. gálvez,,3,D40D0D,FFFFFF,,,,,,
metrobus,metrobus_vehicle_positions_enriched,2026-09-22T04:51:14Z,2026-09-22,20260922T045111Z,f0de2a79-5ed0-4885-9730-5b7cab28810b,,19559,0.0,04:48:38,20260922,69418,3317,TienepermisodeSEMOVI,19.50225257873535,-99.08833312988281,202.0,0.0,0.0,,,,1790052653,2026-09-21 22:50:53-06:00,,,5,L05f05-1 río de los remedios - preparatoria 1,,3,141982,FFFFFF,,,,,,
metrobus,metrobus_vehicle_positions_enriched,2026-09-22T04:51:14Z,2026-09-22,20260922T045111Z,aeeea0da-8035-4d6e-9e4d-b72c5204c766,,,,,,69417,3316,TienepermisodeSEMOVI,19.479318618774414,-99.06413269042969,0.0,0.0,0.0,,,,1790052658,2026-09-21 22:50:58-06:00,,,,,,,,,,,,,,
metrobus,metrobus_vehicle_positions_enriched,2026-09-22T04:51:14Z,2026-09-22,20260922T045111Z,47ec8c46-2c52-4702-8078-62109aa6df3b,,19492,0.0,04:28:16,20260922,69529,1138,1230038,19.499618530273438,-99.11940002441406,165.0,0.0,0.0,,,,1790051913,2026-09-21 22:38:33-06:00,,,1,L01a01-1 indios verdes - dr. gálvez,,3,D40D0D,FFFFFF,,,,,,
metrobus,metrobus_vehicle_positions_enriched,2026-09-22T04:51:14Z,2026-09-22,20260922T045111Z,dd06eb0d-dcc7-4e8b-a220-c252f6afdaaf,,20212,1.0,03:54:31,20260922,69416,3315,TienepermisodeSEMOVI,19.50080108642578,-99.0882797241211,224.0,0.0,0.0,,,,1790052650,2026-09-21 22:50:50-06:00,,,5,L05f03-2 las bombas - río de los remedios,,3,141982,FFFFFF,,,,,,
metrobus,metrobus_vehicle_positions_enriched,2026-09-22T04:51:14Z,2026-09-22,20260922T045111Z,e31302f1-95f5-49b5-b321-10020829bb17,,19500,1.0,03:40:15,20260922,69528,1137,1230037,19.440385818481445,-99.15535736083984,218.0,20.0,72.0,,,,1790052650,2026-09-21 22:50:50-06:00,,,1,L01a07-2 el caminero - indios verdes,,3,D40D0D,FFFFFF,,,,,,
metrobus,metrobus_vehicle_positions_enriched,2026-09-22T04:51:14Z,2026-09-22,20260922T045111Z,53694cce-e6f9-4198-805b-40fa74dd044e,,19500,1.0,04:42:38,20260922,69527,1136,1230031,19.295034408569336,-99.18286895751953,304.0,0.0,0.0,,,,1790052654,2026-09-21 22:50:54-06:00,,,1,L01a07-2 el caminero - indios verdes,,3,D40D0D,FFFFFF,,,,,,
metrobus,metrobus_vehicle_positions_enriched,2026-09-22T04:51:14Z,2026-09-22,20260922T045111Z,3828a737-a510-41b8-adc4-c1ffe944d863,,,,,,69415,3314,TienepermisodeSEMOVI,19.39405632019043,-99.11360168457031,103.0,10.0,36.0,,,,1790052651,2026-09-21 22:50:51-06:00,,,,,,,,,,,,,,
metrobus,metrobus_vehicle_positions_enriched,2026-09-22T04:51:14Z,2026-09-22,20260922T045111Z,ce9b7323-8424-40e9-9f83-cb64fcf6a75c,,,,,,69526,1135,1230029,19.27898597717285,-99.16927337646484,341.0,0.0,0.0,,,,1790052656,2026-09-21 22:50:56-06:00,,,,,,,,,,,,,,
metrobus,metrobus_vehicle_positions_enriched,2026-09-22T04:51:14Z,2026-09-22,20260922T045111Z,926250fb-f0ff-4881-b741-f5164d803819,,19558,1.0,04:22:25,20260922,69414,3313,TienepermisodeSEMOVI,19.364578247070312,-99.10946655273438,131.0,21.0,75.60000000000001,,,,1790052663,2026-09-21 22:51:03-06:00,,,5,L05f05-2 preparatoria 1 - río de los remedios,,3,141982,FFFFFF,,,,,,
metrobus,metrobus_vehicle_positions_enriched,2026-09-22T04:51:14Z,2026-09-22,20260922T045111Z,5fdbaca5-39a2-459e-b3f8-210abac2a1e7,,19500,1.0,02:48:23,20260922,69525,1134,1230028,19.3516845703125,-99.18618774414062,196.0,0.0,0.0,,,,1790052650,2026-09-21 22:50:50-06:00,,,1,L01a07-2 el caminero - indios verdes,,3,D40D0D,FFFFFF,,,,,,
metrobus,metrobus_vehicle_positions_enriched,2026-09-22T04:51:14Z,2026-09-22,20260922T045111Z,fd3f9aae-eaa7-4369-b19f-ddde1c0fb210,,,,,,69413,3312,TienepermisodeSEMOVI,19.46738052368164,-99.08098602294922,283.0,0.0,0.0,,,,1790052660,2026-09-21 22:51:00-06:00,,,,,,,,,,,,,,
metrobus,metrobus_vehicle_positions_enriched,2026-09-22T04:51:14Z,2026-09-22,20260922T045111Z,094c09af-c9ca-46a3-8054-4fe98a67ac25,,19473,0.0,04:19:05,20260922,69333,710,1240023,19.477619171142578,-99.064697265625,226.0,0.0,0.0,,,,1790051935,2026-09-21 22:38:55-06:00,,,6,L06g02-1 villa de aragón - ipn,,3,E44599,FFFFFF,,,,,,
metrobus,metrobus_vehicle_positions_enriched,2026-09-22T04:51:14Z,2026-09-22,20260922T045111Z,16ac93bb-e222-4f24-92a7-4b1fdfb2252b,,19471,1.0,04:12:56,20260922,69334,711,1240024,19.479969024658203,-99.10066986083984,116.0,36.0,129.6,,,,1790052647,2026-09-21 22:50:47-06:00,,,6,L06g01-2 el rosario - villa de aragón,,3,E44599,FFFFFF,,,,,,
metrobus,metrobus_vehicle_positions_enriched,2026-09-22T04:51:14Z,2026-09-22,20260922T045111Z,2f289512-0c98-4b00-b059-171f348d1dfa,,,,,,69412,3311,TienepermisodeSEMOVI,19.47938346862793,-99.0640640258789,0.0,0.0,0.0,,,,1790052650,2026-09-21 22:50:50-06:00,,,,,,,,,,,,,,
metrobus,metrobus_vehicle_positions_enriched,2026-09-22T04:51:14Z,2026-09-22,20260922T045111Z,583ffc71-c43f-443d-b7bc-e1bc0c356ff6,,,,,,69524,1133,1230027,19.49953269958496,-99.1192626953125,0.0,4.0,14.4,,,,1790052651,2026-09-21 22:50:51-06:00,,,,,,,,,,,,,,
metrobus,metrobus_vehicle_positions_enriched,2026-09-22T04:51:14Z,2026-09-22,20260922T045111Z,88d2e4f1-3b05-44db-b3a1-52cbb16d4d6a,,19470,0.0,03:50:55,20260922,69335,712,1240109,19.505615234375,-99.19066619873047,320.0,35.0,126.0,,,,1790052664,2026-09-21 22:51:04-06:00,,,6,L06g01-1 villa de aragón - el rosario,,3,E44599,FFFFFF,,,,,,
metrobus,metrobus_vehicle_positions_enriched,2026-09-22T04:51:14Z,2026-09-22,20260922T045111Z,f838a2c1-92b0-4eff-90b2-d27785610cce,,19471,1.0,04:35:47,20260922,69336,713,1240110,19.495771408081055,-99.15719604492188,102.0,22.0,79.2,,,,1790052651,2026-09-21 22:50:51-06:00,,,6,L06g01-2 el rosario - villa de aragón,,3,E44599,FFFFFF,,,,,,
metrobus,metrobus_vehicle_positions_enriched,2026-09-22T04:51:14Z,2026-09-22,20260922T045111Z,04b7376a-2704-471e-9e5c-77102d34a410,,19473,0.0,04:17:38,20260922,69337,714,1240111,19.48533058166504,-99.1186294555664,198.0,0.0,0.0,,,,1790052647,2026-09-21 22:50:47-06:00,,,6,L06g02-1 villa de aragón - ipn,,3,E44599,FFFFFF,,,,,,
metrobus,metrobus_vehicle_positions_enriched,2026-09-22T04:51:14Z,2026-09-22,20260922T045111Z,0761220c-7476-4922-ab1a-6d17cac83f3a,,,,,,69338,715,1240112,19.4794864654541,-99.06398010253906,337.0,0.0,0.0,,,,1790052648,2026-09-21 22:50:48-06:00,,,,,,,,,,,,,,
metrobus,metrobus_vehicle_positions_enriched,2026-09-22T04:51:14Z,2026-09-22,20260922T045111Z,f5e0a960-fa44-4949-a848-2fd8534e294b,,19473,0.0,04:21:30,20260922,69339,716,ConPermisovencido,19.48884391784668,-99.1174087524414,252.0,30.0,108.0,,,,1790052652,2026-09-21 22:50:52-06:00,,,6,L06g02-1 villa de aragón - ipn,,3,E44599,FFFFFF,,,,,,
metrobus,metrobus_vehicle_positions_enriched,2026-09-22T04:51:14Z,2026-09-22,20260922T045111Z,19c220a5-1ba1-4756-8816-10c456fe48ff,,,,,,69340,717,1240114,19.478103637695312,-99.06389617919922,663.0,0.0,0.0,,,,1790050279,2026-09-21 22:11:19-06:00,,,,,,,,,,,,,,
metrobus,metrobus_vehicle_positions_enriched,2026-09-22T04:51:14Z,2026-09-22,20260922T045111Z,863f09e5-758e-49aa-91d4-821fe80a3cb3,,,,,,69341,718,1240115,19.479515075683594,-99.06387329101562,0.0,0.0,0.0,,,,1790052655,2026-09-21 22:50:55-06:00,,,,,,,,,,,,,,
metrobus,metrobus_vehicle_positions_enriched,2026-09-22T04:51:14Z,2026-09-22,20260922T045111Z,fb263d63-8e22-46be-b3ab-17ece8896384,,19471,1.0,03:55:15,20260922,69342,719,1240116,19.468732833862305,-99.07148742675781,138.0,19.0,68.4,,,,1790052661,2026-09-21 22:51:01-06:00,,,6,L06g01-2 el rosario - villa de aragón,,3,E44599,FFFFFF,,,,,,
metrobus,metrobus_vehicle_positions_enriched,2026-09-22T04:51:14Z,2026-09-22,20260922T045111Z,e4f90f8f-8813-4624-9fb9-fbea18e62cca,,19563,0.0,04:25:55,20260922,69420,3319,1230191,19.39675521850586,-99.09734344482422,277.0,34.0,122.4,,,,1790052647,2026-09-21 22:50:47-06:00,,,2,L02c01-1 tepalcates - tacubaya,,3,8D1A96,FFFFFF,,,,,,
metrobus,metrobus_vehicle_positions_enriched,2026-09-22T04:51:14Z,2026-09-22,20260922T045111Z,f1fee65b-7159-4eb5-8fa1-5e5dacc65c78,,19499,0.0,03:44:11,20260922,69538,1147,1230030,19.31535530090332,-99.1876220703125,172.0,28.0,100.8,,,,1790052659,2026-09-21 22:50:59-06:00,,,1,L01a07-1 indios verdes - el caminero,,3,D40D0D,FFFFFF,,,,,,
metrobus,metrobus_vehicle_positions_enriched,2026-09-22T04:51:14Z,2026-09-22,20260922T045111Z,4ae21b8c-8c56-41e0-8173-ea83191e3718,,19470,0.0,03:56:50,20260922,69343,720,1240117,19.502737045288086,-99.17940521240234,291.0,25.0,90.0,,,,1790052649,2026-09-21 22:50:49-06:00,,,6,L06g01-1 villa de aragón - el rosario,,3,E44599,FFFFFF,,,,,,
metrobus,metrobus_vehicle_positions_enriched,2026-09-22T04:51:14Z,2026-09-22,20260922T045111Z,a136ba66-ae81-4d3c-85a6-fec7e9a589da,,19500,1.0,03:46:10,20260922,69537,1146,1230023,19.431344985961914,-99.1594009399414,261.0,40.0,144.0,,,,1790052657,2026-09-21 22:50:57-06:00,,,1,L01a07-2 el caminero - indios verdes,,3,D40D0D,FFFFFF,,,,,,
metrobus,metrobus_vehicle_positions_enriched,2026-09-22T04:51:14Z,2026-09-22,20260922T045111Z,a52266b7-4a87-4d46-a6e3-b17a3d3b9b3d,,,,,,69536,1145,1230041,19.499940872192383,-99.11909484863281,116.0,0.0,0.0,,,,1790027370,2026-09-21 15:49:30-06:00,,,,,,,,,,,,,,
metrobus,metrobus_vehicle_positions_enriched,2026-09-22T04:51:14Z,2026-09-22,20260922T045111Z,2a1fa22b-7b09-48db-9d87-b1ed45702b9c,,19470,0.0,04:30:11,20260922,69344,721,1240118,19.47740364074707,-99.09358215332031,291.0,34.0,122.4,,,,1790052662,2026-09-21 22:51:02-06:00,,,6,L06g01-1 villa de aragón - el rosario,,3,E44599,FFFFFF,,,,,,
metrobus,metrobus_vehicle_positions_enriched,2026-09-22T04:51:14Z,2026-09-22,20260922T045111Z,18961d63-c48b-4963-baef-3d5349f6babf,,,,,,69345,722,1240159,19.47944450378418,-99.06387329101562,0.0,0.0,0.0,,,,1790052659,2026-09-21 22:50:59-06:00,,,,,,,,,,,,,,
metrobus,metrobus_vehicle_positions_enriched,2026-09-22T04:51:14Z,2026-09-22,20260922T045111Z,f86ff862-50ff-4bc3-b79e-d220c8d8c27a,,,,,,69535,1144,1230047,19.499364852905273,-99.11913299560547,0.0,0.0,0.0,,,,1790052645,2026-09-21 22:50:45-06:00,,,,,,,,,,,,,,
metrobus,metrobus_vehicle_positions_enriched,2026-09-22T04:51:14Z,2026-09-22,20260922T045111Z,933ccdcf-0c44-4272-be81-223b2ca320a8,,19471,1.0,03:59:44,20260922,69346,723,1240160,19.46628761291504,-99.07276153564453,101.0,5.0,18.0,,,,1790052657,2026-09-21 22:50:57-06:00,,,6,L06g01-2 el rosario - villa de aragón,,3,E44599,FFFFFF,,,,,,
metrobus,metrobus_vehicle_positions_enriched,2026-09-22T04:51:14Z,2026-09-22,20260922T045111Z,0e2ec8e0-646d-478f-bf6c-71e2431d0672,,19470,0.0,03:54:15,20260922,69347,724,1240161,19.50348472595215,-99.18179321289062,289.0,26.0,93.60000000000001,,,,1790052659,2026-09-21 22:50:59-06:00,,,6,L06g01-1 villa de aragón - el rosario,,3,E44599,FFFFFF,,,,,,
metrobus,metrobus_vehicle_positions_enriched,2026-09-22T04:51:14Z,2026-09-22,20260922T045111Z,5941e7fb-3085-4515-8960-8235f363e892,,19473,0.0,02:35:15,20260922,69348,725,1240162,19.478036880493164,-99.0638427734375,652.0,0.0,0.0,,,,1790045434,2026-09-21 20:50:34-06:00,,,6,L06g02-1 villa de aragón - ipn,,3,E44599,FFFFFF,,,,,,
metrobus,metrobus_vehicle_positions_enriched,2026-09-22T04:51:14Z,2026-09-22,20260922T045111Z,59ea4e4e-52fd-4edc-8688-f586deaa7ffc,,19470,0.0,04:21:28,20260922,69349,726,1240163,19.484106063842773,-99.11310577392578,283.0,0.0,0.0,,,,1790052651,2026-09-21 22:50:51-06:00,,,6,L06g01-1 villa de aragón - el rosario,,3,E44599,FFFFFF,,,,,,
metrobus,metrobus_vehicle_positions_enriched,2026-09-22T04:51:14Z,2026-09-22,20260922T045111Z,c748e37e-7453-4c3a-b9c0-677d0e03a359,,19470,0.0,04:34:20,20260922,69350,727,1240164,19.472427368164062,-99.08716583251953,329.0,0.0,0.0,,,,1790052654,2026-09-21 22:50:54-06:00,,,6,L06g01-1 villa de aragón - el rosario,,3,E44599,FFFFFF,,,,,,
metrobus,metrobus_vehicle_positions_enriched,2026-09-22T04:51:14Z,2026-09-22,20260922T045111Z,45153616-5c6d-40ef-9700-24b49506cc62,,,,,,69351,728,1240165,19.4794864654541,-99.06372833251953,0.0,0.0,0.0,,,,1790052651,2026-09-21 22:50:51-06:00,,,,,,,,,,,,,,
metrobus,metrobus_vehicle_positions_enriched,2026-09-22T04:51:14Z,2026-09-22,20260922T045111Z,dee9f9b6-b6d3-4dd3-ac9c-fd3b0ff9f2bc,,19472,1.0,04:27:08,20260922,69352,729,1240166,19.466917037963867,-99.07611846923828,865.0,8.0,28.8,,,,1790052660,2026-09-21 22:51:00-06:00,,,6,L06g02-2 ipn - villa de aragón,,3,E44599,FFFFFF,,,,,,
metrobus,metrobus_vehicle_positions_enriched,2026-09-22T04:51:14Z,2026-09-22,20260922T045111Z,eeb055f0-ba41-4f86-925f-b007e40ac05c,,19563,0.0,04:44:22,20260922,70117,3343,1250008,19.386829376220703,-99.05982208251953,179.0,5.0,18.0,,,,1790052653,2026-09-21 22:50:53-06:00,,,2,L02c01-1 tepalcates - tacubaya,,3,8D1A96,FFFFFF,,,,,,
metrobus,metrobus_vehicle_positions_enriched,2026-09-22T04:51:14Z,2026-09-22,20260922T045111Z,4a1bf008-d528-484f-b1dd-35805fc9d196,,19566,0.0,03:34:35,20260922,70116,3342,1250009,19.386472702026367,-99.0597915649414,0.0,0.0,0.0,,,,1790052651,2026-09-21 22:50:51-06:00,,,2,L02c03-1 tepalcates - col. del valle,,3,8D1A96,FFFFFF,,,,,,
metrobus,metrobus_vehicle_positions_enriched,2026-09-22T04:51:14Z,2026-09-22,20260922T045111Z,9a6226bc-b998-4a10-be53-7cd6870f7895,,19564,0.0,04:39:51,20260922,70115,3341,1250013,19.387004852294922,-99.05982208251953,175.0,0.0,0.0,,,,1790052654,2026-09-21 22:50:54-06:00,,,2,L02c02-1 tepalcates - etiopía l3,,3,8D1A96,FFFFFF,,,,,,
metrobus,metrobus_vehicle_positions_enriched,2026-09-22T04:51:14Z,2026-09-22,20260922T045111Z,87ebc8a1-e59b-49d5-9a7e-9a3305bb8f4d,,19562,1.0,03:48:39,20260922,70114,3340,1250014,19.389116287231445,-99.05979919433594,860.0,0.0,0.0,,,,1790052660,2026-09-21 22:51:00-06:00,,,2,L02c01-2 tacubaya - tepalcates,,3,8D1A96,FFFFFF,,,,,,
metrobus,metrobus_vehicle_positions_enriched,2026-09-22T04:51:14Z,2026-09-22,20260922T045111Z,f9e9ebff-c19f-414a-b0dd-a88dd59afd18,,19562,1.0,04:30:25,20260922,70113,3339,1250012,19.39540672302246,-99.14948272705078,935.0,41.0,147.6,,,,1790052660,2026-09-21 22:51:00-06:00,,,2,L02c01-2 tacubaya - tepalcates,,3,8D1A96,FFFFFF,,,,,,
metrobus,metrobus_vehicle_positions_enriched,2026-09-22T04:51:14Z,2026-09-22,20260922T045111Z,af8fab0a-6caa-4a7c-b880-97e2aa1cad3a,,19563,0.0,04:31:50,20260922,70112,3338,1250011,19.38710594177246,-99.05976867675781,188.0,0.0,0.0,,,,1790052655,2026-09-21 22:50:55-06:00,,,2,L02c01-1 tepalcates - tacubaya,,3,8D1A96,FFFFFF,,,,,,
metrobus,metrobus_vehicle_positions_enriched,2026-09-22T04:51:14Z,2026-09-22,20260922T045111Z,01f3bdbe-627f-4897-bd40-f71bd0ff589a,,19470,0.0,03:48:39,20260922,69353,730,1240167,19.511741638183594,-99.1964111328125,273.0,0.0,0.0,,,,1790052656,2026-09-21 22:50:56-06:00,,,6,L06g01-1 villa de aragón - el rosario,,3,E44599,FFFFFF,,,,,,
metrobus,metrobus_vehicle_positions_enriched,2026-09-22T04:51:14Z,2026-09-22,20260922T045111Z,a17aef26-a105-4270-8e1a-8582be832e49,,19472,1.0,04:31:39,20260922,69354,731,1240168,19.47515869140625,-99.08890533447266,144.0,6.0,21.6,,,,1790052659,2026-09-21 22:50:59-06:00,,,6,L06g02-2 ipn - villa de aragón,,3,E44599,FFFFFF,,,,,,
metrobus,metrobus_vehicle_positions_enriched,2026-09-22T04:51:14Z,2026-09-22,20260922T045111Z,7bb08771-f1f4-460c-8456-beec36752903,,19470,0.0,03:54:05,20260922,69355,732,1240169,19.503856658935547,-99.18295288085938,289.0,0.0,0.0,,,,1790052655,2026-09-21 22:50:55-06:00,,,6,L06g01-1 villa de aragón - el rosario,,3,E44599,FFFFFF,,,,,,
metrobus,metrobus_vehicle_positions_enriched,2026-09-22T04:51:14Z,2026-09-22,20260922T045111Z,f77150de-4e81-4b80-9fe2-e50231acf0c5,,19471,1.0,04:04:26,20260922,69356,733,1240170,19.46674919128418,-99.07836151123047,966.0,34.0,122.4,,,,1790052654,2026-09-21 22:50:54-06:00,,,6,L06g01-2 el rosario - villa de aragón,,3,E44599,FFFFFF,,,,,,
metrobus,metrobus_vehicle_positions_enriched,2026-09-22T04:51:14Z,2026-09-22,20260922T045111Z,a1bf3d2b-9c11-4ba6-9602-b874270331cf,,19470,0.0,03:50:53,20260922,69357,734,1240171,19.51112937927246,-99.19293975830078,284.0,22.0,79.2,,,,1790052654,2026-09-21 22:50:54-06:00,,,6,L06g01-1 villa de aragón - el rosario,,3,E44599,FFFFFF,,,,,,
metrobus,metrobus_vehicle_positions_enriched,2026-09-22T04:51:14Z,2026-09-22,20260922T045111Z,9418b326-5184-4122-9e45-1262575e8461,,,,,,69358,735,1240172,19.47943115234375,-99.06392669677734,0.0,0.0,0.0,,,,1790051986,2026-09-21 22:39:46-06:00,,,,,,,,,,,,,,
metrobus,metrobus_vehicle_positions_enriched,2026-09-22T04:51:14Z,2026-09-22,20260922T045111Z,918bcecf-7245-4809-b76e-1a24c14a49b6,,19470,0.0,03:54:26,20260922,69359,736,1240173,19.500703811645508,-99.17524719238281,299.0,49.0,176.4,,,,1790052647,2026-09-21 22:50:47-06:00,,,6,L06g01-1 villa de aragón - el rosario,,3,E44599,FFFFFF,,,,,,
metrobus,metrobus_vehicle_positions_enriched,2026-09-22T04:51:14Z,2026-09-22,20260922T045111Z,afbede22-9962-4f98-9a29-e28957fc06ef,,19563,0.0,03:41:34,20260922,69725,3353,1250030,19.388994216918945,-99.05940246582031,185.0,0.0,0.0,,,,1790052653,2026-09-21 22:50:53-06:00,,,2,L02c01-1 tepalcates - tacubaya,,3,8D1A96,FFFFFF,,,,,,
metrobus,metrobus_vehicle_positions_enriched,2026-09-22T04:51:14Z,2026-09-22,20260922T045111Z,14565efa-e7a2-4930-ab3c-72925f990e6b,,19567,1.0,04:28:55,20260922,69724,3352,1250029,19.39424705505371,-99.13982391357422,99.0,0.0,0.0,,,,1790052655,2026-09-21 22:50:55-06:00,,,2,L02c03-2 col. del valle - tepalcates,,3,8D1A96,FFFFFF,,,,,,
metrobus,metrobus_vehicle_positions_enriched,2026-09-22T04:51:14Z,2026-09-22,20260922T045111Z,db14e4f7-c8d1-4cca-a157-764831bb4368,,19567,1.0,04:29:10,20260922,69723,3351,1250028,19.39461326599121,-99.14250946044922,989.0,0.0,0.0,,,,1790052660,2026-09-21 22:51:00-06:00,,,2,L02c03-2 col. del valle - tepalcates,,3,8D1A96,FFFFFF,,,,,,
metrobus,metrobus_vehicle_positions_enriched,2026-09-22T04:51:14Z,2026-09-22,20260922T045111Z,86c689cd-9683-46ea-93d2-844f25eaca90,,19564,0.0,04:09:23,20260922,70120,3346,003A018,19.394563674926758,-99.14140319824219,279.0,0.0,0.0,,,,1790052648,2026-09-21 22:50:48-06:00,,,2,L02c02-1 tepalcates - etiopía l3,,3,8D1A96,FFFFFF,,,,,,
metrobus,metrobus_vehicle_positions_enriched,2026-09-22T04:51:14Z,2026-09-22,20260922T045111Z,b4e09fa1-bbc3-4bda-8a0f-92b0a89df39c,,19562,1.0,04:19:43,20260922,70119,3345,1250007,19.398019790649414,-99.12451934814453,878.0,14.0,50.4,,,,1790052656,2026-09-21 22:50:56-06:00,,,2,L02c01-2 tacubaya - tepalcates,,3,8D1A96,FFFFFF,,,,,,
metrobus,metrobus_vehicle_positions_enriched,2026-09-22T04:51:14Z,2026-09-22,20260922T045111Z,41bb916d-7ce9-4c9c-bb10-7167ecf357c2,,19562,1.0,03:57:47,20260922,70118,3344,1250006,19.383485794067383,-99.06610870361328,100.0,23.0,82.8,,,,1790052645,2026-09-21 22:50:45-06:00,,,2,L02c01-2 tacubaya - tepalcates,,3,8D1A96,FFFFFF,,,,,,
metrobus,metrobus_vehicle_positions_enriched,2026-09-22T04:51:14Z,2026-09-22,20260922T045111Z,9e7e8f9b-396a-455f-9682-c0dd33ee81c8,,,,,,69211,509,1260137,19.445066452026367,-99.15174102783203,273.0,0.0,0.0,,,,1790039741,2026-09-21 19:15:41-06:00,,,,,,,,,,,,,,
metrobus,metrobus_vehicle_positions_enriched,2026-09-22T04:51:14Z,2026-09-22,20260922T045111Z,c8058d87-348f-4605-8ed5-909402f2fa6f,,,,,,69726,751,1280022,19.506866455078125,-99.19647979736328,278.0,0.0,0.0,,,,1790052661,2026-09-21 22:51:01-06:00,,,,,,,,,,,,,,
metrobus,metrobus_vehicle_positions_enriched,2026-09-22T04:51:14Z,2026-09-22,20260922T045111Z,015ad731-9ddb-4636-97be-141ee94baac8,,,,,,69727,752,1280023,19.507333755493164,-99.19937133789062,179.0,0.0,0.0,,,,1790052647,2026-09-21 22:50:47-06:00,,,,,,,,,,,,,,
metrobus,metrobus_vehicle_positions_enriched,2026-09-22T04:51:14Z,2026-09-22,20260922T045111Z,0a575641-d7c7-49a1-a3be-9f91ed2a0426,,20439,1.0,04:34:41,20260922,69212,510,1260138,19.423831939697266,-99.134521484375,966.0,52.0,187.20000000000002,,,,1790052646,2026-09-21 22:50:46-06:00,,,2,L72h73-1 alameda tacubaya - glorieta cuitláhuac sur.,,3,42A76B,FFFFFF,,,,,,
metrobus,metrobus_vehicle_positions_enriched,2026-09-22T04:51:14Z,2026-09-22,20260922T045111Z,65dfb4c2-e300-4e08-a27f-c625fd04293e,,19470,0.0,04:31:31,20260922,69728,753,1280024,19.47455406188965,-99.08845520019531,329.0,0.0,0.0,,,,1790052654,2026-09-21 22:50:54-06:00,,,6,L06g01-1 villa de aragón - el rosario,,3,E44599,FFFFFF,,,,,,
metrobus,metrobus_vehicle_positions_enriched,2026-09-22T04:51:14Z,2026-09-22,20260922T045111Z,1c33f2e3-97ef-4153-a5ff-4c46acfc1142,,,,,,69213,511,1260139,19.398710250854492,-99.0761489868164,0.0,0.0,0.0,,,,1785603127,2026-08-01 10:52:07-06:00,,,,,,,,,,,,,,
metrobus,metrobus_vehicle_positions_enriched,2026-09-22T04:51:14Z,2026-09-22,20260922T045111Z,b4b13903-b51e-494e-87a4-5909da400970,,,,,,69729,754,1280025,19.507104873657227,-99.19635009765625,201.0,0.0,0.0,,,,1790051904,2026-09-21 22:38:24-06:00,,,,,,,,,,,,,,
metrobus,metrobus_vehicle_positions_enriched,2026-09-22T04:51:14Z,2026-09-22,20260922T045111Z,c94af0fc-33ae-42bd-aece-0f32a0870a5b,,,,,,69214,512,1260140,19.42326545715332,-99.09176635742188,358.0,0.0,0.0,,,,1783049743,2026-07-02 21:35:43-06:00,,,,,,,,,,,,,,
metrobus,metrobus_vehicle_positions_enriched,2026-09-22T04:51:14Z,2026-09-22,20260922T045111Z,e4509959-d1dd-416b-86c9-6ff31a5fe6f5,,,,,,69730,755,1280026,19.507095336914062,-99.19634246826172,187.0,0.0,0.0,,,,1790048417,2026-09-21 21:40:17-06:00,,,,,,,,,,,,,,
metrobus,metrobus_vehicle_positions_enriched,2026-09-22T04:51:14Z,2026-09-22,20260922T045111Z,f2251f9e-2b47-4e5b-9fcf-99fc24a47656,,19474,0.0,04:41:11,20260922,69731,756,1280027,19.486284255981445,-99.12164306640625,296.0,22.0,79.2,,,,1790052660,2026-09-21 22:51:00-06:00,,,6,L06g03-1 dep. 18 de marzo - el rosario,,3,E44599,FFFFFF,,,,,,
metrobus,metrobus_vehicle_positions_enriched,2026-09-22T04:51:14Z,2026-09-22,20260922T045111Z,630f322f-2ded-44cd-b511-d25452410c53,,,,,,69216,514,1260142,19.423110961914062,-99.09385681152344,308.0,0.0,0.0,,,,1790047507,2026-09-21 21:25:07-06:00,,,,,,,,,,,,,,
metrobus,metrobus_vehicle_positions_enriched,2026-09-22T04:51:14Z,2026-09-22,20260922T045111Z,1de9e55e-1fbd-428b-bbab-560b4ea09434,,20295,0.0,04:15:52,20260922,69732,757,1280028,19.40047264099121,-99.15568542480469,183.0,31.0,111.60000000000001,,,,1790052661,2026-09-21 22:51:01-06:00,,,1,L31a31-1 indios verdes - pueblo sta cruz atoyac,,3,42A76B,FFFFFF,,,,,,
metrobus,metrobus_vehicle_positions_enriched,2026-09-22T04:51:14Z,2026-09-22,20260922T045111Z,c84767e4-0fef-4faf-a0f2-b746028bcb3e,,,,,,69217,515,1260143,19.422000885009766,-99.09132385253906,277.0,0.0,0.0,,,,1789807421,2026-09-19 02:43:41-06:00,,,,,,,,,,,,,,
metrobus,metrobus_vehicle_positions_enriched,2026-09-22T04:51:14Z,2026-09-22,20260922T045111Z,da67e56d-71d3-46ac-b3a0-7276baaee516,,20295,0.0,04:05:48,20260922,69733,758,1280029,19.378376007080078,-99.15939331054688,193.0,52.0,187.20000000000002,,,,1790052644,2026-09-21 22:50:44-06:00,,,1,L31a31-1 indios verdes - pueblo sta cruz atoyac,,3,42A76B,FFFFFF,,,,,,
metrobus,metrobus_vehicle_positions_enriched,2026-09-22T04:51:14Z,2026-09-22,20260922T045111Z,3b393465-5078-4cac-a7e3-06e2b489a314,,,,,,69218,516,1260144,19.398731231689453,-99.07625579833984,0.0,0.0,0.0,,,,1785603366,2026-08-01 10:56:06-06:00,,,,,,,,,,,,,,
metrobus,metrobus_vehicle_positions_enriched,2026-09-22T04:51:14Z,2026-09-22,20260922T045111Z,03c3a801-917d-42d8-8a4e-37d8e66e0adf,,,,,,69734,759,1280030,19.507625579833984,-99.19927978515625,190.0,0.0,0.0,,,,1790052648,2026-09-21 22:50:48-06:00,,,,,,,,,,,,,,
metrobus,metrobus_vehicle_positions_enriched,2026-09-22T04:51:14Z,2026-09-22,20260922T045111Z,4f956d80-8bd2-4490-ac09-8748842a944e,,,,,,69220,518,1260146,19.423288345336914,-99.09175872802734,0.0,0.0,0.0,,,,1790044934,2026-09-21 20:42:14-06:00,,,,,,,,,,,,,,
metrobus,metrobus_vehicle_positions_enriched,2026-09-22T04:51:14Z,2026-09-22,20260922T045111Z,c427b94b-5e09-48f8-8f74-5cc0471af64e,,19471,1.0,03:52:59,20260922,69735,760,1280031,19.506738662719727,-99.1960220336914,109.0,0.0,0.0,,,,1790052662,2026-09-21 22:51:02-06:00,,,6,L06g01-2 el rosario - villa de aragón,,3,E44599,FFFFFF,,,,,,
metrobus,metrobus_vehicle_positions_enriched,2026-09-22T04:51:14Z,2026-09-22,20260922T045111Z,eb00f59f-a864-4221-a7f9-be41b13b93a6,,,,,,69736,761,1280032,19.508441925048828,-99.1978530883789,184.0,20.0,72.0,,,,1790052659,2026-09-21 22:50:59-06:00,,,,,,,,,,,,,,
metrobus,metrobus_vehicle_positions_enriched,2026-09-22T04:51:14Z,2026-09-22,20260922T045111Z,bb0be1ea-1fbf-42af-af7b-6188947d008f,,,,,,69737,762,1280033,19.50632095336914,-99.19970703125,154.0,12.0,43.2,,,,1790052651,2026-09-21 22:50:51-06:00,,,,,,,,,,,,,,
metrobus,metrobus_vehicle_positions_enriched,2026-09-22T04:51:14Z,2026-09-22,20260922T045111Z,ecfcf799-3e5b-4698-af93-bc95df4d1b07,,,,,,69222,520,1260148,19.422929763793945,-99.09369659423828,290.0,0.0,0.0,,,,1790048552,2026-09-21 21:42:32-06:00,,,,,,,,,,,,,,
metrobus,metrobus_vehicle_positions_enriched,2026-09-22T04:51:14Z,2026-09-22,20260922T045111Z,b0a29cd3-4fb3-47ef-9406-51da0e7599e6,,19470,0.0,03:48:26,20260922,69738,763,1280034,19.51168441772461,-99.19786071777344,264.0,0.0,0.0,,,,1790052646,2026-09-21 22:50:46-06:00,,,6,L06g01-1 villa de aragón - el rosario,,3,E44599,FFFFFF,,,,,,
metrobus,metrobus_vehicle_positions_enriched,2026-09-22T04:51:14Z,2026-09-22,20260922T045111Z,397aaa61-0233-4347-9c5a-4603f18a674e,,,,,,69223,521,1260149,19.41981315612793,-99.09275817871094,210.0,0.0,0.0,,,,1790052660,2026-09-21 22:51:00-06:00,,,,,,,,,,,,,,
metrobus,metrobus_vehicle_positions_enriched,2026-09-22T04:51:14Z,2026-09-22,20260922T045111Z,17c9fd5b-6282-465b-8fd2-e260ff207d00,,20295,0.0,04:48:41,20260922,69739,764,1280035,19.48600959777832,-99.12491607666016,220.0,31.0,111.60000000000001,,,,1790052657,2026-09-21 22:50:57-06:00,,,1,L31a31-1 indios verdes - pueblo sta cruz atoyac,,3,42A76B,FFFFFF,,,,,,
metrobus,metrobus_vehicle_positions_enriched,2026-09-22T04:51:14Z,2026-09-22,20260922T045111Z,468be38d-80b0-49b2-be5d-24cc8e91eef6,,20439,1.0,04:37:52,20260922,69224,522,1260150,19.423974990844727,-99.16149139404297,768.0,44.0,158.4,,,,1790052655,2026-09-21 22:50:55-06:00,,,2,L72h73-1 alameda tacubaya - glorieta cuitláhuac sur.,,3,42A76B,FFFFFF,,,,,,
metrobus,metrobus_vehicle_positions_enriched,2026-09-22T04:51:14Z,2026-09-22,20260922T045111Z,5b761b7b-f443-49a7-a9e0-01d6dac4ed22,,19470,0.0,04:28:52,20260922,69740,765,1280036,19.48046875,-99.10124969482422,292.0,0.0,0.0,,,,1790052658,2026-09-21 22:50:58-06:00,,,6,L06g01-1 villa de aragón - el rosario,,3,E44599,FFFFFF,,,,,,
metrobus,metrobus_vehicle_positions_enriched,2026-09-22T04:51:14Z,2026-09-22,20260922T045111Z,665f7816-2989-4909-833c-02e5bd131f58,,,,,,69225,523,1260151,19.422035217285156,-99.09140014648438,211.0,0.0,0.0,,,,1790052652,2026-09-21 22:50:52-06:00,,,,,,,,,,,,,,
metrobus,metrobus_vehicle_positions_enriched,2026-09-22T04:51:14Z,2026-09-22,20260922T045111Z,a666f84b-1761-460f-837b-ded27be19742,,,,,,69741,766,1280037,19.493423461914062,-99.14631652832031,284.0,28.0,100.8,,,,1790052659,2026-09-21 22:50:59-06:00,,,,,,,,,,,,,,
metrobus,metrobus_vehicle_positions_enriched,2026-09-22T04:51:14Z,2026-09-22,20260922T045111Z,7f624b29-5508-4914-93c0-9ec4202147d1,,,,,,69226,524,1260152,19.398704528808594,-99.07632446289062,532.0,0.0,0.0,,,,1786803401,2026-08-15 08:16:41-06:00,,,,,,,,,,,,,,
metrobus,metrobus_vehicle_positions_enriched,2026-09-22T04:51:14Z,2026-09-22,20260922T045111Z,961abb23-9c0c-443f-96d3-872e6997faca,,,,,,69227,525,1260153,19.467193603515625,-99.10304260253906,200.0,13.0,46.800000000000004,,,,1790052662,2026-09-21 22:51:02-06:00,,,,,,,,,,,,,,
metrobus,metrobus_vehicle_positions_enriched,2026-09-22T04:51:14Z,2026-09-22,20260922T045111Z,49e44c19-c406-4de5-a09a-b79be46a5f84,,,,,,69742,767,1280038,19.507070541381836,-99.19630432128906,196.0,0.0,0.0,,,,1790047997,2026-09-21 21:33:17-06:00,,,,,,,,,,,,,,
metrobus,metrobus_vehicle_positions_enriched,2026-09-22T04:51:14Z,2026-09-22,20260922T045111Z,19d63ce7-31ff-4f7b-91d5-882d445542d7,,19475,1.0,04:46:19,20260922,69743,768,1280039,19.508485794067383,-99.1978530883789,182.0,14.0,50.4,,,,1790052649,2026-09-21 22:50:49-06:00,,,6,L06g03-2 el rosario- dep. 18 de marzo,,3,E44599,FFFFFF,,,,,,
metrobus,metrobus_vehicle_positions_enriched,2026-09-22T04:51:14Z,2026-09-22,20260922T045111Z,fa350c9c-3b56-4b78-927f-e535cf2e45a0,,,,,,69228,526,1260154,19.421897888183594,-99.09185028076172,300.0,0.0,0.0,,,,1790052658,2026-09-21 22:50:58-06:00,,,,,,,,,,,,,,
metrobus,metrobus_vehicle_positions_enriched,2026-09-22T04:51:14Z,2026-09-22,20260922T045111Z,d03b2c48-79ca-4380-bd2b-79de5f163a96,,19471,1.0,04:00:33,20260922,69744,769,1280040,19.506851196289062,-99.196533203125,281.0,0.0,0.0,,,,1790052662,2026-09-21 22:51:02-06:00,,,6,L06g01-2 el rosario - villa de aragón,,3,E44599,FFFFFF,,,,,,
metrobus,metrobus_vehicle_positions_enriched,2026-09-22T04:51:14Z,2026-09-22,20260922T045111Z,7de67fd8-f28f-4922-b6ea-7d3acadb2289,,,,,,69229,527,1260155,19.422550201416016,-99.09237670898438,377.0,0.0,0.0,,,,1790052660,2026-09-21 22:51:00-06:00,,,,,,,,,,,,,,
metrobus,metrobus_vehicle_positions_enriched,2026-09-22T04:51:14Z,2026-09-22,20260922T045111Z,4091e6a9-542f-4d56-8f50-3e3ab4f77404,,19471,1.0,04:34:00,20260922,69745,770,1280041,19.494094848632812,-99.1495590209961,103.0,8.0,28.8,,,,1790052657,2026-09-21 22:50:57-06:00,,,6,L06g01-2 el rosario - villa de aragón,,3,E44599,FFFFFF,,,,,,
metrobus,metrobus_vehicle_positions_enriched,2026-09-22T04:51:14Z,2026-09-22,20260922T045111Z,8da4ae37-38dc-4a4e-bb07-9d5f3d37afc5,,,,,,69746,771,1280042,19.50678062438965,-99.19646453857422,279.0,0.0,0.0,,,,1790052653,2026-09-21 22:50:53-06:00,,,,,,,,,,,,,,
metrobus,metrobus_vehicle_positions_enriched,2026-09-22T04:51:14Z,2026-09-22,20260922T045111Z,224351ba-4374-4c4b-90aa-a3b017f3dd04,,,,,,69747,772,1280043,19.47847557067871,-99.0780258178711,200.0,20.0,72.0,,,,1790052659,2026-09-21 22:50:59-06:00,,,,,,,,,,,,,,
metrobus,metrobus_vehicle_positions_enriched,2026-09-22T04:51:14Z,2026-09-22,20260922T045111Z,452814fd-e695-41ac-8258-ad9698a1f775,,,,,,69232,530,1260158,19.42343521118164,-99.09175109863281,0.0,0.0,0.0,,,,1783893582,2026-07-12 15:59:42-06:00,,,,,,,,,,,,,,
metrobus,metrobus_vehicle_positions_enriched,2026-09-22T04:51:14Z,2026-09-22,20260922T045111Z,4c1a9fd1-5ea3-4c40-b2e9-3a9fe2da779d,,19474,0.0,04:27:44,20260922,69748,773,TienepermisodeSEMOVI,19.50351905822754,-99.18193054199219,288.0,20.0,72.0,,,,1790052650,2026-09-21 22:50:50-06:00,,,6,L06g03-1 dep. 18 de marzo - el rosario,,3,E44599,FFFFFF,,,,,,
metrobus,metrobus_vehicle_positions_enriched,2026-09-22T04:51:14Z,2026-09-22,20260922T045111Z,8601da41-e2f3-4c92-a0f1-404f1effec2e,,,,,,69749,774,1280045,19.506765365600586,-99.19975280761719,201.0,18.0,64.8,,,,1790052663,2026-09-21 22:51:03-06:00,,,,,,,,,,,,,,
metrobus,metrobus_vehicle_positions_enriched,2026-09-22T04:51:14Z,2026-09-22,20260922T045111Z,e15f6662-ac4f-4401-a95c-9e873b3cc398,,,,,,69234,532,1260160,19.421968460083008,-99.0914306640625,213.0,0.0,0.0,,,,1790052653,2026-09-21 22:50:53-06:00,,,,,,,,,,,,,,
metrobus,metrobus_vehicle_positions_enriched,2026-09-22T04:51:14Z,2026-09-22,20260922T045111Z,ff6a51f0-be4d-4cee-8b28-901413b85c20,,19471,1.0,04:23:02,20260922,69750,775,1280046,19.487346649169922,-99.1243896484375,105.0,26.0,93.60000000000001,,,,1790052655,2026-09-21 22:50:55-06:00,,,6,L06g01-2 el rosario - villa de aragón,,3,E44599,FFFFFF,,,,,,
metrobus,metrobus_vehicle_positions_enriched,2026-09-22T04:51:14Z,2026-09-22,20260922T045111Z,e69d25e8-38d7-4f45-9ac2-2c108b3b7875,,,,,,69236,534,1260162,19.422536849975586,-99.09247589111328,205.0,0.0,0.0,,,,1790052659,2026-09-21 22:50:59-06:00,,,,,,,,,,,,,,
metrobus,metrobus_vehicle_positions_enriched,2026-09-22T04:51:14Z,2026-09-22,20260922T045111Z,41e06d65-e438-44cc-b837-360cb125101a,,,,,,69751,776,1320053,19.464794158935547,-99.05931091308594,312.0,0.0,0.0,,,,1790052654,2026-09-21 22:50:54-06:00,,,,,,,,,,,,,,
metrobus,metrobus_vehicle_positions_enriched,2026-09-22T04:51:14Z,2026-09-22,20260922T045111Z,1c84a897-77b8-4d45-a41a-7bfc3a06fb89,,19471,1.0,04:09:56,20260922,69752,777,1320051,19.507137298583984,-99.19637298583984,187.0,0.0,0.0,,,,1790052652,2026-09-21 22:50:52-06:00,,,6,L06g01-2 el rosario - villa de aragón,,3,E44599,FFFFFF,,,,,,
metrobus,metrobus_vehicle_positions_enriched,2026-09-22T04:51:14Z,2026-09-22,20260922T045111Z,2fc3af8c-7f57-4d60-97c3-458028c1ec92,,19471,1.0,04:01:04,20260922,69753,778,1320052,19.46687126159668,-99.07545471191406,103.0,0.0,0.0,,,,1790052662,2026-09-21 22:51:02-06:00,,,6,L06g01-2 el rosario - villa de aragón,,3,E44599,FFFFFF,,,,,,
metrobus,metrobus_vehicle_positions_enriched,2026-09-22T04:51:14Z,2026-09-22,20260922T045111Z,efde4375-d8c7-43d2-a3cc-9ced9c34d3e2,,,,,,69238,536,1260164,19.41994857788086,-99.09263610839844,317.0,8.0,28.8,,,,1790052646,2026-09-21 22:50:46-06:00,,,,,,,,,,,,,,
metrobus,metrobus_vehicle_positions_enriched,2026-09-22T04:51:14Z,2026-09-22,20260922T045111Z,f90aa2b3-f627-4645-b96e-2b6427f57040,,,,,,69239,537,1260165,19.42143440246582,-99.0915756225586,334.0,0.0,0.0,,,,1790052648,2026-09-21 22:50:48-06:00,,,,,,,,,,,,,,
metrobus,metrobus_vehicle_positions_enriched,2026-09-22T04:51:14Z,2026-09-22,20260922T045111Z,615c0187-8fb2-4512-9aa0-d1ef335e2d61,,19583,1.0,04:09:09,20260922,69240,538,1260166,19.492013931274414,-99.12012481689453,324.0,0.0,0.0,,,,1790052649,2026-09-21 22:50:49-06:00,,,7,L07h04-2 la diana - indios verdes,,3,116633,FFFFFF,,,,,,
metrobus,metrobus_vehicle_positions_enriched,2026-09-22T04:51:14Z,2026-09-22,20260922T045111Z,a88ab2e7-87f1-48dd-a3db-6b9281c84b85,,,,,,69241,539,1260167,19.420503616333008,-99.09224700927734,365.0,0.0,0.0,,,,1790052656,2026-09-21 22:50:56-06:00,,,,,,,,,,,,,,
metrobus,metrobus_vehicle_positions_enriched,2026-09-22T04:51:14Z,2026-09-22,20260922T045111Z,4ed51b7e-c3ee-45ef-b4a1-e5e6739b6580,,,,,,69179,781,1280047,19.506650924682617,-99.19597625732422,0.0,0.0,0.0,,,,1790015501,2026-09-21 12:31:41-06:00,,,,,,,,,,,,,,
metrobus,metrobus_vehicle_positions_enriched,2026-09-22T04:51:14Z,2026-09-22,20260922T045111Z,6cc2c017-02d1-4073-9ebf-e92b0e5ca9c7,,,,,,69180,782,1280048,19.452606201171875,-99.14562225341797,193.0,0.0,0.0,,,,1790052660,2026-09-21 22:51:00-06:00,,,,,,,,,,,,,,
metrobus,metrobus_vehicle_positions_enriched,2026-09-22T04:51:14Z,2026-09-22,20260922T045111Z,df733122-c922-49cd-8406-20a116c4e4f2,,19471,1.0,04:12:47,20260922,69181,783,1280049,19.47865867614746,-99.09710693359375,114.0,0.0,0.0,,,,1790052630,2026-09-21 22:50:30-06:00,,,6,L06g01-2 el rosario - villa de aragón,,3,E44599,FFFFFF,,,,,,
metrobus,metrobus_vehicle_positions_enriched,2026-09-22T04:51:14Z,2026-09-22,20260922T045111Z,333ebc10-6d0c-4455-90ff-00501f12e92d,,20439,1.0,04:36:52,20260922,69243,541,1260169,19.42800521850586,-99.16536712646484,631.0,0.0,0.0,,,,1790052656,2026-09-21 22:50:56-06:00,,,2,L72h73-1 alameda tacubaya - glorieta cuitláhuac sur.,,3,42A76B,FFFFFF,,,,,,
metrobus,metrobus_vehicle_positions_enriched,2026-09-22T04:51:14Z,2026-09-22,20260922T045111Z,7b7fae09-be95-4c7d-bc3d-b75dbbc672a8,,19471,1.0,04:37:45,20260922,69182,784,1280050,19.49750328063965,-99.16510009765625,103.0,0.0,0.0,,,,1790052648,2026-09-21 22:50:48-06:00,,,6,L06g01-2 el rosario - villa de aragón,,3,E44599,FFFFFF,,,,,,
metrobus,metrobus_vehicle_positions_enriched,2026-09-22T04:51:14Z,2026-09-22,20260922T045111Z,2e6f22c4-e705-4582-963a-c38b24eaa7a6,,19474,0.0,04:27:39,20260922,69183,785,1280051,19.504959106445312,-99.1888427734375,282.0,12.0,43.2,,,,1790052660,2026-09-21 22:51:00-06:00,,,6,L06g03-1 dep. 18 de marzo - el rosario,,3,E44599,FFFFFF,,,,,,
metrobus,metrobus_vehicle_positions_enriched,2026-09-22T04:51:14Z,2026-09-22,20260922T045111Z,4ec51945-d810-4bf7-8bb6-85a44fd9e11e,,,,,,69230,543,,19.42159652709961,-99.09147644042969,328.0,0.0,0.0,,,,1790052661,2026-09-21 22:51:01-06:00,,,,,,,,,,,,,,
metrobus,metrobus_vehicle_positions_enriched,2026-09-22T04:51:14Z,2026-09-22,20260922T045111Z,c5551502-b945-4795-bc42-112dbf5600cc,,19470,0.0,04:47:14,20260922,69184,786,1280052,19.469852447509766,-99.0649642944336,310.0,0.0,0.0,,,,1790052660,2026-09-21 22:51:00-06:00,,,6,L06g01-1 villa de aragón - el rosario,,3,E44599,FFFFFF,,,,,,
metrobus,metrobus_vehicle_positions_enriched,2026-09-22T04:51:14Z,2026-09-22,20260922T045111Z,c1bbe06c-6990-4f6e-821c-8e556ecc2d1f,,19583,1.0,04:45:37,20260922,69246,544,1260172,19.430423736572266,-99.1601791381836,627.0,0.0,0.0,,,,1790052653,2026-09-21 22:50:53-06:00,,,7,L07h04-2 la diana - indios verdes,,3,116633,FFFFFF,,,,,,
metrobus,metrobus_vehicle_positions_enriched,2026-09-22T04:51:14Z,2026-09-22,20260922T045111Z,d2b25cf4-1abe-42a0-bea4-73ac416e3f32,,,,,,69185,787,1280053,19.50673484802246,-99.19597625732422,0.0,0.0,0.0,,,,1790031885,2026-09-21 17:04:45-06:00,,,,,,,,,,,,,,
metrobus,metrobus_vehicle_positions_enriched,2026-09-22T04:51:14Z,2026-09-22,20260922T045111Z,db18a3f3-350d-4ec8-84e2-69d96952ba9e,,,,,,69186,788,1280054,19.507373809814453,-99.19722747802734,0.0,0.0,0.0,,,,1790052657,2026-09-21 22:50:57-06:00,,,,,,,,,,,,,,
metrobus,metrobus_vehicle_positions_enriched,2026-09-22T04:51:14Z,2026-09-22,20260922T045111Z,88734955-f505-41b6-b978-088b42141c00,,,,,,69248,546,1260174,19.419557571411133,-99.09285736083984,321.0,0.0,0.0,,,,1790052658,2026-09-21 22:50:58-06:00,,,,,,,,,,,,,,
metrobus,metrobus_vehicle_positions_enriched,2026-09-22T04:51:14Z,2026-09-22,20260922T045111Z,03c6306d-55a9-4e23-a8c3-5e42cb89b03f,,,,,,69187,789,TienepermisodeSEMOVI,19.498693466186523,-99.17024230957031,282.0,39.0,140.4,,,,1790052653,2026-09-21 22:50:53-06:00,,,,,,,,,,,,,,
metrobus,metrobus_vehicle_positions_enriched,2026-09-22T04:51:14Z,2026-09-22,20260922T045111Z,451dfc70-45d9-4875-992c-0f8701770dfe,,,,,,69304,305,TienepermisodeSEMOVI,19.389434814453125,-99.05831146240234,299.0,0.0,0.0,,,,1790052661,2026-09-21 22:51:01-06:00,,,,,,,,,,,,,,
metrobus,metrobus_vehicle_positions_enriched,2026-09-22T04:51:14Z,2026-09-22,20260922T045111Z,1e749d47-fcb9-4b46-a335-65e7547683c7,,,,,,69249,547,1260175,19.420902252197266,-99.0920639038086,212.0,0.0,0.0,,,,1790044614,2026-09-21 20:36:54-06:00,,,,,,,,,,,,,,
metrobus,metrobus_vehicle_positions_enriched,2026-09-22T04:51:14Z,2026-09-22,20260922T045111Z,54f12e8d-1a20-447b-8205-5c5a125bbc0c,,,,,,69250,548,1260176,19.42184066772461,-99.09146118164062,218.0,0.0,0.0,,,,1790052655,2026-09-21 22:50:55-06:00,,,,,,,,,,,,,,
metrobus,metrobus_vehicle_positions_enriched,2026-09-22T04:51:14Z,2026-09-22,20260922T045111Z,d3d79477-09ee-4f13-9bbb-d53bcc9567dc,,,,,,69305,306,TienepermisodeSEMOVI,19.389982223510742,-99.05884552001953,0.0,0.0,0.0,,,,1790052650,2026-09-21 22:50:50-06:00,,,,,,,,,,,,,,
metrobus,metrobus_vehicle_positions_enriched,2026-09-22T04:51:14Z,2026-09-22,20260922T045111Z,f4da7f8f-b8fd-4064-8c6c-0b8b45030ca9,,,,,,69306,307,TienepermisodeSEMOVI,19.389938354492188,-99.0587387084961,299.0,0.0,0.0,,,,1790052199,2026-09-21 22:43:19-06:00,,,,,,,,,,,,,,
metrobus,metrobus_vehicle_positions_enriched,2026-09-22T04:51:14Z,2026-09-22,20260922T045111Z,d51e63de-a224-4e7c-b936-7cd876c17ef1,,20440,0.0,04:31:45,20260922,69251,549,1260177,19.428516387939453,-99.16429901123047,651.0,7.0,25.2,,,,1790052650,2026-09-21 22:50:50-06:00,,,2,L72h73-2 glorieta cuitláhuac sur - alameda tacubaya,,3,42A76B,FFFFFF,,,,,,
metrobus,metrobus_vehicle_positions_enriched,2026-09-22T04:51:14Z,2026-09-22,20260922T045111Z,0a32d840-fa6c-4670-a97f-cc5d6b78dc59,,19984,0.0,04:42:28,20260922,69307,308,TienepermisodeSEMOVI,19.38996696472168,-99.05908203125,122.0,0.0,0.0,,,,1790052660,2026-09-21 22:51:00-06:00,,,1,L21c21-1 rojo gómez - dr. gálvez,,3,42A76B,FFFFFF,,,,,,
metrobus,metrobus_vehicle_positions_enriched,2026-09-22T04:51:14Z,2026-09-22,20260922T045111Z,4c531321-1da4-43cf-afe3-45457bd23b40,,,,,,74819,9701,,0.0,0.0,0.0,0.0,0.0,,,,1787449145,2026-08-22 19:39:05-06:00,,,,,,,,,,,,,,
metrobus,metrobus_vehicle_positions_enriched,2026-09-22T04:51:14Z,2026-09-22,20260922T045111Z,014a4855-7601-43b9-bfad-9e060b31e4f1,,,,,,69188,790,1280056,19.507184982299805,-99.19737243652344,191.0,0.0,0.0,,,,1790052648,2026-09-21 22:50:48-06:00,,,,,,,,,,,,,,
metrobus,metrobus_vehicle_positions_enriched,2026-09-22T04:51:14Z,2026-09-22,20260922T045111Z,bb02cb70-165e-46e0-bcf3-6e82f70847e6,,19471,1.0,04:05:14,20260922,69189,791,1280057,19.470617294311523,-99.08617401123047,149.0,7.0,25.2,,,,1790052656,2026-09-21 22:50:56-06:00,,,6,L06g01-2 el rosario - villa de aragón,,3,E44599,FFFFFF,,,,,,
metrobus,metrobus_vehicle_positions_enriched,2026-09-22T04:51:14Z,2026-09-22,20260922T045111Z,b862fef8-13e3-41f3-9398-7c7f46892696,,19474,0.0,04:30:03,20260922,69190,792,1280058,19.499452590942383,-99.17304992675781,294.0,46.0,165.6,,,,1790052654,2026-09-21 22:50:54-06:00,,,6,L06g03-1 dep. 18 de marzo - el rosario,,3,E44599,FFFFFF,,,,,,
metrobus,metrobus_vehicle_positions_enriched,2026-09-22T04:51:14Z,2026-09-22,20260922T045111Z,4a01b6b4-6c86-4dc7-8b3f-59b4d456dd86,,20440,0.0,04:22:03,20260922,69253,551,1260179,19.409629821777344,-99.18350982666016,207.0,0.0,0.0,,,,1790052656,2026-09-21 22:50:56-06:00,,,2,L72h73-2 glorieta cuitláhuac sur - alameda tacubaya,,3,42A76B,FFFFFF,,,,,,
metrobus,metrobus_vehicle_positions_enriched,2026-09-22T04:51:14Z,2026-09-22,20260922T045111Z,669efbed-5e57-463d-bed7-c8a2220340af,,19471,1.0,04:36:00,20260922,69192,794,1280060,19.506847381591797,-99.19578552246094,544.0,0.0,0.0,,,,1790052649,2026-09-21 22:50:49-06:00,,,6,L06g01-2 el rosario - villa de aragón,,3,E44599,FFFFFF,,,,,,
metrobus,metrobus_vehicle_positions_enriched,2026-09-22T04:51:14Z,2026-09-22,20260922T045111Z,be2e3333-9cbc-4ad7-a690-eac223603b4d,,19471,1.0,03:49:51,20260922,69193,795,1280061,19.467628479003906,-99.06256866455078,132.0,0.0,0.0,,,,1790052659,2026-09-21 22:50:59-06:00,,,6,L06g01-2 el rosario - villa de aragón,,3,E44599,FFFFFF,,,,,,
metrobus,metrobus_vehicle_positions_enriched,2026-09-22T04:51:14Z,2026-09-22,20260922T045111Z,21013235-0db1-44ce-ab9a-f710081b2407,,19470,0.0,04:17:24,20260922,69194,796,1280062,19.490633010864258,-99.13309478759766,292.0,29.0,104.4,,,,1790052657,2026-09-21 22:50:57-06:00,,,6,L06g01-1 villa de aragón - el rosario,,3,E44599,FFFFFF,,,,,,
metrobus,metrobus_vehicle_positions_enriched,2026-09-22T04:51:14Z,2026-09-22,20260922T045111Z,ddc9289a-06ac-48d1-8d1a-d307af516454,,20439,1.0,04:24:04,20260922,69256,554,1260182,19.443695068359375,-99.13921356201172,578.0,0.0,0.0,,,,1790052656,2026-09-21 22:50:56-06:00,,,2,L72h73-1 alameda tacubaya - glorieta cuitláhuac sur.,,3,42A76B,FFFFFF,,,,,,
metrobus,metrobus_vehicle_positions_enriched,2026-09-22T04:51:14Z,2026-09-22,20260922T045111Z,b72d090c-932e-4b0a-8d87-17eac493d5d7,,19471,1.0,04:38:06,20260922,69195,797,1280063,19.497982025146484,-99.1672592163086,103.0,36.0,129.6,,,,1790052655,2026-09-21 22:50:55-06:00,,,6,L06g01-2 el rosario - villa de aragón,,3,E44599,FFFFFF,,,,,,
metrobus,metrobus_vehicle_positions_enriched,2026-09-22T04:51:14Z,2026-09-22,20260922T045111Z,2c734080-ffde-4ba8-9996-883edb6d7faf,,19520,1.0,04:42:02,20260922,69258,556,1260184,19.4373722076416,-99.13131713867188,976.0,27.0,97.2,,,,1790052650,2026-09-21 22:50:50-06:00,,,4,L04e04-2 hidalgo - pantitlán,,3,FF9A03,FFFFFF,,,,,,
metrobus,metrobus_vehicle_positions_enriched,2026-09-22T04:51:14Z,2026-09-22,20260922T045111Z,d3983445-2963-4c11-9f4c-5f7ce67bc3cd,,,,,,69312,314,TienepermisodeSEMOVI,19.389310836791992,-99.05783081054688,342.0,0.0,0.0,,,,1790047824,2026-09-21 21:30:24-06:00,,,,,,,,,,,,,,
metrobus,metrobus_vehicle_positions_enriched,2026-09-22T04:51:14Z,2026-09-22,20260922T045111Z,f9cbaaea-8c27-4183-a128-560194875bb5,,,,,,69196,798,1280064,19.36431884765625,-99.1626968383789,360.0,0.0,0.0,,,,1790052662,2026-09-21 22:51:02-06:00,,,,,,,,,,,,,,
metrobus,metrobus_vehicle_positions_enriched,2026-09-22T04:51:14Z,2026-09-22,20260922T045111Z,81079c0b-e8bb-4c2c-ab7d-102c3ef15fdd,,19471,1.0,04:16:21,20260922,69197,799,1320054,19.48043441772461,-99.1016616821289,115.0,10.0,36.0,,,,1790052660,2026-09-21 22:51:00-06:00,,,6,L06g01-2 el rosario - villa de aragón,,3,E44599,FFFFFF,,,,,,
metrobus,metrobus_vehicle_positions_enriched,2026-09-22T04:51:14Z,2026-09-22,20260922T045111Z,c1deb149-85f8-4f4e-bd1b-00a1b3fc8a9c,,,,,,69259,557,1260185,19.419645309448242,-99.0927734375,311.0,0.0,0.0,,,,1790052645,2026-09-21 22:50:45-06:00,,,,,,,,,,,,,,
metrobus,metrobus_vehicle_positions_enriched,2026-09-22T04:51:14Z,2026-09-22,20260922T045111Z,145f92cc-8cf4-45da-93a4-b645b9f3f745,,,,,,69260,558,1260186,19.423198699951172,-99.09187316894531,105.0,0.0,0.0,,,,1790052653,2026-09-21 22:50:53-06:00,,,,,,,,,,,,,,
metrobus,metrobus_vehicle_positions_enriched,2026-09-22T04:51:14Z,2026-09-22,20260922T045111Z,9448d0f4-24be-4dd5-92d9-a901a4de0f74,,,,,,69261,559,1260187,19.41988182067871,-99.09270477294922,0.0,0.0,0.0,,,,1790052662,2026-09-21 22:51:02-06:00,,,,,,,,,,,,,,
metrobus,metrobus_vehicle_positions_enriched,2026-09-22T04:51:14Z,2026-09-22,20260922T045111Z,c2df19f5-012c-4aa7-8f58-e72db3a96fb8,,19522,0.0,03:34:48,20260922,69262,560,1260188,19.420013427734375,-99.09260559082031,209.0,0.0,0.0,,,,1790052103,2026-09-21 22:41:43-06:00,,,4,L04e05-1 alameda ote - hidalgo,,3,FF9A03,FFFFFF,,,,,,
metrobus,metrobus_vehicle_positions_enriched,2026-09-22T04:51:14Z,2026-09-22,20260922T045111Z,1a975978-6d2f-4b9c-8664-29b51ea6b303,,19520,1.0,04:29:45,20260922,69263,561,1260189,19.422969818115234,-99.08586883544922,121.0,50.0,180.0,,,,1790052651,2026-09-21 22:50:51-06:00,,,4,L04e04-2 hidalgo - pantitlán,,3,FF9A03,FFFFFF,,,,,,
metrobus,metrobus_vehicle_positions_enriched,2026-09-22T04:51:14Z,2026-09-22,20260922T045111Z,2a5bfbb5-b380-426c-b86f-d335a664aa12,,,,,,69264,562,1260190,19.4194393157959,-99.09285736083984,327.0,0.0,0.0,,,,1790052663,2026-09-21 22:51:03-06:00,,,,,,,,,,,,,,
metrobus,metrobus_vehicle_positions_enriched,2026-09-22T04:51:14Z,2026-09-22,20260922T045111Z,eb680942-79bc-48e5-bcbf-e926fadf6cf3,,19984,0.0,04:47:28,20260922,69316,320,TienepermisodeSEMOVI,19.382652282714844,-99.06141662597656,100.0,0.0,0.0,,,,1790052659,2026-09-21 22:50:59-06:00,,,1,L21c21-1 rojo gómez - dr. gálvez,,3,42A76B,FFFFFF,,,,,,
metrobus,metrobus_vehicle_positions_enriched,2026-09-22T04:51:14Z,2026-09-22,20260922T045111Z,b6f2a7d5-790a-4427-bd68-e0b0d9d6d742,,20440,0.0,04:32:06,20260922,69265,563,1260191,19.42806053161621,-99.1651382446289,639.0,0.0,0.0,,,,1790052656,2026-09-21 22:50:56-06:00,,,2,L72h73-2 glorieta cuitláhuac sur - alameda tacubaya,,3,42A76B,FFFFFF,,,,,,
metrobus,metrobus_vehicle_positions_enriched,2026-09-22T04:51:14Z,2026-09-22,20260922T045111Z,b05d0eb1-ed0a-4b32-b887-2215c32a312a,,19520,1.0,04:32:03,20260922,69266,564,1260192,19.43048667907715,-99.09968566894531,117.0,49.0,176.4,,,,1790052653,2026-09-21 22:50:53-06:00,,,4,L04e04-2 hidalgo - pantitlán,,3,FF9A03,FFFFFF,,,,,,
metrobus,metrobus_vehicle_positions_enriched,2026-09-22T04:51:14Z,2026-09-22,20260922T045111Z,05a25c40-2f95-4522-b8c7-aa04d8cc576c,,,,,,69267,565,1260193,19.422941207885742,-99.09071350097656,211.0,0.0,0.0,,,,1790051290,2026-09-21 22:28:10-06:00,,,,,,,,,,,,,,
metrobus,metrobus_vehicle_positions_enriched,2026-09-22T04:51:14Z,2026-09-22,20260922T045111Z,c8caeffe-b708-484e-8982-2e3b3a5f4673,,,,,,69268,566,1260194,19.42026710510254,-99.09243774414062,0.0,0.0,0.0,,,,1790052657,2026-09-21 22:50:57-06:00,,,,,,,,,,,,,,
metrobus,metrobus_vehicle_positions_enriched,2026-09-22T04:51:14Z,2026-09-22,20260922T045111Z,6d721680-4967-4086-8063-c75dda38e596,,,,,,69269,567,1260195,19.422849655151367,-99.0920181274414,211.0,0.0,0.0,,,,1790050629,2026-09-21 22:17:09-06:00,,,,,,,,,,,,,,
metrobus,metrobus_vehicle_positions_enriched,2026-09-22T04:51:14Z,2026-09-22,20260922T045111Z,52970625-d01f-438a-88ab-6f9185dd9c77,,,,,,69270,568,1260196,19.42319679260254,-99.09414672851562,304.0,0.0,0.0,,,,1790048188,2026-09-21 21:36:28-06:00,,,,,,,,,,,,,,
metrobus,metrobus_vehicle_positions_enriched,2026-09-22T04:51:14Z,2026-09-22,20260922T045111Z,7a5666b4-4607-43d3-82bf-bef5ddc6eeda,,19522,0.0,03:16:30,20260922,69271,569,1260197,19.423261642456055,-99.09420776367188,290.0,0.0,0.0,,,,1790050486,2026-09-21 22:14:46-06:00,,,4,L04e05-1 alameda ote - hidalgo,,3,FF9A03,FFFFFF,,,,,,
metrobus,metrobus_vehicle_positions_enriched,2026-09-22T04:51:14Z,2026-09-22,20260922T045111Z,ecb2a6c6-6d99-45df-992e-79d5f6e97768,,19471,1.0,04:30:59,20260922,74821,9704,,19.491849899291992,-99.13855743408203,100.0,0.0,0.0,,,,1790052660,2026-09-21 22:51:00-06:00,,,6,L06g01-2 el rosario - villa de aragón,,3,E44599,FFFFFF,,,,,,
metrobus,metrobus_vehicle_positions_enriched,2026-09-22T04:51:14Z,2026-09-22,20260922T045111Z,d6b130f6-72d8-42da-9c1c-a1f416f59ec1,,,,,,74820,9702,,19.479156494140625,-99.06452178955078,0.0,0.0,0.0,,,,1790052657,2026-09-21 22:50:57-06:00,,,,,,,,,,,,,,
metrobus,metrobus_vehicle_positions_enriched,2026-09-22T04:51:14Z,2026-09-22,20260922T045111Z,3f673d2c-4665-4a5c-9d1d-11796debdf6e,,19470,0.0,03:50:35,20260922,74830,9703,,19.511640548706055,-99.19499969482422,278.0,34.0,122.4,,,,1790052650,2026-09-21 22:50:50-06:00,,,6,L06g01-1 villa de aragón - el rosario,,3,E44599,FFFFFF,,,,,,
metrobus,metrobus_vehicle_positions_enriched,2026-09-22T04:51:14Z,2026-09-22,20260922T045111Z,7f3c5ebc-d207-4594-80f6-e43330643067,,19523,1.0,04:35:50,20260922,69274,572,002A981,19.43768310546875,-99.11267852783203,989.0,54.0,194.4,,,,1790052654,2026-09-21 22:50:54-06:00,,,4,L04e05-2 hidalgo - alameda ote,,3,FF9A03,FFFFFF,,,,,,
metrobus,metrobus_vehicle_positions_enriched,2026-09-22T04:51:14Z,2026-09-22,20260922T045111Z,25a231e6-5704-4f13-8388-a3c90d56d433,,,,,,69275,573,002A982,19.423038482666016,-99.09162902832031,213.0,0.0,0.0,,,,1790052655,2026-09-21 22:50:55-06:00,,,,,,,,,,,,,,
metrobus,metrobus_vehicle_positions_enriched,2026-09-22T04:51:14Z,2026-09-22,20260922T045111Z,26920815-284e-40e3-b375-e6be459e6fd4,,,,,,69277,575,002A983,19.42307472229004,-99.09207153320312,186.0,0.0,0.0,,,,1789993121,2026-09-21 06:18:41-06:00,,,,,,,,,,,,,,
metrobus,metrobus_vehicle_positions_enriched,2026-09-22T04:51:14Z,2026-09-22,20260922T045111Z,fdf229fc-3a11-4e35-bf7a-dbbc07401945,,,,,,69278,576,002A984,19.422767639160156,-99.09181213378906,217.0,0.0,0.0,,,,1790052650,2026-09-21 22:50:50-06:00,,,,,,,,,,,,,,
metrobus,metrobus_vehicle_positions_enriched,2026-09-22T04:51:14Z,2026-09-22,20260922T045111Z,e1df7823-e63a-47fe-8e80-426a8b29ead4,,,,,,69279,577,002A985,19.419830322265625,-99.09269714355469,322.0,0.0,0.0,,,,1790052654,2026-09-21 22:50:54-06:00,,,,,,,,,,,,,,
metrobus,metrobus_vehicle_positions_enriched,2026-09-22T04:51:14Z,2026-09-22,20260922T045111Z,b5d84a78-7484-4a56-9eff-9fb945ef207c,,,,,,69280,578,002A986,19.437564849853516,-99.14802551269531,102.0,0.0,0.0,,,,1790052653,2026-09-21 22:50:53-06:00,,,,,,,,,,,,,,
metrobus,metrobus_vehicle_positions_enriched,2026-09-22T04:51:14Z,2026-09-22,20260922T045111Z,6d0162cb-8537-42ee-a18c-8e1d7f1b0637,,19563,0.0,04:50:21,20260922,70089,338,1250003,19.390064239501953,-99.04898071289062,208.0,42.0,151.20000000000002,,,,1790052651,2026-09-21 22:50:51-06:00,,,2,L02c01-1 tepalcates - tacubaya,,3,8D1A96,FFFFFF,,,,,,
metrobus,metrobus_vehicle_positions_enriched,2026-09-22T04:51:14Z,2026-09-22,20260922T045111Z,b5ca82be-277d-4f9d-8ff3-901618f7d60f,,19564,0.0,04:02:31,20260922,70090,339,1250004,19.39546775817871,-99.14920043945312,274.0,40.0,144.0,,,,1790052658,2026-09-21 22:50:58-06:00,,,2,L02c02-1 tepalcates - etiopía l3,,3,8D1A96,FFFFFF,,,,,,
metrobus,metrobus_vehicle_positions_enriched,2026-09-22T04:51:14Z,2026-09-22,20260922T045111Z,68b28068-fd51-4045-b825-e722b4ec38c3,,19520,1.0,04:27:22,20260922,69282,580,TienepermisodeSEMOVI,19.419538497924805,-99.08072662353516,149.0,46.0,165.6,,,,1790052659,2026-09-21 22:50:59-06:00,,,4,L04e04-2 hidalgo - pantitlán,,3,FF9A03,FFFFFF,,,,,,
metrobus,metrobus_vehicle_positions_enriched,2026-09-22T04:51:14Z,2026-09-22,20260922T045111Z,3a4c0640-9bbe-4801-a40a-6d2011b5b00d,,19523,1.0,04:41:53,20260922,69283,581,002A989,19.437137603759766,-99.12955474853516,975.0,18.0,64.8,,,,1790052656,2026-09-21 22:50:56-06:00,,,4,L04e05-2 hidalgo - alameda ote,,3,FF9A03,FFFFFF,,,,,,
metrobus,metrobus_vehicle_positions_enriched,2026-09-22T04:51:14Z,2026-09-22,20260922T045111Z,71498faf-4564-4fc1-a53e-758b20ee8d1f,,19562,1.0,04:22:08,20260922,70091,340,1250005,19.39777183532715,-99.1292724609375,752.0,0.0,0.0,,,,1790052661,2026-09-21 22:51:01-06:00,,,2,L02c01-2 tacubaya - tepalcates,,3,8D1A96,FFFFFF,,,,,,
metrobus,metrobus_vehicle_positions_enriched,2026-09-22T04:51:14Z,2026-09-22,20260922T045111Z,896d4239-076a-44f4-b66b-79790ab110bd,,,,,,69284,582,002A990,19.422231674194336,-99.09246063232422,301.0,0.0,0.0,,,,1790052660,2026-09-21 22:51:00-06:00,,,,,,,,,,,,,,
metrobus,metrobus_vehicle_positions_enriched,2026-09-22T04:51:14Z,2026-09-22,20260922T045111Z,1cb8ecf0-aed3-4944-a093-ef599cf48fdb,,,,,,69285,583,002A991,19.437952041625977,-99.14888000488281,282.0,13.0,46.800000000000004,,,,1790052654,2026-09-21 22:50:54-06:00,,,,,,,,,,,,,,
metrobus,metrobus_vehicle_positions_enriched,2026-09-22T04:51:14Z,2026-09-22,20260922T045111Z,9a19393c-ffd2-45a7-a99c-10eb2051a65b,,19983,1.0,04:11:23,20260922,70093,342,TienepermisodeSEMOVI,19.39560317993164,-99.1522445678711,961.0,28.0,100.8,,,,1790052664,2026-09-21 22:51:04-06:00,,,1,L21c21-2 dr. gálvez - rojo gómez,,3,42A76B,FFFFFF,,,,,,
metrobus,metrobus_vehicle_positions_enriched,2026-09-22T04:51:14Z,2026-09-22,20260922T045111Z,e417095e-48f8-4b8f-9e6d-7a52e366acf3,,19523,1.0,04:25:55,20260922,69286,584,002A992,19.417104721069336,-99.07475280761719,987.0,22.0,79.2,,,,1790052662,2026-09-21 22:51:02-06:00,,,4,L04e05-2 hidalgo - alameda ote,,3,FF9A03,FFFFFF,,,,,,
metrobus,metrobus_vehicle_positions_enriched,2026-09-22T04:51:14Z,2026-09-22,20260922T045111Z,927cc2a1-72df-4211-a178-094e38534835,,,,,,69287,585,002A993,19.42020606994629,-99.09246826171875,313.0,0.0,0.0,,,,1790052653,2026-09-21 22:50:53-06:00,,,,,,,,,,,,,,
metrobus,metrobus_vehicle_positions_enriched,2026-09-22T04:51:14Z,2026-09-22,20260922T045111Z,68f00899-f551-424e-ae6a-68f9f921f556,,,,,,70095,344,TienepermisodeSEMOVI,19.386568069458008,-99.06004333496094,123.0,0.0,0.0,,,,1790052650,2026-09-21 22:50:50-06:00,,,,,,,,,,,,,,
metrobus,metrobus_vehicle_positions_enriched,2026-09-22T04:51:14Z,2026-09-22,20260922T045111Z,658c218e-8cfc-49d9-91b2-8a9659c72cec,,19523,1.0,04:32:08,20260922,69288,586,002A994,19.430570602416992,-99.09986114501953,118.0,0.0,0.0,,,,1790052658,2026-09-21 22:50:58-06:00,,,4,L04e05-2 hidalgo - alameda ote,,3,FF9A03,FFFFFF,,,,,,
metrobus,metrobus_vehicle_positions_enriched,2026-09-22T04:51:14Z,2026-09-22,20260922T045111Z,9f2f05e1-1e20-45a8-b3c0-6a9be2a86fc5,,,,,,70096,345,TienepermisodeSEMOVI,19.387100219726562,-99.05974578857422,193.0,0.0,0.0,,,,1790052662,2026-09-21 22:51:02-06:00,,,,,,,,,,,,,,
metrobus,metrobus_vehicle_positions_enriched,2026-09-22T04:51:14Z,2026-09-22,20260922T045111Z,16795b66-96ee-4e0b-beda-b2749452a0ce,,19522,0.0,04:50:40,20260922,69289,587,002A995,19.43037986755371,-99.05297088623047,106.0,20.0,72.0,,,,1790052655,2026-09-21 22:50:55-06:00,,,4,L04e05-1 alameda ote - hidalgo,,3,FF9A03,FFFFFF,,,,,,
metrobus,metrobus_vehicle_positions_enriched,2026-09-22T04:51:14Z,2026-09-22,20260922T045111Z,10c571be-bb34-4090-81ee-732910b2cd5c,,,,,,69290,588,002A996,19.430700302124023,-99.0531005859375,284.0,0.0,0.0,,,,1790052651,2026-09-21 22:50:51-06:00,,,,,,,,,,,,,,
metrobus,metrobus_vehicle_positions_enriched,2026-09-22T04:51:14Z,2026-09-22,20260922T045111Z,9e22828d-4dea-48f9-be94-943be81373d8,,,,,,69291,589,002A997,19.42273712158203,-99.09224700927734,332.0,0.0,0.0,,,,1790052647,2026-09-21 22:50:47-06:00,,,,,,,,,,,,,,
metrobus,metrobus_vehicle_positions_enriched,2026-09-22T04:51:14Z,2026-09-22,20260922T045111Z,7cdaf54e-f9c7-4a8d-ac6e-90066e065980,,,,,,70100,349,TienepermisodeSEMOVI,19.38654327392578,-99.05996704101562,148.0,0.0,0.0,,,,1790050724,2026-09-21 22:18:44-06:00,,,,,,,,,,,,,,
metrobus,metrobus_vehicle_positions_enriched,2026-09-22T04:51:14Z,2026-09-22,20260922T045111Z,4e7bc8ca-ba93-4d34-988a-d07c5f8aa03d,,19523,1.0,04:42:09,20260922,69294,592,002A998,19.437965393066406,-99.13555908203125,983.0,8.0,28.8,,,,1790052657,2026-09-21 22:50:57-06:00,,,4,L04e05-2 hidalgo - alameda ote,,3,FF9A03,FFFFFF,,,,,,
metrobus,metrobus_vehicle_positions_enriched,2026-09-22T04:51:14Z,2026-09-22,20260922T045111Z,917feeda-e882-49ac-ba89-d405a2bee344,,,,,,70101,350,1250015,19.38694190979004,-99.05997467041016,0.0,0.0,0.0,,,,1790052653,2026-09-21 22:50:53-06:00,,,,,,,,,,,,,,
metrobus,metrobus_vehicle_positions_enriched,2026-09-22T04:51:14Z,2026-09-22,20260922T045111Z,b0b83bc1-2a6f-4a24-9cc9-5afbd224e7a7,,19523,1.0,04:47:59,20260922,69298,597,002A999,19.437543869018555,-99.14026641845703,870.0,0.0,0.0,,,,1790052659,2026-09-21 22:50:59-06:00,,,4,L04e05-2 hidalgo - alameda ote,,3,FF9A03,FFFFFF,,,,,,
metrobus,metrobus_vehicle_positions_enriched,2026-09-22T04:51:14Z,2026-09-22,20260922T045111Z,2aae23fc-29b1-4285-ab78-0f0e5ec90395,,19523,1.0,04:37:49,20260922,69299,598,003A001,19.43611717224121,-99.12169647216797,977.0,17.0,61.2,,,,1790052654,2026-09-21 22:50:54-06:00,,,4,L04e05-2 hidalgo - alameda ote,,3,FF9A03,FFFFFF,,,,,,
metrobus,metrobus_vehicle_positions_enriched,2026-09-22T04:51:14Z,2026-09-22,20260922T045111Z,6018518a-6fc1-416f-aa8b-a21bd93813bb,,,,,,75093,9756,,19.506912231445312,-99.1957778930664,0.0,0.0,0.0,,,,1789728714,2026-09-18 04:51:54-06:00,,,,,,,,,,,,,,
metrobus,metrobus_vehicle_positions_enriched,2026-09-22T04:51:14Z,2026-09-22,20260922T045111Z,9e3180fe-92ef-4f8b-aa79-bc01643b6ba2,,20295,0.0,03:59:07,20260922,69439,120,1230033,19.50010108947754,-99.11941528320312,0.0,0.0,0.0,,,,1790052656,2026-09-21 22:50:56-06:00,,,1,L31a31-1 indios verdes - pueblo sta cruz atoyac,,3,42A76B,FFFFFF,,,,,,
metrobus,metrobus_vehicle_positions_enriched,2026-09-22T04:51:14Z,2026-09-22,20260922T045111Z,0a8799ad-aaf8-439c-8881-b3d16bf00b9e,,,,,,69440,121,1230034,19.500089645385742,-99.11963653564453,710.0,0.0,0.0,,,,1789785931,2026-09-18 20:45:31-06:00,,,,,,,,,,,,,,
metrobus,metrobus_vehicle_positions_enriched,2026-09-22T04:51:14Z,2026-09-22,20260922T045111Z,b0aa06ee-edbb-48f7-9d79-63fa5ab3910e,,19984,0.0,04:10:05,20260922,69687,364,ConPermisovencido,19.389301300048828,-99.05854797363281,304.0,0.0,0.0,,,,1790050733,2026-09-21 22:18:53-06:00,,,1,L21c21-1 rojo gómez - dr. gálvez,,3,42A76B,FFFFFF,,,,,,
metrobus,metrobus_vehicle_positions_enriched,2026-09-22T04:51:14Z,2026-09-22,20260922T045111Z,d51054ec-7329-4b99-84ba-0d39cc13b424,,,,,,69442,123,1230036,19.50005340576172,-99.11929321289062,0.0,0.0,0.0,,,,1790048119,2026-09-21 21:35:19-06:00,,,,,,,,,,,,,,
metrobus,metrobus_vehicle_positions_enriched,2026-09-22T04:51:14Z,2026-09-22,20260922T045111Z,a1a867a8-bd1c-4ee7-a88d-87af03c6010f,,,,,,69688,366,1250117,19.389129638671875,-99.05935668945312,317.0,0.0,0.0,,,,1790050442,2026-09-21 22:14:02-06:00,,,,,,,,,,,,,,
metrobus,metrobus_vehicle_positions_enriched,2026-09-22T04:51:14Z,2026-09-22,20260922T045111Z,71199e65-08ac-49ca-8dbe-ba5783aaa7f0,,,,,,70324,367,,19.38923454284668,-99.05928039550781,0.0,0.0,0.0,,,,1790049793,2026-09-21 22:03:13-06:00,,,,,,,,,,,,,,
metrobus,metrobus_vehicle_positions_enriched,2026-09-22T04:51:14Z,2026-09-22,20260922T045111Z,247efd41-a660-44cf-9304-c25d2b8b4760,,,,,,74672,9521,,19.422468185424805,-99.09281921386719,211.0,0.0,0.0,,,,1790047557,2026-09-21 21:25:57-06:00,,,,,,,,,,,,,,
metrobus,metrobus_vehicle_positions_enriched,2026-09-22T04:51:14Z,2026-09-22,20260922T045111Z,bcf0549e-55ae-485d-831d-8dd1388b6a35,,19566,0.0,04:21:17,20260922,74993,9525,,19.389341354370117,-99.05757904052734,204.0,0.0,0.0,,,,1790052594,2026-09-21 22:49:54-06:00,,,2,L02c03-1 tepalcates - col. del valle,,3,8D1A96,FFFFFF,,,,,,
metrobus,metrobus_vehicle_positions_enriched,2026-09-22T04:51:14Z,2026-09-22,20260922T045111Z,4d49536e-67d7-457a-b4f9-2b36bae1d4b4,,,,,,74671,9522,,19.422805786132812,-99.09266662597656,211.0,0.0,0.0,,,,1790048012,2026-09-21 21:33:32-06:00,,,,,,,,,,,,,,
metrobus,metrobus_vehicle_positions_enriched,2026-09-22T04:51:14Z,2026-09-22,20260922T045111Z,8ef5b3ad-166b-4110-9842-3381248f8fe4,,,,,,74805,9523,,19.478740692138672,-99.06494903564453,197.0,0.0,0.0,,,,1790018140,2026-09-21 13:15:40-06:00,,,,,,,,,,,,,,
metrobus,metrobus_vehicle_positions_enriched,2026-09-22T04:51:14Z,2026-09-22,20260922T045111Z,43dc24bf-249a-49df-a4bb-aba2c505e47b,,,,,,69690,372,1250123,19.389175415039062,-99.05839538574219,0.0,0.0,0.0,,,,1790052647,2026-09-21 22:50:47-06:00,,,,,,,,,,,,,,
metrobus,metrobus_vehicle_positions_enriched,2026-09-22T04:51:14Z,2026-09-22,20260922T045111Z,5ddafa33-1f41-48af-b287-bfc1e7e07135,,19567,1.0,04:05:07,20260922,69691,373,1250124,19.38945770263672,-99.08382415771484,124.0,0.0,0.0,,,,1790052649,2026-09-21 22:50:49-06:00,,,2,L02c03-2 col. del valle - tepalcates,,3,8D1A96,FFFFFF,,,,,,
metrobus,metrobus_vehicle_positions_enriched,2026-09-22T04:51:14Z,2026-09-22,20260922T045111Z,8a190c88-4eeb-47b7-8df3-2f79aa43ba9d,,19500,1.0,03:51:52,20260922,73164,139,12300139,19.42200469970703,-99.16340637207031,151.0,0.0,0.0,,,,1790052653,2026-09-21 22:50:53-06:00,,,1,L01a07-2 el caminero - indios verdes,,3,D40D0D,FFFFFF,,,,,,
metrobus,metrobus_vehicle_positions_enriched,2026-09-22T04:51:14Z,2026-09-22,20260922T045111Z,63737aca-1d40-4e84-b4fe-1182d70f7cfc,,,,,,75094,9759,,19.506935119628906,-99.19574737548828,0.0,0.0,0.0,,,,1789794850,2026-09-18 23:14:10-06:00,,,,,,,,,,,,,,
metrobus,metrobus_vehicle_positions_enriched,2026-09-22T04:51:14Z,2026-09-22,20260922T045111Z,70bb904f-f593-41d9-a14e-cdbbfa7f2f23,,27057,1.0,04:24:30,20260922,72536,9515,,19.429872512817383,-99.13749694824219,277.0,30.0,108.0,,,,1790052652,2026-09-21 22:50:52-06:00,,,4,L04e11-2 aicm - buenavista,,3,FF9A03,FFFFFF,,,,,,
metrobus,metrobus_vehicle_positions_enriched,2026-09-22T04:51:14Z,2026-09-22,20260922T045111Z,1a1e03fb-0baf-482a-83c8-e4757562ac7c,,,,,,75125,9757,,19.506980895996094,-99.19572448730469,0.0,0.0,0.0,,,,1789805338,2026-09-19 02:08:58-06:00,,,,,,,,,,,,,,
metrobus,metrobus_vehicle_positions_enriched,2026-09-22T04:51:14Z,2026-09-22,20260922T045111Z,c26c10fa-e628-4486-9f8a-11e19827f085,,,,,,75096,9758,,19.506881713867188,-99.1957778930664,0.0,0.0,0.0,,,,1789155063,2026-09-11 13:31:03-06:00,,,,,,,,,,,,,,
metrobus,metrobus_vehicle_positions_enriched,2026-09-22T04:51:14Z,2026-09-22,20260922T045111Z,cec160f1-2550-4f4e-8a5c-7323a46fbcbc,,19500,1.0,03:32:56,20260922,74699,9519,,19.45687484741211,-99.14912414550781,54.0,15.0,54.0,,,,1790052647,2026-09-21 22:50:47-06:00,,,1,L01a07-2 el caminero - indios verdes,,3,D40D0D,FFFFFF,,,,,,
metrobus,metrobus_vehicle_positions_enriched,2026-09-22T04:51:14Z,2026-09-22,20260922T045111Z,9c563bb1-81b7-45c1-b8db-b467570ac0e4,,,,,,69451,143,1230056,19.500083923339844,-99.11935424804688,162.0,0.0,0.0,,,,1790044658,2026-09-21 20:37:38-06:00,,,,,,,,,,,,,,
metrobus,metrobus_vehicle_positions_enriched,2026-09-22T04:51:14Z,2026-09-22,20260922T045111Z,32b4cb4d-8ecb-4fb3-b2f5-05100588163b,,,,,,69452,144,1230057,19.49972915649414,-99.11934661865234,316.0,0.0,0.0,,,,1790047998,2026-09-21 21:33:18-06:00,,,,,,,,,,,,,,
metrobus,metrobus_vehicle_positions_enriched,2026-09-22T04:51:14Z,2026-09-22,20260922T045111Z,bab547b3-3357-468f-ab5c-fa704f16a83a,,,,,,69454,146,1230005,19.499937057495117,-99.11931610107422,162.0,0.0,0.0,,,,1790044742,2026-09-21 20:39:02-06:00,,,,,,,,,,,,,,
metrobus,metrobus_vehicle_positions_enriched,2026-09-22T04:51:14Z,2026-09-22,20260922T045111Z,8092cd5b-a2ec-4a64-b6b8-79db77f33db6,,,,,,75062,9529,,19.498685836791992,-99.1196517944336,0.0,0.0,0.0,,,,1790042806,2026-09-21 20:06:46-06:00,,,,,,,,,,,,,,
metrobus,metrobus_vehicle_positions_enriched,2026-09-22T04:51:14Z,2026-09-22,20260922T045111Z,35f178a0-d325-4d9e-9b1b-c9b1d01d4155,,,,,,75057,9527,,19.42278480529785,-99.09253692626953,208.0,0.0,0.0,,,,1788556585,2026-09-04 15:16:25-06:00,,,,,,,,,,,,,,
metrobus,metrobus_vehicle_positions_enriched,2026-09-22T04:51:14Z,2026-09-22,20260922T045111Z,3441ddbe-9de0-4f85-9570-ddd121cf912f,,,,,,74680,9542,,19.402494430541992,-99.0599365234375,204.0,0.0,0.0,,,,1790052656,2026-09-21 22:50:56-06:00,,,,,,,,,,,,,,
metrobus,metrobus_vehicle_positions_enriched,2026-09-22T04:51:14Z,2026-09-22,20260922T045111Z,2f221557-db6c-4882-9219-f47c884f41df,,,,,,75180,9784,,19.5068416595459,-99.19580841064453,0.0,0.0,0.0,,,,1789727523,2026-09-18 04:32:03-06:00,,,,,,,,,,,,,,
metrobus,metrobus_vehicle_positions_enriched,2026-09-22T04:51:14Z,2026-09-22,20260922T045111Z,ebdcb861-d513-4995-857a-d5fc1c062b31,,,,,,74681,9543,,19.4205379486084,-99.0782241821289,190.0,0.0,0.0,,,,1790052663,2026-09-21 22:51:03-06:00,,,,,,,,,,,,,,
metrobus,metrobus_vehicle_positions_enriched,2026-09-22T04:51:14Z,2026-09-22,20260922T045111Z,47a45b3a-1d40-4052-9389-bbfd6c7b748a,,,,,,75181,9785,,19.506935119628906,-99.19564819335938,0.0,0.0,0.0,,,,1789707881,2026-09-17 23:04:41-06:00,,,,,,,,,,,,,,
metrobus,metrobus_vehicle_positions_enriched,2026-09-22T04:51:14Z,2026-09-22,20260922T045111Z,083ef547-7fb1-4917-a9cf-71a066505d8b,,,,,,74679,9541,,19.402835845947266,-99.06147766113281,282.0,0.0,0.0,,,,1790041542,2026-09-21 19:45:42-06:00,,,,,,,,,,,,,,
metrobus,metrobus_vehicle_positions_enriched,2026-09-22T04:51:14Z,2026-09-22,20260922T045111Z,5256699b-8d30-4d8c-b3b2-3648e2084dd2,,19564,0.0,04:23:28,20260922,74915,9304,,19.397146224975586,-99.1035385131836,276.0,35.0,126.0,,,,1790052656,2026-09-21 22:50:56-06:00,,,2,L02c02-1 tepalcates - etiopía l3,,3,8D1A96,FFFFFF,,,,,,
metrobus,metrobus_vehicle_positions_enriched,2026-09-22T04:51:14Z,2026-09-22,20260922T045111Z,7759442d-62bd-48af-a119-c53877ae6289,,19567,1.0,04:05:05,20260922,74546,9305,,19.387723922729492,-99.08126831054688,125.0,23.0,82.8,,,,1790052647,2026-09-21 22:50:47-06:00,,,2,L02c03-2 col. del valle - tepalcates,,3,8D1A96,FFFFFF,,,,,,
metrobus,metrobus_vehicle_positions_enriched,2026-09-22T04:51:14Z,2026-09-22,20260922T045111Z,bbabbab4-d5bf-4e51-8445-61cb3e6a6fd7,,,,,,75183,9786,,19.50687026977539,-99.19571685791016,0.0,0.0,0.0,,,,1789790805,2026-09-18 22:06:45-06:00,,,,,,,,,,,,,,
metrobus,metrobus_vehicle_positions_enriched,2026-09-22T04:51:14Z,2026-09-22,20260922T045111Z,12b355ff-6ddc-43fb-b1a2-a9a0ffc0f4f2,,19567,1.0,04:25:16,20260922,74518,9303,,19.393390655517578,-99.13408660888672,974.0,0.0,0.0,,,,1790052653,2026-09-21 22:50:53-06:00,,,2,L02c03-2 col. del valle - tepalcates,,3,8D1A96,FFFFFF,,,,,,
metrobus,metrobus_vehicle_positions_enriched,2026-09-22T04:51:14Z,2026-09-22,20260922T045111Z,ef9ade4b-b540-4e94-afdc-c03049627185,,,,,,69598,392,1250146,19.388338088989258,-99.05950164794922,348.0,0.0,0.0,,,,1790046123,2026-09-21 21:02:03-06:00,,,,,,,,,,,,,,
metrobus,metrobus_vehicle_positions_enriched,2026-09-22T04:51:14Z,2026-09-22,20260922T045111Z,c32aa32a-6c90-4995-a317-28ad38ea2bb2,,19475,1.0,04:02:47,20260922,74141,9781,,19.50727081298828,-99.19700622558594,191.0,0.0,0.0,,,,1790050686,2026-09-21 22:18:06-06:00,,,6,L06g03-2 el rosario- dep. 18 de marzo,,3,E44599,FFFFFF,,,,,,
metrobus,metrobus_vehicle_positions_enriched,2026-09-22T04:51:14Z,2026-09-22,20260922T045111Z,03c8bc63-171c-43f8-ae09-0d508559c53b,,19566,0.0,03:45:07,20260922,69599,394,1250147,19.387739181518555,-99.06000518798828,860.0,0.0,0.0,,,,1790052658,2026-09-21 22:50:58-06:00,,,2,L02c03-1 tepalcates - col. del valle,,3,8D1A96,FFFFFF,,,,,,
metrobus,metrobus_vehicle_positions_enriched,2026-09-22T04:51:14Z,2026-09-22,20260922T045111Z,1519072d-36ef-49f0-b8fa-dba97eb69996,,,,,,70122,152,1230165,19.500438690185547,-99.11942291259766,0.0,0.0,0.0,,,,1787869608,2026-08-27 16:26:48-06:00,,,,,,,,,,,,,,
metrobus,metrobus_vehicle_positions_enriched,2026-09-22T04:51:14Z,2026-09-22,20260922T045111Z,97df5317-70e5-4a3d-9f3c-796cc1f81a63,,,,,,70123,153,1230166,19.5004825592041,-99.119384765625,0.0,0.0,0.0,,,,1785339679,2026-07-29 09:41:19-06:00,,,,,,,,,,,,,,
metrobus,metrobus_vehicle_positions_enriched,2026-09-22T04:51:14Z,2026-09-22,20260922T045111Z,30b8bbc6-bcd7-4160-93af-d7c832ef15b1,,,,,,69601,398,TienepermisodeSEMOVI,19.38838005065918,-99.0594482421875,354.0,0.0,0.0,,,,1790050224,2026-09-21 22:10:24-06:00,,,,,,,,,,,,,,
metrobus,metrobus_vehicle_positions_enriched,2026-09-22T04:51:14Z,2026-09-22,20260922T045111Z,51d9b0b3-0d40-458e-88f5-7382e47d1294,,,,,,70126,156,1230169,19.50043296813965,-99.11927032470703,108.0,0.0,0.0,,,,1787772678,2026-08-26 13:31:18-06:00,,,,,,,,,,,,,,
metrobus,metrobus_vehicle_positions_enriched,2026-09-22T04:51:14Z,2026-09-22,20260922T045111Z,369fb035-adfb-4895-8806-af7133d82e18,,,,,,69602,399,1250150,19.38890266418457,-99.05962371826172,0.0,0.0,0.0,,,,1789265947,2026-09-12 20:19:07-06:00,,,,,,,,,,,,,,
metrobus,metrobus_vehicle_positions_enriched,2026-09-22T04:51:14Z,2026-09-22,20260922T045111Z,8e695563-c69c-414b-91e7-794ff8fb96eb,,19565,1.0,04:38:27,20260922,74547,9306,,19.398027420043945,-99.1239013671875,880.0,24.0,86.4,,,,1790052662,2026-09-21 22:51:02-06:00,,,2,L02c02-2 etiopía l3 - tepalcates,,3,8D1A96,FFFFFF,,,,,,
metrobus,metrobus_vehicle_positions_enriched,2026-09-22T04:51:14Z,2026-09-22,20260922T045111Z,47877ed5-8a3a-437e-ac80-a8cc0198911e,,19563,0.0,04:00:44,20260922,74465,9379,,19.395641326904297,-99.15166473388672,274.0,25.0,90.0,,,,1790052650,2026-09-21 22:50:50-06:00,,,2,L02c01-1 tepalcates - tacubaya,,3,8D1A96,FFFFFF,,,,,,
metrobus,metrobus_vehicle_positions_enriched,2026-09-22T04:51:14Z,2026-09-22,20260922T045111Z,f13d8587-4eba-4af0-8bf6-dafda21de00e,,19563,0.0,03:46:14,20260922,74191,9382,,19.402339935302734,-99.18688201904297,151.0,0.0,0.0,,,,1790052661,2026-09-21 22:51:01-06:00,,,2,L02c01-1 tepalcates - tacubaya,,3,8D1A96,FFFFFF,,,,,,
metrobus,metrobus_vehicle_positions_enriched,2026-09-22T04:51:14Z,2026-09-22,20260922T045111Z,3041244c-e541-43d9-8536-26d8f56ef0b2,,,,,,69580,2504,TienepermisodeSEMOVI,19.42275619506836,-99.0917739868164,220.0,0.0,0.0,,,,1790051770,2026-09-21 22:36:10-06:00,,,,,,,,,,,,,,
metrobus,metrobus_vehicle_positions_enriched,2026-09-22T04:51:14Z,2026-09-22,20260922T045111Z,4f655f09-d81f-4d53-8ed2-18055604d609,,,,,,69579,2503,TienepermisodeSEMOVI,19.422531127929688,-99.09194946289062,208.0,0.0,0.0,,,,1790052660,2026-09-21 22:51:00-06:00,,,,,,,,,,,,,,
metrobus,metrobus_vehicle_positions_enriched,2026-09-22T04:51:14Z,2026-09-22,20260922T045111Z,0913d91c-534f-403e-93bb-72760fc6e479,,19519,0.0,04:06:02,20260922,69578,2502,TienepermisodeSEMOVI,19.42304229736328,-99.09153747558594,211.0,0.0,0.0,,,,1790052659,2026-09-21 22:50:59-06:00,,,4,L04e04-1 pantitlán - hidalgo,,3,FF9A03,FFFFFF,,,,,,
metrobus,metrobus_vehicle_positions_enriched,2026-09-22T04:51:14Z,2026-09-22,20260922T045111Z,13db6ae5-2011-4ae4-8ed3-7e9c3d0f61b4,,19522,0.0,04:31:00,20260922,69577,2501,TienepermisodeSEMOVI,19.422515869140625,-99.09199523925781,280.0,0.0,0.0,,,,1790052650,2026-09-21 22:50:50-06:00,,,4,L04e05-1 alameda ote - hidalgo,,3,FF9A03,FFFFFF,,,,,,
metrobus,metrobus_vehicle_positions_enriched,2026-09-22T04:51:14Z,2026-09-22,20260922T045111Z,db1ff2cf-e383-490f-8008-bf8d8d2bf8b7,,19523,1.0,04:10:01,20260922,69585,2509,TienepermisodeSEMOVI,19.424793243408203,-99.05450439453125,257.0,51.0,183.6,,,,1790052656,2026-09-21 22:50:56-06:00,,,4,L04e05-2 hidalgo - alameda ote,,3,FF9A03,FFFFFF,,,,,,
metrobus,metrobus_vehicle_positions_enriched,2026-09-22T04:51:14Z,2026-09-22,20260922T045111Z,47e07d4a-b357-439e-8b43-d1b11d130537,,,,,,69584,2508,TienepermisodeSEMOVI,19.42274284362793,-99.09149169921875,0.0,0.0,0.0,,,,1790052651,2026-09-21 22:50:51-06:00,,,,,,,,,,,,,,
metrobus,metrobus_vehicle_positions_enriched,2026-09-22T04:51:14Z,2026-09-22,20260922T045111Z,ae0e5a54-1319-4498-861a-6e5fd3885d3f,,,,,,69583,2507,TienepermisodeSEMOVI,19.423086166381836,-99.091552734375,209.0,0.0,0.0,,,,1790052647,2026-09-21 22:50:47-06:00,,,,,,,,,,,,,,
metrobus,metrobus_vehicle_positions_enriched,2026-09-22T04:51:14Z,2026-09-22,20260922T045111Z,4c4f87a6-606e-48f7-b99c-0af87d761517,,19522,0.0,04:42:38,20260922,69582,2506,TienepermisodeSEMOVI,19.417205810546875,-99.07428741455078,277.0,17.0,61.2,,,,1790052655,2026-09-21 22:50:55-06:00,,,4,L04e05-1 alameda ote - hidalgo,,3,FF9A03,FFFFFF,,,,,,
metrobus,metrobus_vehicle_positions_enriched,2026-09-22T04:51:14Z,2026-09-22,20260922T045111Z,016cdf0b-2966-4395-a9a2-f908e0f345f5,,19520,1.0,04:26:01,20260922,69581,2505,TienepermisodeSEMOVI,19.417007446289062,-99.0752944946289,122.0,4.0,14.4,,,,1790052652,2026-09-21 22:50:52-06:00,,,4,L04e04-2 hidalgo - pantitlán,,3,FF9A03,FFFFFF,,,,,,
metrobus,metrobus_vehicle_positions_enriched,2026-09-22T04:51:14Z,2026-09-22,20260922T045111Z,9466c559-9e57-467b-aadf-98a22f937026,,,,,,69591,2515,TienepermisodeSEMOVI,19.42262077331543,-99.09181213378906,0.0,0.0,0.0,,,,1790052654,2026-09-21 22:50:54-06:00,,,,,,,,,,,,,,
metrobus,metrobus_vehicle_positions_enriched,2026-09-22T04:51:14Z,2026-09-22,20260922T045111Z,3f7767fb-34ad-4147-b34a-55bf736b1402,,19522,0.0,04:27:01,20260922,69590,2514,TienepermisodeSEMOVI,19.435977935791016,-99.12112426757812,276.0,0.0,0.0,,,,1790052653,2026-09-21 22:50:53-06:00,,,4,L04e05-1 alameda ote - hidalgo,,3,FF9A03,FFFFFF,,,,,,
metrobus,metrobus_vehicle_positions_enriched,2026-09-22T04:51:14Z,2026-09-22,20260922T045111Z,d76dcf7e-240e-4858-948b-21dd4da9d5b9,,,,,,69589,2513,TienepermisodeSEMOVI,19.423280715942383,-99.0918197631836,0.0,0.0,0.0,,,,1790046286,2026-09-21 21:04:46-06:00,,,,,,,,,,,,,,
metrobus,metrobus_vehicle_positions_enriched,2026-09-22T04:51:14Z,2026-09-22,20260922T045111Z,396ae586-5d75-4e83-9c38-4b7a1399b7cb,,19519,0.0,03:29:59,20260922,69588,2512,TienepermisodeSEMOVI,19.422889709472656,-99.09166717529297,212.0,0.0,0.0,,,,1790050179,2026-09-21 22:09:39-06:00,,,4,L04e04-1 pantitlán - hidalgo,,3,FF9A03,FFFFFF,,,,,,
metrobus,metrobus_vehicle_positions_enriched,2026-09-22T04:51:14Z,2026-09-22,20260922T045111Z,5ae4d45b-108d-4f9b-b075-1cd5091e3710,,,,,,69587,2511,TienepermisodeSEMOVI,19.430660247802734,-99.05294036865234,284.0,0.0,0.0,,,,1790052658,2026-09-21 22:50:58-06:00,,,,,,,,,,,,,,
metrobus,metrobus_vehicle_positions_enriched,2026-09-22T04:51:14Z,2026-09-22,20260922T045111Z,6423b51d-37cf-4555-878b-8831f59f3e2d,,19522,0.0,04:14:22,20260922,69586,2510,TienepermisodeSEMOVI,19.4226131439209,-99.0918960571289,285.0,0.0,0.0,,,,1790052662,2026-09-21 22:51:02-06:00,,,4,L04e05-1 alameda ote - hidalgo,,3,FF9A03,FFFFFF,,,,,,
metrobus,metrobus_vehicle_positions_enriched,2026-09-22T04:51:14Z,2026-09-22,20260922T045111Z,aeddaad4-0b82-4755-ac2d-5472e627b2a7,,19500,1.0,03:54:10,20260922,70010,1206,001A191,19.412565231323242,-99.16631317138672,177.0,0.0,0.0,,,,1790052655,2026-09-21 22:50:55-06:00,,,1,L01a07-2 el caminero - indios verdes,,3,D40D0D,FFFFFF,,,,,,
metrobus,metrobus_vehicle_positions_enriched,2026-09-22T04:51:14Z,2026-09-22,20260922T045111Z,b8412bec-dfad-4f68-90bd-7c8eaac79a6e,,20015,1.0,04:07:24,20260922,70009,1205,001A192,19.39093017578125,-99.08605194091797,125.0,30.0,108.0,,,,1790052651,2026-09-21 22:50:51-06:00,,,1,L01a21-2 col. del valle - tepalcates,,3,D40D0D,FFFFFF,,,,,,
metrobus,metrobus_vehicle_positions_enriched,2026-09-22T04:51:14Z,2026-09-22,20260922T045111Z,d57d9fa0-f51b-414c-89ae-8e34eabce8ca,,,,,,70008,1204,001A190,19.398021697998047,-99.12504577636719,903.0,3.0,10.8,,,,1790052650,2026-09-21 22:50:50-06:00,,,,,,,,,,,,,,
metrobus,metrobus_vehicle_positions_enriched,2026-09-22T04:51:14Z,2026-09-22,20260922T045111Z,1d687853-0a9e-478a-8f8a-8d10916888b0,,,,,,70007,1203,001A189,19.385385513305664,-99.04561614990234,119.0,0.0,0.0,,,,1790040170,2026-09-21 19:22:50-06:00,,,,,,,,,,,,,,
metrobus,metrobus_vehicle_positions_enriched,2026-09-22T04:51:14Z,2026-09-22,20260922T045111Z,4f2afe90-bfd2-4633-84b4-a8c270dd2aaa,,,,,,70006,1202,001A188,19.38535499572754,-99.04562377929688,120.0,0.0,0.0,,,,1790040867,2026-09-21 19:34:27-06:00,,,,,,,,,,,,,,
metrobus,metrobus_vehicle_positions_enriched,2026-09-22T04:51:14Z,2026-09-22,20260922T045111Z,a97360e2-32e3-4b32-8317-4ba73bb91020,,19997,0.0,04:44:10,20260922,70013,1209,001A195,19.468830108642578,-99.1389389038086,217.0,22.0,79.2,,,,1790052657,2026-09-21 22:50:57-06:00,,,1,L01a05-1 indios verdes - col. del valle,,3,D40D0D,FFFFFF,,,,,,
metrobus,metrobus_vehicle_positions_enriched,2026-09-22T04:51:14Z,2026-09-22,20260922T045111Z,67326528-a233-40a4-8d57-fffb3f5dcf16,,20015,1.0,04:19:00,20260922,70012,1208,001A194,19.39577865600586,-99.09323120117188,122.0,20.0,72.0,,,,1790052655,2026-09-21 22:50:55-06:00,,,1,L01a21-2 col. del valle - tepalcates,,3,D40D0D,FFFFFF,,,,,,
metrobus,metrobus_vehicle_positions_enriched,2026-09-22T04:51:14Z,2026-09-22,20260922T045111Z,570d088a-a362-48e1-b605-f67f002d35b2,,20016,0.0,04:41:12,20260922,70011,1207,001A193,19.386430740356445,-99.04496765136719,120.0,0.0,0.0,,,,1790052660,2026-09-21 22:51:00-06:00,,,1,L01a21-1 tepalcates - col. del valle,,3,D40D0D,FFFFFF,,,,,,
