_source_system,_source_table,_extracted_at_utc,_snapshot_date,_snapshot_id,entity_id,trip_id,route_id,direction_id,start_time,start_date,vehicle_id,vehicle_label,license_plate,latitude,longitude,bearing,speed_mps,speed_kmh,current_stop_sequence,stop_id,current_status,timestamp_raw,timestamp_cdmx,congestion_level,occupancy_status,route_short_name,route_long_name,route_desc,route_type,route_color,route_text_color,stop_name,stop_lat,stop_lon,zone_id,location_type,parent_station
metrobus,metrobus_vehicle_positions_enriched,2026-06-15T21:24:36Z,2026-06-15,20260615T212431Z,b97718c7-fc63-435b-9742-c18021ec9eab,,19470,0.0,21:03:13,20260615,69379,2306,1240002,19.47840690612793,-99.09612274169922,293.0,12.0,43.2,,,,1781558659,2026-06-15 15:24:19-06:00,,,6,L06g01-1 villa de aragón - el rosario,,3,E44599,FFFFFF,,,,,,
metrobus,metrobus_vehicle_positions_enriched,2026-06-15T21:24:36Z,2026-06-15,20260615T212431Z,82f6328c-44f4-4315-9645-2ccc0a0249da,,19563,0.0,20:36:54,20260615,69378,2305,1240001,19.394723892211914,-99.14226531982422,282.0,0.0,0.0,,,,1781558661,2026-06-15 15:24:21-06:00,,,2,L02c01-1 tepalcates - tacubaya,,3,8D1A96,FFFFFF,,,,,,
metrobus,metrobus_vehicle_positions_enriched,2026-06-15T21:24:36Z,2026-06-15,20260615T212431Z,5e0c3da9-7971-47a5-86a9-d3df6c5124a6,,19474,0.0,21:07:09,20260615,69377,2304,1230200,19.496135711669922,-99.15933227539062,282.0,41.0,147.6,,,,1781558658,2026-06-15 15:24:18-06:00,,,6,L06g03-1 dep. 18 de marzo - el rosario,,3,E44599,FFFFFF,,,,,,
metrobus,metrobus_vehicle_positions_enriched,2026-06-15T21:24:36Z,2026-06-15,20260615T212431Z,fdf3c0fd-5852-4536-9f04-e6f99cb0fa7d,,19567,1.0,21:17:15,20260615,69376,2303,1230199,19.399320602416992,-99.1706314086914,17.0,0.0,0.0,,,,1781558664,2026-06-15 15:24:24-06:00,,,2,L02c03-2 col. del valle - tepalcates,,3,8D1A96,FFFFFF,,,,,,
metrobus,metrobus_vehicle_positions_enriched,2026-06-15T21:24:36Z,2026-06-15,20260615T212431Z,a4401e49-dd8f-4e2a-a133-49b1a458bdb5,,19564,0.0,20:57:13,20260615,69375,2302,1230198,19.39627456665039,-99.09410858154297,289.0,15.0,54.0,,,,1781558658,2026-06-15 15:24:18-06:00,,,2,L02c02-1 tepalcates - etiopía l3,,3,8D1A96,FFFFFF,,,,,,
metrobus,metrobus_vehicle_positions_enriched,2026-06-15T21:24:36Z,2026-06-15,20260615T212431Z,8172b7e5-497b-4193-9804-74030f16244b,,,,,,70014,1210,001A196,19.497610092163086,-99.11949157714844,0.0,0.0,0.0,,,,1781556785,2026-06-15 14:53:05-06:00,,,,,,,,,,,,,,
metrobus,metrobus_vehicle_positions_enriched,2026-06-15T21:24:36Z,2026-06-15,20260615T212431Z,273ce3ed-a032-46b7-9d16-a9cd6e9b9801,,19470,0.0,20:49:49,20260615,69382,2309,1240005,19.48783302307129,-99.11779022216797,195.0,18.0,64.8,,,,1781558666,2026-06-15 15:24:26-06:00,,,6,L06g01-1 villa de aragón - el rosario,,3,E44599,FFFFFF,,,,,,
metrobus,metrobus_vehicle_positions_enriched,2026-06-15T21:24:36Z,2026-06-15,20260615T212431Z,ecc7c451-e9e0-4715-92e0-faf84526f741,,,,,,69381,2308,1240004,19.478200912475586,-99.06484985351562,0.0,0.0,0.0,,,,1781558658,2026-06-15 15:24:18-06:00,,,,,,,,,,,,,,
metrobus,metrobus_vehicle_positions_enriched,2026-06-15T21:24:36Z,2026-06-15,20260615T212431Z,06c2fd04-b677-41a4-9c0a-42b38d220638,,19473,0.0,20:56:59,20260615,69380,2307,1240003,19.485307693481445,-99.11360168457031,157.0,11.0,39.6,,,,1781558661,2026-06-15 15:24:21-06:00,,,6,L06g02-1 villa de aragón - ipn,,3,E44599,FFFFFF,,,,,,
metrobus,metrobus_vehicle_positions_enriched,2026-06-15T21:24:36Z,2026-06-15,20260615T212431Z,6ffc6526-4aff-4ce1-aa29-160e58b66d26,,19562,1.0,21:03:25,20260615,69393,2320,1230174,19.39545440673828,-99.14989471435547,941.0,39.0,140.4,,,,1781558656,2026-06-15 15:24:16-06:00,,,2,L02c01-2 tacubaya - tepalcates,,3,8D1A96,FFFFFF,,,,,,
metrobus,metrobus_vehicle_positions_enriched,2026-06-15T21:24:36Z,2026-06-15,20260615T212431Z,45da9b05-9677-4939-a25d-00d7eec7f77c,,19562,1.0,21:20:36,20260615,69390,2317,1240013,19.407432556152344,-99.18446350097656,275.0,0.0,0.0,,,,1781558666,2026-06-15 15:24:26-06:00,,,2,L02c01-2 tacubaya - tepalcates,,3,8D1A96,FFFFFF,,,,,,
metrobus,metrobus_vehicle_positions_enriched,2026-06-15T21:24:36Z,2026-06-15,20260615T212431Z,b30e1064-94e4-4a5f-9c93-8e9178812b9f,,19472,1.0,21:21:05,20260615,69389,2316,1240012,19.4867000579834,-99.12276458740234,115.0,6.0,21.6,,,,1781558661,2026-06-15 15:24:21-06:00,,,6,L06g02-2 ipn - villa de aragón,,3,E44599,FFFFFF,,,,,,
metrobus,metrobus_vehicle_positions_enriched,2026-06-15T21:24:36Z,2026-06-15,20260615T212431Z,51e65130-ec35-41ba-b23d-650576d249f8,,19471,1.0,20:36:02,20260615,69388,2315,1240011,19.476890563964844,-99.09226989746094,111.0,27.0,97.2,,,,1781558665,2026-06-15 15:24:25-06:00,,,6,L06g01-2 el rosario - villa de aragón,,3,E44599,FFFFFF,,,,,,
metrobus,metrobus_vehicle_positions_enriched,2026-06-15T21:24:36Z,2026-06-15,20260615T212431Z,c7240d07-faca-4772-b939-13de5b59e798,,19470,0.0,20:25:25,20260615,69387,2314,1240010,19.49782943725586,-99.16605377197266,283.0,25.0,90.0,,,,1781558666,2026-06-15 15:24:26-06:00,,,6,L06g01-1 villa de aragón - el rosario,,3,E44599,FFFFFF,,,,,,
metrobus,metrobus_vehicle_positions_enriched,2026-06-15T21:24:36Z,2026-06-15,20260615T212431Z,4a3f7b25-7336-43ab-9113-1a3adb8c75bd,,19564,0.0,20:49:47,20260615,69386,2313,1240009,19.397674560546875,-99.10777282714844,276.0,36.0,129.6,,,,1781558659,2026-06-15 15:24:19-06:00,,,2,L02c02-1 tepalcates - etiopía l3,,3,8D1A96,FFFFFF,,,,,,
metrobus,metrobus_vehicle_positions_enriched,2026-06-15T21:24:36Z,2026-06-15,20260615T212431Z,52f8f238-44e4-4d9d-b315-90c813a4e40c,,19474,0.0,21:15:17,20260615,69385,2312,1240008,19.49324607849121,-99.14530944824219,283.0,5.0,18.0,,,,1781558655,2026-06-15 15:24:15-06:00,,,6,L06g03-1 dep. 18 de marzo - el rosario,,3,E44599,FFFFFF,,,,,,
metrobus,metrobus_vehicle_positions_enriched,2026-06-15T21:24:36Z,2026-06-15,20260615T212431Z,0edfaf05-0fc2-440c-a095-7e3aa229ad48,,19474,0.0,20:57:57,20260615,69383,2310,1240006,19.504844665527344,-99.18810272216797,192.0,14.0,50.4,,,,1781558657,2026-06-15 15:24:17-06:00,,,6,L06g03-1 dep. 18 de marzo - el rosario,,3,E44599,FFFFFF,,,,,,
metrobus,metrobus_vehicle_positions_enriched,2026-06-15T21:24:36Z,2026-06-15,20260615T212431Z,669e3960-6376-4266-bdaf-b0b21139043b,,19470,0.0,21:10:41,20260615,69198,800,1320055,19.467729568481445,-99.0802993774414,189.0,12.0,43.2,,,,1781558655,2026-06-15 15:24:15-06:00,,,6,L06g01-1 villa de aragón - el rosario,,3,E44599,FFFFFF,,,,,,
metrobus,metrobus_vehicle_positions_enriched,2026-06-15T21:24:36Z,2026-06-15,20260615T212431Z,c95e3763-cec8-4c6b-845f-cb2d5f6cab89,,19576,0.0,21:06:50,20260615,69886,801,1280065,19.461645126342773,-99.12744903564453,199.0,23.0,82.8,,,,1781558665,2026-06-15 15:24:25-06:00,,,7,L07h01-1 indios verdes - campo marte,,3,116633,FFFFFF,,,,,,
metrobus,metrobus_vehicle_positions_enriched,2026-06-15T21:24:36Z,2026-06-15,20260615T212431Z,ef2de40d-2b77-454c-860c-b75066b33670,,19576,0.0,20:55:02,20260615,69887,802,1280066,19.444482803344727,-99.13932800292969,246.0,0.0,0.0,,,,1781558662,2026-06-15 15:24:22-06:00,,,7,L07h01-1 indios verdes - campo marte,,3,116633,FFFFFF,,,,,,
metrobus,metrobus_vehicle_positions_enriched,2026-06-15T21:24:36Z,2026-06-15,20260615T212431Z,2e51b542-4ece-43e3-b913-77a8bdffc43f,,,,,,69888,803,1280067,19.50806999206543,-99.17253875732422,244.0,0.0,0.0,,,,1781554854,2026-06-15 14:20:54-06:00,,,,,,,,,,,,,,
metrobus,metrobus_vehicle_positions_enriched,2026-06-15T21:24:36Z,2026-06-15,20260615T212431Z,1b3e5aad-e636-44f4-a9d2-d778bda4e2c5,,,,,,69889,804,1280068,19.4927978515625,-99.1207046508789,326.0,3.0,10.8,,,,1781558651,2026-06-15 15:24:11-06:00,,,,,,,,,,,,,,
metrobus,metrobus_vehicle_positions_enriched,2026-06-15T21:24:36Z,2026-06-15,20260615T212431Z,74683313-83ee-4fe7-87d0-dc705ef9d59c,,19583,1.0,20:33:56,20260615,69890,805,1280069,19.48406410217285,-99.11902618408203,217.0,0.0,0.0,,,,1781558664,2026-06-15 15:24:24-06:00,,,7,L07h04-2 la diana - indios verdes,,3,116633,FFFFFF,,,,,,
metrobus,metrobus_vehicle_positions_enriched,2026-06-15T21:24:36Z,2026-06-15,20260615T212431Z,48adc3b4-5a5d-4ede-b9b4-437b1b28b71c,,19567,1.0,20:58:32,20260615,69392,2319,1230173,19.39335823059082,-99.13368225097656,939.0,26.0,93.60000000000001,,,,1781558664,2026-06-15 15:24:24-06:00,,,2,L02c03-2 col. del valle - tepalcates,,3,8D1A96,FFFFFF,,,,,,
metrobus,metrobus_vehicle_positions_enriched,2026-06-15T21:24:36Z,2026-06-15,20260615T212431Z,94339126-3779-4037-87f7-fa0dd62ee28d,,19566,0.0,21:11:15,20260615,69391,2318,1230172,19.38739013671875,-99.07378387451172,298.0,11.0,39.6,,,,1781558658,2026-06-15 15:24:18-06:00,,,2,L02c03-1 tepalcates - col. del valle,,3,8D1A96,FFFFFF,,,,,,
metrobus,metrobus_vehicle_positions_enriched,2026-06-15T21:24:36Z,2026-06-15,20260615T212431Z,1f76642b-a6a6-499c-b131-ceea298fe99b,,19577,1.0,20:20:30,20260615,69892,807,1280071,19.483930587768555,-99.11906433105469,162.0,0.0,0.0,,,,1781558657,2026-06-15 15:24:17-06:00,,,7,L07h01-2 campo marte - indios verdes,,3,116633,FFFFFF,,,,,,
metrobus,metrobus_vehicle_positions_enriched,2026-06-15T21:24:36Z,2026-06-15,20260615T212431Z,c322e9ff-e96e-418f-94ee-6a9cef2f8420,,19576,0.0,20:20:51,20260615,69893,808,1280072,19.426284790039062,-99.19515228271484,277.0,27.0,97.2,,,,1781558663,2026-06-15 15:24:23-06:00,,,7,L07h01-1 indios verdes - campo marte,,3,116633,FFFFFF,,,,,,
metrobus,metrobus_vehicle_positions_enriched,2026-06-15T21:24:36Z,2026-06-15,20260615T212431Z,432722b5-974c-463f-a40e-948e88bf2cf2,,19566,0.0,21:08:29,20260615,69398,2325,1230182,19.38764762878418,-99.07421875,298.0,0.0,0.0,,,,1781558659,2026-06-15 15:24:19-06:00,,,2,L02c03-1 tepalcates - col. del valle,,3,8D1A96,FFFFFF,,,,,,
metrobus,metrobus_vehicle_positions_enriched,2026-06-15T21:24:36Z,2026-06-15,20260615T212431Z,889c561d-a5ed-415b-b306-248dd323aab3,,19562,1.0,21:09:56,20260615,69397,2324,1230180,19.4012451171875,-99.1681137084961,167.0,0.0,0.0,,,,1781558654,2026-06-15 15:24:14-06:00,,,2,L02c01-2 tacubaya - tepalcates,,3,8D1A96,FFFFFF,,,,,,
metrobus,metrobus_vehicle_positions_enriched,2026-06-15T21:24:36Z,2026-06-15,20260615T212431Z,f7282ca7-a85d-43c7-9814-aff69135206c,,19562,1.0,20:39:47,20260615,69395,2322,1230176,19.38852882385254,-99.08235168457031,124.0,37.0,133.20000000000002,,,,1781558655,2026-06-15 15:24:15-06:00,,,2,L02c01-2 tacubaya - tepalcates,,3,8D1A96,FFFFFF,,,,,,
metrobus,metrobus_vehicle_positions_enriched,2026-06-15T21:24:36Z,2026-06-15,20260615T212431Z,122b8a12-75f8-4c20-9fca-05a38207517a,,,,,,69895,810,1280074,19.508188247680664,-99.17277526855469,477.0,0.0,0.0,,,,1781555908,2026-06-15 14:38:28-06:00,,,,,,,,,,,,,,
metrobus,metrobus_vehicle_positions_enriched,2026-06-15T21:24:36Z,2026-06-15,20260615T212431Z,28b73fdb-fe73-4cdc-96b4-ff7d2e911472,,19563,0.0,20:32:14,20260615,69394,2321,1230175,19.39628791809082,-99.16084289550781,273.0,0.0,0.0,,,,1781558653,2026-06-15 15:24:13-06:00,,,2,L02c01-1 tepalcates - tacubaya,,3,8D1A96,FFFFFF,,,,,,
metrobus,metrobus_vehicle_positions_enriched,2026-06-15T21:24:36Z,2026-06-15,20260615T212431Z,a96dddaf-85c2-4148-b4af-966b08f7174a,,19576,0.0,20:58:51,20260615,69896,811,1280075,19.451011657714844,-99.13272094726562,217.0,28.0,100.8,,,,1781558654,2026-06-15 15:24:14-06:00,,,7,L07h01-1 indios verdes - campo marte,,3,116633,FFFFFF,,,,,,
metrobus,metrobus_vehicle_positions_enriched,2026-06-15T21:24:36Z,2026-06-15,20260615T212431Z,bcb4d3d0-7bab-48bb-85f3-7edda94fbce8,,19576,0.0,20:31:05,20260615,69897,812,1280076,19.4241886138916,-99.1807632446289,277.0,30.0,108.0,,,,1781558667,2026-06-15 15:24:27-06:00,,,7,L07h01-1 indios verdes - campo marte,,3,116633,FFFFFF,,,,,,
metrobus,metrobus_vehicle_positions_enriched,2026-06-15T21:24:36Z,2026-06-15,20260615T212431Z,9e936685-3362-44f3-8679-2794410e8026,,,,,,69898,813,1280077,19.426715850830078,-99.19940185546875,105.0,0.0,0.0,,,,1781558661,2026-06-15 15:24:21-06:00,,,,,,,,,,,,,,
metrobus,metrobus_vehicle_positions_enriched,2026-06-15T21:24:36Z,2026-06-15,20260615T212431Z,4d44d266-0538-4194-b0b5-258b93c0ecc9,,19576,0.0,21:02:45,20260615,69899,814,1280078,19.453323364257812,-99.13081359863281,211.0,0.0,0.0,,,,1781558660,2026-06-15 15:24:20-06:00,,,7,L07h01-1 indios verdes - campo marte,,3,116633,FFFFFF,,,,,,
metrobus,metrobus_vehicle_positions_enriched,2026-06-15T21:24:36Z,2026-06-15,20260615T212431Z,156ba603-f4bc-4d2a-a5f4-f902912f703a,,19577,1.0,20:33:30,20260615,69900,815,1280079,19.462005615234375,-99.12732696533203,203.0,28.0,100.8,,,,1781558668,2026-06-15 15:24:28-06:00,,,7,L07h01-2 campo marte - indios verdes,,3,116633,FFFFFF,,,,,,
metrobus,metrobus_vehicle_positions_enriched,2026-06-15T21:24:36Z,2026-06-15,20260615T212431Z,0b1802b2-2a39-4268-9956-25d32ce5018e,,,,,,69901,816,1280080,19.5081844329834,-99.17231750488281,209.0,0.0,0.0,,,,1781555639,2026-06-15 14:33:59-06:00,,,,,,,,,,,,,,
metrobus,metrobus_vehicle_positions_enriched,2026-06-15T21:24:36Z,2026-06-15,20260615T212431Z,120d7b4a-a708-4ad3-bbc8-75cd74fa025e,,19582,0.0,21:01:05,20260615,69902,817,1280081,19.451051712036133,-99.1326675415039,217.0,0.0,0.0,,,,1781558666,2026-06-15 15:24:26-06:00,,,7,L07h04-1 indios verdes - la diana,,3,116633,FFFFFF,,,,,,
metrobus,metrobus_vehicle_positions_enriched,2026-06-15T21:24:36Z,2026-06-15,20260615T212431Z,b2ba7111-c208-430a-bfa9-482fd761d1da,,19577,1.0,20:39:03,20260615,69903,818,1280082,19.459245681762695,-99.12838745117188,199.0,0.0,0.0,,,,1781558655,2026-06-15 15:24:15-06:00,,,7,L07h01-2 campo marte - indios verdes,,3,116633,FFFFFF,,,,,,
metrobus,metrobus_vehicle_positions_enriched,2026-06-15T21:24:36Z,2026-06-15,20260615T212431Z,5dfb2e8a-b466-4fc4-a2c8-ed8eab54834d,,19576,0.0,20:52:56,20260615,69904,819,1280083,19.44444465637207,-99.13935089111328,247.0,3.0,10.8,,,,1781558660,2026-06-15 15:24:20-06:00,,,7,L07h01-1 indios verdes - campo marte,,3,116633,FFFFFF,,,,,,
metrobus,metrobus_vehicle_positions_enriched,2026-06-15T21:24:36Z,2026-06-15,20260615T212431Z,15568415-576e-44ca-815d-64ad8625e773,,19500,1.0,21:15:05,20260615,69957,1253,1230122,19.292903900146484,-99.17818450927734,294.0,11.0,39.6,,,,1781558662,2026-06-15 15:24:22-06:00,,,1,L01a07-2 el caminero - indios verdes,,3,D40D0D,FFFFFF,,,,,,
metrobus,metrobus_vehicle_positions_enriched,2026-06-15T21:24:36Z,2026-06-15,20260615T212431Z,7390c0e2-a459-4e11-b990-12e9dc45383a,,19562,1.0,20:44:01,20260615,70106,2342,1250020,19.391307830810547,-99.08659362792969,122.0,0.0,0.0,,,,1781558666,2026-06-15 15:24:26-06:00,,,2,L02c01-2 tacubaya - tepalcates,,3,8D1A96,FFFFFF,,,,,,
metrobus,metrobus_vehicle_positions_enriched,2026-06-15T21:24:36Z,2026-06-15,20260615T212431Z,196e48d7-245c-4a9c-b057-7572d57cf631,,19562,1.0,20:37:17,20260615,70105,2341,1250019,19.38623809814453,-99.07898712158203,124.0,38.0,136.8,,,,1781558654,2026-06-15 15:24:14-06:00,,,2,L02c01-2 tacubaya - tepalcates,,3,8D1A96,FFFFFF,,,,,,
metrobus,metrobus_vehicle_positions_enriched,2026-06-15T21:24:36Z,2026-06-15,20260615T212431Z,fa056f7c-8829-4aed-9612-37d2ce16e505,,19498,1.0,20:26:31,20260615,69956,1252,1230120,19.407331466674805,-99.16807556152344,171.0,0.0,0.0,,,,1781558656,2026-06-15 15:24:16-06:00,,,1,L01a03-2 el caminero - buenavista,,3,D40D0D,FFFFFF,,,,,,
metrobus,metrobus_vehicle_positions_enriched,2026-06-15T21:24:36Z,2026-06-15,20260615T212431Z,330a7be5-8648-4c4b-a490-69bcbbb7d1fd,,19564,0.0,20:43:52,20260615,70104,2340,1250018,19.398115158081055,-99.1229248046875,268.0,22.0,79.2,,,,1781558663,2026-06-15 15:24:23-06:00,,,2,L02c02-1 tepalcates - etiopía l3,,3,8D1A96,FFFFFF,,,,,,
metrobus,metrobus_vehicle_positions_enriched,2026-06-15T21:24:36Z,2026-06-15,20260615T212431Z,8fbe2888-571c-4384-bc9c-5e4084f96f75,,19498,1.0,21:07:44,20260615,69955,1251,1230119,19.320419311523438,-99.18814086914062,353.0,55.0,198.0,,,,1781558658,2026-06-15 15:24:18-06:00,,,1,L01a03-2 el caminero - buenavista,,3,D40D0D,FFFFFF,,,,,,
metrobus,metrobus_vehicle_positions_enriched,2026-06-15T21:24:36Z,2026-06-15,20260615T212431Z,adda2898-5fa6-4b27-bc55-e4d14d9586fb,,19565,1.0,21:22:52,20260615,70103,2339,1250017,19.395620346069336,-99.15166473388672,939.0,9.0,32.4,,,,1781558663,2026-06-15 15:24:23-06:00,,,2,L02c02-2 etiopía l3 - tepalcates,,3,8D1A96,FFFFFF,,,,,,
metrobus,metrobus_vehicle_positions_enriched,2026-06-15T21:24:36Z,2026-06-15,20260615T212431Z,69e9c2fb-4a1b-4c97-b8fc-4c929f206877,,19566,0.0,21:02:55,20260615,69401,2337,1230170,19.38692283630371,-99.07984924316406,304.0,3.0,10.8,,,,1781558656,2026-06-15 15:24:16-06:00,,,2,L02c03-1 tepalcates - col. del valle,,3,8D1A96,FFFFFF,,,,,,
metrobus,metrobus_vehicle_positions_enriched,2026-06-15T21:24:36Z,2026-06-15,20260615T212431Z,020af58c-fce7-462b-9fe9-4f49769b045f,,19562,1.0,21:01:00,20260615,69400,2336,1230187,19.39464569091797,-99.1424331665039,982.0,0.0,0.0,,,,1781558663,2026-06-15 15:24:23-06:00,,,2,L02c01-2 tacubaya - tepalcates,,3,8D1A96,FFFFFF,,,,,,
metrobus,metrobus_vehicle_positions_enriched,2026-06-15T21:24:36Z,2026-06-15,20260615T212431Z,5ebf30cc-3d7d-4896-a673-10e7abd9c6d4,,19563,0.0,21:07:16,20260615,69399,2335,1230184,19.387855529785156,-99.07461547851562,298.0,0.0,0.0,,,,1781558661,2026-06-15 15:24:21-06:00,,,2,L02c01-1 tepalcates - tacubaya,,3,8D1A96,FFFFFF,,,,,,
metrobus,metrobus_vehicle_positions_enriched,2026-06-15T21:24:36Z,2026-06-15,20260615T212431Z,23f144fb-1fbe-4c0f-ba85-708c406970ef,,19578,0.0,21:23:04,20260615,69905,820,1280084,19.488740921020508,-99.11683654785156,287.0,21.0,75.60000000000001,,,,1781558659,2026-06-15 15:24:19-06:00,,,7,L07h02-1 hospital infantil - campo marte,,3,116633,FFFFFF,,,,,,
metrobus,metrobus_vehicle_positions_enriched,2026-06-15T21:24:36Z,2026-06-15,20260615T212431Z,ce0ae5b2-18a2-4d71-94ce-1855e62c6ee9,,19577,1.0,21:04:33,20260615,69906,821,1280085,19.431198120117188,-99.158447265625,489.0,0.0,0.0,,,,1781558649,2026-06-15 15:24:09-06:00,,,7,L07h01-2 campo marte - indios verdes,,3,116633,FFFFFF,,,,,,
metrobus,metrobus_vehicle_positions_enriched,2026-06-15T21:24:36Z,2026-06-15,20260615T212431Z,a4ec90f3-8438-47ca-8cb0-59a7de499ed0,,19576,0.0,21:20:50,20260615,69908,823,1280087,19.485977172851562,-99.1182861328125,198.0,38.0,136.8,,,,1781558661,2026-06-15 15:24:21-06:00,,,7,L07h01-1 indios verdes - campo marte,,3,116633,FFFFFF,,,,,,
metrobus,metrobus_vehicle_positions_enriched,2026-06-15T21:24:36Z,2026-06-15,20260615T212431Z,89169023-b3a3-4f2c-9deb-2931169035db,,19583,1.0,20:36:35,20260615,69909,824,1280088,19.48108673095703,-99.12015533447266,198.0,12.0,43.2,,,,1781558656,2026-06-15 15:24:16-06:00,,,7,L07h04-2 la diana - indios verdes,,3,116633,FFFFFF,,,,,,
metrobus,metrobus_vehicle_positions_enriched,2026-06-15T21:24:36Z,2026-06-15,20260615T212431Z,a1e9bb8d-7428-4cfe-89c6-67f0d2ec4ce6,,19582,0.0,20:48:51,20260615,69910,825,1280089,19.43790626525879,-99.1462631225586,226.0,4.0,14.4,,,,1781558655,2026-06-15 15:24:15-06:00,,,7,L07h04-1 indios verdes - la diana,,3,116633,FFFFFF,,,,,,
metrobus,metrobus_vehicle_positions_enriched,2026-06-15T21:24:36Z,2026-06-15,20260615T212431Z,fc78af15-cfb0-4845-9b3d-404cfdcb910b,,19583,1.0,20:57:09,20260615,69911,826,1280090,19.450456619262695,-99.1328125,367.0,0.0,0.0,,,,1781558664,2026-06-15 15:24:24-06:00,,,7,L07h04-2 la diana - indios verdes,,3,116633,FFFFFF,,,,,,
metrobus,metrobus_vehicle_positions_enriched,2026-06-15T21:24:36Z,2026-06-15,20260615T212431Z,76e67f8f-2466-4c99-aa64-bae8446a8e49,,19577,1.0,21:09:05,20260615,69912,827,1280091,19.42816734313965,-99.16751861572266,647.0,44.0,158.4,,,,1781558664,2026-06-15 15:24:24-06:00,,,7,L07h01-2 campo marte - indios verdes,,3,116633,FFFFFF,,,,,,
metrobus,metrobus_vehicle_positions_enriched,2026-06-15T21:24:36Z,2026-06-15,20260615T212431Z,a569810b-9011-4d2f-b6c1-0f3282323079,,19579,1.0,20:33:25,20260615,69913,828,1280092,19.467260360717773,-99.12530517578125,195.0,13.0,46.800000000000004,,,,1781558663,2026-06-15 15:24:23-06:00,,,7,L07h02-2 campo marte - hospital infantil,,3,116633,FFFFFF,,,,,,
metrobus,metrobus_vehicle_positions_enriched,2026-06-15T21:24:36Z,2026-06-15,20260615T212431Z,7c9114b5-92fc-4263-b109-d2f910c2f43a,,19577,1.0,20:11:52,20260615,69914,829,1280093,19.48855209350586,-99.11616516113281,288.0,25.0,90.0,,,,1781558651,2026-06-15 15:24:11-06:00,,,7,L07h01-2 campo marte - indios verdes,,3,116633,FFFFFF,,,,,,
metrobus,metrobus_vehicle_positions_enriched,2026-06-15T21:24:36Z,2026-06-15,20260615T212431Z,e62c6f3d-6748-4fc5-8ea4-067e208a0ec5,,19567,1.0,20:52:56,20260615,69695,2353,1250032,19.397981643676758,-99.12639617919922,854.0,48.0,172.8,,,,1781558659,2026-06-15 15:24:19-06:00,,,2,L02c03-2 col. del valle - tepalcates,,3,8D1A96,FFFFFF,,,,,,
metrobus,metrobus_vehicle_positions_enriched,2026-06-15T21:24:36Z,2026-06-15,20260615T212431Z,969ebc48-8792-4a43-ae38-0aec62620615,,19491,1.0,21:21:27,20260615,69463,1022,1230063,19.35016441345215,-99.18656158447266,173.0,0.0,0.0,,,,1781558655,2026-06-15 15:24:15-06:00,,,1,L01a01-2 dr. gálvez - indios verdes,,3,D40D0D,FFFFFF,,,,,,
metrobus,metrobus_vehicle_positions_enriched,2026-06-15T21:24:36Z,2026-06-15,20260615T212431Z,57283150-4e7d-4e28-b0a4-81ce85f0d199,,19498,1.0,20:20:59,20260615,69968,1264,1230128,19.42003059387207,-99.16399383544922,157.0,0.0,0.0,,,,1781558656,2026-06-15 15:24:16-06:00,,,1,L01a03-2 el caminero - buenavista,,3,D40D0D,FFFFFF,,,,,,
metrobus,metrobus_vehicle_positions_enriched,2026-06-15T21:24:36Z,2026-06-15,20260615T212431Z,5d14c3ad-b29d-4fb8-87f3-ad47114488ca,,19499,0.0,20:08:58,20260615,69462,1021,1230062,19.31645965576172,-99.18775177001953,173.0,36.0,129.6,,,,1781558653,2026-06-15 15:24:13-06:00,,,1,L01a07-1 indios verdes - el caminero,,3,D40D0D,FFFFFF,,,,,,
metrobus,metrobus_vehicle_positions_enriched,2026-06-15T21:24:36Z,2026-06-15,20260615T212431Z,343a4cf3-4f06-467b-8b65-8d4cfbd83a3f,,,,,,69694,2352,1250128,19.388416290283203,-99.0595474243164,0.0,0.0,0.0,,,,1781505094,2026-06-15 00:31:34-06:00,,,,,,,,,,,,,,
metrobus,metrobus_vehicle_positions_enriched,2026-06-15T21:24:36Z,2026-06-15,20260615T212431Z,7c3403a9-87ab-4515-9664-80ee9b1520e3,,19498,1.0,20:05:57,20260615,69967,1263,1230127,19.44618034362793,-99.15321350097656,112.0,0.0,0.0,,,,1781558663,2026-06-15 15:24:23-06:00,,,1,L01a03-2 el caminero - buenavista,,3,D40D0D,FFFFFF,,,,,,
metrobus,metrobus_vehicle_positions_enriched,2026-06-15T21:24:36Z,2026-06-15,20260615T212431Z,e8dd9b43-4d9c-4b90-95bb-d417ad22046b,,19567,1.0,20:46:41,20260615,69693,2351,EXTRAVIADA,19.396520614624023,-99.09585571289062,972.0,0.0,0.0,,,,1781558662,2026-06-15 15:24:22-06:00,,,2,L02c03-2 col. del valle - tepalcates,,3,8D1A96,FFFFFF,,,,,,
metrobus,metrobus_vehicle_positions_enriched,2026-06-15T21:24:36Z,2026-06-15,20260615T212431Z,29bff8e1-7c4b-4ad0-9a4c-225f46736dfd,,19497,0.0,21:06:56,20260615,69461,1020,1230061,19.416166305541992,-99.16526794433594,197.0,0.0,0.0,,,,1781558661,2026-06-15 15:24:21-06:00,,,1,L01a03-1 buenavista - el caminero,,3,D40D0D,FFFFFF,,,,,,
metrobus,metrobus_vehicle_positions_enriched,2026-06-15T21:24:36Z,2026-06-15,20260615T212431Z,775b2d87-ba08-4252-a3f9-10081000627d,,19498,1.0,20:18:50,20260615,69966,1262,1230123,19.42544937133789,-99.1622543334961,225.0,0.0,0.0,,,,1781558662,2026-06-15 15:24:22-06:00,,,1,L01a03-2 el caminero - buenavista,,3,D40D0D,FFFFFF,,,,,,
metrobus,metrobus_vehicle_positions_enriched,2026-06-15T21:24:36Z,2026-06-15,20260615T212431Z,1a06ee82-3b22-4d5e-8299-b8e1837d667b,,19562,1.0,20:26:14,20260615,70111,2350,1250010,19.390949249267578,-99.05947875976562,910.0,40.0,144.0,,,,1781558655,2026-06-15 15:24:15-06:00,,,2,L02c01-2 tacubaya - tepalcates,,3,8D1A96,FFFFFF,,,,,,
metrobus,metrobus_vehicle_positions_enriched,2026-06-15T21:24:36Z,2026-06-15,20260615T212431Z,e8b80388-a524-475b-808d-b8b8272c1ad9,,19499,0.0,20:53:44,20260615,69965,1261,1230116,19.41327476501465,-99.16618347167969,197.0,0.0,0.0,,,,1781558661,2026-06-15 15:24:21-06:00,,,1,L01a07-1 indios verdes - el caminero,,3,D40D0D,FFFFFF,,,,,,
metrobus,metrobus_vehicle_positions_enriched,2026-06-15T21:24:36Z,2026-06-15,20260615T212431Z,8504e7b7-1643-48be-9132-adc3d143985f,,19500,1.0,20:12:06,20260615,69964,1260,1230143,19.428884506225586,-99.16056823730469,219.0,33.0,118.8,,,,1781558664,2026-06-15 15:24:24-06:00,,,1,L01a07-2 el caminero - indios verdes,,3,D40D0D,FFFFFF,,,,,,
metrobus,metrobus_vehicle_positions_enriched,2026-06-15T21:24:36Z,2026-06-15,20260615T212431Z,fcaba2cc-1d46-47e3-b549-7148a31f983f,,,,,,69460,1019,1230060,19.49751853942871,-99.1197280883789,190.0,0.0,0.0,,,,1781558653,2026-06-15 15:24:13-06:00,,,,,,,,,,,,,,
metrobus,metrobus_vehicle_positions_enriched,2026-06-15T21:24:36Z,2026-06-15,20260615T212431Z,0b9f8854-3743-4671-b9cd-52c19312a5b3,,19498,1.0,20:07:52,20260615,69459,1018,1230059,19.436325073242188,-99.15714263916016,223.0,0.0,0.0,,,,1781558664,2026-06-15 15:24:24-06:00,,,1,L01a03-2 el caminero - buenavista,,3,D40D0D,FFFFFF,,,,,,
metrobus,metrobus_vehicle_positions_enriched,2026-06-15T21:24:36Z,2026-06-15,20260615T212431Z,e704d716-d15d-4f2a-98a6-6da061d4015f,,19566,0.0,21:20:04,20260615,70110,2349,1250027,19.386362075805664,-99.05409240722656,306.0,19.0,68.4,,,,1781558660,2026-06-15 15:24:20-06:00,,,2,L02c03-1 tepalcates - col. del valle,,3,8D1A96,FFFFFF,,,,,,
metrobus,metrobus_vehicle_positions_enriched,2026-06-15T21:24:36Z,2026-06-15,20260615T212431Z,11f83701-ed08-4939-a77a-5ed517b35da6,,19567,1.0,21:03:09,20260615,70109,2348,1250026,19.395200729370117,-99.1462631225586,945.0,0.0,0.0,,,,1781558654,2026-06-15 15:24:14-06:00,,,2,L02c03-2 col. del valle - tepalcates,,3,8D1A96,FFFFFF,,,,,,
metrobus,metrobus_vehicle_positions_enriched,2026-06-15T21:24:36Z,2026-06-15,20260615T212431Z,e35578d5-7610-453d-aea0-9fe79327759b,,19500,1.0,20:41:55,20260615,69963,1259,1230142,19.375957489013672,-99.17822265625,167.0,30.0,108.0,,,,1781558662,2026-06-15 15:24:22-06:00,,,1,L01a07-2 el caminero - indios verdes,,3,D40D0D,FFFFFF,,,,,,
metrobus,metrobus_vehicle_positions_enriched,2026-06-15T21:24:36Z,2026-06-15,20260615T212431Z,3ec92dfc-2782-4560-b68e-d691414c0825,,19564,0.0,21:20:00,20260615,70108,2347,1250025,19.385160446166992,-99.05192565917969,209.0,0.0,0.0,,,,1781558657,2026-06-15 15:24:17-06:00,,,2,L02c02-1 tepalcates - etiopía l3,,3,8D1A96,FFFFFF,,,,,,
metrobus,metrobus_vehicle_positions_enriched,2026-06-15T21:24:36Z,2026-06-15,20260615T212431Z,3b99af2f-973f-4c8c-a57d-c02b8d9f5edb,,19498,1.0,20:54:52,20260615,69962,1258,1230141,19.355745315551758,-99.1847152709961,182.0,0.0,0.0,,,,1781558653,2026-06-15 15:24:13-06:00,,,1,L01a03-2 el caminero - buenavista,,3,D40D0D,FFFFFF,,,,,,
metrobus,metrobus_vehicle_positions_enriched,2026-06-15T21:24:36Z,2026-06-15,20260615T212431Z,5ec54911-b966-47f9-834a-03d8a33a2a6d,,19562,1.0,20:37:10,20260615,70107,2346,1250024,19.384492874145508,-99.0762939453125,123.0,0.0,0.0,,,,1781558655,2026-06-15 15:24:15-06:00,,,2,L02c01-2 tacubaya - tepalcates,,3,8D1A96,FFFFFF,,,,,,
metrobus,metrobus_vehicle_positions_enriched,2026-06-15T21:24:36Z,2026-06-15,20260615T212431Z,50389a74-46d3-494e-b6b0-a83c71b3e881,,19500,1.0,20:58:23,20260615,69961,1257,1230132,19.34141731262207,-99.1897201538086,213.0,0.0,0.0,,,,1781558655,2026-06-15 15:24:15-06:00,,,1,L01a07-2 el caminero - indios verdes,,3,D40D0D,FFFFFF,,,,,,
metrobus,metrobus_vehicle_positions_enriched,2026-06-15T21:24:36Z,2026-06-15,20260615T212431Z,db32a9f6-1edf-4f2c-b076-470a00660d8d,,,,,,70002,1015,1210367,19.385597229003906,-99.0457992553711,115.0,0.0,0.0,,,,1781535151,2026-06-15 08:52:31-06:00,,,,,,,,,,,,,,
metrobus,metrobus_vehicle_positions_enriched,2026-06-15T21:24:36Z,2026-06-15,20260615T212431Z,71e47f00-0d7c-4322-ac30-c15c0e26d26e,,19498,1.0,20:36:26,20260615,69960,1256,1230130,19.389284133911133,-99.173828125,16.0,0.0,0.0,,,,1781558668,2026-06-15 15:24:28-06:00,,,1,L01a03-2 el caminero - buenavista,,3,D40D0D,FFFFFF,,,,,,
metrobus,metrobus_vehicle_positions_enriched,2026-06-15T21:24:36Z,2026-06-15,20260615T212431Z,c98c601d-3bd6-4a2d-a5a1-07c7d7543d8d,,19576,0.0,17:43:39,20260615,69915,830,1280094,19.42593002319336,-99.19368743896484,999.0,0.0,0.0,,,,1781549521,2026-06-15 12:52:01-06:00,,,7,L07h01-1 indios verdes - campo marte,,3,116633,FFFFFF,,,,,,
metrobus,metrobus_vehicle_positions_enriched,2026-06-15T21:24:36Z,2026-06-15,20260615T212431Z,c7ac6739-b412-4404-b8b6-7beed355af56,,19564,0.0,21:00:25,20260615,70079,2345,1250022,19.387123107910156,-99.08016204833984,305.0,13.0,46.800000000000004,,,,1781558657,2026-06-15 15:24:17-06:00,,,2,L02c02-1 tepalcates - etiopía l3,,3,8D1A96,FFFFFF,,,,,,
metrobus,metrobus_vehicle_positions_enriched,2026-06-15T21:24:36Z,2026-06-15,20260615T212431Z,9e79d966-88af-4092-8305-c8c312b44a06,,19565,1.0,21:02:08,20260615,70078,2344,1250023,19.39388084411621,-99.09032440185547,124.0,0.0,0.0,,,,1781558654,2026-06-15 15:24:14-06:00,,,2,L02c02-2 etiopía l3 - tepalcates,,3,8D1A96,FFFFFF,,,,,,
metrobus,metrobus_vehicle_positions_enriched,2026-06-15T21:24:36Z,2026-06-15,20260615T212431Z,b4974a03-84ab-4871-8928-90f2aa60359c,,19499,0.0,19:51:51,20260615,69959,1255,1230125,19.2799072265625,-99.1692123413086,115.0,11.0,39.6,,,,1781558656,2026-06-15 15:24:16-06:00,,,1,L01a07-1 indios verdes - el caminero,,3,D40D0D,FFFFFF,,,,,,
metrobus,metrobus_vehicle_positions_enriched,2026-06-15T21:24:36Z,2026-06-15,20260615T212431Z,47ccdc9f-d605-4ef2-b11c-650d690aff91,,19582,0.0,21:03:04,20260615,69916,831,1280095,19.461551666259766,-99.12761688232422,201.0,27.0,97.2,,,,1781558665,2026-06-15 15:24:25-06:00,,,7,L07h04-1 indios verdes - la diana,,3,116633,FFFFFF,,,,,,
metrobus,metrobus_vehicle_positions_enriched,2026-06-15T21:24:36Z,2026-06-15,20260615T212431Z,34ce08ed-ee8e-4423-b1cb-bd5ef4cbdd0c,,19563,0.0,21:23:38,20260615,70077,2343,1250021,19.389232635498047,-99.04944610595703,209.0,19.0,68.4,,,,1781558665,2026-06-15 15:24:25-06:00,,,2,L02c01-1 tepalcates - tacubaya,,3,8D1A96,FFFFFF,,,,,,
metrobus,metrobus_vehicle_positions_enriched,2026-06-15T21:24:36Z,2026-06-15,20260615T212431Z,a037c7f3-3e12-48ad-ba00-9bad5dd97643,,19576,0.0,20:40:55,20260615,69917,832,1280096,19.43003273010254,-99.16155242919922,246.0,0.0,0.0,,,,1781558667,2026-06-15 15:24:27-06:00,,,7,L07h01-1 indios verdes - campo marte,,3,116633,FFFFFF,,,,,,
metrobus,metrobus_vehicle_positions_enriched,2026-06-15T21:24:36Z,2026-06-15,20260615T212431Z,fd316c8d-0c38-4eef-a556-26855a026304,,19500,1.0,20:53:22,20260615,69958,1254,1230124,19.354808807373047,-99.18505859375,183.0,0.0,0.0,,,,1781558655,2026-06-15 15:24:15-06:00,,,1,L01a07-2 el caminero - indios verdes,,3,D40D0D,FFFFFF,,,,,,
metrobus,metrobus_vehicle_positions_enriched,2026-06-15T21:24:36Z,2026-06-15,20260615T212431Z,c5664f99-7b4c-49fb-a5db-3c297a848f14,,19583,1.0,20:25:09,20260615,69918,833,1280097,19.491209030151367,-99.11957550048828,312.0,0.0,0.0,,,,1781558653,2026-06-15 15:24:13-06:00,,,7,L07h04-2 la diana - indios verdes,,3,116633,FFFFFF,,,,,,
metrobus,metrobus_vehicle_positions_enriched,2026-06-15T21:24:36Z,2026-06-15,20260615T212431Z,eda9e692-f2d4-4c2b-a766-8f7c2c1f5c27,,19576,0.0,20:35:06,20260615,69919,834,1280098,19.428180694580078,-99.16513061523438,239.0,0.0,0.0,,,,1781558659,2026-06-15 15:24:19-06:00,,,7,L07h01-1 indios verdes - campo marte,,3,116633,FFFFFF,,,,,,
metrobus,metrobus_vehicle_positions_enriched,2026-06-15T21:24:36Z,2026-06-15,20260615T212431Z,87c4fb73-60eb-4130-9afb-2ec74293bd74,,19582,0.0,21:04:57,20260615,69920,835,1280099,19.45368194580078,-99.13064575195312,208.0,0.0,0.0,,,,1781558658,2026-06-15 15:24:18-06:00,,,7,L07h04-1 indios verdes - la diana,,3,116633,FFFFFF,,,,,,
metrobus,metrobus_vehicle_positions_enriched,2026-06-15T21:24:36Z,2026-06-15,20260615T212431Z,0dccf08b-f4a6-405f-895a-5aa604de627e,,19577,1.0,20:42:30,20260615,69921,836,1280100,19.45456886291504,-99.13018035888672,198.0,28.0,100.8,,,,1781558651,2026-06-15 15:24:11-06:00,,,7,L07h01-2 campo marte - indios verdes,,3,116633,FFFFFF,,,,,,
metrobus,metrobus_vehicle_positions_enriched,2026-06-15T21:24:36Z,2026-06-15,20260615T212431Z,c2205590-6ce3-4096-8006-149070d563ce,,,,,,69922,837,1280101,19.508197784423828,-99.17243194580078,0.0,0.0,0.0,,,,1781508678,2026-06-15 01:31:18-06:00,,,,,,,,,,,,,,
metrobus,metrobus_vehicle_positions_enriched,2026-06-15T21:24:36Z,2026-06-15,20260615T212431Z,9d288597-ff35-440f-a882-a24b391d47fb,,,,,,69923,838,1280152,19.508390426635742,-99.172607421875,0.0,0.0,0.0,,,,1779906830,2026-05-27 12:33:50-06:00,,,,,,,,,,,,,,
metrobus,metrobus_vehicle_positions_enriched,2026-06-15T21:24:36Z,2026-06-15,20260615T212431Z,6be230f0-e5d2-49a3-9916-fc8f305cab90,,19576,0.0,20:51:19,20260615,69924,839,1280153,19.440340042114258,-99.14370727539062,218.0,34.0,122.4,,,,1781558652,2026-06-15 15:24:12-06:00,,,7,L07h01-1 indios verdes - campo marte,,3,116633,FFFFFF,,,,,,
metrobus,metrobus_vehicle_positions_enriched,2026-06-15T21:24:36Z,2026-06-15,20260615T212431Z,4dcb3452-9e99-488b-bc1c-2305b5be5240,,19492,0.0,20:58:47,20260615,69474,1033,1230074,19.427501678466797,-99.16131591796875,204.0,0.0,0.0,,,,1781558663,2026-06-15 15:24:23-06:00,,,1,L01a01-1 indios verdes - dr. gálvez,,3,D40D0D,FFFFFF,,,,,,
metrobus,metrobus_vehicle_positions_enriched,2026-06-15T21:24:36Z,2026-06-15,20260615T212431Z,ff7ec6a0-9da0-43e3-bb56-17a9a14c9cbe,,,,,,69706,2364,1250137,19.38854217529297,-99.05927276611328,0.0,0.0,0.0,,,,1781557529,2026-06-15 15:05:29-06:00,,,,,,,,,,,,,,
metrobus,metrobus_vehicle_positions_enriched,2026-06-15T21:24:36Z,2026-06-15,20260615T212431Z,be69dff4-f1df-41f1-ba82-953da9de522c,,19563,0.0,20:12:22,20260615,69705,2363,1250121,19.405818939208984,-99.1780014038086,289.0,0.0,0.0,,,,1781558668,2026-06-15 15:24:28-06:00,,,2,L02c01-1 tepalcates - tacubaya,,3,8D1A96,FFFFFF,,,,,,
metrobus,metrobus_vehicle_positions_enriched,2026-06-15T21:24:36Z,2026-06-15,20260615T212431Z,a1827e21-7306-4879-a854-6139eb390031,,19500,1.0,20:07:43,20260615,69473,1032,1230073,19.440561294555664,-99.15526580810547,221.0,0.0,0.0,,,,1781558658,2026-06-15 15:24:18-06:00,,,1,L01a07-2 el caminero - indios verdes,,3,D40D0D,FFFFFF,,,,,,
metrobus,metrobus_vehicle_positions_enriched,2026-06-15T21:24:36Z,2026-06-15,20260615T212431Z,f7f0bd5f-4289-4d4a-8e3d-8b8a95558805,,19563,0.0,20:42:50,20260615,69704,2362,1250120,19.397905349731445,-99.1283950805664,265.0,40.0,144.0,,,,1781558641,2026-06-15 15:24:01-06:00,,,2,L02c01-1 tepalcates - tacubaya,,3,8D1A96,FFFFFF,,,,,,
metrobus,metrobus_vehicle_positions_enriched,2026-06-15T21:24:36Z,2026-06-15,20260615T212431Z,084028e8-47cd-419a-b5c7-c92f3067c0cd,,19493,1.0,21:21:59,20260615,69472,1031,1230072,19.4268741607666,-99.1614990234375,236.0,0.0,0.0,,,,1781558654,2026-06-15 15:24:14-06:00,,,1,L01a02-2 insurgentes - indios verdes,,3,D40D0D,FFFFFF,,,,,,
metrobus,metrobus_vehicle_positions_enriched,2026-06-15T21:24:36Z,2026-06-15,20260615T212431Z,10e1d067-b585-479b-9977-0b5c48c9dd35,,19567,1.0,20:33:21,20260615,69703,2361,1250033,19.384328842163086,-99.07164001464844,992.0,33.0,118.8,,,,1781558669,2026-06-15 15:24:29-06:00,,,2,L02c03-2 col. del valle - tepalcates,,3,8D1A96,FFFFFF,,,,,,
metrobus,metrobus_vehicle_positions_enriched,2026-06-15T21:24:36Z,2026-06-15,20260615T212431Z,a705146b-a81a-43d8-b48c-3a9bdc330ba8,,19491,1.0,20:24:52,20260615,69471,1030,1230071,19.427120208740234,-99.16132354736328,252.0,18.0,64.8,,,,1781558554,2026-06-15 15:22:34-06:00,,,1,L01a01-2 dr. gálvez - indios verdes,,3,D40D0D,FFFFFF,,,,,,
metrobus,metrobus_vehicle_positions_enriched,2026-06-15T21:24:36Z,2026-06-15,20260615T212431Z,7508214d-504c-4ce1-8eda-ea90fd9e8d94,,,,,,69702,2360,1250136,19.386075973510742,-99.05363464355469,304.0,18.0,64.8,,,,1781558656,2026-06-15 15:24:16-06:00,,,,,,,,,,,,,,
metrobus,metrobus_vehicle_positions_enriched,2026-06-15T21:24:36Z,2026-06-15,20260615T212431Z,0e1f1ba7-9e20-46bf-84cc-3b07f6cfb322,,,,,,69470,1029,1230070,19.424976348876953,-99.1622314453125,0.0,0.0,0.0,,,,1781558657,2026-06-15 15:24:17-06:00,,,,,,,,,,,,,,
metrobus,metrobus_vehicle_positions_enriched,2026-06-15T21:24:36Z,2026-06-15,20260615T212431Z,62731938-b565-49bc-9f07-a51c43c3ea86,,19500,1.0,19:59:41,20260615,69469,1028,1230069,19.45391273498535,-99.15174865722656,108.0,40.0,144.0,,,,1781558658,2026-06-15 15:24:18-06:00,,,1,L01a07-2 el caminero - indios verdes,,3,D40D0D,FFFFFF,,,,,,
metrobus,metrobus_vehicle_positions_enriched,2026-06-15T21:24:36Z,2026-06-15,20260615T212431Z,4dd7ff8e-c598-46ca-8335-4df2a6a27857,,19567,1.0,20:59:26,20260615,69701,2359,1250135,19.39385986328125,-99.1373291015625,984.0,34.0,122.4,,,,1781558657,2026-06-15 15:24:17-06:00,,,2,L02c03-2 col. del valle - tepalcates,,3,8D1A96,FFFFFF,,,,,,
metrobus,metrobus_vehicle_positions_enriched,2026-06-15T21:24:36Z,2026-06-15,20260615T212431Z,af01ca8b-eed3-4a3b-a166-b1ba2244594a,,19497,0.0,20:05:21,20260615,69468,1027,1230068,19.280187606811523,-99.16973876953125,114.0,0.0,0.0,,,,1781558666,2026-06-15 15:24:26-06:00,,,1,L01a03-1 buenavista - el caminero,,3,D40D0D,FFFFFF,,,,,,
metrobus,metrobus_vehicle_positions_enriched,2026-06-15T21:24:36Z,2026-06-15,20260615T212431Z,6dbaf1e0-f306-448a-83c2-27187ae2e7a3,,19566,0.0,20:32:13,20260615,69700,2358,1250133,19.39641761779785,-99.16162872314453,282.0,0.0,0.0,,,,1781558651,2026-06-15 15:24:11-06:00,,,2,L02c03-1 tepalcates - col. del valle,,3,8D1A96,FFFFFF,,,,,,
metrobus,metrobus_vehicle_positions_enriched,2026-06-15T21:24:36Z,2026-06-15,20260615T212431Z,ee63d188-4563-43df-babb-22fee346a800,,19499,0.0,20:45:47,20260615,69467,1026,1230067,19.398479461669922,-99.1710205078125,197.0,0.0,0.0,,,,1781558667,2026-06-15 15:24:27-06:00,,,1,L01a07-1 indios verdes - el caminero,,3,D40D0D,FFFFFF,,,,,,
metrobus,metrobus_vehicle_positions_enriched,2026-06-15T21:24:36Z,2026-06-15,20260615T212431Z,4e695256-96cb-4fef-b10e-c1c701325b5e,,19577,1.0,20:56:48,20260615,69925,840,1280154,19.43470573425293,-99.15104675292969,649.0,37.0,133.20000000000002,,,,1781558665,2026-06-15 15:24:25-06:00,,,7,L07h01-2 campo marte - indios verdes,,3,116633,FFFFFF,,,,,,
metrobus,metrobus_vehicle_positions_enriched,2026-06-15T21:24:36Z,2026-06-15,20260615T212431Z,c4e64c72-af0c-495f-9f0a-3badab3afd9a,,19563,0.0,20:47:43,20260615,69699,2357,1250129,19.39827537536621,-99.11819458007812,267.0,39.0,140.4,,,,1781558663,2026-06-15 15:24:23-06:00,,,2,L02c01-1 tepalcates - tacubaya,,3,8D1A96,FFFFFF,,,,,,
metrobus,metrobus_vehicle_positions_enriched,2026-06-15T21:24:36Z,2026-06-15,20260615T212431Z,8a8a238e-0cbf-4a71-801d-efad1a2c859a,,,,,,69926,841,1280155,19.425655364990234,-99.17095947265625,882.0,0.0,0.0,,,,1781558658,2026-06-15 15:24:18-06:00,,,,,,,,,,,,,,
metrobus,metrobus_vehicle_positions_enriched,2026-06-15T21:24:36Z,2026-06-15,20260615T212431Z,c7ab3b28-23b0-47c4-b60c-4e13292a10fa,,,,,,69698,2356,1250132,19.383337020874023,-99.06062316894531,970.0,0.0,0.0,,,,1781558666,2026-06-15 15:24:26-06:00,,,,,,,,,,,,,,
metrobus,metrobus_vehicle_positions_enriched,2026-06-15T21:24:36Z,2026-06-15,20260615T212431Z,9764c0c4-f5be-449d-9869-522b5972ea5a,,,,,,69466,1025,1230066,19.49352264404297,-99.11982727050781,171.0,24.0,86.4,,,,1781558665,2026-06-15 15:24:25-06:00,,,,,,,,,,,,,,
metrobus,metrobus_vehicle_positions_enriched,2026-06-15T21:24:36Z,2026-06-15,20260615T212431Z,c6e947fd-b061-47b4-b8a1-52cddd3c6ad7,,19500,1.0,19:53:08,20260615,69971,1267,1230131,19.475910186767578,-99.1329116821289,398.0,39.0,140.4,,,,1781558627,2026-06-15 15:23:47-06:00,,,1,L01a07-2 el caminero - indios verdes,,3,D40D0D,FFFFFF,,,,,,
metrobus,metrobus_vehicle_positions_enriched,2026-06-15T21:24:36Z,2026-06-15,20260615T212431Z,f50d65ce-bcf6-47c0-b8ec-a59d7d54db94,,19500,1.0,20:40:40,20260615,69970,1266,1230113,19.382230758666992,-99.17613983154297,184.0,0.0,0.0,,,,1781558636,2026-06-15 15:23:56-06:00,,,1,L01a07-2 el caminero - indios verdes,,3,D40D0D,FFFFFF,,,,,,
metrobus,metrobus_vehicle_positions_enriched,2026-06-15T21:24:36Z,2026-06-15,20260615T212431Z,d3b48dca-72a9-4df9-aad5-9af963ffe474,,19583,1.0,20:30:08,20260615,69927,842,1280156,19.48312759399414,-99.11402893066406,171.0,0.0,0.0,,,,1781558657,2026-06-15 15:24:17-06:00,,,7,L07h04-2 la diana - indios verdes,,3,116633,FFFFFF,,,,,,
metrobus,metrobus_vehicle_positions_enriched,2026-06-15T21:24:36Z,2026-06-15,20260615T212431Z,b5295294-20f2-4426-b69d-88153e901315,,19498,1.0,20:29:08,20260615,69465,1024,1230065,19.405719757080078,-99.16854095458984,174.0,9.0,32.4,,,,1781558662,2026-06-15 15:24:22-06:00,,,1,L01a03-2 el caminero - buenavista,,3,D40D0D,FFFFFF,,,,,,
metrobus,metrobus_vehicle_positions_enriched,2026-06-15T21:24:36Z,2026-06-15,20260615T212431Z,fc3de761-8407-4ba9-b1d4-df39fafc3ef9,,19566,0.0,20:54:02,20260615,69696,2354,1250130,19.396957397460938,-99.10026550292969,273.0,0.0,0.0,,,,1781558665,2026-06-15 15:24:25-06:00,,,2,L02c03-1 tepalcates - col. del valle,,3,8D1A96,FFFFFF,,,,,,
metrobus,metrobus_vehicle_positions_enriched,2026-06-15T21:24:36Z,2026-06-15,20260615T212431Z,31d50e72-206b-4203-b239-4c84d95a841b,,20296,1.0,20:37:31,20260615,69544,601,1280001,19.45601463317871,-99.14490509033203,119.0,20.0,72.0,,,,1781558653,2026-06-15 15:24:13-06:00,,,1,L31a31-2 pueblo sta cruz atoyac - indios verdes,,3,42A76B,FFFFFF,,,,,,
metrobus,metrobus_vehicle_positions_enriched,2026-06-15T21:24:36Z,2026-06-15,20260615T212431Z,286528e9-e47a-49ab-8524-9c56b27870ae,,19491,1.0,21:19:36,20260615,69464,1023,1230064,19.336519241333008,-99.190185546875,847.0,0.0,0.0,,,,1781558662,2026-06-15 15:24:22-06:00,,,1,L01a01-2 dr. gálvez - indios verdes,,3,D40D0D,FFFFFF,,,,,,
metrobus,metrobus_vehicle_positions_enriched,2026-06-15T21:24:36Z,2026-06-15,20260615T212431Z,be82a0ac-964c-44ea-8cab-bc4f7012cb9d,,,,,,69928,843,1280157,19.43668556213379,-99.1474609375,575.0,0.0,0.0,,,,1781558655,2026-06-15 15:24:15-06:00,,,,,,,,,,,,,,
metrobus,metrobus_vehicle_positions_enriched,2026-06-15T21:24:36Z,2026-06-15,20260615T212431Z,6786bf5f-102e-469f-9676-307144b84fff,,20211,0.0,20:51:18,20260615,69545,602,1280002,19.41843605041504,-99.1122817993164,185.0,3.0,10.8,,,,1781558667,2026-06-15 15:24:27-06:00,,,5,L05f03-1 río de los remedios - las bombas,,3,141982,FFFFFF,,,,,,
metrobus,metrobus_vehicle_positions_enriched,2026-06-15T21:24:36Z,2026-06-15,20260615T212431Z,b84443cc-9316-4396-bb29-5be56410bf3b,,19578,0.0,20:22:55,20260615,69929,844,1280158,19.426321029663086,-99.19461059570312,280.0,0.0,0.0,,,,1781558658,2026-06-15 15:24:18-06:00,,,7,L07h02-1 hospital infantil - campo marte,,3,116633,FFFFFF,,,,,,
metrobus,metrobus_vehicle_positions_enriched,2026-06-15T21:24:36Z,2026-06-15,20260615T212431Z,8d29f09b-504c-4d64-b77d-5df96d519d1a,,19576,0.0,21:15:03,20260615,69930,845,1280159,19.47388458251953,-99.1228256225586,199.0,0.0,0.0,,,,1781558665,2026-06-15 15:24:25-06:00,,,7,L07h01-1 indios verdes - campo marte,,3,116633,FFFFFF,,,,,,
metrobus,metrobus_vehicle_positions_enriched,2026-06-15T21:24:36Z,2026-06-15,20260615T212431Z,3e4a8de4-76b2-43fb-9c54-d26d2fa5580b,,20212,1.0,20:27:35,20260615,69546,603,1280003,19.487022399902344,-99.09419250488281,234.0,0.0,0.0,,,,1781558660,2026-06-15 15:24:20-06:00,,,5,L05f03-2 las bombas - río de los remedios,,3,141982,FFFFFF,,,,,,
metrobus,metrobus_vehicle_positions_enriched,2026-06-15T21:24:36Z,2026-06-15,20260615T212431Z,3ea31edc-e565-498a-88ab-25b082b9933d,,19578,0.0,20:45:19,20260615,69931,846,1280160,19.434738159179688,-99.1515884399414,244.0,44.0,158.4,,,,1781558655,2026-06-15 15:24:15-06:00,,,7,L07h02-1 hospital infantil - campo marte,,3,116633,FFFFFF,,,,,,
metrobus,metrobus_vehicle_positions_enriched,2026-06-15T21:24:36Z,2026-06-15,20260615T212431Z,55508e68-17f5-49d6-bfb4-67aaa00e9d4c,,19559,0.0,20:45:27,20260615,69548,605,1280005,19.386539459228516,-99.1117935180664,167.0,27.0,97.2,,,,1781558657,2026-06-15 15:24:17-06:00,,,5,L05f05-1 río de los remedios - preparatoria 1,,3,141982,FFFFFF,,,,,,
metrobus,metrobus_vehicle_positions_enriched,2026-06-15T21:24:36Z,2026-06-15,20260615T212431Z,a3a21dfb-e5bc-4453-85c3-49184832e274,,19577,1.0,20:26:02,20260615,69933,848,1280162,19.4718074798584,-99.12354278564453,214.0,0.0,0.0,,,,1781558658,2026-06-15 15:24:18-06:00,,,7,L07h01-2 campo marte - indios verdes,,3,116633,FFFFFF,,,,,,
metrobus,metrobus_vehicle_positions_enriched,2026-06-15T21:24:36Z,2026-06-15,20260615T212431Z,6c8d8c5e-9589-49a5-9700-21de1cb9824b,,,,,,69549,606,1280006,19.27345848083496,-99.1206283569336,233.0,0.0,0.0,,,,1781558659,2026-06-15 15:24:19-06:00,,,,,,,,,,,,,,
metrobus,metrobus_vehicle_positions_enriched,2026-06-15T21:24:36Z,2026-06-15,20260615T212431Z,f6a3f452-d641-48c9-b909-8f27d38174c2,,20212,1.0,20:38:39,20260615,69550,607,1280007,19.453859329223633,-99.1081771850586,199.0,21.0,75.60000000000001,,,,1781558661,2026-06-15 15:24:21-06:00,,,5,L05f03-2 las bombas - río de los remedios,,3,141982,FFFFFF,,,,,,
metrobus,metrobus_vehicle_positions_enriched,2026-06-15T21:24:36Z,2026-06-15,20260615T212431Z,44f6446e-82c7-487f-96f4-f1bf5b5ba81a,,19558,1.0,21:13:23,20260615,69552,609,1280009,19.301284790039062,-99.11338806152344,159.0,15.0,54.0,,,,1781558666,2026-06-15 15:24:26-06:00,,,5,L05f05-2 preparatoria 1 - río de los remedios,,3,141982,FFFFFF,,,,,,
metrobus,metrobus_vehicle_positions_enriched,2026-06-15T21:24:36Z,2026-06-15,20260615T212431Z,2d455a13-46a0-4118-ae11-8f87d15f3de4,,,,,,69717,2375,1250118,19.391035079956055,-99.04769134521484,123.0,0.0,0.0,,,,1781558660,2026-06-15 15:24:20-06:00,,,,,,,,,,,,,,
metrobus,metrobus_vehicle_positions_enriched,2026-06-15T21:24:36Z,2026-06-15,20260615T212431Z,344f58d8-0dfd-4abb-aeab-2b7be6d8b719,,19499,0.0,19:57:36,20260615,69485,1044,1230085,19.28750228881836,-99.17491912841797,201.0,22.0,79.2,,,,1781558660,2026-06-15 15:24:20-06:00,,,1,L01a07-1 indios verdes - el caminero,,3,D40D0D,FFFFFF,,,,,,
metrobus,metrobus_vehicle_positions_enriched,2026-06-15T21:24:36Z,2026-06-15,20260615T212431Z,0b9f0188-581f-4e8c-a34f-f7a921898047,,,,,,69716,2374,1250039,19.397409439086914,-99.05793762207031,186.0,0.0,0.0,,,,1781558668,2026-06-15 15:24:28-06:00,,,,,,,,,,,,,,
metrobus,metrobus_vehicle_positions_enriched,2026-06-15T21:24:36Z,2026-06-15,20260615T212431Z,6ed848a5-124f-4ecc-849f-ff9f726d420a,,19498,1.0,20:31:50,20260615,69484,1043,1230084,19.39822769165039,-99.17096710205078,17.0,0.0,0.0,,,,1781558666,2026-06-15 15:24:26-06:00,,,1,L01a03-2 el caminero - buenavista,,3,D40D0D,FFFFFF,,,,,,
metrobus,metrobus_vehicle_positions_enriched,2026-06-15T21:24:36Z,2026-06-15,20260615T212431Z,42beba25-1ca6-4a58-92a5-d15397ceb2bb,,19497,0.0,21:18:36,20260615,69483,1042,1230083,19.44003677368164,-99.15562438964844,202.0,0.0,0.0,,,,1781558662,2026-06-15 15:24:22-06:00,,,1,L01a03-1 buenavista - el caminero,,3,D40D0D,FFFFFF,,,,,,
metrobus,metrobus_vehicle_positions_enriched,2026-06-15T21:24:36Z,2026-06-15,20260615T212431Z,aa4e18b4-c502-4642-a404-575788e62d32,,19562,1.0,20:43:06,20260615,69715,2373,1250038,19.391151428222656,-99.08637237548828,125.0,0.0,0.0,,,,1781558659,2026-06-15 15:24:19-06:00,,,2,L02c01-2 tacubaya - tepalcates,,3,8D1A96,FFFFFF,,,,,,
metrobus,metrobus_vehicle_positions_enriched,2026-06-15T21:24:36Z,2026-06-15,20260615T212431Z,ede09a5a-e1d2-4b53-987c-1801d45bb92f,,19564,0.0,21:04:08,20260615,69714,2372,1250037,19.384714126586914,-99.07568359375,193.0,0.0,0.0,,,,1781558652,2026-06-15 15:24:12-06:00,,,2,L02c02-1 tepalcates - etiopía l3,,3,8D1A96,FFFFFF,,,,,,
metrobus,metrobus_vehicle_positions_enriched,2026-06-15T21:24:36Z,2026-06-15,20260615T212431Z,c6191437-de43-431a-9f80-99d5f78429ae,,19498,1.0,21:19:53,20260615,69482,1041,1230082,19.280637741088867,-99.17056274414062,293.0,24.0,86.4,,,,1781558664,2026-06-15 15:24:24-06:00,,,1,L01a03-2 el caminero - buenavista,,3,D40D0D,FFFFFF,,,,,,
metrobus,metrobus_vehicle_positions_enriched,2026-06-15T21:24:36Z,2026-06-15,20260615T212431Z,d58d061d-afe1-4d0f-8b00-a702d08fe7e6,,19566,0.0,20:42:44,20260615,69713,2371,1250036,19.397777557373047,-99.12964630126953,249.0,28.0,100.8,,,,1781558642,2026-06-15 15:24:02-06:00,,,2,L02c03-1 tepalcates - col. del valle,,3,8D1A96,FFFFFF,,,,,,
metrobus,metrobus_vehicle_positions_enriched,2026-06-15T21:24:36Z,2026-06-15,20260615T212431Z,9a2f2aa8-fa2c-4011-bc4a-4d039effa03d,,19491,1.0,19:49:42,20260615,69481,1040,1230081,19.447265625,-99.15310668945312,193.0,0.0,0.0,,,,1781558555,2026-06-15 15:22:35-06:00,,,1,L01a01-2 dr. gálvez - indios verdes,,3,D40D0D,FFFFFF,,,,,,
metrobus,metrobus_vehicle_positions_enriched,2026-06-15T21:24:36Z,2026-06-15,20260615T212431Z,7ac703a7-6eeb-4d8d-8a86-0d065dff0dd2,,19562,1.0,21:16:49,20260615,69712,2370,1250035,19.40581703186035,-99.17823791503906,109.0,0.0,0.0,,,,1781558661,2026-06-15 15:24:21-06:00,,,2,L02c01-2 tacubaya - tepalcates,,3,8D1A96,FFFFFF,,,,,,
metrobus,metrobus_vehicle_positions_enriched,2026-06-15T21:24:36Z,2026-06-15,20260615T212431Z,8c103a4b-9494-4531-b6a2-6b1db41fd680,,19498,1.0,21:10:50,20260615,69480,1039,1230080,19.300535202026367,-99.18565368652344,353.0,33.0,118.8,,,,1781558663,2026-06-15 15:24:23-06:00,,,1,L01a03-2 el caminero - buenavista,,3,D40D0D,FFFFFF,,,,,,
metrobus,metrobus_vehicle_positions_enriched,2026-06-15T21:24:36Z,2026-06-15,20260615T212431Z,2e6ddad6-bde5-40a6-8a03-f2968f9c8515,,19499,0.0,21:23:37,20260615,69479,1038,1230079,19.492752075195312,-99.12024688720703,193.0,53.0,190.8,,,,1781558662,2026-06-15 15:24:22-06:00,,,1,L01a07-1 indios verdes - el caminero,,3,D40D0D,FFFFFF,,,,,,
metrobus,metrobus_vehicle_positions_enriched,2026-06-15T21:24:36Z,2026-06-15,20260615T212431Z,d30faba0-04d0-4ef0-984d-95add3c9dd3e,,,,,,69711,2369,1250034,19.391206741333008,-99.04743957519531,119.0,0.0,0.0,,,,1781558663,2026-06-15 15:24:23-06:00,,,,,,,,,,,,,,
metrobus,metrobus_vehicle_positions_enriched,2026-06-15T21:24:36Z,2026-06-15,20260615T212431Z,ea4468da-60ee-4400-ba4e-a67a85ab9667,,19567,1.0,20:31:04,20260615,69710,2368,ConPermisovencido,19.383161544799805,-99.06077575683594,8.0,0.0,0.0,,,,1781558669,2026-06-15 15:24:29-06:00,,,2,L02c03-2 col. del valle - tepalcates,,3,8D1A96,FFFFFF,,,,,,
metrobus,metrobus_vehicle_positions_enriched,2026-06-15T21:24:36Z,2026-06-15,20260615T212431Z,badb1555-a151-4fd6-aea0-ab90b39a52cf,,,,,,69478,1037,1230078,19.44641876220703,-99.15215301513672,283.0,0.0,0.0,,,,1781558664,2026-06-15 15:24:24-06:00,,,,,,,,,,,,,,
metrobus,metrobus_vehicle_positions_enriched,2026-06-15T21:24:36Z,2026-06-15,20260615T212431Z,a1eee2e1-56d5-420e-801b-29c731fe8fe5,,19563,0.0,20:52:02,20260615,69709,2367,ConPermisovencido,19.397008895874023,-99.10094451904297,275.0,29.0,104.4,,,,1781558664,2026-06-15 15:24:24-06:00,,,2,L02c01-1 tepalcates - tacubaya,,3,8D1A96,FFFFFF,,,,,,
metrobus,metrobus_vehicle_positions_enriched,2026-06-15T21:24:36Z,2026-06-15,20260615T212431Z,845c4ef7-285e-4561-83ba-150b4c23905d,,,,,,69477,1036,1230077,19.424190521240234,-99.16310119628906,255.0,2.0,7.2,,,,1781558655,2026-06-15 15:24:15-06:00,,,,,,,,,,,,,,
metrobus,metrobus_vehicle_positions_enriched,2026-06-15T21:24:36Z,2026-06-15,20260615T212431Z,692c76bd-b2e1-4c37-8c4f-f53cbdd0f2d3,,19497,0.0,20:20:31,20260615,69476,1035,1230076,19.31490707397461,-99.18755340576172,174.0,11.0,39.6,,,,1781558660,2026-06-15 15:24:20-06:00,,,1,L01a03-1 buenavista - el caminero,,3,D40D0D,FFFFFF,,,,,,
metrobus,metrobus_vehicle_positions_enriched,2026-06-15T21:24:36Z,2026-06-15,20260615T212431Z,11b988eb-ddb9-4ac1-990f-b38e4c84499a,,19558,1.0,21:10:22,20260615,69554,611,1280011,19.31662368774414,-99.11172485351562,335.0,8.0,28.8,,,,1781558665,2026-06-15 15:24:25-06:00,,,5,L05f05-2 preparatoria 1 - río de los remedios,,3,141982,FFFFFF,,,,,,
metrobus,metrobus_vehicle_positions_enriched,2026-06-15T21:24:36Z,2026-06-15,20260615T212431Z,d61191c4-793a-4ef0-aa65-f8b899e6dc67,,,,,,69708,2366,1250040,19.39139175415039,-99.04801940917969,244.0,0.0,0.0,,,,1781558667,2026-06-15 15:24:27-06:00,,,,,,,,,,,,,,
metrobus,metrobus_vehicle_positions_enriched,2026-06-15T21:24:36Z,2026-06-15,20260615T212431Z,8533df32-54b4-4472-82c6-5f77bcd0689d,,19558,1.0,21:02:25,20260615,69555,612,1280012,19.332813262939453,-99.11318969726562,4.0,0.0,0.0,,,,1781558659,2026-06-15 15:24:19-06:00,,,5,L05f05-2 preparatoria 1 - río de los remedios,,3,141982,FFFFFF,,,,,,
metrobus,metrobus_vehicle_positions_enriched,2026-06-15T21:24:36Z,2026-06-15,20260615T212431Z,e6881b9c-c221-4567-9a48-8ab2d4ff3298,,19566,0.0,21:22:21,20260615,69707,2365,1250116,19.385648727416992,-99.0516128540039,211.0,14.0,50.4,,,,1781558661,2026-06-15 15:24:21-06:00,,,2,L02c03-1 tepalcates - col. del valle,,3,8D1A96,FFFFFF,,,,,,
metrobus,metrobus_vehicle_positions_enriched,2026-06-15T21:24:36Z,2026-06-15,20260615T212431Z,c2fa2f65-fa9f-470c-b95e-0f45019f301c,,19492,0.0,20:18:20,20260615,69475,1034,1230075,19.35615348815918,-99.18473052978516,197.0,0.0,0.0,,,,1781558663,2026-06-15 15:24:23-06:00,,,1,L01a01-1 indios verdes - dr. gálvez,,3,D40D0D,FFFFFF,,,,,,
metrobus,metrobus_vehicle_positions_enriched,2026-06-15T21:24:36Z,2026-06-15,20260615T212431Z,96f6ddf6-8684-4d26-a15e-b04b7d0066f0,,20211,0.0,20:58:38,20260615,69557,614,1280014,19.4307861328125,-99.11534118652344,188.0,0.0,0.0,,,,1781558661,2026-06-15 15:24:21-06:00,,,5,L05f03-1 río de los remedios - las bombas,,3,141982,FFFFFF,,,,,,
metrobus,metrobus_vehicle_positions_enriched,2026-06-15T21:24:36Z,2026-06-15,20260615T212431Z,ab5d74fc-1e14-4671-bf56-2524f576db5d,,,,,,69559,616,1280016,0.0,0.0,0.0,0.0,0.0,,,,1781557974,2026-06-15 15:12:54-06:00,,,,,,,,,,,,,,
metrobus,metrobus_vehicle_positions_enriched,2026-06-15T21:24:36Z,2026-06-15,20260615T212431Z,b1b585b3-2031-4871-b4c7-0472e1445a56,,20212,1.0,20:53:19,20260615,69561,618,1280018,19.413515090942383,-99.11268615722656,420.0,33.0,118.8,,,,1781558652,2026-06-15 15:24:12-06:00,,,5,L05f03-2 las bombas - río de los remedios,,3,141982,FFFFFF,,,,,,
metrobus,metrobus_vehicle_positions_enriched,2026-06-15T21:24:36Z,2026-06-15,20260615T212431Z,28c088d3-6eb2-4336-be94-cdaba9c75e25,,19558,1.0,20:56:32,20260615,69562,619,1280019,19.364185333251953,-99.1095962524414,126.0,44.0,158.4,,,,1781558664,2026-06-15 15:24:24-06:00,,,5,L05f05-2 preparatoria 1 - río de los remedios,,3,141982,FFFFFF,,,,,,
metrobus,metrobus_vehicle_positions_enriched,2026-06-15T21:24:36Z,2026-06-15,20260615T212431Z,afac36e2-d864-42b1-96b9-484bae5513f9,,,,,,70131,1055,1230154,19.498817443847656,-99.1194076538086,0.0,0.0,0.0,,,,1781514047,2026-06-15 03:00:47-06:00,,,,,,,,,,,,,,
metrobus,metrobus_vehicle_positions_enriched,2026-06-15T21:24:36Z,2026-06-15,20260615T212431Z,ddc1bb95-33da-4e41-a2fb-963cdb23fc1f,,19562,1.0,21:11:55,20260615,69608,2386,003A019,19.40359878540039,-99.16947174072266,758.0,0.0,0.0,,,,1781558653,2026-06-15 15:24:13-06:00,,,2,L02c01-2 tacubaya - tepalcates,,3,8D1A96,FFFFFF,,,,,,
metrobus,metrobus_vehicle_positions_enriched,2026-06-15T21:24:36Z,2026-06-15,20260615T212431Z,46d3ced7-902a-49d6-b725-b1b84b7c24b7,,19492,0.0,20:37:56,20260615,70130,1054,1230153,19.386892318725586,-99.17469787597656,195.0,28.0,100.8,,,,1781558664,2026-06-15 15:24:24-06:00,,,1,L01a01-1 indios verdes - dr. gálvez,,3,D40D0D,FFFFFF,,,,,,
metrobus,metrobus_vehicle_positions_enriched,2026-06-15T21:24:36Z,2026-06-15,20260615T212431Z,067e5d3d-86aa-4c61-97f3-4e40e904e8ac,,19564,0.0,20:41:47,20260615,69607,2385,003A023,19.393505096435547,-99.13438415527344,279.0,19.0,68.4,,,,1781558653,2026-06-15 15:24:13-06:00,,,2,L02c02-1 tepalcates - etiopía l3,,3,8D1A96,FFFFFF,,,,,,
metrobus,metrobus_vehicle_positions_enriched,2026-06-15T21:24:36Z,2026-06-15,20260615T212431Z,d39ccdf4-e8ce-4105-8d44-05c225f072d3,,19564,0.0,21:08:08,20260615,69606,2384,003A025,19.387714385986328,-99.0744400024414,297.0,0.0,0.0,,,,1781558652,2026-06-15 15:24:12-06:00,,,2,L02c02-1 tepalcates - etiopía l3,,3,8D1A96,FFFFFF,,,,,,
metrobus,metrobus_vehicle_positions_enriched,2026-06-15T21:24:36Z,2026-06-15,20260615T212431Z,aa26f8a6-f85f-4e56-abae-221830c2ad30,,,,,,70129,1053,1230152,19.499675750732422,-99.11922454833984,0.0,0.0,0.0,,,,1781544087,2026-06-15 11:21:27-06:00,,,,,,,,,,,,,,
metrobus,metrobus_vehicle_positions_enriched,2026-06-15T21:24:36Z,2026-06-15,20260615T212431Z,8f8c2648-73cc-4072-9f71-30ca222759dd,,19564,0.0,21:20:02,20260615,69722,2383,1250134,19.387277603149414,-99.0554428100586,305.0,29.0,104.4,,,,1781558643,2026-06-15 15:24:03-06:00,,,2,L02c02-1 tepalcates - etiopía l3,,3,8D1A96,FFFFFF,,,,,,
metrobus,metrobus_vehicle_positions_enriched,2026-06-15T21:24:36Z,2026-06-15,20260615T212431Z,b8da6dfe-8d30-4255-a9e4-f5b5934577b0,,19494,0.0,21:02:31,20260615,70128,1052,1230151,19.438297271728516,-99.15638732910156,202.0,0.0,0.0,,,,1781558662,2026-06-15 15:24:22-06:00,,,1,L01a02-1 indios verdes - insurgentes,,3,D40D0D,FFFFFF,,,,,,
metrobus,metrobus_vehicle_positions_enriched,2026-06-15T21:24:36Z,2026-06-15,20260615T212431Z,ef5c3d34-721d-458c-ac15-432d926b823a,,,,,,69721,2382,1250125,19.388975143432617,-99.05929565429688,0.0,0.0,0.0,,,,1781558668,2026-06-15 15:24:28-06:00,,,,,,,,,,,,,,
metrobus,metrobus_vehicle_positions_enriched,2026-06-15T21:24:36Z,2026-06-15,20260615T212431Z,9c95fbdf-746e-47e2-82ed-bca0697f057a,,19493,1.0,21:19:49,20260615,70127,1051,1230150,19.430233001708984,-99.15998840332031,267.0,25.0,90.0,,,,1781558660,2026-06-15 15:24:20-06:00,,,1,L01a02-2 insurgentes - indios verdes,,3,D40D0D,FFFFFF,,,,,,
metrobus,metrobus_vehicle_positions_enriched,2026-06-15T21:24:36Z,2026-06-15,20260615T212431Z,54080aad-7390-44ea-aa39-fba78b4309f4,,19492,0.0,20:42:28,20260615,69491,1050,1230091,19.39291763305664,-99.17277526855469,198.0,0.0,0.0,,,,1781558664,2026-06-15 15:24:24-06:00,,,1,L01a01-1 indios verdes - dr. gálvez,,3,D40D0D,FFFFFF,,,,,,
metrobus,metrobus_vehicle_positions_enriched,2026-06-15T21:24:36Z,2026-06-15,20260615T212431Z,30a53f89-ce9c-4b0b-9922-b74d0357a3bc,,19566,0.0,17:35:58,20260615,69720,2381,1250126,19.38838005065918,-99.05948638916016,169.0,0.0,0.0,,,,1781546359,2026-06-15 11:59:19-06:00,,,2,L02c03-1 tepalcates - col. del valle,,3,8D1A96,FFFFFF,,,,,,
metrobus,metrobus_vehicle_positions_enriched,2026-06-15T21:24:36Z,2026-06-15,20260615T212431Z,b5838631-da6e-4f9c-b7e1-875e6799f550,,19498,1.0,20:23:27,20260615,69490,1049,1230090,19.413698196411133,-99.1659164428711,18.0,14.0,50.4,,,,1781558656,2026-06-15 15:24:16-06:00,,,1,L01a03-2 el caminero - buenavista,,3,D40D0D,FFFFFF,,,,,,
metrobus,metrobus_vehicle_positions_enriched,2026-06-15T21:24:36Z,2026-06-15,20260615T212431Z,dc2cb35e-a442-4db2-901d-12691a35a984,,19563,0.0,20:21:53,20260615,69718,2379,1250115,19.403562545776367,-99.17060852050781,268.0,0.0,0.0,,,,1781558667,2026-06-15 15:24:27-06:00,,,2,L02c01-1 tepalcates - tacubaya,,3,8D1A96,FFFFFF,,,,,,
metrobus,metrobus_vehicle_positions_enriched,2026-06-15T21:24:36Z,2026-06-15,20260615T212431Z,b0065617-723c-41e6-989c-99ef2dbd8670,,20211,0.0,21:15:31,20260615,69563,620,1280020,19.480331420898438,-99.09761810302734,201.0,41.0,147.6,,,,1781558665,2026-06-15 15:24:25-06:00,,,5,L05f03-1 río de los remedios - las bombas,,3,141982,FFFFFF,,,,,,
metrobus,metrobus_vehicle_positions_enriched,2026-06-15T21:24:36Z,2026-06-15,20260615T212431Z,fd0b6e55-f9b4-4b03-b31c-e178db4c7b1a,,19491,1.0,20:23:29,20260615,69489,1048,1230089,19.447954177856445,-99.15289306640625,980.0,34.0,122.4,,,,1781558655,2026-06-15 15:24:15-06:00,,,1,L01a01-2 dr. gálvez - indios verdes,,3,D40D0D,FFFFFF,,,,,,
metrobus,metrobus_vehicle_positions_enriched,2026-06-15T21:24:36Z,2026-06-15,20260615T212431Z,a1222e34-6dd3-436d-9afe-2acde71aa722,,,,,,69488,1047,1230088,19.496288299560547,-99.11968994140625,199.0,6.0,21.6,,,,1781558664,2026-06-15 15:24:24-06:00,,,,,,,,,,,,,,
metrobus,metrobus_vehicle_positions_enriched,2026-06-15T21:24:36Z,2026-06-15,20260615T212431Z,600c5ba8-64eb-4957-92e2-52b8b567e3c5,,19558,1.0,20:36:30,20260615,69564,621,1280021,19.423229217529297,-99.11166381835938,580.0,49.0,176.4,,,,1781558652,2026-06-15 15:24:12-06:00,,,5,L05f05-2 preparatoria 1 - río de los remedios,,3,141982,FFFFFF,,,,,,
metrobus,metrobus_vehicle_positions_enriched,2026-06-15T21:24:36Z,2026-06-15,20260615T212431Z,eddd0c6a-dae6-4465-846f-d4505af34097,,,,,,69605,2378,1250153,19.388917922973633,-99.05943298339844,0.0,0.0,0.0,,,,1780962923,2026-06-08 17:55:23-06:00,,,,,,,,,,,,,,
metrobus,metrobus_vehicle_positions_enriched,2026-06-15T21:24:36Z,2026-06-15,20260615T212431Z,d634f6ae-fba4-442c-ae3c-8465d6478b4b,,19558,1.0,20:27:23,20260615,69565,622,1260200,19.448749542236328,-99.11058807373047,206.0,44.0,158.4,,,,1781558663,2026-06-15 15:24:23-06:00,,,5,L05f05-2 preparatoria 1 - río de los remedios,,3,141982,FFFFFF,,,,,,
metrobus,metrobus_vehicle_positions_enriched,2026-06-15T21:24:36Z,2026-06-15,20260615T212431Z,60cbb11f-88aa-4b7d-a35b-6955730af7c7,,19497,0.0,21:14:57,20260615,69487,1046,1230087,19.43192481994629,-99.15921783447266,205.0,29.0,104.4,,,,1781558660,2026-06-15 15:24:20-06:00,,,1,L01a03-1 buenavista - el caminero,,3,D40D0D,FFFFFF,,,,,,
metrobus,metrobus_vehicle_positions_enriched,2026-06-15T21:24:36Z,2026-06-15,20260615T212431Z,fc8d056b-46af-4004-abb7-ecdae00133b6,,19563,0.0,20:24:07,20260615,69604,2377,1250152,19.388498306274414,-99.05940246582031,317.0,0.0,0.0,,,,1781556840,2026-06-15 14:54:00-06:00,,,2,L02c01-1 tepalcates - tacubaya,,3,8D1A96,FFFFFF,,,,,,
metrobus,metrobus_vehicle_positions_enriched,2026-06-15T21:24:36Z,2026-06-15,20260615T212431Z,ef34c7a6-ddca-4741-ad59-15764f7215da,,19558,1.0,20:22:23,20260615,69566,623,1260199,19.460744857788086,-99.10542297363281,221.0,0.0,0.0,,,,1781558664,2026-06-15 15:24:24-06:00,,,5,L05f05-2 preparatoria 1 - río de los remedios,,3,141982,FFFFFF,,,,,,
metrobus,metrobus_vehicle_positions_enriched,2026-06-15T21:24:36Z,2026-06-15,20260615T212431Z,5ce50e24-23fa-440d-b828-df472f4856b1,,19494,0.0,21:20:49,20260615,69486,1045,1230086,19.499731063842773,-99.1196060180664,690.0,0.0,0.0,,,,1781558660,2026-06-15 15:24:20-06:00,,,1,L01a02-1 indios verdes - insurgentes,,3,D40D0D,FFFFFF,,,,,,
metrobus,metrobus_vehicle_positions_enriched,2026-06-15T21:24:36Z,2026-06-15,20260615T212431Z,51ad323e-d858-4746-99f7-c7487589fadc,,19558,1.0,20:12:31,20260615,69567,624,002A971,19.48909568786621,-99.09327697753906,223.0,50.0,180.0,,,,1781558657,2026-06-15 15:24:17-06:00,,,5,L05f05-2 preparatoria 1 - río de los remedios,,3,141982,FFFFFF,,,,,,
metrobus,metrobus_vehicle_positions_enriched,2026-06-15T21:24:36Z,2026-06-15,20260615T212431Z,fa0450c8-0347-47f6-9415-12a07397a679,,20211,0.0,20:31:14,20260615,69568,625,002A972,19.34982681274414,-99.1109390258789,186.0,38.0,136.8,,,,1781558652,2026-06-15 15:24:12-06:00,,,5,L05f03-1 río de los remedios - las bombas,,3,141982,FFFFFF,,,,,,
metrobus,metrobus_vehicle_positions_enriched,2026-06-15T21:24:36Z,2026-06-15,20260615T212431Z,dd00867b-c860-4730-8150-cffa5cbc3ee8,,20211,0.0,20:21:49,20260615,69569,626,002A973,19.328014373779297,-99.11370849609375,184.0,38.0,136.8,,,,1781558661,2026-06-15 15:24:21-06:00,,,5,L05f03-1 río de los remedios - las bombas,,3,141982,FFFFFF,,,,,,
metrobus,metrobus_vehicle_positions_enriched,2026-06-15T21:24:36Z,2026-06-15,20260615T212431Z,493a2754-95cf-4088-9ae6-580893b5d503,,20212,1.0,21:08:41,20260615,69570,627,002A974,19.36629867553711,-99.10911560058594,121.0,0.0,0.0,,,,1781558655,2026-06-15 15:24:15-06:00,,,5,L05f03-2 las bombas - río de los remedios,,3,141982,FFFFFF,,,,,,
metrobus,metrobus_vehicle_positions_enriched,2026-06-15T21:24:36Z,2026-06-15,20260615T212431Z,6e14712d-a19d-4841-a979-412c90ffac2c,,,,,,69571,628,002A975,19.48877716064453,-99.09307861328125,107.0,0.0,0.0,,,,1781555403,2026-06-15 14:30:03-06:00,,,,,,,,,,,,,,
metrobus,metrobus_vehicle_positions_enriched,2026-06-15T21:24:36Z,2026-06-15,20260615T212431Z,da319b1b-ef75-4167-8114-9cbb309244be,,,,,,69572,629,002A976,19.50735855102539,-99.08612823486328,295.0,0.0,0.0,,,,1781558659,2026-06-15 15:24:19-06:00,,,,,,,,,,,,,,
metrobus,metrobus_vehicle_positions_enriched,2026-06-15T21:24:36Z,2026-06-15,20260615T212431Z,38dffefe-813d-4978-8858-0576024ea420,,19497,0.0,20:52:13,20260615,70142,1066,1300127,19.389312744140625,-99.17398071289062,195.0,16.0,57.6,,,,1781558666,2026-06-15 15:24:26-06:00,,,1,L01a03-1 buenavista - el caminero,,3,D40D0D,FFFFFF,,,,,,
metrobus,metrobus_vehicle_positions_enriched,2026-06-15T21:24:36Z,2026-06-15,20260615T212431Z,f76ee3cb-92a1-4f4b-974c-fbb5a279683d,,,,,,70141,1065,1300126,19.434490203857422,-99.15799713134766,201.0,0.0,0.0,,,,1781558657,2026-06-15 15:24:17-06:00,,,,,,,,,,,,,,
metrobus,metrobus_vehicle_positions_enriched,2026-06-15T21:24:36Z,2026-06-15,20260615T212431Z,eb338b88-3579-4e19-b400-e647c669ac45,,19491,1.0,21:05:10,20260615,70140,1064,1230163,19.379911422729492,-99.17694854736328,168.0,0.0,0.0,,,,1781558654,2026-06-15 15:24:14-06:00,,,1,L01a01-2 dr. gálvez - indios verdes,,3,D40D0D,FFFFFF,,,,,,
metrobus,metrobus_vehicle_positions_enriched,2026-06-15T21:24:36Z,2026-06-15,20260615T212431Z,bfd798d7-5190-48cd-bc8c-99cd04a1411f,,19500,1.0,20:33:18,20260615,70139,1063,1230162,19.393564224243164,-99.1723861694336,177.0,5.0,18.0,,,,1781558659,2026-06-15 15:24:19-06:00,,,1,L01a07-2 el caminero - indios verdes,,3,D40D0D,FFFFFF,,,,,,
metrobus,metrobus_vehicle_positions_enriched,2026-06-15T21:24:36Z,2026-06-15,20260615T212431Z,2843a1e2-381e-44cc-9a80-486c2065e6a5,,,,,,70138,1062,1230161,19.27861785888672,-99.16846466064453,241.0,0.0,0.0,,,,1781558659,2026-06-15 15:24:19-06:00,,,,,,,,,,,,,,
metrobus,metrobus_vehicle_positions_enriched,2026-06-15T21:24:36Z,2026-06-15,20260615T212431Z,92e388d8-d46e-426d-9ec7-0d8fb10cf476,,,,,,70137,1061,1230160,19.27962303161621,-99.1684799194336,116.0,27.0,97.2,,,,1781558663,2026-06-15 15:24:23-06:00,,,,,,,,,,,,,,
metrobus,metrobus_vehicle_positions_enriched,2026-06-15T21:24:36Z,2026-06-15,20260615T212431Z,33b919f0-5266-460f-b346-6575641a23ff,,19500,1.0,21:05:12,20260615,70136,1060,1230159,19.335296630859375,-99.18987274169922,357.0,6.0,21.6,,,,1781558665,2026-06-15 15:24:25-06:00,,,1,L01a07-2 el caminero - indios verdes,,3,D40D0D,FFFFFF,,,,,,
metrobus,metrobus_vehicle_positions_enriched,2026-06-15T21:24:36Z,2026-06-15,20260615T212431Z,b76f20ca-cc56-4e11-8a08-e431bd369bb0,,19983,1.0,20:26:28,20260615,69612,2390,003A021,19.397802352905273,-99.10903930664062,101.0,0.0,0.0,,,,1781558654,2026-06-15 15:24:14-06:00,,,1,L21c21-2 dr. gálvez - rojo gómez,,3,42A76B,FFFFFF,,,,,,
metrobus,metrobus_vehicle_positions_enriched,2026-06-15T21:24:36Z,2026-06-15,20260615T212431Z,74d43328-c722-46fd-a3dd-a5a6b6310904,,20212,1.0,20:21:27,20260615,69573,630,002A977,19.502826690673828,-99.08741760253906,235.0,24.0,86.4,,,,1781558653,2026-06-15 15:24:13-06:00,,,5,L05f03-2 las bombas - río de los remedios,,3,141982,FFFFFF,,,,,,
metrobus,metrobus_vehicle_positions_enriched,2026-06-15T21:24:36Z,2026-06-15,20260615T212431Z,d7e7cce0-2ed7-41af-a6e2-593e1afc05ca,,19491,1.0,20:47:40,20260615,70135,1059,1230158,19.416744232177734,-99.16494750976562,154.0,0.0,0.0,,,,1781558659,2026-06-15 15:24:19-06:00,,,1,L01a01-2 dr. gálvez - indios verdes,,3,D40D0D,FFFFFF,,,,,,
metrobus,metrobus_vehicle_positions_enriched,2026-06-15T21:24:36Z,2026-06-15,20260615T212431Z,48e6a0e4-a5c7-44ff-be97-adeb446c1b69,,,,,,69574,631,002A978,19.410512924194336,-99.11297607421875,490.0,43.0,154.8,,,,1781558655,2026-06-15 15:24:15-06:00,,,,,,,,,,,,,,
metrobus,metrobus_vehicle_positions_enriched,2026-06-15T21:24:36Z,2026-06-15,20260615T212431Z,f72193ad-3d58-4baa-9f4a-0cc4b9e29f5f,,,,,,69611,2389,003A024,19.391267776489258,-99.04777526855469,110.0,11.0,39.6,,,,1781558652,2026-06-15 15:24:12-06:00,,,,,,,,,,,,,,
metrobus,metrobus_vehicle_positions_enriched,2026-06-15T21:24:36Z,2026-06-15,20260615T212431Z,60085d1e-a118-4d92-a655-3fb5f9719a74,,19491,1.0,21:12:51,20260615,70134,1058,1230157,19.361791610717773,-99.18280029296875,168.0,0.0,0.0,,,,1781558664,2026-06-15 15:24:24-06:00,,,1,L01a01-2 dr. gálvez - indios verdes,,3,D40D0D,FFFFFF,,,,,,
metrobus,metrobus_vehicle_positions_enriched,2026-06-15T21:24:36Z,2026-06-15,20260615T212431Z,1bf776f5-b6ec-40ce-a4be-7d7cb37ac6f1,,,,,,69575,632,002A979,19.490495681762695,-99.09547424316406,309.0,55.0,198.0,,,,1781533280,2026-06-15 08:21:20-06:00,,,,,,,,,,,,,,
metrobus,metrobus_vehicle_positions_enriched,2026-06-15T21:24:36Z,2026-06-15,20260615T212431Z,0de59291-b7e6-40e0-9646-28de31556c8e,,20212,1.0,20:49:37,20260615,69576,633,002A980,19.42580795288086,-99.11138916015625,650.0,9.0,32.4,,,,1781558655,2026-06-15 15:24:15-06:00,,,5,L05f03-2 las bombas - río de los remedios,,3,141982,FFFFFF,,,,,,
metrobus,metrobus_vehicle_positions_enriched,2026-06-15T21:24:36Z,2026-06-15,20260615T212431Z,c080592b-d75f-4c96-8939-b894f6aa5387,,19500,1.0,20:11:39,20260615,70133,1057,1230156,19.434402465820312,-99.15801239013672,228.0,24.0,86.4,,,,1781558666,2026-06-15 15:24:26-06:00,,,1,L01a07-2 el caminero - indios verdes,,3,D40D0D,FFFFFF,,,,,,
metrobus,metrobus_vehicle_positions_enriched,2026-06-15T21:24:36Z,2026-06-15,20260615T212431Z,3d7418f2-b518-46ee-a226-194f395362f9,,19562,1.0,20:15:59,20260615,69610,2388,003A022,19.393529891967773,-99.05091857910156,119.0,0.0,0.0,,,,1781558659,2026-06-15 15:24:19-06:00,,,2,L02c01-2 tacubaya - tepalcates,,3,8D1A96,FFFFFF,,,,,,
metrobus,metrobus_vehicle_positions_enriched,2026-06-15T21:24:36Z,2026-06-15,20260615T212431Z,e8d2f835-02e4-4a58-854b-a11b95d0430d,,,,,,69609,2387,003A020,19.390518188476562,-99.04729461669922,294.0,0.0,0.0,,,,1781558659,2026-06-15 15:24:19-06:00,,,,,,,,,,,,,,
metrobus,metrobus_vehicle_positions_enriched,2026-06-15T21:24:36Z,2026-06-15,20260615T212431Z,13d6b4a6-8b08-4f96-9964-5df72305a98d,,,,,,70132,1056,1230155,19.45661735534668,-99.14968872070312,232.0,0.0,0.0,,,,1781558663,2026-06-15 15:24:23-06:00,,,,,,,,,,,,,,
metrobus,metrobus_vehicle_positions_enriched,2026-06-15T21:24:36Z,2026-06-15,20260615T212431Z,54d1f637-93bc-4ffb-87a6-83f8a60e6a82,,19491,1.0,21:19:30,20260615,70153,1077,1230020,19.35106658935547,-99.18626403808594,173.0,0.0,0.0,,,,1781558665,2026-06-15 15:24:25-06:00,,,1,L01a01-2 dr. gálvez - indios verdes,,3,D40D0D,FFFFFF,,,,,,
metrobus,metrobus_vehicle_positions_enriched,2026-06-15T21:24:36Z,2026-06-15,20260615T212431Z,e83cb1c0-42e9-4b22-97b1-f919e44e44d8,,,,,,70152,1076,1230002,19.49733543395996,-99.11980438232422,981.0,0.0,0.0,,,,1781558668,2026-06-15 15:24:28-06:00,,,,,,,,,,,,,,
metrobus,metrobus_vehicle_positions_enriched,2026-06-15T21:24:36Z,2026-06-15,20260615T212431Z,282c310d-d1fb-4880-8ebf-b87bb27ec19d,,,,,,70151,1075,1230007,19.49912452697754,-99.1191177368164,192.0,0.0,0.0,,,,1781558661,2026-06-15 15:24:21-06:00,,,,,,,,,,,,,,
metrobus,metrobus_vehicle_positions_enriched,2026-06-15T21:24:36Z,2026-06-15,20260615T212431Z,12e6ca30-86e8-4dcb-b601-b9847526af47,,19492,0.0,21:05:58,20260615,70150,1074,1300135,19.44083023071289,-99.1552734375,204.0,0.0,0.0,,,,1781558658,2026-06-15 15:24:18-06:00,,,1,L01a01-1 indios verdes - dr. gálvez,,3,D40D0D,FFFFFF,,,,,,
metrobus,metrobus_vehicle_positions_enriched,2026-06-15T21:24:36Z,2026-06-15,20260615T212431Z,de587d57-dd8a-4db7-8dc8-bfa3d8b9dcc2,,19497,0.0,20:36:33,20260615,70149,1073,1300134,19.364891052246094,-99.18189239501953,196.0,0.0,0.0,,,,1781558662,2026-06-15 15:24:22-06:00,,,1,L01a03-1 buenavista - el caminero,,3,D40D0D,FFFFFF,,,,,,
metrobus,metrobus_vehicle_positions_enriched,2026-06-15T21:24:36Z,2026-06-15,20260615T212431Z,e0396133-abc7-46c1-b122-73680da3808c,,,,,,70148,1072,1300133,19.49791717529297,-99.11970520019531,189.0,2.0,7.2,,,,1781543383,2026-06-15 11:09:43-06:00,,,,,,,,,,,,,,
metrobus,metrobus_vehicle_positions_enriched,2026-06-15T21:24:36Z,2026-06-15,20260615T212431Z,7edf906e-cdbe-49b6-91aa-f5d78e90bf1a,,,,,,70147,1071,1300132,0.0,0.0,0.0,0.0,0.0,,,,946706400,2000-01-01 00:00:00-06:00,,,,,,,,,,,,,,
metrobus,metrobus_vehicle_positions_enriched,2026-06-15T21:24:36Z,2026-06-15,20260615T212431Z,ff709ec2-aa0e-4d30-8795-40a256e08768,,19497,0.0,20:10:48,20260615,70146,1070,1300131,19.28546714782715,-99.17565155029297,196.0,41.0,147.6,,,,1781558662,2026-06-15 15:24:22-06:00,,,1,L01a03-1 buenavista - el caminero,,3,D40D0D,FFFFFF,,,,,,
metrobus,metrobus_vehicle_positions_enriched,2026-06-15T21:24:36Z,2026-06-15,20260615T212431Z,73649896-3593-4534-9447-3448a0778e89,,19491,1.0,20:56:54,20260615,70145,1069,1300130,19.38959312438965,-99.17375183105469,173.0,0.0,0.0,,,,1781558657,2026-06-15 15:24:17-06:00,,,1,L01a01-2 dr. gálvez - indios verdes,,3,D40D0D,FFFFFF,,,,,,
metrobus,metrobus_vehicle_positions_enriched,2026-06-15T21:24:36Z,2026-06-15,20260615T212431Z,cc53223b-6e0d-4554-9c96-667cf9e06e35,,19492,0.0,20:34:33,20260615,70144,1068,1300129,19.38606071472168,-99.1749038696289,195.0,18.0,64.8,,,,1781558611,2026-06-15 15:23:31-06:00,,,1,L01a01-1 indios verdes - dr. gálvez,,3,D40D0D,FFFFFF,,,,,,
metrobus,metrobus_vehicle_positions_enriched,2026-06-15T21:24:36Z,2026-06-15,20260615T212431Z,f6869925-844b-4df5-be4c-aa01e5a10bd2,,19500,1.0,20:22:47,20260615,70143,1067,1300128,19.416383743286133,-99.1650619506836,163.0,25.0,90.0,,,,1781558623,2026-06-15 15:23:43-06:00,,,1,L01a07-2 el caminero - indios verdes,,3,D40D0D,FFFFFF,,,,,,
metrobus,metrobus_vehicle_positions_enriched,2026-06-15T21:24:36Z,2026-06-15,20260615T212431Z,6ffc69a7-f06a-4a73-a03a-cad10c50985d,,,,,,70597,A9_TESTE,,-23.02033233642578,-43.50118637084961,283.0,24.0,86.4,,,,1781547048,2026-06-15 12:10:48-06:00,,,,,,,,,,,,,,
metrobus,metrobus_vehicle_positions_enriched,2026-06-15T21:24:36Z,2026-06-15,20260615T212431Z,5ac81851-99e0-4117-b6d2-1a51aecadde2,,19499,0.0,20:14:51,20260615,69945,1087,1230140,19.34515380859375,-99.18841552734375,199.0,38.0,136.8,,,,1781558656,2026-06-15 15:24:16-06:00,,,1,L01a07-1 indios verdes - el caminero,,3,D40D0D,FFFFFF,,,,,,
metrobus,metrobus_vehicle_positions_enriched,2026-06-15T21:24:36Z,2026-06-15,20260615T212431Z,4723eb0a-c5ce-41d1-8aa1-7b853ad0b4b1,,19499,0.0,20:24:57,20260615,69944,1086,1230139,19.364574432373047,-99.1819839477539,197.0,0.0,0.0,,,,1781558653,2026-06-15 15:24:13-06:00,,,1,L01a07-1 indios verdes - el caminero,,3,D40D0D,FFFFFF,,,,,,
metrobus,metrobus_vehicle_positions_enriched,2026-06-15T21:24:36Z,2026-06-15,20260615T212431Z,9c157cd9-03a8-4a11-ad1a-69fc7f8f8e99,,19498,1.0,21:23:52,20260615,69943,1085,1230138,19.2794246673584,-99.16896057128906,347.0,0.0,0.0,,,,1781558662,2026-06-15 15:24:22-06:00,,,1,L01a03-2 el caminero - buenavista,,3,D40D0D,FFFFFF,,,,,,
metrobus,metrobus_vehicle_positions_enriched,2026-06-15T21:24:36Z,2026-06-15,20260615T212431Z,972ee825-ae66-4f95-a8ee-82715813fc4f,,19497,0.0,20:48:52,20260615,69942,1084,1230137,19.376779556274414,-99.1780776977539,196.0,0.0,0.0,,,,1781558656,2026-06-15 15:24:16-06:00,,,1,L01a03-1 buenavista - el caminero,,3,D40D0D,FFFFFF,,,,,,
metrobus,metrobus_vehicle_positions_enriched,2026-06-15T21:24:36Z,2026-06-15,20260615T212431Z,b3810d47-bdb0-4d61-ac4e-536a87620432,,19497,0.0,20:56:48,20260615,69941,1083,1230136,19.397396087646484,-99.17137145996094,197.0,24.0,86.4,,,,1781558653,2026-06-15 15:24:13-06:00,,,1,L01a03-1 buenavista - el caminero,,3,D40D0D,FFFFFF,,,,,,
metrobus,metrobus_vehicle_positions_enriched,2026-06-15T21:24:36Z,2026-06-15,20260615T212431Z,0615d9be-bc14-444e-98aa-701a5aecf001,,19497,0.0,21:16:41,20260615,69940,1082,1230135,19.436817169189453,-99.15703582763672,202.0,0.0,0.0,,,,1781558653,2026-06-15 15:24:13-06:00,,,1,L01a03-1 buenavista - el caminero,,3,D40D0D,FFFFFF,,,,,,
metrobus,metrobus_vehicle_positions_enriched,2026-06-15T21:24:36Z,2026-06-15,20260615T212431Z,a332a7c3-3314-4615-8646-f8849b104f06,,19497,0.0,21:08:49,20260615,69939,1081,1230134,19.419614791870117,-99.16421508789062,195.0,0.0,0.0,,,,1781558666,2026-06-15 15:24:26-06:00,,,1,L01a03-1 buenavista - el caminero,,3,D40D0D,FFFFFF,,,,,,
metrobus,metrobus_vehicle_positions_enriched,2026-06-15T21:24:36Z,2026-06-15,20260615T212431Z,44b2fe80-6b96-47a8-8d96-a8132aeec9a1,,19497,0.0,20:44:05,20260615,70154,1078,1230003,19.373794555664062,-99.17897033691406,196.0,0.0,0.0,,,,1781558655,2026-06-15 15:24:15-06:00,,,1,L01a03-1 buenavista - el caminero,,3,D40D0D,FFFFFF,,,,,,
metrobus,metrobus_vehicle_positions_enriched,2026-06-15T21:24:36Z,2026-06-15,20260615T212431Z,293fc2aa-755e-43be-a18b-b43db89941d0,,19500,1.0,21:08:45,20260615,69946,1091,1230144,19.30756950378418,-99.18063354492188,619.0,29.0,104.4,,,,1781558659,2026-06-15 15:24:19-06:00,,,1,L01a07-2 el caminero - indios verdes,,3,D40D0D,FFFFFF,,,,,,
metrobus,metrobus_vehicle_positions_enriched,2026-06-15T21:24:36Z,2026-06-15,20260615T212431Z,04d7b3bd-aba2-4379-b013-051127c24b72,,19498,1.0,21:16:20,20260615,69954,1099,1220118,19.29258155822754,-99.17742919921875,293.0,2.0,7.2,,,,1781558661,2026-06-15 15:24:21-06:00,,,1,L01a03-2 el caminero - buenavista,,3,D40D0D,FFFFFF,,,,,,
metrobus,metrobus_vehicle_positions_enriched,2026-06-15T21:24:36Z,2026-06-15,20260615T212431Z,1523afa2-368c-4285-8fd8-beb85c43691c,,,,,,69953,1098,1210117,19.278562545776367,-99.16873931884766,272.0,0.0,0.0,,,,1781558661,2026-06-15 15:24:21-06:00,,,,,,,,,,,,,,
metrobus,metrobus_vehicle_positions_enriched,2026-06-15T21:24:36Z,2026-06-15,20260615T212431Z,4aac39c4-f9bf-4fe4-a993-713894945a93,,19499,0.0,20:05:20,20260615,69952,1097,1230115,19.295841217041016,-99.18495178222656,143.0,0.0,0.0,,,,1781558661,2026-06-15 15:24:21-06:00,,,1,L01a07-1 indios verdes - el caminero,,3,D40D0D,FFFFFF,,,,,,
metrobus,metrobus_vehicle_positions_enriched,2026-06-15T21:24:36Z,2026-06-15,20260615T212431Z,42456897-0a82-42b1-93a3-3978e0c990bc,,19500,1.0,20:24:00,20260615,69951,1096,1230149,19.41124153137207,-99.16676330566406,172.0,28.0,100.8,,,,1781558655,2026-06-15 15:24:15-06:00,,,1,L01a07-2 el caminero - indios verdes,,3,D40D0D,FFFFFF,,,,,,
metrobus,metrobus_vehicle_positions_enriched,2026-06-15T21:24:36Z,2026-06-15,20260615T212431Z,2de30eb3-bbec-449e-a347-9963d7d9d52a,,19498,1.0,20:54:34,20260615,69950,1095,1230148,19.3543758392334,-99.18521118164062,165.0,0.0,0.0,,,,1781558667,2026-06-15 15:24:27-06:00,,,1,L01a03-2 el caminero - buenavista,,3,D40D0D,FFFFFF,,,,,,
metrobus,metrobus_vehicle_positions_enriched,2026-06-15T21:24:36Z,2026-06-15,20260615T212431Z,c4608202-243c-42a7-9d2f-78e07884ac73,,,,,,69949,1094,1230147,19.323183059692383,-99.17210388183594,618.0,0.0,0.0,,,,1781558652,2026-06-15 15:24:12-06:00,,,,,,,,,,,,,,
metrobus,metrobus_vehicle_positions_enriched,2026-06-15T21:24:36Z,2026-06-15,20260615T212431Z,da8b78ef-7ae0-4bd0-8a29-15f2125591c0,,19499,0.0,20:18:02,20260615,69948,1093,1230146,19.3536319732666,-99.18550872802734,196.0,13.0,46.800000000000004,,,,1781558662,2026-06-15 15:24:22-06:00,,,1,L01a07-1 indios verdes - el caminero,,3,D40D0D,FFFFFF,,,,,,
metrobus,metrobus_vehicle_positions_enriched,2026-06-15T21:24:36Z,2026-06-15,20260615T212431Z,3c3d37ac-22f6-48ff-bd0e-245837844a46,,19500,1.0,20:34:00,20260615,69947,1092,1230145,19.39012336730957,-99.17355346679688,151.0,0.0,0.0,,,,1781558653,2026-06-15 15:24:13-06:00,,,1,L01a07-2 el caminero - indios verdes,,3,D40D0D,FFFFFF,,,,,,
metrobus,metrobus_vehicle_positions_enriched,2026-06-15T21:24:36Z,2026-06-15,20260615T212431Z,9db39b36-1a8e-4ff2-ab05-8631c4243b44,,,,,,69995,681,1210391,19.490095138549805,-99.0918197631836,188.0,0.0,0.0,,,,1779484023,2026-05-22 15:07:03-06:00,,,,,,,,,,,,,,
metrobus,metrobus_vehicle_positions_enriched,2026-06-15T21:24:36Z,2026-06-15,20260615T212431Z,4dd6a801-d68a-4777-a792-d3af4e69030a,,,,,,69997,683,1210396,19.49005889892578,-99.09159851074219,0.0,0.0,0.0,,,,1781328223,2026-06-12 23:23:43-06:00,,,,,,,,,,,,,,
metrobus,metrobus_vehicle_positions_enriched,2026-06-15T21:24:36Z,2026-06-15,20260615T212431Z,79f88d4b-9e30-4f95-a3b7-89cae4dd2952,,,,,,69999,685,1210392,19.431364059448242,-99.11499786376953,0.0,0.0,0.0,,,,1781555269,2026-06-15 14:27:49-06:00,,,,,,,,,,,,,,
metrobus,metrobus_vehicle_positions_enriched,2026-06-15T21:24:36Z,2026-06-15,20260615T212431Z,8f5b9b3e-52af-4008-a0c2-ace3f0438bfb,,,,,,71108,9601,,19.486679077148438,-99.09210968017578,121.0,0.0,0.0,,,,1781220597,2026-06-11 17:29:57-06:00,,,,,,,,,,,,,,
metrobus,metrobus_vehicle_positions_enriched,2026-06-15T21:24:36Z,2026-06-15,20260615T212431Z,53c4eb98-7ade-4bea-9b70-04b1a48eb3a3,,,,,,71180,5001,,19.41803741455078,-99.07792663574219,210.0,20.0,72.0,,,,1781558656,2026-06-15 15:24:16-06:00,,,,,,,,,,,,,,
metrobus,metrobus_vehicle_positions_enriched,2026-06-15T21:24:36Z,2026-06-15,20260615T212431Z,70bf39e8-4a21-4a74-babf-79bc29f3252e,,,,,,71181,5002,,19.41701316833496,-99.07405853271484,992.0,0.0,0.0,,,,1781558659,2026-06-15 15:24:19-06:00,,,,,,,,,,,,,,
metrobus,metrobus_vehicle_positions_enriched,2026-06-15T21:24:36Z,2026-06-15,20260615T212431Z,40d95aa1-2be0-4097-a6d6-28098850a9a3,,,,,,71148,5003,,19.42310333251953,-99.09172821044922,0.0,0.0,0.0,,,,1781429445,2026-06-14 03:30:45-06:00,,,,,,,,,,,,,,
metrobus,metrobus_vehicle_positions_enriched,2026-06-15T21:24:36Z,2026-06-15,20260615T212431Z,8f9275b3-8156-4835-9ecf-cbbff36200e0,,,,,,72679,5004,,19.422683715820312,-99.091796875,0.0,0.0,0.0,,,,1781555222,2026-06-15 14:27:02-06:00,,,,,,,,,,,,,,
metrobus,metrobus_vehicle_positions_enriched,2026-06-15T21:24:36Z,2026-06-15,20260615T212431Z,2e21a5be-5a44-4b95-8bd8-6b2a2db8f5ca,,,,,,69973,214,1210395,19.38544464111328,-99.04559326171875,121.0,0.0,0.0,,,,1781536911,2026-06-15 09:21:51-06:00,,,,,,,,,,,,,,
metrobus,metrobus_vehicle_positions_enriched,2026-06-15T21:24:36Z,2026-06-15,20260615T212431Z,598085a1-d9b7-4173-8302-6475fe276c62,,,,,,73095,457,,19.510677337646484,-99.15734100341797,254.0,0.0,0.0,,,,1781558665,2026-06-15 15:24:25-06:00,,,,,,,,,,,,,,
metrobus,metrobus_vehicle_positions_enriched,2026-06-15T21:24:36Z,2026-06-15,20260615T212431Z,443e072b-83d0-4c58-b6ad-434e0ce94c37,,,,,,69977,218,001A212,19.490041732788086,-99.09162139892578,125.0,0.0,0.0,,,,1781159217,2026-06-11 00:26:57-06:00,,,,,,,,,,,,,,
metrobus,metrobus_vehicle_positions_enriched,2026-06-15T21:24:36Z,2026-06-15,20260615T212431Z,8e0e8535-b41e-439b-81a3-c200fc6a9a41,,,,,,69978,219,001A213,19.38567352294922,-99.04573059082031,146.0,0.0,0.0,,,,1781540862,2026-06-15 10:27:42-06:00,,,,,,,,,,,,,,
metrobus,metrobus_vehicle_positions_enriched,2026-06-15T21:24:36Z,2026-06-15,20260615T212431Z,5444737e-a191-41db-bfe4-1b789d690a7d,,,,,,71171,5010,,19.423200607299805,-99.09172058105469,0.0,0.0,0.0,,,,1781512899,2026-06-15 02:41:39-06:00,,,,,,,,,,,,,,
metrobus,metrobus_vehicle_positions_enriched,2026-06-15T21:24:36Z,2026-06-15,20260615T212431Z,5a43eb86-c7aa-401f-be65-540ec4e7bc92,,,,,,71178,5011,,19.422998428344727,-99.09169006347656,0.0,0.0,0.0,,,,1781545389,2026-06-15 11:43:09-06:00,,,,,,,,,,,,,,
metrobus,metrobus_vehicle_positions_enriched,2026-06-15T21:24:36Z,2026-06-15,20260615T212431Z,e021b772-2d7f-42f5-98af-da9c49d06a11,,,,,,71173,5012,,19.42300033569336,-99.09248352050781,0.0,0.0,0.0,,,,1781555858,2026-06-15 14:37:38-06:00,,,,,,,,,,,,,,
metrobus,metrobus_vehicle_positions_enriched,2026-06-15T21:24:36Z,2026-06-15,20260615T212431Z,a8dea0f7-e585-4a14-89d8-8b6a364ed4b5,,,,,,71156,5013,,19.422739028930664,-99.09223175048828,0.0,0.0,0.0,,,,1781546111,2026-06-15 11:55:11-06:00,,,,,,,,,,,,,,
metrobus,metrobus_vehicle_positions_enriched,2026-06-15T21:24:36Z,2026-06-15,20260615T212431Z,fb9519a5-a5ea-409a-98d6-dc2a34c558a7,,,,,,71182,5014,,19.42312240600586,-99.09173583984375,0.0,0.0,0.0,,,,1781501688,2026-06-14 23:34:48-06:00,,,,,,,,,,,,,,
metrobus,metrobus_vehicle_positions_enriched,2026-06-15T21:24:36Z,2026-06-15,20260615T212431Z,77ba0bf6-e7ac-4462-aeec-ef9e35616bcb,,,,,,72629,5015,,19.42762565612793,-99.11590576171875,188.0,0.0,0.0,,,,1781558651,2026-06-15 15:24:11-06:00,,,,,,,,,,,,,,
metrobus,metrobus_vehicle_positions_enriched,2026-06-15T21:24:36Z,2026-06-15,20260615T212431Z,6fd355cf-f9e0-4334-b4fe-1cbd6e2a0a76,,,,,,69814,461,1260117,19.510818481445312,-99.15731811523438,0.0,0.0,0.0,,,,1781146256,2026-06-10 20:50:56-06:00,,,,,,,,,,,,,,
metrobus,metrobus_vehicle_positions_enriched,2026-06-15T21:24:36Z,2026-06-15,20260615T212431Z,95392e70-03bf-4430-88b5-79cea095ec7b,,20295,0.0,21:24:09,20260615,69815,462,1260118,19.49846839904785,-99.12008666992188,119.0,36.0,129.6,,,,1781558664,2026-06-15 15:24:24-06:00,,,1,L31a31-1 indios verdes - pueblo sta cruz atoyac,,3,42A76B,FFFFFF,,,,,,
metrobus,metrobus_vehicle_positions_enriched,2026-06-15T21:24:36Z,2026-06-15,20260615T212431Z,cb5ce8bc-40b8-483b-a2b2-8d3395e5d62a,,,,,,69979,220,001A214,19.50654411315918,-99.08672332763672,0.0,0.0,0.0,,,,1781557005,2026-06-15 14:56:45-06:00,,,,,,,,,,,,,,
metrobus,metrobus_vehicle_positions_enriched,2026-06-15T21:24:36Z,2026-06-15,20260615T212431Z,6865befd-9e79-4232-8a08-38f18f9988b9,,19455,0.0,21:23:31,20260615,69816,463,1260119,19.527082443237305,-99.1690902709961,145.0,7.0,25.2,,,,1781558656,2026-06-15 15:24:16-06:00,,,3,L03d02-1 tenayuca - buenavista,,3,7A9A01,FFFFFF,,,,,,
metrobus,metrobus_vehicle_positions_enriched,2026-06-15T21:24:36Z,2026-06-15,20260615T212431Z,45dbc97b-f3d6-4618-9458-c2c9231672c1,,19566,0.0,20:22:55,20260615,69980,221,001A142,19.40266227722168,-99.16967010498047,196.0,0.0,0.0,,,,1781558666,2026-06-15 15:24:26-06:00,,,2,L02c03-1 tepalcates - col. del valle,,3,8D1A96,FFFFFF,,,,,,
metrobus,metrobus_vehicle_positions_enriched,2026-06-15T21:24:36Z,2026-06-15,20260615T212431Z,29cdce54-d4ba-4240-863a-aea862c0c519,,19456,1.0,21:07:39,20260615,69817,464,1260120,19.47385025024414,-99.14600372314453,343.0,34.0,122.4,,,,1781558601,2026-06-15 15:23:21-06:00,,,3,L03d02-2 buenavista - tenayuca,,3,7A9A01,FFFFFF,,,,,,
metrobus,metrobus_vehicle_positions_enriched,2026-06-15T21:24:36Z,2026-06-15,20260615T212431Z,a4317e7e-f41e-4c3f-8801-e1a98a7ed218,,,,,,69981,222,001A143,19.385501861572266,-99.04557037353516,119.0,0.0,0.0,,,,1781540348,2026-06-15 10:19:08-06:00,,,,,,,,,,,,,,
metrobus,metrobus_vehicle_positions_enriched,2026-06-15T21:24:36Z,2026-06-15,20260615T212431Z,9f3e74b5-0cde-41f4-91f3-edbaf9a77b16,,19455,0.0,21:13:23,20260615,69818,465,1260121,19.50136375427246,-99.15644836425781,163.0,31.0,111.60000000000001,,,,1781558665,2026-06-15 15:24:25-06:00,,,3,L03d02-1 tenayuca - buenavista,,3,7A9A01,FFFFFF,,,,,,
metrobus,metrobus_vehicle_positions_enriched,2026-06-15T21:24:36Z,2026-06-15,20260615T212431Z,4a0afe0f-fa87-4a69-984e-97097ff155ad,,19565,1.0,21:16:14,20260615,69982,223,001A144,19.3942928314209,-99.14041137695312,991.0,39.0,140.4,,,,1781558656,2026-06-15 15:24:16-06:00,,,2,L02c02-2 etiopía l3 - tepalcates,,3,8D1A96,FFFFFF,,,,,,
metrobus,metrobus_vehicle_positions_enriched,2026-06-15T21:24:36Z,2026-06-15,20260615T212431Z,75c1b167-1a06-44fe-8201-69e35ef0338e,,19455,0.0,21:06:09,20260615,69819,466,1260122,19.48051643371582,-99.14862060546875,160.0,36.0,129.6,,,,1781558669,2026-06-15 15:24:29-06:00,,,3,L03d02-1 tenayuca - buenavista,,3,7A9A01,FFFFFF,,,,,,
metrobus,metrobus_vehicle_positions_enriched,2026-06-15T21:24:36Z,2026-06-15,20260615T212431Z,46a19160-01a5-4aa7-8c82-c48cb30af9e6,,,,,,69983,224,001A145,19.273576736450195,-99.12015533447266,0.0,0.0,0.0,,,,1781558659,2026-06-15 15:24:19-06:00,,,,,,,,,,,,,,
metrobus,metrobus_vehicle_positions_enriched,2026-06-15T21:24:36Z,2026-06-15,20260615T212431Z,6fe477f9-92e3-45c0-a478-ffce7007bab9,,19456,1.0,20:55:26,20260615,69820,467,1260123,19.500032424926758,-99.15587615966797,341.0,11.0,39.6,,,,1781558659,2026-06-15 15:24:19-06:00,,,3,L03d02-2 buenavista - tenayuca,,3,7A9A01,FFFFFF,,,,,,
metrobus,metrobus_vehicle_positions_enriched,2026-06-15T21:24:36Z,2026-06-15,20260615T212431Z,8d62f22b-4a0a-4c61-a1df-d9e92989ae04,,19566,0.0,20:32:32,20260615,69984,225,001A146,19.395370483398438,-99.14813232421875,274.0,17.0,61.2,,,,1781558657,2026-06-15 15:24:17-06:00,,,2,L02c03-1 tepalcates - col. del valle,,3,8D1A96,FFFFFF,,,,,,
metrobus,metrobus_vehicle_positions_enriched,2026-06-15T21:24:36Z,2026-06-15,20260615T212431Z,20521f03-9589-4061-a93b-fc499361e5bc,,19456,1.0,20:53:00,20260615,69821,468,1260124,19.50050163269043,-99.15601348876953,341.0,22.0,79.2,,,,1781558663,2026-06-15 15:24:23-06:00,,,3,L03d02-2 buenavista - tenayuca,,3,7A9A01,FFFFFF,,,,,,
metrobus,metrobus_vehicle_positions_enriched,2026-06-15T21:24:36Z,2026-06-15,20260615T212431Z,7c354f2d-0edd-4bdf-a05f-63b26e044879,,19567,1.0,21:13:37,20260615,69985,226,001A147,19.400060653686523,-99.16780090332031,164.0,38.0,136.8,,,,1781558658,2026-06-15 15:24:18-06:00,,,2,L02c03-2 col. del valle - tepalcates,,3,8D1A96,FFFFFF,,,,,,
metrobus,metrobus_vehicle_positions_enriched,2026-06-15T21:24:36Z,2026-06-15,20260615T212431Z,e5f9c80c-8273-4029-b7fb-b7626c78832b,,19559,0.0,20:15:30,20260615,69986,227,001A148,19.276918411254883,-99.11844635009766,201.0,10.0,36.0,,,,1781558657,2026-06-15 15:24:17-06:00,,,5,L05f05-1 río de los remedios - preparatoria 1,,3,141982,FFFFFF,,,,,,
metrobus,metrobus_vehicle_positions_enriched,2026-06-15T21:24:36Z,2026-06-15,20260615T212431Z,13251a45-608a-4af7-9d5c-266d3bb6b0ec,,19460,1.0,21:07:44,20260615,69822,469,1260125,19.405139923095703,-99.15525817871094,640.0,45.0,162.0,,,,1781558659,2026-06-15 15:24:19-06:00,,,3,L03d05-2 pueblo sta. cruz atoyac  - tenayuca,,3,7A9A01,FFFFFF,,,,,,
metrobus,metrobus_vehicle_positions_enriched,2026-06-15T21:24:36Z,2026-06-15,20260615T212431Z,cdc812e2-16b9-4d8d-9fc9-d4eac62268fb,,,,,,71154,5005,,19.42276954650879,-99.09225463867188,0.0,0.0,0.0,,,,1781546251,2026-06-15 11:57:31-06:00,,,,,,,,,,,,,,
metrobus,metrobus_vehicle_positions_enriched,2026-06-15T21:24:36Z,2026-06-15,20260615T212431Z,4f8dde7f-9b42-402c-99fe-beeeed5c4828,,19566,0.0,20:39:07,20260615,69987,228,001A149,19.394262313842773,-99.13941955566406,280.0,10.0,36.0,,,,1781558659,2026-06-15 15:24:19-06:00,,,2,L02c03-1 tepalcates - col. del valle,,3,8D1A96,FFFFFF,,,,,,
metrobus,metrobus_vehicle_positions_enriched,2026-06-15T21:24:36Z,2026-06-15,20260615T212431Z,c6df5e5d-3425-4025-9165-43939d90a6c1,,19567,1.0,20:41:10,20260615,69988,229,001A150,19.388864517211914,-99.08291625976562,125.0,0.0,0.0,,,,1781558661,2026-06-15 15:24:21-06:00,,,2,L02c03-2 col. del valle - tepalcates,,3,8D1A96,FFFFFF,,,,,,
metrobus,metrobus_vehicle_positions_enriched,2026-06-15T21:24:36Z,2026-06-15,20260615T212431Z,3615ca9c-09fa-4e0a-8bd0-c7bdd33bde0a,,,,,,71223,5006,,19.422639846801758,-99.09264373779297,0.0,0.0,0.0,,,,1781547893,2026-06-15 12:24:53-06:00,,,,,,,,,,,,,,
metrobus,metrobus_vehicle_positions_enriched,2026-06-15T21:24:36Z,2026-06-15,20260615T212431Z,b08e2e3a-078a-4a76-8a23-b5bcf09d5225,,,,,,71172,5007,,19.422779083251953,-99.09257507324219,0.0,0.0,0.0,,,,1781528296,2026-06-15 06:58:16-06:00,,,,,,,,,,,,,,
metrobus,metrobus_vehicle_positions_enriched,2026-06-15T21:24:36Z,2026-06-15,20260615T212431Z,177e489f-0b55-4a61-bbf2-74888614e671,,,,,,71175,5008,,19.423051834106445,-99.09182739257812,0.0,0.0,0.0,,,,1781545241,2026-06-15 11:40:41-06:00,,,,,,,,,,,,,,
metrobus,metrobus_vehicle_positions_enriched,2026-06-15T21:24:36Z,2026-06-15,20260615T212431Z,53442841-65c9-418e-8350-43de01637de4,,,,,,71184,5009,,19.437410354614258,-99.10961151123047,956.0,45.0,162.0,,,,1781558664,2026-06-15 15:24:24-06:00,,,,,,,,,,,,,,
metrobus,metrobus_vehicle_positions_enriched,2026-06-15T21:24:36Z,2026-06-15,20260615T212431Z,59c9bcee-f5b0-45cd-b29e-5cd803fcedc1,,,,,,72778,5020,,19.42313003540039,-99.09168243408203,0.0,0.0,0.0,,,,1781548025,2026-06-15 12:27:05-06:00,,,,,,,,,,,,,,
metrobus,metrobus_vehicle_positions_enriched,2026-06-15T21:24:36Z,2026-06-15,20260615T212431Z,b871bdf7-8abb-4ae6-b448-37a320a3c6b0,,,,,,71153,5021,,19.42245864868164,-99.09201049804688,0.0,0.0,0.0,,,,1781546459,2026-06-15 12:00:59-06:00,,,,,,,,,,,,,,
metrobus,metrobus_vehicle_positions_enriched,2026-06-15T21:24:36Z,2026-06-15,20260615T212431Z,40febb5e-82d5-40d8-b200-1830531b8182,,19519,0.0,18:35:39,20260615,71152,5022,,19.42938995361328,-99.09736633300781,298.0,29.0,104.4,,,,1781548991,2026-06-15 12:43:11-06:00,,,4,L04e04-1 pantitlán - hidalgo,,3,FF9A03,FFFFFF,,,,,,
metrobus,metrobus_vehicle_positions_enriched,2026-06-15T21:24:36Z,2026-06-15,20260615T212431Z,42a4b048-6b8a-463b-98bf-8aaccf9b85aa,,,,,,71176,5023,,19.422861099243164,-99.09202575683594,0.0,0.0,0.0,,,,1781545806,2026-06-15 11:50:06-06:00,,,,,,,,,,,,,,
metrobus,metrobus_vehicle_positions_enriched,2026-06-15T21:24:36Z,2026-06-15,20260615T212431Z,1c39f9a8-73a4-445b-9bb4-34d5bb33632a,,,,,,71155,5024,,19.417072296142578,-99.07534790039062,122.0,17.0,61.2,,,,1781558663,2026-06-15 15:24:23-06:00,,,,,,,,,,,,,,
metrobus,metrobus_vehicle_positions_enriched,2026-06-15T21:24:36Z,2026-06-15,20260615T212431Z,c4f8b7cf-9683-4d78-9c07-221657bb4eb2,,,,,,71190,5025,,19.422975540161133,-99.09249877929688,0.0,0.0,0.0,,,,1781557336,2026-06-15 15:02:16-06:00,,,,,,,,,,,,,,
metrobus,metrobus_vehicle_positions_enriched,2026-06-15T21:24:36Z,2026-06-15,20260615T212431Z,7e26e8f2-bf2a-489e-b4a8-b319a58beae5,,,,,,71191,5026,,19.422555923461914,-99.09266662597656,0.0,0.0,0.0,,,,1781550358,2026-06-15 13:05:58-06:00,,,,,,,,,,,,,,
metrobus,metrobus_vehicle_positions_enriched,2026-06-15T21:24:36Z,2026-06-15,20260615T212431Z,4d6a2443-8265-4f9c-b272-8a7d8a976ab1,,,,,,69823,470,1260126,19.51081085205078,-99.1572265625,0.0,0.0,0.0,,,,1781345329,2026-06-13 04:08:49-06:00,,,,,,,,,,,,,,
metrobus,metrobus_vehicle_positions_enriched,2026-06-15T21:24:36Z,2026-06-15,20260615T212431Z,bfb72e2f-c59f-4b5a-bf6a-6fced27e4d28,,19459,0.0,20:26:38,20260615,69824,471,1260127,19.38282012939453,-99.15806579589844,194.0,22.0,79.2,,,,1781558663,2026-06-15 15:24:23-06:00,,,3,L03d05-1 tenayuca - pueblo sta. cruz atoyac,,3,7A9A01,FFFFFF,,,,,,
metrobus,metrobus_vehicle_positions_enriched,2026-06-15T21:24:36Z,2026-06-15,20260615T212431Z,43e63c05-d7d5-4c38-bdfc-1f5571bb06c8,,,,,,69989,230,001A151,19.490047454833984,-99.09172821044922,213.0,0.0,0.0,,,,1781550422,2026-06-15 13:07:02-06:00,,,,,,,,,,,,,,
metrobus,metrobus_vehicle_positions_enriched,2026-06-15T21:24:36Z,2026-06-15,20260615T212431Z,56bbeb89-c896-4e61-aee0-a01c04419779,,19459,0.0,21:05:37,20260615,69825,472,1260128,19.479602813720703,-99.14828491210938,160.0,12.0,43.2,,,,1781558668,2026-06-15 15:24:28-06:00,,,3,L03d05-1 tenayuca - pueblo sta. cruz atoyac,,3,7A9A01,FFFFFF,,,,,,
metrobus,metrobus_vehicle_positions_enriched,2026-06-15T21:24:36Z,2026-06-15,20260615T212431Z,aade3b37-97ef-49c7-803b-aabc9ad0a15e,,,,,,69990,231,001A152,19.391191482543945,-99.04776763916016,120.0,0.0,0.0,,,,1781558659,2026-06-15 15:24:19-06:00,,,,,,,,,,,,,,
metrobus,metrobus_vehicle_positions_enriched,2026-06-15T21:24:36Z,2026-06-15,20260615T212431Z,97c388de-be9e-49db-b223-a109fcc6eccf,,19566,0.0,20:49:33,20260615,69991,232,001A153,19.385900497436523,-99.04531860351562,297.0,0.0,0.0,,,,1781558658,2026-06-15 15:24:18-06:00,,,2,L02c03-1 tepalcates - col. del valle,,3,8D1A96,FFFFFF,,,,,,
metrobus,metrobus_vehicle_positions_enriched,2026-06-15T21:24:36Z,2026-06-15,20260615T212431Z,5366c00f-675c-40a8-ab7c-41e014237d07,,19559,0.0,06:29:34,20260615,69992,233,001A154,19.49005889892578,-99.09171295166016,268.0,0.0,0.0,,,,1781507626,2026-06-15 01:13:46-06:00,,,5,L05f05-1 río de los remedios - preparatoria 1,,3,141982,FFFFFF,,,,,,
metrobus,metrobus_vehicle_positions_enriched,2026-06-15T21:24:36Z,2026-06-15,20260615T212431Z,68d6860c-54a4-4a93-88b4-c0721da16640,,,,,,69994,235,001A156,19.38559913635254,-99.04572296142578,120.0,0.0,0.0,,,,1781550972,2026-06-15 13:16:12-06:00,,,,,,,,,,,,,,
metrobus,metrobus_vehicle_positions_enriched,2026-06-15T21:24:36Z,2026-06-15,20260615T212431Z,7379ef51-3836-4fa2-a946-09370e1c864d,,,,,,71179,5016,,19.422527313232422,-99.09202575683594,0.0,0.0,0.0,,,,1781546212,2026-06-15 11:56:52-06:00,,,,,,,,,,,,,,
metrobus,metrobus_vehicle_positions_enriched,2026-06-15T21:24:36Z,2026-06-15,20260615T212431Z,4fe59d35-a7a3-4f28-806b-daa145630251,,,,,,72777,5017,,19.423112869262695,-99.09166717529297,0.0,0.0,0.0,,,,1781545083,2026-06-15 11:38:03-06:00,,,,,,,,,,,,,,
metrobus,metrobus_vehicle_positions_enriched,2026-06-15T21:24:36Z,2026-06-15,20260615T212431Z,150bf874-ecaf-43e2-b879-87cd920ba177,,,,,,71186,5018,,19.42323112487793,-99.09166717529297,0.0,0.0,0.0,,,,1781458787,2026-06-14 11:39:47-06:00,,,,,,,,,,,,,,
metrobus,metrobus_vehicle_positions_enriched,2026-06-15T21:24:36Z,2026-06-15,20260615T212431Z,b64c2042-241d-49b7-a76d-8240069a887c,,,,,,71188,5019,,19.42497444152832,-99.13079071044922,102.0,0.0,0.0,,,,1781558661,2026-06-15 15:24:21-06:00,,,,,,,,,,,,,,
metrobus,metrobus_vehicle_positions_enriched,2026-06-15T21:24:36Z,2026-06-15,20260615T212431Z,be1b5f92-c30e-417a-829b-fae3bde82c69,,,,,,71195,5030,,19.422351837158203,-99.09207153320312,0.0,0.0,0.0,,,,1781546733,2026-06-15 12:05:33-06:00,,,,,,,,,,,,,,
metrobus,metrobus_vehicle_positions_enriched,2026-06-15T21:24:36Z,2026-06-15,20260615T212431Z,d0bf6c10-6cb4-4f81-ba90-65d2df72bcfa,,,,,,71196,5031,,19.423147201538086,-99.09236145019531,0.0,0.0,0.0,,,,1781558659,2026-06-15 15:24:19-06:00,,,,,,,,,,,,,,
metrobus,metrobus_vehicle_positions_enriched,2026-06-15T21:24:36Z,2026-06-15,20260615T212431Z,9f558656-ea88-40ed-881b-bedf213b75ba,,,,,,71198,5032,,19.42255973815918,-99.09190368652344,0.0,0.0,0.0,,,,1781552962,2026-06-15 13:49:22-06:00,,,,,,,,,,,,,,
metrobus,metrobus_vehicle_positions_enriched,2026-06-15T21:24:36Z,2026-06-15,20260615T212431Z,99a0f9b5-aca2-4df8-a889-92a72b6d161e,,,,,,71202,5033,,19.42285919189453,-99.09209442138672,0.0,0.0,0.0,,,,1781545976,2026-06-15 11:52:56-06:00,,,,,,,,,,,,,,
metrobus,metrobus_vehicle_positions_enriched,2026-06-15T21:24:36Z,2026-06-15,20260615T212431Z,e50aa800-296d-475a-ab8d-3667202c9a58,,,,,,71203,5034,,19.422880172729492,-99.09196472167969,0.0,0.0,0.0,,,,1781547142,2026-06-15 12:12:22-06:00,,,,,,,,,,,,,,
metrobus,metrobus_vehicle_positions_enriched,2026-06-15T21:24:36Z,2026-06-15,20260615T212431Z,761d5916-3d81-426c-95bd-a8d616c5ade0,,,,,,74948,5035,,19.422887802124023,-99.0921859741211,0.0,0.0,0.0,,,,1781545929,2026-06-15 11:52:09-06:00,,,,,,,,,,,,,,
metrobus,metrobus_vehicle_positions_enriched,2026-06-15T21:24:36Z,2026-06-15,20260615T212431Z,ee1e6ea6-3444-49ca-a1c2-7852c25e4e5c,,,,,,71205,5036,,19.42281150817871,-99.09209442138672,0.0,0.0,0.0,,,,1781547330,2026-06-15 12:15:30-06:00,,,,,,,,,,,,,,
metrobus,metrobus_vehicle_positions_enriched,2026-06-15T21:24:36Z,2026-06-15,20260615T212431Z,c8307b80-813c-48e4-a1fd-ef6234be9cc1,,,,,,71207,5037,,19.423091888427734,-99.0915756225586,0.0,0.0,0.0,,,,1781343705,2026-06-13 03:41:45-06:00,,,,,,,,,,,,,,
metrobus,metrobus_vehicle_positions_enriched,2026-06-15T21:24:36Z,2026-06-15,20260615T212431Z,936db7f6-f2e7-45bc-b4f6-6bc9038faafd,,,,,,71192,5027,,19.42414665222168,-99.13089752197266,860.0,0.0,0.0,,,,1781558661,2026-06-15 15:24:21-06:00,,,,,,,,,,,,,,
metrobus,metrobus_vehicle_positions_enriched,2026-06-15T21:24:36Z,2026-06-15,20260615T212431Z,3b0d6594-4826-4224-9bb9-2cc346928e59,,,,,,71193,5028,,19.422338485717773,-99.0920181274414,0.0,0.0,0.0,,,,1781546694,2026-06-15 12:04:54-06:00,,,,,,,,,,,,,,
metrobus,metrobus_vehicle_positions_enriched,2026-06-15T21:24:36Z,2026-06-15,20260615T212431Z,cca78c4a-0350-4e98-a6b2-4f87b6d5c32d,,,,,,71194,5029,,19.43761444091797,-99.11006164550781,273.0,34.0,122.4,,,,1781558666,2026-06-15 15:24:26-06:00,,,,,,,,,,,,,,
metrobus,metrobus_vehicle_positions_enriched,2026-06-15T21:24:36Z,2026-06-15,20260615T212431Z,2be38e59-fe52-4d75-9623-c9e019af4317,,,,,,71216,5042,,19.42249298095703,-99.0919189453125,0.0,0.0,0.0,,,,1781227743,2026-06-11 19:29:03-06:00,,,,,,,,,,,,,,
metrobus,metrobus_vehicle_positions_enriched,2026-06-15T21:24:36Z,2026-06-15,20260615T212431Z,297c308c-66a8-4b80-a2b4-19891a9deda3,,,,,,71218,5043,,19.42241859436035,-99.09212493896484,0.0,0.0,0.0,,,,1781554965,2026-06-15 14:22:45-06:00,,,,,,,,,,,,,,
metrobus,metrobus_vehicle_positions_enriched,2026-06-15T21:24:36Z,2026-06-15,20260615T212431Z,bf0fb73d-a3c1-478a-901e-706e007c84d5,,,,,,71219,5044,,19.427583694458008,-99.11933898925781,314.0,13.0,46.800000000000004,,,,1781558666,2026-06-15 15:24:26-06:00,,,,,,,,,,,,,,
metrobus,metrobus_vehicle_positions_enriched,2026-06-15T21:24:36Z,2026-06-15,20260615T212431Z,a4629cec-99b2-4c11-9119-9f89d687faad,,,,,,71217,5045,,19.42243766784668,-99.09210968017578,0.0,0.0,0.0,,,,1781546629,2026-06-15 12:03:49-06:00,,,,,,,,,,,,,,
metrobus,metrobus_vehicle_positions_enriched,2026-06-15T21:24:36Z,2026-06-15,20260615T212431Z,a0658a11-926d-4b5b-8e37-02fdb9fc9d3c,,19458,1.0,21:04:44,20260615,69828,9403,003A010,19.468217849731445,-99.14390563964844,340.0,0.0,0.0,,,,1781558644,2026-06-15 15:24:04-06:00,,,3,L03d04-2 balderas - tenayuca,,3,7A9A01,FFFFFF,,,,,,
metrobus,metrobus_vehicle_positions_enriched,2026-06-15T21:24:36Z,2026-06-15,20260615T212431Z,5d22e050-633b-49e8-8653-a70a39c1af64,,,,,,71215,5046,,19.417078018188477,-99.07356262207031,278.0,0.0,0.0,,,,1781558662,2026-06-15 15:24:22-06:00,,,,,,,,,,,,,,
metrobus,metrobus_vehicle_positions_enriched,2026-06-15T21:24:36Z,2026-06-15,20260615T212431Z,5f618406-7696-4143-848e-51b1e1856647,,19457,0.0,20:48:49,20260615,69829,9404,003A011,19.44333839416504,-99.1478500366211,192.0,35.0,126.0,,,,1781558668,2026-06-15 15:24:28-06:00,,,3,L03d04-1 tenayuca - balderas,,3,7A9A01,FFFFFF,,,,,,
metrobus,metrobus_vehicle_positions_enriched,2026-06-15T21:24:36Z,2026-06-15,20260615T212431Z,239a0a6a-7c70-4125-9782-c88ffa4c3cd7,,,,,,71213,5047,,19.417116165161133,-99.073974609375,277.0,0.0,0.0,,,,1781558659,2026-06-15 15:24:19-06:00,,,,,,,,,,,,,,
metrobus,metrobus_vehicle_positions_enriched,2026-06-15T21:24:36Z,2026-06-15,20260615T212431Z,31b7069b-d54a-44d6-a451-ca08a30e44d7,,,,,,69826,9401,TienepermisodeSEMOVI,19.426328659057617,-99.14899444580078,960.0,0.0,0.0,,,,1781558659,2026-06-15 15:24:19-06:00,,,,,,,,,,,,,,
metrobus,metrobus_vehicle_positions_enriched,2026-06-15T21:24:36Z,2026-06-15,20260615T212431Z,5d2d9532-a145-4498-9164-570bd476bae3,,,,,,74963,5048,,19.417037963867188,-99.07335662841797,882.0,0.0,0.0,,,,1781557017,2026-06-15 14:56:57-06:00,,,,,,,,,,,,,,
metrobus,metrobus_vehicle_positions_enriched,2026-06-15T21:24:36Z,2026-06-15,20260615T212431Z,86a4228b-c7a0-49b2-be59-1e84596eeaa9,,19457,0.0,20:39:38,20260615,69827,9402,003A009,19.431848526000977,-99.14805603027344,191.0,0.0,0.0,,,,1781558660,2026-06-15 15:24:20-06:00,,,3,L03d04-1 tenayuca - balderas,,3,7A9A01,FFFFFF,,,,,,
metrobus,metrobus_vehicle_positions_enriched,2026-06-15T21:24:36Z,2026-06-15,20260615T212431Z,68f6128b-ede1-43dc-b0f5-b2461646d95c,,,,,,71212,5040,,19.422836303710938,-99.09193420410156,0.0,0.0,0.0,,,,1781441244,2026-06-14 06:47:24-06:00,,,,,,,,,,,,,,
metrobus,metrobus_vehicle_positions_enriched,2026-06-15T21:24:36Z,2026-06-15,20260615T212431Z,b192c815-591d-4dda-a562-ef157abf4333,,,,,,71209,5038,,19.422489166259766,-99.09197998046875,0.0,0.0,0.0,,,,1781547203,2026-06-15 12:13:23-06:00,,,,,,,,,,,,,,
metrobus,metrobus_vehicle_positions_enriched,2026-06-15T21:24:36Z,2026-06-15,20260615T212431Z,6f3713b9-317e-4070-886a-6aaf5e99317d,,,,,,71211,5039,,19.423112869262695,-99.09156036376953,0.0,0.0,0.0,,,,1781503933,2026-06-15 00:12:13-06:00,,,,,,,,,,,,,,
metrobus,metrobus_vehicle_positions_enriched,2026-06-15T21:24:36Z,2026-06-15,20260615T212431Z,b26bd91e-ac2f-4841-b5e8-9c7ccb69a78a,,19458,1.0,21:22:44,20260615,69835,9410,003A017,19.43120765686035,-99.14756774902344,144.0,0.0,0.0,,,,1781558655,2026-06-15 15:24:15-06:00,,,3,L03d04-2 balderas - tenayuca,,3,7A9A01,FFFFFF,,,,,,
metrobus,metrobus_vehicle_positions_enriched,2026-06-15T21:24:36Z,2026-06-15,20260615T212431Z,26ed1e6d-da55-40d6-a6b4-d95615d167c3,,19519,0.0,17:31:26,20260615,71200,5052,,19.422815322875977,-99.09194946289062,253.0,0.0,0.0,,,,1781546388,2026-06-15 11:59:48-06:00,,,4,L04e04-1 pantitlán - hidalgo,,3,FF9A03,FFFFFF,,,,,,
metrobus,metrobus_vehicle_positions_enriched,2026-06-15T21:24:36Z,2026-06-15,20260615T212431Z,f8a1a291-520c-4a18-9761-ffd6c1f956c7,,,,,,71199,5053,,19.42293930053711,-99.09208679199219,0.0,0.0,0.0,,,,1781553339,2026-06-15 13:55:39-06:00,,,,,,,,,,,,,,
metrobus,metrobus_vehicle_positions_enriched,2026-06-15T21:24:36Z,2026-06-15,20260615T212431Z,b658bd31-815c-4ff9-84e3-abe3874fcd4f,,19460,1.0,20:45:16,20260615,69836,9411,,19.449615478515625,-99.1463623046875,124.0,43.0,154.8,,,,1781558651,2026-06-15 15:24:11-06:00,,,3,L03d05-2 pueblo sta. cruz atoyac  - tenayuca,,3,7A9A01,FFFFFF,,,,,,
metrobus,metrobus_vehicle_positions_enriched,2026-06-15T21:24:36Z,2026-06-15,20260615T212431Z,901aad58-578d-429a-b6ad-54a545d8b5b9,,,,,,71197,5054,,19.417118072509766,-99.07404327392578,277.0,0.0,0.0,,,,1781558666,2026-06-15 15:24:26-06:00,,,,,,,,,,,,,,
metrobus,metrobus_vehicle_positions_enriched,2026-06-15T21:24:36Z,2026-06-15,20260615T212431Z,07fb85af-c30f-4895-8267-1475dceda619,,19455,0.0,20:55:12,20260615,69839,9414,,19.45782470703125,-99.14456939697266,192.0,36.0,129.6,,,,1781558660,2026-06-15 15:24:20-06:00,,,3,L03d02-1 tenayuca - buenavista,,3,7A9A01,FFFFFF,,,,,,
metrobus,metrobus_vehicle_positions_enriched,2026-06-15T21:24:36Z,2026-06-15,20260615T212431Z,bdec8430-214c-423d-be97-cd6da3401388,,19519,0.0,21:16:23,20260615,72781,5056,,19.416921615600586,-99.07264709472656,202.0,0.0,0.0,,,,1781558665,2026-06-15 15:24:25-06:00,,,4,L04e04-1 pantitlán - hidalgo,,3,FF9A03,FFFFFF,,,,,,
metrobus,metrobus_vehicle_positions_enriched,2026-06-15T21:24:36Z,2026-06-15,20260615T212431Z,9ed41e20-0c6f-4e7a-ba55-70c4892c7c83,,27310,1.0,21:14:08,20260615,74652,5057,,19.421003341674805,-99.07856750488281,145.0,7.0,25.2,,,,1781558666,2026-06-15 15:24:26-06:00,,,,,,,,,,,,,,
metrobus,metrobus_vehicle_positions_enriched,2026-06-15T21:24:36Z,2026-06-15,20260615T212431Z,35f6a10c-b5ee-416a-951c-4cb210f7958d,,19458,1.0,21:07:05,20260615,69840,9415,,19.46025848388672,-99.14395141601562,125.0,11.0,39.6,,,,1781558664,2026-06-15 15:24:24-06:00,,,3,L03d04-2 balderas - tenayuca,,3,7A9A01,FFFFFF,,,,,,
metrobus,metrobus_vehicle_positions_enriched,2026-06-15T21:24:36Z,2026-06-15,20260615T212431Z,c4f958e7-77fb-447d-b7c9-169575750bd0,,19457,0.0,21:19:49,20260615,69837,9412,,19.52025032043457,-99.1640853881836,157.0,30.0,108.0,,,,1781558659,2026-06-15 15:24:19-06:00,,,3,L03d04-1 tenayuca - balderas,,3,7A9A01,FFFFFF,,,,,,
metrobus,metrobus_vehicle_positions_enriched,2026-06-15T21:24:36Z,2026-06-15,20260615T212431Z,b376116a-fa6c-49b9-97ea-cf6aa0ced0aa,,27310,1.0,21:16:14,20260615,73391,5058,,19.42105484008789,-99.07844543457031,315.0,0.0,0.0,,,,1781558657,2026-06-15 15:24:17-06:00,,,,,,,,,,,,,,
metrobus,metrobus_vehicle_positions_enriched,2026-06-15T21:24:36Z,2026-06-15,20260615T212431Z,5abe0ba8-719a-471f-a23f-300ecbfe95a3,,19460,1.0,20:26:21,20260615,69838,9413,,19.48503303527832,-99.15023040771484,342.0,0.0,0.0,,,,1781558661,2026-06-15 15:24:21-06:00,,,3,L03d05-2 pueblo sta. cruz atoyac  - tenayuca,,3,7A9A01,FFFFFF,,,,,,
metrobus,metrobus_vehicle_positions_enriched,2026-06-15T21:24:36Z,2026-06-15,20260615T212431Z,add64fbd-55a2-4041-b3a6-035ea5a93ed3,,27310,1.0,20:44:00,20260615,74648,5059,,19.427377700805664,-99.11597442626953,187.0,0.0,0.0,,,,1781558663,2026-06-15 15:24:23-06:00,,,,,,,,,,,,,,
metrobus,metrobus_vehicle_positions_enriched,2026-06-15T21:24:36Z,2026-06-15,20260615T212431Z,afdb8ee8-00c0-4bbc-b17f-c7002f179fc9,,,,,,71206,5050,,19.42247772216797,-99.09188842773438,0.0,0.0,0.0,,,,1781546573,2026-06-15 12:02:53-06:00,,,,,,,,,,,,,,
metrobus,metrobus_vehicle_positions_enriched,2026-06-15T21:24:36Z,2026-06-15,20260615T212431Z,a85e3855-bd3b-4126-bac7-61e1d3a5878b,,,,,,71201,5051,,19.42538070678711,-99.13075256347656,740.0,0.0,0.0,,,,1781558657,2026-06-15 15:24:17-06:00,,,,,,,,,,,,,,
metrobus,metrobus_vehicle_positions_enriched,2026-06-15T21:24:36Z,2026-06-15,20260615T212431Z,4d514b56-5a58-4267-8189-7d4d003052a8,,,,,,71208,5049,,19.42240333557129,-99.09173583984375,0.0,0.0,0.0,,,,1781546535,2026-06-15 12:02:15-06:00,,,,,,,,,,,,,,
metrobus,metrobus_vehicle_positions_enriched,2026-06-15T21:24:36Z,2026-06-15,20260615T212431Z,2edab978-56d2-48f9-af2b-e6b9cd28a784,,19457,0.0,20:57:56,20260615,69832,9407,003A014,19.46333885192871,-99.14418029785156,219.0,9.0,32.4,,,,1781558667,2026-06-15 15:24:27-06:00,,,3,L03d04-1 tenayuca - balderas,,3,7A9A01,FFFFFF,,,,,,
metrobus,metrobus_vehicle_positions_enriched,2026-06-15T21:24:36Z,2026-06-15,20260615T212431Z,3b9610f5-d35e-4658-9700-b29afeccb9b8,,19460,1.0,20:13:21,20260615,74084,9405,,19.52094078063965,-99.164306640625,336.0,34.0,122.4,,,,1781558665,2026-06-15 15:24:25-06:00,,,3,L03d05-2 pueblo sta. cruz atoyac  - tenayuca,,3,7A9A01,FFFFFF,,,,,,
metrobus,metrobus_vehicle_positions_enriched,2026-06-15T21:24:36Z,2026-06-15,20260615T212431Z,d15e5cdd-09ac-4de9-ba45-40f7d822357c,,19457,0.0,21:06:14,20260615,69831,9406,003A013,19.48902130126953,-99.15184020996094,161.0,0.0,0.0,,,,1781558659,2026-06-15 15:24:19-06:00,,,3,L03d04-1 tenayuca - balderas,,3,7A9A01,FFFFFF,,,,,,
metrobus,metrobus_vehicle_positions_enriched,2026-06-15T21:24:36Z,2026-06-15,20260615T212431Z,0a3baa5d-dc64-4a40-8d5f-4bc431c20b55,,19457,0.0,20:50:18,20260615,69834,9409,003A016,19.44725227355957,-99.14697265625,191.0,44.0,158.4,,,,1781558667,2026-06-15 15:24:27-06:00,,,3,L03d04-1 tenayuca - balderas,,3,7A9A01,FFFFFF,,,,,,
metrobus,metrobus_vehicle_positions_enriched,2026-06-15T21:24:36Z,2026-06-15,20260615T212431Z,65f2e1af-1da9-4bdb-8f9b-dd036da3a1ae,,,,,,67988,9421,,19.529499053955078,-99.17012023925781,176.0,0.0,0.0,,,,1781558655,2026-06-15 15:24:15-06:00,,,,,,,,,,,,,,
metrobus,metrobus_vehicle_positions_enriched,2026-06-15T21:24:36Z,2026-06-15,20260615T212431Z,d7ecc264-3bdf-4e81-bf42-70836228e4e6,,27311,0.0,20:46:36,20260615,74650,5063,,19.429086685180664,-99.09099578857422,279.0,39.0,140.4,,,,1781558655,2026-06-15 15:24:15-06:00,,,,,,,,,,,,,,
metrobus,metrobus_vehicle_positions_enriched,2026-06-15T21:24:36Z,2026-06-15,20260615T212431Z,74517f62-928a-4a85-bb95-a71688c60b0a,,,,,,74659,5064,,19.42304229736328,-99.09159851074219,0.0,0.0,0.0,,,,1781558573,2026-06-15 15:22:53-06:00,,,,,,,,,,,,,,
metrobus,metrobus_vehicle_positions_enriched,2026-06-15T21:24:36Z,2026-06-15,20260615T212431Z,bf83358b-9643-47be-8bf4-7ef214ce5134,,,,,,67987,9422,,19.36583137512207,-99.16239166259766,193.0,28.0,100.8,,,,1781558660,2026-06-15 15:24:20-06:00,,,,,,,,,,,,,,
metrobus,metrobus_vehicle_positions_enriched,2026-06-15T21:24:36Z,2026-06-15,20260615T212431Z,5b257db2-39de-4141-be76-7ee3efe746d3,,27310,1.0,20:54:27,20260615,74644,5065,,19.43764305114746,-99.11153411865234,272.0,28.0,100.8,,,,1781558661,2026-06-15 15:24:21-06:00,,,,,,,,,,,,,,
metrobus,metrobus_vehicle_positions_enriched,2026-06-15T21:24:36Z,2026-06-15,20260615T212431Z,c49404bf-bce0-449b-bfce-77fd7b1c9cac,,19459,0.0,20:54:00,20260615,69845,9420,,19.45294189453125,-99.14566040039062,191.0,23.0,82.8,,,,1781558663,2026-06-15 15:24:23-06:00,,,3,L03d05-1 tenayuca - pueblo sta. cruz atoyac,,3,7A9A01,FFFFFF,,,,,,
metrobus,metrobus_vehicle_positions_enriched,2026-06-15T21:24:36Z,2026-06-15,20260615T212431Z,f139e5fb-aa4f-4fc6-aa94-d5525f37692f,,27311,0.0,21:08:29,20260615,74667,5066,,19.425127029418945,-99.11986541748047,860.0,22.0,79.2,,,,1781558662,2026-06-15 15:24:22-06:00,,,,,,,,,,,,,,
metrobus,metrobus_vehicle_positions_enriched,2026-06-15T21:24:36Z,2026-06-15,20260615T212431Z,12436634-7a1c-4efe-86b2-1f95948ae8c4,,,,,,69850,9425,,19.445728302001953,-99.15203094482422,98.0,0.0,0.0,,,,1781558665,2026-06-15 15:24:25-06:00,,,,,,,,,,,,,,
metrobus,metrobus_vehicle_positions_enriched,2026-06-15T21:24:36Z,2026-06-15,20260615T212431Z,59fdcb7d-d97b-4525-8abd-81c8ddb7f267,,,,,,74647,5067,,19.426219940185547,-99.1299819946289,985.0,14.0,50.4,,,,1781558652,2026-06-15 15:24:12-06:00,,,,,,,,,,,,,,
metrobus,metrobus_vehicle_positions_enriched,2026-06-15T21:24:36Z,2026-06-15,20260615T212431Z,5a736247-bae1-49b4-8b0e-48dbe8f5baa0,,19459,0.0,20:48:08,20260615,69851,9426,,19.440324783325195,-99.14865112304688,196.0,0.0,0.0,,,,1781558657,2026-06-15 15:24:17-06:00,,,3,L03d05-1 tenayuca - pueblo sta. cruz atoyac,,3,7A9A01,FFFFFF,,,,,,
metrobus,metrobus_vehicle_positions_enriched,2026-06-15T21:24:36Z,2026-06-15,20260615T212431Z,e2362af4-6003-4d1d-a292-4acb419d8170,,27310,1.0,21:23:56,20260615,74669,5068,,19.43491554260254,-99.08516693115234,266.0,30.0,108.0,,,,1781558666,2026-06-15 15:24:26-06:00,,,,,,,,,,,,,,
metrobus,metrobus_vehicle_positions_enriched,2026-06-15T21:24:36Z,2026-06-15,20260615T212431Z,9543977d-5585-477d-92f3-89aab54d5d17,,19457,0.0,21:13:56,20260615,69848,9423,,19.5024471282959,-99.15672302246094,158.0,33.0,118.8,,,,1781558653,2026-06-15 15:24:13-06:00,,,3,L03d04-1 tenayuca - balderas,,3,7A9A01,FFFFFF,,,,,,
metrobus,metrobus_vehicle_positions_enriched,2026-06-15T21:24:36Z,2026-06-15,20260615T212431Z,c9274267-16c9-4795-8c0c-656e4e8ee258,,19457,0.0,21:02:06,20260615,69849,9424,,19.469385147094727,-99.14437866210938,160.0,40.0,144.0,,,,1781558652,2026-06-15 15:24:12-06:00,,,3,L03d04-1 tenayuca - balderas,,3,7A9A01,FFFFFF,,,,,,
metrobus,metrobus_vehicle_positions_enriched,2026-06-15T21:24:36Z,2026-06-15,20260615T212431Z,7db29021-dc32-48e1-bbe0-e8ab59ae6ced,,,,,,74651,5060,,19.422710418701172,-99.09244537353516,0.0,0.0,0.0,,,,1781524498,2026-06-15 05:54:58-06:00,,,,,,,,,,,,,,
metrobus,metrobus_vehicle_positions_enriched,2026-06-15T21:24:36Z,2026-06-15,20260615T212431Z,a49095be-8c0c-4614-8327-a35b440fe1d6,,27310,1.0,20:53:09,20260615,74646,5061,,19.43111228942871,-99.11540985107422,189.0,0.0,0.0,,,,1781558658,2026-06-15 15:24:18-06:00,,,,,,,,,,,,,,
metrobus,metrobus_vehicle_positions_enriched,2026-06-15T21:24:36Z,2026-06-15,20260615T212431Z,08d461ba-ba3d-413c-8c5d-c7759e7d4a85,,27310,1.0,20:36:58,20260615,74660,5062,,19.42380714416504,-99.13091278076172,339.0,0.0,0.0,,,,1781558663,2026-06-15 15:24:23-06:00,,,,,,,,,,,,,,
metrobus,metrobus_vehicle_positions_enriched,2026-06-15T21:24:36Z,2026-06-15,20260615T212431Z,42c92fab-b37f-4ddc-8310-59385250a939,,19458,1.0,20:44:37,20260615,69843,9418,,19.513338088989258,-99.16108703613281,337.0,39.0,140.4,,,,1781558665,2026-06-15 15:24:25-06:00,,,3,L03d04-2 balderas - tenayuca,,3,7A9A01,FFFFFF,,,,,,
metrobus,metrobus_vehicle_positions_enriched,2026-06-15T21:24:36Z,2026-06-15,20260615T212431Z,500f62fb-afaa-44a8-82ad-1113b3324e3f,,19429,0.0,21:02:16,20260615,69844,9419,,19.47629737854004,-99.1469955444336,160.0,45.0,162.0,,,,1781558662,2026-06-15 15:24:22-06:00,,,3,L03d03-1 tenayuca - la raza,,3,7A9A01,FFFFFF,,,,,,
metrobus,metrobus_vehicle_positions_enriched,2026-06-15T21:24:36Z,2026-06-15,20260615T212431Z,6b64e937-7451-48eb-ac2c-097cbcde515e,,19460,1.0,20:52:09,20260615,69841,9416,,19.436128616333008,-99.14840698242188,282.0,8.0,28.8,,,,1781558658,2026-06-15 15:24:18-06:00,,,3,L03d05-2 pueblo sta. cruz atoyac  - tenayuca,,3,7A9A01,FFFFFF,,,,,,
metrobus,metrobus_vehicle_positions_enriched,2026-06-15T21:24:36Z,2026-06-15,20260615T212431Z,3a79c30c-babb-4417-aad9-776f4a461819,,19460,1.0,20:36:46,20260615,69842,9417,,19.4643497467041,-99.14334106445312,274.0,43.0,154.8,,,,1781558653,2026-06-15 15:24:13-06:00,,,3,L03d05-2 pueblo sta. cruz atoyac  - tenayuca,,3,7A9A01,FFFFFF,,,,,,
metrobus,metrobus_vehicle_positions_enriched,2026-06-15T21:24:36Z,2026-06-15,20260615T212431Z,fc7ef5e3-a36a-4ebb-8b2c-634b8753b713,,,,,,69857,9432,,19.455713272094727,-99.14498901367188,118.0,14.0,50.4,,,,1781558655,2026-06-15 15:24:15-06:00,,,,,,,,,,,,,,
metrobus,metrobus_vehicle_positions_enriched,2026-06-15T21:24:36Z,2026-06-15,20260615T212431Z,890a41cc-e3f5-4543-bbef-e1c655d14c63,,19458,1.0,20:54:11,20260615,69858,9433,,19.489233016967773,-99.15184783935547,339.0,31.0,111.60000000000001,,,,1781558664,2026-06-15 15:24:24-06:00,,,3,L03d04-2 balderas - tenayuca,,3,7A9A01,FFFFFF,,,,,,
metrobus,metrobus_vehicle_positions_enriched,2026-06-15T21:24:36Z,2026-06-15,20260615T212431Z,b19b5181-3ad0-4053-9458-0a38addfcbf4,,19458,1.0,20:41:43,20260615,69855,9430,,19.526639938354492,-99.1686019897461,323.0,0.0,0.0,,,,1781558660,2026-06-15 15:24:20-06:00,,,3,L03d04-2 balderas - tenayuca,,3,7A9A01,FFFFFF,,,,,,
metrobus,metrobus_vehicle_positions_enriched,2026-06-15T21:24:36Z,2026-06-15,20260615T212431Z,70fbf875-e49b-406d-a06d-9e18a04a54d1,,19458,1.0,20:56:25,20260615,69856,9431,,19.480722427368164,-99.1486587524414,338.0,30.0,108.0,,,,1781558655,2026-06-15 15:24:15-06:00,,,3,L03d04-2 balderas - tenayuca,,3,7A9A01,FFFFFF,,,,,,
metrobus,metrobus_vehicle_positions_enriched,2026-06-15T21:24:36Z,2026-06-15,20260615T212431Z,0f9b227b-3bc2-4b7d-a0ef-c6295326bedb,,,,,,69861,9436,,19.446487426757812,-99.15249633789062,280.0,4.0,14.4,,,,1781558660,2026-06-15 15:24:20-06:00,,,,,,,,,,,,,,
metrobus,metrobus_vehicle_positions_enriched,2026-06-15T21:24:36Z,2026-06-15,20260615T212431Z,3e61cbcd-8767-41e8-9de9-9e96ca7bec21,,19460,1.0,20:23:04,20260615,69862,9437,,19.49970054626465,-99.15576171875,342.0,0.0,0.0,,,,1781558662,2026-06-15 15:24:22-06:00,,,3,L03d05-2 pueblo sta. cruz atoyac  - tenayuca,,3,7A9A01,FFFFFF,,,,,,
metrobus,metrobus_vehicle_positions_enriched,2026-06-15T21:24:36Z,2026-06-15,20260615T212431Z,a6ac3f05-bc96-4f0a-8e14-ef3ae4d441bf,,19460,1.0,21:01:21,20260615,69859,9434,,19.422510147094727,-99.15391540527344,420.0,42.0,151.20000000000002,,,,1781558650,2026-06-15 15:24:10-06:00,,,3,L03d05-2 pueblo sta. cruz atoyac  - tenayuca,,3,7A9A01,FFFFFF,,,,,,
metrobus,metrobus_vehicle_positions_enriched,2026-06-15T21:24:36Z,2026-06-15,20260615T212431Z,51feebef-1b29-4493-be9d-1154b8df2afe,,,,,,69860,9435,,19.528383255004883,-99.17017364501953,169.0,0.0,0.0,,,,1781558650,2026-06-15 15:24:10-06:00,,,,,,,,,,,,,,
metrobus,metrobus_vehicle_positions_enriched,2026-06-15T21:24:36Z,2026-06-15,20260615T212431Z,6b8671e9-a204-4d52-abcd-278c6e3ef12c,,27310,1.0,20:27:59,20260615,73390,5070,,19.424753189086914,-99.13077545166016,440.0,7.0,25.2,,,,1781558668,2026-06-15 15:24:28-06:00,,,,,,,,,,,,,,
metrobus,metrobus_vehicle_positions_enriched,2026-06-15T21:24:36Z,2026-06-15,20260615T212431Z,a1f81226-f213-4a08-b2df-b39d6381d350,,27310,1.0,21:20:49,20260615,74668,5071,,19.423843383789062,-99.0867919921875,124.0,10.0,36.0,,,,1781558652,2026-06-15 15:24:12-06:00,,,,,,,,,,,,,,
metrobus,metrobus_vehicle_positions_enriched,2026-06-15T21:24:36Z,2026-06-15,20260615T212431Z,476b705f-7553-45ec-afaf-ae38c0b3255d,,27311,0.0,21:16:20,20260615,74658,5072,,19.423267364501953,-99.12566375732422,995.0,5.0,18.0,,,,1781558660,2026-06-15 15:24:20-06:00,,,,,,,,,,,,,,
metrobus,metrobus_vehicle_positions_enriched,2026-06-15T21:24:36Z,2026-06-15,20260615T212431Z,db9b08e0-6eae-4aa0-af8d-2fc02d5d96f1,,19459,0.0,21:06:29,20260615,70493,9429,,19.506189346313477,-99.1583480834961,159.0,41.0,147.6,,,,1781558659,2026-06-15 15:24:19-06:00,,,3,L03d05-1 tenayuca - pueblo sta. cruz atoyac,,3,7A9A01,FFFFFF,,,,,,
metrobus,metrobus_vehicle_positions_enriched,2026-06-15T21:24:36Z,2026-06-15,20260615T212431Z,35a4c146-228f-402c-8c5d-9debfd719fff,,,,,,69852,9427,,19.52900505065918,-99.17009735107422,356.0,0.0,0.0,,,,1781558668,2026-06-15 15:24:28-06:00,,,,,,,,,,,,,,
metrobus,metrobus_vehicle_positions_enriched,2026-06-15T21:24:36Z,2026-06-15,20260615T212431Z,80cdf2e2-2098-4484-b6ae-f8a53ca3639d,,19460,1.0,20:47:27,20260615,69853,9428,,19.441675186157227,-99.14818572998047,148.0,30.0,108.0,,,,1781558662,2026-06-15 15:24:22-06:00,,,3,L03d05-2 pueblo sta. cruz atoyac  - tenayuca,,3,7A9A01,FFFFFF,,,,,,
metrobus,metrobus_vehicle_positions_enriched,2026-06-15T21:24:36Z,2026-06-15,20260615T212431Z,d38a5683-0653-4efa-9bce-ac23496b9454,,,,,,69868,9443,,19.369430541992188,-99.16154479980469,193.0,0.0,0.0,,,,1781558659,2026-06-15 15:24:19-06:00,,,,,,,,,,,,,,
metrobus,metrobus_vehicle_positions_enriched,2026-06-15T21:24:36Z,2026-06-15,20260615T212431Z,e009acc6-37f7-4c5d-b876-474c4ec9fb0a,,19459,0.0,20:35:24,20260615,69869,9444,,19.419340133666992,-99.15420532226562,184.0,28.0,100.8,,,,1781558667,2026-06-15 15:24:27-06:00,,,3,L03d05-1 tenayuca - pueblo sta. cruz atoyac,,3,7A9A01,FFFFFF,,,,,,
metrobus,metrobus_vehicle_positions_enriched,2026-06-15T21:24:36Z,2026-06-15,20260615T212431Z,4f978eec-6774-4770-bc86-b0fddb16a6eb,,19460,1.0,21:19:48,20260615,69866,9441,,19.38056755065918,-99.15861511230469,177.0,0.0,0.0,,,,1781558660,2026-06-15 15:24:20-06:00,,,3,L03d05-2 pueblo sta. cruz atoyac  - tenayuca,,3,7A9A01,FFFFFF,,,,,,
metrobus,metrobus_vehicle_positions_enriched,2026-06-15T21:24:36Z,2026-06-15,20260615T212431Z,e62d629f-d981-41d9-9e3a-03a1ba0e11bb,,19458,1.0,20:47:01,20260615,69867,9442,,19.502540588378906,-99.15673828125,340.0,0.0,0.0,,,,1781558605,2026-06-15 15:23:25-06:00,,,3,L03d04-2 balderas - tenayuca,,3,7A9A01,FFFFFF,,,,,,
metrobus,metrobus_vehicle_positions_enriched,2026-06-15T21:24:36Z,2026-06-15,20260615T212431Z,dd52d6ba-599b-450f-bfde-4d2cf600e3c2,,19457,0.0,21:18:24,20260615,69872,9447,,19.515344619750977,-99.16192626953125,159.0,0.0,0.0,,,,1781558666,2026-06-15 15:24:26-06:00,,,3,L03d04-1 tenayuca - balderas,,3,7A9A01,FFFFFF,,,,,,
metrobus,metrobus_vehicle_positions_enriched,2026-06-15T21:24:36Z,2026-06-15,20260615T212431Z,135c8f13-fb5e-4b67-8426-1837416227f3,,19430,1.0,21:12:00,20260615,69873,9448,,19.492713928222656,-99.15316009521484,340.0,28.0,100.8,,,,1781558656,2026-06-15 15:24:16-06:00,,,3,L03d03-2 la raza - tenayuca,,3,7A9A01,FFFFFF,,,,,,
metrobus,metrobus_vehicle_positions_enriched,2026-06-15T21:24:36Z,2026-06-15,20260615T212431Z,824628c5-cfcb-40fb-8882-8ac5100cbe64,,19460,1.0,21:15:32,20260615,69870,9445,,19.3919734954834,-99.15629577636719,460.0,15.0,54.0,,,,1781558659,2026-06-15 15:24:19-06:00,,,3,L03d05-2 pueblo sta. cruz atoyac  - tenayuca,,3,7A9A01,FFFFFF,,,,,,
metrobus,metrobus_vehicle_positions_enriched,2026-06-15T21:24:36Z,2026-06-15,20260615T212431Z,335509d9-1cb0-4406-9977-b761d627f300,,19459,0.0,21:20:10,20260615,69871,9446,,19.52249526977539,-99.16535949707031,140.0,10.0,36.0,,,,1781558650,2026-06-15 15:24:10-06:00,,,3,L03d05-1 tenayuca - pueblo sta. cruz atoyac,,3,7A9A01,FFFFFF,,,,,,
metrobus,metrobus_vehicle_positions_enriched,2026-06-15T21:24:36Z,2026-06-15,20260615T212431Z,70aed468-1df3-4e9f-b37c-40a8f240b309,,19459,0.0,20:41:34,20260615,69865,9440,,19.435304641723633,-99.147705078125,188.0,0.0,0.0,,,,1781558655,2026-06-15 15:24:15-06:00,,,3,L03d05-1 tenayuca - pueblo sta. cruz atoyac,,3,7A9A01,FFFFFF,,,,,,
metrobus,metrobus_vehicle_positions_enriched,2026-06-15T21:24:36Z,2026-06-15,20260615T212431Z,970b353e-3b6d-42fa-951c-c726df922340,,,,,,69863,9438,,19.529144287109375,-99.17023468017578,189.0,0.0,0.0,,,,1781525355,2026-06-15 06:09:15-06:00,,,,,,,,,,,,,,
metrobus,metrobus_vehicle_positions_enriched,2026-06-15T21:24:36Z,2026-06-15,20260615T212431Z,f242c62b-51ed-4576-a982-6bbf4c886541,,19457,0.0,21:08:46,20260615,69864,9439,,19.490585327148438,-99.1523666381836,161.0,46.0,165.6,,,,1781558660,2026-06-15 15:24:20-06:00,,,3,L03d04-1 tenayuca - balderas,,3,7A9A01,FFFFFF,,,,,,
metrobus,metrobus_vehicle_positions_enriched,2026-06-15T21:24:36Z,2026-06-15,20260615T212431Z,98a6736e-071f-4c85-94d5-c9bfb9c3360b,,19459,0.0,21:10:58,20260615,69879,9454,,19.496004104614258,-99.15447998046875,160.0,10.0,36.0,,,,1781558667,2026-06-15 15:24:27-06:00,,,3,L03d05-1 tenayuca - pueblo sta. cruz atoyac,,3,7A9A01,FFFFFF,,,,,,
metrobus,metrobus_vehicle_positions_enriched,2026-06-15T21:24:36Z,2026-06-15,20260615T212431Z,a51eefb8-eb31-4dd3-bfc9-0616d1361398,,,,,,69880,9455,,19.426116943359375,-99.146240234375,317.0,0.0,0.0,,,,1781558456,2026-06-15 15:20:56-06:00,,,,,,,,,,,,,,
metrobus,metrobus_vehicle_positions_enriched,2026-06-15T21:24:36Z,2026-06-15,20260615T212431Z,4912756a-d760-4d5e-acfb-d4e48d5998bc,,,,,,69877,9452,,19.510787963867188,-99.15717315673828,0.0,0.0,0.0,,,,1781540411,2026-06-15 10:20:11-06:00,,,,,,,,,,,,,,
metrobus,metrobus_vehicle_positions_enriched,2026-06-15T21:24:36Z,2026-06-15,20260615T212431Z,a932951c-8c1d-4e47-a806-cf045aaa95fc,,19459,0.0,20:58:59,20260615,69878,9453,,19.467567443847656,-99.14374542236328,160.0,0.0,0.0,,,,1781558661,2026-06-15 15:24:21-06:00,,,3,L03d05-1 tenayuca - pueblo sta. cruz atoyac,,3,7A9A01,FFFFFF,,,,,,
metrobus,metrobus_vehicle_positions_enriched,2026-06-15T21:24:36Z,2026-06-15,20260615T212431Z,b7cef035-32a7-4f47-85b0-3503525723ea,,19456,1.0,21:12:40,20260615,69883,9458,,19.467092514038086,-99.14352416992188,340.0,0.0,0.0,,,,1781558660,2026-06-15 15:24:20-06:00,,,3,L03d02-2 buenavista - tenayuca,,3,7A9A01,FFFFFF,,,,,,
metrobus,metrobus_vehicle_positions_enriched,2026-06-15T21:24:36Z,2026-06-15,20260615T212431Z,ae807399-b10e-4b00-bd02-d86e46d81653,,19460,1.0,21:03:18,20260615,69884,9459,,19.41495704650879,-99.15447235107422,4.0,0.0,0.0,,,,1781558664,2026-06-15 15:24:24-06:00,,,3,L03d05-2 pueblo sta. cruz atoyac  - tenayuca,,3,7A9A01,FFFFFF,,,,,,
metrobus,metrobus_vehicle_positions_enriched,2026-06-15T21:24:36Z,2026-06-15,20260615T212431Z,99212f31-90cb-4879-874b-64b4aca58d6f,,,,,,69881,9456,,19.37117576599121,-99.16117858886719,194.0,0.0,0.0,,,,1781558662,2026-06-15 15:24:22-06:00,,,,,,,,,,,,,,
metrobus,metrobus_vehicle_positions_enriched,2026-06-15T21:24:36Z,2026-06-15,20260615T212431Z,8c526d90-cd38-4566-a41b-4d87d43f4d47,,19459,0.0,20:29:30,20260615,69882,9457,,19.41086769104004,-99.15492248535156,184.0,0.0,0.0,,,,1781558661,2026-06-15 15:24:21-06:00,,,3,L03d05-1 tenayuca - pueblo sta. cruz atoyac,,3,7A9A01,FFFFFF,,,,,,
metrobus,metrobus_vehicle_positions_enriched,2026-06-15T21:24:36Z,2026-06-15,20260615T212431Z,9c92b9f7-191b-4593-9dd9-06d32b5b51d8,,,,,,69875,9450,,19.433942794799805,-99.14649200439453,154.0,0.0,0.0,,,,1781558657,2026-06-15 15:24:17-06:00,,,,,,,,,,,,,,
metrobus,metrobus_vehicle_positions_enriched,2026-06-15T21:24:36Z,2026-06-15,20260615T212431Z,c5a69fd1-2ab6-4129-9cb1-6b6fc119e277,,19429,0.0,21:15:30,20260615,69876,9451,,19.50690460205078,-99.15859985351562,160.0,42.0,151.20000000000002,,,,1781558657,2026-06-15 15:24:17-06:00,,,3,L03d03-1 tenayuca - la raza,,3,7A9A01,FFFFFF,,,,,,
metrobus,metrobus_vehicle_positions_enriched,2026-06-15T21:24:36Z,2026-06-15,20260615T212431Z,eb968e54-4a94-4601-94f7-42ce5ef6f7e1,,19457,0.0,20:54:33,20260615,69874,9449,,19.456634521484375,-99.14483642578125,192.0,0.0,0.0,,,,1781558666,2026-06-15 15:24:26-06:00,,,3,L03d04-1 tenayuca - balderas,,3,7A9A01,FFFFFF,,,,,,
metrobus,metrobus_vehicle_positions_enriched,2026-06-15T21:24:36Z,2026-06-15,20260615T212431Z,be672ed4-eba9-4a1e-b058-ea9a14820d4e,,,,,,69885,9460,,19.4702205657959,-99.14466094970703,339.0,46.0,165.6,,,,1781558651,2026-06-15 15:24:11-06:00,,,,,,,,,,,,,,
metrobus,metrobus_vehicle_positions_enriched,2026-06-15T21:24:36Z,2026-06-15,20260615T212431Z,088acaf0-45e6-4053-a1cf-502e06d6e510,,,,,,69615,2603,002A905,19.50703239440918,-99.08565521240234,196.0,0.0,0.0,,,,1781558654,2026-06-15 15:24:14-06:00,,,,,,,,,,,,,,
metrobus,metrobus_vehicle_positions_enriched,2026-06-15T21:24:36Z,2026-06-15,20260615T212431Z,4c4122e0-6319-40b5-92cc-54b74ffae69b,,19558,1.0,20:40:08,20260615,69614,2602,002A904,19.418970108032227,-99.11210632324219,660.0,20.0,72.0,,,,1781558653,2026-06-15 15:24:13-06:00,,,5,L05f05-2 preparatoria 1 - río de los remedios,,3,141982,FFFFFF,,,,,,
metrobus,metrobus_vehicle_positions_enriched,2026-06-15T21:24:36Z,2026-06-15,20260615T212431Z,8c2f8f87-0771-4720-8c0a-931608fd7cea,,19557,1.0,20:42:20,20260615,69613,2601,002A903,19.418851852416992,-99.11212921142578,580.0,0.0,0.0,,,,1781558669,2026-06-15 15:24:29-06:00,,,5,L05f04-2 preparatoria 1 - san lázaro sur,,3,141982,FFFFFF,,,,,,
metrobus,metrobus_vehicle_positions_enriched,2026-06-15T21:24:36Z,2026-06-15,20260615T212431Z,58136aef-06e5-449d-8e8c-f897da996218,,,,,,69621,2609,002A911,19.304752349853516,-99.10137939453125,182.0,0.0,0.0,,,,1781494690,2026-06-14 21:38:10-06:00,,,,,,,,,,,,,,
metrobus,metrobus_vehicle_positions_enriched,2026-06-15T21:24:36Z,2026-06-15,20260615T212431Z,af60f92a-137d-42a5-8869-639c94782d23,,19557,1.0,20:52:26,20260615,69620,2608,002A910,19.377613067626953,-99.1087646484375,340.0,41.0,147.6,,,,1781558660,2026-06-15 15:24:20-06:00,,,5,L05f04-2 preparatoria 1 - san lázaro sur,,3,141982,FFFFFF,,,,,,
metrobus,metrobus_vehicle_positions_enriched,2026-06-15T21:24:36Z,2026-06-15,20260615T212431Z,8330b328-2d84-4395-8c4e-00fde257255f,,,,,,69619,2607,002A909,19.30398178100586,-99.10149383544922,186.0,0.0,0.0,,,,1781558411,2026-06-15 15:20:11-06:00,,,,,,,,,,,,,,
metrobus,metrobus_vehicle_positions_enriched,2026-06-15T21:24:36Z,2026-06-15,20260615T212431Z,2030fb63-2e01-4d4f-b7a7-dcf2e13277c7,,19558,1.0,21:00:15,20260615,69618,2606,002A908,19.334009170532227,-99.11305236816406,540.0,9.0,32.4,,,,1781558661,2026-06-15 15:24:21-06:00,,,5,L05f05-2 preparatoria 1 - río de los remedios,,3,141982,FFFFFF,,,,,,
metrobus,metrobus_vehicle_positions_enriched,2026-06-15T21:24:36Z,2026-06-15,20260615T212431Z,af447dc1-3c21-4e8b-8eb0-d8dc96ea6991,,19556,0.0,20:41:36,20260615,69617,2605,002A907,19.28197479248047,-99.11656951904297,196.0,50.0,180.0,,,,1781558666,2026-06-15 15:24:26-06:00,,,5,L05f04-1 san lázaro sur - preparatoria 1,,3,141982,FFFFFF,,,,,,
metrobus,metrobus_vehicle_positions_enriched,2026-06-15T21:24:36Z,2026-06-15,20260615T212431Z,1500ee9a-274e-45c4-af66-11fba76347d6,,20212,1.0,21:06:58,20260615,69616,2604,002A906,19.374820709228516,-99.10786437988281,338.0,0.0,0.0,,,,1781558657,2026-06-15 15:24:17-06:00,,,5,L05f03-2 las bombas - río de los remedios,,3,141982,FFFFFF,,,,,,
metrobus,metrobus_vehicle_positions_enriched,2026-06-15T21:24:36Z,2026-06-15,20260615T212431Z,39b8fa50-7ac2-49b3-9b96-946b012b663f,,20295,0.0,17:57:16,20260615,69626,2614,002A916,19.501976013183594,-99.11833190917969,195.0,0.0,0.0,,,,1781546809,2026-06-15 12:06:49-06:00,,,1,L31a31-1 indios verdes - pueblo sta cruz atoyac,,3,42A76B,FFFFFF,,,,,,
metrobus,metrobus_vehicle_positions_enriched,2026-06-15T21:24:36Z,2026-06-15,20260615T212431Z,4caa3b93-4bd9-4a77-8b26-6d2b94ce0555,,19557,1.0,21:18:06,20260615,69625,2613,002A915,19.284833908081055,-99.11558532714844,173.0,26.0,93.60000000000001,,,,1781558663,2026-06-15 15:24:23-06:00,,,5,L05f04-2 preparatoria 1 - san lázaro sur,,3,141982,FFFFFF,,,,,,
metrobus,metrobus_vehicle_positions_enriched,2026-06-15T21:24:36Z,2026-06-15,20260615T212431Z,3d9e6c8f-9d6b-4d8a-8206-75491ce0a915,,19556,0.0,20:59:43,20260615,69623,2611,002A913,19.350900650024414,-99.11112976074219,163.0,10.0,36.0,,,,1781558633,2026-06-15 15:23:53-06:00,,,5,L05f04-1 san lázaro sur - preparatoria 1,,3,141982,FFFFFF,,,,,,
metrobus,metrobus_vehicle_positions_enriched,2026-06-15T21:24:36Z,2026-06-15,20260615T212431Z,d6f18996-3e48-427c-ad0d-5abab9069340,,,,,,69622,2610,002A912,19.303985595703125,-99.1013412475586,186.0,0.0,0.0,,,,1781556999,2026-06-15 14:56:39-06:00,,,,,,,,,,,,,,
metrobus,metrobus_vehicle_positions_enriched,2026-06-15T21:24:36Z,2026-06-15,20260615T212431Z,70fc0ff6-5543-4277-ba49-e92dab2a8bd0,,20212,1.0,20:32:34,20260615,69631,2619,002A921,19.476884841918945,-99.09852600097656,228.0,30.0,108.0,,,,1781558658,2026-06-15 15:24:18-06:00,,,5,L05f03-2 las bombas - río de los remedios,,3,141982,FFFFFF,,,,,,
metrobus,metrobus_vehicle_positions_enriched,2026-06-15T21:24:36Z,2026-06-15,20260615T212431Z,3fe7d469-5d03-457d-91c7-a7d655f909e5,,20295,0.0,20:43:27,20260615,69630,2618,002A920,19.396501541137695,-99.1558837890625,183.0,36.0,129.6,,,,1781558663,2026-06-15 15:24:23-06:00,,,1,L31a31-1 indios verdes - pueblo sta cruz atoyac,,3,42A76B,FFFFFF,,,,,,
metrobus,metrobus_vehicle_positions_enriched,2026-06-15T21:24:36Z,2026-06-15,20260615T212431Z,ad56f5e9-d06e-4295-9ce6-8f6aa6a4ff89,,19558,1.0,20:34:57,20260615,69629,2617,002A919,19.428781509399414,-99.11327362060547,297.0,10.0,36.0,,,,1781558666,2026-06-15 15:24:26-06:00,,,5,L05f05-2 preparatoria 1 - río de los remedios,,3,141982,FFFFFF,,,,,,
metrobus,metrobus_vehicle_positions_enriched,2026-06-15T21:24:36Z,2026-06-15,20260615T212431Z,9f23f3eb-dd45-4a8a-896b-54473320c5f2,,19559,0.0,20:49:20,20260615,69628,2616,002A918,19.401107788085938,-99.11360931396484,178.0,42.0,151.20000000000002,,,,1781558668,2026-06-15 15:24:28-06:00,,,5,L05f05-1 río de los remedios - preparatoria 1,,3,141982,FFFFFF,,,,,,
metrobus,metrobus_vehicle_positions_enriched,2026-06-15T21:24:36Z,2026-06-15,20260615T212431Z,c733b568-8ba0-440c-a2c2-437a89e64f85,,20212,1.0,21:10:23,20260615,69627,2615,002A917,19.357830047607422,-99.11101531982422,127.0,43.0,154.8,,,,1781558651,2026-06-15 15:24:11-06:00,,,5,L05f03-2 las bombas - río de los remedios,,3,141982,FFFFFF,,,,,,
metrobus,metrobus_vehicle_positions_enriched,2026-06-15T21:24:36Z,2026-06-15,20260615T212431Z,789da96d-b306-4355-94af-793f49fb9859,,19559,0.0,20:44:22,20260615,69637,2625,002A927,19.374835968017578,-99.10807800292969,160.0,0.0,0.0,,,,1781558660,2026-06-15 15:24:20-06:00,,,5,L05f05-1 río de los remedios - preparatoria 1,,3,141982,FFFFFF,,,,,,
metrobus,metrobus_vehicle_positions_enriched,2026-06-15T21:24:36Z,2026-06-15,20260615T212431Z,d25d3b24-cf78-466a-8a21-90b892d20bd6,,,,,,69636,2624,002A926,19.50697898864746,-99.08548736572266,294.0,0.0,0.0,,,,1781558653,2026-06-15 15:24:13-06:00,,,,,,,,,,,,,,
metrobus,metrobus_vehicle_positions_enriched,2026-06-15T21:24:36Z,2026-06-15,20260615T212431Z,28c94424-5fe0-4c70-ae9a-63ebd04e2987,,20211,0.0,20:27:12,20260615,69634,2622,002A924,19.336814880371094,-99.11298370361328,173.0,45.0,162.0,,,,1781558653,2026-06-15 15:24:13-06:00,,,5,L05f03-1 río de los remedios - las bombas,,3,141982,FFFFFF,,,,,,
metrobus,metrobus_vehicle_positions_enriched,2026-06-15T21:24:36Z,2026-06-15,20260615T212431Z,9c5194ad-0c90-461c-acbf-2b896912c5d7,,,,,,69633,2621,002A923,19.47207260131836,-99.13627624511719,220.0,49.0,176.4,,,,1781558656,2026-06-15 15:24:16-06:00,,,,,,,,,,,,,,
metrobus,metrobus_vehicle_positions_enriched,2026-06-15T21:24:36Z,2026-06-15,20260615T212431Z,69756e7f-74a6-47ad-a7c5-df233b4e94cb,,19557,1.0,20:35:08,20260615,69632,2620,002A922,19.42570686340332,-99.11139678955078,550.0,11.0,39.6,,,,1781558661,2026-06-15 15:24:21-06:00,,,5,L05f04-2 preparatoria 1 - san lázaro sur,,3,141982,FFFFFF,,,,,,
metrobus,metrobus_vehicle_positions_enriched,2026-06-15T21:24:36Z,2026-06-15,20260615T212431Z,de1c49a5-267e-4f8a-a511-6ee0db6c105e,,19559,0.0,20:26:45,20260615,69641,2629,002A931,19.33433723449707,-99.11314392089844,185.0,19.0,68.4,,,,1781558657,2026-06-15 15:24:17-06:00,,,5,L05f05-1 río de los remedios - preparatoria 1,,3,141982,FFFFFF,,,,,,
metrobus,metrobus_vehicle_positions_enriched,2026-06-15T21:24:36Z,2026-06-15,20260615T212431Z,29c6890c-14ce-4bc5-8d89-f37132e6a2c4,,20212,1.0,21:20:53,20260615,69640,2628,002A930,19.324481964111328,-99.11392974853516,510.0,0.0,0.0,,,,1781558664,2026-06-15 15:24:24-06:00,,,5,L05f03-2 las bombas - río de los remedios,,3,141982,FFFFFF,,,,,,
metrobus,metrobus_vehicle_positions_enriched,2026-06-15T21:24:36Z,2026-06-15,20260615T212431Z,c505c114-47c0-4155-99b3-3bd8c991b94f,,19558,1.0,20:19:54,20260615,69639,2627,002A929,19.47104835510254,-99.10105895996094,217.0,0.0,0.0,,,,1781558666,2026-06-15 15:24:26-06:00,,,5,L05f05-2 preparatoria 1 - río de los remedios,,3,141982,FFFFFF,,,,,,
metrobus,metrobus_vehicle_positions_enriched,2026-06-15T21:24:36Z,2026-06-15,20260615T212431Z,600b97c5-90a2-4a77-afd0-d7709e7eea04,,20212,1.0,20:23:59,20260615,69638,2626,002A928,19.501434326171875,-99.08805847167969,217.0,20.0,72.0,,,,1781558656,2026-06-15 15:24:16-06:00,,,5,L05f03-2 las bombas - río de los remedios,,3,141982,FFFFFF,,,,,,
metrobus,metrobus_vehicle_positions_enriched,2026-06-15T21:24:36Z,2026-06-15,20260615T212431Z,443cc40d-e597-40d3-9119-8efbf2f7d103,,20211,0.0,20:36:06,20260615,69648,2636,002A938,19.351770401000977,-99.11113739013672,184.0,0.0,0.0,,,,1781558658,2026-06-15 15:24:18-06:00,,,5,L05f03-1 río de los remedios - las bombas,,3,141982,FFFFFF,,,,,,
metrobus,metrobus_vehicle_positions_enriched,2026-06-15T21:24:36Z,2026-06-15,20260615T212431Z,e0803509-25cb-4b9e-9949-e7ee2eeb70dd,,19491,1.0,21:00:39,20260615,69364,1305,1240178,19.382610321044922,-99.17606353759766,168.0,13.0,46.800000000000004,,,,1781558577,2026-06-15 15:22:57-06:00,,,1,L01a01-2 dr. gálvez - indios verdes,,3,D40D0D,FFFFFF,,,,,,
metrobus,metrobus_vehicle_positions_enriched,2026-06-15T21:24:36Z,2026-06-15,20260615T212431Z,339b2cf6-7afc-4bd6-8aa3-d8423a688dda,,19559,0.0,20:29:52,20260615,69647,2635,TienepermisodeSEMOVI,19.343536376953125,-99.11237335205078,193.0,20.0,72.0,,,,1781558663,2026-06-15 15:24:23-06:00,,,5,L05f05-1 río de los remedios - preparatoria 1,,3,141982,FFFFFF,,,,,,
metrobus,metrobus_vehicle_positions_enriched,2026-06-15T21:24:36Z,2026-06-15,20260615T212431Z,1e1ee1d7-c2a7-4716-91a2-79d67e9c5bca,,19492,0.0,21:07:43,20260615,69363,1304,1240177,19.441181182861328,-99.15510559082031,203.0,0.0,0.0,,,,1781558667,2026-06-15 15:24:27-06:00,,,1,L01a01-1 indios verdes - dr. gálvez,,3,D40D0D,FFFFFF,,,,,,
metrobus,metrobus_vehicle_positions_enriched,2026-06-15T21:24:36Z,2026-06-15,20260615T212431Z,daa94fcd-8053-4f01-9ffd-16f06c705109,,19491,1.0,20:50:52,20260615,74921,1303,1240176,19.406885147094727,-99.16824340820312,167.0,0.0,0.0,,,,1781558655,2026-06-15 15:24:15-06:00,,,1,L01a01-2 dr. gálvez - indios verdes,,3,D40D0D,FFFFFF,,,,,,
metrobus,metrobus_vehicle_positions_enriched,2026-06-15T21:24:36Z,2026-06-15,20260615T212431Z,ab68ac73-65a3-441a-a6cc-6e1b68589576,,19557,1.0,21:00:08,20260615,69646,2634,002A936,19.349504470825195,-99.11095428466797,141.0,10.0,36.0,,,,1781558654,2026-06-15 15:24:14-06:00,,,5,L05f04-2 preparatoria 1 - san lázaro sur,,3,141982,FFFFFF,,,,,,
metrobus,metrobus_vehicle_positions_enriched,2026-06-15T21:24:36Z,2026-06-15,20260615T212431Z,3f4c0d6d-0614-443b-81ed-0a2a067a6906,,19492,0.0,20:36:24,20260615,69361,1302,1240175,19.385379791259766,-99.17523956298828,197.0,0.0,0.0,,,,1781558661,2026-06-15 15:24:21-06:00,,,1,L01a01-1 indios verdes - dr. gálvez,,3,D40D0D,FFFFFF,,,,,,
metrobus,metrobus_vehicle_positions_enriched,2026-06-15T21:24:36Z,2026-06-15,20260615T212431Z,68756b4f-d6ad-4ff3-9f05-27b67a012f36,,19559,0.0,20:59:56,20260615,69645,2633,002A935,19.436979293823242,-99.11445617675781,187.0,0.0,0.0,,,,1781558658,2026-06-15 15:24:18-06:00,,,5,L05f05-1 río de los remedios - preparatoria 1,,3,141982,FFFFFF,,,,,,
metrobus,metrobus_vehicle_positions_enriched,2026-06-15T21:24:36Z,2026-06-15,20260615T212431Z,fccd3abe-7722-42d9-a914-98e04ce822c4,,,,,,69644,2632,002A934,19.27305793762207,-99.12108612060547,558.0,16.0,57.6,,,,1781558665,2026-06-15 15:24:25-06:00,,,,,,,,,,,,,,
metrobus,metrobus_vehicle_positions_enriched,2026-06-15T21:24:36Z,2026-06-15,20260615T212431Z,a054c334-eac8-406e-b27e-2b9875ee554b,,19491,1.0,21:09:21,20260615,69360,1301,1240174,19.372934341430664,-99.1793441772461,144.0,0.0,0.0,,,,1781558665,2026-06-15 15:24:25-06:00,,,1,L01a01-2 dr. gálvez - indios verdes,,3,D40D0D,FFFFFF,,,,,,
metrobus,metrobus_vehicle_positions_enriched,2026-06-15T21:24:36Z,2026-06-15,20260615T212431Z,e9725839-e1a1-41f5-afbc-c0cad66b8643,,20211,0.0,21:01:56,20260615,69643,2631,002A933,19.437368392944336,-99.11442565917969,188.0,19.0,68.4,,,,1781558656,2026-06-15 15:24:16-06:00,,,5,L05f03-1 río de los remedios - las bombas,,3,141982,FFFFFF,,,,,,
metrobus,metrobus_vehicle_positions_enriched,2026-06-15T21:24:36Z,2026-06-15,20260615T212431Z,00696ab3-10b1-49ef-8417-b04c02095521,,20211,0.0,21:22:58,20260615,69642,2630,002A932,19.499839782714844,-99.08936309814453,201.0,34.0,122.4,,,,1781558669,2026-06-15 15:24:29-06:00,,,5,L05f03-1 río de los remedios - las bombas,,3,141982,FFFFFF,,,,,,
metrobus,metrobus_vehicle_positions_enriched,2026-06-15T21:24:36Z,2026-06-15,20260615T212431Z,54847598-18a7-41fa-be61-d85e1bd7c550,,19492,0.0,21:02:53,20260615,69368,1309,1240182,19.440370559692383,-99.15548706054688,202.0,0.0,0.0,,,,1781558669,2026-06-15 15:24:29-06:00,,,1,L01a01-1 indios verdes - dr. gálvez,,3,D40D0D,FFFFFF,,,,,,
metrobus,metrobus_vehicle_positions_enriched,2026-06-15T21:24:36Z,2026-06-15,20260615T212431Z,fc633438-07be-4776-84e2-af612b13d939,,19558,1.0,20:24:50,20260615,69651,2639,002A941,19.452383041381836,-99.10874938964844,201.0,0.0,0.0,,,,1781558666,2026-06-15 15:24:26-06:00,,,5,L05f05-2 preparatoria 1 - río de los remedios,,3,141982,FFFFFF,,,,,,
metrobus,metrobus_vehicle_positions_enriched,2026-06-15T21:24:36Z,2026-06-15,20260615T212431Z,c07b4086-6b47-4336-9ba9-2fc6fafc0257,,19491,1.0,20:21:01,20260615,69367,1308,1240181,19.456571578979492,-99.1495590209961,525.0,28.0,100.8,,,,1781558621,2026-06-15 15:23:41-06:00,,,1,L01a01-2 dr. gálvez - indios verdes,,3,D40D0D,FFFFFF,,,,,,
metrobus,metrobus_vehicle_positions_enriched,2026-06-15T21:24:36Z,2026-06-15,20260615T212431Z,32f15288-edaa-40e9-8ab2-1d1327c697fe,,19492,0.0,20:40:38,20260615,69366,1307,1240180,19.39040756225586,-99.17365264892578,197.0,0.0,0.0,,,,1781558670,2026-06-15 15:24:30-06:00,,,1,L01a01-1 indios verdes - dr. gálvez,,3,D40D0D,FFFFFF,,,,,,
metrobus,metrobus_vehicle_positions_enriched,2026-06-15T21:24:36Z,2026-06-15,20260615T212431Z,700694dd-a9ee-4b9a-a2eb-5d09e5cfb12e,,,,,,69650,2638,002A940,19.303823471069336,-99.1014404296875,0.0,0.0,0.0,,,,1781550334,2026-06-15 13:05:34-06:00,,,,,,,,,,,,,,
metrobus,metrobus_vehicle_positions_enriched,2026-06-15T21:24:36Z,2026-06-15,20260615T212431Z,0b3292e1-baf4-4c0d-ab6b-2fbd5263ccd2,,19491,1.0,20:54:52,20260615,69365,1306,1240179,19.393836975097656,-99.17233276367188,17.0,0.0,0.0,,,,1781558664,2026-06-15 15:24:24-06:00,,,1,L01a01-2 dr. gálvez - indios verdes,,3,D40D0D,FFFFFF,,,,,,
metrobus,metrobus_vehicle_positions_enriched,2026-06-15T21:24:36Z,2026-06-15,20260615T212431Z,90cafcb2-b207-4970-8864-9ee538346302,,19557,1.0,21:10:26,20260615,69649,2637,002A939,19.306922912597656,-99.1117172241211,119.0,0.0,0.0,,,,1781558654,2026-06-15 15:24:14-06:00,,,5,L05f04-2 preparatoria 1 - san lázaro sur,,3,141982,FFFFFF,,,,,,
metrobus,metrobus_vehicle_positions_enriched,2026-06-15T21:24:36Z,2026-06-15,20260615T212431Z,5e382dc7-ad93-4584-b6b8-8f95d491dc09,,19558,1.0,21:02:39,20260615,69662,2650,002A952,19.331459045410156,-99.11331176757812,440.0,37.0,133.20000000000002,,,,1781558665,2026-06-15 15:24:25-06:00,,,5,L05f05-2 preparatoria 1 - río de los remedios,,3,141982,FFFFFF,,,,,,
metrobus,metrobus_vehicle_positions_enriched,2026-06-15T21:24:36Z,2026-06-15,20260615T212431Z,5b9a00dd-b5fc-4308-8351-4d9ca9c9be90,,19556,0.0,21:05:58,20260615,69659,2647,002A949,19.36111831665039,-99.11035919189453,191.0,0.0,0.0,,,,1781558658,2026-06-15 15:24:18-06:00,,,5,L05f04-1 san lázaro sur - preparatoria 1,,3,141982,FFFFFF,,,,,,
metrobus,metrobus_vehicle_positions_enriched,2026-06-15T21:24:36Z,2026-06-15,20260615T212431Z,9fb5cb70-4d4a-493d-9dd5-8d4bed12c42f,,,,,,69658,2646,002A948,19.27349090576172,-99.12027740478516,554.0,0.0,0.0,,,,1781558660,2026-06-15 15:24:20-06:00,,,,,,,,,,,,,,
metrobus,metrobus_vehicle_positions_enriched,2026-06-15T21:24:36Z,2026-06-15,20260615T212431Z,12824f50-66ed-452b-9e42-4b9ad1b12970,,,,,,69373,1314,TienepermisodeSEMOVI,19.49803924560547,-99.11976623535156,191.0,0.0,0.0,,,,1781558659,2026-06-15 15:24:19-06:00,,,,,,,,,,,,,,
metrobus,metrobus_vehicle_positions_enriched,2026-06-15T21:24:36Z,2026-06-15,20260615T212431Z,fdd2e2fd-757a-406e-a7a7-b31929597919,,20212,1.0,21:16:23,20260615,69657,2645,002A947,19.334590911865234,-99.11306762695312,350.0,25.0,90.0,,,,1781558665,2026-06-15 15:24:25-06:00,,,5,L05f03-2 las bombas - río de los remedios,,3,141982,FFFFFF,,,,,,
metrobus,metrobus_vehicle_positions_enriched,2026-06-15T21:24:36Z,2026-06-15,20260615T212431Z,40667ba1-51fa-4d3a-a359-492f97bb946a,,20211,0.0,20:48:35,20260615,69656,2644,002A946,19.393678665161133,-99.11371612548828,189.0,4.0,14.4,,,,1781558656,2026-06-15 15:24:16-06:00,,,5,L05f03-1 río de los remedios - las bombas,,3,141982,FFFFFF,,,,,,
metrobus,metrobus_vehicle_positions_enriched,2026-06-15T21:24:36Z,2026-06-15,20260615T212431Z,f2c62799-7c81-47c6-969c-a5788c5d4a45,,19493,1.0,21:18:52,20260615,69372,1313,1240186,19.433961868286133,-99.15823364257812,229.0,14.0,50.4,,,,1781558661,2026-06-15 15:24:21-06:00,,,1,L01a02-2 insurgentes - indios verdes,,3,D40D0D,FFFFFF,,,,,,
metrobus,metrobus_vehicle_positions_enriched,2026-06-15T21:24:36Z,2026-06-15,20260615T212431Z,6ab964b8-390f-4ee9-9669-ed7c07d9b793,,19499,0.0,20:21:48,20260615,69371,1312,1240185,19.35917091369629,-99.18376922607422,196.0,0.0,0.0,,,,1781558658,2026-06-15 15:24:18-06:00,,,1,L01a07-1 indios verdes - el caminero,,3,D40D0D,FFFFFF,,,,,,
metrobus,metrobus_vehicle_positions_enriched,2026-06-15T21:24:36Z,2026-06-15,20260615T212431Z,4f4cb75d-5279-4d03-9471-f556d0d0d8c7,,,,,,69655,2643,002A945,19.40593147277832,-99.11347198486328,730.0,24.0,86.4,,,,1781558666,2026-06-15 15:24:26-06:00,,,,,,,,,,,,,,
metrobus,metrobus_vehicle_positions_enriched,2026-06-15T21:24:36Z,2026-06-15,20260615T212431Z,1e1026f1-86b7-43d9-b139-a04de11ebc42,,19499,0.0,20:57:42,20260615,69370,1311,1240184,19.427194595336914,-99.16142272949219,203.0,9.0,32.4,,,,1781558658,2026-06-15 15:24:18-06:00,,,1,L01a07-1 indios verdes - el caminero,,3,D40D0D,FFFFFF,,,,,,
metrobus,metrobus_vehicle_positions_enriched,2026-06-15T21:24:36Z,2026-06-15,20260615T212431Z,65484e9c-1967-40fb-bc20-a1b0c69ce6a0,,19559,0.0,20:05:58,20260615,74262,2642,002A947,19.276641845703125,-99.11861419677734,202.0,20.0,72.0,,,,1781558661,2026-06-15 15:24:21-06:00,,,5,L05f05-1 río de los remedios - preparatoria 1,,3,141982,FFFFFF,,,,,,
metrobus,metrobus_vehicle_positions_enriched,2026-06-15T21:24:36Z,2026-06-15,20260615T212431Z,4b48f4a6-7279-42c2-9b74-ce142622735b,,19559,0.0,21:20:27,20260615,69653,2641,002A943,19.493640899658203,-99.0919418334961,200.0,11.0,39.6,,,,1781558663,2026-06-15 15:24:23-06:00,,,5,L05f05-1 río de los remedios - preparatoria 1,,3,141982,FFFFFF,,,,,,
metrobus,metrobus_vehicle_positions_enriched,2026-06-15T21:24:36Z,2026-06-15,20260615T212431Z,3deeada2-4607-43ff-8433-2bcf7f17b53e,,19491,1.0,20:41:46,20260615,74922,1310,1240183,19.423498153686523,-99.16238403320312,345.0,9.0,32.4,,,,1781558667,2026-06-15 15:24:27-06:00,,,1,L01a01-2 dr. gálvez - indios verdes,,3,D40D0D,FFFFFF,,,,,,
metrobus,metrobus_vehicle_positions_enriched,2026-06-15T21:24:36Z,2026-06-15,20260615T212431Z,5f8b3dc6-3c11-4870-afe8-6ed86d980471,,19558,1.0,21:13:20,20260615,69661,2649,002A951,19.301727294921875,-99.11325073242188,166.0,0.0,0.0,,,,1781558663,2026-06-15 15:24:23-06:00,,,5,L05f05-2 preparatoria 1 - río de los remedios,,3,141982,FFFFFF,,,,,,
metrobus,metrobus_vehicle_positions_enriched,2026-06-15T21:24:36Z,2026-06-15,20260615T212431Z,2fe60cba-4954-43b1-a894-6b6aaddd9a8a,,20296,1.0,21:06:04,20260615,69660,2648,002A950,19.40950584411621,-99.15495300292969,490.0,43.0,154.8,,,,1781558664,2026-06-15 15:24:24-06:00,,,1,L31a31-2 pueblo sta cruz atoyac - indios verdes,,3,42A76B,FFFFFF,,,,,,
metrobus,metrobus_vehicle_positions_enriched,2026-06-15T21:24:36Z,2026-06-15,20260615T212431Z,94b71878-1f47-4d19-9370-64643cc1d71b,,19559,0.0,21:17:12,20260615,69673,2661,002A963,19.486799240112305,-99.09477996826172,201.0,0.0,0.0,,,,1781558654,2026-06-15 15:24:14-06:00,,,5,L05f05-1 río de los remedios - preparatoria 1,,3,141982,FFFFFF,,,,,,
metrobus,metrobus_vehicle_positions_enriched,2026-06-15T21:24:36Z,2026-06-15,20260615T212431Z,844103c1-3653-4054-b4f6-a265b8b2cfdf,,20212,1.0,20:40:05,20260615,69672,2660,002A962,19.453540802001953,-99.10832977294922,185.0,2.0,7.2,,,,1781558657,2026-06-15 15:24:17-06:00,,,5,L05f03-2 las bombas - río de los remedios,,3,141982,FFFFFF,,,,,,
metrobus,metrobus_vehicle_positions_enriched,2026-06-15T21:24:36Z,2026-06-15,20260615T212431Z,cf5bb131-d64e-4558-87ee-5dbc5bad9350,,,,,,69670,2658,002A960,19.366416931152344,-99.16226959228516,192.0,4.0,14.4,,,,1781558752,2026-06-15 15:25:52-06:00,,,,,,,,,,,,,,
metrobus,metrobus_vehicle_positions_enriched,2026-06-15T21:24:36Z,2026-06-15,20260615T212431Z,a8cc959e-37f8-440a-a672-1f911e8c1e49,,20295,0.0,21:01:13,20260615,69669,2657,002A959,19.436254501342773,-99.14712524414062,189.0,0.0,0.0,,,,1781558659,2026-06-15 15:24:19-06:00,,,1,L31a31-1 indios verdes - pueblo sta cruz atoyac,,3,42A76B,FFFFFF,,,,,,
metrobus,metrobus_vehicle_positions_enriched,2026-06-15T21:24:36Z,2026-06-15,20260615T212431Z,a356c8e7-e668-4292-bd30-3fcbfc0ca22f,,19556,0.0,21:21:51,20260615,69668,2656,002A958,19.422687530517578,-99.1117935180664,185.0,48.0,172.8,,,,1781558662,2026-06-15 15:24:22-06:00,,,5,L05f04-1 san lázaro sur - preparatoria 1,,3,141982,FFFFFF,,,,,,
metrobus,metrobus_vehicle_positions_enriched,2026-06-15T21:24:36Z,2026-06-15,20260615T212431Z,8ea2a8b7-2993-48ed-94fd-e3a62718371b,,20212,1.0,20:46:49,20260615,69667,2655,002A957,19.420860290527344,-99.1119155883789,570.0,42.0,151.20000000000002,,,,1781558654,2026-06-15 15:24:14-06:00,,,5,L05f03-2 las bombas - río de los remedios,,3,141982,FFFFFF,,,,,,
metrobus,metrobus_vehicle_positions_enriched,2026-06-15T21:24:36Z,2026-06-15,20260615T212431Z,12b15d33-374d-42f5-a9fa-fa0d48eab7f2,,19559,0.0,20:22:56,20260615,69666,2654,002A956,19.329044342041016,-99.11359405517578,184.0,0.0,0.0,,,,1781558661,2026-06-15 15:24:21-06:00,,,5,L05f05-1 río de los remedios - preparatoria 1,,3,141982,FFFFFF,,,,,,
metrobus,metrobus_vehicle_positions_enriched,2026-06-15T21:24:36Z,2026-06-15,20260615T212431Z,715a37fe-d466-4eac-a943-8a61d46e17be,,,,,,69665,2653,002A955,19.273548126220703,-99.1204605102539,232.0,0.0,0.0,,,,1781558660,2026-06-15 15:24:20-06:00,,,,,,,,,,,,,,
metrobus,metrobus_vehicle_positions_enriched,2026-06-15T21:24:36Z,2026-06-15,20260615T212431Z,e2dd671a-de2a-479b-b2d9-448ebe4672f3,,,,,,69664,2652,002A954,19.505769729614258,-99.08616638183594,221.0,30.0,108.0,,,,1781558659,2026-06-15 15:24:19-06:00,,,,,,,,,,,,,,
metrobus,metrobus_vehicle_positions_enriched,2026-06-15T21:24:36Z,2026-06-15,20260615T212431Z,b877d9c3-b436-4c53-b632-9715ae1bc59a,,19559,0.0,20:17:20,20260615,69663,2651,002A953,19.285751342773438,-99.11534118652344,198.0,0.0,0.0,,,,1781558663,2026-06-15 15:24:23-06:00,,,5,L05f05-1 río de los remedios - preparatoria 1,,3,141982,FFFFFF,,,,,,
metrobus,metrobus_vehicle_positions_enriched,2026-06-15T21:24:36Z,2026-06-15,20260615T212431Z,f47651c4-378f-4b14-a911-0344806edd03,,19582,0.0,21:22:57,20260615,70035,901,1280163,19.488527297973633,-99.11737823486328,197.0,31.0,111.60000000000001,,,,1781558637,2026-06-15 15:23:57-06:00,,,7,L07h04-1 indios verdes - la diana,,3,116633,FFFFFF,,,,,,
metrobus,metrobus_vehicle_positions_enriched,2026-06-15T21:24:36Z,2026-06-15,20260615T212431Z,eb5a427a-101b-4b9c-be34-946750cf1f48,,19576,0.0,20:28:49,20260615,70036,902,1280164,19.424745559692383,-99.18436431884766,280.0,0.0,0.0,,,,1781558658,2026-06-15 15:24:18-06:00,,,7,L07h01-1 indios verdes - campo marte,,3,116633,FFFFFF,,,,,,
metrobus,metrobus_vehicle_positions_enriched,2026-06-15T21:24:36Z,2026-06-15,20260615T212431Z,87ce3884-1d1c-407c-8a9a-49c82d7f8534,,19576,0.0,20:48:31,20260615,70037,903,1280165,19.437204360961914,-99.1472396850586,236.0,40.0,144.0,,,,1781558650,2026-06-15 15:24:10-06:00,,,7,L07h01-1 indios verdes - campo marte,,3,116633,FFFFFF,,,,,,
metrobus,metrobus_vehicle_positions_enriched,2026-06-15T21:24:36Z,2026-06-15,20260615T212431Z,3455b19a-f021-444d-9094-f04846e29123,,19578,0.0,20:54:59,20260615,70038,904,1280166,19.444507598876953,-99.13919830322266,249.0,0.0,0.0,,,,1781558662,2026-06-15 15:24:22-06:00,,,7,L07h02-1 hospital infantil - campo marte,,3,116633,FFFFFF,,,,,,
metrobus,metrobus_vehicle_positions_enriched,2026-06-15T21:24:36Z,2026-06-15,20260615T212431Z,9a72636f-1cec-4bd3-97b4-05d1e4f99756,,19583,1.0,20:50:59,20260615,70039,905,1280167,19.46148109436035,-99.12751770019531,215.0,16.0,57.6,,,,1781558662,2026-06-15 15:24:22-06:00,,,7,L07h04-2 la diana - indios verdes,,3,116633,FFFFFF,,,,,,
metrobus,metrobus_vehicle_positions_enriched,2026-06-15T21:24:36Z,2026-06-15,20260615T212431Z,8bbbdca9-879c-4208-8e97-93ce23515e25,,19576,0.0,21:08:47,20260615,70040,906,1280168,19.46251106262207,-99.12718963623047,200.0,42.0,151.20000000000002,,,,1781558661,2026-06-15 15:24:21-06:00,,,7,L07h01-1 indios verdes - campo marte,,3,116633,FFFFFF,,,,,,
metrobus,metrobus_vehicle_positions_enriched,2026-06-15T21:24:36Z,2026-06-15,20260615T212431Z,d43b8bda-4aac-49da-a8bb-cbc96694b042,,19559,0.0,21:06:15,20260615,69671,2659,002A961,19.455862045288086,-99.1076889038086,202.0,16.0,57.6,,,,1781558660,2026-06-15 15:24:20-06:00,,,5,L05f05-1 río de los remedios - preparatoria 1,,3,141982,FFFFFF,,,,,,
metrobus,metrobus_vehicle_positions_enriched,2026-06-15T21:24:36Z,2026-06-15,20260615T212431Z,15fc4846-938a-49a2-bef2-f564a2515bdc,,19577,1.0,20:31:37,20260615,70041,907,1280169,19.4691219329834,-99.12460327148438,198.0,43.0,154.8,,,,1781558656,2026-06-15 15:24:16-06:00,,,7,L07h01-2 campo marte - indios verdes,,3,116633,FFFFFF,,,,,,
metrobus,metrobus_vehicle_positions_enriched,2026-06-15T21:24:36Z,2026-06-15,20260615T212431Z,ae291236-f009-421b-83e8-56d1a90c937e,,,,,,70042,908,1280170,19.4267520904541,-99.19940185546875,975.0,3.0,10.8,,,,1781558655,2026-06-15 15:24:15-06:00,,,,,,,,,,,,,,
metrobus,metrobus_vehicle_positions_enriched,2026-06-15T21:24:36Z,2026-06-15,20260615T212431Z,4d9ab814-51d6-408d-a752-315a6629f768,,19583,1.0,21:17:06,20260615,70043,909,1280171,19.432708740234375,-99.1553726196289,641.0,8.0,28.8,,,,1781558663,2026-06-15 15:24:23-06:00,,,7,L07h04-2 la diana - indios verdes,,3,116633,FFFFFF,,,,,,
metrobus,metrobus_vehicle_positions_enriched,2026-06-15T21:24:36Z,2026-06-15,20260615T212431Z,9ff16cfd-c975-4bb2-a0bb-6c8dbabae32f,,19559,0.0,20:24:14,20260615,69680,2668,002A970,19.330820083618164,-99.11344146728516,184.0,42.0,151.20000000000002,,,,1781558655,2026-06-15 15:24:15-06:00,,,5,L05f05-1 río de los remedios - preparatoria 1,,3,141982,FFFFFF,,,,,,
metrobus,metrobus_vehicle_positions_enriched,2026-06-15T21:24:36Z,2026-06-15,20260615T212431Z,8171e12f-75b9-4956-9ec5-3e0094a71ed5,,19559,0.0,20:36:55,20260615,69679,2667,002A969,19.35959243774414,-99.11071014404297,192.0,38.0,136.8,,,,1781558662,2026-06-15 15:24:22-06:00,,,5,L05f05-1 río de los remedios - preparatoria 1,,3,141982,FFFFFF,,,,,,
metrobus,metrobus_vehicle_positions_enriched,2026-06-15T21:24:36Z,2026-06-15,20260615T212431Z,1f2184ce-6f5a-4eef-9302-25a9ce83c10a,,19558,1.0,20:09:59,20260615,69678,2666,002A968,19.493999481201172,-99.0912094116211,217.0,36.0,129.6,,,,1781558658,2026-06-15 15:24:18-06:00,,,5,L05f05-2 preparatoria 1 - río de los remedios,,3,141982,FFFFFF,,,,,,
metrobus,metrobus_vehicle_positions_enriched,2026-06-15T21:24:36Z,2026-06-15,20260615T212431Z,32ff17b2-ad22-4b88-ab41-814e24c2ddf4,,20296,1.0,20:55:16,20260615,69677,2665,002A967,19.426963806152344,-99.1490707397461,117.0,0.0,0.0,,,,1781558664,2026-06-15 15:24:24-06:00,,,1,L31a31-2 pueblo sta cruz atoyac - indios verdes,,3,42A76B,FFFFFF,,,,,,
metrobus,metrobus_vehicle_positions_enriched,2026-06-15T21:24:36Z,2026-06-15,20260615T212431Z,a0634bb0-3ac8-4d76-9706-77f77d05ab19,,20211,0.0,20:56:07,20260615,69676,2664,002A966,19.427677154541016,-99.11182403564453,120.0,36.0,129.6,,,,1781558669,2026-06-15 15:24:29-06:00,,,5,L05f03-1 río de los remedios - las bombas,,3,141982,FFFFFF,,,,,,
metrobus,metrobus_vehicle_positions_enriched,2026-06-15T21:24:36Z,2026-06-15,20260615T212431Z,92e55611-2cd3-4e00-838a-fd7b1583a203,,,,,,69675,2663,002A965,19.342914581298828,-99.11250305175781,192.0,14.0,50.4,,,,1781558664,2026-06-15 15:24:24-06:00,,,,,,,,,,,,,,
metrobus,metrobus_vehicle_positions_enriched,2026-06-15T21:24:36Z,2026-06-15,20260615T212431Z,1aed2b97-d23d-44f1-b6be-8020e5a0f196,,20211,0.0,21:08:22,20260615,69674,2662,002A964,19.460912704467773,-99.1056900024414,200.0,13.0,46.800000000000004,,,,1781558651,2026-06-15 15:24:11-06:00,,,5,L05f03-1 río de los remedios - las bombas,,3,141982,FFFFFF,,,,,,
metrobus,metrobus_vehicle_positions_enriched,2026-06-15T21:24:36Z,2026-06-15,20260615T212431Z,5cd8fb51-a41c-45da-8ca8-c1d82f457dcc,,,,,,70044,910,1280172,19.487031936645508,-99.09237670898438,0.0,0.0,0.0,,,,1781533753,2026-06-15 08:29:13-06:00,,,,,,,,,,,,,,
metrobus,metrobus_vehicle_positions_enriched,2026-06-15T21:24:36Z,2026-06-15,20260615T212431Z,141c93cc-541d-496a-ae69-71006d2c4dc8,,,,,,70045,911,1280173,19.42789649963379,-99.1656723022461,647.0,1.0,3.6,,,,1781558665,2026-06-15 15:24:25-06:00,,,,,,,,,,,,,,
metrobus,metrobus_vehicle_positions_enriched,2026-06-15T21:24:36Z,2026-06-15,20260615T212431Z,538b83fe-c9fd-4a85-935f-08527996d65d,,19576,0.0,21:05:02,20260615,70046,912,1290114,19.457626342773438,-99.12903594970703,201.0,0.0,0.0,,,,1781558661,2026-06-15 15:24:21-06:00,,,7,L07h01-1 indios verdes - campo marte,,3,116633,FFFFFF,,,,,,
metrobus,metrobus_vehicle_positions_enriched,2026-06-15T21:24:36Z,2026-06-15,20260615T212431Z,5d9ec4e0-064c-48c9-9b16-0d11cee9c9fd,,19582,0.0,21:16:39,20260615,70047,913,1290115,19.478883743286133,-99.1209716796875,198.0,0.0,0.0,,,,1781558651,2026-06-15 15:24:11-06:00,,,7,L07h04-1 indios verdes - la diana,,3,116633,FFFFFF,,,,,,
metrobus,metrobus_vehicle_positions_enriched,2026-06-15T21:24:36Z,2026-06-15,20260615T212431Z,8950fddf-f664-420d-bc6f-686d4efc3c2b,,19576,0.0,21:18:59,20260615,70048,914,1290116,19.479843139648438,-99.12065124511719,199.0,0.0,0.0,,,,1781558656,2026-06-15 15:24:16-06:00,,,7,L07h01-1 indios verdes - campo marte,,3,116633,FFFFFF,,,,,,
metrobus,metrobus_vehicle_positions_enriched,2026-06-15T21:24:36Z,2026-06-15,20260615T212431Z,22c23096-f870-4b97-92c7-f877656527cf,,19583,1.0,20:56:53,20260615,70049,915,1290117,19.454469680786133,-99.13024139404297,109.0,28.0,100.8,,,,1781558655,2026-06-15 15:24:15-06:00,,,7,L07h04-2 la diana - indios verdes,,3,116633,FFFFFF,,,,,,
metrobus,metrobus_vehicle_positions_enriched,2026-06-15T21:24:36Z,2026-06-15,20260615T212431Z,6e769561-ee0d-4f9f-90d9-9946505f56fc,,19577,1.0,20:44:49,20260615,70050,916,1290118,19.447416305541992,-99.13545989990234,469.0,0.0,0.0,,,,1781558655,2026-06-15 15:24:15-06:00,,,7,L07h01-2 campo marte - indios verdes,,3,116633,FFFFFF,,,,,,
metrobus,metrobus_vehicle_positions_enriched,2026-06-15T21:24:36Z,2026-06-15,20260615T212431Z,d8454e37-106f-416b-904c-7939d2ddef17,,19579,1.0,20:22:13,20260615,70052,918,1290120,19.475709915161133,-99.12213897705078,202.0,0.0,0.0,,,,1781558654,2026-06-15 15:24:14-06:00,,,7,L07h02-2 campo marte - hospital infantil,,3,116633,FFFFFF,,,,,,
metrobus,metrobus_vehicle_positions_enriched,2026-06-15T21:24:36Z,2026-06-15,20260615T212431Z,ca6015f8-1bb6-4e99-8eab-8db3a2788441,,,,,,70053,919,1290121,19.514259338378906,-99.14997100830078,0.0,0.0,0.0,,,,1781554626,2026-06-15 14:17:06-06:00,,,,,,,,,,,,,,
metrobus,metrobus_vehicle_positions_enriched,2026-06-15T21:24:36Z,2026-06-15,20260615T212431Z,1ebd7b3c-4f1b-48a9-90b8-f60a7bd49ba3,,19494,0.0,21:02:04,20260615,69501,1110,1230101,19.43712043762207,-99.15690612792969,201.0,0.0,0.0,,,,1781558665,2026-06-15 15:24:25-06:00,,,1,L01a02-1 indios verdes - insurgentes,,3,D40D0D,FFFFFF,,,,,,
metrobus,metrobus_vehicle_positions_enriched,2026-06-15T21:24:36Z,2026-06-15,20260615T212431Z,9b9ec32a-502b-41b6-a76a-6d9599e678ff,,,,,,69498,1107,1230098,19.49433708190918,-99.11895751953125,359.0,33.0,118.8,,,,1781558617,2026-06-15 15:23:37-06:00,,,,,,,,,,,,,,
metrobus,metrobus_vehicle_positions_enriched,2026-06-15T21:24:36Z,2026-06-15,20260615T212431Z,17f34f32-8791-4ba9-bf7a-27651ca4e07b,,,,,,69497,1106,1230097,19.498764038085938,-99.11956787109375,237.0,0.0,0.0,,,,1781558652,2026-06-15 15:24:12-06:00,,,,,,,,,,,,,,
metrobus,metrobus_vehicle_positions_enriched,2026-06-15T21:24:36Z,2026-06-15,20260615T212431Z,eb3be0a7-5896-4b13-b4d6-67d1299292f3,,19497,0.0,20:39:29,20260615,69496,1105,1230096,19.36870574951172,-99.1806869506836,196.0,5.0,18.0,,,,1781558651,2026-06-15 15:24:11-06:00,,,1,L01a03-1 buenavista - el caminero,,3,D40D0D,FFFFFF,,,,,,
metrobus,metrobus_vehicle_positions_enriched,2026-06-15T21:24:36Z,2026-06-15,20260615T212431Z,2f021a30-8b2a-40e1-b1e3-53d59e40c839,,19499,0.0,21:01:42,20260615,69495,1104,1230095,19.434892654418945,-99.15785217285156,202.0,0.0,0.0,,,,1781558651,2026-06-15 15:24:11-06:00,,,1,L01a07-1 indios verdes - el caminero,,3,D40D0D,FFFFFF,,,,,,
metrobus,metrobus_vehicle_positions_enriched,2026-06-15T21:24:36Z,2026-06-15,20260615T212431Z,a8af7931-58c2-4277-a86a-9e168226d6d6,,19499,0.0,20:33:22,20260615,69494,1103,1230094,19.380422592163086,-99.17692565917969,198.0,0.0,0.0,,,,1781558662,2026-06-15 15:24:22-06:00,,,1,L01a07-1 indios verdes - el caminero,,3,D40D0D,FFFFFF,,,,,,
metrobus,metrobus_vehicle_positions_enriched,2026-06-15T21:24:36Z,2026-06-15,20260615T212431Z,95218ff4-cfcc-46ec-a0b6-37d1156f7482,,19492,0.0,20:17:37,20260615,69493,1102,1230093,19.352632522583008,-99.18588256835938,197.0,0.0,0.0,,,,1781558658,2026-06-15 15:24:18-06:00,,,1,L01a01-1 indios verdes - dr. gálvez,,3,D40D0D,FFFFFF,,,,,,
metrobus,metrobus_vehicle_positions_enriched,2026-06-15T21:24:36Z,2026-06-15,20260615T212431Z,8fc7e901-4deb-4003-b3ff-0b61156b500b,,19491,1.0,20:43:31,20260615,69492,1101,1230092,19.423208236694336,-99.16276550292969,521.0,0.0,0.0,,,,1781558664,2026-06-15 15:24:24-06:00,,,1,L01a01-2 dr. gálvez - indios verdes,,3,D40D0D,FFFFFF,,,,,,
metrobus,metrobus_vehicle_positions_enriched,2026-06-15T21:24:36Z,2026-06-15,20260615T212431Z,c5af3843-5bdd-434b-be6c-a9492906b591,,19576,0.0,20:23:06,20260615,70054,920,1290122,19.424909591674805,-99.18578338623047,280.0,39.0,140.4,,,,1781558662,2026-06-15 15:24:22-06:00,,,7,L07h01-1 indios verdes - campo marte,,3,116633,FFFFFF,,,,,,
metrobus,metrobus_vehicle_positions_enriched,2026-06-15T21:24:36Z,2026-06-15,20260615T212431Z,d50b0e08-49cd-4fe3-b225-7b757d624930,,19577,1.0,20:58:54,20260615,70055,921,1290123,19.43405532836914,-99.1526107788086,646.0,0.0,0.0,,,,1781558656,2026-06-15 15:24:16-06:00,,,7,L07h01-2 campo marte - indios verdes,,3,116633,FFFFFF,,,,,,
metrobus,metrobus_vehicle_positions_enriched,2026-06-15T21:24:36Z,2026-06-15,20260615T212431Z,d2bef267-4c06-47c5-bbec-59f519be8059,,19576,0.0,20:40:49,20260615,70057,923,1290125,19.429813385009766,-99.16191864013672,244.0,31.0,111.60000000000001,,,,1781558641,2026-06-15 15:24:01-06:00,,,7,L07h01-1 indios verdes - campo marte,,3,116633,FFFFFF,,,,,,
metrobus,metrobus_vehicle_positions_enriched,2026-06-15T21:24:36Z,2026-06-15,20260615T212431Z,4e0676c0-3389-4fe3-ad66-c6cfe7c64bff,,19577,1.0,20:21:35,20260615,70058,924,1290126,19.483171463012695,-99.11937713623047,196.0,0.0,0.0,,,,1781558657,2026-06-15 15:24:17-06:00,,,7,L07h01-2 campo marte - indios verdes,,3,116633,FFFFFF,,,,,,
metrobus,metrobus_vehicle_positions_enriched,2026-06-15T21:24:36Z,2026-06-15,20260615T212431Z,8df9ea26-0c7e-4817-ad5c-7fd4ae0b632f,,,,,,70059,925,1290127,19.508281707763672,-99.17277526855469,0.0,0.0,0.0,,,,1781558662,2026-06-15 15:24:22-06:00,,,,,,,,,,,,,,
metrobus,metrobus_vehicle_positions_enriched,2026-06-15T21:24:36Z,2026-06-15,20260615T212431Z,115b9318-b6a0-4e0f-b1e8-88271bd41e53,,19582,0.0,20:51:12,20260615,70060,926,1290128,19.444377899169922,-99.13949584960938,237.0,4.0,14.4,,,,1781558661,2026-06-15 15:24:21-06:00,,,7,L07h04-1 indios verdes - la diana,,3,116633,FFFFFF,,,,,,
metrobus,metrobus_vehicle_positions_enriched,2026-06-15T21:24:36Z,2026-06-15,20260615T212431Z,8dd9e73b-7f68-4148-b16d-b7f133db9b11,,,,,,69500,1109,1230100,19.496082305908203,-99.11922454833984,109.0,39.0,140.4,,,,1781558660,2026-06-15 15:24:20-06:00,,,,,,,,,,,,,,
metrobus,metrobus_vehicle_positions_enriched,2026-06-15T21:24:36Z,2026-06-15,20260615T212431Z,889ea448-bbef-4bd4-a7fe-dc4e6ad38973,,,,,,70061,927,1290129,19.492034912109375,-99.12030029296875,145.0,0.0,0.0,,,,1781558659,2026-06-15 15:24:19-06:00,,,,,,,,,,,,,,
metrobus,metrobus_vehicle_positions_enriched,2026-06-15T21:24:36Z,2026-06-15,20260615T212431Z,d19c09c5-d39c-4301-9a80-de5b6a57c853,,19499,0.0,21:07:29,20260615,69499,1108,1230099,19.443485260009766,-99.1544418334961,200.0,0.0,0.0,,,,1781558659,2026-06-15 15:24:19-06:00,,,1,L01a07-1 indios verdes - el caminero,,3,D40D0D,FFFFFF,,,,,,
metrobus,metrobus_vehicle_positions_enriched,2026-06-15T21:24:36Z,2026-06-15,20260615T212431Z,26fad054-95a0-4dcb-8081-ebf6658ab857,,19576,0.0,20:22:58,20260615,70062,928,1290130,19.425140380859375,-99.1871109008789,278.0,11.0,39.6,,,,1781558653,2026-06-15 15:24:13-06:00,,,7,L07h01-1 indios verdes - campo marte,,3,116633,FFFFFF,,,,,,
metrobus,metrobus_vehicle_positions_enriched,2026-06-15T21:24:36Z,2026-06-15,20260615T212431Z,7e2883ed-02cd-40d0-a229-c84528853282,,,,,,70063,929,1290131,19.427085876464844,-99.20023345947266,278.0,0.0,0.0,,,,1781558654,2026-06-15 15:24:14-06:00,,,,,,,,,,,,,,
metrobus,metrobus_vehicle_positions_enriched,2026-06-15T21:24:36Z,2026-06-15,20260615T212431Z,1dcd3cba-d2bc-4d79-9941-2ed99a73a528,,19497,0.0,20:12:33,20260615,69512,1121,1230112,19.29298973083496,-99.17875671386719,114.0,18.0,64.8,,,,1781558658,2026-06-15 15:24:18-06:00,,,1,L01a03-1 buenavista - el caminero,,3,D40D0D,FFFFFF,,,,,,
metrobus,metrobus_vehicle_positions_enriched,2026-06-15T21:24:36Z,2026-06-15,20260615T212431Z,eac5efe1-551d-450d-b79f-f96f36a00c46,,19492,0.0,20:17:03,20260615,69511,1120,1230111,19.350826263427734,-99.18643188476562,195.0,0.0,0.0,,,,1781558664,2026-06-15 15:24:24-06:00,,,1,L01a01-1 indios verdes - dr. gálvez,,3,D40D0D,FFFFFF,,,,,,
metrobus,metrobus_vehicle_positions_enriched,2026-06-15T21:24:36Z,2026-06-15,20260615T212431Z,5622e668-4051-4e38-8e68-f1bc90b5998f,,19500,1.0,21:12:56,20260615,69509,1118,1230109,19.29860496520996,-99.18534851074219,354.0,43.0,154.8,,,,1781558654,2026-06-15 15:24:14-06:00,,,1,L01a07-2 el caminero - indios verdes,,3,D40D0D,FFFFFF,,,,,,
metrobus,metrobus_vehicle_positions_enriched,2026-06-15T21:24:36Z,2026-06-15,20260615T212431Z,f4654a5a-0f3e-4aa6-a4a7-a0eebd9e3913,,,,,,69508,1117,1230108,19.4982852935791,-99.11956787109375,192.0,0.0,0.0,,,,1781558659,2026-06-15 15:24:19-06:00,,,,,,,,,,,,,,
metrobus,metrobus_vehicle_positions_enriched,2026-06-15T21:24:36Z,2026-06-15,20260615T212431Z,8a7c2863-89a3-4743-b667-f8d56153684d,,19491,1.0,21:19:03,20260615,69507,1116,1230107,19.337566375732422,-99.1900634765625,347.0,0.0,0.0,,,,1781558659,2026-06-15 15:24:19-06:00,,,1,L01a01-2 dr. gálvez - indios verdes,,3,D40D0D,FFFFFF,,,,,,
metrobus,metrobus_vehicle_positions_enriched,2026-06-15T21:24:36Z,2026-06-15,20260615T212431Z,16d165e5-ac03-41cb-be0f-adfcb0937364,,,,,,69506,1115,1230106,19.49776268005371,-99.11841583251953,173.0,30.0,108.0,,,,1781558666,2026-06-15 15:24:26-06:00,,,,,,,,,,,,,,
metrobus,metrobus_vehicle_positions_enriched,2026-06-15T21:24:36Z,2026-06-15,20260615T212431Z,80caf19d-8dad-4f85-a6cb-a4b65b4501af,,19499,0.0,20:33:18,20260615,69505,1114,1230105,19.499292373657227,-99.1196060180664,650.0,0.0,0.0,,,,1781558652,2026-06-15 15:24:12-06:00,,,1,L01a07-1 indios verdes - el caminero,,3,D40D0D,FFFFFF,,,,,,
metrobus,metrobus_vehicle_positions_enriched,2026-06-15T21:24:36Z,2026-06-15,20260615T212431Z,7f919347-d2f7-4eef-8e61-3e9c36e40ba2,,19500,1.0,20:08:49,20260615,69504,1113,1230104,19.435998916625977,-99.15725708007812,241.0,0.0,0.0,,,,1781558664,2026-06-15 15:24:24-06:00,,,1,L01a07-2 el caminero - indios verdes,,3,D40D0D,FFFFFF,,,,,,
metrobus,metrobus_vehicle_positions_enriched,2026-06-15T21:24:36Z,2026-06-15,20260615T212431Z,9b306e75-1542-471d-a40c-2463d49adf3d,,,,,,69503,1112,1230103,19.499671936035156,-99.11961364746094,0.0,0.0,0.0,,,,1781550221,2026-06-15 13:03:41-06:00,,,,,,,,,,,,,,
metrobus,metrobus_vehicle_positions_enriched,2026-06-15T21:24:36Z,2026-06-15,20260615T212431Z,3ad408ee-5046-4ad2-9e12-b2e249eb4c9b,,19576,0.0,21:21:03,20260615,70064,930,1290132,19.487167358398438,-99.11788177490234,199.0,0.0,0.0,,,,1781558659,2026-06-15 15:24:19-06:00,,,7,L07h01-1 indios verdes - campo marte,,3,116633,FFFFFF,,,,,,
metrobus,metrobus_vehicle_positions_enriched,2026-06-15T21:24:36Z,2026-06-15,20260615T212431Z,446b3624-731f-46cd-a585-09287c51cd46,,19577,1.0,20:54:12,20260615,70065,931,1290133,19.44736671447754,-99.13550567626953,473.0,3.0,10.8,,,,1781558660,2026-06-15 15:24:20-06:00,,,7,L07h01-2 campo marte - indios verdes,,3,116633,FFFFFF,,,,,,
metrobus,metrobus_vehicle_positions_enriched,2026-06-15T21:24:36Z,2026-06-15,20260615T212431Z,39c6ceba-5bb9-42cb-bfe1-63c07f444b5f,,19497,0.0,20:08:57,20260615,69502,1111,1230102,19.28063201904297,-99.17076110839844,115.0,0.0,0.0,,,,1781558654,2026-06-15 15:24:14-06:00,,,1,L01a03-1 buenavista - el caminero,,3,D40D0D,FFFFFF,,,,,,
metrobus,metrobus_vehicle_positions_enriched,2026-06-15T21:24:36Z,2026-06-15,20260615T212431Z,a29a1bb1-90cb-40fb-b31d-f190e4309d8c,,19577,1.0,20:16:34,20260615,70066,932,1290134,19.487258911132812,-99.1143569946289,288.0,2.0,7.2,,,,1781558662,2026-06-15 15:24:22-06:00,,,7,L07h01-2 campo marte - indios verdes,,3,116633,FFFFFF,,,,,,
metrobus,metrobus_vehicle_positions_enriched,2026-06-15T21:24:36Z,2026-06-15,20260615T212431Z,d766cd7e-05bd-4503-97d6-6e97095d8f04,,19577,1.0,20:40:17,20260615,70067,933,1290135,19.45827865600586,-99.12874603271484,206.0,26.0,93.60000000000001,,,,1781558653,2026-06-15 15:24:13-06:00,,,7,L07h01-2 campo marte - indios verdes,,3,116633,FFFFFF,,,,,,
metrobus,metrobus_vehicle_positions_enriched,2026-06-15T21:24:36Z,2026-06-15,20260615T212431Z,5c8ddc2f-ac42-4654-ab1c-7d147717a10f,,,,,,70068,934,1290136,19.492450714111328,-99.1207046508789,139.0,0.0,0.0,,,,1781555857,2026-06-15 14:37:37-06:00,,,,,,,,,,,,,,
metrobus,metrobus_vehicle_positions_enriched,2026-06-15T21:24:36Z,2026-06-15,20260615T212431Z,2ff0aa62-de5c-4d1c-8785-21da1a05e218,,19577,1.0,21:10:19,20260615,70069,935,1290137,19.426959991455078,-99.16864013671875,643.0,0.0,0.0,,,,1781558662,2026-06-15 15:24:22-06:00,,,7,L07h01-2 campo marte - indios verdes,,3,116633,FFFFFF,,,,,,
metrobus,metrobus_vehicle_positions_enriched,2026-06-15T21:24:36Z,2026-06-15,20260615T212431Z,91528645-a34d-43a9-95b5-0c7cd0390df7,,19578,0.0,20:14:35,20260615,70070,936,1290138,19.492414474487305,-99.1207046508789,146.0,0.0,0.0,,,,1781555157,2026-06-15 14:25:57-06:00,,,7,L07h02-1 hospital infantil - campo marte,,3,116633,FFFFFF,,,,,,
metrobus,metrobus_vehicle_positions_enriched,2026-06-15T21:24:36Z,2026-06-15,20260615T212431Z,09423abc-2d6f-4fa4-8ce1-59e36f8558d8,,19576,0.0,20:58:25,20260615,70071,937,1290139,19.4490966796875,-99.13420104980469,216.0,0.0,0.0,,,,1781558657,2026-06-15 15:24:17-06:00,,,7,L07h01-1 indios verdes - campo marte,,3,116633,FFFFFF,,,,,,
metrobus,metrobus_vehicle_positions_enriched,2026-06-15T21:24:36Z,2026-06-15,20260615T212431Z,11e394f9-6f57-46d8-9c2a-f7d95449707e,,,,,,70072,938,1290140,19.514863967895508,-99.15001678466797,0.0,0.0,0.0,,,,1779905441,2026-05-27 12:10:41-06:00,,,,,,,,,,,,,,
metrobus,metrobus_vehicle_positions_enriched,2026-06-15T21:24:36Z,2026-06-15,20260615T212431Z,32cac940-848c-42cc-aa84-668800a4891a,,,,,,70073,939,1290141,19.49264907836914,-99.1205825805664,328.0,0.0,0.0,,,,1781558664,2026-06-15 15:24:24-06:00,,,,,,,,,,,,,,
metrobus,metrobus_vehicle_positions_enriched,2026-06-15T21:24:36Z,2026-06-15,20260615T212431Z,b8e2a350-4b27-4374-a496-b167c408bdcd,,19500,1.0,20:18:06,20260615,69510,1119,1230110,19.428234100341797,-99.1608657836914,241.0,0.0,0.0,,,,1781558663,2026-06-15 15:24:23-06:00,,,1,L01a07-2 el caminero - indios verdes,,3,D40D0D,FFFFFF,,,,,,
metrobus,metrobus_vehicle_positions_enriched,2026-06-15T21:24:36Z,2026-06-15,20260615T212431Z,f038fe92-0ec6-42be-8346-7ce5337f246a,,20211,0.0,20:18:55,20260615,69411,3310,TienepermisodeSEMOVI,19.3209228515625,-99.11381530761719,150.0,21.0,75.60000000000001,,,,1781558666,2026-06-15 15:24:26-06:00,,,5,L05f03-1 río de los remedios - las bombas,,3,141982,FFFFFF,,,,,,
metrobus,metrobus_vehicle_positions_enriched,2026-06-15T21:24:36Z,2026-06-15,20260615T212431Z,e5cc4494-1d04-4cb3-97be-00259c2d56c7,,19500,1.0,20:38:46,20260615,69523,1132,1230026,19.385818481445312,-99.1750259399414,177.0,0.0,0.0,,,,1781558656,2026-06-15 15:24:16-06:00,,,1,L01a07-2 el caminero - indios verdes,,3,D40D0D,FFFFFF,,,,,,
metrobus,metrobus_vehicle_positions_enriched,2026-06-15T21:24:36Z,2026-06-15,20260615T212431Z,a624ae81-ae3b-425d-9239-740b2144b5ea,,19499,0.0,20:56:42,20260615,69522,1131,1230025,19.422391891479492,-99.16342163085938,195.0,0.0,0.0,,,,1781558666,2026-06-15 15:24:26-06:00,,,1,L01a07-1 indios verdes - el caminero,,3,D40D0D,FFFFFF,,,,,,
metrobus,metrobus_vehicle_positions_enriched,2026-06-15T21:24:36Z,2026-06-15,20260615T212431Z,fd1a6bb2-c895-4b59-becb-4a2bfe0ffe79,,19500,1.0,20:29:19,20260615,69521,1130,1230024,19.402368545532227,-99.16961669921875,182.0,0.0,0.0,,,,1781558658,2026-06-15 15:24:18-06:00,,,1,L01a07-2 el caminero - indios verdes,,3,D40D0D,FFFFFF,,,,,,
metrobus,metrobus_vehicle_positions_enriched,2026-06-15T21:24:36Z,2026-06-15,20260615T212431Z,3fe0bc47-2f6a-4a99-b1d8-ede603a0e492,,19563,0.0,20:39:44,20260615,69408,3307,1230171,19.39093017578125,-99.04742431640625,117.0,0.0,0.0,,,,1781558667,2026-06-15 15:24:27-06:00,,,2,L02c01-1 tepalcates - tacubaya,,3,8D1A96,FFFFFF,,,,,,
metrobus,metrobus_vehicle_positions_enriched,2026-06-15T21:24:36Z,2026-06-15,20260615T212431Z,7a4c3b38-2ac1-4240-913d-effe3ab1b8f2,,19498,1.0,21:18:17,20260615,69520,1129,1230022,19.280685424804688,-99.1709213256836,114.0,36.0,129.6,,,,1781558583,2026-06-15 15:23:03-06:00,,,1,L01a03-2 el caminero - buenavista,,3,D40D0D,FFFFFF,,,,,,
metrobus,metrobus_vehicle_positions_enriched,2026-06-15T21:24:36Z,2026-06-15,20260615T212431Z,e5d72a71-ebd7-485d-9e14-ac388b454330,,19563,0.0,20:12:25,20260615,69407,3306,1230185,19.407827377319336,-99.1839370727539,289.0,0.0,0.0,,,,1781558665,2026-06-15 15:24:25-06:00,,,2,L02c01-1 tepalcates - tacubaya,,3,8D1A96,FFFFFF,,,,,,
metrobus,metrobus_vehicle_positions_enriched,2026-06-15T21:24:36Z,2026-06-15,20260615T212431Z,3d7f1fda-ebe1-48c0-ab14-b0a12abf15ab,,19498,1.0,21:01:58,20260615,69519,1128,003A008,19.340675354003906,-99.19002532958984,209.0,0.0,0.0,,,,1781558659,2026-06-15 15:24:19-06:00,,,1,L01a03-2 el caminero - buenavista,,3,D40D0D,FFFFFF,,,,,,
metrobus,metrobus_vehicle_positions_enriched,2026-06-15T21:24:36Z,2026-06-15,20260615T212431Z,d4ef05ab-115e-4c0f-80a5-ed1e9f5930ef,,19562,1.0,20:30:32,20260615,69406,3305,1230183,19.383068084716797,-99.06057739257812,960.0,0.0,0.0,,,,1781558657,2026-06-15 15:24:17-06:00,,,2,L02c01-2 tacubaya - tepalcates,,3,8D1A96,FFFFFF,,,,,,
metrobus,metrobus_vehicle_positions_enriched,2026-06-15T21:24:36Z,2026-06-15,20260615T212431Z,60790b30-f3e9-45f3-b979-3cdfd6a07e84,,,,,,69518,1127,003A007,19.500009536743164,-99.11949920654297,0.0,0.0,0.0,,,,1781558139,2026-06-15 15:15:39-06:00,,,,,,,,,,,,,,
metrobus,metrobus_vehicle_positions_enriched,2026-06-15T21:24:36Z,2026-06-15,20260615T212431Z,2919dce1-1ee9-4a51-a269-539e165ffd4f,,19563,0.0,20:48:29,20260615,69405,3304,1230189,19.397920608520508,-99.1094741821289,282.0,13.0,46.800000000000004,,,,1781558665,2026-06-15 15:24:25-06:00,,,2,L02c01-1 tepalcates - tacubaya,,3,8D1A96,FFFFFF,,,,,,
metrobus,metrobus_vehicle_positions_enriched,2026-06-15T21:24:36Z,2026-06-15,20260615T212431Z,8c9a54c0-0da1-4563-aa47-8ab0212e9442,,19492,0.0,21:22:47,20260615,69517,1126,003A006,19.487852096557617,-99.12338256835938,217.0,43.0,154.8,,,,1781558657,2026-06-15 15:24:17-06:00,,,1,L01a01-1 indios verdes - dr. gálvez,,3,D40D0D,FFFFFF,,,,,,
metrobus,metrobus_vehicle_positions_enriched,2026-06-15T21:24:36Z,2026-06-15,20260615T212431Z,ee38bcdd-abc6-4dca-8941-49ea7ecd491f,,19563,0.0,20:54:19,20260615,69404,3303,1230179,19.396942138671875,-99.09967041015625,272.0,16.0,57.6,,,,1781558653,2026-06-15 15:24:13-06:00,,,2,L02c01-1 tepalcates - tacubaya,,3,8D1A96,FFFFFF,,,,,,
metrobus,metrobus_vehicle_positions_enriched,2026-06-15T21:24:36Z,2026-06-15,20260615T212431Z,67cd9fd5-aeb5-4061-936b-1a438941a9fb,,19499,0.0,20:23:20,20260615,69516,1125,003A005,19.359474182128906,-99.1836929321289,197.0,0.0,0.0,,,,1781558661,2026-06-15 15:24:21-06:00,,,1,L01a07-1 indios verdes - el caminero,,3,D40D0D,FFFFFF,,,,,,
metrobus,metrobus_vehicle_positions_enriched,2026-06-15T21:24:36Z,2026-06-15,20260615T212431Z,8a248712-3039-4082-b728-48ba46a931bb,,19497,0.0,20:17:16,20260615,69515,1124,003A004,19.30384635925293,-99.18617248535156,173.0,0.0,0.0,,,,1781558659,2026-06-15 15:24:19-06:00,,,1,L01a03-1 buenavista - el caminero,,3,D40D0D,FFFFFF,,,,,,
metrobus,metrobus_vehicle_positions_enriched,2026-06-15T21:24:36Z,2026-06-15,20260615T212431Z,37f5cdd4-134d-4cb0-93e4-e95f4d0987a9,,19562,1.0,21:14:07,20260615,69403,3302,1230188,19.40347671508789,-99.16985321044922,847.0,17.0,61.2,,,,1781558664,2026-06-15 15:24:24-06:00,,,2,L02c01-2 tacubaya - tepalcates,,3,8D1A96,FFFFFF,,,,,,
metrobus,metrobus_vehicle_positions_enriched,2026-06-15T21:24:36Z,2026-06-15,20260615T212431Z,9ad4840d-af0b-4e9e-a22c-fa3a8327ad86,,19576,0.0,20:49:05,20260615,70074,940,1290142,19.437896728515625,-99.14629364013672,226.0,0.0,0.0,,,,1781558658,2026-06-15 15:24:18-06:00,,,7,L07h01-1 indios verdes - campo marte,,3,116633,FFFFFF,,,,,,
metrobus,metrobus_vehicle_positions_enriched,2026-06-15T21:24:36Z,2026-06-15,20260615T212431Z,d142c9a8-7c89-4425-99ef-ddfd7c3b9bf4,,19577,1.0,20:37:55,20260615,70075,941,1290143,19.461135864257812,-99.12760162353516,215.0,7.0,25.2,,,,1781558662,2026-06-15 15:24:22-06:00,,,7,L07h01-2 campo marte - indios verdes,,3,116633,FFFFFF,,,,,,
metrobus,metrobus_vehicle_positions_enriched,2026-06-15T21:24:36Z,2026-06-15,20260615T212431Z,1d9e64f9-165e-4555-9253-33d6174c6665,,,,,,69514,1123,003A003,19.498437881469727,-99.11979675292969,196.0,0.0,0.0,,,,1781558665,2026-06-15 15:24:25-06:00,,,,,,,,,,,,,,
metrobus,metrobus_vehicle_positions_enriched,2026-06-15T21:24:36Z,2026-06-15,20260615T212431Z,28155a5e-1d62-4b33-b64c-0070d4c5a898,,19563,0.0,21:19:52,20260615,69402,3301,1230186,19.38825035095215,-99.05692291259766,304.0,27.0,97.2,,,,1781558662,2026-06-15 15:24:22-06:00,,,2,L02c01-1 tepalcates - tacubaya,,3,8D1A96,FFFFFF,,,,,,
metrobus,metrobus_vehicle_positions_enriched,2026-06-15T21:24:36Z,2026-06-15,20260615T212431Z,319cb52c-5246-41ff-8545-bd5695142780,,,,,,69513,1122,003A002,19.4989013671875,-99.11911010742188,0.0,0.0,0.0,,,,1781558664,2026-06-15 15:24:24-06:00,,,,,,,,,,,,,,
metrobus,metrobus_vehicle_positions_enriched,2026-06-15T21:24:36Z,2026-06-15,20260615T212431Z,69429001-5902-4581-a47b-9695cc420032,,,,,,70076,942,1290144,19.464481353759766,-99.12638854980469,195.0,3.0,10.8,,,,1781407079,2026-06-13 21:17:59-06:00,,,,,,,,,,,,,,
metrobus,metrobus_vehicle_positions_enriched,2026-06-15T21:24:36Z,2026-06-15,20260615T212431Z,7a83643d-36d7-4c22-8bfa-0d534705f5d0,,19470,0.0,20:33:07,20260615,69324,701,1240014,19.495113372802734,-99.15362548828125,282.0,0.0,0.0,,,,1781558663,2026-06-15 15:24:23-06:00,,,6,L06g01-1 villa de aragón - el rosario,,3,E44599,FFFFFF,,,,,,
metrobus,metrobus_vehicle_positions_enriched,2026-06-15T21:24:36Z,2026-06-15,20260615T212431Z,d27bf4d6-cf94-4a3d-9238-63888398afd5,,19470,0.0,21:07:56,20260615,69325,702,1240015,19.47110366821289,-99.08641052246094,327.0,4.0,14.4,,,,1781558656,2026-06-15 15:24:16-06:00,,,6,L06g01-1 villa de aragón - el rosario,,3,E44599,FFFFFF,,,,,,
metrobus,metrobus_vehicle_positions_enriched,2026-06-15T21:24:36Z,2026-06-15,20260615T212431Z,08a02135-a8f7-4972-9cff-c6a4a7573c7b,,19470,0.0,21:22:37,20260615,69326,703,1240016,19.46988296508789,-99.06494903564453,312.0,0.0,0.0,,,,1781558662,2026-06-15 15:24:22-06:00,,,6,L06g01-1 villa de aragón - el rosario,,3,E44599,FFFFFF,,,,,,
metrobus,metrobus_vehicle_positions_enriched,2026-06-15T21:24:36Z,2026-06-15,20260615T212431Z,66100af6-4d73-4f46-b77a-4cd8e0d39273,,,,,,69327,704,1240017,19.477954864501953,-99.06377410888672,682.0,0.0,0.0,,,,1781556849,2026-06-15 14:54:09-06:00,,,,,,,,,,,,,,
metrobus,metrobus_vehicle_positions_enriched,2026-06-15T21:24:36Z,2026-06-15,20260615T212431Z,354bced7-e2af-476b-83ec-d3f73a242c46,,19470,0.0,20:14:08,20260615,69328,705,1240018,19.486730575561523,-99.12281799316406,113.0,0.0,0.0,,,,1781558664,2026-06-15 15:24:24-06:00,,,6,L06g01-1 villa de aragón - el rosario,,3,E44599,FFFFFF,,,,,,
metrobus,metrobus_vehicle_positions_enriched,2026-06-15T21:24:36Z,2026-06-15,20260615T212431Z,f604d5ac-6ffc-44a5-8bcc-0761e924c6c2,,,,,,69329,706,1240019,19.474231719970703,-99.06966400146484,317.0,0.0,0.0,,,,1781558656,2026-06-15 15:24:16-06:00,,,,,,,,,,,,,,
metrobus,metrobus_vehicle_positions_enriched,2026-06-15T21:24:36Z,2026-06-15,20260615T212431Z,e3beb762-a361-4ed5-b4d5-570c733dbfc9,,19563,0.0,20:43:50,20260615,69410,3309,1230181,19.39796257019043,-99.12745666503906,265.0,50.0,180.0,,,,1781558660,2026-06-15 15:24:20-06:00,,,2,L02c01-1 tepalcates - tacubaya,,3,8D1A96,FFFFFF,,,,,,
metrobus,metrobus_vehicle_positions_enriched,2026-06-15T21:24:36Z,2026-06-15,20260615T212431Z,6def00cc-21c6-47f3-9b07-da27b6405c32,,19470,0.0,17:36:32,20260615,69330,707,1240020,19.4949951171875,-99.15328216552734,282.0,2.0,7.2,,,,1781547900,2026-06-15 12:25:00-06:00,,,6,L06g01-1 villa de aragón - el rosario,,3,E44599,FFFFFF,,,,,,
metrobus,metrobus_vehicle_positions_enriched,2026-06-15T21:24:36Z,2026-06-15,20260615T212431Z,10ca9789-15db-4026-909e-df7b4d6c2686,,19471,1.0,20:19:37,20260615,69331,708,1240021,19.46628189086914,-99.06102752685547,132.0,43.0,154.8,,,,1781558660,2026-06-15 15:24:20-06:00,,,6,L06g01-2 el rosario - villa de aragón,,3,E44599,FFFFFF,,,,,,
metrobus,metrobus_vehicle_positions_enriched,2026-06-15T21:24:36Z,2026-06-15,20260615T212431Z,9f08734f-512d-4459-93a1-383c14f5944f,,,,,,69409,3308,1230178,19.38994789123535,-99.08441162109375,304.0,0.0,0.0,,,,1781558662,2026-06-15 15:24:22-06:00,,,,,,,,,,,,,,
metrobus,metrobus_vehicle_positions_enriched,2026-06-15T21:24:36Z,2026-06-15,20260615T212431Z,22ad1b2e-501f-42e2-840e-01fbac3e6a98,,19472,1.0,21:20:02,20260615,69332,709,1240022,19.490772247314453,-99.13368225097656,103.0,13.0,46.800000000000004,,,,1781558658,2026-06-15 15:24:18-06:00,,,6,L06g02-2 ipn - villa de aragón,,3,E44599,FFFFFF,,,,,,
metrobus,metrobus_vehicle_positions_enriched,2026-06-15T21:24:36Z,2026-06-15,20260615T212431Z,63632a28-147c-4395-8d41-b6435d5048ff,,19498,1.0,20:48:16,20260615,69534,1143,1230001,19.35840606689453,-99.18389129638672,166.0,7.0,25.2,,,,1781558665,2026-06-15 15:24:25-06:00,,,1,L01a03-2 el caminero - buenavista,,3,D40D0D,FFFFFF,,,,,,
metrobus,metrobus_vehicle_positions_enriched,2026-06-15T21:24:36Z,2026-06-15,20260615T212431Z,e0db610f-81df-43b1-a389-35b0dbebbf29,,19491,1.0,20:16:27,20260615,69533,1142,1230004,19.481016159057617,-99.12870788574219,379.0,29.0,104.4,,,,1781558655,2026-06-15 15:24:15-06:00,,,1,L01a01-2 dr. gálvez - indios verdes,,3,D40D0D,FFFFFF,,,,,,
metrobus,metrobus_vehicle_positions_enriched,2026-06-15T21:24:36Z,2026-06-15,20260615T212431Z,38f4f605-1e9a-4878-8cd5-806779872451,,19563,0.0,20:59:31,20260615,69421,3320,1230192,19.38912582397461,-99.08316802978516,305.0,12.0,43.2,,,,1781558662,2026-06-15 15:24:22-06:00,,,2,L02c01-1 tepalcates - tacubaya,,3,8D1A96,FFFFFF,,,,,,
metrobus,metrobus_vehicle_positions_enriched,2026-06-15T21:24:36Z,2026-06-15,20260615T212431Z,c3f8c45a-a5d8-44f1-8f15-33211a934b50,,,,,,69532,1141,1230045,19.278627395629883,-99.16898345947266,303.0,0.0,0.0,,,,1781558669,2026-06-15 15:24:29-06:00,,,,,,,,,,,,,,
metrobus,metrobus_vehicle_positions_enriched,2026-06-15T21:24:36Z,2026-06-15,20260615T212431Z,6718c213-2f42-4bd9-a679-e0d6f16fd03b,,,,,,69531,1140,1230044,19.443098068237305,-99.15457153320312,192.0,19.0,68.4,,,,1781558660,2026-06-15 15:24:20-06:00,,,,,,,,,,,,,,
metrobus,metrobus_vehicle_positions_enriched,2026-06-15T21:24:36Z,2026-06-15,20260615T212431Z,445c0eaa-762a-48bf-a7c0-f054bc77462d,,19562,1.0,20:47:56,20260615,69419,3318,1230190,19.397111892700195,-99.10289764404297,958.0,39.0,140.4,,,,1781558630,2026-06-15 15:23:50-06:00,,,2,L02c01-2 tacubaya - tepalcates,,3,8D1A96,FFFFFF,,,,,,
metrobus,metrobus_vehicle_positions_enriched,2026-06-15T21:24:36Z,2026-06-15,20260615T212431Z,fc03424c-3163-49f7-a7bf-18c7c5797124,,19494,0.0,21:21:18,20260615,69530,1139,1230040,19.482635498046875,-99.12767028808594,218.0,18.0,64.8,,,,1781558659,2026-06-15 15:24:19-06:00,,,1,L01a02-1 indios verdes - insurgentes,,3,D40D0D,FFFFFF,,,,,,
metrobus,metrobus_vehicle_positions_enriched,2026-06-15T21:24:36Z,2026-06-15,20260615T212431Z,79056c8e-85ab-4434-b656-8e2c99c12cc0,,19559,0.0,20:20:13,20260615,69418,3317,TienepermisodeSEMOVI,19.3265323638916,-99.11385345458984,185.0,26.0,93.60000000000001,,,,1781558655,2026-06-15 15:24:15-06:00,,,5,L05f05-1 río de los remedios - preparatoria 1,,3,141982,FFFFFF,,,,,,
metrobus,metrobus_vehicle_positions_enriched,2026-06-15T21:24:36Z,2026-06-15,20260615T212431Z,377a12a7-da2e-413f-a78a-5812fc028288,,19473,0.0,21:15:14,20260615,69417,3316,TienepermisodeSEMOVI,19.4808292388916,-99.07624053955078,315.0,28.0,100.8,,,,1781558656,2026-06-15 15:24:16-06:00,,,6,L06g02-1 villa de aragón - ipn,,3,E44599,FFFFFF,,,,,,
metrobus,metrobus_vehicle_positions_enriched,2026-06-15T21:24:36Z,2026-06-15,20260615T212431Z,ce3562fa-e44c-4e76-909c-f7d332d94d0b,,19500,1.0,19:59:23,20260615,69529,1138,1230038,19.456684112548828,-99.14940643310547,535.0,8.0,28.8,,,,1781558655,2026-06-15 15:24:15-06:00,,,1,L01a07-2 el caminero - indios verdes,,3,D40D0D,FFFFFF,,,,,,
metrobus,metrobus_vehicle_positions_enriched,2026-06-15T21:24:36Z,2026-06-15,20260615T212431Z,869df7b9-c557-48d2-a497-1779df1ee387,,20212,1.0,21:13:04,20260615,69416,3315,TienepermisodeSEMOVI,19.350238800048828,-99.11077880859375,135.0,31.0,111.60000000000001,,,,1781558664,2026-06-15 15:24:24-06:00,,,5,L05f03-2 las bombas - río de los remedios,,3,141982,FFFFFF,,,,,,
metrobus,metrobus_vehicle_positions_enriched,2026-06-15T21:24:36Z,2026-06-15,20260615T212431Z,7ccacc9b-dcc5-44fe-99be-9cb52ce5eee4,,19498,1.0,21:03:40,20260615,69528,1137,1230037,19.33726692199707,-99.19010162353516,351.0,31.0,111.60000000000001,,,,1781558656,2026-06-15 15:24:16-06:00,,,1,L01a03-2 el caminero - buenavista,,3,D40D0D,FFFFFF,,,,,,
metrobus,metrobus_vehicle_positions_enriched,2026-06-15T21:24:36Z,2026-06-15,20260615T212431Z,358cd759-9264-4759-ba64-6738410a3022,,19500,1.0,20:57:24,20260615,69527,1136,1230031,19.342445373535156,-99.1893539428711,203.0,0.0,0.0,,,,1781558665,2026-06-15 15:24:25-06:00,,,1,L01a07-2 el caminero - indios verdes,,3,D40D0D,FFFFFF,,,,,,
metrobus,metrobus_vehicle_positions_enriched,2026-06-15T21:24:36Z,2026-06-15,20260615T212431Z,74f2a69e-10f9-422e-a66c-7a11ae411f87,,19559,0.0,21:16:43,20260615,69415,3314,TienepermisodeSEMOVI,19.493642807006836,-99.09194946289062,200.0,17.0,61.2,,,,1781558654,2026-06-15 15:24:14-06:00,,,5,L05f05-1 río de los remedios - preparatoria 1,,3,141982,FFFFFF,,,,,,
metrobus,metrobus_vehicle_positions_enriched,2026-06-15T21:24:36Z,2026-06-15,20260615T212431Z,baa370a6-8afa-4bf7-b58d-7dc3c9fc3a52,,19493,1.0,21:12:56,20260615,69526,1135,1230029,19.443906784057617,-99.15418243408203,211.0,23.0,82.8,,,,1781558654,2026-06-15 15:24:14-06:00,,,1,L01a02-2 insurgentes - indios verdes,,3,D40D0D,FFFFFF,,,,,,
metrobus,metrobus_vehicle_positions_enriched,2026-06-15T21:24:36Z,2026-06-15,20260615T212431Z,805f786b-16ab-418a-b048-968629fd48a6,,20211,0.0,20:41:22,20260615,69414,3313,TienepermisodeSEMOVI,19.365854263305664,-99.10931396484375,193.0,0.0,0.0,,,,1781558657,2026-06-15 15:24:17-06:00,,,5,L05f03-1 río de los remedios - las bombas,,3,141982,FFFFFF,,,,,,
metrobus,metrobus_vehicle_positions_enriched,2026-06-15T21:24:36Z,2026-06-15,20260615T212431Z,95935a44-d7a4-40ff-ae8d-dc33b5e33f90,,19491,1.0,21:11:53,20260615,69525,1134,1230028,19.361804962158203,-99.18277740478516,173.0,0.0,0.0,,,,1781558659,2026-06-15 15:24:19-06:00,,,1,L01a01-2 dr. gálvez - indios verdes,,3,D40D0D,FFFFFF,,,,,,
metrobus,metrobus_vehicle_positions_enriched,2026-06-15T21:24:36Z,2026-06-15,20260615T212431Z,e4918a61-56c9-4c8c-97ca-3abdfa14df63,,19471,1.0,20:47:51,20260615,69413,3312,TienepermisodeSEMOVI,19.48407554626465,-99.11322784423828,102.0,28.0,100.8,,,,1781558655,2026-06-15 15:24:15-06:00,,,6,L06g01-2 el rosario - villa de aragón,,3,E44599,FFFFFF,,,,,,
metrobus,metrobus_vehicle_positions_enriched,2026-06-15T21:24:36Z,2026-06-15,20260615T212431Z,a35465cc-23b0-4ded-8508-cbbb4b5a6c2c,,19472,1.0,20:50:30,20260615,69333,710,1240023,19.47146987915039,-99.07081604003906,125.0,0.0,0.0,,,,1781558648,2026-06-15 15:24:08-06:00,,,6,L06g02-2 ipn - villa de aragón,,3,E44599,FFFFFF,,,,,,
metrobus,metrobus_vehicle_positions_enriched,2026-06-15T21:24:36Z,2026-06-15,20260615T212431Z,98a68f8e-35ec-42d3-9fb7-9863acbbb04a,,19471,1.0,20:56:29,20260615,69334,711,1240024,19.488544464111328,-99.12767028808594,111.0,7.0,25.2,,,,1781558667,2026-06-15 15:24:27-06:00,,,6,L06g01-2 el rosario - villa de aragón,,3,E44599,FFFFFF,,,,,,
metrobus,metrobus_vehicle_positions_enriched,2026-06-15T21:24:36Z,2026-06-15,20260615T212431Z,5b2404ec-aca7-4986-968e-699803341bff,,20211,0.0,21:05:26,20260615,69412,3311,TienepermisodeSEMOVI,19.45083236694336,-99.10993194580078,219.0,45.0,162.0,,,,1781558656,2026-06-15 15:24:16-06:00,,,5,L05f03-1 río de los remedios - las bombas,,3,141982,FFFFFF,,,,,,
metrobus,metrobus_vehicle_positions_enriched,2026-06-15T21:24:36Z,2026-06-15,20260615T212431Z,5c7272f7-cf43-4199-85a2-fba469c620d9,,19494,0.0,21:00:44,20260615,69524,1133,1230027,19.42848014831543,-99.16087341308594,203.0,27.0,97.2,,,,1781558660,2026-06-15 15:24:20-06:00,,,1,L01a02-1 indios verdes - insurgentes,,3,D40D0D,FFFFFF,,,,,,
metrobus,metrobus_vehicle_positions_enriched,2026-06-15T21:24:36Z,2026-06-15,20260615T212431Z,7ba67091-3430-4dca-9197-1ad15c3d4310,,19473,0.0,20:47:30,20260615,69335,712,1240109,19.486778259277344,-99.12266540527344,294.0,0.0,0.0,,,,1781558665,2026-06-15 15:24:25-06:00,,,6,L06g02-1 villa de aragón - ipn,,3,E44599,FFFFFF,,,,,,
metrobus,metrobus_vehicle_positions_enriched,2026-06-15T21:24:36Z,2026-06-15,20260615T212431Z,d082d2f9-84f3-4d8d-8268-a3c8eae3f8ba,,19473,0.0,21:08:26,20260615,69336,713,1240110,19.467281341552734,-99.08064270019531,282.0,21.0,75.60000000000001,,,,1781558651,2026-06-15 15:24:11-06:00,,,6,L06g02-1 villa de aragón - ipn,,3,E44599,FFFFFF,,,,,,
metrobus,metrobus_vehicle_positions_enriched,2026-06-15T21:24:36Z,2026-06-15,20260615T212431Z,9d33ed55-f23f-47e0-bf58-eebc15e7181c,,19470,0.0,21:10:39,20260615,69337,714,1240111,19.467369079589844,-99.08072662353516,282.0,0.0,0.0,,,,1781558668,2026-06-15 15:24:28-06:00,,,6,L06g01-1 villa de aragón - el rosario,,3,E44599,FFFFFF,,,,,,
metrobus,metrobus_vehicle_positions_enriched,2026-06-15T21:24:36Z,2026-06-15,20260615T212431Z,614dc092-f6fe-44d3-a866-40552ff31dde,,19470,0.0,21:18:50,20260615,69338,715,1240112,19.47356605529785,-99.06907653808594,317.0,5.0,18.0,,,,1781558662,2026-06-15 15:24:22-06:00,,,6,L06g01-1 villa de aragón - el rosario,,3,E44599,FFFFFF,,,,,,
metrobus,metrobus_vehicle_positions_enriched,2026-06-15T21:24:36Z,2026-06-15,20260615T212431Z,88f1015c-453c-4894-b07b-79c563916cc7,,,,,,69339,716,ConPermisovencido,19.46502113342285,-99.05953216552734,312.0,32.0,115.2,,,,1781558658,2026-06-15 15:24:18-06:00,,,,,,,,,,,,,,
metrobus,metrobus_vehicle_positions_enriched,2026-06-15T21:24:36Z,2026-06-15,20260615T212431Z,c3c5abbb-4738-43a2-8edc-7041f0abc29b,,19470,0.0,20:44:46,20260615,69340,717,1240114,19.490829467773438,-99.13362121582031,283.0,27.0,97.2,,,,1781558666,2026-06-15 15:24:26-06:00,,,6,L06g01-1 villa de aragón - el rosario,,3,E44599,FFFFFF,,,,,,
metrobus,metrobus_vehicle_positions_enriched,2026-06-15T21:24:36Z,2026-06-15,20260615T212431Z,eb1ece27-2afe-4a39-ab3e-42513df8d28c,,19471,1.0,20:52:04,20260615,69341,718,1240115,19.485275268554688,-99.11917114257812,108.0,0.0,0.0,,,,1781558667,2026-06-15 15:24:27-06:00,,,6,L06g01-2 el rosario - villa de aragón,,3,E44599,FFFFFF,,,,,,
metrobus,metrobus_vehicle_positions_enriched,2026-06-15T21:24:36Z,2026-06-15,20260615T212431Z,72301991-0579-43da-8f0a-53211e104357,,19471,1.0,21:01:34,20260615,69342,719,1240116,19.491899490356445,-99.13885498046875,991.0,0.0,0.0,,,,1781558665,2026-06-15 15:24:25-06:00,,,6,L06g01-2 el rosario - villa de aragón,,3,E44599,FFFFFF,,,,,,
metrobus,metrobus_vehicle_positions_enriched,2026-06-15T21:24:36Z,2026-06-15,20260615T212431Z,59e4c2a9-419a-4142-9875-16b4430d1bbc,,,,,,69420,3319,1230191,19.389162063598633,-99.05775451660156,117.0,17.0,61.2,,,,1781558659,2026-06-15 15:24:19-06:00,,,,,,,,,,,,,,
metrobus,metrobus_vehicle_positions_enriched,2026-06-15T21:24:36Z,2026-06-15,20260615T212431Z,8d18b0af-8b0f-4185-a287-a1dba366f5a6,,19499,0.0,20:16:45,20260615,69538,1147,1230030,19.350624084472656,-99.18651580810547,197.0,0.0,0.0,,,,1781558662,2026-06-15 15:24:22-06:00,,,1,L01a07-1 indios verdes - el caminero,,3,D40D0D,FFFFFF,,,,,,
metrobus,metrobus_vehicle_positions_enriched,2026-06-15T21:24:36Z,2026-06-15,20260615T212431Z,6801d721-5ec3-40ec-8bc2-a3fffa8be158,,19470,0.0,20:58:47,20260615,69343,720,1240117,19.48465919494629,-99.11381530761719,142.0,16.0,57.6,,,,1781558664,2026-06-15 15:24:24-06:00,,,6,L06g01-1 villa de aragón - el rosario,,3,E44599,FFFFFF,,,,,,
metrobus,metrobus_vehicle_positions_enriched,2026-06-15T21:24:36Z,2026-06-15,20260615T212431Z,8c6836ea-3855-4d6b-b163-21bf5c4db691,,19500,1.0,20:46:28,20260615,69537,1146,1230023,19.358776092529297,-99.18377685546875,175.0,0.0,0.0,,,,1781558663,2026-06-15 15:24:23-06:00,,,1,L01a07-2 el caminero - indios verdes,,3,D40D0D,FFFFFF,,,,,,
metrobus,metrobus_vehicle_positions_enriched,2026-06-15T21:24:36Z,2026-06-15,20260615T212431Z,e87fd3df-07e2-488f-9e2e-b1fc276d7bf3,,19497,0.0,20:26:52,20260615,69536,1145,1230041,19.3297176361084,-99.18942260742188,168.0,33.0,118.8,,,,1781558664,2026-06-15 15:24:24-06:00,,,1,L01a03-1 buenavista - el caminero,,3,D40D0D,FFFFFF,,,,,,
metrobus,metrobus_vehicle_positions_enriched,2026-06-15T21:24:36Z,2026-06-15,20260615T212431Z,8872517d-70a2-43bb-a83a-e3dc6a4ff32c,,19472,1.0,21:06:57,20260615,69344,721,1240118,19.48122787475586,-99.10369110107422,116.0,0.0,0.0,,,,1781558657,2026-06-15 15:24:17-06:00,,,6,L06g02-2 ipn - villa de aragón,,3,E44599,FFFFFF,,,,,,
metrobus,metrobus_vehicle_positions_enriched,2026-06-15T21:24:36Z,2026-06-15,20260615T212431Z,34a28295-d3f6-41c5-9fe8-2a06541efb2b,,19470,0.0,20:22:30,20260615,69345,722,1240159,19.498014450073242,-99.16710662841797,282.0,47.0,169.20000000000002,,,,1781558656,2026-06-15 15:24:16-06:00,,,6,L06g01-1 villa de aragón - el rosario,,3,E44599,FFFFFF,,,,,,
metrobus,metrobus_vehicle_positions_enriched,2026-06-15T21:24:36Z,2026-06-15,20260615T212431Z,5f0cb93d-0afd-4ac4-b307-b4cfa53f4868,,19499,0.0,20:48:35,20260615,69535,1144,1230047,19.41303825378418,-99.16620635986328,197.0,0.0,0.0,,,,1781558654,2026-06-15 15:24:14-06:00,,,1,L01a07-1 indios verdes - el caminero,,3,D40D0D,FFFFFF,,,,,,
metrobus,metrobus_vehicle_positions_enriched,2026-06-15T21:24:36Z,2026-06-15,20260615T212431Z,c16fef7b-4e3e-4859-9e27-2c4e0ebe213c,,19473,0.0,20:52:08,20260615,69346,723,1240160,19.488126754760742,-99.11487579345703,289.0,11.0,39.6,,,,1781558663,2026-06-15 15:24:23-06:00,,,6,L06g02-1 villa de aragón - ipn,,3,E44599,FFFFFF,,,,,,
metrobus,metrobus_vehicle_positions_enriched,2026-06-15T21:24:36Z,2026-06-15,20260615T212431Z,bb30ab77-51f7-42d9-b3f6-83dba239872d,,19475,1.0,21:12:32,20260615,69347,724,1240161,19.498516082763672,-99.16986846923828,103.0,43.0,154.8,,,,1781558660,2026-06-15 15:24:20-06:00,,,6,L06g03-2 el rosario- dep. 18 de marzo,,3,E44599,FFFFFF,,,,,,
metrobus,metrobus_vehicle_positions_enriched,2026-06-15T21:24:36Z,2026-06-15,20260615T212431Z,a4687c19-8ab3-4c4e-8a1b-8d5d5a9da437,,19473,0.0,21:20:07,20260615,69348,725,1240162,19.472671508789062,-99.0682144165039,316.0,0.0,0.0,,,,1781558665,2026-06-15 15:24:25-06:00,,,6,L06g02-1 villa de aragón - ipn,,3,E44599,FFFFFF,,,,,,
metrobus,metrobus_vehicle_positions_enriched,2026-06-15T21:24:36Z,2026-06-15,20260615T212431Z,afd4658b-0bb9-4821-ab58-872afef992a9,,19471,1.0,20:21:50,20260615,69349,726,1240163,19.466928482055664,-99.06172943115234,132.0,16.0,57.6,,,,1781558666,2026-06-15 15:24:26-06:00,,,6,L06g01-2 el rosario - villa de aragón,,3,E44599,FFFFFF,,,,,,
metrobus,metrobus_vehicle_positions_enriched,2026-06-15T21:24:36Z,2026-06-15,20260615T212431Z,9ec42957-7dfd-4b75-b16e-82b5f654fc34,,19470,0.0,20:17:17,20260615,69350,727,1240164,19.503881454467773,-99.18299102783203,288.0,0.0,0.0,,,,1781558651,2026-06-15 15:24:11-06:00,,,6,L06g01-1 villa de aragón - el rosario,,3,E44599,FFFFFF,,,,,,
metrobus,metrobus_vehicle_positions_enriched,2026-06-15T21:24:36Z,2026-06-15,20260615T212431Z,8ac32e1e-fb4f-4775-b306-82c4a5de3b2b,,19473,0.0,20:55:06,20260615,69351,728,1240165,19.488269805908203,-99.11372375488281,289.0,8.0,28.8,,,,1781558669,2026-06-15 15:24:29-06:00,,,6,L06g02-1 villa de aragón - ipn,,3,E44599,FFFFFF,,,,,,
metrobus,metrobus_vehicle_positions_enriched,2026-06-15T21:24:36Z,2026-06-15,20260615T212431Z,ee8fb51a-f358-4ffb-8eda-b84b25889b82,,19472,1.0,20:56:44,20260615,69352,729,1240166,19.466901779174805,-99.07189178466797,136.0,36.0,129.6,,,,1781558661,2026-06-15 15:24:21-06:00,,,6,L06g02-2 ipn - villa de aragón,,3,E44599,FFFFFF,,,,,,
metrobus,metrobus_vehicle_positions_enriched,2026-06-15T21:24:36Z,2026-06-15,20260615T212431Z,312e293f-fb41-4148-9c6e-0a734ad38cb4,,19565,1.0,20:52:02,20260615,70117,3343,1250008,19.38373374938965,-99.07425689697266,763.0,39.0,140.4,,,,1781558665,2026-06-15 15:24:25-06:00,,,2,L02c02-2 etiopía l3 - tepalcates,,3,8D1A96,FFFFFF,,,,,,
metrobus,metrobus_vehicle_positions_enriched,2026-06-15T21:24:36Z,2026-06-15,20260615T212431Z,9381de09-97d7-4f76-9190-e07e10d6cd3f,,19563,0.0,20:31:02,20260615,70116,3342,1250009,19.39701271057129,-99.16413879394531,282.0,14.0,50.4,,,,1781558657,2026-06-15 15:24:17-06:00,,,2,L02c01-1 tepalcates - tacubaya,,3,8D1A96,FFFFFF,,,,,,
metrobus,metrobus_vehicle_positions_enriched,2026-06-15T21:24:36Z,2026-06-15,20260615T212431Z,2f759460-f6be-4595-b37e-78df84098810,,19563,0.0,20:57:01,20260615,70115,3341,1250013,19.39682388305664,-99.09780883789062,276.0,32.0,115.2,,,,1781558663,2026-06-15 15:24:23-06:00,,,2,L02c01-1 tepalcates - tacubaya,,3,8D1A96,FFFFFF,,,,,,
metrobus,metrobus_vehicle_positions_enriched,2026-06-15T21:24:36Z,2026-06-15,20260615T212431Z,88358c53-1bb7-4252-afa8-a00d3772fa92,,19563,0.0,21:21:09,20260615,70114,3340,1250014,19.38532829284668,-99.05181884765625,209.0,0.0,0.0,,,,1781558665,2026-06-15 15:24:25-06:00,,,2,L02c01-1 tepalcates - tacubaya,,3,8D1A96,FFFFFF,,,,,,
metrobus,metrobus_vehicle_positions_enriched,2026-06-15T21:24:36Z,2026-06-15,20260615T212431Z,9dafd914-8b3f-4370-83df-801dac3e003c,,19562,1.0,19:58:39,20260615,70113,3339,1250012,19.38673973083496,-99.05997467041016,580.0,0.0,0.0,,,,1781558076,2026-06-15 15:14:36-06:00,,,2,L02c01-2 tacubaya - tepalcates,,3,8D1A96,FFFFFF,,,,,,
metrobus,metrobus_vehicle_positions_enriched,2026-06-15T21:24:36Z,2026-06-15,20260615T212431Z,82caff10-1c51-413c-80e6-966f87609f4f,,19562,1.0,20:19:54,20260615,70112,3338,1250011,19.39261817932129,-99.0592041015625,930.0,39.0,140.4,,,,1781558666,2026-06-15 15:24:26-06:00,,,2,L02c01-2 tacubaya - tepalcates,,3,8D1A96,FFFFFF,,,,,,
metrobus,metrobus_vehicle_positions_enriched,2026-06-15T21:24:36Z,2026-06-15,20260615T212431Z,f76a3499-e7cd-44c8-a327-5e9a45ffaca3,,19472,1.0,21:10:59,20260615,69353,730,1240167,19.482784271240234,-99.10714721679688,103.0,0.0,0.0,,,,1781558657,2026-06-15 15:24:17-06:00,,,6,L06g02-2 ipn - villa de aragón,,3,E44599,FFFFFF,,,,,,
metrobus,metrobus_vehicle_positions_enriched,2026-06-15T21:24:36Z,2026-06-15,20260615T212431Z,9e490378-69a6-437f-9bb8-b52c68e30afc,,19471,1.0,21:19:33,20260615,69354,731,1240168,19.510860443115234,-99.19263458251953,102.0,0.0,0.0,,,,1781558659,2026-06-15 15:24:19-06:00,,,6,L06g01-2 el rosario - villa de aragón,,3,E44599,FFFFFF,,,,,,
metrobus,metrobus_vehicle_positions_enriched,2026-06-15T21:24:36Z,2026-06-15,20260615T212431Z,05a1a8aa-1eb2-48d6-bc42-c6e73064515a,,19472,1.0,21:15:16,20260615,69355,732,1240169,19.48350715637207,-99.1169662475586,111.0,39.0,140.4,,,,1781558655,2026-06-15 15:24:15-06:00,,,6,L06g02-2 ipn - villa de aragón,,3,E44599,FFFFFF,,,,,,
metrobus,metrobus_vehicle_positions_enriched,2026-06-15T21:24:36Z,2026-06-15,20260615T212431Z,477b94af-1557-4981-95e0-8e3aa54941f2,,19470,0.0,20:46:47,20260615,69356,733,1240170,19.487009048461914,-99.1231689453125,291.0,38.0,136.8,,,,1781558616,2026-06-15 15:23:36-06:00,,,6,L06g01-1 villa de aragón - el rosario,,3,E44599,FFFFFF,,,,,,
metrobus,metrobus_vehicle_positions_enriched,2026-06-15T21:24:36Z,2026-06-15,20260615T212431Z,71b882e8-a820-4dc4-8154-b1993765aed3,,19470,0.0,20:33:27,20260615,69357,734,1240171,19.495079040527344,-99.15348052978516,283.0,0.0,0.0,,,,1781558653,2026-06-15 15:24:13-06:00,,,6,L06g01-1 villa de aragón - el rosario,,3,E44599,FFFFFF,,,,,,
metrobus,metrobus_vehicle_positions_enriched,2026-06-15T21:24:36Z,2026-06-15,20260615T212431Z,fe21a963-d8c9-428e-b3c4-b52e24d5e3fb,,19473,0.0,21:00:40,20260615,69358,735,1240172,19.48227310180664,-99.10578155517578,291.0,0.0,0.0,,,,1781558656,2026-06-15 15:24:16-06:00,,,6,L06g02-1 villa de aragón - ipn,,3,E44599,FFFFFF,,,,,,
metrobus,metrobus_vehicle_positions_enriched,2026-06-15T21:24:36Z,2026-06-15,20260615T212431Z,575de452-408a-49dd-9d8d-62b3de01ac04,,19471,1.0,20:27:02,20260615,69359,736,1240173,19.466981887817383,-99.0718994140625,133.0,43.0,154.8,,,,1781558656,2026-06-15 15:24:16-06:00,,,6,L06g01-2 el rosario - villa de aragón,,3,E44599,FFFFFF,,,,,,
metrobus,metrobus_vehicle_positions_enriched,2026-06-15T21:24:36Z,2026-06-15,20260615T212431Z,4fb21294-3ef9-4128-9101-4bb58eb419c0,,19567,1.0,21:09:22,20260615,69725,3353,1250030,19.396772384643555,-99.1634292602539,103.0,0.0,0.0,,,,1781558666,2026-06-15 15:24:26-06:00,,,2,L02c03-2 col. del valle - tepalcates,,3,8D1A96,FFFFFF,,,,,,
metrobus,metrobus_vehicle_positions_enriched,2026-06-15T21:24:36Z,2026-06-15,20260615T212431Z,9a2c8565-c7ca-4f84-83a0-2bc57484dff4,,,,,,69724,3352,1250029,19.39078712463379,-99.04728698730469,0.0,0.0,0.0,,,,1781558656,2026-06-15 15:24:16-06:00,,,,,,,,,,,,,,
metrobus,metrobus_vehicle_positions_enriched,2026-06-15T21:24:36Z,2026-06-15,20260615T212431Z,13ca486a-6cd2-4b66-a82c-776d8e2658c5,,,,,,69723,3351,1250028,19.394426345825195,-99.1399154663086,279.0,6.0,21.6,,,,1781558463,2026-06-15 15:21:03-06:00,,,,,,,,,,,,,,
metrobus,metrobus_vehicle_positions_enriched,2026-06-15T21:24:36Z,2026-06-15,20260615T212431Z,cc76fe38-9092-47a4-a7fc-4115fedce51b,,19563,0.0,21:17:35,20260615,70120,3346,003A018,19.388830184936523,-99.05990600585938,188.0,0.0,0.0,,,,1781558662,2026-06-15 15:24:22-06:00,,,2,L02c01-1 tepalcates - tacubaya,,3,8D1A96,FFFFFF,,,,,,
metrobus,metrobus_vehicle_positions_enriched,2026-06-15T21:24:36Z,2026-06-15,20260615T212431Z,6f7cbbe6-68b0-4002-b0fc-aa8daeef0678,,19563,0.0,21:03:49,20260615,70119,3345,1250007,19.384342193603516,-99.07574462890625,193.0,11.0,39.6,,,,1781558665,2026-06-15 15:24:25-06:00,,,2,L02c01-1 tepalcates - tacubaya,,3,8D1A96,FFFFFF,,,,,,
metrobus,metrobus_vehicle_positions_enriched,2026-06-15T21:24:36Z,2026-06-15,20260615T212431Z,712bbf48-5d39-4e1d-b298-619e0ffaa365,,19563,0.0,20:15:46,20260615,70118,3344,1250006,19.405038833618164,-99.17565155029297,289.0,46.0,165.6,,,,1781558659,2026-06-15 15:24:19-06:00,,,2,L02c01-1 tepalcates - tacubaya,,3,8D1A96,FFFFFF,,,,,,
metrobus,metrobus_vehicle_positions_enriched,2026-06-15T21:24:36Z,2026-06-15,20260615T212431Z,e50f8d8e-5d4c-4ac6-808a-ee2235bed0e2,,20440,0.0,21:07:18,20260615,69211,509,1260137,19.42921257019043,-99.1632308959961,246.0,0.0,0.0,,,,1781558662,2026-06-15 15:24:22-06:00,,,2,L72h73-2 glorieta cuitláhuac sur - alameda tacubaya,,3,42A76B,FFFFFF,,,,,,
metrobus,metrobus_vehicle_positions_enriched,2026-06-15T21:24:36Z,2026-06-15,20260615T212431Z,e91a3c87-3f3b-457e-bd73-a4d59c5faea5,,19472,1.0,21:12:47,20260615,69726,751,1280022,19.48383903503418,-99.11214447021484,102.0,0.0,0.0,,,,1781558660,2026-06-15 15:24:20-06:00,,,6,L06g02-2 ipn - villa de aragón,,3,E44599,FFFFFF,,,,,,
metrobus,metrobus_vehicle_positions_enriched,2026-06-15T21:24:36Z,2026-06-15,20260615T212431Z,9348c5e8-21e6-4bcd-906d-7bce646008b1,,19474,0.0,21:21:18,20260615,69727,752,1280023,19.4898738861084,-99.13106536865234,292.0,0.0,0.0,,,,1781558667,2026-06-15 15:24:27-06:00,,,6,L06g03-1 dep. 18 de marzo - el rosario,,3,E44599,FFFFFF,,,,,,
metrobus,metrobus_vehicle_positions_enriched,2026-06-15T21:24:36Z,2026-06-15,20260615T212431Z,ee524626-126e-4138-9775-8893e76dbfd4,,,,,,69212,510,1260138,19.422752380371094,-99.09248352050781,210.0,0.0,0.0,,,,1781558659,2026-06-15 15:24:19-06:00,,,,,,,,,,,,,,
metrobus,metrobus_vehicle_positions_enriched,2026-06-15T21:24:36Z,2026-06-15,20260615T212431Z,ef534ba9-f5fa-43a3-befa-e1652d78a5aa,,,,,,69728,753,1280024,19.486772537231445,-99.12271118164062,291.0,0.0,0.0,,,,1781558659,2026-06-15 15:24:19-06:00,,,,,,,,,,,,,,
metrobus,metrobus_vehicle_positions_enriched,2026-06-15T21:24:36Z,2026-06-15,20260615T212431Z,d4c1d1d7-f10e-4be1-929b-898457c4186e,,,,,,69213,511,1260139,19.422561645507812,-99.09229278564453,0.0,0.0,0.0,,,,1781540827,2026-06-15 10:27:07-06:00,,,,,,,,,,,,,,
metrobus,metrobus_vehicle_positions_enriched,2026-06-15T21:24:36Z,2026-06-15,20260615T212431Z,30cc312a-7200-44ad-a612-ed64c4ce1c94,,19474,0.0,21:18:22,20260615,69729,754,1280025,19.486291885375977,-99.11306762695312,197.0,15.0,54.0,,,,1781558664,2026-06-15 15:24:24-06:00,,,6,L06g03-1 dep. 18 de marzo - el rosario,,3,E44599,FFFFFF,,,,,,
metrobus,metrobus_vehicle_positions_enriched,2026-06-15T21:24:36Z,2026-06-15,20260615T212431Z,ede33cbb-743a-4eb2-9413-328c63d1586a,,,,,,69214,512,1260140,19.423236846923828,-99.09178161621094,0.0,0.0,0.0,,,,1781236125,2026-06-11 21:48:45-06:00,,,,,,,,,,,,,,
metrobus,metrobus_vehicle_positions_enriched,2026-06-15T21:24:36Z,2026-06-15,20260615T212431Z,b721a0cc-9bca-47f2-b0f2-bce683aa629a,,19475,1.0,20:53:58,20260615,69730,755,1280026,19.487064361572266,-99.12355041503906,115.0,0.0,0.0,,,,1781558661,2026-06-15 15:24:21-06:00,,,6,L06g03-2 el rosario- dep. 18 de marzo,,3,E44599,FFFFFF,,,,,,
metrobus,metrobus_vehicle_positions_enriched,2026-06-15T21:24:36Z,2026-06-15,20260615T212431Z,1e98bed2-7870-43cd-82fc-7cdbbd48e004,,19472,1.0,21:22:04,20260615,69731,756,1280027,19.491334915161133,-99.13550567626953,283.0,0.0,0.0,,,,1781558659,2026-06-15 15:24:19-06:00,,,6,L06g02-2 ipn - villa de aragón,,3,E44599,FFFFFF,,,,,,
metrobus,metrobus_vehicle_positions_enriched,2026-06-15T21:24:36Z,2026-06-15,20260615T212431Z,441beccb-6917-4e66-8d6b-4328be5b69c0,,,,,,69216,514,1260142,19.422882080078125,-99.0923080444336,208.0,0.0,0.0,,,,1781525502,2026-06-15 06:11:42-06:00,,,,,,,,,,,,,,
metrobus,metrobus_vehicle_positions_enriched,2026-06-15T21:24:36Z,2026-06-15,20260615T212431Z,ed1efd2d-7df2-4c54-ab27-66957a10b81d,,20296,1.0,21:03:34,20260615,69732,757,1280028,19.414596557617188,-99.15452575683594,470.0,0.0,0.0,,,,1781558663,2026-06-15 15:24:23-06:00,,,1,L31a31-2 pueblo sta cruz atoyac - indios verdes,,3,42A76B,FFFFFF,,,,,,
metrobus,metrobus_vehicle_positions_enriched,2026-06-15T21:24:36Z,2026-06-15,20260615T212431Z,e10369e1-7da4-43c3-b064-c2e4daaca61e,,,,,,69733,758,1280029,19.50679588317871,-99.19612884521484,111.0,0.0,0.0,,,,1781551989,2026-06-15 13:33:09-06:00,,,,,,,,,,,,,,
metrobus,metrobus_vehicle_positions_enriched,2026-06-15T21:24:36Z,2026-06-15,20260615T212431Z,4445b990-49bd-4b89-b071-8d48d4feed89,,,,,,69218,516,1260144,19.422693252563477,-99.09247589111328,256.0,0.0,0.0,,,,1781558657,2026-06-15 15:24:17-06:00,,,,,,,,,,,,,,
metrobus,metrobus_vehicle_positions_enriched,2026-06-15T21:24:36Z,2026-06-15,20260615T212431Z,077767ff-6272-44d3-8c86-b164b5c46c3a,,20295,0.0,21:06:42,20260615,69734,759,1280030,19.44353485107422,-99.1478042602539,192.0,38.0,136.8,,,,1781558656,2026-06-15 15:24:16-06:00,,,1,L31a31-1 indios verdes - pueblo sta cruz atoyac,,3,42A76B,FFFFFF,,,,,,
metrobus,metrobus_vehicle_positions_enriched,2026-06-15T21:24:36Z,2026-06-15,20260615T212431Z,9da6ea09-3a6b-434c-8cec-d6eebdb0ae63,,,,,,69220,518,1260146,19.422861099243164,-99.09228515625,0.0,0.0,0.0,,,,1781547527,2026-06-15 12:18:47-06:00,,,,,,,,,,,,,,
metrobus,metrobus_vehicle_positions_enriched,2026-06-15T21:24:36Z,2026-06-15,20260615T212431Z,2b979b2a-3e4b-4131-ad62-9f13de1876bd,,19473,0.0,20:49:01,20260615,69735,760,1280031,19.485595703125,-99.11995697021484,289.0,12.0,43.2,,,,1781558665,2026-06-15 15:24:25-06:00,,,6,L06g02-1 villa de aragón - ipn,,3,E44599,FFFFFF,,,,,,
metrobus,metrobus_vehicle_positions_enriched,2026-06-15T21:24:36Z,2026-06-15,20260615T212431Z,369abf81-bafe-45d4-949b-7066ffd2a14a,,19475,1.0,21:02:09,20260615,69736,761,1280032,19.49324607849121,-99.1456298828125,103.0,34.0,122.4,,,,1781558669,2026-06-15 15:24:29-06:00,,,6,L06g03-2 el rosario- dep. 18 de marzo,,3,E44599,FFFFFF,,,,,,
metrobus,metrobus_vehicle_positions_enriched,2026-06-15T21:24:36Z,2026-06-15,20260615T212431Z,5fbac605-6231-4208-b114-8879a0c47290,,19475,1.0,21:21:39,20260615,69737,762,1280033,19.510862350463867,-99.19259643554688,102.0,8.0,28.8,,,,1781558665,2026-06-15 15:24:25-06:00,,,6,L06g03-2 el rosario- dep. 18 de marzo,,3,E44599,FFFFFF,,,,,,
metrobus,metrobus_vehicle_positions_enriched,2026-06-15T21:24:36Z,2026-06-15,20260615T212431Z,0c8f2e1d-59e8-4c2b-8af6-94087cbf8e38,,,,,,69222,520,1260148,19.422765731811523,-99.09230041503906,323.0,0.0,0.0,,,,1781548523,2026-06-15 12:35:23-06:00,,,,,,,,,,,,,,
metrobus,metrobus_vehicle_positions_enriched,2026-06-15T21:24:36Z,2026-06-15,20260615T212431Z,502a6e67-2772-4b0d-9d84-5a0fda7d8922,,19473,0.0,21:12:05,20260615,69738,763,1280034,19.467823028564453,-99.08030700683594,190.0,8.0,28.8,,,,1781558663,2026-06-15 15:24:23-06:00,,,6,L06g02-1 villa de aragón - ipn,,3,E44599,FFFFFF,,,,,,
metrobus,metrobus_vehicle_positions_enriched,2026-06-15T21:24:36Z,2026-06-15,20260615T212431Z,28220b1d-c2ec-43a8-8a86-f382b8b2a770,,,,,,69223,521,1260149,19.40147590637207,-99.1858901977539,275.0,0.0,0.0,,,,1781558658,2026-06-15 15:24:18-06:00,,,,,,,,,,,,,,
metrobus,metrobus_vehicle_positions_enriched,2026-06-15T21:24:36Z,2026-06-15,20260615T212431Z,ed977fae-e87e-434c-be6e-5d33fa2a6689,,20295,0.0,21:12:32,20260615,69739,764,1280035,19.457172393798828,-99.14881134033203,222.0,0.0,0.0,,,,1781558660,2026-06-15 15:24:20-06:00,,,1,L31a31-1 indios verdes - pueblo sta cruz atoyac,,3,42A76B,FFFFFF,,,,,,
metrobus,metrobus_vehicle_positions_enriched,2026-06-15T21:24:36Z,2026-06-15,20260615T212431Z,13e0009f-8e71-4208-aeef-5defd45625bb,,,,,,69224,522,1260150,19.430660247802734,-99.11510467529297,810.0,0.0,0.0,,,,1781558653,2026-06-15 15:24:13-06:00,,,,,,,,,,,,,,
metrobus,metrobus_vehicle_positions_enriched,2026-06-15T21:24:36Z,2026-06-15,20260615T212431Z,f2dc00e7-a51a-4113-9c4b-f4c92e9d454d,,19471,1.0,21:21:42,20260615,69740,765,1280036,19.511320114135742,-99.19830322265625,185.0,0.0,0.0,,,,1781558652,2026-06-15 15:24:12-06:00,,,6,L06g01-2 el rosario - villa de aragón,,3,E44599,FFFFFF,,,,,,
metrobus,metrobus_vehicle_positions_enriched,2026-06-15T21:24:36Z,2026-06-15,20260615T212431Z,a02f8762-f0dd-4427-b41e-2af1d5c79929,,20440,0.0,21:18:41,20260615,69225,523,1260151,19.4383544921875,-99.14579772949219,226.0,33.0,118.8,,,,1781558668,2026-06-15 15:24:28-06:00,,,2,L72h73-2 glorieta cuitláhuac sur - alameda tacubaya,,3,42A76B,FFFFFF,,,,,,
metrobus,metrobus_vehicle_positions_enriched,2026-06-15T21:24:36Z,2026-06-15,20260615T212431Z,593fbc7b-1d4c-4c0f-a5e8-067659c3b35f,,19473,0.0,21:23:24,20260615,69741,766,1280037,19.468107223510742,-99.06295776367188,313.0,41.0,147.6,,,,1781558668,2026-06-15 15:24:28-06:00,,,6,L06g02-1 villa de aragón - ipn,,3,E44599,FFFFFF,,,,,,
metrobus,metrobus_vehicle_positions_enriched,2026-06-15T21:24:36Z,2026-06-15,20260615T212431Z,a98de7e0-5556-4d6a-91c9-28a942c284a4,,,,,,69226,524,1260152,19.42300033569336,-99.09175109863281,0.0,0.0,0.0,,,,1781558666,2026-06-15 15:24:26-06:00,,,,,,,,,,,,,,
metrobus,metrobus_vehicle_positions_enriched,2026-06-15T21:24:36Z,2026-06-15,20260615T212431Z,2932ef6c-4dd2-482f-a26d-05506468926d,,,,,,69227,525,1260153,19.44890594482422,-99.13485717773438,261.0,0.0,0.0,,,,1781558657,2026-06-15 15:24:17-06:00,,,,,,,,,,,,,,
metrobus,metrobus_vehicle_positions_enriched,2026-06-15T21:24:36Z,2026-06-15,20260615T212431Z,973224b1-9449-4b70-bb3e-e3182a4d249f,,,,,,69742,767,1280038,19.507123947143555,-99.19652557373047,0.0,0.0,0.0,,,,1781537292,2026-06-15 09:28:12-06:00,,,,,,,,,,,,,,
metrobus,metrobus_vehicle_positions_enriched,2026-06-15T21:24:36Z,2026-06-15,20260615T212431Z,6a53d053-6c74-4701-b2a4-5ebde868dbe9,,,,,,69743,768,1280039,19.4880313873291,-99.12617492675781,111.0,30.0,108.0,,,,1781558659,2026-06-15 15:24:19-06:00,,,,,,,,,,,,,,
metrobus,metrobus_vehicle_positions_enriched,2026-06-15T21:24:36Z,2026-06-15,20260615T212431Z,97d6553b-26ee-4be3-a666-211b00ebc207,,20439,1.0,21:08:22,20260615,69228,526,1260154,19.426494598388672,-99.16856384277344,636.0,0.0,0.0,,,,1781558666,2026-06-15 15:24:26-06:00,,,2,L72h73-1 alameda tacubaya - glorieta cuitláhuac sur.,,3,42A76B,FFFFFF,,,,,,
metrobus,metrobus_vehicle_positions_enriched,2026-06-15T21:24:36Z,2026-06-15,20260615T212431Z,091499bd-aec6-4129-8cd0-794653645eec,,19471,1.0,20:50:08,20260615,69744,769,1280040,19.483896255493164,-99.11800384521484,112.0,26.0,93.60000000000001,,,,1781558656,2026-06-15 15:24:16-06:00,,,6,L06g01-2 el rosario - villa de aragón,,3,E44599,FFFFFF,,,,,,
metrobus,metrobus_vehicle_positions_enriched,2026-06-15T21:24:36Z,2026-06-15,20260615T212431Z,d2e74e19-24a4-498b-b710-cf474d9abbfb,,,,,,69229,527,1260155,19.422807693481445,-99.0918960571289,0.0,0.0,0.0,,,,1781554497,2026-06-15 14:14:57-06:00,,,,,,,,,,,,,,
metrobus,metrobus_vehicle_positions_enriched,2026-06-15T21:24:36Z,2026-06-15,20260615T212431Z,05efcbd9-4c69-4693-9493-90ce07556793,,19471,1.0,21:17:36,20260615,69745,770,1280041,19.504961013793945,-99.18914031982422,100.0,40.0,144.0,,,,1781558663,2026-06-15 15:24:23-06:00,,,6,L06g01-2 el rosario - villa de aragón,,3,E44599,FFFFFF,,,,,,
metrobus,metrobus_vehicle_positions_enriched,2026-06-15T21:24:36Z,2026-06-15,20260615T212431Z,c4fffb76-2ba3-4446-951b-12ec4f372b7a,,20296,1.0,20:35:08,20260615,69746,771,1280042,19.474224090576172,-99.13433837890625,388.0,46.0,165.6,,,,1781558661,2026-06-15 15:24:21-06:00,,,1,L31a31-2 pueblo sta cruz atoyac - indios verdes,,3,42A76B,FFFFFF,,,,,,
metrobus,metrobus_vehicle_positions_enriched,2026-06-15T21:24:36Z,2026-06-15,20260615T212431Z,09383861-2cb2-4720-aee0-96514f8e92cb,,19471,1.0,21:19:08,20260615,69747,772,1280043,19.50509262084961,-99.18968963623047,100.0,36.0,129.6,,,,1781558664,2026-06-15 15:24:24-06:00,,,6,L06g01-2 el rosario - villa de aragón,,3,E44599,FFFFFF,,,,,,
metrobus,metrobus_vehicle_positions_enriched,2026-06-15T21:24:36Z,2026-06-15,20260615T212431Z,15962119-f02e-4894-bf20-d4ede2832aa0,,20440,0.0,21:00:56,20260615,69232,530,1260158,19.426422119140625,-99.16877746582031,242.0,21.0,75.60000000000001,,,,1781558657,2026-06-15 15:24:17-06:00,,,2,L72h73-2 glorieta cuitláhuac sur - alameda tacubaya,,3,42A76B,FFFFFF,,,,,,
metrobus,metrobus_vehicle_positions_enriched,2026-06-15T21:24:36Z,2026-06-15,20260615T212431Z,64a3a4ab-8450-4d16-acfe-a6fc60e3c4ce,,19470,0.0,21:16:54,20260615,69748,773,TienepermisodeSEMOVI,19.47731590270996,-99.07282257080078,318.0,29.0,104.4,,,,1781558651,2026-06-15 15:24:11-06:00,,,6,L06g01-1 villa de aragón - el rosario,,3,E44599,FFFFFF,,,,,,
metrobus,metrobus_vehicle_positions_enriched,2026-06-15T21:24:36Z,2026-06-15,20260615T212431Z,d078b893-e298-4e04-bb25-90c1474506c6,,19470,0.0,20:19:14,20260615,69749,774,1280045,19.502788543701172,-99.17961883544922,283.0,29.0,104.4,,,,1781558665,2026-06-15 15:24:25-06:00,,,6,L06g01-1 villa de aragón - el rosario,,3,E44599,FFFFFF,,,,,,
metrobus,metrobus_vehicle_positions_enriched,2026-06-15T21:24:36Z,2026-06-15,20260615T212431Z,d527a44b-3dc7-4913-bc4d-669adf7a5173,,20440,0.0,21:21:05,20260615,69234,532,1260160,19.440391540527344,-99.14366149902344,217.0,27.0,97.2,,,,1781558661,2026-06-15 15:24:21-06:00,,,2,L72h73-2 glorieta cuitláhuac sur - alameda tacubaya,,3,42A76B,FFFFFF,,,,,,
metrobus,metrobus_vehicle_positions_enriched,2026-06-15T21:24:36Z,2026-06-15,20260615T212431Z,25ca8bf0-0157-45f9-b3c3-ea2c854e4bc1,,,,,,69750,775,1280046,19.494983673095703,-99.15326690673828,294.0,0.0,0.0,,,,1781558662,2026-06-15 15:24:22-06:00,,,,,,,,,,,,,,
metrobus,metrobus_vehicle_positions_enriched,2026-06-15T21:24:36Z,2026-06-15,20260615T212431Z,3e0c002d-1a50-4fbe-b414-c072870fe89a,,,,,,69236,534,1260162,19.42280387878418,-99.0924072265625,0.0,0.0,0.0,,,,1781558656,2026-06-15 15:24:16-06:00,,,,,,,,,,,,,,
metrobus,metrobus_vehicle_positions_enriched,2026-06-15T21:24:36Z,2026-06-15,20260615T212431Z,3ca17b7a-7daf-4004-a643-b994ca12812b,,,,,,69751,776,1320053,19.46430778503418,-99.05883026123047,861.0,9.0,32.4,,,,1781558656,2026-06-15 15:24:16-06:00,,,,,,,,,,,,,,
metrobus,metrobus_vehicle_positions_enriched,2026-06-15T21:24:36Z,2026-06-15,20260615T212431Z,80638866-861a-4149-bb7f-68c39382b03b,,19471,1.0,21:08:01,20260615,69752,777,1320051,19.4962215423584,-99.1592788696289,103.0,2.0,7.2,,,,1781558654,2026-06-15 15:24:14-06:00,,,6,L06g01-2 el rosario - villa de aragón,,3,E44599,FFFFFF,,,,,,
metrobus,metrobus_vehicle_positions_enriched,2026-06-15T21:24:36Z,2026-06-15,20260615T212431Z,acc0975e-8efd-40cd-9828-f874beb8b36e,,,,,,69753,778,1320052,19.4650936126709,-99.05957794189453,311.0,42.0,151.20000000000002,,,,1781558659,2026-06-15 15:24:19-06:00,,,,,,,,,,,,,,
metrobus,metrobus_vehicle_positions_enriched,2026-06-15T21:24:36Z,2026-06-15,20260615T212431Z,47074d14-1e87-43e9-a6c8-e52c898b1965,,,,,,69238,536,1260164,19.422718048095703,-99.09193420410156,466.0,0.0,0.0,,,,1781558656,2026-06-15 15:24:16-06:00,,,,,,,,,,,,,,
metrobus,metrobus_vehicle_positions_enriched,2026-06-15T21:24:36Z,2026-06-15,20260615T212431Z,01c904fa-92e4-4f0f-bcc6-b1e89cdf2cca,,20439,1.0,21:13:31,20260615,69239,537,1260165,19.42347526550293,-99.17601013183594,773.0,0.0,0.0,,,,1781558659,2026-06-15 15:24:19-06:00,,,2,L72h73-1 alameda tacubaya - glorieta cuitláhuac sur.,,3,42A76B,FFFFFF,,,,,,
metrobus,metrobus_vehicle_positions_enriched,2026-06-15T21:24:36Z,2026-06-15,20260615T212431Z,708cbeef-4354-41c0-955b-687ac75ea66f,,,,,,69240,538,1260166,19.4014892578125,-99.1857681274414,274.0,0.0,0.0,,,,1781558660,2026-06-15 15:24:20-06:00,,,,,,,,,,,,,,
metrobus,metrobus_vehicle_positions_enriched,2026-06-15T21:24:36Z,2026-06-15,20260615T212431Z,2d508d9e-feeb-4ddc-9be4-e03eff96e501,,,,,,69241,539,1260167,19.451169967651367,-99.12423706054688,137.0,0.0,0.0,,,,1781558667,2026-06-15 15:24:27-06:00,,,,,,,,,,,,,,
metrobus,metrobus_vehicle_positions_enriched,2026-06-15T21:24:36Z,2026-06-15,20260615T212431Z,a64a7e5c-7987-4ffc-bafb-4c4bafb3970a,,19470,0.0,21:06:52,20260615,69179,781,1280047,19.472116470336914,-99.08697509765625,330.0,31.0,111.60000000000001,,,,1781558663,2026-06-15 15:24:23-06:00,,,6,L06g01-1 villa de aragón - el rosario,,3,E44599,FFFFFF,,,,,,
metrobus,metrobus_vehicle_positions_enriched,2026-06-15T21:24:36Z,2026-06-15,20260615T212431Z,271344ad-1c02-4a07-8d2a-d4664c7144be,,,,,,69180,782,1280048,19.493953704833984,-99.11968994140625,182.0,14.0,50.4,,,,1781558661,2026-06-15 15:24:21-06:00,,,,,,,,,,,,,,
metrobus,metrobus_vehicle_positions_enriched,2026-06-15T21:24:36Z,2026-06-15,20260615T212431Z,17240b04-e840-4b51-bed1-2c26eae7b8f9,,19471,1.0,20:57:59,20260615,69181,783,1280049,19.490276336669922,-99.13227844238281,112.0,15.0,54.0,,,,1781558661,2026-06-15 15:24:21-06:00,,,6,L06g01-2 el rosario - villa de aragón,,3,E44599,FFFFFF,,,,,,
metrobus,metrobus_vehicle_positions_enriched,2026-06-15T21:24:36Z,2026-06-15,20260615T212431Z,d08a178d-d93d-463d-a876-544b1c549d52,,20440,0.0,20:14:48,20260615,69243,541,1260169,19.42102813720703,-99.17884063720703,179.0,21.0,75.60000000000001,,,,1781556650,2026-06-15 14:50:50-06:00,,,2,L72h73-2 glorieta cuitláhuac sur - alameda tacubaya,,3,42A76B,FFFFFF,,,,,,
metrobus,metrobus_vehicle_positions_enriched,2026-06-15T21:24:36Z,2026-06-15,20260615T212431Z,f313e6ff-5a29-4dd5-938a-7d2f5d7a97ce,,19471,1.0,20:24:03,20260615,69182,784,1280050,19.472736358642578,-99.06834411621094,137.0,23.0,82.8,,,,1781558658,2026-06-15 15:24:18-06:00,,,6,L06g01-2 el rosario - villa de aragón,,3,E44599,FFFFFF,,,,,,
metrobus,metrobus_vehicle_positions_enriched,2026-06-15T21:24:36Z,2026-06-15,20260615T212431Z,a4e06d1c-39c6-4a9c-a8ab-8a29c26b0cea,,19470,0.0,20:30:10,20260615,69183,785,1280051,19.49627685546875,-99.15975952148438,280.0,24.0,86.4,,,,1781558666,2026-06-15 15:24:26-06:00,,,6,L06g01-1 villa de aragón - el rosario,,3,E44599,FFFFFF,,,,,,
metrobus,metrobus_vehicle_positions_enriched,2026-06-15T21:24:36Z,2026-06-15,20260615T212431Z,2e2466e3-9345-4da5-9224-c2cfe6f273ef,,,,,,69230,543,,19.407224655151367,-99.18460083007812,274.0,0.0,0.0,,,,1781558668,2026-06-15 15:24:28-06:00,,,,,,,,,,,,,,
metrobus,metrobus_vehicle_positions_enriched,2026-06-15T21:24:36Z,2026-06-15,20260615T212431Z,f13dc585-7158-4459-bab6-0536b9dfad19,,19470,0.0,21:02:32,20260615,69184,786,1280052,19.47852897644043,-99.09639739990234,293.0,21.0,75.60000000000001,,,,1781558663,2026-06-15 15:24:23-06:00,,,6,L06g01-1 villa de aragón - el rosario,,3,E44599,FFFFFF,,,,,,
metrobus,metrobus_vehicle_positions_enriched,2026-06-15T21:24:36Z,2026-06-15,20260615T212431Z,8659312d-b13f-4758-9450-37bdfaf34dae,,,,,,69246,544,1260172,19.4306640625,-99.05299377441406,285.0,0.0,0.0,,,,1781558660,2026-06-15 15:24:20-06:00,,,,,,,,,,,,,,
metrobus,metrobus_vehicle_positions_enriched,2026-06-15T21:24:36Z,2026-06-15,20260615T212431Z,2ebe7765-7e96-4852-960c-c0c3810ef853,,,,,,69185,787,1280053,19.506803512573242,-99.19598388671875,220.0,0.0,0.0,,,,1781558668,2026-06-15 15:24:28-06:00,,,,,,,,,,,,,,
metrobus,metrobus_vehicle_positions_enriched,2026-06-15T21:24:36Z,2026-06-15,20260615T212431Z,e50b43f8-87de-4150-9e1f-1f5d01512b30,,19471,1.0,20:59:36,20260615,69186,788,1280054,19.491729736328125,-99.13790893554688,103.0,46.0,165.6,,,,1781558667,2026-06-15 15:24:27-06:00,,,6,L06g01-2 el rosario - villa de aragón,,3,E44599,FFFFFF,,,,,,
metrobus,metrobus_vehicle_positions_enriched,2026-06-15T21:24:36Z,2026-06-15,20260615T212431Z,8286f624-8f0c-4e3e-ab13-7f2d8ab3f341,,,,,,69248,546,1260174,19.42290496826172,-99.0917739868164,312.0,0.0,0.0,,,,1781558474,2026-06-15 15:21:14-06:00,,,,,,,,,,,,,,
metrobus,metrobus_vehicle_positions_enriched,2026-06-15T21:24:36Z,2026-06-15,20260615T212431Z,449b035f-c7ac-4721-8626-d76228fc7968,,,,,,69187,789,TienepermisodeSEMOVI,19.483722686767578,-99.11168670654297,103.0,27.0,97.2,,,,1781558655,2026-06-15 15:24:15-06:00,,,,,,,,,,,,,,
metrobus,metrobus_vehicle_positions_enriched,2026-06-15T21:24:36Z,2026-06-15,20260615T212431Z,4adbd316-0e18-4c3a-85d9-49da1cc5130d,,19983,1.0,20:10:27,20260615,69304,305,TienepermisodeSEMOVI,19.3839168548584,-99.0691146850586,100.0,19.0,68.4,,,,1781558656,2026-06-15 15:24:16-06:00,,,1,L21c21-2 dr. gálvez - rojo gómez,,3,42A76B,FFFFFF,,,,,,
metrobus,metrobus_vehicle_positions_enriched,2026-06-15T21:24:36Z,2026-06-15,20260615T212431Z,36b30b80-f073-48b6-b673-f9acdb9bee8b,,,,,,69249,547,1260175,19.448772430419922,-99.13513946533203,238.0,0.0,0.0,,,,1781558652,2026-06-15 15:24:12-06:00,,,,,,,,,,,,,,
metrobus,metrobus_vehicle_positions_enriched,2026-06-15T21:24:36Z,2026-06-15,20260615T212431Z,c43b37c5-a53e-4097-ae3c-635e607a813c,,,,,,69250,548,1260176,19.409038543701172,-99.18383026123047,207.0,27.0,97.2,,,,1781558668,2026-06-15 15:24:28-06:00,,,,,,,,,,,,,,
metrobus,metrobus_vehicle_positions_enriched,2026-06-15T21:24:36Z,2026-06-15,20260615T212431Z,f67a84ea-562a-4448-b076-540db1149399,,19984,0.0,21:14:37,20260615,69305,306,TienepermisodeSEMOVI,19.391979217529297,-99.08753967285156,307.0,20.0,72.0,,,,1781558663,2026-06-15 15:24:23-06:00,,,1,L21c21-1 rojo gómez - dr. gálvez,,3,42A76B,FFFFFF,,,,,,
metrobus,metrobus_vehicle_positions_enriched,2026-06-15T21:24:36Z,2026-06-15,20260615T212431Z,68627374-e1cc-41fc-a95a-8936c5232587,,19984,0.0,20:38:50,20260615,69306,307,TienepermisodeSEMOVI,19.403654098510742,-99.1693115234375,254.0,21.0,75.60000000000001,,,,1781558656,2026-06-15 15:24:16-06:00,,,1,L21c21-1 rojo gómez - dr. gálvez,,3,42A76B,FFFFFF,,,,,,
metrobus,metrobus_vehicle_positions_enriched,2026-06-15T21:24:36Z,2026-06-15,20260615T212431Z,ae615aff-fb30-41e2-a5e4-1f4aad6845d8,,,,,,69251,549,1260177,19.422767639160156,-99.09182739257812,590.0,0.0,0.0,,,,1781558451,2026-06-15 15:20:51-06:00,,,,,,,,,,,,,,
metrobus,metrobus_vehicle_positions_enriched,2026-06-15T21:24:36Z,2026-06-15,20260615T212431Z,63ec466b-ca63-46f2-8f4a-4bc2ca76c9fb,,19984,0.0,21:12:41,20260615,69307,308,TienepermisodeSEMOVI,19.393789291381836,-99.09004974365234,310.0,33.0,118.8,,,,1781558659,2026-06-15 15:24:19-06:00,,,1,L21c21-1 rojo gómez - dr. gálvez,,3,42A76B,FFFFFF,,,,,,
metrobus,metrobus_vehicle_positions_enriched,2026-06-15T21:24:36Z,2026-06-15,20260615T212431Z,34814191-2f82-4aae-a69d-0bbda96b5850,,19473,0.0,20:50:47,20260615,74819,9701,,19.488672256469727,-99.1175308227539,206.0,25.0,90.0,,,,1781558665,2026-06-15 15:24:25-06:00,,,6,L06g02-1 villa de aragón - ipn,,3,E44599,FFFFFF,,,,,,
metrobus,metrobus_vehicle_positions_enriched,2026-06-15T21:24:36Z,2026-06-15,20260615T212431Z,18204f1e-fc86-4fc7-98ef-39771b30d6ba,,20295,0.0,20:47:27,20260615,69188,790,1280056,19.407148361206055,-99.1551742553711,183.0,0.0,0.0,,,,1781558662,2026-06-15 15:24:22-06:00,,,1,L31a31-1 indios verdes - pueblo sta cruz atoyac,,3,42A76B,FFFFFF,,,,,,
metrobus,metrobus_vehicle_positions_enriched,2026-06-15T21:24:36Z,2026-06-15,20260615T212431Z,e17784e5-0ce8-4ac7-846e-72d3cfcaa75f,,,,,,69189,791,1280057,19.507415771484375,-99.19743347167969,195.0,0.0,0.0,,,,1781558657,2026-06-15 15:24:17-06:00,,,,,,,,,,,,,,
metrobus,metrobus_vehicle_positions_enriched,2026-06-15T21:24:36Z,2026-06-15,20260615T212431Z,d71eef4c-95de-4810-829f-a19866e17f45,,19471,1.0,20:30:41,20260615,69190,792,1280058,19.46693229675293,-99.0757827758789,932.0,17.0,61.2,,,,1781558665,2026-06-15 15:24:25-06:00,,,6,L06g01-2 el rosario - villa de aragón,,3,E44599,FFFFFF,,,,,,
metrobus,metrobus_vehicle_positions_enriched,2026-06-15T21:24:36Z,2026-06-15,20260615T212431Z,67f68119-7f74-4a6e-8f55-905c0a896693,,20440,0.0,20:49:04,20260615,69253,551,1260179,19.408554077148438,-99.18408203125,208.0,0.0,0.0,,,,1781558665,2026-06-15 15:24:25-06:00,,,2,L72h73-2 glorieta cuitláhuac sur - alameda tacubaya,,3,42A76B,FFFFFF,,,,,,
metrobus,metrobus_vehicle_positions_enriched,2026-06-15T21:24:36Z,2026-06-15,20260615T212431Z,f83f4094-b114-4022-93bf-546a06fe740c,,19473,0.0,21:05:37,20260615,69192,794,1280060,19.477310180664062,-99.09332275390625,292.0,0.0,0.0,,,,1781558652,2026-06-15 15:24:12-06:00,,,6,L06g02-1 villa de aragón - ipn,,3,E44599,FFFFFF,,,,,,
metrobus,metrobus_vehicle_positions_enriched,2026-06-15T21:24:36Z,2026-06-15,20260615T212431Z,1332c658-28b9-44c5-8061-22ecada87f51,,19470,0.0,20:36:46,20260615,69193,795,1280061,19.49400520324707,-99.148681640625,278.0,21.0,75.60000000000001,,,,1781558653,2026-06-15 15:24:13-06:00,,,6,L06g01-1 villa de aragón - el rosario,,3,E44599,FFFFFF,,,,,,
metrobus,metrobus_vehicle_positions_enriched,2026-06-15T21:24:36Z,2026-06-15,20260615T212431Z,5a5661b4-612c-4e92-a0dc-44028e03b861,,19472,1.0,20:52:49,20260615,69194,796,1280062,19.47120475769043,-99.07089233398438,13.0,0.0,0.0,,,,1781558658,2026-06-15 15:24:18-06:00,,,6,L06g02-2 ipn - villa de aragón,,3,E44599,FFFFFF,,,,,,
metrobus,metrobus_vehicle_positions_enriched,2026-06-15T21:24:36Z,2026-06-15,20260615T212431Z,6f0a5ee7-1898-4b13-acae-c38a1570b202,,,,,,69256,554,1260182,19.401531219482422,-99.18612670898438,274.0,0.0,0.0,,,,1781558658,2026-06-15 15:24:18-06:00,,,,,,,,,,,,,,
metrobus,metrobus_vehicle_positions_enriched,2026-06-15T21:24:36Z,2026-06-15,20260615T212431Z,12711b88-5618-4112-9b1c-376db367e986,,19472,1.0,21:23:24,20260615,69195,797,1280063,19.488630294799805,-99.12786865234375,112.0,0.0,0.0,,,,1781558664,2026-06-15 15:24:24-06:00,,,6,L06g02-2 ipn - villa de aragón,,3,E44599,FFFFFF,,,,,,
metrobus,metrobus_vehicle_positions_enriched,2026-06-15T21:24:36Z,2026-06-15,20260615T212431Z,93715e60-cbef-44d3-8ef1-2e28f10e191c,,,,,,69258,556,1260184,19.422895431518555,-99.09210205078125,0.0,0.0,0.0,,,,1780904366,2026-06-08 01:39:26-06:00,,,,,,,,,,,,,,
metrobus,metrobus_vehicle_positions_enriched,2026-06-15T21:24:36Z,2026-06-15,20260615T212431Z,242383a1-78a4-4e32-9622-45bdb26406f7,,19984,0.0,20:47:49,20260615,69312,314,TienepermisodeSEMOVI,19.39591407775879,-99.15470123291016,274.0,32.0,115.2,,,,1781558654,2026-06-15 15:24:14-06:00,,,1,L21c21-1 rojo gómez - dr. gálvez,,3,42A76B,FFFFFF,,,,,,
metrobus,metrobus_vehicle_positions_enriched,2026-06-15T21:24:36Z,2026-06-15,20260615T212431Z,5c86de49-2d57-46a5-8905-826e2e1326c7,,20295,0.0,20:56:23,20260615,69196,798,1280064,19.421720504760742,-99.15399169921875,183.0,50.0,180.0,,,,1781558666,2026-06-15 15:24:26-06:00,,,1,L31a31-1 indios verdes - pueblo sta cruz atoyac,,3,42A76B,FFFFFF,,,,,,
metrobus,metrobus_vehicle_positions_enriched,2026-06-15T21:24:36Z,2026-06-15,20260615T212431Z,f87c4eaf-79cf-45c8-bce7-f092f205e217,,19472,1.0,21:09:10,20260615,69197,799,1320054,19.482877731323242,-99.10693359375,100.0,0.0,0.0,,,,1781558654,2026-06-15 15:24:14-06:00,,,6,L06g02-2 ipn - villa de aragón,,3,E44599,FFFFFF,,,,,,
metrobus,metrobus_vehicle_positions_enriched,2026-06-15T21:24:36Z,2026-06-15,20260615T212431Z,fb8cc0e1-d453-4f6e-9e91-783aee43ecfb,,,,,,69259,557,1260185,19.428361892700195,-99.16475677490234,244.0,0.0,0.0,,,,1781558657,2026-06-15 15:24:17-06:00,,,,,,,,,,,,,,
metrobus,metrobus_vehicle_positions_enriched,2026-06-15T21:24:36Z,2026-06-15,20260615T212431Z,86b3bc5f-d40b-4157-bcaa-abc2fd6de00e,,,,,,69260,558,1260186,19.422874450683594,-99.09237670898438,268.0,0.0,0.0,,,,1781558589,2026-06-15 15:23:09-06:00,,,,,,,,,,,,,,
metrobus,metrobus_vehicle_positions_enriched,2026-06-15T21:24:36Z,2026-06-15,20260615T212431Z,4d74862e-622a-4902-b06d-65f7e3727977,,20440,0.0,21:21:27,20260615,69261,559,1260187,19.444425582885742,-99.13849639892578,193.0,19.0,68.4,,,,1781558668,2026-06-15 15:24:28-06:00,,,2,L72h73-2 glorieta cuitláhuac sur - alameda tacubaya,,3,42A76B,FFFFFF,,,,,,
metrobus,metrobus_vehicle_positions_enriched,2026-06-15T21:24:36Z,2026-06-15,20260615T212431Z,3581a5b9-817c-427b-bd7f-181e62abd6b7,,,,,,69262,560,1260188,19.423221588134766,-99.12248992919922,875.0,10.0,36.0,,,,1781558667,2026-06-15 15:24:27-06:00,,,,,,,,,,,,,,
metrobus,metrobus_vehicle_positions_enriched,2026-06-15T21:24:36Z,2026-06-15,20260615T212431Z,2555bcb4-e885-4262-ba57-48de8b83d3aa,,,,,,69263,561,1260189,19.423080444335938,-99.0916976928711,304.0,0.0,0.0,,,,1781527894,2026-06-15 06:51:34-06:00,,,,,,,,,,,,,,
metrobus,metrobus_vehicle_positions_enriched,2026-06-15T21:24:36Z,2026-06-15,20260615T212431Z,da865c37-2d88-44b3-9ddb-aa3fb3e22696,,,,,,69264,562,1260190,19.423194885253906,-99.092041015625,312.0,0.0,0.0,,,,1781556829,2026-06-15 14:53:49-06:00,,,,,,,,,,,,,,
metrobus,metrobus_vehicle_positions_enriched,2026-06-15T21:24:36Z,2026-06-15,20260615T212431Z,3627fbe7-08f2-4ab6-8da2-3b1627422412,,19983,1.0,21:01:24,20260615,69316,320,TienepermisodeSEMOVI,19.382648468017578,-99.17597961425781,209.0,0.0,0.0,,,,1781558660,2026-06-15 15:24:20-06:00,,,1,L21c21-2 dr. gálvez - rojo gómez,,3,42A76B,FFFFFF,,,,,,
metrobus,metrobus_vehicle_positions_enriched,2026-06-15T21:24:36Z,2026-06-15,20260615T212431Z,229bd193-8c2c-4005-b56b-06419e173abf,,,,,,69265,563,1260191,19.422555923461914,-99.09254455566406,0.0,0.0,0.0,,,,1781558284,2026-06-15 15:18:04-06:00,,,,,,,,,,,,,,
metrobus,metrobus_vehicle_positions_enriched,2026-06-15T21:24:36Z,2026-06-15,20260615T212431Z,10a792e0-ff7a-4f19-bf1b-54ee7b351cc5,,,,,,69266,564,1260192,19.42335319519043,-99.12854766845703,284.0,0.0,0.0,,,,1781558663,2026-06-15 15:24:23-06:00,,,,,,,,,,,,,,
metrobus,metrobus_vehicle_positions_enriched,2026-06-15T21:24:36Z,2026-06-15,20260615T212431Z,6269e82b-eec3-4dd5-9724-6f65a0514d43,,,,,,69267,565,1260193,19.422590255737305,-99.09178924560547,0.0,0.0,0.0,,,,1781553781,2026-06-15 14:03:01-06:00,,,,,,,,,,,,,,
metrobus,metrobus_vehicle_positions_enriched,2026-06-15T21:24:36Z,2026-06-15,20260615T212431Z,f743f27e-13b4-4a3f-8c9f-875927a65b21,,20439,1.0,13:31:12,20260615,69268,566,1260194,19.448688507080078,-99.13519287109375,0.0,0.0,0.0,,,,1781547013,2026-06-15 12:10:13-06:00,,,2,L72h73-1 alameda tacubaya - glorieta cuitláhuac sur.,,3,42A76B,FFFFFF,,,,,,
metrobus,metrobus_vehicle_positions_enriched,2026-06-15T21:24:36Z,2026-06-15,20260615T212431Z,1a11ea75-4c85-4360-afe6-7ddb0e838191,,,,,,69269,567,1260195,19.422765731811523,-99.09244537353516,211.0,0.0,0.0,,,,1781525445,2026-06-15 06:10:45-06:00,,,,,,,,,,,,,,
metrobus,metrobus_vehicle_positions_enriched,2026-06-15T21:24:36Z,2026-06-15,20260615T212431Z,4b76b316-d01d-42c7-82b7-6cdc886e4811,,,,,,69270,568,1260196,19.44799041748047,-99.13386535644531,312.0,0.0,0.0,,,,1781558655,2026-06-15 15:24:15-06:00,,,,,,,,,,,,,,
metrobus,metrobus_vehicle_positions_enriched,2026-06-15T21:24:36Z,2026-06-15,20260615T212431Z,2f3f5895-a369-4ee9-8ef1-fe8386eeb5a0,,,,,,69271,569,1260197,19.428911209106445,-99.11329650878906,298.0,35.0,126.0,,,,1781558664,2026-06-15 15:24:24-06:00,,,,,,,,,,,,,,
metrobus,metrobus_vehicle_positions_enriched,2026-06-15T21:24:36Z,2026-06-15,20260615T212431Z,1e8127ca-12ce-408a-a704-8f4b1c4486fe,,19471,1.0,21:15:12,20260615,74821,9704,,19.504440307617188,-99.18634033203125,101.0,45.0,162.0,,,,1781558594,2026-06-15 15:23:14-06:00,,,6,L06g01-2 el rosario - villa de aragón,,3,E44599,FFFFFF,,,,,,
metrobus,metrobus_vehicle_positions_enriched,2026-06-15T21:24:36Z,2026-06-15,20260615T212431Z,ba1fe5d2-531f-454e-818b-fa63599045c1,,19472,1.0,21:07:39,20260615,74820,9702,,19.481599807739258,-99.10455322265625,126.0,8.0,28.8,,,,1781558653,2026-06-15 15:24:13-06:00,,,6,L06g02-2 ipn - villa de aragón,,3,E44599,FFFFFF,,,,,,
metrobus,metrobus_vehicle_positions_enriched,2026-06-15T21:24:36Z,2026-06-15,20260615T212431Z,f80ab7c7-9b02-48e6-8d52-4277dac57a8c,,19470,0.0,21:01:47,20260615,74830,9703,,19.482091903686523,-99.10539245605469,291.0,0.0,0.0,,,,1781558657,2026-06-15 15:24:17-06:00,,,6,L06g01-1 villa de aragón - el rosario,,3,E44599,FFFFFF,,,,,,
metrobus,metrobus_vehicle_positions_enriched,2026-06-15T21:24:36Z,2026-06-15,20260615T212431Z,5fc83a12-120c-4987-9300-12dd880b100e,,,,,,69274,572,002A981,19.423583984375,-99.12581634521484,185.0,0.0,0.0,,,,1781558661,2026-06-15 15:24:21-06:00,,,,,,,,,,,,,,
metrobus,metrobus_vehicle_positions_enriched,2026-06-15T21:24:36Z,2026-06-15,20260615T212431Z,7025617f-4508-4fbb-afad-0beb221cb093,,,,,,69275,573,002A982,19.43488883972168,-99.10823822021484,153.0,33.0,118.8,,,,1781558658,2026-06-15 15:24:18-06:00,,,,,,,,,,,,,,
metrobus,metrobus_vehicle_positions_enriched,2026-06-15T21:24:36Z,2026-06-15,20260615T212431Z,e958731d-4629-4c83-bfe2-4ce113a814ec,,,,,,69277,575,002A983,19.42393684387207,-99.13099670410156,510.0,0.0,0.0,,,,1781558658,2026-06-15 15:24:18-06:00,,,,,,,,,,,,,,
metrobus,metrobus_vehicle_positions_enriched,2026-06-15T21:24:36Z,2026-06-15,20260615T212431Z,d3aa6a7f-c730-4893-896f-7588eaf81a18,,,,,,69278,576,002A984,19.42057228088379,-99.05879211425781,925.0,0.0,0.0,,,,1781558663,2026-06-15 15:24:23-06:00,,,,,,,,,,,,,,
metrobus,metrobus_vehicle_positions_enriched,2026-06-15T21:24:36Z,2026-06-15,20260615T212431Z,4b23f624-58fe-45e9-bfce-f95d05762079,,,,,,69279,577,002A985,19.425277709960938,-99.13076782226562,880.0,0.0,0.0,,,,1781558667,2026-06-15 15:24:27-06:00,,,,,,,,,,,,,,
metrobus,metrobus_vehicle_positions_enriched,2026-06-15T21:24:36Z,2026-06-15,20260615T212431Z,05ae2d93-1057-4133-924d-0198a0135633,,,,,,69280,578,002A986,19.417266845703125,-99.0718765258789,277.0,8.0,28.8,,,,1781558663,2026-06-15 15:24:23-06:00,,,,,,,,,,,,,,
metrobus,metrobus_vehicle_positions_enriched,2026-06-15T21:24:36Z,2026-06-15,20260615T212431Z,07db8aa9-51a0-41ce-b54e-f69089e4115a,,19566,0.0,20:15:48,20260615,70089,338,1250003,19.39320945739746,-99.17264556884766,195.0,7.0,25.2,,,,1781558661,2026-06-15 15:24:21-06:00,,,2,L02c03-1 tepalcates - col. del valle,,3,8D1A96,FFFFFF,,,,,,
metrobus,metrobus_vehicle_positions_enriched,2026-06-15T21:24:36Z,2026-06-15,20260615T212431Z,42113007-c852-4bc8-9e59-e3c65833f0b2,,19984,0.0,20:01:53,20260615,70090,339,1250004,19.347742080688477,-99.18745422363281,196.0,0.0,0.0,,,,1781558655,2026-06-15 15:24:15-06:00,,,1,L21c21-1 rojo gómez - dr. gálvez,,3,42A76B,FFFFFF,,,,,,
metrobus,metrobus_vehicle_positions_enriched,2026-06-15T21:24:36Z,2026-06-15,20260615T212431Z,3cc7d27d-0ebd-4f2f-9506-0f86e000f261,,27313,1.0,18:11:43,20260615,69282,580,TienepermisodeSEMOVI,19.417661666870117,-99.07817077636719,212.0,0.0,0.0,,,,1781547253,2026-06-15 12:14:13-06:00,,,,,,,,,,,,,,
metrobus,metrobus_vehicle_positions_enriched,2026-06-15T21:24:36Z,2026-06-15,20260615T212431Z,0e6964b4-e876-4c29-b4ee-e1607bf915a8,,,,,,69283,581,002A989,19.423194885253906,-99.12057495117188,904.0,0.0,0.0,,,,1781558659,2026-06-15 15:24:19-06:00,,,,,,,,,,,,,,
metrobus,metrobus_vehicle_positions_enriched,2026-06-15T21:24:36Z,2026-06-15,20260615T212431Z,d3639263-e95d-4e27-928a-d5f9dd5cf1d8,,19562,1.0,21:07:04,20260615,70091,340,1250005,19.3971004486084,-99.1648941040039,113.0,0.0,0.0,,,,1781558664,2026-06-15 15:24:24-06:00,,,2,L02c01-2 tacubaya - tepalcates,,3,8D1A96,FFFFFF,,,,,,
metrobus,metrobus_vehicle_positions_enriched,2026-06-15T21:24:36Z,2026-06-15,20260615T212431Z,bee673d9-4975-450b-b9e5-f855e3a59fd9,,,,,,69284,582,002A990,19.424362182617188,-99.13091278076172,890.0,0.0,0.0,,,,1781558653,2026-06-15 15:24:13-06:00,,,,,,,,,,,,,,
metrobus,metrobus_vehicle_positions_enriched,2026-06-15T21:24:36Z,2026-06-15,20260615T212431Z,e4c6145b-3a83-45cf-8cc6-d55dfdc1e1b2,,,,,,69285,583,002A991,19.4306640625,-99.05289459228516,283.0,0.0,0.0,,,,1781558652,2026-06-15 15:24:12-06:00,,,,,,,,,,,,,,
metrobus,metrobus_vehicle_positions_enriched,2026-06-15T21:24:36Z,2026-06-15,20260615T212431Z,3ca83028-f0d8-4306-9e28-2c107a959b40,,,,,,70093,342,TienepermisodeSEMOVI,19.38717269897461,-99.05989837646484,0.0,0.0,0.0,,,,1781558657,2026-06-15 15:24:17-06:00,,,,,,,,,,,,,,
metrobus,metrobus_vehicle_positions_enriched,2026-06-15T21:24:36Z,2026-06-15,20260615T212431Z,57ef658e-f445-4941-be87-2280279b911c,,,,,,69286,584,002A992,19.42269515991211,-99.09213256835938,0.0,0.0,0.0,,,,1781553561,2026-06-15 13:59:21-06:00,,,,,,,,,,,,,,
metrobus,metrobus_vehicle_positions_enriched,2026-06-15T21:24:36Z,2026-06-15,20260615T212431Z,13a9dda0-30f0-40a8-843e-61abac125b60,,,,,,69287,585,002A993,19.420961380004883,-99.06434631347656,269.0,34.0,122.4,,,,1781558656,2026-06-15 15:24:16-06:00,,,,,,,,,,,,,,
metrobus,metrobus_vehicle_positions_enriched,2026-06-15T21:24:36Z,2026-06-15,20260615T212431Z,efb42233-4898-4bbe-b9a5-f781db8595a8,,19983,1.0,21:17:31,20260615,70095,344,TienepermisodeSEMOVI,19.351207733154297,-99.18622589111328,185.0,0.0,0.0,,,,1781558657,2026-06-15 15:24:17-06:00,,,1,L21c21-2 dr. gálvez - rojo gómez,,3,42A76B,FFFFFF,,,,,,
metrobus,metrobus_vehicle_positions_enriched,2026-06-15T21:24:36Z,2026-06-15,20260615T212431Z,7f277ee0-bb54-46b6-a8bf-69083efbd377,,,,,,69288,586,002A994,19.430856704711914,-99.05360412597656,296.0,0.0,0.0,,,,1781558658,2026-06-15 15:24:18-06:00,,,,,,,,,,,,,,
metrobus,metrobus_vehicle_positions_enriched,2026-06-15T21:24:36Z,2026-06-15,20260615T212431Z,814cface-e576-4a65-8450-3c8d9ae24d1f,,,,,,70096,345,TienepermisodeSEMOVI,19.386640548706055,-99.0599594116211,125.0,0.0,0.0,,,,1781558668,2026-06-15 15:24:28-06:00,,,,,,,,,,,,,,
metrobus,metrobus_vehicle_positions_enriched,2026-06-15T21:24:36Z,2026-06-15,20260615T212431Z,ba399eb2-5cc7-44a7-8f8f-907ddb03f79c,,27312,0.0,21:21:23,20260615,69289,587,002A995,19.425535202026367,-99.12596130371094,102.0,0.0,0.0,,,,1781558664,2026-06-15 15:24:24-06:00,,,,,,,,,,,,,,
metrobus,metrobus_vehicle_positions_enriched,2026-06-15T21:24:36Z,2026-06-15,20260615T212431Z,2e39f846-eee9-4c11-a80e-1935dba10ab6,,,,,,69290,588,002A996,19.423072814941406,-99.0920181274414,0.0,0.0,0.0,,,,1781555907,2026-06-15 14:38:27-06:00,,,,,,,,,,,,,,
metrobus,metrobus_vehicle_positions_enriched,2026-06-15T21:24:36Z,2026-06-15,20260615T212431Z,aad6916a-8c79-4e56-ba68-1b919f6da575,,,,,,69291,589,002A997,19.41704559326172,-99.07343292236328,279.0,6.0,21.6,,,,1781558664,2026-06-15 15:24:24-06:00,,,,,,,,,,,,,,
metrobus,metrobus_vehicle_positions_enriched,2026-06-15T21:24:36Z,2026-06-15,20260615T212431Z,e0459a2b-69a2-4cb2-bbae-da21629781bf,,19983,1.0,21:19:36,20260615,70100,349,TienepermisodeSEMOVI,19.33636474609375,-99.19071197509766,480.0,0.0,0.0,,,,1781558663,2026-06-15 15:24:23-06:00,,,1,L21c21-2 dr. gálvez - rojo gómez,,3,42A76B,FFFFFF,,,,,,
metrobus,metrobus_vehicle_positions_enriched,2026-06-15T21:24:36Z,2026-06-15,20260615T212431Z,b0e926a1-3fab-4684-94e1-a202fcd168fc,,,,,,69294,592,002A998,19.4307861328125,-99.05337524414062,284.0,0.0,0.0,,,,1781558653,2026-06-15 15:24:13-06:00,,,,,,,,,,,,,,
metrobus,metrobus_vehicle_positions_enriched,2026-06-15T21:24:36Z,2026-06-15,20260615T212431Z,078c66b1-38ea-4094-be53-2b77b5722741,,,,,,70101,350,1250015,19.391254425048828,-99.04811096191406,121.0,0.0,0.0,,,,1781558659,2026-06-15 15:24:19-06:00,,,,,,,,,,,,,,
metrobus,metrobus_vehicle_positions_enriched,2026-06-15T21:24:36Z,2026-06-15,20260615T212431Z,ba58badb-597c-446a-8a28-3407be2e3fe0,,,,,,69298,597,002A999,19.42510414123535,-99.11986541748047,750.0,17.0,61.2,,,,1781558662,2026-06-15 15:24:22-06:00,,,,,,,,,,,,,,
metrobus,metrobus_vehicle_positions_enriched,2026-06-15T21:24:36Z,2026-06-15,20260615T212431Z,27e40e15-c360-4216-93c1-a42ed427d006,,27313,1.0,20:58:27,20260615,69299,598,003A001,19.42555809020996,-99.11934661865234,278.0,12.0,43.2,,,,1781558659,2026-06-15 15:24:19-06:00,,,,,,,,,,,,,,
metrobus,metrobus_vehicle_positions_enriched,2026-06-15T21:24:36Z,2026-06-15,20260615T212431Z,15fa5d19-5601-420d-acea-a1b158bf2774,,20295,0.0,20:39:01,20260615,69439,120,1230033,19.38094139099121,-99.15866088867188,199.0,20.0,72.0,,,,1781558660,2026-06-15 15:24:20-06:00,,,1,L31a31-1 indios verdes - pueblo sta cruz atoyac,,3,42A76B,FFFFFF,,,,,,
metrobus,metrobus_vehicle_positions_enriched,2026-06-15T21:24:36Z,2026-06-15,20260615T212431Z,34af1c8b-b02b-4907-8470-b3ee9922ac51,,,,,,69440,121,1230034,19.499267578125,-99.11949920654297,0.0,0.0,0.0,,,,1781552592,2026-06-15 13:43:12-06:00,,,,,,,,,,,,,,
metrobus,metrobus_vehicle_positions_enriched,2026-06-15T21:24:36Z,2026-06-15,20260615T212431Z,68028452-050c-4c77-ae0a-2b3e70eda1a2,,19562,1.0,21:22:42,20260615,69687,364,ConPermisovencido,19.40532112121582,-99.18563842773438,266.0,33.0,118.8,,,,1781558652,2026-06-15 15:24:12-06:00,,,2,L02c01-2 tacubaya - tepalcates,,3,8D1A96,FFFFFF,,,,,,
metrobus,metrobus_vehicle_positions_enriched,2026-06-15T21:24:36Z,2026-06-15,20260615T212431Z,26256547-4020-4ad1-a3d9-b5a6c3a423ad,,19499,0.0,20:13:12,20260615,69442,123,1230036,19.338972091674805,-99.19048309326172,173.0,0.0,0.0,,,,1781558656,2026-06-15 15:24:16-06:00,,,1,L01a07-1 indios verdes - el caminero,,3,D40D0D,FFFFFF,,,,,,
metrobus,metrobus_vehicle_positions_enriched,2026-06-15T21:24:36Z,2026-06-15,20260615T212431Z,8516bf1c-fcce-4651-8c81-121b2773b258,,19567,1.0,18:26:39,20260615,69688,366,1250117,19.398296356201172,-99.11332702636719,304.0,23.0,82.8,,,,1781551893,2026-06-15 13:31:33-06:00,,,2,L02c03-2 col. del valle - tepalcates,,3,8D1A96,FFFFFF,,,,,,
metrobus,metrobus_vehicle_positions_enriched,2026-06-15T21:24:36Z,2026-06-15,20260615T212431Z,52fc1dde-b533-462f-98d0-34ffe29219b1,,19567,1.0,20:46:24,20260615,70324,367,,19.3983211517334,-99.11341094970703,886.0,34.0,122.4,,,,1781558604,2026-06-15 15:23:24-06:00,,,2,L02c03-2 col. del valle - tepalcates,,3,8D1A96,FFFFFF,,,,,,
metrobus,metrobus_vehicle_positions_enriched,2026-06-15T21:24:36Z,2026-06-15,20260615T212431Z,dff2a57e-71ef-49d9-b0dd-6c96a585cc23,,,,,,74672,9521,,19.42315673828125,-99.09186553955078,0.0,0.0,0.0,,,,1781519466,2026-06-15 04:31:06-06:00,,,,,,,,,,,,,,
metrobus,metrobus_vehicle_positions_enriched,2026-06-15T21:24:36Z,2026-06-15,20260615T212431Z,0aded453-857d-42bf-98c7-f6243235baac,,,,,,74993,9525,,19.38880157470703,-99.05957794189453,0.0,0.0,0.0,,,,1780422442,2026-06-02 11:47:22-06:00,,,,,,,,,,,,,,
metrobus,metrobus_vehicle_positions_enriched,2026-06-15T21:24:36Z,2026-06-15,20260615T212431Z,e29865dc-dd60-48be-b7d4-268d7483ef25,,,,,,74671,9522,,19.422292709350586,-99.09196472167969,0.0,0.0,0.0,,,,1781467457,2026-06-14 14:04:17-06:00,,,,,,,,,,,,,,
metrobus,metrobus_vehicle_positions_enriched,2026-06-15T21:24:36Z,2026-06-15,20260615T212431Z,005e4802-2361-4f16-a200-40c52b931ee5,,,,,,74805,9523,,19.480119705200195,-99.12947082519531,368.0,24.0,86.4,,,,1781558656,2026-06-15 15:24:16-06:00,,,,,,,,,,,,,,
metrobus,metrobus_vehicle_positions_enriched,2026-06-15T21:24:36Z,2026-06-15,20260615T212431Z,c449a49c-4dce-422d-bac7-9aa9bd112976,,,,,,69690,372,1250123,19.38874626159668,-99.05918884277344,0.0,0.0,0.0,,,,1781558233,2026-06-15 15:17:13-06:00,,,,,,,,,,,,,,
metrobus,metrobus_vehicle_positions_enriched,2026-06-15T21:24:36Z,2026-06-15,20260615T212431Z,94dcba90-da73-41d1-b1df-ecb9c979d57b,,19566,0.0,20:48:18,20260615,69691,373,1250124,19.398359298706055,-99.11637878417969,267.0,24.0,86.4,,,,1781558656,2026-06-15 15:24:16-06:00,,,2,L02c03-1 tepalcates - col. del valle,,3,8D1A96,FFFFFF,,,,,,
metrobus,metrobus_vehicle_positions_enriched,2026-06-15T21:24:36Z,2026-06-15,20260615T212431Z,c1c58d40-56fc-4029-b8cc-43fd3e722000,,,,,,73164,139,12300139,19.50012969970703,-99.11963653564453,950.0,0.0,0.0,,,,1781558656,2026-06-15 15:24:16-06:00,,,,,,,,,,,,,,
metrobus,metrobus_vehicle_positions_enriched,2026-06-15T21:24:36Z,2026-06-15,20260615T212431Z,0c8f01e3-7eed-4ccf-999c-7d5ae64fd4a9,,27310,1.0,20:48:20,20260615,72536,9515,,19.427772521972656,-99.11591339111328,186.0,0.0,0.0,,,,1781558669,2026-06-15 15:24:29-06:00,,,,,,,,,,,,,,
metrobus,metrobus_vehicle_positions_enriched,2026-06-15T21:24:36Z,2026-06-15,20260615T212431Z,ee084a67-c77d-4490-afe9-9e1a43df18f8,,,,,,74699,9519,,19.406185150146484,-99.16848754882812,197.0,3.0,10.8,,,,1781558654,2026-06-15 15:24:14-06:00,,,,,,,,,,,,,,
metrobus,metrobus_vehicle_positions_enriched,2026-06-15T21:24:36Z,2026-06-15,20260615T212431Z,f22327ce-25ac-4c35-89d5-4490db244ded,,,,,,69451,143,1230056,19.50042724609375,-99.11853790283203,184.0,0.0,0.0,,,,1781536195,2026-06-15 09:09:55-06:00,,,,,,,,,,,,,,
metrobus,metrobus_vehicle_positions_enriched,2026-06-15T21:24:36Z,2026-06-15,20260615T212431Z,fb8a4d6f-6170-497b-89d1-662bc6de5e7a,,,,,,69454,146,1230005,19.499086380004883,-99.11949157714844,103.0,0.0,0.0,,,,1781558667,2026-06-15 15:24:27-06:00,,,,,,,,,,,,,,
metrobus,metrobus_vehicle_positions_enriched,2026-06-15T21:24:36Z,2026-06-15,20260615T212431Z,fa4882ec-67db-4188-9022-560321b5bea7,,27307,0.0,23:09:57,20260611,75062,9529,,19.290082931518555,-99.11539459228516,187.0,2.0,7.2,,,,1781219547,2026-06-11 17:12:27-06:00,,,,,,,,,,,,,,
metrobus,metrobus_vehicle_positions_enriched,2026-06-15T21:24:36Z,2026-06-15,20260615T212431Z,4f15c688-614e-408a-8e7e-6d6f142a0a8d,,,,,,75057,9527,,19.42307472229004,-99.09188079833984,0.0,0.0,0.0,,,,1781516798,2026-06-15 03:46:38-06:00,,,,,,,,,,,,,,
metrobus,metrobus_vehicle_positions_enriched,2026-06-15T21:24:36Z,2026-06-15,20260615T212431Z,2ecce645-2623-40d2-bead-a782970e16d0,,27310,1.0,21:15:32,20260615,74680,9542,,19.421056747436523,-99.07846069335938,316.0,0.0,0.0,,,,1781558659,2026-06-15 15:24:19-06:00,,,,,,,,,,,,,,
metrobus,metrobus_vehicle_positions_enriched,2026-06-15T21:24:36Z,2026-06-15,20260615T212431Z,c18667cf-ce4c-4264-984b-fc3cdd653790,,27310,1.0,20:39:51,20260615,74681,9543,,19.423206329345703,-99.12773895263672,278.0,26.0,93.60000000000001,,,,1781558661,2026-06-15 15:24:21-06:00,,,,,,,,,,,,,,
metrobus,metrobus_vehicle_positions_enriched,2026-06-15T21:24:36Z,2026-06-15,20260615T212431Z,79f7ea27-692a-4eba-af9f-c719a4d606ea,,,,,,74679,9541,,19.402870178222656,-99.06151580810547,0.0,0.0,0.0,,,,1781459377,2026-06-14 11:49:37-06:00,,,,,,,,,,,,,,
metrobus,metrobus_vehicle_positions_enriched,2026-06-15T21:24:36Z,2026-06-15,20260615T212431Z,1a353af5-e6ce-4323-b495-14fc5203a0d4,,19566,0.0,20:37:52,20260615,74915,9304,,19.394411087036133,-99.14061737060547,276.0,27.0,97.2,,,,1781558653,2026-06-15 15:24:13-06:00,,,2,L02c03-1 tepalcates - col. del valle,,3,8D1A96,FFFFFF,,,,,,
metrobus,metrobus_vehicle_positions_enriched,2026-06-15T21:24:36Z,2026-06-15,20260615T212431Z,2e327767-9e4a-4776-9fe7-882a17c159a9,,19567,1.0,20:25:18,20260615,74546,9305,,19.386751174926758,-99.06021118164062,890.0,34.0,122.4,,,,1781558659,2026-06-15 15:24:19-06:00,,,2,L02c03-2 col. del valle - tepalcates,,3,8D1A96,FFFFFF,,,,,,
metrobus,metrobus_vehicle_positions_enriched,2026-06-15T21:24:36Z,2026-06-15,20260615T212431Z,ea08d1b6-bbac-45cf-b300-583d01cc5e80,,,,,,74518,9303,,19.38524627685547,-99.17530059814453,196.0,22.0,79.2,,,,1781558646,2026-06-15 15:24:06-06:00,,,,,,,,,,,,,,
metrobus,metrobus_vehicle_positions_enriched,2026-06-15T21:24:36Z,2026-06-15,20260615T212431Z,3ab218a0-1268-45ca-9518-13f579283c70,,,,,,69598,392,1250146,19.38901138305664,-99.0595932006836,0.0,0.0,0.0,,,,1780357248,2026-06-01 17:40:48-06:00,,,,,,,,,,,,,,
metrobus,metrobus_vehicle_positions_enriched,2026-06-15T21:24:36Z,2026-06-15,20260615T212431Z,83227e1e-de1d-4825-932f-b0323f7f1ac4,,19475,1.0,20:58:56,20260615,74141,9781,,19.491167068481445,-99.13530731201172,103.0,38.0,136.8,,,,1781558658,2026-06-15 15:24:18-06:00,,,6,L06g03-2 el rosario- dep. 18 de marzo,,3,E44599,FFFFFF,,,,,,
metrobus,metrobus_vehicle_positions_enriched,2026-06-15T21:24:36Z,2026-06-15,20260615T212431Z,9cc1f9ca-51c3-49db-930e-929edd3bd149,,,,,,69599,394,1250147,19.39078712463379,-99.047607421875,0.0,0.0,0.0,,,,1781558655,2026-06-15 15:24:15-06:00,,,,,,,,,,,,,,
metrobus,metrobus_vehicle_positions_enriched,2026-06-15T21:24:36Z,2026-06-15,20260615T212431Z,1e14bfa0-9246-4e9e-996a-121a89a86547,,,,,,70122,152,1230165,19.500507354736328,-99.11894989013672,0.0,0.0,0.0,,,,1781540108,2026-06-15 10:15:08-06:00,,,,,,,,,,,,,,
metrobus,metrobus_vehicle_positions_enriched,2026-06-15T21:24:36Z,2026-06-15,20260615T212431Z,c0ad5161-5d02-4373-97c8-9840b7ebfc9f,,,,,,70123,153,1230166,19.499713897705078,-99.11955261230469,165.0,0.0,0.0,,,,1781537916,2026-06-15 09:38:36-06:00,,,,,,,,,,,,,,
metrobus,metrobus_vehicle_positions_enriched,2026-06-15T21:24:36Z,2026-06-15,20260615T212431Z,d8ca3c74-8fd1-408e-836a-73ae00a61fc2,,19983,1.0,21:03:22,20260615,69601,398,TienepermisodeSEMOVI,19.382293701171875,-99.17617797851562,168.0,0.0,0.0,,,,1781558652,2026-06-15 15:24:12-06:00,,,1,L21c21-2 dr. gálvez - rojo gómez,,3,42A76B,FFFFFF,,,,,,
metrobus,metrobus_vehicle_positions_enriched,2026-06-15T21:24:36Z,2026-06-15,20260615T212431Z,7cacaecf-1b65-43df-9e58-ec7b9eab3c03,,,,,,70126,156,1230169,19.500558853149414,-99.1190185546875,0.0,0.0,0.0,,,,1781547868,2026-06-15 12:24:28-06:00,,,,,,,,,,,,,,
metrobus,metrobus_vehicle_positions_enriched,2026-06-15T21:24:36Z,2026-06-15,20260615T212431Z,08e4473d-4c4f-4fa0-a723-efb6ab786541,,19565,1.0,21:07:57,20260615,69602,399,1250150,19.398296356201172,-99.11656951904297,876.0,17.0,61.2,,,,1781558656,2026-06-15 15:24:16-06:00,,,2,L02c02-2 etiopía l3 - tepalcates,,3,8D1A96,FFFFFF,,,,,,
metrobus,metrobus_vehicle_positions_enriched,2026-06-15T21:24:36Z,2026-06-15,20260615T212431Z,e01744bd-cb18-4195-a624-0338a3aeb48e,,19567,1.0,20:37:10,20260615,74547,9306,,19.384695053100586,-99.07669830322266,127.0,24.0,86.4,,,,1781558655,2026-06-15 15:24:15-06:00,,,2,L02c03-2 col. del valle - tepalcates,,3,8D1A96,FFFFFF,,,,,,
metrobus,metrobus_vehicle_positions_enriched,2026-06-15T21:24:36Z,2026-06-15,20260615T212431Z,a8e65a3b-26d7-45b4-8b1a-d042da751a4d,,,,,,74465,9379,,19.401721954345703,-99.18669891357422,251.0,0.0,0.0,,,,1781558665,2026-06-15 15:24:25-06:00,,,,,,,,,,,,,,
metrobus,metrobus_vehicle_positions_enriched,2026-06-15T21:24:36Z,2026-06-15,20260615T212431Z,60057474-295d-4e95-bb82-959aee0f77f7,,,,,,74191,9382,,19.390560150146484,-99.04739379882812,298.0,0.0,0.0,,,,1781558653,2026-06-15 15:24:13-06:00,,,,,,,,,,,,,,
metrobus,metrobus_vehicle_positions_enriched,2026-06-15T21:24:36Z,2026-06-15,20260615T212431Z,6ca333b2-6b7b-4d4a-8f4f-b57d08d4cbfd,,,,,,69580,2504,TienepermisodeSEMOVI,19.41707992553711,-99.07374572753906,278.0,0.0,0.0,,,,1781558667,2026-06-15 15:24:27-06:00,,,,,,,,,,,,,,
metrobus,metrobus_vehicle_positions_enriched,2026-06-15T21:24:36Z,2026-06-15,20260615T212431Z,965bb69f-3c30-460e-bed7-ad0c7a41d07e,,27313,1.0,20:41:26,20260615,69579,2503,TienepermisodeSEMOVI,19.42449188232422,-99.13087463378906,106.0,0.0,0.0,,,,1781558662,2026-06-15 15:24:22-06:00,,,,,,,,,,,,,,
metrobus,metrobus_vehicle_positions_enriched,2026-06-15T21:24:36Z,2026-06-15,20260615T212431Z,b9ef13fd-c8dc-457b-b0ae-2c4d78f3c5c6,,27313,1.0,17:38:00,20260615,69578,2502,TienepermisodeSEMOVI,19.43133544921875,-99.1153793334961,181.0,0.0,0.0,,,,1781546196,2026-06-15 11:56:36-06:00,,,,,,,,,,,,,,
metrobus,metrobus_vehicle_positions_enriched,2026-06-15T21:24:36Z,2026-06-15,20260615T212431Z,d9740ef8-ccae-4d1c-aba2-ad85719fb7b6,,,,,,69577,2501,TienepermisodeSEMOVI,19.423221588134766,-99.12077331542969,941.0,0.0,0.0,,,,1781558660,2026-06-15 15:24:20-06:00,,,,,,,,,,,,,,
metrobus,metrobus_vehicle_positions_enriched,2026-06-15T21:24:36Z,2026-06-15,20260615T212431Z,4ce957eb-86d4-4d80-a98e-d22db87ac1b2,,,,,,69585,2509,TienepermisodeSEMOVI,19.435285568237305,-99.11463165283203,910.0,12.0,43.2,,,,1781558653,2026-06-15 15:24:13-06:00,,,,,,,,,,,,,,
metrobus,metrobus_vehicle_positions_enriched,2026-06-15T21:24:36Z,2026-06-15,20260615T212431Z,1ca80106-5923-4e71-9bf0-a3ae5ea0d1c8,,27312,0.0,20:44:34,20260615,69584,2508,TienepermisodeSEMOVI,19.417070388793945,-99.07435607910156,987.0,5.0,18.0,,,,1781558655,2026-06-15 15:24:15-06:00,,,,,,,,,,,,,,
metrobus,metrobus_vehicle_positions_enriched,2026-06-15T21:24:36Z,2026-06-15,20260615T212431Z,a1ad845e-38b0-4755-8952-2d9141feeb5f,,,,,,69583,2507,TienepermisodeSEMOVI,19.429655075073242,-99.09780883789062,298.0,29.0,104.4,,,,1781558662,2026-06-15 15:24:22-06:00,,,,,,,,,,,,,,
metrobus,metrobus_vehicle_positions_enriched,2026-06-15T21:24:36Z,2026-06-15,20260615T212431Z,9fa3ec04-6938-439b-a889-bc1834d722eb,,,,,,69582,2506,TienepermisodeSEMOVI,19.430736541748047,-99.05320739746094,285.0,0.0,0.0,,,,1781558666,2026-06-15 15:24:26-06:00,,,,,,,,,,,,,,
metrobus,metrobus_vehicle_positions_enriched,2026-06-15T21:24:36Z,2026-06-15,20260615T212431Z,18717cae-e031-4349-84b0-6bcf216dd979,,19519,0.0,21:18:03,20260615,69581,2505,TienepermisodeSEMOVI,19.417051315307617,-99.07266998291016,202.0,0.0,0.0,,,,1781558659,2026-06-15 15:24:19-06:00,,,4,L04e04-1 pantitlán - hidalgo,,3,FF9A03,FFFFFF,,,,,,
metrobus,metrobus_vehicle_positions_enriched,2026-06-15T21:24:36Z,2026-06-15,20260615T212431Z,bab2d3be-3a6b-48bf-a154-e997fb60d0a2,,,,,,69591,2515,TienepermisodeSEMOVI,19.42072296142578,-99.05872344970703,925.0,22.0,79.2,,,,1781558659,2026-06-15 15:24:19-06:00,,,,,,,,,,,,,,
metrobus,metrobus_vehicle_positions_enriched,2026-06-15T21:24:36Z,2026-06-15,20260615T212431Z,749a1909-f30e-4cd7-ae0e-53ac0d78f5d8,,19519,0.0,19:11:18,20260615,69590,2514,TienepermisodeSEMOVI,19.422710418701172,-99.09187316894531,211.0,0.0,0.0,,,,1781552939,2026-06-15 13:48:59-06:00,,,4,L04e04-1 pantitlán - hidalgo,,3,FF9A03,FFFFFF,,,,,,
metrobus,metrobus_vehicle_positions_enriched,2026-06-15T21:24:36Z,2026-06-15,20260615T212431Z,390f8e6e-aaf3-4721-a71f-c7e78d19eb78,,,,,,69589,2513,TienepermisodeSEMOVI,19.417583465576172,-99.07810974121094,337.0,25.0,90.0,,,,1781548118,2026-06-15 12:28:38-06:00,,,,,,,,,,,,,,
metrobus,metrobus_vehicle_positions_enriched,2026-06-15T21:24:36Z,2026-06-15,20260615T212431Z,6bf3cb50-4ea9-4a35-9d9b-4b66c74f1d8a,,,,,,69588,2512,TienepermisodeSEMOVI,19.41782569885254,-99.07208251953125,281.0,0.0,0.0,,,,1781558650,2026-06-15 15:24:10-06:00,,,,,,,,,,,,,,
metrobus,metrobus_vehicle_positions_enriched,2026-06-15T21:24:36Z,2026-06-15,20260615T212431Z,7627d514-7e88-468b-bbba-9ab5e6cd8988,,27313,1.0,21:12:27,20260615,69587,2511,TienepermisodeSEMOVI,19.4327392578125,-99.10403442382812,297.0,37.0,133.20000000000002,,,,1781558655,2026-06-15 15:24:15-06:00,,,,,,,,,,,,,,
metrobus,metrobus_vehicle_positions_enriched,2026-06-15T21:24:36Z,2026-06-15,20260615T212431Z,dfd2feec-894f-44ef-b07e-c9cc5d5ffd5a,,,,,,69586,2510,TienepermisodeSEMOVI,19.422805786132812,-99.09172058105469,208.0,0.0,0.0,,,,1781552252,2026-06-15 13:37:32-06:00,,,,,,,,,,,,,,
metrobus,metrobus_vehicle_positions_enriched,2026-06-15T21:24:36Z,2026-06-15,20260615T212431Z,52d8ef5b-193f-4907-b9e0-f6008ab4bb33,,,,,,70010,1206,001A191,19.386228561401367,-99.04619598388672,331.0,0.0,0.0,,,,1781537282,2026-06-15 09:28:02-06:00,,,,,,,,,,,,,,
metrobus,metrobus_vehicle_positions_enriched,2026-06-15T21:24:36Z,2026-06-15,20260615T212431Z,ba9c6d7c-7ad8-4b43-8e61-8fd4bbcd6f17,,,,,,70009,1205,001A192,19.38575553894043,-99.04544830322266,297.0,0.0,0.0,,,,1781549753,2026-06-15 12:55:53-06:00,,,,,,,,,,,,,,
metrobus,metrobus_vehicle_positions_enriched,2026-06-15T21:24:36Z,2026-06-15,20260615T212431Z,acb6390e-8d55-495b-ac92-dbe60e49ad35,,,,,,70008,1204,001A190,19.498014450073242,-99.11944580078125,215.0,0.0,0.0,,,,1781552933,2026-06-15 13:48:53-06:00,,,,,,,,,,,,,,
metrobus,metrobus_vehicle_positions_enriched,2026-06-15T21:24:36Z,2026-06-15,20260615T212431Z,111e426b-793f-4465-bb9b-b69db5ac77ae,,19492,0.0,21:22:20,20260615,70007,1203,001A189,19.487104415893555,-99.12397003173828,218.0,15.0,54.0,,,,1781558660,2026-06-15 15:24:20-06:00,,,1,L01a01-1 indios verdes - dr. gálvez,,3,D40D0D,FFFFFF,,,,,,
metrobus,metrobus_vehicle_positions_enriched,2026-06-15T21:24:36Z,2026-06-15,20260615T212431Z,9f3680fb-800d-4b14-a523-86aa977b023a,,,,,,70006,1202,001A188,19.49787712097168,-99.11936950683594,198.0,0.0,0.0,,,,1781549139,2026-06-15 12:45:39-06:00,,,,,,,,,,,,,,
metrobus,metrobus_vehicle_positions_enriched,2026-06-15T21:24:36Z,2026-06-15,20260615T212431Z,32221a94-26e2-4245-bb29-1c03c23aa20c,,19491,1.0,20:30:27,20260615,70013,1209,001A195,19.43572425842285,-99.15740203857422,231.0,0.0,0.0,,,,1781558666,2026-06-15 15:24:26-06:00,,,1,L01a01-2 dr. gálvez - indios verdes,,3,D40D0D,FFFFFF,,,,,,
metrobus,metrobus_vehicle_positions_enriched,2026-06-15T21:24:36Z,2026-06-15,20260615T212431Z,28f1e328-1aff-41c1-b190-e3d38469c132,,19491,1.0,20:13:18,20260615,70012,1208,001A194,19.491758346557617,-99.120361328125,186.0,41.0,147.6,,,,1781558661,2026-06-15 15:24:21-06:00,,,1,L01a01-2 dr. gálvez - indios verdes,,3,D40D0D,FFFFFF,,,,,,
metrobus,metrobus_vehicle_positions_enriched,2026-06-15T21:24:36Z,2026-06-15,20260615T212431Z,1a11d3d9-7b3f-45a0-bf94-13dae41a8e7c,,,,,,70011,1207,001A193,19.38555908203125,-99.04578399658203,127.0,0.0,0.0,,,,1781549444,2026-06-15 12:50:44-06:00,,,,,,,,,,,,,,
