_source_system,_source_table,_extracted_at_utc,_snapshot_date,_snapshot_id,entity_id,trip_id,route_id,direction_id,start_time,start_date,vehicle_id,vehicle_label,license_plate,latitude,longitude,bearing,speed_mps,speed_kmh,current_stop_sequence,stop_id,current_status,timestamp_raw,timestamp_cdmx,congestion_level,occupancy_status,route_short_name,route_long_name,route_desc,route_type,route_color,route_text_color,stop_name,stop_lat,stop_lon,zone_id,location_type,parent_station
metrobus,metrobus_vehicle_positions_enriched,2026-08-25T21:45:44Z,2026-08-25,20260825T214540Z,de50d302-eadb-4d64-beb6-b02f7b5622f3,,,,,,69379,2306,1240002,19.465442657470703,-99.059814453125,324.0,0.0,0.0,,,,1787694325,2026-08-25 15:45:25-06:00,,,,,,,,,,,,,,
metrobus,metrobus_vehicle_positions_enriched,2026-08-25T21:45:44Z,2026-08-25,20260825T214540Z,194ce3c3-95c6-45a3-aaad-a4efb29aca0c,,19566,0.0,21:37:51,20260825,69378,2305,1240001,19.38987922668457,-99.0595703125,262.0,0.0,0.0,,,,1787694322,2026-08-25 15:45:22-06:00,,,2,L02c03-1 tepalcates - col. del valle,,3,8D1A96,FFFFFF,,,,,,
metrobus,metrobus_vehicle_positions_enriched,2026-08-25T21:45:44Z,2026-08-25,20260825T214540Z,16e13c7a-e873-4c53-8170-d7ce7f40393b,,19475,1.0,21:41:44,20260825,69377,2304,1230200,19.51067543029785,-99.19160461425781,102.0,32.0,115.2,,,,1787694330,2026-08-25 15:45:30-06:00,,,6,L06g03-2 el rosario- dep. 18 de marzo,,3,E44599,FFFFFF,,,,,,
metrobus,metrobus_vehicle_positions_enriched,2026-08-25T21:45:44Z,2026-08-25,20260825T214540Z,f433856c-3383-4cb0-b880-cc68ccd854d5,,19562,1.0,21:06:26,20260825,69376,2303,1230199,19.396852493286133,-99.09959411621094,92.0,0.0,0.0,,,,1787694323,2026-08-25 15:45:23-06:00,,,2,L02c01-2 tacubaya - tepalcates,,3,8D1A96,FFFFFF,,,,,,
metrobus,metrobus_vehicle_positions_enriched,2026-08-25T21:45:44Z,2026-08-25,20260825T214540Z,03b6a0f9-e684-422a-bc5a-b58582e01955,,19562,1.0,20:50:45,20260825,69375,2302,1230198,19.383413314819336,-99.06556701660156,100.0,0.0,0.0,,,,1787694328,2026-08-25 15:45:28-06:00,,,2,L02c01-2 tacubaya - tepalcates,,3,8D1A96,FFFFFF,,,,,,
metrobus,metrobus_vehicle_positions_enriched,2026-08-25T21:45:44Z,2026-08-25,20260825T214540Z,619a68f7-0745-4f8e-b24c-c60fc15be38d,,,,,,70014,1210,001A196,19.497827529907227,-99.11946868896484,180.0,0.0,0.0,,,,1787682574,2026-08-25 12:29:34-06:00,,,,,,,,,,,,,,
metrobus,metrobus_vehicle_positions_enriched,2026-08-25T21:45:44Z,2026-08-25,20260825T214540Z,259765fc-6b33-4862-9e85-a3f6c4f8c3af,,19471,1.0,21:40:57,20260825,69382,2309,1240005,19.510772705078125,-99.19207763671875,102.0,6.0,21.6,,,,1787694333,2026-08-25 15:45:33-06:00,,,6,L06g01-2 el rosario - villa de aragón,,3,E44599,FFFFFF,,,,,,
metrobus,metrobus_vehicle_positions_enriched,2026-08-25T21:45:44Z,2026-08-25,20260825T214540Z,1869dce4-c5e7-4230-8d15-0799132ad04d,,19473,0.0,21:18:06,20260825,69381,2308,1240004,19.48413848876953,-99.11314392089844,282.0,0.0,0.0,,,,1787694331,2026-08-25 15:45:31-06:00,,,6,L06g02-1 villa de aragón - ipn,,3,E44599,FFFFFF,,,,,,
metrobus,metrobus_vehicle_positions_enriched,2026-08-25T21:45:44Z,2026-08-25,20260825T214540Z,5388dff4-46c3-435b-acf1-8dc273806eb7,,19472,1.0,21:22:59,20260825,69380,2307,1240003,19.474973678588867,-99.0886001586914,143.0,0.0,0.0,,,,1787694320,2026-08-25 15:45:20-06:00,,,6,L06g02-2 ipn - villa de aragón,,3,E44599,FFFFFF,,,,,,
metrobus,metrobus_vehicle_positions_enriched,2026-08-25T21:45:44Z,2026-08-25,20260825T214540Z,fcacecad-a783-4fb6-917f-c52edba750df,,19563,0.0,20:47:47,20260825,69393,2320,1230174,19.40228843688965,-99.16829681396484,345.0,21.0,75.60000000000001,,,,1787694332,2026-08-25 15:45:32-06:00,,,2,L02c01-1 tepalcates - tacubaya,,3,8D1A96,FFFFFF,,,,,,
metrobus,metrobus_vehicle_positions_enriched,2026-08-25T21:45:44Z,2026-08-25,20260825T214540Z,31103523-a075-4029-8b96-cbfffc39a435,,19562,1.0,21:16:26,20260825,69390,2317,1240013,19.393373489379883,-99.1337661743164,938.0,21.0,75.60000000000001,,,,1787694322,2026-08-25 15:45:22-06:00,,,2,L02c01-2 tacubaya - tepalcates,,3,8D1A96,FFFFFF,,,,,,
metrobus,metrobus_vehicle_positions_enriched,2026-08-25T21:45:44Z,2026-08-25,20260825T214540Z,4ba88de2-a214-43fc-ade1-daec147c2afa,,19474,0.0,21:33:48,20260825,69389,2316,1240012,19.48508071899414,-99.11888885498047,272.0,26.0,93.60000000000001,,,,1787694320,2026-08-25 15:45:20-06:00,,,6,L06g03-1 dep. 18 de marzo - el rosario,,3,E44599,FFFFFF,,,,,,
metrobus,metrobus_vehicle_positions_enriched,2026-08-25T21:45:44Z,2026-08-25,20260825T214540Z,80ad3ae7-2f53-4514-8eb9-7961138be4c6,,19471,1.0,21:31:45,20260825,69388,2315,1240011,19.496971130371094,-99.16268157958984,102.0,27.0,97.2,,,,1787694331,2026-08-25 15:45:31-06:00,,,6,L06g01-2 el rosario - villa de aragón,,3,E44599,FFFFFF,,,,,,
metrobus,metrobus_vehicle_positions_enriched,2026-08-25T21:45:44Z,2026-08-25,20260825T214540Z,4f42ad13-35b7-4a3f-82e0-71101339ef18,,19470,0.0,21:05:15,20260825,69387,2314,1240010,19.490175247192383,-99.13179016113281,292.0,26.0,93.60000000000001,,,,1787694325,2026-08-25 15:45:25-06:00,,,6,L06g01-1 villa de aragón - el rosario,,3,E44599,FFFFFF,,,,,,
metrobus,metrobus_vehicle_positions_enriched,2026-08-25T21:45:44Z,2026-08-25,20260825T214540Z,b0deab37-776c-4809-8b67-9072901c2a8f,,19564,0.0,21:07:33,20260825,69386,2313,1240009,19.398164749145508,-99.12252044677734,268.0,17.0,61.2,,,,1787694327,2026-08-25 15:45:27-06:00,,,2,L02c02-1 tepalcates - etiopía l3,,3,8D1A96,FFFFFF,,,,,,
metrobus,metrobus_vehicle_positions_enriched,2026-08-25T21:45:44Z,2026-08-25,20260825T214540Z,5be0ea6f-2567-4faa-b914-f7674585751a,,19471,1.0,21:22:03,20260825,69385,2312,1240008,19.490440368652344,-99.13274383544922,111.0,10.0,36.0,,,,1787694324,2026-08-25 15:45:24-06:00,,,6,L06g01-2 el rosario - villa de aragón,,3,E44599,FFFFFF,,,,,,
metrobus,metrobus_vehicle_positions_enriched,2026-08-25T21:45:44Z,2026-08-25,20260825T214540Z,01c4f9e1-2b34-434d-a4a0-e523e0bb6d16,,19471,1.0,20:52:55,20260825,69383,2310,1240006,19.467317581176758,-99.08094024658203,104.0,9.0,32.4,,,,1787694324,2026-08-25 15:45:24-06:00,,,6,L06g01-2 el rosario - villa de aragón,,3,E44599,FFFFFF,,,,,,
metrobus,metrobus_vehicle_positions_enriched,2026-08-25T21:45:44Z,2026-08-25,20260825T214540Z,4004e7e2-95e9-43b8-9283-d70ee2e6687f,,19472,1.0,21:17:58,20260825,69198,800,1320055,19.470613479614258,-99.08614349365234,150.0,18.0,64.8,,,,1787694320,2026-08-25 15:45:20-06:00,,,6,L06g02-2 ipn - villa de aragón,,3,E44599,FFFFFF,,,,,,
metrobus,metrobus_vehicle_positions_enriched,2026-08-25T21:45:44Z,2026-08-25,20260825T214540Z,a9540635-3e61-478c-867c-f06d8bbca67e,,19578,0.0,20:50:40,20260825,69886,801,1280065,19.42568016052246,-99.1902847290039,282.0,15.0,54.0,,,,1787694324,2026-08-25 15:45:24-06:00,,,7,L07h02-1 hospital infantil - campo marte,,3,116633,FFFFFF,,,,,,
metrobus,metrobus_vehicle_positions_enriched,2026-08-25T21:45:44Z,2026-08-25,20260825T214540Z,230260e2-a362-4e84-bf3b-b3cd62061864,,19577,1.0,20:36:21,20260825,69887,802,1280066,19.491979598999023,-99.12004852294922,323.0,0.0,0.0,,,,1787694324,2026-08-25 15:45:24-06:00,,,7,L07h01-2 campo marte - indios verdes,,3,116633,FFFFFF,,,,,,
metrobus,metrobus_vehicle_positions_enriched,2026-08-25T21:45:44Z,2026-08-25,20260825T214540Z,0b73f0a7-ae17-46bb-82bb-94e80f5abdb0,,,,,,69888,803,1280067,19.508333206176758,-99.1728744506836,0.0,0.0,0.0,,,,1783013862,2026-07-02 11:37:42-06:00,,,,,,,,,,,,,,
metrobus,metrobus_vehicle_positions_enriched,2026-08-25T21:45:44Z,2026-08-25,20260825T214540Z,ab10fd78-1b34-4497-ae9a-bb535eacb14e,,19576,0.0,21:28:56,20260825,69889,804,1280068,19.45931625366211,-99.12838745117188,199.0,36.0,129.6,,,,1787694330,2026-08-25 15:45:30-06:00,,,7,L07h01-1 indios verdes - campo marte,,3,116633,FFFFFF,,,,,,
metrobus,metrobus_vehicle_positions_enriched,2026-08-25T21:45:44Z,2026-08-25,20260825T214540Z,0229e0c0-96cb-43b2-887e-e8481b562c93,,19577,1.0,20:56:05,20260825,69890,805,1280069,19.470624923706055,-99.12410736083984,196.0,19.0,68.4,,,,1787694333,2026-08-25 15:45:33-06:00,,,7,L07h01-2 campo marte - indios verdes,,3,116633,FFFFFF,,,,,,
metrobus,metrobus_vehicle_positions_enriched,2026-08-25T21:45:44Z,2026-08-25,20260825T214540Z,4a1b0619-3c92-469a-8088-0ee24053f978,,,,,,69392,2319,1230173,19.389564514160156,-99.0584716796875,312.0,0.0,0.0,,,,1787691187,2026-08-25 14:53:07-06:00,,,,,,,,,,,,,,
metrobus,metrobus_vehicle_positions_enriched,2026-08-25T21:45:44Z,2026-08-25,20260825T214540Z,55649706-73c6-43fb-b1e3-8aa9550c9c30,,19583,1.0,21:31:03,20260825,69891,806,1280070,19.433712005615234,-99.1528091430664,656.0,16.0,57.6,,,,1787694322,2026-08-25 15:45:22-06:00,,,7,L07h04-2 la diana - indios verdes,,3,116633,FFFFFF,,,,,,
metrobus,metrobus_vehicle_positions_enriched,2026-08-25T21:45:44Z,2026-08-25,20260825T214540Z,0a631e08-ef4c-4cc9-ab2f-280ad8739d87,,19566,0.0,20:48:57,20260825,69391,2318,1230172,19.400007247924805,-99.16773223876953,346.0,0.0,0.0,,,,1787694327,2026-08-25 15:45:27-06:00,,,2,L02c03-1 tepalcates - col. del valle,,3,8D1A96,FFFFFF,,,,,,
metrobus,metrobus_vehicle_positions_enriched,2026-08-25T21:45:44Z,2026-08-25,20260825T214540Z,b82cfa50-1384-42aa-ac05-59ce53dfc279,,,,,,69892,807,1280071,19.49224281311035,-99.12026977539062,326.0,0.0,0.0,,,,1787694329,2026-08-25 15:45:29-06:00,,,,,,,,,,,,,,
metrobus,metrobus_vehicle_positions_enriched,2026-08-25T21:45:44Z,2026-08-25,20260825T214540Z,77dc6bd1-4861-4711-a6a5-b98097aadd89,,19579,1.0,21:15:14,20260825,69893,808,1280072,19.435344696044922,-99.15017700195312,637.0,0.0,0.0,,,,1787694322,2026-08-25 15:45:22-06:00,,,7,L07h02-2 campo marte - hospital infantil,,3,116633,FFFFFF,,,,,,
metrobus,metrobus_vehicle_positions_enriched,2026-08-25T21:45:44Z,2026-08-25,20260825T214540Z,f3090054-f0e7-4c64-9b1e-52cd86c9482f,,19576,0.0,21:06:58,20260825,69894,809,1280073,19.433698654174805,-99.15367126464844,244.0,26.0,93.60000000000001,,,,1787694371,2026-08-25 15:46:11-06:00,,,7,L07h01-1 indios verdes - campo marte,,3,116633,FFFFFF,,,,,,
metrobus,metrobus_vehicle_positions_enriched,2026-08-25T21:45:44Z,2026-08-25,20260825T214540Z,7cdf074f-dc66-4b5d-9c31-1813d35b8481,,19563,0.0,20:58:35,20260825,69398,2325,1230182,19.394880294799805,-99.14319610595703,278.0,0.0,0.0,,,,1787694333,2026-08-25 15:45:33-06:00,,,2,L02c01-1 tepalcates - tacubaya,,3,8D1A96,FFFFFF,,,,,,
metrobus,metrobus_vehicle_positions_enriched,2026-08-25T21:45:44Z,2026-08-25,20260825T214540Z,5ec55691-1c31-4f20-8ca9-dc7f05598c1f,,,,,,69397,2324,1230180,19.38932991027832,-99.05816650390625,0.0,0.0,0.0,,,,1787694313,2026-08-25 15:45:13-06:00,,,,,,,,,,,,,,
metrobus,metrobus_vehicle_positions_enriched,2026-08-25T21:45:44Z,2026-08-25,20260825T214540Z,d91a2f5a-0908-4ed7-b604-3d15a29b0b9a,,19562,1.0,21:22:27,20260825,69395,2322,1230176,19.3950138092041,-99.1447525024414,100.0,41.0,147.6,,,,1787694333,2026-08-25 15:45:33-06:00,,,2,L02c01-2 tacubaya - tepalcates,,3,8D1A96,FFFFFF,,,,,,
metrobus,metrobus_vehicle_positions_enriched,2026-08-25T21:45:44Z,2026-08-25,20260825T214540Z,e7332613-3975-46ee-b7e6-8f17f441a0de,,19576,0.0,21:34:46,20260825,69895,810,1280074,19.468564987182617,-99.12491607666016,199.0,0.0,0.0,,,,1787694334,2026-08-25 15:45:34-06:00,,,7,L07h01-1 indios verdes - campo marte,,3,116633,FFFFFF,,,,,,
metrobus,metrobus_vehicle_positions_enriched,2026-08-25T21:45:44Z,2026-08-25,20260825T214540Z,40e20893-3593-46f4-a8e9-4700ef369a6a,,19562,1.0,21:09:54,20260825,69394,2321,1230175,19.396886825561523,-99.10041046142578,953.0,4.0,14.4,,,,1787694334,2026-08-25 15:45:34-06:00,,,2,L02c01-2 tacubaya - tepalcates,,3,8D1A96,FFFFFF,,,,,,
metrobus,metrobus_vehicle_positions_enriched,2026-08-25T21:45:44Z,2026-08-25,20260825T214540Z,783119f5-59c4-4d01-a574-e1eebbbb552a,,19576,0.0,20:58:52,20260825,69896,811,1280075,19.43003273010254,-99.1614761352539,245.0,0.0,0.0,,,,1787694335,2026-08-25 15:45:35-06:00,,,7,L07h01-1 indios verdes - campo marte,,3,116633,FFFFFF,,,,,,
metrobus,metrobus_vehicle_positions_enriched,2026-08-25T21:45:44Z,2026-08-25,20260825T214540Z,51148b9b-ea13-463e-91eb-b79381e34dec,,19576,0.0,20:42:53,20260825,69897,812,1280076,19.426353454589844,-99.19477844238281,279.0,0.0,0.0,,,,1787694326,2026-08-25 15:45:26-06:00,,,7,L07h01-1 indios verdes - campo marte,,3,116633,FFFFFF,,,,,,
metrobus,metrobus_vehicle_positions_enriched,2026-08-25T21:45:44Z,2026-08-25,20260825T214540Z,4f3f2280-3a63-4228-992e-d5b8908acdea,,19579,1.0,21:01:07,20260825,69898,813,1280077,19.46625328063965,-99.1257095336914,200.0,0.0,0.0,,,,1787694319,2026-08-25 15:45:19-06:00,,,7,L07h02-2 campo marte - hospital infantil,,3,116633,FFFFFF,,,,,,
metrobus,metrobus_vehicle_positions_enriched,2026-08-25T21:45:44Z,2026-08-25,20260825T214540Z,de262022-0d70-4c10-8644-5b2050efd7fa,,19577,1.0,20:49:36,20260825,69899,814,1280078,19.480823516845703,-99.1202621459961,191.0,47.0,169.20000000000002,,,,1787694331,2026-08-25 15:45:31-06:00,,,7,L07h01-2 campo marte - indios verdes,,3,116633,FFFFFF,,,,,,
metrobus,metrobus_vehicle_positions_enriched,2026-08-25T21:45:44Z,2026-08-25,20260825T214540Z,a7357b70-1d6a-4e7a-950c-aa637f3948fb,,19576,0.0,20:50:58,20260825,69900,815,1280079,19.423757553100586,-99.17802429199219,282.0,47.0,169.20000000000002,,,,1787694327,2026-08-25 15:45:27-06:00,,,7,L07h01-1 indios verdes - campo marte,,3,116633,FFFFFF,,,,,,
metrobus,metrobus_vehicle_positions_enriched,2026-08-25T21:45:44Z,2026-08-25,20260825T214540Z,c4205fd4-e6c2-4b7d-8383-07812317b9ed,,,,,,69901,816,1280080,19.492408752441406,-99.12066650390625,143.0,0.0,0.0,,,,1787688501,2026-08-25 14:08:21-06:00,,,,,,,,,,,,,,
metrobus,metrobus_vehicle_positions_enriched,2026-08-25T21:45:44Z,2026-08-25,20260825T214540Z,070646ff-2d24-4e15-9c4c-7a60cca253d0,,19577,1.0,21:38:43,20260825,69902,817,1280081,19.4239501953125,-99.18080139160156,100.0,8.0,28.8,,,,1787694330,2026-08-25 15:45:30-06:00,,,7,L07h01-2 campo marte - indios verdes,,3,116633,FFFFFF,,,,,,
metrobus,metrobus_vehicle_positions_enriched,2026-08-25T21:45:44Z,2026-08-25,20260825T214540Z,2e09cd09-5669-4716-afbe-b51fec8f3269,,19576,0.0,21:21:02,20260825,69903,818,1280082,19.44918441772461,-99.13414764404297,217.0,0.0,0.0,,,,1787694324,2026-08-25 15:45:24-06:00,,,7,L07h01-1 indios verdes - campo marte,,3,116633,FFFFFF,,,,,,
metrobus,metrobus_vehicle_positions_enriched,2026-08-25T21:45:44Z,2026-08-25,20260825T214540Z,30547434-a617-4f12-85d1-ab69056ac350,,19576,0.0,21:42:53,20260825,69904,819,1280083,19.485523223876953,-99.11843872070312,198.0,38.0,136.8,,,,1787694324,2026-08-25 15:45:24-06:00,,,7,L07h01-1 indios verdes - campo marte,,3,116633,FFFFFF,,,,,,
metrobus,metrobus_vehicle_positions_enriched,2026-08-25T21:45:44Z,2026-08-25,20260825T214540Z,46726d74-feb1-437b-bee9-ef304b0dacda,,19500,1.0,21:23:27,20260825,69957,1253,1230122,19.34117889404297,-99.18983459472656,199.0,13.0,46.800000000000004,,,,1787694323,2026-08-25 15:45:23-06:00,,,1,L01a07-2 el caminero - indios verdes,,3,D40D0D,FFFFFF,,,,,,
metrobus,metrobus_vehicle_positions_enriched,2026-08-25T21:45:44Z,2026-08-25,20260825T214540Z,0f42ba20-6383-4493-a0ea-6b335707a5d5,,19567,1.0,21:15:19,20260825,70106,2342,1250020,19.397809982299805,-99.12926483154297,747.0,0.0,0.0,,,,1787694327,2026-08-25 15:45:27-06:00,,,2,L02c03-2 col. del valle - tepalcates,,3,8D1A96,FFFFFF,,,,,,
metrobus,metrobus_vehicle_positions_enriched,2026-08-25T21:45:44Z,2026-08-25,20260825T214540Z,1b2a3866-96e3-40e4-8e0f-3d08e9f56562,,19562,1.0,20:37:06,20260825,70105,2341,1250019,19.393531799316406,-99.05094909667969,120.0,8.0,28.8,,,,1787694325,2026-08-25 15:45:25-06:00,,,2,L02c01-2 tacubaya - tepalcates,,3,8D1A96,FFFFFF,,,,,,
metrobus,metrobus_vehicle_positions_enriched,2026-08-25T21:45:44Z,2026-08-25,20260825T214540Z,bc9cf8d3-4c4f-4fe0-a6ba-b41b96b48cc6,,19497,0.0,20:48:26,20260825,69956,1252,1230120,19.35174560546875,-99.1861572265625,197.0,0.0,0.0,,,,1787694325,2026-08-25 15:45:25-06:00,,,1,L01a03-1 buenavista - el caminero,,3,D40D0D,FFFFFF,,,,,,
metrobus,metrobus_vehicle_positions_enriched,2026-08-25T21:45:44Z,2026-08-25,20260825T214540Z,8b7d8d99-6774-45b9-99a9-1a54064dbf5f,,19567,1.0,21:34:23,20260825,70104,2340,1250018,19.40078353881836,-99.16799926757812,165.0,0.0,0.0,,,,1787694326,2026-08-25 15:45:26-06:00,,,2,L02c03-2 col. del valle - tepalcates,,3,8D1A96,FFFFFF,,,,,,
metrobus,metrobus_vehicle_positions_enriched,2026-08-25T21:45:44Z,2026-08-25,20260825T214540Z,b9c4a6f2-72fc-4028-ac2c-8705da3aa257,,19500,1.0,21:30:19,20260825,69955,1251,1230119,19.308107376098633,-99.18657684326172,353.0,46.0,165.6,,,,1787694323,2026-08-25 15:45:23-06:00,,,1,L01a07-2 el caminero - indios verdes,,3,D40D0D,FFFFFF,,,,,,
metrobus,metrobus_vehicle_positions_enriched,2026-08-25T21:45:44Z,2026-08-25,20260825T214540Z,256e2fd5-599c-455c-ba59-421146bc7cc7,,19565,1.0,21:36:04,20260825,70103,2339,1250017,19.394386291503906,-99.14058685302734,991.0,15.0,54.0,,,,1787694323,2026-08-25 15:45:23-06:00,,,2,L02c02-2 etiopía l3 - tepalcates,,3,8D1A96,FFFFFF,,,,,,
metrobus,metrobus_vehicle_positions_enriched,2026-08-25T21:45:44Z,2026-08-25,20260825T214540Z,206c93a8-3c49-4fee-9957-9808aac2580b,,19567,1.0,20:49:00,20260825,69401,2337,1230170,19.388050079345703,-99.05996704101562,850.0,44.0,158.4,,,,1787694330,2026-08-25 15:45:30-06:00,,,2,L02c03-2 col. del valle - tepalcates,,3,8D1A96,FFFFFF,,,,,,
metrobus,metrobus_vehicle_positions_enriched,2026-08-25T21:45:44Z,2026-08-25,20260825T214540Z,1380bb18-fcbd-440f-926a-4caf335c5887,,19562,1.0,21:06:13,20260825,69400,2336,1230187,19.39667510986328,-99.09678649902344,965.0,28.0,100.8,,,,1787694323,2026-08-25 15:45:23-06:00,,,2,L02c01-2 tacubaya - tepalcates,,3,8D1A96,FFFFFF,,,,,,
metrobus,metrobus_vehicle_positions_enriched,2026-08-25T21:45:44Z,2026-08-25,20260825T214540Z,c1495136-e360-4801-9d97-5395bcf76622,,19567,1.0,21:29:04,20260825,69399,2335,1230184,19.39614486694336,-99.15953063964844,942.0,41.0,147.6,,,,1787694319,2026-08-25 15:45:19-06:00,,,2,L02c03-2 col. del valle - tepalcates,,3,8D1A96,FFFFFF,,,,,,
metrobus,metrobus_vehicle_positions_enriched,2026-08-25T21:45:44Z,2026-08-25,20260825T214540Z,a262b5b6-5ff6-41e4-ada9-18e6e0566dba,,19576,0.0,21:25:00,20260825,69905,820,1280084,19.453704833984375,-99.13064575195312,207.0,0.0,0.0,,,,1787694320,2026-08-25 15:45:20-06:00,,,7,L07h01-1 indios verdes - campo marte,,3,116633,FFFFFF,,,,,,
metrobus,metrobus_vehicle_positions_enriched,2026-08-25T21:45:44Z,2026-08-25,20260825T214540Z,6ba75ed4-63ac-4122-a18e-5b128bf028fc,,,,,,69906,821,1280085,19.427143096923828,-99.20020294189453,279.0,0.0,0.0,,,,1787694315,2026-08-25 15:45:15-06:00,,,,,,,,,,,,,,
metrobus,metrobus_vehicle_positions_enriched,2026-08-25T21:45:44Z,2026-08-25,20260825T214540Z,8ca0f565-5af5-409b-8aee-5959b0eb7bdc,,19579,1.0,21:33:47,20260825,69907,822,1280086,19.425434112548828,-99.17127227783203,612.0,15.0,54.0,,,,1787694335,2026-08-25 15:45:35-06:00,,,7,L07h02-2 campo marte - hospital infantil,,3,116633,FFFFFF,,,,,,
metrobus,metrobus_vehicle_positions_enriched,2026-08-25T21:45:44Z,2026-08-25,20260825T214540Z,9717abad-3c94-4cd8-9fb1-90b88649e6a9,,19582,0.0,21:07:06,20260825,69908,823,1280087,19.435985565185547,-99.14923095703125,241.0,8.0,28.8,,,,1787694331,2026-08-25 15:45:31-06:00,,,7,L07h04-1 indios verdes - la diana,,3,116633,FFFFFF,,,,,,
metrobus,metrobus_vehicle_positions_enriched,2026-08-25T21:45:44Z,2026-08-25,20260825T214540Z,2bc43039-e2ba-42b7-b273-311e0d54f265,,19577,1.0,21:34:01,20260825,69909,824,1280088,19.424999237060547,-99.17217254638672,645.0,7.0,25.2,,,,1787694334,2026-08-25 15:45:34-06:00,,,7,L07h01-2 campo marte - indios verdes,,3,116633,FFFFFF,,,,,,
metrobus,metrobus_vehicle_positions_enriched,2026-08-25T21:45:44Z,2026-08-25,20260825T214540Z,bd819131-d29a-4042-b8d8-8342718350dc,,19576,0.0,21:15:21,20260825,69910,825,1280089,19.44434356689453,-99.13958740234375,231.0,0.0,0.0,,,,1787694329,2026-08-25 15:45:29-06:00,,,7,L07h01-1 indios verdes - campo marte,,3,116633,FFFFFF,,,,,,
metrobus,metrobus_vehicle_positions_enriched,2026-08-25T21:45:44Z,2026-08-25,20260825T214540Z,3b0c0b27-cad4-47a2-8057-2f83f6050784,,19576,0.0,21:05:00,20260825,69911,826,1280090,19.43264389038086,-99.15599822998047,244.0,0.0,0.0,,,,1787694325,2026-08-25 15:45:25-06:00,,,7,L07h01-1 indios verdes - campo marte,,3,116633,FFFFFF,,,,,,
metrobus,metrobus_vehicle_positions_enriched,2026-08-25T21:45:44Z,2026-08-25,20260825T214540Z,309e228d-6639-42ef-bb0f-897f77ca8315,,19577,1.0,21:01:22,20260825,69912,827,1280091,19.460649490356445,-99.12786865234375,212.0,0.0,0.0,,,,1787694333,2026-08-25 15:45:33-06:00,,,7,L07h01-2 campo marte - indios verdes,,3,116633,FFFFFF,,,,,,
metrobus,metrobus_vehicle_positions_enriched,2026-08-25T21:45:44Z,2026-08-25,20260825T214540Z,1efe7431-08df-47af-a55d-9cca984cd1e5,,19579,1.0,20:47:41,20260825,69913,828,1280092,19.481897354125977,-99.11983489990234,202.0,50.0,180.0,,,,1787694335,2026-08-25 15:45:35-06:00,,,7,L07h02-2 campo marte - hospital infantil,,3,116633,FFFFFF,,,,,,
metrobus,metrobus_vehicle_positions_enriched,2026-08-25T21:45:44Z,2026-08-25,20260825T214540Z,c25b6bec-0407-4a80-864d-bdd7b78f5e22,,19577,1.0,21:12:42,20260825,69914,829,1280093,19.436521530151367,-99.14781188964844,563.0,4.0,14.4,,,,1787694320,2026-08-25 15:45:20-06:00,,,7,L07h01-2 campo marte - indios verdes,,3,116633,FFFFFF,,,,,,
metrobus,metrobus_vehicle_positions_enriched,2026-08-25T21:45:44Z,2026-08-25,20260825T214540Z,09f1c544-3c53-4eb7-be00-89053505671b,,19565,1.0,20:56:02,20260825,69695,2353,1250032,19.3967342376709,-99.05653381347656,120.0,0.0,0.0,,,,1787694330,2026-08-25 15:45:30-06:00,,,2,L02c02-2 etiopía l3 - tepalcates,,3,8D1A96,FFFFFF,,,,,,
metrobus,metrobus_vehicle_positions_enriched,2026-08-25T21:45:44Z,2026-08-25,20260825T214540Z,9d3077aa-b9e7-4ab9-b375-2500b35c630a,,,,,,69463,1022,1230063,19.497209548950195,-99.12007141113281,954.0,8.0,28.8,,,,1787694327,2026-08-25 15:45:27-06:00,,,,,,,,,,,,,,
metrobus,metrobus_vehicle_positions_enriched,2026-08-25T21:45:44Z,2026-08-25,20260825T214540Z,f730bb9b-a75c-4c7d-860f-1100b2b016c9,,19499,0.0,21:44:57,20260825,69968,1264,1230128,19.492198944091797,-99.12046813964844,198.0,47.0,169.20000000000002,,,,1787694328,2026-08-25 15:45:28-06:00,,,1,L01a07-1 indios verdes - el caminero,,3,D40D0D,FFFFFF,,,,,,
metrobus,metrobus_vehicle_positions_enriched,2026-08-25T21:45:44Z,2026-08-25,20260825T214540Z,3890b0ce-b71d-47b6-9d70-976b999cdef2,,19498,1.0,20:51:39,20260825,69462,1021,1230062,19.412891387939453,-99.16622161865234,172.0,39.0,140.4,,,,1787694327,2026-08-25 15:45:27-06:00,,,1,L01a03-2 el caminero - buenavista,,3,D40D0D,FFFFFF,,,,,,
metrobus,metrobus_vehicle_positions_enriched,2026-08-25T21:45:44Z,2026-08-25,20260825T214540Z,f4aebb76-9190-4b90-a108-cde6802595cd,,19564,0.0,21:12:33,20260825,69694,2352,1250128,19.3969783782959,-99.10028076171875,272.0,0.0,0.0,,,,1787694297,2026-08-25 15:44:57-06:00,,,2,L02c02-1 tepalcates - etiopía l3,,3,8D1A96,FFFFFF,,,,,,
metrobus,metrobus_vehicle_positions_enriched,2026-08-25T21:45:44Z,2026-08-25,20260825T214540Z,685f1f85-3c45-46ef-88ac-52c911de2224,,19497,0.0,21:27:56,20260825,69967,1263,1230127,19.427797317504883,-99.16119384765625,200.0,6.0,21.6,,,,1787694330,2026-08-25 15:45:30-06:00,,,1,L01a03-1 buenavista - el caminero,,3,D40D0D,FFFFFF,,,,,,
metrobus,metrobus_vehicle_positions_enriched,2026-08-25T21:45:44Z,2026-08-25,20260825T214540Z,fa531700-198e-422f-a573-de7efd85d377,,19983,1.0,21:21:13,20260825,69693,2351,EXTRAVIADA,19.387130737304688,-99.17466735839844,157.0,51.0,183.6,,,,1787694319,2026-08-25 15:45:19-06:00,,,1,L21c21-2 dr. gálvez - rojo gómez,,3,42A76B,FFFFFF,,,,,,
metrobus,metrobus_vehicle_positions_enriched,2026-08-25T21:45:44Z,2026-08-25,20260825T214540Z,81e40901-4fc6-4b6b-995f-a30b3b698ee5,,19498,1.0,20:27:33,20260825,69461,1020,1230061,19.440807342529297,-99.1551742553711,205.0,26.0,93.60000000000001,,,,1787694321,2026-08-25 15:45:21-06:00,,,1,L01a03-2 el caminero - buenavista,,3,D40D0D,FFFFFF,,,,,,
metrobus,metrobus_vehicle_positions_enriched,2026-08-25T21:45:44Z,2026-08-25,20260825T214540Z,747911ac-4e4a-4c6c-89f2-609f9fd0476a,,,,,,69966,1262,1230123,19.498960494995117,-99.11946105957031,197.0,0.0,0.0,,,,1787694330,2026-08-25 15:45:30-06:00,,,,,,,,,,,,,,
metrobus,metrobus_vehicle_positions_enriched,2026-08-25T21:45:44Z,2026-08-25,20260825T214540Z,52a4cc03-4f9c-44cf-aa83-f28213c73e34,,19563,0.0,21:32:13,20260825,70111,2350,1250010,19.382795333862305,-99.06182861328125,281.0,18.0,64.8,,,,1787694331,2026-08-25 15:45:31-06:00,,,2,L02c01-1 tepalcates - tacubaya,,3,8D1A96,FFFFFF,,,,,,
metrobus,metrobus_vehicle_positions_enriched,2026-08-25T21:45:44Z,2026-08-25,20260825T214540Z,8f064118-1910-4981-8891-32a048725ea9,,,,,,69965,1261,1230116,19.49497413635254,-99.11937713623047,119.0,29.0,104.4,,,,1787694332,2026-08-25 15:45:32-06:00,,,,,,,,,,,,,,
metrobus,metrobus_vehicle_positions_enriched,2026-08-25T21:45:44Z,2026-08-25,20260825T214540Z,f78935d2-00ed-476e-a351-5bd8f3933310,,,,,,69964,1260,1230143,19.446399688720703,-99.15169525146484,283.0,0.0,0.0,,,,1787694327,2026-08-25 15:45:27-06:00,,,,,,,,,,,,,,
metrobus,metrobus_vehicle_positions_enriched,2026-08-25T21:45:44Z,2026-08-25,20260825T214540Z,983b3adb-815a-436a-ba5a-9e4c07ce9288,,19497,0.0,21:08:18,20260825,69460,1019,1230060,19.401329040527344,-99.17011260986328,196.0,28.0,100.8,,,,1787694325,2026-08-25 15:45:25-06:00,,,1,L01a03-1 buenavista - el caminero,,3,D40D0D,FFFFFF,,,,,,
metrobus,metrobus_vehicle_positions_enriched,2026-08-25T21:45:44Z,2026-08-25,20260825T214540Z,fe663def-e39a-45cf-a07c-cd802ca87058,,19498,1.0,20:45:49,20260825,69459,1018,1230059,19.416940689086914,-99.1649169921875,175.0,19.0,68.4,,,,1787694323,2026-08-25 15:45:23-06:00,,,1,L01a03-2 el caminero - buenavista,,3,D40D0D,FFFFFF,,,,,,
metrobus,metrobus_vehicle_positions_enriched,2026-08-25T21:45:44Z,2026-08-25,20260825T214540Z,00581c67-6c97-4f11-a239-8cda2e62c21b,,19566,0.0,20:44:45,20260825,70110,2349,1250027,19.402660369873047,-99.16840362548828,345.0,0.0,0.0,,,,1787694331,2026-08-25 15:45:31-06:00,,,2,L02c03-1 tepalcates - col. del valle,,3,8D1A96,FFFFFF,,,,,,
metrobus,metrobus_vehicle_positions_enriched,2026-08-25T21:45:44Z,2026-08-25,20260825T214540Z,30e60688-1629-4877-be77-13866138d5b5,,19563,0.0,21:35:43,20260825,70109,2348,1250026,19.388158798217773,-99.06006622314453,189.0,18.0,64.8,,,,1787694331,2026-08-25 15:45:31-06:00,,,2,L02c01-1 tepalcates - tacubaya,,3,8D1A96,FFFFFF,,,,,,
metrobus,metrobus_vehicle_positions_enriched,2026-08-25T21:45:44Z,2026-08-25,20260825T214540Z,c1bbaaac-d4e5-432c-96c1-1e4df8edad4e,,19497,0.0,20:57:06,20260825,69963,1259,1230142,19.379283905029297,-99.17727661132812,197.0,2.0,7.2,,,,1787694334,2026-08-25 15:45:34-06:00,,,1,L01a03-1 buenavista - el caminero,,3,D40D0D,FFFFFF,,,,,,
metrobus,metrobus_vehicle_positions_enriched,2026-08-25T21:45:44Z,2026-08-25,20260825T214540Z,652a9184-390e-4ac6-a096-532dae914f2c,,19565,1.0,20:56:12,20260825,70108,2347,1250025,19.397445678710938,-99.05756378173828,118.0,32.0,115.2,,,,1787694325,2026-08-25 15:45:25-06:00,,,2,L02c02-2 etiopía l3 - tepalcates,,3,8D1A96,FFFFFF,,,,,,
metrobus,metrobus_vehicle_positions_enriched,2026-08-25T21:45:44Z,2026-08-25,20260825T214540Z,9782488e-d0cf-4de9-89a6-24df1844e0b6,,19498,1.0,20:53:51,20260825,69962,1258,1230141,19.403133392333984,-99.16937255859375,17.0,0.0,0.0,,,,1787694330,2026-08-25 15:45:30-06:00,,,1,L01a03-2 el caminero - buenavista,,3,D40D0D,FFFFFF,,,,,,
metrobus,metrobus_vehicle_positions_enriched,2026-08-25T21:45:44Z,2026-08-25,20260825T214540Z,16ec8dee-7973-4f2f-b29d-ce6de7831232,,19563,0.0,21:10:48,20260825,70107,2346,1250024,19.39789581298828,-99.10957336425781,279.0,8.0,28.8,,,,1787694329,2026-08-25 15:45:29-06:00,,,2,L02c01-1 tepalcates - tacubaya,,3,8D1A96,FFFFFF,,,,,,
metrobus,metrobus_vehicle_positions_enriched,2026-08-25T21:45:44Z,2026-08-25,20260825T214540Z,9c4dde25-d80d-4b7f-ae33-a2d01eaa4ccd,,19500,1.0,20:56:49,20260825,69961,1257,1230132,19.391220092773438,-99.17320251464844,171.0,46.0,165.6,,,,1787694332,2026-08-25 15:45:32-06:00,,,1,L01a07-2 el caminero - indios verdes,,3,D40D0D,FFFFFF,,,,,,
metrobus,metrobus_vehicle_positions_enriched,2026-08-25T21:45:44Z,2026-08-25,20260825T214540Z,c9ebda71-981f-41e0-9c6d-a56d2b4fa555,,,,,,70002,1015,1210367,19.385635375976562,-99.04570007324219,119.0,0.0,0.0,,,,1787269966,2026-08-20 17:52:46-06:00,,,,,,,,,,,,,,
metrobus,metrobus_vehicle_positions_enriched,2026-08-25T21:45:44Z,2026-08-25,20260825T214540Z,4b5a3b50-c580-4789-8564-57d4660d7ad1,,19498,1.0,20:41:55,20260825,69960,1256,1230130,19.42104721069336,-99.16368865966797,165.0,32.0,115.2,,,,1787694327,2026-08-25 15:45:27-06:00,,,1,L01a03-2 el caminero - buenavista,,3,D40D0D,FFFFFF,,,,,,
metrobus,metrobus_vehicle_positions_enriched,2026-08-25T21:45:44Z,2026-08-25,20260825T214540Z,b32551f4-779d-4991-92cd-54df0acc8bba,,,,,,69915,830,1280094,19.495586395263672,-99.15433502197266,159.0,29.0,104.4,,,,1787571447,2026-08-24 05:37:27-06:00,,,,,,,,,,,,,,
metrobus,metrobus_vehicle_positions_enriched,2026-08-25T21:45:44Z,2026-08-25,20260825T214540Z,a45fdc54-c8f2-4883-801c-dc705e2f518a,,19562,1.0,20:48:44,20260825,70079,2345,1250022,19.38332748413086,-99.0606689453125,680.0,0.0,0.0,,,,1787694329,2026-08-25 15:45:29-06:00,,,2,L02c01-2 tacubaya - tepalcates,,3,8D1A96,FFFFFF,,,,,,
metrobus,metrobus_vehicle_positions_enriched,2026-08-25T21:45:44Z,2026-08-25,20260825T214540Z,6c43a625-fabe-400e-8f36-543b375fe971,,19566,0.0,21:31:28,20260825,70078,2344,1250023,19.382238388061523,-99.06242370605469,280.0,16.0,57.6,,,,1787694332,2026-08-25 15:45:32-06:00,,,2,L02c03-1 tepalcates - col. del valle,,3,8D1A96,FFFFFF,,,,,,
metrobus,metrobus_vehicle_positions_enriched,2026-08-25T21:45:44Z,2026-08-25,20260825T214540Z,9a1cd97c-71fd-4b7c-bf1d-606bd0e04c9f,,19500,1.0,21:36:43,20260825,69959,1255,1230125,19.29292106628418,-99.17827606201172,294.0,11.0,39.6,,,,1787694330,2026-08-25 15:45:30-06:00,,,1,L01a07-2 el caminero - indios verdes,,3,D40D0D,FFFFFF,,,,,,
metrobus,metrobus_vehicle_positions_enriched,2026-08-25T21:45:44Z,2026-08-25,20260825T214540Z,d836b912-b49a-4406-9054-a02a32c1a2a7,,,,,,69916,831,1280095,19.508258819580078,-99.17233276367188,0.0,0.0,0.0,,,,1783982889,2026-07-13 16:48:09-06:00,,,,,,,,,,,,,,
metrobus,metrobus_vehicle_positions_enriched,2026-08-25T21:45:44Z,2026-08-25,20260825T214540Z,2672ec16-21de-4226-9f93-77200dec615d,,19567,1.0,21:00:08,20260825,70077,2343,1250021,19.385053634643555,-99.07711791992188,124.0,40.0,144.0,,,,1787694335,2026-08-25 15:45:35-06:00,,,2,L02c03-2 col. del valle - tepalcates,,3,8D1A96,FFFFFF,,,,,,
metrobus,metrobus_vehicle_positions_enriched,2026-08-25T21:45:44Z,2026-08-25,20260825T214540Z,93bd95f7-e40c-4e6c-9d9b-b9a55623844a,,,,,,69917,832,1280096,19.435239791870117,-99.15030670166016,649.0,0.0,0.0,,,,1787694333,2026-08-25 15:45:33-06:00,,,,,,,,,,,,,,
metrobus,metrobus_vehicle_positions_enriched,2026-08-25T21:45:44Z,2026-08-25,20260825T214540Z,a1edb8ad-5f58-473c-9ee3-d7e904b218a9,,19498,1.0,20:22:25,20260825,69958,1254,1230124,19.445594787597656,-99.1534423828125,229.0,0.0,0.0,,,,1787694319,2026-08-25 15:45:19-06:00,,,1,L01a03-2 el caminero - buenavista,,3,D40D0D,FFFFFF,,,,,,
metrobus,metrobus_vehicle_positions_enriched,2026-08-25T21:45:44Z,2026-08-25,20260825T214540Z,86617108-b5e2-45b4-8291-d5c51d6287ab,,19577,1.0,21:17:57,20260825,69918,833,1280097,19.432884216308594,-99.15479278564453,729.0,0.0,0.0,,,,1787694320,2026-08-25 15:45:20-06:00,,,7,L07h01-2 campo marte - indios verdes,,3,116633,FFFFFF,,,,,,
metrobus,metrobus_vehicle_positions_enriched,2026-08-25T21:45:44Z,2026-08-25,20260825T214540Z,b5c917d2-37e7-4b55-a3b5-079d63d27a03,,19578,0.0,21:05:17,20260825,69919,834,1280098,19.432743072509766,-99.15585327148438,245.0,3.0,10.8,,,,1787694327,2026-08-25 15:45:27-06:00,,,7,L07h02-1 hospital infantil - campo marte,,3,116633,FFFFFF,,,,,,
metrobus,metrobus_vehicle_positions_enriched,2026-08-25T21:45:44Z,2026-08-25,20260825T214540Z,461509e1-7ed5-44f9-ac59-3f90ddc486a0,,,,,,69920,835,1280099,19.42505645751953,-99.17195129394531,175.0,0.0,0.0,,,,1787694331,2026-08-25 15:45:31-06:00,,,,,,,,,,,,,,
metrobus,metrobus_vehicle_positions_enriched,2026-08-25T21:45:44Z,2026-08-25,20260825T214540Z,7bee9d16-ee55-49f1-99ab-3267301d419b,,,,,,69921,836,1280100,19.427167892456055,-99.20008850097656,280.0,5.0,18.0,,,,1787694328,2026-08-25 15:45:28-06:00,,,,,,,,,,,,,,
metrobus,metrobus_vehicle_positions_enriched,2026-08-25T21:45:44Z,2026-08-25,20260825T214540Z,a575aac2-a4db-4833-8ba4-afc614f9442c,,,,,,69922,837,1280101,19.508237838745117,-99.17214965820312,0.0,0.0,0.0,,,,1786739284,2026-08-14 14:28:04-06:00,,,,,,,,,,,,,,
metrobus,metrobus_vehicle_positions_enriched,2026-08-25T21:45:44Z,2026-08-25,20260825T214540Z,257f100d-770d-42b6-bfbe-cf01bad120f2,,,,,,69923,838,1280152,19.508270263671875,-99.17254638671875,0.0,0.0,0.0,,,,1787690338,2026-08-25 14:38:58-06:00,,,,,,,,,,,,,,
metrobus,metrobus_vehicle_positions_enriched,2026-08-25T21:45:44Z,2026-08-25,20260825T214540Z,e2d5ed81-4a52-437e-aa33-84ae8de51b76,,,,,,69924,839,1280153,19.492586135864258,-99.12045288085938,329.0,0.0,0.0,,,,1787694321,2026-08-25 15:45:21-06:00,,,,,,,,,,,,,,
metrobus,metrobus_vehicle_positions_enriched,2026-08-25T21:45:44Z,2026-08-25,20260825T214540Z,89fc5bcb-e446-4ca9-ab8b-4356c6302af0,,19492,0.0,21:03:17,20260825,69474,1033,1230074,19.418415069580078,-99.16455841064453,195.0,28.0,100.8,,,,1787694329,2026-08-25 15:45:29-06:00,,,1,L01a01-1 indios verdes - dr. gálvez,,3,D40D0D,FFFFFF,,,,,,
metrobus,metrobus_vehicle_positions_enriched,2026-08-25T21:45:44Z,2026-08-25,20260825T214540Z,018a216e-3d70-4489-8632-6fc866a600f8,,19566,0.0,21:41:19,20260825,69706,2364,1250137,19.386302947998047,-99.05393981933594,305.0,17.0,61.2,,,,1787694319,2026-08-25 15:45:19-06:00,,,2,L02c03-1 tepalcates - col. del valle,,3,8D1A96,FFFFFF,,,,,,
metrobus,metrobus_vehicle_positions_enriched,2026-08-25T21:45:44Z,2026-08-25,20260825T214540Z,960e5188-28d1-485c-af92-334e3f844d13,,19562,1.0,21:44:12,20260825,69705,2363,1250121,19.40488052368164,-99.18585205078125,278.0,3.0,10.8,,,,1787694327,2026-08-25 15:45:27-06:00,,,2,L02c01-2 tacubaya - tepalcates,,3,8D1A96,FFFFFF,,,,,,
metrobus,metrobus_vehicle_positions_enriched,2026-08-25T21:45:44Z,2026-08-25,20260825T214540Z,13ac06ef-e388-44db-b64a-9be443d14c16,,19491,1.0,20:42:54,20260825,69473,1032,1230073,19.456544876098633,-99.14960479736328,522.0,35.0,126.0,,,,1787694321,2026-08-25 15:45:21-06:00,,,1,L01a01-2 dr. gálvez - indios verdes,,3,D40D0D,FFFFFF,,,,,,
metrobus,metrobus_vehicle_positions_enriched,2026-08-25T21:45:44Z,2026-08-25,20260825T214540Z,69fc77c2-9c1e-4b8d-ae53-25cda13821d0,,19567,1.0,21:09:07,20260825,69704,2362,1250120,19.396867752075195,-99.09990692138672,926.0,0.0,0.0,,,,1787694331,2026-08-25 15:45:31-06:00,,,2,L02c03-2 col. del valle - tepalcates,,3,8D1A96,FFFFFF,,,,,,
metrobus,metrobus_vehicle_positions_enriched,2026-08-25T21:45:44Z,2026-08-25,20260825T214540Z,3214c1a9-8896-47da-9d34-63801bff5696,,19493,1.0,21:35:48,20260825,69472,1031,1230072,19.43996810913086,-99.15554809570312,246.0,9.0,32.4,,,,1787694329,2026-08-25 15:45:29-06:00,,,1,L01a02-2 insurgentes - indios verdes,,3,D40D0D,FFFFFF,,,,,,
metrobus,metrobus_vehicle_positions_enriched,2026-08-25T21:45:44Z,2026-08-25,20260825T214540Z,cd0cbf78-0c4a-4b75-98a6-2d0b8d219760,,,,,,69703,2361,1250033,19.385875701904297,-99.17500305175781,177.0,16.0,57.6,,,,1787694330,2026-08-25 15:45:30-06:00,,,,,,,,,,,,,,
metrobus,metrobus_vehicle_positions_enriched,2026-08-25T21:45:44Z,2026-08-25,20260825T214540Z,6c5d957b-5f7a-4d04-81da-1c4aa79bac3e,,,,,,69471,1030,1230071,19.341419219970703,-99.18987274169922,189.0,10.0,36.0,,,,1787285860,2026-08-20 22:17:40-06:00,,,,,,,,,,,,,,
metrobus,metrobus_vehicle_positions_enriched,2026-08-25T21:45:44Z,2026-08-25,20260825T214540Z,9639e179-3d33-476c-a81e-42bb4b6b4ed8,,19562,1.0,21:31:37,20260825,69702,2360,1250136,19.39593505859375,-99.15650177001953,942.0,26.0,93.60000000000001,,,,1787694325,2026-08-25 15:45:25-06:00,,,2,L02c01-2 tacubaya - tepalcates,,3,8D1A96,FFFFFF,,,,,,
metrobus,metrobus_vehicle_positions_enriched,2026-08-25T21:45:44Z,2026-08-25,20260825T214540Z,b2cf5e2e-24e0-4fc5-8c8c-b7e9e36a778c,,19497,0.0,20:58:34,20260825,69470,1029,1230070,19.380897521972656,-99.1767578125,197.0,9.0,32.4,,,,1787694286,2026-08-25 15:44:46-06:00,,,1,L01a03-1 buenavista - el caminero,,3,D40D0D,FFFFFF,,,,,,
metrobus,metrobus_vehicle_positions_enriched,2026-08-25T21:45:44Z,2026-08-25,20260825T214540Z,c3641a06-4642-4bdc-975a-5437a33fb5f2,,19499,0.0,21:35:53,20260825,69469,1028,1230069,19.4634952545166,-99.1435546875,213.0,7.0,25.2,,,,1787694331,2026-08-25 15:45:31-06:00,,,1,L01a07-1 indios verdes - el caminero,,3,D40D0D,FFFFFF,,,,,,
metrobus,metrobus_vehicle_positions_enriched,2026-08-25T21:45:44Z,2026-08-25,20260825T214540Z,fcc30844-f22d-4259-9a80-3215c07e58d0,,,,,,69701,2359,1250135,19.38906478881836,-99.05927276611328,0.0,0.0,0.0,,,,1787690592,2026-08-25 14:43:12-06:00,,,,,,,,,,,,,,
metrobus,metrobus_vehicle_positions_enriched,2026-08-25T21:45:44Z,2026-08-25,20260825T214540Z,8720d347-4b9b-4624-9e58-88ac01f1c394,,19498,1.0,21:39:34,20260825,69468,1027,1230068,19.284929275512695,-99.17571258544922,190.0,44.0,158.4,,,,1787694320,2026-08-25 15:45:20-06:00,,,1,L01a03-2 el caminero - buenavista,,3,D40D0D,FFFFFF,,,,,,
metrobus,metrobus_vehicle_positions_enriched,2026-08-25T21:45:44Z,2026-08-25,20260825T214540Z,dc17b7d4-e07d-4ef4-b136-528cff048acb,,19563,0.0,21:01:37,20260825,69700,2358,1250133,19.397968292236328,-99.12777709960938,265.0,39.0,140.4,,,,1787694228,2026-08-25 15:43:48-06:00,,,2,L02c01-1 tepalcates - tacubaya,,3,8D1A96,FFFFFF,,,,,,
metrobus,metrobus_vehicle_positions_enriched,2026-08-25T21:45:44Z,2026-08-25,20260825T214540Z,1d869071-bb3c-437b-a916-6ff2710446dc,,19491,1.0,21:18:53,20260825,69467,1026,1230067,19.396806716918945,-99.17147064208984,166.0,57.0,205.20000000000002,,,,1787694330,2026-08-25 15:45:30-06:00,,,1,L01a01-2 dr. gálvez - indios verdes,,3,D40D0D,FFFFFF,,,,,,
metrobus,metrobus_vehicle_positions_enriched,2026-08-25T21:45:44Z,2026-08-25,20260825T214540Z,5a08852d-b993-495e-8b63-95ff42d4c6ab,,19577,1.0,20:41:29,20260825,69925,840,1280154,19.49125099182129,-99.11958312988281,313.0,0.0,0.0,,,,1787694331,2026-08-25 15:45:31-06:00,,,7,L07h01-2 campo marte - indios verdes,,3,116633,FFFFFF,,,,,,
metrobus,metrobus_vehicle_positions_enriched,2026-08-25T21:45:44Z,2026-08-25,20260825T214540Z,0236ebed-4d38-4c69-8808-0daf614c06e4,,19564,0.0,21:19:21,20260825,69699,2357,1250129,19.38935661315918,-99.0834732055664,304.0,0.0,0.0,,,,1787694328,2026-08-25 15:45:28-06:00,,,2,L02c02-1 tepalcates - etiopía l3,,3,8D1A96,FFFFFF,,,,,,
metrobus,metrobus_vehicle_positions_enriched,2026-08-25T21:45:44Z,2026-08-25,20260825T214540Z,6244538b-e40e-49ad-a640-dc32d74f4743,,,,,,69926,841,1280155,19.492082595825195,-99.12012481689453,324.0,0.0,0.0,,,,1787694321,2026-08-25 15:45:21-06:00,,,,,,,,,,,,,,
metrobus,metrobus_vehicle_positions_enriched,2026-08-25T21:45:44Z,2026-08-25,20260825T214540Z,14eaa91d-3e33-4ee2-89ac-94e513f48f56,,19564,0.0,20:59:45,20260825,69698,2356,1250132,19.393640518188477,-99.13525390625,273.0,34.0,122.4,,,,1787694323,2026-08-25 15:45:23-06:00,,,2,L02c02-1 tepalcates - etiopía l3,,3,8D1A96,FFFFFF,,,,,,
metrobus,metrobus_vehicle_positions_enriched,2026-08-25T21:45:44Z,2026-08-25,20260825T214540Z,4984247f-2428-43c4-9b6a-d710b305cbb6,,,,,,69466,1025,1230066,19.499404907226562,-99.1196517944336,109.0,0.0,0.0,,,,1787692974,2026-08-25 15:22:54-06:00,,,,,,,,,,,,,,
metrobus,metrobus_vehicle_positions_enriched,2026-08-25T21:45:44Z,2026-08-25,20260825T214540Z,81f544cb-a4c5-4a3d-a52a-9e3d22859f06,,19500,1.0,21:16:12,20260825,69971,1267,1230131,19.354724884033203,-99.18511962890625,166.0,0.0,0.0,,,,1787694334,2026-08-25 15:45:34-06:00,,,1,L01a07-2 el caminero - indios verdes,,3,D40D0D,FFFFFF,,,,,,
metrobus,metrobus_vehicle_positions_enriched,2026-08-25T21:45:44Z,2026-08-25,20260825T214540Z,2d78d216-319c-4bbe-9f32-0470d07eb344,,19500,1.0,20:43:09,20260825,69970,1266,1230113,19.417848587036133,-99.16463470458984,147.0,33.0,118.8,,,,1787694323,2026-08-25 15:45:23-06:00,,,1,L01a07-2 el caminero - indios verdes,,3,D40D0D,FFFFFF,,,,,,
metrobus,metrobus_vehicle_positions_enriched,2026-08-25T21:45:44Z,2026-08-25,20260825T214540Z,e180fd89-d43a-4c3d-bb6e-bcd789bb3f78,,19576,0.0,20:38:58,20260825,69927,842,1280156,19.42672348022461,-99.19715881347656,278.0,18.0,64.8,,,,1787694331,2026-08-25 15:45:31-06:00,,,7,L07h01-1 indios verdes - campo marte,,3,116633,FFFFFF,,,,,,
metrobus,metrobus_vehicle_positions_enriched,2026-08-25T21:45:44Z,2026-08-25,20260825T214540Z,79662c5e-b372-4188-9bca-670d818958dc,,19500,1.0,21:15:13,20260825,69465,1024,1230065,19.358539581298828,-99.18388366699219,167.0,9.0,32.4,,,,1787694321,2026-08-25 15:45:21-06:00,,,1,L01a07-2 el caminero - indios verdes,,3,D40D0D,FFFFFF,,,,,,
metrobus,metrobus_vehicle_positions_enriched,2026-08-25T21:45:44Z,2026-08-25,20260825T214540Z,e8022bb1-eab4-465a-9490-7b0075152f3a,,,,,,69697,2355,1250131,19.391332626342773,-99.04803466796875,215.0,0.0,0.0,,,,1787687619,2026-08-25 13:53:39-06:00,,,,,,,,,,,,,,
metrobus,metrobus_vehicle_positions_enriched,2026-08-25T21:45:44Z,2026-08-25,20260825T214540Z,d63e201b-da8b-404c-b536-540b6ec417d0,,19562,1.0,20:54:36,20260825,69696,2354,1250130,19.38446807861328,-99.0763168334961,124.0,0.0,0.0,,,,1787694334,2026-08-25 15:45:34-06:00,,,2,L02c01-2 tacubaya - tepalcates,,3,8D1A96,FFFFFF,,,,,,
metrobus,metrobus_vehicle_positions_enriched,2026-08-25T21:45:44Z,2026-08-25,20260825T214540Z,f25fdfea-4f66-4fc6-b561-41d0132ce399,,19559,0.0,21:36:18,20260825,69544,601,1280001,19.476289749145508,-99.09927368164062,200.0,14.0,50.4,,,,1787694320,2026-08-25 15:45:20-06:00,,,5,L05f05-1 río de los remedios - preparatoria 1,,3,141982,FFFFFF,,,,,,
metrobus,metrobus_vehicle_positions_enriched,2026-08-25T21:45:44Z,2026-08-25,20260825T214540Z,af51520d-6b16-4bab-a56b-c36cd9520538,,19498,1.0,21:04:23,20260825,69464,1023,1230064,19.37447166442871,-99.17861938476562,187.0,11.0,39.6,,,,1787694334,2026-08-25 15:45:34-06:00,,,1,L01a03-2 el caminero - buenavista,,3,D40D0D,FFFFFF,,,,,,
metrobus,metrobus_vehicle_positions_enriched,2026-08-25T21:45:44Z,2026-08-25,20260825T214540Z,b0e21613-061a-4ea7-8b42-5179d77b6b54,,,,,,69928,843,1280157,19.483680725097656,-99.11384582519531,16.0,0.0,0.0,,,,1787694332,2026-08-25 15:45:32-06:00,,,,,,,,,,,,,,
metrobus,metrobus_vehicle_positions_enriched,2026-08-25T21:45:44Z,2026-08-25,20260825T214540Z,3aa6fd3f-99c9-42c0-a2df-6617f14afc98,,19558,1.0,21:10:36,20260825,69545,602,1280002,19.382848739624023,-99.11082458496094,348.0,0.0,0.0,,,,1787694331,2026-08-25 15:45:31-06:00,,,5,L05f05-2 preparatoria 1 - río de los remedios,,3,141982,FFFFFF,,,,,,
metrobus,metrobus_vehicle_positions_enriched,2026-08-25T21:45:44Z,2026-08-25,20260825T214540Z,1e7b93ac-bf45-43c5-b2ec-b507f58330dd,,19578,0.0,21:14:58,20260825,69929,844,1280158,19.49276351928711,-99.12089538574219,0.0,0.0,0.0,,,,1787694320,2026-08-25 15:45:20-06:00,,,7,L07h02-1 hospital infantil - campo marte,,3,116633,FFFFFF,,,,,,
metrobus,metrobus_vehicle_positions_enriched,2026-08-25T21:45:44Z,2026-08-25,20260825T214540Z,65f84e9b-d5f4-4caf-9fce-bd7322941475,,,,,,69930,845,1280159,19.50821876525879,-99.17251586914062,0.0,0.0,0.0,,,,1784540061,2026-07-20 03:34:21-06:00,,,,,,,,,,,,,,
metrobus,metrobus_vehicle_positions_enriched,2026-08-25T21:45:44Z,2026-08-25,20260825T214540Z,947da348-7b0e-4900-ace9-f2f8d19e9255,,19559,0.0,21:44:08,20260825,69546,603,1280003,19.502492904663086,-99.08830261230469,201.0,23.0,82.8,,,,1787694323,2026-08-25 15:45:23-06:00,,,5,L05f05-1 río de los remedios - preparatoria 1,,3,141982,FFFFFF,,,,,,
metrobus,metrobus_vehicle_positions_enriched,2026-08-25T21:45:44Z,2026-08-25,20260825T214540Z,79272806-763f-4a44-98a1-e3d2b99bfc17,,,,,,69931,846,1280160,19.5081787109375,-99.17230987548828,127.0,0.0,0.0,,,,1787694323,2026-08-25 15:45:23-06:00,,,,,,,,,,,,,,
metrobus,metrobus_vehicle_positions_enriched,2026-08-25T21:45:44Z,2026-08-25,20260825T214540Z,ba21b56c-673a-43c5-a8d5-071bda59202f,,19558,1.0,20:28:05,20260825,69548,605,1280005,19.488908767700195,-99.09330749511719,213.0,39.0,140.4,,,,1787694326,2026-08-25 15:45:26-06:00,,,5,L05f05-2 preparatoria 1 - río de los remedios,,3,141982,FFFFFF,,,,,,
metrobus,metrobus_vehicle_positions_enriched,2026-08-25T21:45:44Z,2026-08-25,20260825T214540Z,63359591-d50c-422b-9c25-6ac2139b8d8c,,,,,,69933,848,1280162,19.50809097290039,-99.17214965820312,0.0,0.0,0.0,,,,1787687874,2026-08-25 13:57:54-06:00,,,,,,,,,,,,,,
metrobus,metrobus_vehicle_positions_enriched,2026-08-25T21:45:44Z,2026-08-25,20260825T214540Z,30f116cb-7981-4a48-924a-ad0b9ecc76d4,,19558,1.0,20:35:53,20260825,69549,606,1280006,19.469741821289062,-99.10160064697266,215.0,31.0,111.60000000000001,,,,1787694326,2026-08-25 15:45:26-06:00,,,5,L05f05-2 preparatoria 1 - río de los remedios,,3,141982,FFFFFF,,,,,,
metrobus,metrobus_vehicle_positions_enriched,2026-08-25T21:45:44Z,2026-08-25,20260825T214540Z,b66e120a-6f63-4a91-bf12-96f7c7aa6642,,20211,0.0,21:32:11,20260825,69550,607,1280007,19.46735191345215,-99.10301971435547,201.0,0.0,0.0,,,,1787694330,2026-08-25 15:45:30-06:00,,,5,L05f03-1 río de los remedios - las bombas,,3,141982,FFFFFF,,,,,,
metrobus,metrobus_vehicle_positions_enriched,2026-08-25T21:45:44Z,2026-08-25,20260825T214540Z,f657e870-0270-423a-8b2d-760ac2d17e90,,,,,,69552,609,1280009,19.44906234741211,-99.11048126220703,299.0,34.0,122.4,,,,1787694141,2026-08-25 15:42:21-06:00,,,,,,,,,,,,,,
metrobus,metrobus_vehicle_positions_enriched,2026-08-25T21:45:44Z,2026-08-25,20260825T214540Z,8506ae16-e013-43d5-975b-af0786f2a6cf,,19563,0.0,20:44:27,20260825,69717,2375,1250118,19.40403938293457,-99.17252349853516,288.0,39.0,140.4,,,,1787694328,2026-08-25 15:45:28-06:00,,,2,L02c01-1 tepalcates - tacubaya,,3,8D1A96,FFFFFF,,,,,,
metrobus,metrobus_vehicle_positions_enriched,2026-08-25T21:45:44Z,2026-08-25,20260825T214540Z,b49324bc-1a00-4452-8111-657e18797417,,19500,1.0,21:18:33,20260825,69485,1044,1230085,19.350982666015625,-99.18631744384766,165.0,0.0,0.0,,,,1787694333,2026-08-25 15:45:33-06:00,,,1,L01a07-2 el caminero - indios verdes,,3,D40D0D,FFFFFF,,,,,,
metrobus,metrobus_vehicle_positions_enriched,2026-08-25T21:45:44Z,2026-08-25,20260825T214540Z,b0e49d95-ada8-41bb-b4f6-14db217b7099,,19984,0.0,21:07:15,20260825,69716,2374,1250039,19.395334243774414,-99.14703369140625,273.0,0.0,0.0,,,,1787694325,2026-08-25 15:45:25-06:00,,,1,L21c21-1 rojo gómez - dr. gálvez,,3,42A76B,FFFFFF,,,,,,
metrobus,metrobus_vehicle_positions_enriched,2026-08-25T21:45:44Z,2026-08-25,20260825T214540Z,8277292e-fbc6-4d59-81e8-db657ff4c5de,,19491,1.0,21:45:07,20260825,69484,1043,1230084,19.34177589416504,-99.18959045410156,187.0,35.0,126.0,,,,1787694322,2026-08-25 15:45:22-06:00,,,1,L01a01-2 dr. gálvez - indios verdes,,3,D40D0D,FFFFFF,,,,,,
metrobus,metrobus_vehicle_positions_enriched,2026-08-25T21:45:44Z,2026-08-25,20260825T214540Z,716db28b-04b0-4fbb-adce-8b3547d0ad73,,,,,,69483,1042,1230083,19.49989128112793,-99.11955261230469,282.0,0.0,0.0,,,,1787694332,2026-08-25 15:45:32-06:00,,,,,,,,,,,,,,
metrobus,metrobus_vehicle_positions_enriched,2026-08-25T21:45:44Z,2026-08-25,20260825T214540Z,38512c2c-c7b2-4681-aac7-d4e10103a668,,19567,1.0,20:49:38,20260825,69715,2373,1250038,19.386743545532227,-99.06017303466797,910.0,26.0,93.60000000000001,,,,1787694334,2026-08-25 15:45:34-06:00,,,2,L02c03-2 col. del valle - tepalcates,,3,8D1A96,FFFFFF,,,,,,
metrobus,metrobus_vehicle_positions_enriched,2026-08-25T21:45:44Z,2026-08-25,20260825T214540Z,9c8eaa2b-c9f0-46bb-8d57-5c87c9406e49,,19566,0.0,20:39:36,20260825,69714,2372,1250037,19.392160415649414,-99.1729736328125,196.0,16.0,57.6,,,,1787694327,2026-08-25 15:45:27-06:00,,,2,L02c03-1 tepalcates - col. del valle,,3,8D1A96,FFFFFF,,,,,,
metrobus,metrobus_vehicle_positions_enriched,2026-08-25T21:45:44Z,2026-08-25,20260825T214540Z,4e05debd-c935-4b06-ad0b-045664346f98,,19499,0.0,20:56:00,20260825,69482,1041,1230082,19.404903411865234,-99.16893768310547,197.0,30.0,108.0,,,,1787694322,2026-08-25 15:45:22-06:00,,,1,L01a07-1 indios verdes - el caminero,,3,D40D0D,FFFFFF,,,,,,
metrobus,metrobus_vehicle_positions_enriched,2026-08-25T21:45:44Z,2026-08-25,20260825T214540Z,58d39aff-6cca-4632-9f8a-f8423fa308f7,,19563,0.0,21:39:21,20260825,69713,2371,1250036,19.38894271850586,-99.05792999267578,304.0,15.0,54.0,,,,1787694322,2026-08-25 15:45:22-06:00,,,2,L02c01-1 tepalcates - tacubaya,,3,8D1A96,FFFFFF,,,,,,
metrobus,metrobus_vehicle_positions_enriched,2026-08-25T21:45:44Z,2026-08-25,20260825T214540Z,50412a76-5345-4830-83f1-4dd0884c161b,,19492,0.0,21:15:22,20260825,69481,1040,1230081,19.42824363708496,-99.16106414794922,199.0,10.0,36.0,,,,1787694328,2026-08-25 15:45:28-06:00,,,1,L01a01-1 indios verdes - dr. gálvez,,3,D40D0D,FFFFFF,,,,,,
metrobus,metrobus_vehicle_positions_enriched,2026-08-25T21:45:44Z,2026-08-25,20260825T214540Z,07b0899b-3546-43ad-9db9-4e35588d21ec,,19566,0.0,20:51:53,20260825,69712,2370,1250035,19.39569664001465,-99.15205383300781,275.0,12.0,43.2,,,,1787694327,2026-08-25 15:45:27-06:00,,,2,L02c03-1 tepalcates - col. del valle,,3,8D1A96,FFFFFF,,,,,,
metrobus,metrobus_vehicle_positions_enriched,2026-08-25T21:45:44Z,2026-08-25,20260825T214540Z,a2c16f77-7de3-4c9f-9387-5cddde6c9053,,19497,0.0,20:52:40,20260825,69480,1039,1230080,19.358165740966797,-99.1841049194336,196.0,0.0,0.0,,,,1787694294,2026-08-25 15:44:54-06:00,,,1,L01a03-1 buenavista - el caminero,,3,D40D0D,FFFFFF,,,,,,
metrobus,metrobus_vehicle_positions_enriched,2026-08-25T21:45:44Z,2026-08-25,20260825T214540Z,6c6c88c8-73eb-458c-878a-f19226558d90,,,,,,69479,1038,1230079,19.499727249145508,-99.11962127685547,208.0,0.0,0.0,,,,1787692564,2026-08-25 15:16:04-06:00,,,,,,,,,,,,,,
metrobus,metrobus_vehicle_positions_enriched,2026-08-25T21:45:44Z,2026-08-25,20260825T214540Z,6643c1b0-c100-4207-86dc-1c8d58af909d,,,,,,69711,2369,1250034,19.38844108581543,-99.05946350097656,203.0,0.0,0.0,,,,1787690465,2026-08-25 14:41:05-06:00,,,,,,,,,,,,,,
metrobus,metrobus_vehicle_positions_enriched,2026-08-25T21:45:44Z,2026-08-25,20260825T214540Z,c1101168-bb6a-4301-9eb8-e5619dfcd04e,,19562,1.0,21:35:53,20260825,69710,2368,ConPermisovencido,19.40347671508789,-99.17064666748047,885.0,31.0,111.60000000000001,,,,1787694326,2026-08-25 15:45:26-06:00,,,2,L02c01-2 tacubaya - tepalcates,,3,8D1A96,FFFFFF,,,,,,
metrobus,metrobus_vehicle_positions_enriched,2026-08-25T21:45:44Z,2026-08-25,20260825T214540Z,97d46fe6-d730-4701-b67a-2a996801a518,,19500,1.0,21:41:02,20260825,69478,1037,1230078,19.281797409057617,-99.17312622070312,295.0,11.0,39.6,,,,1787694333,2026-08-25 15:45:33-06:00,,,1,L01a07-2 el caminero - indios verdes,,3,D40D0D,FFFFFF,,,,,,
metrobus,metrobus_vehicle_positions_enriched,2026-08-25T21:45:44Z,2026-08-25,20260825T214540Z,129b057d-dcb7-443f-81ac-043291749847,,19567,1.0,21:03:24,20260825,69709,2367,ConPermisovencido,19.39651870727539,-99.09581756591797,97.0,9.0,32.4,,,,1787694325,2026-08-25 15:45:25-06:00,,,2,L02c03-2 col. del valle - tepalcates,,3,8D1A96,FFFFFF,,,,,,
metrobus,metrobus_vehicle_positions_enriched,2026-08-25T21:45:44Z,2026-08-25,20260825T214540Z,83ef7cb7-e61c-4e26-8045-324545ae9351,,19493,1.0,21:37:35,20260825,69477,1036,1230077,19.438879013061523,-99.15605926513672,231.0,27.0,97.2,,,,1787694329,2026-08-25 15:45:29-06:00,,,1,L01a02-2 insurgentes - indios verdes,,3,D40D0D,FFFFFF,,,,,,
metrobus,metrobus_vehicle_positions_enriched,2026-08-25T21:45:44Z,2026-08-25,20260825T214540Z,57cec0e1-c065-4ffe-a5f6-da8082393f5b,,19499,0.0,21:01:44,20260825,69476,1035,1230076,19.41633415222168,-99.16519927978516,196.0,0.0,0.0,,,,1787694322,2026-08-25 15:45:22-06:00,,,1,L01a07-1 indios verdes - el caminero,,3,D40D0D,FFFFFF,,,,,,
metrobus,metrobus_vehicle_positions_enriched,2026-08-25T21:45:44Z,2026-08-25,20260825T214540Z,465aa490-8758-4d6c-b736-a8b75d67fd44,,19558,1.0,20:53:21,20260825,69554,611,1280011,19.437204360961914,-99.1143569946289,820.0,0.0,0.0,,,,1787694335,2026-08-25 15:45:35-06:00,,,5,L05f05-2 preparatoria 1 - río de los remedios,,3,141982,FFFFFF,,,,,,
metrobus,metrobus_vehicle_positions_enriched,2026-08-25T21:45:44Z,2026-08-25,20260825T214540Z,b0a96b8e-f9d0-4512-a3f7-c10bdad15e36,,19564,0.0,21:35:36,20260825,69708,2366,1250040,19.38548469543457,-99.06050872802734,187.0,25.0,90.0,,,,1787694323,2026-08-25 15:45:23-06:00,,,2,L02c02-1 tepalcates - etiopía l3,,3,8D1A96,FFFFFF,,,,,,
metrobus,metrobus_vehicle_positions_enriched,2026-08-25T21:45:44Z,2026-08-25,20260825T214540Z,9ba8b47e-e78b-4bd2-8b3b-af36264c1b61,,19558,1.0,20:58:13,20260825,69555,612,1280012,19.413475036621094,-99.11267852783203,530.0,47.0,169.20000000000002,,,,1787694332,2026-08-25 15:45:32-06:00,,,5,L05f05-2 preparatoria 1 - río de los remedios,,3,141982,FFFFFF,,,,,,
metrobus,metrobus_vehicle_positions_enriched,2026-08-25T21:45:44Z,2026-08-25,20260825T214540Z,e1a6a306-3264-4e5a-bce9-d74a3199e344,,19562,1.0,21:09:48,20260825,69707,2365,1250116,19.396881103515625,-99.10008239746094,922.0,0.0,0.0,,,,1787694327,2026-08-25 15:45:27-06:00,,,2,L02c01-2 tacubaya - tepalcates,,3,8D1A96,FFFFFF,,,,,,
metrobus,metrobus_vehicle_positions_enriched,2026-08-25T21:45:44Z,2026-08-25,20260825T214540Z,63c13b93-ddc7-410c-b4b5-07ad2886735d,,,,,,69475,1034,1230075,19.497615814208984,-99.11997985839844,190.0,0.0,0.0,,,,1787694320,2026-08-25 15:45:20-06:00,,,,,,,,,,,,,,
metrobus,metrobus_vehicle_positions_enriched,2026-08-25T21:45:44Z,2026-08-25,20260825T214540Z,383c2eaf-6a19-43be-91ef-f631d6e3df41,,,,,,69557,614,1280014,19.5067138671875,-99.08576965332031,193.0,0.0,0.0,,,,1787694328,2026-08-25 15:45:28-06:00,,,,,,,,,,,,,,
metrobus,metrobus_vehicle_positions_enriched,2026-08-25T21:45:44Z,2026-08-25,20260825T214540Z,d14b9e3f-942f-49ce-ad1f-b5a831b8050a,,19558,1.0,21:18:09,20260825,69559,616,1280016,19.350570678710938,-99.11077880859375,490.0,0.0,0.0,,,,1787694331,2026-08-25 15:45:31-06:00,,,5,L05f05-2 preparatoria 1 - río de los remedios,,3,141982,FFFFFF,,,,,,
metrobus,metrobus_vehicle_positions_enriched,2026-08-25T21:45:44Z,2026-08-25,20260825T214540Z,26645e99-025c-46e3-aebe-2901f11b6c8d,,,,,,69561,618,1280018,19.497549057006836,-99.11942291259766,496.0,2.0,7.2,,,,1787694328,2026-08-25 15:45:28-06:00,,,,,,,,,,,,,,
metrobus,metrobus_vehicle_positions_enriched,2026-08-25T21:45:44Z,2026-08-25,20260825T214540Z,92543f2c-7bbf-417e-81aa-3090962ff48d,,,,,,69562,619,1280019,19.498708724975586,-99.11868286132812,345.0,25.0,90.0,,,,1787694328,2026-08-25 15:45:28-06:00,,,,,,,,,,,,,,
metrobus,metrobus_vehicle_positions_enriched,2026-08-25T21:45:44Z,2026-08-25,20260825T214540Z,c0821000-f33b-4299-8dac-14560b489d49,,19499,0.0,20:17:22,20260825,70131,1055,1230154,19.459564208984375,-99.14656829833984,216.0,0.0,0.0,,,,1787694329,2026-08-25 15:45:29-06:00,,,1,L01a07-1 indios verdes - el caminero,,3,D40D0D,FFFFFF,,,,,,
metrobus,metrobus_vehicle_positions_enriched,2026-08-25T21:45:44Z,2026-08-25,20260825T214540Z,4f07a5f9-8b5f-4744-b868-4b4a01674d6f,,19567,1.0,21:37:13,20260825,69608,2386,003A019,19.402084350585938,-99.16974639892578,173.0,0.0,0.0,,,,1787694331,2026-08-25 15:45:31-06:00,,,2,L02c03-2 col. del valle - tepalcates,,3,8D1A96,FFFFFF,,,,,,
metrobus,metrobus_vehicle_positions_enriched,2026-08-25T21:45:44Z,2026-08-25,20260825T214540Z,40ff910c-e28f-40c8-a3da-e56c2c7ca83b,,19500,1.0,21:32:07,20260825,70130,1054,1230153,19.29952049255371,-99.18553161621094,353.0,14.0,50.4,,,,1787694325,2026-08-25 15:45:25-06:00,,,1,L01a07-2 el caminero - indios verdes,,3,D40D0D,FFFFFF,,,,,,
metrobus,metrobus_vehicle_positions_enriched,2026-08-25T21:45:44Z,2026-08-25,20260825T214540Z,f4439745-d26a-4390-8560-7bd78f25e0ac,,19567,1.0,20:44:18,20260825,69607,2385,003A023,19.39743423461914,-99.05756378173828,118.0,25.0,90.0,,,,1787694327,2026-08-25 15:45:27-06:00,,,2,L02c03-2 col. del valle - tepalcates,,3,8D1A96,FFFFFF,,,,,,
metrobus,metrobus_vehicle_positions_enriched,2026-08-25T21:45:44Z,2026-08-25,20260825T214540Z,2bab2404-2811-42a4-88c5-6f082aa80dd6,,19564,0.0,21:42:42,20260825,69606,2384,003A025,19.38568115234375,-99.05158233642578,212.0,0.0,0.0,,,,1787694328,2026-08-25 15:45:28-06:00,,,2,L02c02-1 tepalcates - etiopía l3,,3,8D1A96,FFFFFF,,,,,,
metrobus,metrobus_vehicle_positions_enriched,2026-08-25T21:45:44Z,2026-08-25,20260825T214540Z,d14c3d62-98b7-43f8-b651-dcd732cc017d,,19494,0.0,21:13:14,20260825,70129,1053,1230152,19.425922393798828,-99.1619644165039,203.0,0.0,0.0,,,,1787694336,2026-08-25 15:45:36-06:00,,,1,L01a02-1 indios verdes - insurgentes,,3,D40D0D,FFFFFF,,,,,,
metrobus,metrobus_vehicle_positions_enriched,2026-08-25T21:45:44Z,2026-08-25,20260825T214540Z,a39f1195-f321-4d16-b8d5-d632b4ffda2a,,19567,1.0,20:36:48,20260825,69722,2383,1250134,19.39394760131836,-99.05162048339844,121.0,39.0,140.4,,,,1787694329,2026-08-25 15:45:29-06:00,,,2,L02c03-2 col. del valle - tepalcates,,3,8D1A96,FFFFFF,,,,,,
metrobus,metrobus_vehicle_positions_enriched,2026-08-25T21:45:44Z,2026-08-25,20260825T214540Z,abecfcac-922d-4158-8ed8-4379c0072764,,,,,,70128,1052,1230151,19.27858543395996,-99.16874694824219,267.0,0.0,0.0,,,,1787694333,2026-08-25 15:45:33-06:00,,,,,,,,,,,,,,
metrobus,metrobus_vehicle_positions_enriched,2026-08-25T21:45:44Z,2026-08-25,20260825T214540Z,ad42af53-7016-40b0-bfe6-440de2cbf995,,19563,0.0,20:50:16,20260825,69721,2382,1250125,19.396041870117188,-99.15689849853516,274.0,44.0,158.4,,,,1787694330,2026-08-25 15:45:30-06:00,,,2,L02c01-1 tepalcates - tacubaya,,3,8D1A96,FFFFFF,,,,,,
metrobus,metrobus_vehicle_positions_enriched,2026-08-25T21:45:44Z,2026-08-25,20260825T214540Z,617d7765-92ec-472d-a888-c215315209ce,,,,,,70127,1051,1230150,19.49915313720703,-99.11906433105469,186.0,0.0,0.0,,,,1787692395,2026-08-25 15:13:15-06:00,,,,,,,,,,,,,,
metrobus,metrobus_vehicle_positions_enriched,2026-08-25T21:45:44Z,2026-08-25,20260825T214540Z,69f54ada-5a70-4fce-90fe-21a374776dd6,,19492,0.0,20:48:25,20260825,69491,1050,1230091,19.391307830810547,-99.17337036132812,197.0,40.0,144.0,,,,1787694323,2026-08-25 15:45:23-06:00,,,1,L01a01-1 indios verdes - dr. gálvez,,3,D40D0D,FFFFFF,,,,,,
metrobus,metrobus_vehicle_positions_enriched,2026-08-25T21:45:44Z,2026-08-25,20260825T214540Z,ca55b713-3323-4436-a271-f2af9764fa90,,,,,,69720,2381,1250126,19.388723373413086,-99.059326171875,0.0,0.0,0.0,,,,1785820807,2026-08-03 23:20:07-06:00,,,,,,,,,,,,,,
metrobus,metrobus_vehicle_positions_enriched,2026-08-25T21:45:44Z,2026-08-25,20260825T214540Z,f1d05049-0897-4bce-806d-ef45a30a9fab,,19500,1.0,20:33:23,20260825,69490,1049,1230090,19.43310546875,-99.15859985351562,244.0,15.0,54.0,,,,1787694327,2026-08-25 15:45:27-06:00,,,1,L01a07-2 el caminero - indios verdes,,3,D40D0D,FFFFFF,,,,,,
metrobus,metrobus_vehicle_positions_enriched,2026-08-25T21:45:44Z,2026-08-25,20260825T214540Z,00991fca-dcc8-4522-a96b-acbaa0502854,,19562,1.0,21:25:33,20260825,69718,2379,1250115,19.395240783691406,-99.1471176147461,936.0,21.0,75.60000000000001,,,,1787694322,2026-08-25 15:45:22-06:00,,,2,L02c01-2 tacubaya - tepalcates,,3,8D1A96,FFFFFF,,,,,,
metrobus,metrobus_vehicle_positions_enriched,2026-08-25T21:45:44Z,2026-08-25,20260825T214540Z,e7278441-0198-48a6-8826-0f6db7340638,,19558,1.0,21:28:11,20260825,69563,620,1280020,19.32349395751953,-99.11399841308594,550.0,0.0,0.0,,,,1787694331,2026-08-25 15:45:31-06:00,,,5,L05f05-2 preparatoria 1 - río de los remedios,,3,141982,FFFFFF,,,,,,
metrobus,metrobus_vehicle_positions_enriched,2026-08-25T21:45:44Z,2026-08-25,20260825T214540Z,6b19bdf7-f4aa-4a12-ac17-cfa22ad06c05,,19491,1.0,20:39:28,20260825,69489,1048,1230089,19.469024658203125,-99.13868713378906,376.0,0.0,0.0,,,,1787694326,2026-08-25 15:45:26-06:00,,,1,L01a01-2 dr. gálvez - indios verdes,,3,D40D0D,FFFFFF,,,,,,
metrobus,metrobus_vehicle_positions_enriched,2026-08-25T21:45:44Z,2026-08-25,20260825T214540Z,5e259c74-1132-4958-91f7-448ea4c916e8,,19499,0.0,20:15:00,20260825,69488,1047,1230088,19.286842346191406,-99.17520141601562,199.0,14.0,50.4,,,,1787694322,2026-08-25 15:45:22-06:00,,,1,L01a07-1 indios verdes - el caminero,,3,D40D0D,FFFFFF,,,,,,
metrobus,metrobus_vehicle_positions_enriched,2026-08-25T21:45:44Z,2026-08-25,20260825T214540Z,ff853186-7792-4fb2-b422-19502aed30f7,,20212,1.0,21:36:41,20260825,69564,621,1280021,19.338430404663086,-99.11296081542969,356.0,38.0,136.8,,,,1787694329,2026-08-25 15:45:29-06:00,,,5,L05f03-2 las bombas - río de los remedios,,3,141982,FFFFFF,,,,,,
metrobus,metrobus_vehicle_positions_enriched,2026-08-25T21:45:44Z,2026-08-25,20260825T214540Z,64d71689-3a54-4cab-bba7-43ed9ffdc3e7,,,,,,69605,2378,1250153,19.3889217376709,-99.05948638916016,0.0,0.0,0.0,,,,1786654431,2026-08-13 14:53:51-06:00,,,,,,,,,,,,,,
metrobus,metrobus_vehicle_positions_enriched,2026-08-25T21:45:44Z,2026-08-25,20260825T214540Z,77df79a5-374e-4947-9cc0-9dce4d6b8b24,,19559,0.0,21:20:37,20260825,69565,622,1260200,19.43327522277832,-99.11514282226562,186.0,25.0,90.0,,,,1787694329,2026-08-25 15:45:29-06:00,,,5,L05f05-1 río de los remedios - preparatoria 1,,3,141982,FFFFFF,,,,,,
metrobus,metrobus_vehicle_positions_enriched,2026-08-25T21:45:44Z,2026-08-25,20260825T214540Z,5864e8db-363d-4c2d-bfdd-a6281fcc3c1e,,,,,,69487,1046,1230087,19.445695877075195,-99.1520767211914,983.0,0.0,0.0,,,,1787694328,2026-08-25 15:45:28-06:00,,,,,,,,,,,,,,
metrobus,metrobus_vehicle_positions_enriched,2026-08-25T21:45:44Z,2026-08-25,20260825T214540Z,ac26911d-a317-4d82-bed5-0d935ba6d385,,,,,,69604,2377,1250152,19.391298294067383,-99.0478286743164,125.0,0.0,0.0,,,,1787674165,2026-08-25 10:09:25-06:00,,,,,,,,,,,,,,
metrobus,metrobus_vehicle_positions_enriched,2026-08-25T21:45:44Z,2026-08-25,20260825T214540Z,0f1412c2-fc8a-488c-a25e-97ab3d05bfa7,,19559,0.0,21:08:31,20260825,69566,623,1260199,19.405086517333984,-99.11367797851562,184.0,0.0,0.0,,,,1787694326,2026-08-25 15:45:26-06:00,,,5,L05f05-1 río de los remedios - preparatoria 1,,3,141982,FFFFFF,,,,,,
metrobus,metrobus_vehicle_positions_enriched,2026-08-25T21:45:44Z,2026-08-25,20260825T214540Z,6842fec5-c8dd-44eb-b986-65c9dc632338,,19500,1.0,21:01:34,20260825,69486,1045,1230086,19.382511138916016,-99.17610168457031,172.0,0.0,0.0,,,,1787694329,2026-08-25 15:45:29-06:00,,,1,L01a07-2 el caminero - indios verdes,,3,D40D0D,FFFFFF,,,,,,
metrobus,metrobus_vehicle_positions_enriched,2026-08-25T21:45:44Z,2026-08-25,20260825T214540Z,d77f2b4a-2991-4739-9ad3-0f80e34bb0f8,,20212,1.0,21:03:57,20260825,69567,624,002A971,19.43770408630371,-99.11427307128906,840.0,0.0,0.0,,,,1787694333,2026-08-25 15:45:33-06:00,,,5,L05f03-2 las bombas - río de los remedios,,3,141982,FFFFFF,,,,,,
metrobus,metrobus_vehicle_positions_enriched,2026-08-25T21:45:44Z,2026-08-25,20260825T214540Z,fdfb3ac6-b943-4069-a1ed-04e8b356df55,,20211,0.0,21:06:11,20260825,69568,625,002A972,19.378297805786133,-99.1093521118164,159.0,48.0,172.8,,,,1787694327,2026-08-25 15:45:27-06:00,,,5,L05f03-1 río de los remedios - las bombas,,3,141982,FFFFFF,,,,,,
metrobus,metrobus_vehicle_positions_enriched,2026-08-25T21:45:44Z,2026-08-25,20260825T214540Z,c559d952-d2ef-44f7-86df-db1015ec9cb0,,20212,1.0,20:56:49,20260825,69569,626,002A973,19.461109161376953,-99.10520935058594,233.0,0.0,0.0,,,,1787694330,2026-08-25 15:45:30-06:00,,,5,L05f03-2 las bombas - río de los remedios,,3,141982,FFFFFF,,,,,,
metrobus,metrobus_vehicle_positions_enriched,2026-08-25T21:45:44Z,2026-08-25,20260825T214540Z,251e53d3-0e0b-4f30-be21-535528e2fae3,,,,,,69570,627,002A974,19.486764907836914,-99.09188079833984,0.0,0.0,0.0,,,,1787692086,2026-08-25 15:08:06-06:00,,,,,,,,,,,,,,
metrobus,metrobus_vehicle_positions_enriched,2026-08-25T21:45:44Z,2026-08-25,20260825T214540Z,444f5d7a-12f5-4bb6-b320-fe4817502b2f,,20211,0.0,15:54:02,20260824,69571,628,002A975,19.486295700073242,-99.09183502197266,0.0,0.0,0.0,,,,1787588882,2026-08-24 10:28:02-06:00,,,5,L05f03-1 río de los remedios - las bombas,,3,141982,FFFFFF,,,,,,
metrobus,metrobus_vehicle_positions_enriched,2026-08-25T21:45:44Z,2026-08-25,20260825T214540Z,7f9bc606-5762-4ec1-b6df-d855d43145d4,,20211,0.0,20:53:28,20260825,69572,629,002A976,19.351581573486328,-99.11112213134766,185.0,0.0,0.0,,,,1787694327,2026-08-25 15:45:27-06:00,,,5,L05f03-1 río de los remedios - las bombas,,3,141982,FFFFFF,,,,,,
metrobus,metrobus_vehicle_positions_enriched,2026-08-25T21:45:44Z,2026-08-25,20260825T214540Z,033a23ab-bb0b-4483-9e79-24fdd86e4f8c,,19493,1.0,21:32:58,20260825,70142,1066,1300127,19.443470001220703,-99.15435028076172,127.0,0.0,0.0,,,,1787694334,2026-08-25 15:45:34-06:00,,,1,L01a02-2 insurgentes - indios verdes,,3,D40D0D,FFFFFF,,,,,,
metrobus,metrobus_vehicle_positions_enriched,2026-08-25T21:45:44Z,2026-08-25,20260825T214540Z,84a304bb-f224-4ecf-8cca-ad36152e9691,,19491,1.0,21:35:07,20260825,70141,1065,1300126,19.363964080810547,-99.18218994140625,162.0,25.0,90.0,,,,1787694325,2026-08-25 15:45:25-06:00,,,1,L01a01-2 dr. gálvez - indios verdes,,3,D40D0D,FFFFFF,,,,,,
metrobus,metrobus_vehicle_positions_enriched,2026-08-25T21:45:44Z,2026-08-25,20260825T214540Z,2e525be6-e8c2-4faf-ac16-2b01e9d8ec99,,19493,1.0,21:28:08,20260825,70140,1064,1230163,19.457427978515625,-99.14837646484375,526.0,36.0,129.6,,,,1787694328,2026-08-25 15:45:28-06:00,,,1,L01a02-2 insurgentes - indios verdes,,3,D40D0D,FFFFFF,,,,,,
metrobus,metrobus_vehicle_positions_enriched,2026-08-25T21:45:44Z,2026-08-25,20260825T214540Z,49484fd0-2464-4ba7-b344-92047c8dbbfe,,19497,0.0,20:50:59,20260825,70139,1063,1230162,19.35205078125,-99.18608856201172,195.0,0.0,0.0,,,,1787694328,2026-08-25 15:45:28-06:00,,,1,L01a03-1 buenavista - el caminero,,3,D40D0D,FFFFFF,,,,,,
metrobus,metrobus_vehicle_positions_enriched,2026-08-25T21:45:44Z,2026-08-25,20260825T214540Z,5cc71ef3-5928-4e46-88af-62dda89cbc0f,,19497,0.0,21:18:44,20260825,70138,1062,1230161,19.420801162719727,-99.16388702392578,195.0,36.0,129.6,,,,1787694322,2026-08-25 15:45:22-06:00,,,1,L01a03-1 buenavista - el caminero,,3,D40D0D,FFFFFF,,,,,,
metrobus,metrobus_vehicle_positions_enriched,2026-08-25T21:45:44Z,2026-08-25,20260825T214540Z,a7876127-70e4-48d0-8608-6357439fec66,,19500,1.0,20:38:08,20260825,70137,1061,1230160,19.427661895751953,-99.1611557006836,232.0,20.0,72.0,,,,1787694325,2026-08-25 15:45:25-06:00,,,1,L01a07-2 el caminero - indios verdes,,3,D40D0D,FFFFFF,,,,,,
metrobus,metrobus_vehicle_positions_enriched,2026-08-25T21:45:44Z,2026-08-25,20260825T214540Z,78948f97-cd69-413f-bdf6-d63c7fd8b55f,,19497,0.0,21:25:38,20260825,70136,1060,1230159,19.427478790283203,-99.16134643554688,203.0,0.0,0.0,,,,1787694321,2026-08-25 15:45:21-06:00,,,1,L01a03-1 buenavista - el caminero,,3,D40D0D,FFFFFF,,,,,,
metrobus,metrobus_vehicle_positions_enriched,2026-08-25T21:45:44Z,2026-08-25,20260825T214540Z,042a6849-613a-4d1d-8be5-b1fb420d281e,,19983,1.0,20:40:36,20260825,69612,2390,003A021,19.394269943237305,-99.09087371826172,127.0,25.0,90.0,,,,1787694331,2026-08-25 15:45:31-06:00,,,1,L21c21-2 dr. gálvez - rojo gómez,,3,42A76B,FFFFFF,,,,,,
metrobus,metrobus_vehicle_positions_enriched,2026-08-25T21:45:44Z,2026-08-25,20260825T214540Z,63d2c80c-c94d-402a-b566-91d4186dbb1e,,20212,1.0,21:37:12,20260825,69573,630,002A977,19.332807540893555,-99.11316680908203,480.0,4.0,14.4,,,,1787694329,2026-08-25 15:45:29-06:00,,,5,L05f03-2 las bombas - río de los remedios,,3,141982,FFFFFF,,,,,,
metrobus,metrobus_vehicle_positions_enriched,2026-08-25T21:45:44Z,2026-08-25,20260825T214540Z,489c9268-ab7d-4baa-95c4-01c63881d038,,,,,,70135,1059,1230158,19.422971725463867,-99.16350555419922,139.0,29.0,104.4,,,,1787694330,2026-08-25 15:45:30-06:00,,,,,,,,,,,,,,
metrobus,metrobus_vehicle_positions_enriched,2026-08-25T21:45:44Z,2026-08-25,20260825T214540Z,e947bbf6-ee21-4b44-9655-591f1d14d6e6,,20211,0.0,21:26:41,20260825,69574,631,002A978,19.45332145690918,-99.10874938964844,199.0,21.0,75.60000000000001,,,,1787694331,2026-08-25 15:45:31-06:00,,,5,L05f03-1 río de los remedios - las bombas,,3,141982,FFFFFF,,,,,,
metrobus,metrobus_vehicle_positions_enriched,2026-08-25T21:45:44Z,2026-08-25,20260825T214540Z,b27bb8e0-8d49-42be-8a92-f40c47f80bbb,,19562,1.0,21:03:06,20260825,69611,2389,003A024,19.396217346191406,-99.09402465820312,109.0,22.0,79.2,,,,1787694328,2026-08-25 15:45:28-06:00,,,2,L02c01-2 tacubaya - tepalcates,,3,8D1A96,FFFFFF,,,,,,
metrobus,metrobus_vehicle_positions_enriched,2026-08-25T21:45:44Z,2026-08-25,20260825T214540Z,a4e2ad21-f2d6-4aa5-90be-6c1b3b51b996,,19492,0.0,20:31:23,20260825,70134,1058,1230157,19.34895133972168,-99.18706512451172,197.0,50.0,180.0,,,,1787694327,2026-08-25 15:45:27-06:00,,,1,L01a01-1 indios verdes - dr. gálvez,,3,D40D0D,FFFFFF,,,,,,
metrobus,metrobus_vehicle_positions_enriched,2026-08-25T21:45:44Z,2026-08-25,20260825T214540Z,db8818b7-cfa7-4dab-a0ea-aadda3073678,,20212,1.0,21:13:30,20260825,69575,632,002A979,19.425518035888672,-99.11145782470703,358.0,28.0,100.8,,,,1787694332,2026-08-25 15:45:32-06:00,,,5,L05f03-2 las bombas - río de los remedios,,3,141982,FFFFFF,,,,,,
metrobus,metrobus_vehicle_positions_enriched,2026-08-25T21:45:44Z,2026-08-25,20260825T214540Z,f487687d-4330-4172-9fa0-0b967a99ea86,,20211,0.0,21:15:35,20260825,69576,633,002A980,19.42319107055664,-99.11168670654297,188.0,54.0,194.4,,,,1787694328,2026-08-25 15:45:28-06:00,,,5,L05f03-1 río de los remedios - las bombas,,3,141982,FFFFFF,,,,,,
metrobus,metrobus_vehicle_positions_enriched,2026-08-25T21:45:44Z,2026-08-25,20260825T214540Z,47604ba4-47bd-4ed0-a7c4-7cac3de0148b,,19500,1.0,20:25:01,20260825,70133,1057,1230156,19.445222854614258,-99.15361022949219,225.0,4.0,14.4,,,,1787694328,2026-08-25 15:45:28-06:00,,,1,L01a07-2 el caminero - indios verdes,,3,D40D0D,FFFFFF,,,,,,
metrobus,metrobus_vehicle_positions_enriched,2026-08-25T21:45:44Z,2026-08-25,20260825T214540Z,94118c5e-d244-4e5b-bde0-53c92b9cf1bb,,19564,0.0,21:34:28,20260825,69610,2388,003A022,19.38239860534668,-99.06123352050781,277.0,16.0,57.6,,,,1787694331,2026-08-25 15:45:31-06:00,,,2,L02c02-1 tepalcates - etiopía l3,,3,8D1A96,FFFFFF,,,,,,
metrobus,metrobus_vehicle_positions_enriched,2026-08-25T21:45:44Z,2026-08-25,20260825T214540Z,bac45d90-ba62-4ed7-b3ad-d9cd0a65f2b4,,19564,0.0,20:57:51,20260825,69609,2387,003A020,19.39485740661621,-99.14324951171875,279.0,9.0,32.4,,,,1787694319,2026-08-25 15:45:19-06:00,,,2,L02c02-1 tepalcates - etiopía l3,,3,8D1A96,FFFFFF,,,,,,
metrobus,metrobus_vehicle_positions_enriched,2026-08-25T21:45:44Z,2026-08-25,20260825T214540Z,49ce779d-cb3e-4a7d-a32e-9dd32915cc8e,,19493,1.0,21:40:05,20260825,70132,1056,1230155,19.43370246887207,-99.1583480834961,22.0,0.0,0.0,,,,1787694335,2026-08-25 15:45:35-06:00,,,1,L01a02-2 insurgentes - indios verdes,,3,D40D0D,FFFFFF,,,,,,
metrobus,metrobus_vehicle_positions_enriched,2026-08-25T21:45:44Z,2026-08-25,20260825T214540Z,c1f7affb-5eff-413f-93d4-eda34778743d,,19497,0.0,21:32:17,20260825,70153,1077,1230020,19.428871154785156,-99.16063690185547,200.0,7.0,25.2,,,,1787694320,2026-08-25 15:45:20-06:00,,,1,L01a03-1 buenavista - el caminero,,3,D40D0D,FFFFFF,,,,,,
metrobus,metrobus_vehicle_positions_enriched,2026-08-25T21:45:44Z,2026-08-25,20260825T214540Z,674df057-570d-4891-8050-283fb85cb700,,19492,0.0,20:56:04,20260825,70152,1076,1230002,19.402263641357422,-99.1697998046875,196.0,23.0,82.8,,,,1787694317,2026-08-25 15:45:17-06:00,,,1,L01a01-1 indios verdes - dr. gálvez,,3,D40D0D,FFFFFF,,,,,,
metrobus,metrobus_vehicle_positions_enriched,2026-08-25T21:45:44Z,2026-08-25,20260825T214540Z,b4abfa0d-a54e-48e5-acf0-f27bc07277ca,,19492,0.0,21:25:26,20260825,70151,1075,1230007,19.436864852905273,-99.15702056884766,202.0,45.0,162.0,,,,1787694332,2026-08-25 15:45:32-06:00,,,1,L01a01-1 indios verdes - dr. gálvez,,3,D40D0D,FFFFFF,,,,,,
metrobus,metrobus_vehicle_positions_enriched,2026-08-25T21:45:44Z,2026-08-25,20260825T214540Z,ac536022-4a8b-4720-90f7-da3b943bcd8d,,19492,0.0,20:38:01,20260825,70150,1074,1300135,19.36870765686035,-99.18067932128906,197.0,0.0,0.0,,,,1787694332,2026-08-25 15:45:32-06:00,,,1,L01a01-1 indios verdes - dr. gálvez,,3,D40D0D,FFFFFF,,,,,,
metrobus,metrobus_vehicle_positions_enriched,2026-08-25T21:45:44Z,2026-08-25,20260825T214540Z,0236ccd8-64b2-4c7b-a498-f0943b1b7d48,,19493,1.0,21:24:33,20260825,70149,1073,1300134,19.485523223876953,-99.12499237060547,372.0,40.0,144.0,,,,1787694335,2026-08-25 15:45:35-06:00,,,1,L01a02-2 insurgentes - indios verdes,,3,D40D0D,FFFFFF,,,,,,
metrobus,metrobus_vehicle_positions_enriched,2026-08-25T21:45:44Z,2026-08-25,20260825T214540Z,aa4c3893-2588-4aa4-b673-6a1de33e8c51,,19493,1.0,21:42:08,20260825,70148,1072,1300133,19.430553436279297,-99.15983581542969,25.0,0.0,0.0,,,,1787694328,2026-08-25 15:45:28-06:00,,,1,L01a02-2 insurgentes - indios verdes,,3,D40D0D,FFFFFF,,,,,,
metrobus,metrobus_vehicle_positions_enriched,2026-08-25T21:45:44Z,2026-08-25,20260825T214540Z,a50b209b-da06-48e9-b6f6-8727ced394f4,,19493,1.0,21:21:45,20260825,70147,1071,1300132,19.487199783325195,-99.1236801147461,378.0,37.0,133.20000000000002,,,,1787694321,2026-08-25 15:45:21-06:00,,,1,L01a02-2 insurgentes - indios verdes,,3,D40D0D,FFFFFF,,,,,,
metrobus,metrobus_vehicle_positions_enriched,2026-08-25T21:45:44Z,2026-08-25,20260825T214540Z,a1a9891b-ed4c-47c5-bf1a-ff9599fb2883,,19498,1.0,21:18:40,20260825,70146,1070,1300131,19.350765228271484,-99.18638610839844,166.0,0.0,0.0,,,,1787694332,2026-08-25 15:45:32-06:00,,,1,L01a03-2 el caminero - buenavista,,3,D40D0D,FFFFFF,,,,,,
metrobus,metrobus_vehicle_positions_enriched,2026-08-25T21:45:44Z,2026-08-25,20260825T214540Z,e37fbf9c-55af-4ede-842f-d1faeb69e425,,19497,0.0,20:42:55,20260825,70145,1069,1300130,19.34055519104004,-99.19020080566406,199.0,0.0,0.0,,,,1787694325,2026-08-25 15:45:25-06:00,,,1,L01a03-1 buenavista - el caminero,,3,D40D0D,FFFFFF,,,,,,
metrobus,metrobus_vehicle_positions_enriched,2026-08-25T21:45:44Z,2026-08-25,20260825T214540Z,d2afbc8d-13a8-43bd-af3a-a6d8c90a5e18,,,,,,70144,1068,1300129,19.499727249145508,-99.11936950683594,0.0,0.0,0.0,,,,1787691299,2026-08-25 14:54:59-06:00,,,,,,,,,,,,,,
metrobus,metrobus_vehicle_positions_enriched,2026-08-25T21:45:44Z,2026-08-25,20260825T214540Z,71af237e-06dd-4331-b4fd-cf8db2fc9f76,,19491,1.0,21:45:01,20260825,70143,1067,1300128,19.34407615661621,-99.18873596191406,206.0,51.0,183.6,,,,1787694328,2026-08-25 15:45:28-06:00,,,1,L01a01-2 dr. gálvez - indios verdes,,3,D40D0D,FFFFFF,,,,,,
metrobus,metrobus_vehicle_positions_enriched,2026-08-25T21:45:44Z,2026-08-25,20260825T214540Z,a6a1fc1b-05a8-465f-a7c5-eb3d013515d3,,,,,,70597,A9_TESTE,,-23.000221252441406,-43.57991027832031,104.0,58.0,208.8,,,,1787660462,2026-08-25 06:21:02-06:00,,,,,,,,,,,,,,
metrobus,metrobus_vehicle_positions_enriched,2026-08-25T21:45:44Z,2026-08-25,20260825T214540Z,09bb3ec3-3d24-45ea-be9f-c8b16a3a485a,,19498,1.0,21:04:02,20260825,69945,1087,1230140,19.37445068359375,-99.17839050292969,20.0,16.0,57.6,,,,1787694330,2026-08-25 15:45:30-06:00,,,1,L01a03-2 el caminero - buenavista,,3,D40D0D,FFFFFF,,,,,,
metrobus,metrobus_vehicle_positions_enriched,2026-08-25T21:45:44Z,2026-08-25,20260825T214540Z,970a8e1d-1b53-4487-8101-967a429f44ee,,19497,0.0,21:42:36,20260825,69944,1086,1230139,19.443439483642578,-99.15444946289062,199.0,0.0,0.0,,,,1787694322,2026-08-25 15:45:22-06:00,,,1,L01a03-1 buenavista - el caminero,,3,D40D0D,FFFFFF,,,,,,
metrobus,metrobus_vehicle_positions_enriched,2026-08-25T21:45:44Z,2026-08-25,20260825T214540Z,f3aec33b-029d-4e98-a86e-c0e38fa93bfa,,,,,,69943,1085,1230138,19.46713638305664,-99.14041900634766,216.0,39.0,140.4,,,,1787694323,2026-08-25 15:45:23-06:00,,,,,,,,,,,,,,
metrobus,metrobus_vehicle_positions_enriched,2026-08-25T21:45:44Z,2026-08-25,20260825T214540Z,381bb534-4d17-4160-b5f0-2328beac35a6,,19500,1.0,20:20:46,20260825,69942,1084,1230137,19.445873260498047,-99.1533203125,222.0,0.0,0.0,,,,1787694333,2026-08-25 15:45:33-06:00,,,1,L01a07-2 el caminero - indios verdes,,3,D40D0D,FFFFFF,,,,,,
metrobus,metrobus_vehicle_positions_enriched,2026-08-25T21:45:44Z,2026-08-25,20260825T214540Z,621f5711-ce65-4cfc-a553-d63bcff86c37,,19498,1.0,21:21:38,20260825,69941,1083,1230136,19.346410751342773,-99.18785095214844,212.0,25.0,90.0,,,,1787694330,2026-08-25 15:45:30-06:00,,,1,L01a03-2 el caminero - buenavista,,3,D40D0D,FFFFFF,,,,,,
metrobus,metrobus_vehicle_positions_enriched,2026-08-25T21:45:44Z,2026-08-25,20260825T214540Z,bdd21694-c914-4640-a3f9-42dec39d86da,,19497,0.0,21:13:24,20260825,69940,1082,1230135,19.415203094482422,-99.16557312011719,196.0,39.0,140.4,,,,1787694330,2026-08-25 15:45:30-06:00,,,1,L01a03-1 buenavista - el caminero,,3,D40D0D,FFFFFF,,,,,,
metrobus,metrobus_vehicle_positions_enriched,2026-08-25T21:45:44Z,2026-08-25,20260825T214540Z,adee576e-e427-43fd-b02d-3c94a34a44e6,,19499,0.0,20:16:28,20260825,69939,1081,1230134,19.293888092041016,-99.1807632446289,114.0,7.0,25.2,,,,1787694336,2026-08-25 15:45:36-06:00,,,1,L01a07-1 indios verdes - el caminero,,3,D40D0D,FFFFFF,,,,,,
metrobus,metrobus_vehicle_positions_enriched,2026-08-25T21:45:44Z,2026-08-25,20260825T214540Z,d66fb734-9632-40ca-9d32-8ea51dfa2f94,,19498,1.0,21:26:46,20260825,70154,1078,1230003,19.320539474487305,-99.18815612792969,353.0,47.0,169.20000000000002,,,,1787694336,2026-08-25 15:45:36-06:00,,,1,L01a03-2 el caminero - buenavista,,3,D40D0D,FFFFFF,,,,,,
metrobus,metrobus_vehicle_positions_enriched,2026-08-25T21:45:44Z,2026-08-25,20260825T214540Z,2781983a-de26-4775-87b6-74483d2153f3,,,,,,69946,1091,1230144,19.322620391845703,-99.1727294921875,344.0,0.0,0.0,,,,1787690390,2026-08-25 14:39:50-06:00,,,,,,,,,,,,,,
metrobus,metrobus_vehicle_positions_enriched,2026-08-25T21:45:44Z,2026-08-25,20260825T214540Z,ebd70241-b0b8-4055-aff0-7c331aa6252c,,19498,1.0,21:10:47,20260825,69954,1099,1220118,19.36613655090332,-99.18142700195312,135.0,39.0,140.4,,,,1787694326,2026-08-25 15:45:26-06:00,,,1,L01a03-2 el caminero - buenavista,,3,D40D0D,FFFFFF,,,,,,
metrobus,metrobus_vehicle_positions_enriched,2026-08-25T21:45:44Z,2026-08-25,20260825T214540Z,462f7a3a-298f-46fc-ba71-e0851c6f1191,,19498,1.0,20:51:43,20260825,69953,1098,1210117,19.41031265258789,-99.1670150756836,172.0,25.0,90.0,,,,1787694327,2026-08-25 15:45:27-06:00,,,1,L01a03-2 el caminero - buenavista,,3,D40D0D,FFFFFF,,,,,,
metrobus,metrobus_vehicle_positions_enriched,2026-08-25T21:45:44Z,2026-08-25,20260825T214540Z,e9daf69f-4621-42e3-9bd5-8b5e50b43add,,19500,1.0,20:49:59,20260825,69952,1097,1230115,19.4149112701416,-99.1655502319336,163.0,22.0,79.2,,,,1787694328,2026-08-25 15:45:28-06:00,,,1,L01a07-2 el caminero - indios verdes,,3,D40D0D,FFFFFF,,,,,,
metrobus,metrobus_vehicle_positions_enriched,2026-08-25T21:45:44Z,2026-08-25,20260825T214540Z,491852df-dcd2-49b3-b085-c7acc055c0c5,,19500,1.0,21:01:41,20260825,69951,1096,1230149,19.379777908325195,-99.1769790649414,17.0,16.0,57.6,,,,1787694329,2026-08-25 15:45:29-06:00,,,1,L01a07-2 el caminero - indios verdes,,3,D40D0D,FFFFFF,,,,,,
metrobus,metrobus_vehicle_positions_enriched,2026-08-25T21:45:44Z,2026-08-25,20260825T214540Z,55ae4a09-1af4-4a6f-a60a-907aabaa58cd,,19498,1.0,20:32:41,20260825,69950,1095,1230148,19.43722915649414,-99.15677642822266,224.0,40.0,144.0,,,,1787694330,2026-08-25 15:45:30-06:00,,,1,L01a03-2 el caminero - buenavista,,3,D40D0D,FFFFFF,,,,,,
metrobus,metrobus_vehicle_positions_enriched,2026-08-25T21:45:44Z,2026-08-25,20260825T214540Z,206e88b3-b13c-432e-96db-bf3913089fa4,,19497,0.0,21:21:01,20260825,69949,1094,1230147,19.424142837524414,-99.16337585449219,250.0,12.0,43.2,,,,1787694323,2026-08-25 15:45:23-06:00,,,1,L01a03-1 buenavista - el caminero,,3,D40D0D,FFFFFF,,,,,,
metrobus,metrobus_vehicle_positions_enriched,2026-08-25T21:45:44Z,2026-08-25,20260825T214540Z,27775c09-69b9-4c61-8662-ae5fc77fb052,,19500,1.0,20:29:00,20260825,69948,1093,1230146,19.440563201904297,-99.15528106689453,222.0,0.0,0.0,,,,1787694330,2026-08-25 15:45:30-06:00,,,1,L01a07-2 el caminero - indios verdes,,3,D40D0D,FFFFFF,,,,,,
metrobus,metrobus_vehicle_positions_enriched,2026-08-25T21:45:44Z,2026-08-25,20260825T214540Z,30d6e87d-9d9a-4bca-ad83-f0707331d1ce,,19500,1.0,20:37:54,20260825,69947,1092,1230145,19.428192138671875,-99.16090393066406,231.0,17.0,61.2,,,,1787694327,2026-08-25 15:45:27-06:00,,,1,L01a07-2 el caminero - indios verdes,,3,D40D0D,FFFFFF,,,,,,
metrobus,metrobus_vehicle_positions_enriched,2026-08-25T21:45:44Z,2026-08-25,20260825T214540Z,3fa0e6b3-d09d-4b96-856e-360cdd7139dd,,,,,,69995,681,1210391,19.48914337158203,-99.09231567382812,0.0,0.0,0.0,,,,1787694321,2026-08-25 15:45:21-06:00,,,,,,,,,,,,,,
metrobus,metrobus_vehicle_positions_enriched,2026-08-25T21:45:44Z,2026-08-25,20260825T214540Z,f0d242e4-0cb2-4cb2-9187-2f89c1bdd62a,,,,,,69997,683,1210396,19.489093780517578,-99.09153747558594,0.0,0.0,0.0,,,,1787686061,2026-08-25 13:27:41-06:00,,,,,,,,,,,,,,
metrobus,metrobus_vehicle_positions_enriched,2026-08-25T21:45:44Z,2026-08-25,20260825T214540Z,0e570486-45c9-40be-9b56-cf54316f28ba,,,,,,69999,685,1210392,19.490083694458008,-99.09149169921875,0.0,0.0,0.0,,,,1787329093,2026-08-21 10:18:13-06:00,,,,,,,,,,,,,,
metrobus,metrobus_vehicle_positions_enriched,2026-08-25T21:45:44Z,2026-08-25,20260825T214540Z,ba66dd42-73b3-4556-9e86-483a5602b186,,20211,0.0,21:01:26,20260825,71108,9601,,19.377971649169922,-99.10917663574219,156.0,14.0,50.4,,,,1787694320,2026-08-25 15:45:20-06:00,,,5,L05f03-1 río de los remedios - las bombas,,3,141982,FFFFFF,,,,,,
metrobus,metrobus_vehicle_positions_enriched,2026-08-25T21:45:44Z,2026-08-25,20260825T214540Z,f9218f25-d1ca-4910-a0a5-641174ae4d24,,19520,1.0,21:42:37,20260825,71180,5001,,19.43636703491211,-99.14105224609375,100.0,0.0,0.0,,,,1787694325,2026-08-25 15:45:25-06:00,,,4,L04e04-2 hidalgo - pantitlán,,3,FF9A03,FFFFFF,,,,,,
metrobus,metrobus_vehicle_positions_enriched,2026-08-25T21:45:44Z,2026-08-25,20260825T214540Z,7f882e71-b25d-4ac9-a0af-62300e521209,,19515,0.0,21:22:21,20260825,71181,5002,,19.43009376525879,-99.1396255493164,101.0,0.0,0.0,,,,1787694327,2026-08-25 15:45:27-06:00,,,4,L04e02-1 buenavista - san lázaro ote,,3,FF9A03,FFFFFF,,,,,,
metrobus,metrobus_vehicle_positions_enriched,2026-08-25T21:45:44Z,2026-08-25,20260825T214540Z,c5e83709-9126-436a-b644-317c21ad9b4c,,19520,1.0,21:03:45,20260825,71148,5003,,19.423620223999023,-99.08690643310547,122.0,48.0,172.8,,,,1787694325,2026-08-25 15:45:25-06:00,,,4,L04e04-2 hidalgo - pantitlán,,3,FF9A03,FFFFFF,,,,,,
metrobus,metrobus_vehicle_positions_enriched,2026-08-25T21:45:44Z,2026-08-25,20260825T214540Z,f49cac0e-ef95-48e5-9c50-9e7b976d5d16,,19520,1.0,21:13:08,20260825,72679,5004,,19.435487747192383,-99.1155014038086,978.0,0.0,0.0,,,,1787694331,2026-08-25 15:45:31-06:00,,,4,L04e04-2 hidalgo - pantitlán,,3,FF9A03,FFFFFF,,,,,,
metrobus,metrobus_vehicle_positions_enriched,2026-08-25T21:45:44Z,2026-08-25,20260825T214540Z,db349a08-942a-43f2-9e54-6bcf349e2158,,,,,,69973,214,1210395,19.39082908630371,-99.04734802246094,0.0,0.0,0.0,,,,1787694333,2026-08-25 15:45:33-06:00,,,,,,,,,,,,,,
metrobus,metrobus_vehicle_positions_enriched,2026-08-25T21:45:44Z,2026-08-25,20260825T214540Z,a2a23f88-0f8a-44d5-93e0-49dbdf71964d,,20296,1.0,21:25:25,20260825,73095,457,,19.419660568237305,-99.15413665771484,610.0,0.0,0.0,,,,1787694330,2026-08-25 15:45:30-06:00,,,1,L31a31-2 pueblo sta cruz atoyac - indios verdes,,3,42A76B,FFFFFF,,,,,,
metrobus,metrobus_vehicle_positions_enriched,2026-08-25T21:45:44Z,2026-08-25,20260825T214540Z,99a81654-bacc-4ac9-a954-06682576ebfc,,19558,1.0,21:23:10,20260825,69977,218,001A212,19.339372634887695,-99.11297607421875,720.0,38.0,136.8,,,,1787694327,2026-08-25 15:45:27-06:00,,,5,L05f05-2 preparatoria 1 - río de los remedios,,3,141982,FFFFFF,,,,,,
metrobus,metrobus_vehicle_positions_enriched,2026-08-25T21:45:44Z,2026-08-25,20260825T214540Z,d71b9f08-1c95-4d63-9d57-9b7af8a21337,,,,,,69978,219,001A213,19.385629653930664,-99.04561614990234,165.0,0.0,0.0,,,,1786031640,2026-08-06 09:54:00-06:00,,,,,,,,,,,,,,
metrobus,metrobus_vehicle_positions_enriched,2026-08-25T21:45:44Z,2026-08-25,20260825T214540Z,c795d6ef-03f1-4d9f-954e-1edb2b8dd122,,19582,0.0,21:41:07,20260825,71171,5010,,19.48356056213379,-99.11920928955078,199.0,0.0,0.0,,,,1787694324,2026-08-25 15:45:24-06:00,,,7,L07h04-1 indios verdes - la diana,,3,116633,FFFFFF,,,,,,
metrobus,metrobus_vehicle_positions_enriched,2026-08-25T21:45:44Z,2026-08-25,20260825T214540Z,27abff62-7f95-4c4f-83bf-9e2c0f445c5a,,19515,0.0,20:46:31,20260825,71178,5011,,19.426912307739258,-99.11173248291016,804.0,0.0,0.0,,,,1787694332,2026-08-25 15:45:32-06:00,,,4,L04e02-1 buenavista - san lázaro ote,,3,FF9A03,FFFFFF,,,,,,
metrobus,metrobus_vehicle_positions_enriched,2026-08-25T21:45:44Z,2026-08-25,20260825T214540Z,d078f1d0-dd1d-419f-8d72-39b90e3a7507,,19518,1.0,21:09:58,20260825,71173,5012,,19.43021583557129,-99.14021301269531,279.0,31.0,111.60000000000001,,,,1787694324,2026-08-25 15:45:24-06:00,,,4,L04e08-2 san lázaro pte - buenavista,,3,FF9A03,FFFFFF,,,,,,
metrobus,metrobus_vehicle_positions_enriched,2026-08-25T21:45:44Z,2026-08-25,20260825T214540Z,e5e7cc83-7ec0-43f7-a68b-a6b411b73018,,19520,1.0,21:22:37,20260825,71156,5013,,19.43634033203125,-99.12407684326172,983.0,0.0,0.0,,,,1787694328,2026-08-25 15:45:28-06:00,,,4,L04e04-2 hidalgo - pantitlán,,3,FF9A03,FFFFFF,,,,,,
metrobus,metrobus_vehicle_positions_enriched,2026-08-25T21:45:44Z,2026-08-25,20260825T214540Z,dcc9c5c7-e2e7-4bd4-a0bc-25fd4340e9ea,,19518,1.0,21:12:48,20260825,71182,5014,,19.429712295532227,-99.13671112060547,276.0,0.0,0.0,,,,1787694327,2026-08-25 15:45:27-06:00,,,4,L04e08-2 san lázaro pte - buenavista,,3,FF9A03,FFFFFF,,,,,,
metrobus,metrobus_vehicle_positions_enriched,2026-08-25T21:45:44Z,2026-08-25,20260825T214540Z,2b48a9ac-1336-4ad0-81bb-29badf58be86,,19518,1.0,20:52:44,20260825,72629,5015,,19.437625885009766,-99.15382385253906,213.0,0.0,0.0,,,,1787694329,2026-08-25 15:45:29-06:00,,,4,L04e08-2 san lázaro pte - buenavista,,3,FF9A03,FFFFFF,,,,,,
metrobus,metrobus_vehicle_positions_enriched,2026-08-25T21:45:44Z,2026-08-25,20260825T214540Z,ac2279be-41e8-424a-af13-9ff5c740f508,,19455,0.0,21:31:44,20260825,69814,461,1260117,19.49301528930664,-99.15335083007812,159.0,35.0,126.0,,,,1787694322,2026-08-25 15:45:22-06:00,,,3,L03d02-1 tenayuca - buenavista,,3,7A9A01,FFFFFF,,,,,,
metrobus,metrobus_vehicle_positions_enriched,2026-08-25T21:45:44Z,2026-08-25,20260825T214540Z,37f69419-95bb-4d2b-afed-2efb6ab9805f,,19455,0.0,21:25:22,20260825,69815,462,1260118,19.479509353637695,-99.14826202392578,160.0,0.0,0.0,,,,1787694331,2026-08-25 15:45:31-06:00,,,3,L03d02-1 tenayuca - buenavista,,3,7A9A01,FFFFFF,,,,,,
metrobus,metrobus_vehicle_positions_enriched,2026-08-25T21:45:44Z,2026-08-25,20260825T214540Z,44d5e44c-3b91-4393-a795-17647406fdb2,,,,,,69979,220,001A214,19.506580352783203,-99.086669921875,0.0,0.0,0.0,,,,1787691337,2026-08-25 14:55:37-06:00,,,,,,,,,,,,,,
metrobus,metrobus_vehicle_positions_enriched,2026-08-25T21:45:44Z,2026-08-25,20260825T214540Z,769368dd-146a-4cdc-a277-944783de59ba,,,,,,69816,463,1260119,19.510879516601562,-99.15729522705078,0.0,0.0,0.0,,,,1787154281,2026-08-19 09:44:41-06:00,,,,,,,,,,,,,,
metrobus,metrobus_vehicle_positions_enriched,2026-08-25T21:45:44Z,2026-08-25,20260825T214540Z,85c8ab5f-3734-40dc-bfa0-35a90587b07f,,19567,1.0,21:44:44,20260825,69980,221,001A142,19.383501052856445,-99.17630004882812,148.0,0.0,0.0,,,,1787694329,2026-08-25 15:45:29-06:00,,,2,L02c03-2 col. del valle - tepalcates,,3,8D1A96,FFFFFF,,,,,,
metrobus,metrobus_vehicle_positions_enriched,2026-08-25T21:45:44Z,2026-08-25,20260825T214540Z,9f324aee-1d6b-46dd-a9c7-9150092f38ed,,19456,1.0,21:07:49,20260825,69817,464,1260120,19.527687072753906,-99.1695327758789,319.0,0.0,0.0,,,,1787694328,2026-08-25 15:45:28-06:00,,,3,L03d02-2 buenavista - tenayuca,,3,7A9A01,FFFFFF,,,,,,
metrobus,metrobus_vehicle_positions_enriched,2026-08-25T21:45:44Z,2026-08-25,20260825T214540Z,d87a426c-af2f-4ab9-a9e8-8b9aa55c4da7,,19564,0.0,04:00:47,20260825,69981,222,001A143,19.387388229370117,-99.07377624511719,298.0,34.0,122.4,,,,1787631229,2026-08-24 22:13:49-06:00,,,2,L02c02-1 tepalcates - etiopía l3,,3,8D1A96,FFFFFF,,,,,,
metrobus,metrobus_vehicle_positions_enriched,2026-08-25T21:45:44Z,2026-08-25,20260825T214540Z,31f17c30-9b8a-4196-8a45-a08963a3443f,,19455,0.0,21:15:51,20260825,69818,465,1260121,19.455841064453125,-99.14502716064453,192.0,32.0,115.2,,,,1787694332,2026-08-25 15:45:32-06:00,,,3,L03d02-1 tenayuca - buenavista,,3,7A9A01,FFFFFF,,,,,,
metrobus,metrobus_vehicle_positions_enriched,2026-08-25T21:45:44Z,2026-08-25,20260825T214540Z,7a45ca88-6def-4078-af4a-ad03d9f8a8aa,,19566,0.0,20:57:19,20260825,69982,223,001A144,19.395322799682617,-99.1467514038086,273.0,0.0,0.0,,,,1787694331,2026-08-25 15:45:31-06:00,,,2,L02c03-1 tepalcates - col. del valle,,3,8D1A96,FFFFFF,,,,,,
metrobus,metrobus_vehicle_positions_enriched,2026-08-25T21:45:44Z,2026-08-25,20260825T214540Z,d5594c44-802e-44ff-908d-f4c22d2f1981,,19455,0.0,21:39:49,20260825,69819,466,1260122,19.51580238342285,-99.1620864868164,159.0,42.0,151.20000000000002,,,,1787694326,2026-08-25 15:45:26-06:00,,,3,L03d02-1 tenayuca - buenavista,,3,7A9A01,FFFFFF,,,,,,
metrobus,metrobus_vehicle_positions_enriched,2026-08-25T21:45:44Z,2026-08-25,20260825T214540Z,af890c1e-1c84-4a22-b2e1-fce8ae39915c,,19559,0.0,06:50:59,20260825,69983,224,001A145,19.490087509155273,-99.09178161621094,0.0,0.0,0.0,,,,1787644259,2026-08-25 01:50:59-06:00,,,5,L05f05-1 río de los remedios - preparatoria 1,,3,141982,FFFFFF,,,,,,
metrobus,metrobus_vehicle_positions_enriched,2026-08-25T21:45:44Z,2026-08-25,20260825T214540Z,3b1d4b99-549a-4f5b-a464-8adc5693e2aa,,,,,,69820,467,1260123,19.44577980041504,-99.15177154541016,633.0,0.0,0.0,,,,1787694320,2026-08-25 15:45:20-06:00,,,,,,,,,,,,,,
metrobus,metrobus_vehicle_positions_enriched,2026-08-25T21:45:44Z,2026-08-25,20260825T214540Z,d9ac1db5-e31d-4ccf-bc7e-c6c80841b763,,,,,,69984,225,001A146,19.385894775390625,-99.0454330444336,300.0,0.0,0.0,,,,1787679618,2026-08-25 11:40:18-06:00,,,,,,,,,,,,,,
metrobus,metrobus_vehicle_positions_enriched,2026-08-25T21:45:44Z,2026-08-25,20260825T214540Z,71484891-07e7-43e9-8262-06452a5400df,,19455,0.0,21:10:02,20260825,69821,468,1260124,19.445497512817383,-99.14742279052734,191.0,4.0,14.4,,,,1787694326,2026-08-25 15:45:26-06:00,,,3,L03d02-1 tenayuca - buenavista,,3,7A9A01,FFFFFF,,,,,,
metrobus,metrobus_vehicle_positions_enriched,2026-08-25T21:45:44Z,2026-08-25,20260825T214540Z,d691f463-3e3b-4425-b65a-48d5c87fdfdb,,19563,0.0,20:38:32,20260825,69985,226,001A147,19.407054901123047,-99.1816635131836,289.0,22.0,79.2,,,,1787694333,2026-08-25 15:45:33-06:00,,,2,L02c01-1 tepalcates - tacubaya,,3,8D1A96,FFFFFF,,,,,,
metrobus,metrobus_vehicle_positions_enriched,2026-08-25T21:45:44Z,2026-08-25,20260825T214540Z,e3a56cb6-85d1-42d5-8a6e-899fec8467ed,,19558,1.0,21:38:38,20260825,69986,227,001A148,19.295339584350586,-99.11451721191406,750.0,39.0,140.4,,,,1787694324,2026-08-25 15:45:24-06:00,,,5,L05f05-2 preparatoria 1 - río de los remedios,,3,141982,FFFFFF,,,,,,
metrobus,metrobus_vehicle_positions_enriched,2026-08-25T21:45:44Z,2026-08-25,20260825T214540Z,3413ef76-1edd-4b8a-8277-d05f5e5ce8cb,,19460,1.0,21:09:25,20260825,69822,469,1260125,19.43642807006836,-99.1471939086914,620.0,2.0,7.2,,,,1787694319,2026-08-25 15:45:19-06:00,,,3,L03d05-2 pueblo sta. cruz atoyac  - tenayuca,,3,7A9A01,FFFFFF,,,,,,
metrobus,metrobus_vehicle_positions_enriched,2026-08-25T21:45:44Z,2026-08-25,20260825T214540Z,e67454fc-cc01-4331-ac3e-65cc314088b2,,19520,1.0,21:38:43,20260825,71154,5005,,19.43828010559082,-99.13763427734375,984.0,0.0,0.0,,,,1787694330,2026-08-25 15:45:30-06:00,,,4,L04e04-2 hidalgo - pantitlán,,3,FF9A03,FFFFFF,,,,,,
metrobus,metrobus_vehicle_positions_enriched,2026-08-25T21:45:44Z,2026-08-25,20260825T214540Z,b5054e2f-e5be-4d63-a560-4f032632f8b5,,19566,0.0,21:05:20,20260825,69987,228,001A149,19.398174285888672,-99.1248550415039,268.0,0.0,0.0,,,,1787694326,2026-08-25 15:45:26-06:00,,,2,L02c03-1 tepalcates - col. del valle,,3,8D1A96,FFFFFF,,,,,,
metrobus,metrobus_vehicle_positions_enriched,2026-08-25T21:45:44Z,2026-08-25,20260825T214540Z,fc7989ff-9e96-4787-9b2e-154c3a8b5c0f,,,,,,69988,229,001A150,19.3863468170166,-99.04660034179688,309.0,1.0,3.6,,,,1787694321,2026-08-25 15:45:21-06:00,,,,,,,,,,,,,,
metrobus,metrobus_vehicle_positions_enriched,2026-08-25T21:45:44Z,2026-08-25,20260825T214540Z,26bfcb7b-886f-410d-b07b-e9176a3426eb,,19519,0.0,21:32:52,20260825,71223,5006,,19.43762969970703,-99.11026763916016,274.0,0.0,0.0,,,,1787694325,2026-08-25 15:45:25-06:00,,,4,L04e04-1 pantitlán - hidalgo,,3,FF9A03,FFFFFF,,,,,,
metrobus,metrobus_vehicle_positions_enriched,2026-08-25T21:45:44Z,2026-08-25,20260825T214540Z,9e0585a7-af8c-465d-ba5b-1f39cd01d99e,,19520,1.0,21:18:41,20260825,71172,5007,,19.43563461303711,-99.11894226074219,100.0,0.0,0.0,,,,1787694333,2026-08-25 15:45:33-06:00,,,4,L04e04-2 hidalgo - pantitlán,,3,FF9A03,FFFFFF,,,,,,
metrobus,metrobus_vehicle_positions_enriched,2026-08-25T21:45:44Z,2026-08-25,20260825T214540Z,68960c0b-ac7a-495b-a377-7a8854d1cbfa,,19518,1.0,21:40:36,20260825,71175,5008,,19.4256591796875,-99.11344146728516,189.0,0.0,0.0,,,,1787694323,2026-08-25 15:45:23-06:00,,,4,L04e08-2 san lázaro pte - buenavista,,3,FF9A03,FFFFFF,,,,,,
metrobus,metrobus_vehicle_positions_enriched,2026-08-25T21:45:44Z,2026-08-25,20260825T214540Z,2f4930e0-fac5-4082-a948-746ef2a8f652,,19518,1.0,21:43:12,20260825,71184,5009,,19.427045822143555,-99.11478424072266,960.0,21.0,75.60000000000001,,,,1787694328,2026-08-25 15:45:28-06:00,,,4,L04e08-2 san lázaro pte - buenavista,,3,FF9A03,FFFFFF,,,,,,
metrobus,metrobus_vehicle_positions_enriched,2026-08-25T21:45:44Z,2026-08-25,20260825T214540Z,446c01d4-8b95-4644-8c34-3cf209cbd32d,,19516,1.0,21:11:48,20260825,72778,5020,,19.438199996948242,-99.15042114257812,283.0,9.0,32.4,,,,1787694328,2026-08-25 15:45:28-06:00,,,4,L04e02-2 san lázaro ote - buenavista,,3,FF9A03,FFFFFF,,,,,,
metrobus,metrobus_vehicle_positions_enriched,2026-08-25T21:45:44Z,2026-08-25,20260825T214540Z,87f893d7-753e-419a-8494-43af0d83a6d5,,19517,0.0,21:16:27,20260825,71153,5021,,19.436498641967773,-99.12448120117188,985.0,0.0,0.0,,,,1787694333,2026-08-25 15:45:33-06:00,,,4,L04e08-1 buenavista - san lázaro pte,,3,FF9A03,FFFFFF,,,,,,
metrobus,metrobus_vehicle_positions_enriched,2026-08-25T21:45:44Z,2026-08-25,20260825T214540Z,8c468a6e-eb13-46e4-8ea1-4d4fc2260be3,,19520,1.0,14:16:49,20260825,71152,5022,,19.417068481445312,-99.07479858398438,553.0,13.0,46.800000000000004,,,,1787669638,2026-08-25 08:53:58-06:00,,,4,L04e04-2 hidalgo - pantitlán,,3,FF9A03,FFFFFF,,,,,,
metrobus,metrobus_vehicle_positions_enriched,2026-08-25T21:45:44Z,2026-08-25,20260825T214540Z,3fbb2f09-aac4-4a5c-92aa-7f6441bbb6cb,,19582,0.0,21:11:00,20260825,71176,5023,,19.436267852783203,-99.14857482910156,243.0,0.0,0.0,,,,1787694331,2026-08-25 15:45:31-06:00,,,7,L07h04-1 indios verdes - la diana,,3,116633,FFFFFF,,,,,,
metrobus,metrobus_vehicle_positions_enriched,2026-08-25T21:45:44Z,2026-08-25,20260825T214540Z,17468c69-732c-48a3-adf1-a2a121ae226a,,19515,0.0,21:06:29,20260825,71155,5024,,19.423513412475586,-99.12584686279297,185.0,0.0,0.0,,,,1787694324,2026-08-25 15:45:24-06:00,,,4,L04e02-1 buenavista - san lázaro ote,,3,FF9A03,FFFFFF,,,,,,
metrobus,metrobus_vehicle_positions_enriched,2026-08-25T21:45:44Z,2026-08-25,20260825T214540Z,0155ab3a-0635-41bc-97ae-9f5b34a2cf34,,19517,0.0,21:06:36,20260825,71190,5025,,19.43552589416504,-99.11592864990234,968.0,13.0,46.800000000000004,,,,1787694332,2026-08-25 15:45:32-06:00,,,4,L04e08-1 buenavista - san lázaro pte,,3,FF9A03,FFFFFF,,,,,,
metrobus,metrobus_vehicle_positions_enriched,2026-08-25T21:45:44Z,2026-08-25,20260825T214540Z,fe1d1a46-8d69-4750-980d-b4953f8b5eb5,,,,,,71191,5026,,19.444673538208008,-99.1522445678711,187.0,0.0,0.0,,,,1787694324,2026-08-25 15:45:24-06:00,,,,,,,,,,,,,,
metrobus,metrobus_vehicle_positions_enriched,2026-08-25T21:45:44Z,2026-08-25,20260825T214540Z,a8b3551a-6310-47cc-97fd-ec3a295ae598,,19460,1.0,21:43:33,20260825,69823,470,1260126,19.378976821899414,-99.15921783447266,133.0,12.0,43.2,,,,1787694334,2026-08-25 15:45:34-06:00,,,3,L03d05-2 pueblo sta. cruz atoyac  - tenayuca,,3,7A9A01,FFFFFF,,,,,,
metrobus,metrobus_vehicle_positions_enriched,2026-08-25T21:45:44Z,2026-08-25,20260825T214540Z,9a8ff031-1e79-4108-b0de-1658a0be62ee,,19460,1.0,21:21:26,20260825,69824,471,1260127,19.42557716369629,-99.14933776855469,945.0,0.0,0.0,,,,1787694332,2026-08-25 15:45:32-06:00,,,3,L03d05-2 pueblo sta. cruz atoyac  - tenayuca,,3,7A9A01,FFFFFF,,,,,,
metrobus,metrobus_vehicle_positions_enriched,2026-08-25T21:45:44Z,2026-08-25,20260825T214540Z,7935b827-a839-4ec7-b604-e8dee7c29c94,,,,,,69989,230,001A151,19.429874420166016,-99.11569213867188,0.0,0.0,0.0,,,,1787691881,2026-08-25 15:04:41-06:00,,,,,,,,,,,,,,
metrobus,metrobus_vehicle_positions_enriched,2026-08-25T21:45:44Z,2026-08-25,20260825T214540Z,82a3e7c4-c23e-4b1d-958e-4e7d424d9b89,,19459,0.0,21:05:10,20260825,69825,472,1260128,19.429460525512695,-99.14805603027344,189.0,30.0,108.0,,,,1787694322,2026-08-25 15:45:22-06:00,,,3,L03d05-1 tenayuca - pueblo sta. cruz atoyac,,3,7A9A01,FFFFFF,,,,,,
metrobus,metrobus_vehicle_positions_enriched,2026-08-25T21:45:44Z,2026-08-25,20260825T214540Z,6b1e2bad-4880-41b6-8238-fb9263cf476c,,19563,0.0,20:31:33,20260825,69990,231,001A152,19.407812118530273,-99.18943786621094,268.0,0.0,0.0,,,,1787694322,2026-08-25 15:45:22-06:00,,,2,L02c01-1 tepalcates - tacubaya,,3,8D1A96,FFFFFF,,,,,,
metrobus,metrobus_vehicle_positions_enriched,2026-08-25T21:45:44Z,2026-08-25,20260825T214540Z,33004c8a-25ec-4816-b9c4-b61863fb5ca8,,19565,1.0,21:20:08,20260825,69991,232,001A153,19.39653778076172,-99.09601593017578,969.0,0.0,0.0,,,,1787694322,2026-08-25 15:45:22-06:00,,,2,L02c02-2 etiopía l3 - tepalcates,,3,8D1A96,FFFFFF,,,,,,
metrobus,metrobus_vehicle_positions_enriched,2026-08-25T21:45:44Z,2026-08-25,20260825T214540Z,faf03a66-6553-4f6c-9ef4-8d45a787020b,,,,,,69992,233,001A154,19.4888858795166,-99.0921859741211,0.0,0.0,0.0,,,,1787681948,2026-08-25 12:19:08-06:00,,,,,,,,,,,,,,
metrobus,metrobus_vehicle_positions_enriched,2026-08-25T21:45:44Z,2026-08-25,20260825T214540Z,aa587181-635b-46e1-8eac-d4887172ede3,,19567,1.0,21:23:41,20260825,69994,235,001A156,19.394752502441406,-99.14306640625,983.0,0.0,0.0,,,,1787694331,2026-08-25 15:45:31-06:00,,,2,L02c03-2 col. del valle - tepalcates,,3,8D1A96,FFFFFF,,,,,,
metrobus,metrobus_vehicle_positions_enriched,2026-08-25T21:45:44Z,2026-08-25,20260825T214540Z,edc5969e-649e-45c8-bfec-a87209d8b527,,19518,1.0,21:19:55,20260825,71179,5016,,19.42609977722168,-99.13401794433594,276.0,0.0,0.0,,,,1787694332,2026-08-25 15:45:32-06:00,,,4,L04e08-2 san lázaro pte - buenavista,,3,FF9A03,FFFFFF,,,,,,
metrobus,metrobus_vehicle_positions_enriched,2026-08-25T21:45:44Z,2026-08-25,20260825T214540Z,701130fc-0d21-4c79-9dfe-7c9c86e55c47,,19515,0.0,20:48:42,20260825,72777,5017,,19.427223205566406,-99.11634063720703,98.0,0.0,0.0,,,,1787694332,2026-08-25 15:45:32-06:00,,,4,L04e02-1 buenavista - san lázaro ote,,3,FF9A03,FFFFFF,,,,,,
metrobus,metrobus_vehicle_positions_enriched,2026-08-25T21:45:44Z,2026-08-25,20260825T214540Z,c6b0cd85-963f-41bc-be49-57acf234101a,,19518,1.0,21:04:08,20260825,71186,5018,,19.43044662475586,-99.14236450195312,275.0,0.0,0.0,,,,1787694328,2026-08-25 15:45:28-06:00,,,4,L04e08-2 san lázaro pte - buenavista,,3,FF9A03,FFFFFF,,,,,,
metrobus,metrobus_vehicle_positions_enriched,2026-08-25T21:45:44Z,2026-08-25,20260825T214540Z,fc4de87a-2ab9-4e30-aa63-3d43fa1960fe,,19520,1.0,21:01:24,20260825,71188,5019,,19.41748046875,-99.0783462524414,125.0,0.0,0.0,,,,1787694321,2026-08-25 15:45:21-06:00,,,4,L04e04-2 hidalgo - pantitlán,,3,FF9A03,FFFFFF,,,,,,
metrobus,metrobus_vehicle_positions_enriched,2026-08-25T21:45:44Z,2026-08-25,20260825T214540Z,e2affb01-5f6e-48cc-98e1-102df5797267,,,,,,71195,5030,,19.44512367248535,-99.15184783935547,270.0,0.0,0.0,,,,1787694329,2026-08-25 15:45:29-06:00,,,,,,,,,,,,,,
metrobus,metrobus_vehicle_positions_enriched,2026-08-25T21:45:44Z,2026-08-25,20260825T214540Z,def8c363-10ca-4e59-a2c1-682bd924f037,,19517,0.0,21:44:40,20260825,71196,5031,,19.442771911621094,-99.1524658203125,184.0,0.0,0.0,,,,1787694325,2026-08-25 15:45:25-06:00,,,4,L04e08-1 buenavista - san lázaro pte,,3,FF9A03,FFFFFF,,,,,,
metrobus,metrobus_vehicle_positions_enriched,2026-08-25T21:45:44Z,2026-08-25,20260825T214540Z,a7c9d95d-8f12-4c86-80ba-cb2071350254,,19520,1.0,21:01:12,20260825,71198,5032,,19.418411254882812,-99.07759857177734,567.0,0.0,0.0,,,,1787694324,2026-08-25 15:45:24-06:00,,,4,L04e04-2 hidalgo - pantitlán,,3,FF9A03,FFFFFF,,,,,,
metrobus,metrobus_vehicle_positions_enriched,2026-08-25T21:45:44Z,2026-08-25,20260825T214540Z,d6911024-179e-4807-8842-bcdc9b6c6151,,19583,1.0,21:39:12,20260825,71202,5033,,19.430187225341797,-99.16067504882812,638.0,13.0,46.800000000000004,,,,1787694329,2026-08-25 15:45:29-06:00,,,7,L07h04-2 la diana - indios verdes,,3,116633,FFFFFF,,,,,,
metrobus,metrobus_vehicle_positions_enriched,2026-08-25T21:45:44Z,2026-08-25,20260825T214540Z,8942826d-3b66-45d2-a02e-11f29b227cdd,,19518,1.0,21:15:53,20260825,71203,5034,,19.42951011657715,-99.13573455810547,276.0,29.0,104.4,,,,1787694329,2026-08-25 15:45:29-06:00,,,4,L04e08-2 san lázaro pte - buenavista,,3,FF9A03,FFFFFF,,,,,,
metrobus,metrobus_vehicle_positions_enriched,2026-08-25T21:45:44Z,2026-08-25,20260825T214540Z,22a164d3-6f98-41eb-8578-992606038d84,,19515,0.0,21:30:25,20260825,74948,5035,,19.431310653686523,-99.14839935302734,996.0,0.0,0.0,,,,1787694329,2026-08-25 15:45:29-06:00,,,4,L04e02-1 buenavista - san lázaro ote,,3,FF9A03,FFFFFF,,,,,,
metrobus,metrobus_vehicle_positions_enriched,2026-08-25T21:45:44Z,2026-08-25,20260825T214540Z,0dd9577b-014e-4210-a423-8c9fc09b9a36,,19517,0.0,21:04:42,20260825,71205,5036,,19.435466766357422,-99.11515808105469,951.0,0.0,0.0,,,,1787694324,2026-08-25 15:45:24-06:00,,,4,L04e08-1 buenavista - san lázaro pte,,3,FF9A03,FFFFFF,,,,,,
metrobus,metrobus_vehicle_positions_enriched,2026-08-25T21:45:44Z,2026-08-25,20260825T214540Z,ed369388-8d77-468f-b660-197dc943c356,,19520,1.0,21:32:37,20260825,71207,5037,,19.43677520751953,-99.12670135498047,973.0,9.0,32.4,,,,1787694325,2026-08-25 15:45:25-06:00,,,4,L04e04-2 hidalgo - pantitlán,,3,FF9A03,FFFFFF,,,,,,
metrobus,metrobus_vehicle_positions_enriched,2026-08-25T21:45:44Z,2026-08-25,20260825T214540Z,ee74e2a6-2b88-4f7a-91da-0ede7c7c7b57,,,,,,71192,5027,,19.4376220703125,-99.14814758300781,103.0,0.0,0.0,,,,1787694321,2026-08-25 15:45:21-06:00,,,,,,,,,,,,,,
metrobus,metrobus_vehicle_positions_enriched,2026-08-25T21:45:44Z,2026-08-25,20260825T214540Z,5f5b7934-2c12-4bab-ba47-32f150abff1d,,,,,,71193,5028,,19.44492530822754,-99.15228271484375,188.0,0.0,0.0,,,,1787694332,2026-08-25 15:45:32-06:00,,,,,,,,,,,,,,
metrobus,metrobus_vehicle_positions_enriched,2026-08-25T21:45:44Z,2026-08-25,20260825T214540Z,d6948924-9915-406d-8387-c3b7d0fb1253,,,,,,71194,5029,,19.43763542175293,-99.14791870117188,102.0,0.0,0.0,,,,1787694333,2026-08-25 15:45:33-06:00,,,,,,,,,,,,,,
metrobus,metrobus_vehicle_positions_enriched,2026-08-25T21:45:44Z,2026-08-25,20260825T214540Z,ee9e6e22-ce95-4137-b1ec-b1fc12c19436,,19515,0.0,21:15:15,20260825,71216,5042,,19.428688049316406,-99.13249206542969,189.0,0.0,0.0,,,,1787694323,2026-08-25 15:45:23-06:00,,,4,L04e02-1 buenavista - san lázaro ote,,3,FF9A03,FFFFFF,,,,,,
metrobus,metrobus_vehicle_positions_enriched,2026-08-25T21:45:44Z,2026-08-25,20260825T214540Z,9415f2f4-809f-4062-ab47-f7ca0dc952da,,19516,1.0,21:22:24,20260825,71218,5043,,19.43631362915039,-99.14168548583984,281.0,27.0,97.2,,,,1787694331,2026-08-25 15:45:31-06:00,,,4,L04e02-2 san lázaro ote - buenavista,,3,FF9A03,FFFFFF,,,,,,
metrobus,metrobus_vehicle_positions_enriched,2026-08-25T21:45:44Z,2026-08-25,20260825T214540Z,1080bf0c-475c-4f58-8641-dbc54082b45d,,,,,,71219,5044,,19.416959762573242,-99.07383728027344,983.0,0.0,0.0,,,,1787677269,2026-08-25 11:01:09-06:00,,,,,,,,,,,,,,
metrobus,metrobus_vehicle_positions_enriched,2026-08-25T21:45:44Z,2026-08-25,20260825T214540Z,c70f0df4-474f-41e4-8503-cbd60af9f1d4,,19518,1.0,21:30:01,20260825,71217,5045,,19.424072265625,-99.13098907470703,560.0,0.0,0.0,,,,1787694335,2026-08-25 15:45:35-06:00,,,4,L04e08-2 san lázaro pte - buenavista,,3,FF9A03,FFFFFF,,,,,,
metrobus,metrobus_vehicle_positions_enriched,2026-08-25T21:45:44Z,2026-08-25,20260825T214540Z,a86e0b2f-e41f-417b-a589-4d9a5476f69d,,19460,1.0,20:49:54,20260825,69828,9403,003A010,19.485151290893555,-99.15028381347656,341.0,0.0,0.0,,,,1787694323,2026-08-25 15:45:23-06:00,,,3,L03d05-2 pueblo sta. cruz atoyac  - tenayuca,,3,7A9A01,FFFFFF,,,,,,
metrobus,metrobus_vehicle_positions_enriched,2026-08-25T21:45:44Z,2026-08-25,20260825T214540Z,f4d18dd3-eaa0-4226-8fe7-37eda3eb6c04,,19516,1.0,21:33:00,20260825,71215,5046,,19.436767578125,-99.12653350830078,278.0,15.0,54.0,,,,1787694333,2026-08-25 15:45:33-06:00,,,4,L04e02-2 san lázaro ote - buenavista,,3,FF9A03,FFFFFF,,,,,,
metrobus,metrobus_vehicle_positions_enriched,2026-08-25T21:45:44Z,2026-08-25,20260825T214540Z,3da33630-68ce-4598-a81d-131be5a729b8,,19458,1.0,21:41:23,20260825,69829,9404,003A011,19.43110466003418,-99.14830017089844,720.0,0.0,0.0,,,,1787694324,2026-08-25 15:45:24-06:00,,,3,L03d04-2 balderas - tenayuca,,3,7A9A01,FFFFFF,,,,,,
metrobus,metrobus_vehicle_positions_enriched,2026-08-25T21:45:44Z,2026-08-25,20260825T214540Z,07d416c0-50a6-40fc-93d0-b523d096913c,,,,,,71213,5047,,19.437786102294922,-99.14803314208984,285.0,14.0,50.4,,,,1787694324,2026-08-25 15:45:24-06:00,,,,,,,,,,,,,,
metrobus,metrobus_vehicle_positions_enriched,2026-08-25T21:45:44Z,2026-08-25,20260825T214540Z,85c049d8-5de9-4513-839d-e0376d5fbdf9,,19458,1.0,21:03:04,20260825,69826,9401,TienepermisodeSEMOVI,19.524646759033203,-99.16706848144531,324.0,16.0,57.6,,,,1787694330,2026-08-25 15:45:30-06:00,,,3,L03d04-2 balderas - tenayuca,,3,7A9A01,FFFFFF,,,,,,
metrobus,metrobus_vehicle_positions_enriched,2026-08-25T21:45:44Z,2026-08-25,20260825T214540Z,21a4f4f7-e03d-40c4-bad8-6cbdb5676a90,,19517,0.0,21:33:16,20260825,74963,5048,,19.436302185058594,-99.14086151123047,997.0,0.0,0.0,,,,1787694320,2026-08-25 15:45:20-06:00,,,4,L04e08-1 buenavista - san lázaro pte,,3,FF9A03,FFFFFF,,,,,,
metrobus,metrobus_vehicle_positions_enriched,2026-08-25T21:45:44Z,2026-08-25,20260825T214540Z,e2bdffe1-db30-453f-9a38-5c1b82105585,,,,,,69827,9402,003A009,19.51081657409668,-99.1572265625,0.0,0.0,0.0,,,,1787649369,2026-08-25 03:16:09-06:00,,,,,,,,,,,,,,
metrobus,metrobus_vehicle_positions_enriched,2026-08-25T21:45:44Z,2026-08-25,20260825T214540Z,b13e9751-552c-40dd-a846-8ae24270fdc9,,19517,0.0,21:38:56,20260825,71212,5040,,19.43807601928711,-99.1509780883789,101.0,0.0,0.0,,,,1787694328,2026-08-25 15:45:28-06:00,,,4,L04e08-1 buenavista - san lázaro pte,,3,FF9A03,FFFFFF,,,,,,
metrobus,metrobus_vehicle_positions_enriched,2026-08-25T21:45:44Z,2026-08-25,20260825T214540Z,03601289-96c5-43a4-a542-1d93972a12d0,,,,,,71209,5038,,19.44512176513672,-99.1522216796875,169.0,0.0,0.0,,,,1787694335,2026-08-25 15:45:35-06:00,,,,,,,,,,,,,,
metrobus,metrobus_vehicle_positions_enriched,2026-08-25T21:45:44Z,2026-08-25,20260825T214540Z,e5648e6c-715d-4b22-8a48-3134ee545326,,,,,,71211,5039,,19.42284393310547,-99.09252166748047,201.0,0.0,0.0,,,,1787691412,2026-08-25 14:56:52-06:00,,,,,,,,,,,,,,
metrobus,metrobus_vehicle_positions_enriched,2026-08-25T21:45:44Z,2026-08-25,20260825T214540Z,18445d68-acb4-4e81-9542-eb9e29e7856b,,19457,0.0,21:20:28,20260825,69835,9410,003A017,19.462764739990234,-99.14470672607422,211.0,34.0,122.4,,,,1787694319,2026-08-25 15:45:19-06:00,,,3,L03d04-1 tenayuca - balderas,,3,7A9A01,FFFFFF,,,,,,
metrobus,metrobus_vehicle_positions_enriched,2026-08-25T21:45:44Z,2026-08-25,20260825T214540Z,a3ec196e-da4e-4fd2-83a5-f1beb8809c88,,19515,0.0,21:04:20,20260825,71200,5052,,19.4232120513916,-99.12178802490234,874.0,0.0,0.0,,,,1787694331,2026-08-25 15:45:31-06:00,,,4,L04e02-1 buenavista - san lázaro ote,,3,FF9A03,FFFFFF,,,,,,
metrobus,metrobus_vehicle_positions_enriched,2026-08-25T21:45:44Z,2026-08-25,20260825T214540Z,236e9c6b-6542-4f02-ad2e-6afdd38cc3a8,,,,,,71199,5053,,19.43575096130371,-99.11822509765625,276.0,34.0,122.4,,,,1787694332,2026-08-25 15:45:32-06:00,,,,,,,,,,,,,,
metrobus,metrobus_vehicle_positions_enriched,2026-08-25T21:45:44Z,2026-08-25,20260825T214540Z,d19911bd-7d33-400b-9323-54dbcf66f101,,19459,0.0,21:40:08,20260825,69836,9411,,19.517066955566406,-99.16261291503906,159.0,38.0,136.8,,,,1787694319,2026-08-25 15:45:19-06:00,,,3,L03d05-1 tenayuca - pueblo sta. cruz atoyac,,3,7A9A01,FFFFFF,,,,,,
metrobus,metrobus_vehicle_positions_enriched,2026-08-25T21:45:44Z,2026-08-25,20260825T214540Z,3ada616e-d4b3-4611-a780-1099b2769f39,,19517,0.0,21:24:28,20260825,71197,5054,,19.437198638916016,-99.13019561767578,995.0,22.0,79.2,,,,1787694334,2026-08-25 15:45:34-06:00,,,4,L04e08-1 buenavista - san lázaro pte,,3,FF9A03,FFFFFF,,,,,,
metrobus,metrobus_vehicle_positions_enriched,2026-08-25T21:45:44Z,2026-08-25,20260825T214540Z,36c65b9e-5489-4bbe-852c-7a5623ac569d,,19429,0.0,21:34:10,20260825,69839,9414,,19.499980926513672,-99.15593719482422,161.0,37.0,133.20000000000002,,,,1787694328,2026-08-25 15:45:28-06:00,,,3,L03d03-1 tenayuca - la raza,,3,7A9A01,FFFFFF,,,,,,
metrobus,metrobus_vehicle_positions_enriched,2026-08-25T21:45:44Z,2026-08-25,20260825T214540Z,4c38fa86-e92c-4f94-996d-718b3c1184c8,,19519,0.0,21:27:34,20260825,72781,5056,,19.43613052368164,-99.12100982666016,275.0,0.0,0.0,,,,1787694330,2026-08-25 15:45:30-06:00,,,4,L04e04-1 pantitlán - hidalgo,,3,FF9A03,FFFFFF,,,,,,
metrobus,metrobus_vehicle_positions_enriched,2026-08-25T21:45:44Z,2026-08-25,20260825T214540Z,29393952-df49-4997-9f5d-4a4113d8da26,,27054,0.0,21:08:46,20260825,74652,5057,,19.423246383666992,-99.12150573730469,889.0,0.0,0.0,,,,1787694325,2026-08-25 15:45:25-06:00,,,4,L04e10-1 amajac - aicm,,3,FF9A03,FFFFFF,,,,,,
metrobus,metrobus_vehicle_positions_enriched,2026-08-25T21:45:44Z,2026-08-25,20260825T214540Z,080b8865-0ef8-465a-ae43-11c08accf242,,19457,0.0,21:34:00,20260825,69840,9415,,19.496427536010742,-99.15465545654297,159.0,19.0,68.4,,,,1787694333,2026-08-25 15:45:33-06:00,,,3,L03d04-1 tenayuca - balderas,,3,7A9A01,FFFFFF,,,,,,
metrobus,metrobus_vehicle_positions_enriched,2026-08-25T21:45:44Z,2026-08-25,20260825T214540Z,f57b75ed-7955-436b-af06-43a16e5f6022,,19457,0.0,21:24:41,20260825,69837,9412,,19.47399139404297,-99.14615631103516,161.0,7.0,25.2,,,,1787694327,2026-08-25 15:45:27-06:00,,,3,L03d04-1 tenayuca - balderas,,3,7A9A01,FFFFFF,,,,,,
metrobus,metrobus_vehicle_positions_enriched,2026-08-25T21:45:44Z,2026-08-25,20260825T214540Z,ef234de3-9b92-403a-a3c6-11e276c8f105,,27054,0.0,21:36:57,20260825,73391,5058,,19.43131446838379,-99.14824676513672,101.0,5.0,18.0,,,,1787694329,2026-08-25 15:45:29-06:00,,,4,L04e10-1 amajac - aicm,,3,FF9A03,FFFFFF,,,,,,
metrobus,metrobus_vehicle_positions_enriched,2026-08-25T21:45:44Z,2026-08-25,20260825T214540Z,b51ac2b5-d840-445e-a4ef-d083ec0dc763,,19459,0.0,21:44:47,20260825,69838,9413,,19.526994705200195,-99.16902923583984,142.0,0.0,0.0,,,,1787694332,2026-08-25 15:45:32-06:00,,,3,L03d05-1 tenayuca - pueblo sta. cruz atoyac,,3,7A9A01,FFFFFF,,,,,,
metrobus,metrobus_vehicle_positions_enriched,2026-08-25T21:45:44Z,2026-08-25,20260825T214540Z,9b4730ef-4539-4322-abf9-1957ef25ff26,,27054,0.0,20:42:25,20260825,74648,5059,,19.43587303161621,-99.0831298828125,568.0,0.0,0.0,,,,1787694328,2026-08-25 15:45:28-06:00,,,4,L04e10-1 amajac - aicm,,3,FF9A03,FFFFFF,,,,,,
metrobus,metrobus_vehicle_positions_enriched,2026-08-25T21:45:44Z,2026-08-25,20260825T214540Z,fbf02bad-12e3-4790-b83b-985721d34483,,19515,0.0,21:38:55,20260825,71206,5050,,19.435361862182617,-99.15335845947266,103.0,17.0,61.2,,,,1787694326,2026-08-25 15:45:26-06:00,,,4,L04e02-1 buenavista - san lázaro ote,,3,FF9A03,FFFFFF,,,,,,
metrobus,metrobus_vehicle_positions_enriched,2026-08-25T21:45:44Z,2026-08-25,20260825T214540Z,54825121-dfa6-4c1b-804a-e70d670e4f3f,,19520,1.0,21:28:41,20260825,71201,5051,,19.436603546142578,-99.12521362304688,975.0,0.0,0.0,,,,1787694334,2026-08-25 15:45:34-06:00,,,4,L04e04-2 hidalgo - pantitlán,,3,FF9A03,FFFFFF,,,,,,
metrobus,metrobus_vehicle_positions_enriched,2026-08-25T21:45:44Z,2026-08-25,20260825T214540Z,82908406-2303-4cd5-b7c3-a09539fcf3a1,,19520,1.0,20:58:39,20260825,71208,5049,,19.43208885192871,-99.10283660888672,117.0,0.0,0.0,,,,1787694322,2026-08-25 15:45:22-06:00,,,4,L04e04-2 hidalgo - pantitlán,,3,FF9A03,FFFFFF,,,,,,
metrobus,metrobus_vehicle_positions_enriched,2026-08-25T21:45:44Z,2026-08-25,20260825T214540Z,fe538c56-3044-4421-9c28-6b3645f1c430,,,,,,69832,9407,003A014,19.425464630126953,-99.1495132446289,936.0,0.0,0.0,,,,1787694329,2026-08-25 15:45:29-06:00,,,,,,,,,,,,,,
metrobus,metrobus_vehicle_positions_enriched,2026-08-25T21:45:44Z,2026-08-25,20260825T214540Z,903f9107-98fc-4d3f-a9ff-2b10372e54da,,19457,0.0,21:13:05,20260825,74084,9405,,19.45134925842285,-99.14606475830078,190.0,12.0,43.2,,,,1787694328,2026-08-25 15:45:28-06:00,,,3,L03d04-1 tenayuca - balderas,,3,7A9A01,FFFFFF,,,,,,
metrobus,metrobus_vehicle_positions_enriched,2026-08-25T21:45:44Z,2026-08-25,20260825T214540Z,3a9a7120-81fb-4095-9ffb-bc0b654231a3,,19457,0.0,21:09:21,20260825,69831,9406,003A013,19.438262939453125,-99.14903259277344,191.0,34.0,122.4,,,,1787694330,2026-08-25 15:45:30-06:00,,,3,L03d04-1 tenayuca - balderas,,3,7A9A01,FFFFFF,,,,,,
metrobus,metrobus_vehicle_positions_enriched,2026-08-25T21:45:44Z,2026-08-25,20260825T214540Z,ea288713-fc57-4db6-96bc-0ac284a8186a,,19458,1.0,21:45:02,20260825,69834,9409,003A016,19.429330825805664,-99.1483383178711,114.0,0.0,0.0,,,,1787694332,2026-08-25 15:45:32-06:00,,,3,L03d04-2 balderas - tenayuca,,3,7A9A01,FFFFFF,,,,,,
metrobus,metrobus_vehicle_positions_enriched,2026-08-25T21:45:44Z,2026-08-25,20260825T214540Z,2567a740-ed8d-4dba-ac98-832fca4d1178,,19460,1.0,20:45:24,20260825,67988,9421,,19.492919921875,-99.15325164794922,340.0,0.0,0.0,,,,1787694336,2026-08-25 15:45:36-06:00,,,3,L03d05-2 pueblo sta. cruz atoyac  - tenayuca,,3,7A9A01,FFFFFF,,,,,,
metrobus,metrobus_vehicle_positions_enriched,2026-08-25T21:45:44Z,2026-08-25,20260825T214540Z,178c5285-2fd9-4987-8bf0-7363f4fae3fc,,,,,,74650,5063,,19.467201232910156,-99.15353393554688,260.0,0.0,0.0,,,,1787613496,2026-08-24 17:18:16-06:00,,,,,,,,,,,,,,
metrobus,metrobus_vehicle_positions_enriched,2026-08-25T21:45:44Z,2026-08-25,20260825T214540Z,fe654494-6259-40b4-b5fd-2d1c2520747a,,27054,0.0,21:00:49,20260825,74659,5064,,19.427169799804688,-99.11616516113281,966.0,0.0,0.0,,,,1787694332,2026-08-25 15:45:32-06:00,,,4,L04e10-1 amajac - aicm,,3,FF9A03,FFFFFF,,,,,,
metrobus,metrobus_vehicle_positions_enriched,2026-08-25T21:45:44Z,2026-08-25,20260825T214540Z,912581ff-aef4-4a7a-8d8a-102ad0fa9de6,,19459,0.0,20:56:49,20260825,67987,9422,,19.424402236938477,-99.15385437011719,184.0,0.0,0.0,,,,1787694332,2026-08-25 15:45:32-06:00,,,3,L03d05-1 tenayuca - pueblo sta. cruz atoyac,,3,7A9A01,FFFFFF,,,,,,
metrobus,metrobus_vehicle_positions_enriched,2026-08-25T21:45:44Z,2026-08-25,20260825T214540Z,b094222e-6493-48f7-983e-4e8ecbbf86a3,,,,,,74644,5065,,19.423423767089844,-99.09219360351562,0.0,0.0,0.0,,,,1787675203,2026-08-25 10:26:43-06:00,,,,,,,,,,,,,,
metrobus,metrobus_vehicle_positions_enriched,2026-08-25T21:45:44Z,2026-08-25,20260825T214540Z,8528b6f7-3f78-41a3-a3ee-df022174059c,,19457,0.0,21:32:56,20260825,69845,9420,,19.49593734741211,-99.15445709228516,159.0,5.0,18.0,,,,1787694330,2026-08-25 15:45:30-06:00,,,3,L03d04-1 tenayuca - balderas,,3,7A9A01,FFFFFF,,,,,,
metrobus,metrobus_vehicle_positions_enriched,2026-08-25T21:45:44Z,2026-08-25,20260825T214540Z,e1be4f97-25a0-42fa-bcc6-c042b4e8dbcc,,27055,1.0,21:43:59,20260825,74667,5066,,19.418359756469727,-99.07921600341797,215.0,6.0,21.6,,,,1787694323,2026-08-25 15:45:23-06:00,,,4,L04e10-2 aicm- amajac,,3,FF9A03,FFFFFF,,,,,,
metrobus,metrobus_vehicle_positions_enriched,2026-08-25T21:45:44Z,2026-08-25,20260825T214540Z,5047aca1-b56d-4245-976b-a7251457787e,,,,,,69850,9425,,19.363903045654297,-99.16275787353516,750.0,0.0,0.0,,,,1787694327,2026-08-25 15:45:27-06:00,,,,,,,,,,,,,,
metrobus,metrobus_vehicle_positions_enriched,2026-08-25T21:45:44Z,2026-08-25,20260825T214540Z,e3a20388-5fd0-4c60-8bc2-c1d15e07a47c,,27054,0.0,20:36:44,20260825,74647,5067,,19.436805725097656,-99.08191680908203,239.0,21.0,75.60000000000001,,,,1787694334,2026-08-25 15:45:34-06:00,,,4,L04e10-1 amajac - aicm,,3,FF9A03,FFFFFF,,,,,,
metrobus,metrobus_vehicle_positions_enriched,2026-08-25T21:45:44Z,2026-08-25,20260825T214540Z,16668373-e537-4b28-acb9-599778c09435,,,,,,69851,9426,,19.510690689086914,-99.15738677978516,726.0,0.0,0.0,,,,1787680261,2026-08-25 11:51:01-06:00,,,,,,,,,,,,,,
metrobus,metrobus_vehicle_positions_enriched,2026-08-25T21:45:44Z,2026-08-25,20260825T214540Z,78ab3247-723b-4758-a8f7-c0ae62c7e9e7,,27054,0.0,21:18:35,20260825,74669,5068,,19.426158905029297,-99.13064575195312,985.0,0.0,0.0,,,,1787694328,2026-08-25 15:45:28-06:00,,,4,L04e10-1 amajac - aicm,,3,FF9A03,FFFFFF,,,,,,
metrobus,metrobus_vehicle_positions_enriched,2026-08-25T21:45:44Z,2026-08-25,20260825T214540Z,32eaf587-6ed6-4336-bc57-b1a7e1006a3d,,19459,0.0,21:00:31,20260825,69848,9423,,19.428071975708008,-99.1488265991211,191.0,0.0,0.0,,,,1787694324,2026-08-25 15:45:24-06:00,,,3,L03d05-1 tenayuca - pueblo sta. cruz atoyac,,3,7A9A01,FFFFFF,,,,,,
metrobus,metrobus_vehicle_positions_enriched,2026-08-25T21:45:44Z,2026-08-25,20260825T214540Z,16a19c86-ef93-463e-afe4-e15277a393dd,,19456,1.0,21:39:14,20260825,69849,9424,,19.455713272094727,-99.14497375488281,13.0,0.0,0.0,,,,1787694331,2026-08-25 15:45:31-06:00,,,3,L03d02-2 buenavista - tenayuca,,3,7A9A01,FFFFFF,,,,,,
metrobus,metrobus_vehicle_positions_enriched,2026-08-25T21:45:44Z,2026-08-25,20260825T214540Z,bdfa603c-86a3-4324-bf6c-6beaa985d460,,27055,1.0,21:30:36,20260825,74651,5060,,19.430734634399414,-99.11551666259766,190.0,0.0,0.0,,,,1787694325,2026-08-25 15:45:25-06:00,,,4,L04e10-2 aicm- amajac,,3,FF9A03,FFFFFF,,,,,,
metrobus,metrobus_vehicle_positions_enriched,2026-08-25T21:45:44Z,2026-08-25,20260825T214540Z,22db7f89-dbad-4ba8-a63d-674183e07ce1,,27055,1.0,21:15:56,20260825,74646,5061,,19.4233341217041,-99.12916564941406,274.0,6.0,21.6,,,,1787694334,2026-08-25 15:45:34-06:00,,,4,L04e10-2 aicm- amajac,,3,FF9A03,FFFFFF,,,,,,
metrobus,metrobus_vehicle_positions_enriched,2026-08-25T21:45:44Z,2026-08-25,20260825T214540Z,a77a1da7-8a12-4663-93a8-b743186fdd06,,,,,,74660,5062,,19.433921813964844,-99.15340423583984,189.0,0.0,0.0,,,,1787694329,2026-08-25 15:45:29-06:00,,,,,,,,,,,,,,
metrobus,metrobus_vehicle_positions_enriched,2026-08-25T21:45:44Z,2026-08-25,20260825T214540Z,d0110ee2-7ee0-4939-9aa0-3ae3dc47be5c,,19459,0.0,21:35:30,20260825,69843,9418,,19.501201629638672,-99.15634155273438,162.0,28.0,100.8,,,,1787694332,2026-08-25 15:45:32-06:00,,,3,L03d05-1 tenayuca - pueblo sta. cruz atoyac,,3,7A9A01,FFFFFF,,,,,,
metrobus,metrobus_vehicle_positions_enriched,2026-08-25T21:45:44Z,2026-08-25,20260825T214540Z,eb94dcb4-eef7-4dc3-8dd3-24768e6f2817,,19458,1.0,21:38:47,20260825,69844,9419,,19.439035415649414,-99.14881896972656,50.0,24.0,86.4,,,,1787694319,2026-08-25 15:45:19-06:00,,,3,L03d04-2 balderas - tenayuca,,3,7A9A01,FFFFFF,,,,,,
metrobus,metrobus_vehicle_positions_enriched,2026-08-25T21:45:44Z,2026-08-25,20260825T214540Z,cffdd061-9092-42b6-98c0-5d80a85a009e,,19460,1.0,21:14:00,20260825,69841,9416,,19.43260383605957,-99.14764404296875,121.0,21.0,75.60000000000001,,,,1787694321,2026-08-25 15:45:21-06:00,,,3,L03d05-2 pueblo sta. cruz atoyac  - tenayuca,,3,7A9A01,FFFFFF,,,,,,
metrobus,metrobus_vehicle_positions_enriched,2026-08-25T21:45:44Z,2026-08-25,20260825T214540Z,2750056f-ccc7-4e7a-93cf-5610fd9013a7,,19460,1.0,20:31:05,20260825,69842,9417,,19.524702072143555,-99.16712188720703,324.0,20.0,72.0,,,,1787694324,2026-08-25 15:45:24-06:00,,,3,L03d05-2 pueblo sta. cruz atoyac  - tenayuca,,3,7A9A01,FFFFFF,,,,,,
metrobus,metrobus_vehicle_positions_enriched,2026-08-25T21:45:44Z,2026-08-25,20260825T214540Z,333e36e2-2a57-46a7-ac5e-e8d76b0ca684,,19458,1.0,21:21:38,20260825,69857,9432,,19.47736358642578,-99.14735412597656,339.0,39.0,140.4,,,,1787694329,2026-08-25 15:45:29-06:00,,,3,L03d04-2 balderas - tenayuca,,3,7A9A01,FFFFFF,,,,,,
metrobus,metrobus_vehicle_positions_enriched,2026-08-25T21:45:44Z,2026-08-25,20260825T214540Z,40df91cd-a107-491a-82af-78e676043f2f,,19460,1.0,21:33:31,20260825,69858,9433,,19.397499084472656,-99.15579986572266,560.0,0.0,0.0,,,,1787694334,2026-08-25 15:45:34-06:00,,,3,L03d05-2 pueblo sta. cruz atoyac  - tenayuca,,3,7A9A01,FFFFFF,,,,,,
metrobus,metrobus_vehicle_positions_enriched,2026-08-25T21:45:44Z,2026-08-25,20260825T214540Z,3bf64464-a860-4d5d-80c3-2aee3d0a6f16,,,,,,75082,5075,,19.467235565185547,-99.1535415649414,0.0,0.0,0.0,,,,1787685724,2026-08-25 13:22:04-06:00,,,,,,,,,,,,,,
metrobus,metrobus_vehicle_positions_enriched,2026-08-25T21:45:44Z,2026-08-25,20260825T214540Z,77c1c583-1bac-42d8-925e-15f35cc35287,,19459,0.0,21:17:10,20260825,69855,9430,,19.456768035888672,-99.14482879638672,192.0,42.0,151.20000000000002,,,,1787694332,2026-08-25 15:45:32-06:00,,,3,L03d05-1 tenayuca - pueblo sta. cruz atoyac,,3,7A9A01,FFFFFF,,,,,,
metrobus,metrobus_vehicle_positions_enriched,2026-08-25T21:45:44Z,2026-08-25,20260825T214540Z,b5b768e7-8997-4c49-acbe-30ffdeeda5a1,,19457,0.0,21:38:25,20260825,69856,9431,,19.50797462463379,-99.15901184082031,160.0,35.0,126.0,,,,1787694327,2026-08-25 15:45:27-06:00,,,3,L03d04-1 tenayuca - balderas,,3,7A9A01,FFFFFF,,,,,,
metrobus,metrobus_vehicle_positions_enriched,2026-08-25T21:45:44Z,2026-08-25,20260825T214540Z,58ddd436-e234-4a58-857b-3900d3715ed0,,19459,0.0,21:12:27,20260825,69861,9436,,19.449901580810547,-99.14635467529297,191.0,7.0,25.2,,,,1787694334,2026-08-25 15:45:34-06:00,,,3,L03d05-1 tenayuca - pueblo sta. cruz atoyac,,3,7A9A01,FFFFFF,,,,,,
metrobus,metrobus_vehicle_positions_enriched,2026-08-25T21:45:44Z,2026-08-25,20260825T214540Z,30072eb9-8b63-4859-8038-7f9f2c1855cb,,19458,1.0,21:09:01,20260825,69862,9437,,19.503955841064453,-99.1573257446289,338.0,0.0,0.0,,,,1787694320,2026-08-25 15:45:20-06:00,,,3,L03d04-2 balderas - tenayuca,,3,7A9A01,FFFFFF,,,,,,
metrobus,metrobus_vehicle_positions_enriched,2026-08-25T21:45:44Z,2026-08-25,20260825T214540Z,602eaf0f-030a-4bda-8d1c-4d9813cd47c4,,19459,0.0,20:47:09,20260825,69859,9434,,19.39661407470703,-99.15605163574219,183.0,0.0,0.0,,,,1787694332,2026-08-25 15:45:32-06:00,,,3,L03d05-1 tenayuca - pueblo sta. cruz atoyac,,3,7A9A01,FFFFFF,,,,,,
metrobus,metrobus_vehicle_positions_enriched,2026-08-25T21:45:44Z,2026-08-25,20260825T214540Z,5c48c67a-641f-483d-a172-b51bc6d3598f,,19457,0.0,21:40:59,20260825,69860,9435,,19.517534255981445,-99.16278839111328,159.0,38.0,136.8,,,,1787694319,2026-08-25 15:45:19-06:00,,,3,L03d04-1 tenayuca - balderas,,3,7A9A01,FFFFFF,,,,,,
metrobus,metrobus_vehicle_positions_enriched,2026-08-25T21:45:44Z,2026-08-25,20260825T214540Z,f2da1c2b-17d0-4a46-910f-6409170840da,,27055,1.0,20:47:45,20260825,73390,5070,,19.430278778076172,-99.14055633544922,279.0,4.0,14.4,,,,1787694332,2026-08-25 15:45:32-06:00,,,4,L04e10-2 aicm- amajac,,3,FF9A03,FFFFFF,,,,,,
metrobus,metrobus_vehicle_positions_enriched,2026-08-25T21:45:44Z,2026-08-25,20260825T214540Z,dc38ab4a-12f4-4e60-8ee5-536fc6cb31fb,,27055,1.0,20:54:52,20260825,74668,5071,,19.429597854614258,-99.13619995117188,278.0,0.0,0.0,,,,1787694336,2026-08-25 15:45:36-06:00,,,4,L04e10-2 aicm- amajac,,3,FF9A03,FFFFFF,,,,,,
metrobus,metrobus_vehicle_positions_enriched,2026-08-25T21:45:44Z,2026-08-25,20260825T214540Z,00625fa3-3f1a-4193-a165-1178cda1b8bf,,27054,0.0,16:08:47,20260825,74658,5072,,19.42325210571289,-99.092041015625,317.0,0.0,0.0,,,,1787694333,2026-08-25 15:45:33-06:00,,,4,L04e10-1 amajac - aicm,,3,FF9A03,FFFFFF,,,,,,
metrobus,metrobus_vehicle_positions_enriched,2026-08-25T21:45:44Z,2026-08-25,20260825T214540Z,94a6a3dd-adf2-4596-90b0-21560415e063,,19430,1.0,21:23:44,20260825,70493,9429,,19.5148868560791,-99.16165924072266,340.0,17.0,61.2,,,,1787694326,2026-08-25 15:45:26-06:00,,,3,L03d03-2 la raza - tenayuca,,3,7A9A01,FFFFFF,,,,,,
metrobus,metrobus_vehicle_positions_enriched,2026-08-25T21:45:44Z,2026-08-25,20260825T214540Z,7c25b832-47ad-4608-b31f-e4137aa63376,,19460,1.0,21:05:36,20260825,69852,9427,,19.447940826416016,-99.14678955078125,131.0,0.0,0.0,,,,1787694330,2026-08-25 15:45:30-06:00,,,3,L03d05-2 pueblo sta. cruz atoyac  - tenayuca,,3,7A9A01,FFFFFF,,,,,,
metrobus,metrobus_vehicle_positions_enriched,2026-08-25T21:45:44Z,2026-08-25,20260825T214540Z,59cca421-318f-4d3c-8caf-908dab501fde,,19457,0.0,21:36:23,20260825,69853,9428,,19.506393432617188,-99.15840911865234,159.0,37.0,133.20000000000002,,,,1787694325,2026-08-25 15:45:25-06:00,,,3,L03d04-1 tenayuca - balderas,,3,7A9A01,FFFFFF,,,,,,
metrobus,metrobus_vehicle_positions_enriched,2026-08-25T21:45:44Z,2026-08-25,20260825T214540Z,8a12c2d8-d2cd-468c-a026-2233ea222252,,19460,1.0,21:27:32,20260825,69868,9443,,19.414464950561523,-99.15454864501953,360.0,15.0,54.0,,,,1787694336,2026-08-25 15:45:36-06:00,,,3,L03d05-2 pueblo sta. cruz atoyac  - tenayuca,,3,7A9A01,FFFFFF,,,,,,
metrobus,metrobus_vehicle_positions_enriched,2026-08-25T21:45:44Z,2026-08-25,20260825T214540Z,b302e6b8-0d18-40c8-afcd-346e08188bae,,19429,0.0,21:19:32,20260825,69869,9444,,19.466596603393555,-99.14105224609375,462.0,32.0,115.2,,,,1787694308,2026-08-25 15:45:08-06:00,,,3,L03d03-1 tenayuca - la raza,,3,7A9A01,FFFFFF,,,,,,
metrobus,metrobus_vehicle_positions_enriched,2026-08-25T21:45:44Z,2026-08-25,20260825T214540Z,0cbf5f50-8fea-4f8b-b472-c1e169690650,,19458,1.0,21:33:01,20260825,69866,9441,,19.456491470336914,-99.14482879638672,116.0,32.0,115.2,,,,1787694334,2026-08-25 15:45:34-06:00,,,3,L03d04-2 balderas - tenayuca,,3,7A9A01,FFFFFF,,,,,,
metrobus,metrobus_vehicle_positions_enriched,2026-08-25T21:45:44Z,2026-08-25,20260825T214540Z,a9eaa2b7-16f3-4c6c-8feb-c86cd639adc7,,19430,1.0,21:37:45,20260825,69867,9442,,19.482276916503906,-99.14923858642578,340.0,0.0,0.0,,,,1787694335,2026-08-25 15:45:35-06:00,,,3,L03d03-2 la raza - tenayuca,,3,7A9A01,FFFFFF,,,,,,
metrobus,metrobus_vehicle_positions_enriched,2026-08-25T21:45:44Z,2026-08-25,20260825T214540Z,ceb1bb18-5ad6-4fab-8e37-9c367af79bc1,,19460,1.0,20:39:20,20260825,69872,9447,,19.51415252685547,-99.16138458251953,339.0,29.0,104.4,,,,1787694323,2026-08-25 15:45:23-06:00,,,3,L03d05-2 pueblo sta. cruz atoyac  - tenayuca,,3,7A9A01,FFFFFF,,,,,,
metrobus,metrobus_vehicle_positions_enriched,2026-08-25T21:45:44Z,2026-08-25,20260825T214540Z,362925d1-935a-4542-ac9c-0d431d632a60,,19459,0.0,21:24:14,20260825,69873,9448,,19.46833610534668,-99.14402770996094,159.0,38.0,136.8,,,,1787694332,2026-08-25 15:45:32-06:00,,,3,L03d05-1 tenayuca - pueblo sta. cruz atoyac,,3,7A9A01,FFFFFF,,,,,,
metrobus,metrobus_vehicle_positions_enriched,2026-08-25T21:45:44Z,2026-08-25,20260825T214540Z,1f2e550c-4fc4-4a3f-9b90-3fba567c80af,,19459,0.0,21:30:04,20260825,69870,9445,,19.489877700805664,-99.1521224975586,161.0,48.0,172.8,,,,1787694330,2026-08-25 15:45:30-06:00,,,3,L03d05-1 tenayuca - pueblo sta. cruz atoyac,,3,7A9A01,FFFFFF,,,,,,
metrobus,metrobus_vehicle_positions_enriched,2026-08-25T21:45:44Z,2026-08-25,20260825T214540Z,e3c40562-092c-4949-b3f2-b942df39e498,,19456,1.0,21:21:15,20260825,69871,9446,,19.500301361083984,-99.15593719482422,341.0,0.0,0.0,,,,1787694321,2026-08-25 15:45:21-06:00,,,3,L03d02-2 buenavista - tenayuca,,3,7A9A01,FFFFFF,,,,,,
metrobus,metrobus_vehicle_positions_enriched,2026-08-25T21:45:44Z,2026-08-25,20260825T214540Z,11203595-34cd-415c-a3c5-b537523fbad3,,,,,,69865,9440,,19.364900588989258,-99.1626205444336,192.0,0.0,0.0,,,,1787694327,2026-08-25 15:45:27-06:00,,,,,,,,,,,,,,
metrobus,metrobus_vehicle_positions_enriched,2026-08-25T21:45:44Z,2026-08-25,20260825T214540Z,4643d3be-9fa7-4f80-afd3-30129eca7f4b,,19458,1.0,21:26:46,20260825,69863,9438,,19.471397399902344,-99.14509582519531,340.0,0.0,0.0,,,,1787694319,2026-08-25 15:45:19-06:00,,,3,L03d04-2 balderas - tenayuca,,3,7A9A01,FFFFFF,,,,,,
metrobus,metrobus_vehicle_positions_enriched,2026-08-25T21:45:44Z,2026-08-25,20260825T214540Z,7ffe8d40-e26b-43d5-9ae3-2911b2f4022e,,19457,0.0,21:14:30,20260825,69864,9439,,19.45173454284668,-99.14598846435547,191.0,13.0,46.800000000000004,,,,1787694323,2026-08-25 15:45:23-06:00,,,3,L03d04-1 tenayuca - balderas,,3,7A9A01,FFFFFF,,,,,,
metrobus,metrobus_vehicle_positions_enriched,2026-08-25T21:45:44Z,2026-08-25,20260825T214540Z,d4a5e173-d26d-4387-8f79-37127e8d8f0f,,19460,1.0,21:39:16,20260825,69879,9454,,19.38984489440918,-99.15654754638672,680.0,45.0,162.0,,,,1787694332,2026-08-25 15:45:32-06:00,,,3,L03d05-2 pueblo sta. cruz atoyac  - tenayuca,,3,7A9A01,FFFFFF,,,,,,
metrobus,metrobus_vehicle_positions_enriched,2026-08-25T21:45:44Z,2026-08-25,20260825T214540Z,eeaed0ff-10f0-4d6c-bbeb-68493ce78c71,,,,,,69880,9455,,19.42615509033203,-99.14910888671875,770.0,0.0,0.0,,,,1787694320,2026-08-25 15:45:20-06:00,,,,,,,,,,,,,,
metrobus,metrobus_vehicle_positions_enriched,2026-08-25T21:45:44Z,2026-08-25,20260825T214540Z,a65d93f5-067e-4a42-ae2f-935717b20248,,19458,1.0,21:15:12,20260825,69877,9452,,19.48929214477539,-99.15177154541016,340.0,35.0,126.0,,,,1787694330,2026-08-25 15:45:30-06:00,,,3,L03d04-2 balderas - tenayuca,,3,7A9A01,FFFFFF,,,,,,
metrobus,metrobus_vehicle_positions_enriched,2026-08-25T21:45:44Z,2026-08-25,20260825T214540Z,f1511542-182d-4529-ae9d-4050aa40b09b,,19456,1.0,21:15:25,20260825,69878,9453,,19.508874893188477,-99.1593246459961,340.0,0.0,0.0,,,,1787694332,2026-08-25 15:45:32-06:00,,,3,L03d02-2 buenavista - tenayuca,,3,7A9A01,FFFFFF,,,,,,
metrobus,metrobus_vehicle_positions_enriched,2026-08-25T21:45:44Z,2026-08-25,20260825T214540Z,7ec077c9-151f-41ac-ba25-3cebfe87abdb,,19458,1.0,21:06:29,20260825,69883,9458,,19.520174026489258,-99.16395568847656,336.0,0.0,0.0,,,,1787694323,2026-08-25 15:45:23-06:00,,,3,L03d04-2 balderas - tenayuca,,3,7A9A01,FFFFFF,,,,,,
metrobus,metrobus_vehicle_positions_enriched,2026-08-25T21:45:44Z,2026-08-25,20260825T214540Z,7a1e3798-4e78-4fd5-8ccb-74d92fa5881c,,19458,1.0,21:22:39,20260825,69884,9459,,19.474491119384766,-99.14622497558594,341.0,19.0,68.4,,,,1787694329,2026-08-25 15:45:29-06:00,,,3,L03d04-2 balderas - tenayuca,,3,7A9A01,FFFFFF,,,,,,
metrobus,metrobus_vehicle_positions_enriched,2026-08-25T21:45:44Z,2026-08-25,20260825T214540Z,e6607a58-e9e8-4a8b-937d-99cf817960eb,,19457,0.0,21:44:12,20260825,69881,9456,,19.52669334411621,-99.16879272460938,143.0,0.0,0.0,,,,1787694325,2026-08-25 15:45:25-06:00,,,3,L03d04-1 tenayuca - balderas,,3,7A9A01,FFFFFF,,,,,,
metrobus,metrobus_vehicle_positions_enriched,2026-08-25T21:45:44Z,2026-08-25,20260825T214540Z,35e2d0e8-c705-4d79-9fa4-4c266710597b,,,,,,69882,9457,,19.5289249420166,-99.17015075683594,352.0,0.0,0.0,,,,1787694338,2026-08-25 15:45:38-06:00,,,,,,,,,,,,,,
metrobus,metrobus_vehicle_positions_enriched,2026-08-25T21:45:44Z,2026-08-25,20260825T214540Z,5e813dd7-a7fd-42bd-a96e-b52a74cf5376,,,,,,69875,9450,,19.529136657714844,-99.17027282714844,0.0,0.0,0.0,,,,1787672893,2026-08-25 09:48:13-06:00,,,,,,,,,,,,,,
metrobus,metrobus_vehicle_positions_enriched,2026-08-25T21:45:44Z,2026-08-25,20260825T214540Z,fd2dc502-ada1-4379-a496-42430a7eeca6,,,,,,69876,9451,,19.510883331298828,-99.15726470947266,0.0,0.0,0.0,,,,1787153244,2026-08-19 09:27:24-06:00,,,,,,,,,,,,,,
metrobus,metrobus_vehicle_positions_enriched,2026-08-25T21:45:44Z,2026-08-25,20260825T214540Z,6b806a76-ea89-4010-a054-428905905989,,19460,1.0,20:55:35,20260825,69874,9449,,19.47420883178711,-99.14615631103516,340.0,15.0,54.0,,,,1787694332,2026-08-25 15:45:32-06:00,,,3,L03d05-2 pueblo sta. cruz atoyac  - tenayuca,,3,7A9A01,FFFFFF,,,,,,
metrobus,metrobus_vehicle_positions_enriched,2026-08-25T21:45:44Z,2026-08-25,20260825T214540Z,1ac6d681-23aa-4fea-83c3-991c0011d190,,19459,0.0,20:51:36,20260825,69885,9460,,19.40530014038086,-99.15531158447266,184.0,36.0,129.6,,,,1787694334,2026-08-25 15:45:34-06:00,,,3,L03d05-1 tenayuca - pueblo sta. cruz atoyac,,3,7A9A01,FFFFFF,,,,,,
metrobus,metrobus_vehicle_positions_enriched,2026-08-25T21:45:44Z,2026-08-25,20260825T214540Z,6139a1db-5420-433d-bf34-29d50aab7e94,,20211,0.0,21:32:00,20260825,69615,2603,002A905,19.46168327331543,-99.10542297363281,202.0,0.0,0.0,,,,1787694330,2026-08-25 15:45:30-06:00,,,5,L05f03-1 río de los remedios - las bombas,,3,141982,FFFFFF,,,,,,
metrobus,metrobus_vehicle_positions_enriched,2026-08-25T21:45:44Z,2026-08-25,20260825T214540Z,b150fe0d-9334-4675-853e-f2b65e6b68c9,,20295,0.0,21:01:52,20260825,69614,2602,002A904,19.384546279907227,-99.15760803222656,194.0,38.0,136.8,,,,1787694333,2026-08-25 15:45:33-06:00,,,1,L31a31-1 indios verdes - pueblo sta cruz atoyac,,3,42A76B,FFFFFF,,,,,,
metrobus,metrobus_vehicle_positions_enriched,2026-08-25T21:45:44Z,2026-08-25,20260825T214540Z,5252ec0e-6d48-4721-b1be-f299896aa8a6,,19558,1.0,21:38:34,20260825,69613,2601,002A903,19.299610137939453,-99.11383056640625,860.0,49.0,176.4,,,,1787694336,2026-08-25 15:45:36-06:00,,,5,L05f05-2 preparatoria 1 - río de los remedios,,3,141982,FFFFFF,,,,,,
metrobus,metrobus_vehicle_positions_enriched,2026-08-25T21:45:44Z,2026-08-25,20260825T214540Z,53c0ddc8-8bff-444b-bab1-2b17d5679035,,,,,,74125,Maqueta_Carraci,,19.402490615844727,-99.17045593261719,272.0,0.0,0.0,,,,1784833476,2026-07-23 13:04:36-06:00,,,,,,,,,,,,,,
metrobus,metrobus_vehicle_positions_enriched,2026-08-25T21:45:44Z,2026-08-25,20260825T214540Z,f9bdf3f2-77ac-4db7-bba6-1e430781ab90,,19558,1.0,20:58:13,20260825,69621,2609,002A911,19.416515350341797,-99.1124267578125,590.0,48.0,172.8,,,,1787694325,2026-08-25 15:45:25-06:00,,,5,L05f05-2 preparatoria 1 - río de los remedios,,3,141982,FFFFFF,,,,,,
metrobus,metrobus_vehicle_positions_enriched,2026-08-25T21:45:44Z,2026-08-25,20260825T214540Z,5ad4bdad-c9fb-4a07-9fec-ccf9763c0557,,20212,1.0,21:26:57,20260825,69620,2608,002A910,19.36628532409668,-99.10912322998047,121.0,0.0,0.0,,,,1787694332,2026-08-25 15:45:32-06:00,,,5,L05f03-2 las bombas - río de los remedios,,3,141982,FFFFFF,,,,,,
metrobus,metrobus_vehicle_positions_enriched,2026-08-25T21:45:44Z,2026-08-25,20260825T214540Z,025297c6-a6d2-457b-a2c9-c292536a0ad2,,19556,0.0,21:01:47,20260825,69619,2607,002A909,19.284799575805664,-99.11568450927734,197.0,0.0,0.0,,,,1787694328,2026-08-25 15:45:28-06:00,,,5,L05f04-1 san lázaro sur - preparatoria 1,,3,141982,FFFFFF,,,,,,
metrobus,metrobus_vehicle_positions_enriched,2026-08-25T21:45:44Z,2026-08-25,20260825T214540Z,6352d21a-6300-4ca8-ac09-1708b31b69f0,,19556,0.0,21:35:38,20260825,69618,2606,002A908,19.3933162689209,-99.11382293701172,188.0,29.0,104.4,,,,1787694326,2026-08-25 15:45:26-06:00,,,5,L05f04-1 san lázaro sur - preparatoria 1,,3,141982,FFFFFF,,,,,,
metrobus,metrobus_vehicle_positions_enriched,2026-08-25T21:45:44Z,2026-08-25,20260825T214540Z,e2074628-a333-41f1-b7be-1a2bd0acd68d,,19559,0.0,20:33:10,20260825,69617,2605,002A907,19.281259536743164,-99.1167984008789,195.0,9.0,32.4,,,,1787694329,2026-08-25 15:45:29-06:00,,,5,L05f05-1 río de los remedios - preparatoria 1,,3,141982,FFFFFF,,,,,,
metrobus,metrobus_vehicle_positions_enriched,2026-08-25T21:45:44Z,2026-08-25,20260825T214540Z,4c5d4ae8-abc9-4535-9e6e-8c6c8f22a741,,,,,,69616,2604,002A906,19.273069381713867,-99.12080383300781,535.0,0.0,0.0,,,,1787694331,2026-08-25 15:45:31-06:00,,,,,,,,,,,,,,
metrobus,metrobus_vehicle_positions_enriched,2026-08-25T21:45:44Z,2026-08-25,20260825T214540Z,e068d2fc-e320-4993-aced-3f54daf4a687,,20295,0.0,18:05:57,20260825,69626,2614,002A916,19.500558853149414,-99.11909484863281,187.0,0.0,0.0,,,,1787681910,2026-08-25 12:18:30-06:00,,,1,L31a31-1 indios verdes - pueblo sta cruz atoyac,,3,42A76B,FFFFFF,,,,,,
metrobus,metrobus_vehicle_positions_enriched,2026-08-25T21:45:44Z,2026-08-25,20260825T214540Z,d3c3252c-dbd9-4e21-9769-a270eac2d10c,,19558,1.0,20:38:13,20260825,69625,2613,002A915,19.46651840209961,-99.10298919677734,222.0,0.0,0.0,,,,1787694331,2026-08-25 15:45:31-06:00,,,5,L05f05-2 preparatoria 1 - río de los remedios,,3,141982,FFFFFF,,,,,,
metrobus,metrobus_vehicle_positions_enriched,2026-08-25T21:45:44Z,2026-08-25,20260825T214540Z,89c0d711-69de-4815-a525-087ffe856aa9,,20211,0.0,21:29:51,20260825,69623,2611,002A913,19.45795440673828,-99.10684204101562,201.0,34.0,122.4,,,,1787694325,2026-08-25 15:45:25-06:00,,,5,L05f03-1 río de los remedios - las bombas,,3,141982,FFFFFF,,,,,,
metrobus,metrobus_vehicle_positions_enriched,2026-08-25T21:45:44Z,2026-08-25,20260825T214540Z,833d5927-dacb-4007-9dac-a072ecbc982c,,19557,1.0,21:18:20,20260825,69622,2610,002A912,19.348312377929688,-99.11125183105469,540.0,0.0,0.0,,,,1787694326,2026-08-25 15:45:26-06:00,,,5,L05f04-2 preparatoria 1 - san lázaro sur,,3,141982,FFFFFF,,,,,,
metrobus,metrobus_vehicle_positions_enriched,2026-08-25T21:45:44Z,2026-08-25,20260825T214540Z,77276750-4778-4198-86fd-305d9545aaf3,,,,,,69631,2619,002A921,19.304271697998047,-99.10157775878906,360.0,0.0,0.0,,,,1785731595,2026-08-02 22:33:15-06:00,,,,,,,,,,,,,,
metrobus,metrobus_vehicle_positions_enriched,2026-08-25T21:45:44Z,2026-08-25,20260825T214540Z,19e4dc3e-218f-418f-8e5d-9da1268798bd,,,,,,69630,2618,002A920,19.37198829650879,-99.16090393066406,125.0,13.0,46.800000000000004,,,,1787694330,2026-08-25 15:45:30-06:00,,,,,,,,,,,,,,
metrobus,metrobus_vehicle_positions_enriched,2026-08-25T21:45:44Z,2026-08-25,20260825T214540Z,59b7d4ee-bc12-4403-9466-a4e54508fd1b,,19558,1.0,20:35:42,20260825,69629,2617,002A919,19.475011825561523,-99.09932708740234,221.0,21.0,75.60000000000001,,,,1787694330,2026-08-25 15:45:30-06:00,,,5,L05f05-2 preparatoria 1 - río de los remedios,,3,141982,FFFFFF,,,,,,
metrobus,metrobus_vehicle_positions_enriched,2026-08-25T21:45:44Z,2026-08-25,20260825T214540Z,89ff9978-7e15-4a40-b094-939b817aff1c,,,,,,69628,2616,002A918,19.30405616760254,-99.10149383544922,191.0,0.0,0.0,,,,1787694330,2026-08-25 15:45:30-06:00,,,,,,,,,,,,,,
metrobus,metrobus_vehicle_positions_enriched,2026-08-25T21:45:44Z,2026-08-25,20260825T214540Z,3e0c4b1c-b1b0-49b1-af8b-4661563cb9de,,20212,1.0,21:18:27,20260825,69627,2615,002A917,19.40576171875,-99.11355590820312,660.0,23.0,82.8,,,,1787694333,2026-08-25 15:45:33-06:00,,,5,L05f03-2 las bombas - río de los remedios,,3,141982,FFFFFF,,,,,,
metrobus,metrobus_vehicle_positions_enriched,2026-08-25T21:45:44Z,2026-08-25,20260825T214540Z,49f17aa0-45c3-4710-9281-abd4ba4125a4,,19557,1.0,21:10:38,20260825,69637,2625,002A927,19.375391006469727,-99.10808563232422,340.0,29.0,104.4,,,,1787694332,2026-08-25 15:45:32-06:00,,,5,L05f04-2 preparatoria 1 - san lázaro sur,,3,141982,FFFFFF,,,,,,
metrobus,metrobus_vehicle_positions_enriched,2026-08-25T21:45:44Z,2026-08-25,20260825T214540Z,c835ac76-42a8-4e05-a3a2-410e281c6f3d,,19559,0.0,20:30:19,20260825,69636,2624,002A926,19.274200439453125,-99.11962127685547,210.0,25.0,90.0,,,,1787694330,2026-08-25 15:45:30-06:00,,,5,L05f05-1 río de los remedios - preparatoria 1,,3,141982,FFFFFF,,,,,,
metrobus,metrobus_vehicle_positions_enriched,2026-08-25T21:45:44Z,2026-08-25,20260825T214540Z,3c817a67-0689-48cc-8412-01d2f3838978,,20296,1.0,21:31:46,20260825,71770,2623,,19.40164566040039,-99.15552520751953,460.0,0.0,0.0,,,,1787694334,2026-08-25 15:45:34-06:00,,,1,L31a31-2 pueblo sta cruz atoyac - indios verdes,,3,42A76B,FFFFFF,,,,,,
metrobus,metrobus_vehicle_positions_enriched,2026-08-25T21:45:44Z,2026-08-25,20260825T214540Z,fbc24ee7-2879-47a6-acb3-593f693ea351,,20212,1.0,20:38:55,20260825,69634,2622,002A924,19.497482299804688,-99.08970642089844,235.0,10.0,36.0,,,,1787694323,2026-08-25 15:45:23-06:00,,,5,L05f03-2 las bombas - río de los remedios,,3,141982,FFFFFF,,,,,,
metrobus,metrobus_vehicle_positions_enriched,2026-08-25T21:45:44Z,2026-08-25,20260825T214540Z,8960360d-5a12-4a44-8675-417952255e49,,20296,1.0,21:07:19,20260825,69633,2621,002A923,19.444421768188477,-99.14756774902344,123.0,37.0,133.20000000000002,,,,1787694328,2026-08-25 15:45:28-06:00,,,1,L31a31-2 pueblo sta cruz atoyac - indios verdes,,3,42A76B,FFFFFF,,,,,,
metrobus,metrobus_vehicle_positions_enriched,2026-08-25T21:45:44Z,2026-08-25,20260825T214540Z,7960e79a-ab9b-4274-bd74-13579cbec5ba,,19557,1.0,21:25:40,20260825,69632,2620,002A922,19.326900482177734,-99.11367797851562,540.0,26.0,93.60000000000001,,,,1787694330,2026-08-25 15:45:30-06:00,,,5,L05f04-2 preparatoria 1 - san lázaro sur,,3,141982,FFFFFF,,,,,,
metrobus,metrobus_vehicle_positions_enriched,2026-08-25T21:45:44Z,2026-08-25,20260825T214540Z,5245804f-874f-4555-9a13-87ddbb5beace,,19558,1.0,20:23:10,20260825,69641,2629,002A931,19.50174331665039,-99.08795166015625,242.0,21.0,75.60000000000001,,,,1787694331,2026-08-25 15:45:31-06:00,,,5,L05f05-2 preparatoria 1 - río de los remedios,,3,141982,FFFFFF,,,,,,
metrobus,metrobus_vehicle_positions_enriched,2026-08-25T21:45:44Z,2026-08-25,20260825T214540Z,d3117569-cf3d-4778-807f-44b57b5248ea,,19558,1.0,20:45:53,20260825,69640,2628,002A930,19.45012092590332,-99.11014556884766,221.0,0.0,0.0,,,,1787694324,2026-08-25 15:45:24-06:00,,,5,L05f05-2 preparatoria 1 - río de los remedios,,3,141982,FFFFFF,,,,,,
metrobus,metrobus_vehicle_positions_enriched,2026-08-25T21:45:44Z,2026-08-25,20260825T214540Z,231cd096-96e4-422d-a27f-70b7117f25c4,,19559,0.0,20:58:52,20260825,69639,2627,002A929,19.374858856201172,-99.10809326171875,159.0,0.0,0.0,,,,1787694329,2026-08-25 15:45:29-06:00,,,5,L05f05-1 río de los remedios - preparatoria 1,,3,141982,FFFFFF,,,,,,
metrobus,metrobus_vehicle_positions_enriched,2026-08-25T21:45:44Z,2026-08-25,20260825T214540Z,70a8c732-c2ca-4932-9ae9-7db3f047795c,,19559,0.0,21:11:38,20260825,69638,2626,002A928,19.412330627441406,-99.11290740966797,185.0,0.0,0.0,,,,1787694332,2026-08-25 15:45:32-06:00,,,5,L05f05-1 río de los remedios - preparatoria 1,,3,141982,FFFFFF,,,,,,
metrobus,metrobus_vehicle_positions_enriched,2026-08-25T21:45:44Z,2026-08-25,20260825T214540Z,49df3b87-07ca-4c6a-aeb8-ec7153e63967,,,,,,69648,2636,002A938,19.273433685302734,-99.12065124511719,232.0,0.0,0.0,,,,1787694328,2026-08-25 15:45:28-06:00,,,,,,,,,,,,,,
metrobus,metrobus_vehicle_positions_enriched,2026-08-25T21:45:44Z,2026-08-25,20260825T214540Z,df7c443d-4e35-435c-b0d3-0c76ac2e8eea,,19492,0.0,20:51:34,20260825,69364,1305,1240178,19.393814086914062,-99.17256164550781,196.0,38.0,136.8,,,,1787694335,2026-08-25 15:45:35-06:00,,,1,L01a01-1 indios verdes - dr. gálvez,,3,D40D0D,FFFFFF,,,,,,
metrobus,metrobus_vehicle_positions_enriched,2026-08-25T21:45:44Z,2026-08-25,20260825T214540Z,ca6d456b-9dc6-4449-8595-b59885b55574,,19556,0.0,21:24:43,20260825,69647,2635,TienepermisodeSEMOVI,19.359289169311523,-99.11079406738281,192.0,43.0,154.8,,,,1787694333,2026-08-25 15:45:33-06:00,,,5,L05f04-1 san lázaro sur - preparatoria 1,,3,141982,FFFFFF,,,,,,
metrobus,metrobus_vehicle_positions_enriched,2026-08-25T21:45:44Z,2026-08-25,20260825T214540Z,84c33920-146a-41fb-8449-057534b0b734,,19491,1.0,21:24:03,20260825,69363,1304,1240177,19.385141372680664,-99.17523193359375,173.0,8.0,28.8,,,,1787694329,2026-08-25 15:45:29-06:00,,,1,L01a01-2 dr. gálvez - indios verdes,,3,D40D0D,FFFFFF,,,,,,
metrobus,metrobus_vehicle_positions_enriched,2026-08-25T21:45:44Z,2026-08-25,20260825T214540Z,b76d441b-3d1d-427c-9d58-4ca20edbf95a,,19492,0.0,21:44:26,20260825,74921,1303,1240176,19.496713638305664,-99.12053680419922,205.0,0.0,0.0,,,,1787694326,2026-08-25 15:45:26-06:00,,,1,L01a01-1 indios verdes - dr. gálvez,,3,D40D0D,FFFFFF,,,,,,
metrobus,metrobus_vehicle_positions_enriched,2026-08-25T21:45:44Z,2026-08-25,20260825T214540Z,74b1ff55-9c59-46ed-867f-ae0f408e86ed,,19559,0.0,21:37:41,20260825,69646,2634,002A936,19.490373611450195,-99.0932846069336,201.0,47.0,169.20000000000002,,,,1787694325,2026-08-25 15:45:25-06:00,,,5,L05f05-1 río de los remedios - preparatoria 1,,3,141982,FFFFFF,,,,,,
metrobus,metrobus_vehicle_positions_enriched,2026-08-25T21:45:44Z,2026-08-25,20260825T214540Z,086b6a35-e3a6-4036-95e3-e387674cfb71,,19491,1.0,21:17:17,20260825,69361,1302,1240175,19.400278091430664,-99.1703872680664,171.0,34.0,122.4,,,,1787694325,2026-08-25 15:45:25-06:00,,,1,L01a01-2 dr. gálvez - indios verdes,,3,D40D0D,FFFFFF,,,,,,
metrobus,metrobus_vehicle_positions_enriched,2026-08-25T21:45:44Z,2026-08-25,20260825T214540Z,bb5a517f-075a-4605-8220-32b72f3fb92b,,19559,0.0,20:43:59,20260820,69645,2633,002A935,19.3064022064209,-99.1119384765625,192.0,0.0,0.0,,,,1787262481,2026-08-20 15:48:01-06:00,,,5,L05f05-1 río de los remedios - preparatoria 1,,3,141982,FFFFFF,,,,,,
metrobus,metrobus_vehicle_positions_enriched,2026-08-25T21:45:44Z,2026-08-25,20260825T214540Z,b9a6a688-d845-4f12-baea-c899b0d5ecd0,,19556,0.0,21:42:17,20260825,69644,2632,002A934,19.418466567993164,-99.1122817993164,185.0,0.0,0.0,,,,1787694326,2026-08-25 15:45:26-06:00,,,5,L05f04-1 san lázaro sur - preparatoria 1,,3,141982,FFFFFF,,,,,,
metrobus,metrobus_vehicle_positions_enriched,2026-08-25T21:45:44Z,2026-08-25,20260825T214540Z,7ff48759-fe56-43eb-80c7-08dcf37445fb,,19491,1.0,21:23:23,20260825,69360,1301,1240174,19.385984420776367,-99.17495727539062,173.0,11.0,39.6,,,,1787694329,2026-08-25 15:45:29-06:00,,,1,L01a01-2 dr. gálvez - indios verdes,,3,D40D0D,FFFFFF,,,,,,
metrobus,metrobus_vehicle_positions_enriched,2026-08-25T21:45:44Z,2026-08-25,20260825T214540Z,70bd00fe-15a8-4f28-857b-76f14d2d6f50,,19559,0.0,21:16:13,20260825,69643,2631,002A933,19.42995262145996,-99.11547088623047,185.0,13.0,46.800000000000004,,,,1787694322,2026-08-25 15:45:22-06:00,,,5,L05f05-1 río de los remedios - preparatoria 1,,3,141982,FFFFFF,,,,,,
metrobus,metrobus_vehicle_positions_enriched,2026-08-25T21:45:44Z,2026-08-25,20260825T214540Z,3d1ce44b-7764-4c13-a0bc-f134575828e7,,19559,0.0,20:53:42,20260825,69642,2630,002A932,19.35225486755371,-99.11115264892578,185.0,17.0,61.2,,,,1787694332,2026-08-25 15:45:32-06:00,,,5,L05f05-1 río de los remedios - preparatoria 1,,3,141982,FFFFFF,,,,,,
metrobus,metrobus_vehicle_positions_enriched,2026-08-25T21:45:44Z,2026-08-25,20260825T214540Z,37a09c9f-5527-41ff-bdd4-4e105c18835e,,19492,0.0,20:44:03,20260825,69368,1309,1240182,19.382139205932617,-99.17631530761719,195.0,3.0,10.8,,,,1787694319,2026-08-25 15:45:19-06:00,,,1,L01a01-1 indios verdes - dr. gálvez,,3,D40D0D,FFFFFF,,,,,,
metrobus,metrobus_vehicle_positions_enriched,2026-08-25T21:45:44Z,2026-08-25,20260825T214540Z,e8096549-17ad-4edc-80a6-1ccb96fd4f7b,,20211,0.0,20:48:32,20260825,69651,2639,002A941,19.325462341308594,-99.11396789550781,184.0,46.0,165.6,,,,1787694324,2026-08-25 15:45:24-06:00,,,5,L05f03-1 río de los remedios - las bombas,,3,141982,FFFFFF,,,,,,
metrobus,metrobus_vehicle_positions_enriched,2026-08-25T21:45:44Z,2026-08-25,20260825T214540Z,77771d69-f0a9-4727-b529-ed863f69ec13,,19491,1.0,20:44:22,20260825,69367,1308,1240181,19.45526695251465,-99.1511001586914,365.0,42.0,151.20000000000002,,,,1787694317,2026-08-25 15:45:17-06:00,,,1,L01a01-2 dr. gálvez - indios verdes,,3,D40D0D,FFFFFF,,,,,,
metrobus,metrobus_vehicle_positions_enriched,2026-08-25T21:45:44Z,2026-08-25,20260825T214540Z,770c8cdf-edf4-4139-b077-0f8fa42225f9,,19492,0.0,21:08:27,20260825,69366,1307,1240180,19.42422103881836,-99.1629867553711,263.0,0.0,0.0,,,,1787694322,2026-08-25 15:45:22-06:00,,,1,L01a01-1 indios verdes - dr. gálvez,,3,D40D0D,FFFFFF,,,,,,
metrobus,metrobus_vehicle_positions_enriched,2026-08-25T21:45:44Z,2026-08-25,20260825T214540Z,ea097739-f1f8-4abb-ae15-4aad46eda467,,19557,1.0,21:43:54,20260825,69650,2638,002A940,19.280668258666992,-99.1168441772461,165.0,35.0,126.0,,,,1787694331,2026-08-25 15:45:31-06:00,,,5,L05f04-2 preparatoria 1 - san lázaro sur,,3,141982,FFFFFF,,,,,,
metrobus,metrobus_vehicle_positions_enriched,2026-08-25T21:45:44Z,2026-08-25,20260825T214540Z,f756ed0b-aec2-4c0e-bf8e-ec555c28bafa,,19492,0.0,21:22:59,20260825,69365,1306,1240179,19.43144989013672,-99.15947723388672,205.0,0.0,0.0,,,,1787694325,2026-08-25 15:45:25-06:00,,,1,L01a01-1 indios verdes - dr. gálvez,,3,D40D0D,FFFFFF,,,,,,
metrobus,metrobus_vehicle_positions_enriched,2026-08-25T21:45:44Z,2026-08-25,20260825T214540Z,72f69122-d324-4ad1-a7ea-8227217f4483,,19559,0.0,21:25:36,20260825,69649,2637,002A939,19.449172973632812,-99.11056518554688,196.0,0.0,0.0,,,,1787694326,2026-08-25 15:45:26-06:00,,,5,L05f05-1 río de los remedios - preparatoria 1,,3,141982,FFFFFF,,,,,,
metrobus,metrobus_vehicle_positions_enriched,2026-08-25T21:45:44Z,2026-08-25,20260825T214540Z,364e82a2-6e8e-495d-b9c3-5ed921096965,,20212,1.0,21:40:27,20260825,69662,2650,002A952,19.32762336730957,-99.1136474609375,480.0,39.0,140.4,,,,1787694329,2026-08-25 15:45:29-06:00,,,5,L05f03-2 las bombas - río de los remedios,,3,141982,FFFFFF,,,,,,
metrobus,metrobus_vehicle_positions_enriched,2026-08-25T21:45:44Z,2026-08-25,20260825T214540Z,28e99c85-5278-4c6c-a9b8-2ed6dad851c8,,19557,1.0,21:35:54,20260825,69659,2647,002A949,19.301687240600586,-99.11329650878906,163.0,0.0,0.0,,,,1787694327,2026-08-25 15:45:27-06:00,,,5,L05f04-2 preparatoria 1 - san lázaro sur,,3,141982,FFFFFF,,,,,,
metrobus,metrobus_vehicle_positions_enriched,2026-08-25T21:45:44Z,2026-08-25,20260825T214540Z,8a126361-2db0-4d29-9885-614e9fa80225,,19558,1.0,21:20:41,20260825,69658,2646,002A948,19.340635299682617,-99.11280822753906,350.0,28.0,100.8,,,,1787694333,2026-08-25 15:45:33-06:00,,,5,L05f05-2 preparatoria 1 - río de los remedios,,3,141982,FFFFFF,,,,,,
metrobus,metrobus_vehicle_positions_enriched,2026-08-25T21:45:44Z,2026-08-25,20260825T214540Z,6dc38c31-d005-4fed-be79-575b156b98a3,,19491,1.0,20:58:27,20260825,69373,1314,TienepermisodeSEMOVI,19.432893753051758,-99.15866088867188,224.0,6.0,21.6,,,,1787694330,2026-08-25 15:45:30-06:00,,,1,L01a01-2 dr. gálvez - indios verdes,,3,D40D0D,FFFFFF,,,,,,
metrobus,metrobus_vehicle_positions_enriched,2026-08-25T21:45:44Z,2026-08-25,20260825T214540Z,b9d7af1b-1b85-463e-9773-3dc86f0dc292,,20211,0.0,21:36:43,20260825,69657,2645,002A947,19.487937927246094,-99.0942611694336,201.0,0.0,0.0,,,,1787694320,2026-08-25 15:45:20-06:00,,,5,L05f03-1 río de los remedios - las bombas,,3,141982,FFFFFF,,,,,,
metrobus,metrobus_vehicle_positions_enriched,2026-08-25T21:45:44Z,2026-08-25,20260825T214540Z,a3d5d160-ba2d-4ff6-8e0e-5c2beeffff98,,19558,1.0,21:25:47,20260825,69656,2644,002A946,19.33255386352539,-99.11322784423828,430.0,0.0,0.0,,,,1787694323,2026-08-25 15:45:23-06:00,,,5,L05f05-2 preparatoria 1 - río de los remedios,,3,141982,FFFFFF,,,,,,
metrobus,metrobus_vehicle_positions_enriched,2026-08-25T21:45:44Z,2026-08-25,20260825T214540Z,a085302e-dcca-4c90-9ea1-d90d5b3b2a42,,19498,1.0,21:44:30,20260825,69372,1313,1240186,19.27960968017578,-99.16888427734375,598.0,0.0,0.0,,,,1787694330,2026-08-25 15:45:30-06:00,,,1,L01a03-2 el caminero - buenavista,,3,D40D0D,FFFFFF,,,,,,
metrobus,metrobus_vehicle_positions_enriched,2026-08-25T21:45:44Z,2026-08-25,20260825T214540Z,055aebb6-e44f-4af6-bff1-0b649fe1b0e0,,19498,1.0,21:31:56,20260825,69371,1312,1240185,19.30402183532715,-99.18609619140625,353.0,35.0,126.0,,,,1787694330,2026-08-25 15:45:30-06:00,,,1,L01a03-2 el caminero - buenavista,,3,D40D0D,FFFFFF,,,,,,
metrobus,metrobus_vehicle_positions_enriched,2026-08-25T21:45:44Z,2026-08-25,20260825T214540Z,cebfb49c-3c6a-4d23-807c-cb92a956472d,,20211,0.0,20:55:52,20260825,69655,2643,002A945,19.35896873474121,-99.11089324951172,193.0,51.0,183.6,,,,1787694334,2026-08-25 15:45:34-06:00,,,5,L05f03-1 río de los remedios - las bombas,,3,141982,FFFFFF,,,,,,
metrobus,metrobus_vehicle_positions_enriched,2026-08-25T21:45:44Z,2026-08-25,20260825T214540Z,4b2c3735-87a0-48b1-81f2-7e23ec66b673,,19494,0.0,21:25:07,20260825,69370,1311,1240184,19.436370849609375,-99.1572494506836,202.0,37.0,133.20000000000002,,,,1787694326,2026-08-25 15:45:26-06:00,,,1,L01a02-1 indios verdes - insurgentes,,3,D40D0D,FFFFFF,,,,,,
metrobus,metrobus_vehicle_positions_enriched,2026-08-25T21:45:44Z,2026-08-25,20260825T214540Z,acd1c115-7c7a-429e-844f-bacf1dc2d13f,,20212,1.0,21:42:50,20260825,74262,2642,002A947,19.309768676757812,-99.11209106445312,103.0,0.0,0.0,,,,1787694321,2026-08-25 15:45:21-06:00,,,5,L05f03-2 las bombas - río de los remedios,,3,141982,FFFFFF,,,,,,
metrobus,metrobus_vehicle_positions_enriched,2026-08-25T21:45:44Z,2026-08-25,20260825T214540Z,899c4c63-0aeb-4541-b4ac-3a35fc538793,,19559,0.0,21:33:11,20260825,69653,2641,002A943,19.475433349609375,-99.09967041015625,201.0,30.0,108.0,,,,1787694329,2026-08-25 15:45:29-06:00,,,5,L05f05-1 río de los remedios - preparatoria 1,,3,141982,FFFFFF,,,,,,
metrobus,metrobus_vehicle_positions_enriched,2026-08-25T21:45:44Z,2026-08-25,20260825T214540Z,21c2f688-e79f-4632-9dae-4ccb68f013cf,,19492,0.0,21:35:14,20260825,74922,1310,1240183,19.463254928588867,-99.14370727539062,211.0,0.0,0.0,,,,1787694331,2026-08-25 15:45:31-06:00,,,1,L01a01-1 indios verdes - dr. gálvez,,3,D40D0D,FFFFFF,,,,,,
metrobus,metrobus_vehicle_positions_enriched,2026-08-25T21:45:44Z,2026-08-25,20260825T214540Z,96054c4f-6d86-4b10-9131-077c50253b42,,19556,0.0,21:21:33,20260825,69661,2649,002A951,19.34849739074707,-99.11128234863281,192.0,39.0,140.4,,,,1787694329,2026-08-25 15:45:29-06:00,,,5,L05f04-1 san lázaro sur - preparatoria 1,,3,141982,FFFFFF,,,,,,
metrobus,metrobus_vehicle_positions_enriched,2026-08-25T21:45:44Z,2026-08-25,20260825T214540Z,7bbc3650-1fe2-45a3-b22d-20dab474b8a1,,19557,1.0,20:58:30,20260825,69660,2648,002A950,19.408275604248047,-99.11325073242188,114.0,11.0,39.6,,,,1787694327,2026-08-25 15:45:27-06:00,,,5,L05f04-2 preparatoria 1 - san lázaro sur,,3,141982,FFFFFF,,,,,,
metrobus,metrobus_vehicle_positions_enriched,2026-08-25T21:45:44Z,2026-08-25,20260825T214540Z,d789080f-2d9e-4036-9a44-116eca95b869,,20211,0.0,21:09:39,20260825,69673,2661,002A963,19.411056518554688,-99.113037109375,185.0,42.0,151.20000000000002,,,,1787694333,2026-08-25 15:45:33-06:00,,,5,L05f03-1 río de los remedios - las bombas,,3,141982,FFFFFF,,,,,,
metrobus,metrobus_vehicle_positions_enriched,2026-08-25T21:45:44Z,2026-08-25,20260825T214540Z,7106713f-c804-442d-ad5d-c5372e1d635e,,20212,1.0,20:42:44,20260825,69672,2660,002A962,19.49214744567871,-99.09200286865234,224.0,41.0,147.6,,,,1787694325,2026-08-25 15:45:25-06:00,,,5,L05f03-2 las bombas - río de los remedios,,3,141982,FFFFFF,,,,,,
metrobus,metrobus_vehicle_positions_enriched,2026-08-25T21:45:44Z,2026-08-25,20260825T214540Z,6901e180-fe51-4172-8cb5-dbd2a0c5ee7c,,19558,1.0,21:04:44,20260825,69670,2658,002A960,19.385848999023438,-99.11148071289062,348.0,41.0,147.6,,,,1787694430,2026-08-25 15:47:10-06:00,,,5,L05f05-2 preparatoria 1 - río de los remedios,,3,141982,FFFFFF,,,,,,
metrobus,metrobus_vehicle_positions_enriched,2026-08-25T21:45:44Z,2026-08-25,20260825T214540Z,6ec4fd1c-f3cb-4ead-b0b4-4bd807ce7d27,,20295,0.0,21:19:31,20260825,69669,2657,002A959,19.427818298339844,-99.1488037109375,191.0,0.0,0.0,,,,1787694323,2026-08-25 15:45:23-06:00,,,1,L31a31-1 indios verdes - pueblo sta cruz atoyac,,3,42A76B,FFFFFF,,,,,,
metrobus,metrobus_vehicle_positions_enriched,2026-08-25T21:45:44Z,2026-08-25,20260825T214540Z,abb865e3-0227-4c6a-b683-681483e5cb99,,,,,,69668,2656,002A958,19.30429458618164,-99.10160064697266,0.0,0.0,0.0,,,,1787161397,2026-08-19 11:43:17-06:00,,,,,,,,,,,,,,
metrobus,metrobus_vehicle_positions_enriched,2026-08-25T21:45:44Z,2026-08-25,20260825T214540Z,910a13e5-f9b8-4101-97ab-d97e505cdb46,,,,,,69667,2655,002A957,19.343202590942383,-99.11235046386719,0.0,0.0,0.0,,,,1787693604,2026-08-25 15:33:24-06:00,,,,,,,,,,,,,,
metrobus,metrobus_vehicle_positions_enriched,2026-08-25T21:45:44Z,2026-08-25,20260825T214540Z,33316193-0aa8-4232-b9f0-70b279ede5a2,,,,,,69666,2654,002A956,19.272911071777344,-99.12129974365234,110.0,0.0,0.0,,,,1787694326,2026-08-25 15:45:26-06:00,,,,,,,,,,,,,,
metrobus,metrobus_vehicle_positions_enriched,2026-08-25T21:45:44Z,2026-08-25,20260825T214540Z,4571c17a-5c1f-4eb8-8ed4-ec084266e1c8,,20212,1.0,21:10:25,20260825,69665,2653,002A955,19.43721580505371,-99.11438751220703,820.0,16.0,57.6,,,,1787694319,2026-08-25 15:45:19-06:00,,,5,L05f03-2 las bombas - río de los remedios,,3,141982,FFFFFF,,,,,,
metrobus,metrobus_vehicle_positions_enriched,2026-08-25T21:45:44Z,2026-08-25,20260825T214540Z,ce532b6c-ed3a-43db-9a1b-db972c35f701,,19559,0.0,21:28:19,20260825,69664,2652,002A954,19.456485748291016,-99.1074447631836,200.0,0.0,0.0,,,,1787694335,2026-08-25 15:45:35-06:00,,,5,L05f05-1 río de los remedios - preparatoria 1,,3,141982,FFFFFF,,,,,,
metrobus,metrobus_vehicle_positions_enriched,2026-08-25T21:45:44Z,2026-08-25,20260825T214540Z,17ef2110-40f4-4170-83a7-bc4061e3f19d,,19558,1.0,21:41:18,20260825,69663,2651,002A953,19.285362243652344,-99.11540985107422,181.0,20.0,72.0,,,,1787694319,2026-08-25 15:45:19-06:00,,,5,L05f05-2 preparatoria 1 - río de los remedios,,3,141982,FFFFFF,,,,,,
metrobus,metrobus_vehicle_positions_enriched,2026-08-25T21:45:44Z,2026-08-25,20260825T214540Z,3ab09fd8-996b-4dca-b31b-df46e9310f0a,,19582,0.0,21:22:19,20260825,70035,901,1280163,19.450620651245117,-99.13299560546875,216.0,28.0,100.8,,,,1787694326,2026-08-25 15:45:26-06:00,,,7,L07h04-1 indios verdes - la diana,,3,116633,FFFFFF,,,,,,
metrobus,metrobus_vehicle_positions_enriched,2026-08-25T21:45:44Z,2026-08-25,20260825T214540Z,49d68306-87f3-48ab-8bee-d723a921ba53,,19577,1.0,21:15:21,20260825,70036,902,1280164,19.434314727783203,-99.15231323242188,656.0,0.0,0.0,,,,1787694329,2026-08-25 15:45:29-06:00,,,7,L07h01-2 campo marte - indios verdes,,3,116633,FFFFFF,,,,,,
metrobus,metrobus_vehicle_positions_enriched,2026-08-25T21:45:44Z,2026-08-25,20260825T214540Z,75f5558a-cc50-41b1-b175-f102a11bd561,,,,,,70037,903,1280165,19.427059173583984,-99.19950866699219,280.0,0.0,0.0,,,,1787694318,2026-08-25 15:45:18-06:00,,,,,,,,,,,,,,
metrobus,metrobus_vehicle_positions_enriched,2026-08-25T21:45:44Z,2026-08-25,20260825T214540Z,51ef970b-0e58-4868-8fc3-b191b6037530,,19576,0.0,21:28:46,20260825,70038,904,1280166,19.459020614624023,-99.1285171508789,199.0,51.0,183.6,,,,1787694320,2026-08-25 15:45:20-06:00,,,7,L07h01-1 indios verdes - campo marte,,3,116633,FFFFFF,,,,,,
metrobus,metrobus_vehicle_positions_enriched,2026-08-25T21:45:44Z,2026-08-25,20260825T214540Z,346f0c7b-289d-4270-a91d-d501704791ce,,19583,1.0,20:49:38,20260825,70039,905,1280167,19.491846084594727,-99.11996459960938,326.0,0.0,0.0,,,,1787694325,2026-08-25 15:45:25-06:00,,,7,L07h04-2 la diana - indios verdes,,3,116633,FFFFFF,,,,,,
metrobus,metrobus_vehicle_positions_enriched,2026-08-25T21:45:44Z,2026-08-25,20260825T214540Z,7a548f5a-24d1-451b-ab13-405b2c4e2526,,19583,1.0,20:59:43,20260825,70040,906,1280168,19.480615615844727,-99.1203384399414,196.0,49.0,176.4,,,,1787694325,2026-08-25 15:45:25-06:00,,,7,L07h04-2 la diana - indios verdes,,3,116633,FFFFFF,,,,,,
metrobus,metrobus_vehicle_positions_enriched,2026-08-25T21:45:44Z,2026-08-25,20260825T214540Z,213112c5-d9df-42a9-a440-7c1168a3368c,,19559,0.0,21:06:31,20260825,69671,2659,002A961,19.38653564453125,-99.11183166503906,168.0,44.0,158.4,,,,1787694331,2026-08-25 15:45:31-06:00,,,5,L05f05-1 río de los remedios - preparatoria 1,,3,141982,FFFFFF,,,,,,
metrobus,metrobus_vehicle_positions_enriched,2026-08-25T21:45:44Z,2026-08-25,20260825T214540Z,b92d8fc4-cc88-4a5c-9772-356bb5f7f3c5,,,,,,70041,907,1280169,19.492773056030273,-99.12065887451172,326.0,4.0,14.4,,,,1787694331,2026-08-25 15:45:31-06:00,,,,,,,,,,,,,,
metrobus,metrobus_vehicle_positions_enriched,2026-08-25T21:45:44Z,2026-08-25,20260825T214540Z,4927d8a5-c767-4106-b1c7-7f43d68ccd27,,19577,1.0,20:52:53,20260825,70042,908,1280170,19.478256225585938,-99.1212387084961,199.0,0.0,0.0,,,,1787694321,2026-08-25 15:45:21-06:00,,,7,L07h01-2 campo marte - indios verdes,,3,116633,FFFFFF,,,,,,
metrobus,metrobus_vehicle_positions_enriched,2026-08-25T21:45:44Z,2026-08-25,20260825T214540Z,ea092e09-4fdd-4f36-b37f-13b3d3930835,,19583,1.0,21:25:38,20260825,70043,909,1280171,19.436710357666016,-99.14749145507812,565.0,0.0,0.0,,,,1787694328,2026-08-25 15:45:28-06:00,,,7,L07h04-2 la diana - indios verdes,,3,116633,FFFFFF,,,,,,
metrobus,metrobus_vehicle_positions_enriched,2026-08-25T21:45:44Z,2026-08-25,20260825T214540Z,13a13cc9-7860-4ab1-a99a-b658325a92d5,,,,,,69680,2668,002A970,19.361480712890625,-99.11021423339844,116.0,14.0,50.4,,,,1787694330,2026-08-25 15:45:30-06:00,,,,,,,,,,,,,,
metrobus,metrobus_vehicle_positions_enriched,2026-08-25T21:45:44Z,2026-08-25,20260825T214540Z,9dc3bcc8-f6ff-4e03-aad8-13a2ec86adf9,,19559,0.0,20:41:03,20260825,69679,2667,002A969,19.312393188476562,-99.1106185913086,191.0,2.0,7.2,,,,1787694334,2026-08-25 15:45:34-06:00,,,5,L05f05-1 río de los remedios - preparatoria 1,,3,141982,FFFFFF,,,,,,
metrobus,metrobus_vehicle_positions_enriched,2026-08-25T21:45:44Z,2026-08-25,20260825T214540Z,d1ab354b-597a-45e2-87d9-4e68e739ac53,,19558,1.0,21:15:49,20260825,69678,2666,002A968,19.36115074157715,-99.11030578613281,116.0,23.0,82.8,,,,1787694329,2026-08-25 15:45:29-06:00,,,5,L05f05-2 preparatoria 1 - río de los remedios,,3,141982,FFFFFF,,,,,,
metrobus,metrobus_vehicle_positions_enriched,2026-08-25T21:45:44Z,2026-08-25,20260825T214540Z,1c83c164-6429-4bf4-85ee-7863c89803ed,,20296,1.0,20:56:03,20260825,69677,2665,002A967,19.47381019592285,-99.13471984863281,419.0,51.0,183.6,,,,1787694331,2026-08-25 15:45:31-06:00,,,1,L31a31-2 pueblo sta cruz atoyac - indios verdes,,3,42A76B,FFFFFF,,,,,,
metrobus,metrobus_vehicle_positions_enriched,2026-08-25T21:45:44Z,2026-08-25,20260825T214540Z,83de9a3e-8385-4dcc-9066-4a8ea79ace9b,,20212,1.0,20:59:28,20260825,69676,2664,002A966,19.451906204223633,-99.10890197753906,196.0,18.0,64.8,,,,1787694325,2026-08-25 15:45:25-06:00,,,5,L05f03-2 las bombas - río de los remedios,,3,141982,FFFFFF,,,,,,
metrobus,metrobus_vehicle_positions_enriched,2026-08-25T21:45:44Z,2026-08-25,20260825T214540Z,de3ef11d-de46-49b1-aefe-cc15c6c4a657,,19556,0.0,21:10:34,20260825,69675,2663,002A965,19.31203842163086,-99.11056518554688,190.0,24.0,86.4,,,,1787694329,2026-08-25 15:45:29-06:00,,,5,L05f04-1 san lázaro sur - preparatoria 1,,3,141982,FFFFFF,,,,,,
metrobus,metrobus_vehicle_positions_enriched,2026-08-25T21:45:44Z,2026-08-25,20260825T214540Z,89927e13-6146-4a43-8e29-ae912bd36656,,20211,0.0,21:20:20,20260825,69674,2662,002A964,19.432416915893555,-99.11518096923828,180.0,0.0,0.0,,,,1787694329,2026-08-25 15:45:29-06:00,,,5,L05f03-1 río de los remedios - las bombas,,3,141982,FFFFFF,,,,,,
metrobus,metrobus_vehicle_positions_enriched,2026-08-25T21:45:44Z,2026-08-25,20260825T214540Z,4947fc66-880a-41ac-b8a4-8530258737a4,,,,,,70044,910,1280172,19.50832748413086,-99.17272186279297,0.0,0.0,0.0,,,,1787692578,2026-08-25 15:16:18-06:00,,,,,,,,,,,,,,
metrobus,metrobus_vehicle_positions_enriched,2026-08-25T21:45:44Z,2026-08-25,20260825T214540Z,2d099d46-d915-4063-a33a-75a93e63f5e1,,19578,0.0,21:34:36,20260825,70045,911,1280173,19.472902297973633,-99.12335205078125,201.0,0.0,0.0,,,,1787694331,2026-08-25 15:45:31-06:00,,,7,L07h02-1 hospital infantil - campo marte,,3,116633,FFFFFF,,,,,,
metrobus,metrobus_vehicle_positions_enriched,2026-08-25T21:45:44Z,2026-08-25,20260825T214540Z,c56739cb-5327-49ae-b21e-7596fb631dfd,,19576,0.0,20:55:07,20260825,70046,912,1290114,19.4241943359375,-99.17406463623047,246.0,15.0,54.0,,,,1787694333,2026-08-25 15:45:33-06:00,,,7,L07h01-1 indios verdes - campo marte,,3,116633,FFFFFF,,,,,,
metrobus,metrobus_vehicle_positions_enriched,2026-08-25T21:45:44Z,2026-08-25,20260825T214540Z,c8c3c89b-fab9-4d5b-a426-8a6c00796511,,,,,,70047,913,1290115,19.492910385131836,-99.12076568603516,325.0,0.0,0.0,,,,1787691062,2026-08-25 14:51:02-06:00,,,,,,,,,,,,,,
metrobus,metrobus_vehicle_positions_enriched,2026-08-25T21:45:44Z,2026-08-25,20260825T214540Z,d4706468-68fc-4290-9e9c-823cffbfd989,,,,,,70048,914,1290116,19.492565155029297,-99.12081146240234,143.0,0.0,0.0,,,,1787690759,2026-08-25 14:45:59-06:00,,,,,,,,,,,,,,
metrobus,metrobus_vehicle_positions_enriched,2026-08-25T21:45:44Z,2026-08-25,20260825T214540Z,e1441767-4f71-43e7-9cbd-2716d157e8d1,,19583,1.0,21:23:23,20260825,70049,915,1290117,19.439777374267578,-99.14386749267578,525.0,0.0,0.0,,,,1787694330,2026-08-25 15:45:30-06:00,,,7,L07h04-2 la diana - indios verdes,,3,116633,FFFFFF,,,,,,
metrobus,metrobus_vehicle_positions_enriched,2026-08-25T21:45:44Z,2026-08-25,20260825T214540Z,3147c2a5-9974-4a62-8cd6-0e89626e1c70,,,,,,70050,916,1290118,19.492460250854492,-99.12039184570312,326.0,0.0,0.0,,,,1787694320,2026-08-25 15:45:20-06:00,,,,,,,,,,,,,,
metrobus,metrobus_vehicle_positions_enriched,2026-08-25T21:45:44Z,2026-08-25,20260825T214540Z,ec70d9df-602f-4064-a91a-192c04b496d3,,,,,,70051,917,1290119,19.492334365844727,-99.12060546875,147.0,0.0,0.0,,,,1787694336,2026-08-25 15:45:36-06:00,,,,,,,,,,,,,,
metrobus,metrobus_vehicle_positions_enriched,2026-08-25T21:45:44Z,2026-08-25,20260825T214540Z,95a64620-0c5f-4655-b2c3-b6891efc5a12,,19577,1.0,21:09:06,20260825,70052,918,1290120,19.452945709228516,-99.13089752197266,371.0,0.0,0.0,,,,1787694330,2026-08-25 15:45:30-06:00,,,7,L07h01-2 campo marte - indios verdes,,3,116633,FFFFFF,,,,,,
metrobus,metrobus_vehicle_positions_enriched,2026-08-25T21:45:44Z,2026-08-25,20260825T214540Z,5d1cc9e8-560d-434f-934f-e0583bf37c7a,,19576,0.0,21:18:57,20260825,70053,919,1290121,19.444459915161133,-99.13922882080078,250.0,14.0,50.4,,,,1787694333,2026-08-25 15:45:33-06:00,,,7,L07h01-1 indios verdes - campo marte,,3,116633,FFFFFF,,,,,,
metrobus,metrobus_vehicle_positions_enriched,2026-08-25T21:45:44Z,2026-08-25,20260825T214540Z,ae9f9622-9ad7-4b8c-b582-7e3dfb9dec14,,19500,1.0,19:41:53,20260825,69501,1110,1230101,19.433313369750977,-99.15860748291016,0.0,0.0,0.0,,,,1787694289,2026-08-25 15:44:49-06:00,,,1,L01a07-2 el caminero - indios verdes,,3,D40D0D,FFFFFF,,,,,,
metrobus,metrobus_vehicle_positions_enriched,2026-08-25T21:45:44Z,2026-08-25,20260825T214540Z,8163e70f-0160-49ba-b8a0-2d85018639df,,,,,,69498,1107,1230098,19.44442367553711,-99.15396118164062,205.0,6.0,21.6,,,,1787694319,2026-08-25 15:45:19-06:00,,,,,,,,,,,,,,
metrobus,metrobus_vehicle_positions_enriched,2026-08-25T21:45:44Z,2026-08-25,20260825T214540Z,269d64ef-b412-4853-ae0b-ef00528c01c0,,19493,1.0,21:23:16,20260825,69497,1106,1230097,19.486419677734375,-99.12430572509766,363.0,4.0,14.4,,,,1787694320,2026-08-25 15:45:20-06:00,,,1,L01a02-2 insurgentes - indios verdes,,3,D40D0D,FFFFFF,,,,,,
metrobus,metrobus_vehicle_positions_enriched,2026-08-25T21:45:44Z,2026-08-25,20260825T214540Z,60a760d5-33fd-4433-80a8-ec2949716212,,,,,,69496,1105,1230096,19.499692916870117,-99.11917114257812,0.0,0.0,0.0,,,,1787694332,2026-08-25 15:45:32-06:00,,,,,,,,,,,,,,
metrobus,metrobus_vehicle_positions_enriched,2026-08-25T21:45:44Z,2026-08-25,20260825T214540Z,e934b7e9-f182-4faf-aeed-e404761d4341,,19499,0.0,21:09:42,20260825,69495,1104,1230095,19.424192428588867,-99.16299438476562,259.0,17.0,61.2,,,,1787694329,2026-08-25 15:45:29-06:00,,,1,L01a07-1 indios verdes - el caminero,,3,D40D0D,FFFFFF,,,,,,
metrobus,metrobus_vehicle_positions_enriched,2026-08-25T21:45:44Z,2026-08-25,20260825T214540Z,764ccbcc-2adc-4b75-abf6-b81da1536bb7,,19500,1.0,20:56:01,20260825,69494,1103,1230094,19.39800453186035,-99.17110443115234,163.0,14.0,50.4,,,,1787694329,2026-08-25 15:45:29-06:00,,,1,L01a07-2 el caminero - indios verdes,,3,D40D0D,FFFFFF,,,,,,
metrobus,metrobus_vehicle_positions_enriched,2026-08-25T21:45:44Z,2026-08-25,20260825T214540Z,4f932dd0-f142-40b6-9171-4ca413074ef1,,,,,,69493,1102,1230093,19.497251510620117,-99.1199722290039,221.0,17.0,61.2,,,,1787694332,2026-08-25 15:45:32-06:00,,,,,,,,,,,,,,
metrobus,metrobus_vehicle_positions_enriched,2026-08-25T21:45:44Z,2026-08-25,20260825T214540Z,635c7031-8185-4b91-b01f-88c57546481f,,19499,0.0,21:22:55,20260825,69492,1101,1230092,19.429431915283203,-99.16045379638672,202.0,9.0,32.4,,,,1787694331,2026-08-25 15:45:31-06:00,,,1,L01a07-1 indios verdes - el caminero,,3,D40D0D,FFFFFF,,,,,,
metrobus,metrobus_vehicle_positions_enriched,2026-08-25T21:45:44Z,2026-08-25,20260825T214540Z,b8b90464-c26d-4a9b-9f5d-d72a6022b080,,19577,1.0,20:33:34,20260825,70054,920,1290122,19.492128372192383,-99.12017059326172,324.0,0.0,0.0,,,,1787694323,2026-08-25 15:45:23-06:00,,,7,L07h01-2 campo marte - indios verdes,,3,116633,FFFFFF,,,,,,
metrobus,metrobus_vehicle_positions_enriched,2026-08-25T21:45:44Z,2026-08-25,20260825T214540Z,ab89f1de-6043-44a1-bf8f-26c25e518ba2,,19576,0.0,21:36:52,20260825,70055,921,1290123,19.472803115844727,-99.12330627441406,199.0,30.0,108.0,,,,1787694324,2026-08-25 15:45:24-06:00,,,7,L07h01-1 indios verdes - campo marte,,3,116633,FFFFFF,,,,,,
metrobus,metrobus_vehicle_positions_enriched,2026-08-25T21:45:44Z,2026-08-25,20260825T214540Z,a3a4ff1b-f5f9-4e96-ad20-699cde8d982a,,,,,,70056,922,1290124,19.426742553710938,-99.19930267333984,101.0,0.0,0.0,,,,1787694325,2026-08-25 15:45:25-06:00,,,,,,,,,,,,,,
metrobus,metrobus_vehicle_positions_enriched,2026-08-25T21:45:44Z,2026-08-25,20260825T214540Z,ac92dda5-2f7d-4633-a607-bc9e6efe9c87,,19576,0.0,20:40:52,20260825,70057,923,1290125,19.42645835876465,-99.19554901123047,278.0,29.0,104.4,,,,1787694324,2026-08-25 15:45:24-06:00,,,7,L07h01-1 indios verdes - campo marte,,3,116633,FFFFFF,,,,,,
metrobus,metrobus_vehicle_positions_enriched,2026-08-25T21:45:44Z,2026-08-25,20260825T214540Z,13b319de-9258-42d6-a5ad-71363bebe6b4,,19583,1.0,21:28:25,20260825,70058,924,1290126,19.436416625976562,-99.1479263305664,567.0,3.0,10.8,,,,1787694330,2026-08-25 15:45:30-06:00,,,7,L07h04-2 la diana - indios verdes,,3,116633,FFFFFF,,,,,,
metrobus,metrobus_vehicle_positions_enriched,2026-08-25T21:45:44Z,2026-08-25,20260825T214540Z,57000df2-0ac1-4aac-a7c7-ca2806b3e846,,19577,1.0,21:31:56,20260825,70059,925,1290127,19.429241180419922,-99.16276550292969,672.0,0.0,0.0,,,,1787694333,2026-08-25 15:45:33-06:00,,,7,L07h01-2 campo marte - indios verdes,,3,116633,FFFFFF,,,,,,
metrobus,metrobus_vehicle_positions_enriched,2026-08-25T21:45:44Z,2026-08-25,20260825T214540Z,acb8ad08-bf9e-4b3b-9d7e-d915d1585221,,19576,0.0,21:05:06,20260825,70060,926,1290128,19.491710662841797,-99.12014770507812,145.0,0.0,0.0,,,,1787692283,2026-08-25 15:11:23-06:00,,,7,L07h01-1 indios verdes - campo marte,,3,116633,FFFFFF,,,,,,
metrobus,metrobus_vehicle_positions_enriched,2026-08-25T21:45:44Z,2026-08-25,20260825T214540Z,c79cdd35-c659-4140-b96b-ac262ed79e7b,,19493,1.0,21:29:52,20260825,69500,1109,1230100,19.4461727142334,-99.15325164794922,340.0,0.0,0.0,,,,1787694325,2026-08-25 15:45:25-06:00,,,1,L01a02-2 insurgentes - indios verdes,,3,D40D0D,FFFFFF,,,,,,
metrobus,metrobus_vehicle_positions_enriched,2026-08-25T21:45:44Z,2026-08-25,20260825T214540Z,2469fee7-0270-42e9-a414-5dae75e6b476,,,,,,70061,927,1290129,19.48691749572754,-99.09159851074219,289.0,0.0,0.0,,,,1787494894,2026-08-23 08:21:34-06:00,,,,,,,,,,,,,,
metrobus,metrobus_vehicle_positions_enriched,2026-08-25T21:45:44Z,2026-08-25,20260825T214540Z,016a339b-ce5c-429e-9719-cb90975acf49,,19499,0.0,21:01:46,20260825,69499,1108,1230099,19.407304763793945,-99.16814422607422,197.0,13.0,46.800000000000004,,,,1787694328,2026-08-25 15:45:28-06:00,,,1,L01a07-1 indios verdes - el caminero,,3,D40D0D,FFFFFF,,,,,,
metrobus,metrobus_vehicle_positions_enriched,2026-08-25T21:45:44Z,2026-08-25,20260825T214540Z,8cd5fab6-b98b-4a43-bf0a-8da594eef6ae,,,,,,70062,928,1290130,19.42675018310547,-99.19942474365234,994.0,0.0,0.0,,,,1787694331,2026-08-25 15:45:31-06:00,,,,,,,,,,,,,,
metrobus,metrobus_vehicle_positions_enriched,2026-08-25T21:45:44Z,2026-08-25,20260825T214540Z,84c0ecd8-2ae0-4139-9d7d-5815c856412f,,19576,0.0,21:15:24,20260825,70063,929,1290131,19.441593170166016,-99.14222717285156,225.0,12.0,43.2,,,,1787694332,2026-08-25 15:45:32-06:00,,,7,L07h01-1 indios verdes - campo marte,,3,116633,FFFFFF,,,,,,
metrobus,metrobus_vehicle_positions_enriched,2026-08-25T21:45:44Z,2026-08-25,20260825T214540Z,f7237fe7-12bf-4d99-acec-0c1cc091e92f,,,,,,69512,1121,1230112,19.500038146972656,-99.11927795410156,0.0,0.0,0.0,,,,1787682177,2026-08-25 12:22:57-06:00,,,,,,,,,,,,,,
metrobus,metrobus_vehicle_positions_enriched,2026-08-25T21:45:44Z,2026-08-25,20260825T214540Z,c8345b7a-1239-4209-b23a-fda129930f87,,,,,,69511,1120,1230111,19.3409366607666,-99.1900405883789,200.0,0.0,0.0,,,,1787694326,2026-08-25 15:45:26-06:00,,,,,,,,,,,,,,
metrobus,metrobus_vehicle_positions_enriched,2026-08-25T21:45:44Z,2026-08-25,20260825T214540Z,35d2888f-443d-43ef-91f0-be92970e2a10,,19500,1.0,20:46:11,20260825,69509,1118,1230109,19.41570281982422,-99.16531372070312,172.0,33.0,118.8,,,,1787694325,2026-08-25 15:45:25-06:00,,,1,L01a07-2 el caminero - indios verdes,,3,D40D0D,FFFFFF,,,,,,
metrobus,metrobus_vehicle_positions_enriched,2026-08-25T21:45:44Z,2026-08-25,20260825T214540Z,23ac5737-e130-4dda-b4ac-9f9390068458,,19492,0.0,20:43:33,20260825,69508,1117,1230108,19.497148513793945,-99.12006378173828,673.0,0.0,0.0,,,,1787694327,2026-08-25 15:45:27-06:00,,,1,L01a01-1 indios verdes - dr. gálvez,,3,D40D0D,FFFFFF,,,,,,
metrobus,metrobus_vehicle_positions_enriched,2026-08-25T21:45:44Z,2026-08-25,20260825T214540Z,b69530cb-f394-450b-afd6-1588ebd1c221,,19498,1.0,20:36:02,20260825,69507,1116,1230107,19.42831039428711,-99.16079711914062,232.0,27.0,97.2,,,,1787694322,2026-08-25 15:45:22-06:00,,,1,L01a03-2 el caminero - buenavista,,3,D40D0D,FFFFFF,,,,,,
metrobus,metrobus_vehicle_positions_enriched,2026-08-25T21:45:44Z,2026-08-25,20260825T214540Z,eb252f37-0cc8-4ff1-9156-102e3c5228c5,,,,,,69506,1115,1230106,19.493589401245117,-99.11979675292969,169.0,0.0,0.0,,,,1787694321,2026-08-25 15:45:21-06:00,,,,,,,,,,,,,,
metrobus,metrobus_vehicle_positions_enriched,2026-08-25T21:45:44Z,2026-08-25,20260825T214540Z,5cad4257-fa53-4f4a-adce-b9d2759562eb,,19491,1.0,21:40:21,20260825,69505,1114,1230105,19.351709365844727,-99.18606567382812,164.0,38.0,136.8,,,,1787694322,2026-08-25 15:45:22-06:00,,,1,L01a01-2 dr. gálvez - indios verdes,,3,D40D0D,FFFFFF,,,,,,
metrobus,metrobus_vehicle_positions_enriched,2026-08-25T21:45:44Z,2026-08-25,20260825T214540Z,4390cc4d-8cb5-4529-8326-f6d64548a196,,19492,0.0,20:39:47,20260825,69504,1113,1230104,19.373249053955078,-99.17921447753906,197.0,0.0,0.0,,,,1787694332,2026-08-25 15:45:32-06:00,,,1,L01a01-1 indios verdes - dr. gálvez,,3,D40D0D,FFFFFF,,,,,,
metrobus,metrobus_vehicle_positions_enriched,2026-08-25T21:45:44Z,2026-08-25,20260825T214540Z,384ef3d2-2ea3-48e2-a755-09587809d07b,,19499,0.0,20:46:55,20260825,69503,1112,1230103,19.382417678833008,-99.17620849609375,196.0,0.0,0.0,,,,1787694334,2026-08-25 15:45:34-06:00,,,1,L01a07-1 indios verdes - el caminero,,3,D40D0D,FFFFFF,,,,,,
metrobus,metrobus_vehicle_positions_enriched,2026-08-25T21:45:44Z,2026-08-25,20260825T214540Z,f9586022-1cc2-40f3-ab24-7371e9deddab,,19582,0.0,21:38:56,20260825,70064,930,1290132,19.47894287109375,-99.12098693847656,200.0,0.0,0.0,,,,1787694330,2026-08-25 15:45:30-06:00,,,7,L07h04-1 indios verdes - la diana,,3,116633,FFFFFF,,,,,,
metrobus,metrobus_vehicle_positions_enriched,2026-08-25T21:45:44Z,2026-08-25,20260825T214540Z,34746f6b-9ebd-4afc-9f6e-ab36b7e5a9a8,,19577,1.0,20:47:47,20260825,70065,931,1290133,19.47844123840332,-99.12114715576172,216.0,0.0,0.0,,,,1787694332,2026-08-25 15:45:32-06:00,,,7,L07h01-2 campo marte - indios verdes,,3,116633,FFFFFF,,,,,,
metrobus,metrobus_vehicle_positions_enriched,2026-08-25T21:45:44Z,2026-08-25,20260825T214540Z,6849638a-ee19-434a-9f3b-c8d2dccbfae9,,,,,,69502,1111,1230102,19.278873443603516,-99.16923522949219,332.0,0.0,0.0,,,,1787694332,2026-08-25 15:45:32-06:00,,,,,,,,,,,,,,
metrobus,metrobus_vehicle_positions_enriched,2026-08-25T21:45:44Z,2026-08-25,20260825T214540Z,684b37fd-4510-4bb8-97aa-d42bcf11fe2d,,,,,,70066,932,1290134,19.508399963378906,-99.1730728149414,0.0,0.0,0.0,,,,1787694320,2026-08-25 15:45:20-06:00,,,,,,,,,,,,,,
metrobus,metrobus_vehicle_positions_enriched,2026-08-25T21:45:44Z,2026-08-25,20260825T214540Z,b1858fd5-1ddb-4c23-9145-32b68f30fed1,,19577,1.0,20:58:59,20260825,70067,933,1290135,19.467243194580078,-99.12532043457031,193.0,0.0,0.0,,,,1787694326,2026-08-25 15:45:26-06:00,,,7,L07h01-2 campo marte - indios verdes,,3,116633,FFFFFF,,,,,,
metrobus,metrobus_vehicle_positions_enriched,2026-08-25T21:45:44Z,2026-08-25,20260825T214540Z,6fa139c2-4a12-49ae-b6e7-7ab88983562c,,19576,0.0,21:23:07,20260825,70068,934,1290136,19.45105743408203,-99.13267517089844,217.0,19.0,68.4,,,,1787694325,2026-08-25 15:45:25-06:00,,,7,L07h01-1 indios verdes - campo marte,,3,116633,FFFFFF,,,,,,
metrobus,metrobus_vehicle_positions_enriched,2026-08-25T21:45:44Z,2026-08-25,20260825T214540Z,06f8a9c5-631e-4354-ba0b-9389b2c4e259,,19577,1.0,21:04:51,20260825,70069,935,1290137,19.458049774169922,-99.12881469726562,204.0,23.0,82.8,,,,1787694331,2026-08-25 15:45:31-06:00,,,7,L07h01-2 campo marte - indios verdes,,3,116633,FFFFFF,,,,,,
metrobus,metrobus_vehicle_positions_enriched,2026-08-25T21:45:44Z,2026-08-25,20260825T214540Z,16647e81-097c-4d49-b375-4c2d5e15c52e,,,,,,70070,936,1290138,19.42616844177246,-99.19377899169922,279.0,28.0,100.8,,,,1787694328,2026-08-25 15:45:28-06:00,,,,,,,,,,,,,,
metrobus,metrobus_vehicle_positions_enriched,2026-08-25T21:45:44Z,2026-08-25,20260825T214540Z,656bdbae-93c1-4a46-898e-159c9334e7f5,,19578,0.0,21:42:48,20260825,70071,937,1290139,19.487136840820312,-99.11788177490234,198.0,0.0,0.0,,,,1787694331,2026-08-25 15:45:31-06:00,,,7,L07h02-1 hospital infantil - campo marte,,3,116633,FFFFFF,,,,,,
metrobus,metrobus_vehicle_positions_enriched,2026-08-25T21:45:44Z,2026-08-25,20260825T214540Z,538badad-456a-49a0-ae9a-ac95d1210663,,,,,,70072,938,1290140,19.514806747436523,-99.14982604980469,0.0,0.0,0.0,,,,1787592965,2026-08-24 11:36:05-06:00,,,,,,,,,,,,,,
metrobus,metrobus_vehicle_positions_enriched,2026-08-25T21:45:44Z,2026-08-25,20260825T214540Z,a7930edc-4725-43cf-bac2-dcadb172b667,,19576,0.0,21:31:27,20260825,70073,939,1290141,19.462535858154297,-99.12711334228516,201.0,0.0,0.0,,,,1787694331,2026-08-25 15:45:31-06:00,,,7,L07h01-1 indios verdes - campo marte,,3,116633,FFFFFF,,,,,,
metrobus,metrobus_vehicle_positions_enriched,2026-08-25T21:45:44Z,2026-08-25,20260825T214540Z,02244a20-24a2-4352-b028-0cc0a0439043,,19491,1.0,21:19:20,20260825,69510,1119,1230110,19.39280128479004,-99.1727066040039,174.0,52.0,187.20000000000002,,,,1787694320,2026-08-25 15:45:20-06:00,,,1,L01a01-2 dr. gálvez - indios verdes,,3,D40D0D,FFFFFF,,,,,,
metrobus,metrobus_vehicle_positions_enriched,2026-08-25T21:45:44Z,2026-08-25,20260825T214540Z,02db05cd-d9d0-486d-8a5a-e663645595e8,,20212,1.0,21:30:03,20260825,69411,3310,TienepermisodeSEMOVI,19.350711822509766,-99.11075592041016,770.0,14.0,50.4,,,,1787694322,2026-08-25 15:45:22-06:00,,,5,L05f03-2 las bombas - río de los remedios,,3,141982,FFFFFF,,,,,,
metrobus,metrobus_vehicle_positions_enriched,2026-08-25T21:45:44Z,2026-08-25,20260825T214540Z,a5593538-6e3d-43d6-acd0-2513eba1807a,,19493,1.0,21:26:59,20260825,69523,1132,1230026,19.459856033325195,-99.14622497558594,361.0,0.0,0.0,,,,1787694334,2026-08-25 15:45:34-06:00,,,1,L01a02-2 insurgentes - indios verdes,,3,D40D0D,FFFFFF,,,,,,
metrobus,metrobus_vehicle_positions_enriched,2026-08-25T21:45:44Z,2026-08-25,20260825T214540Z,1d7e7828-6d78-4b80-97d9-6f3a34621147,,19499,0.0,20:53:41,20260825,69522,1131,1230025,19.39899444580078,-99.17072296142578,193.0,44.0,158.4,,,,1787694324,2026-08-25 15:45:24-06:00,,,1,L01a07-1 indios verdes - el caminero,,3,D40D0D,FFFFFF,,,,,,
metrobus,metrobus_vehicle_positions_enriched,2026-08-25T21:45:44Z,2026-08-25,20260825T214540Z,6fe9f99f-d827-4cb9-a96c-88aaa473340e,,19500,1.0,21:26:19,20260825,69521,1130,1230024,19.334903717041016,-99.18984985351562,357.0,22.0,79.2,,,,1787694334,2026-08-25 15:45:34-06:00,,,1,L01a07-2 el caminero - indios verdes,,3,D40D0D,FFFFFF,,,,,,
metrobus,metrobus_vehicle_positions_enriched,2026-08-25T21:45:44Z,2026-08-25,20260825T214540Z,ee2fcdfb-adb6-4210-ac5a-ddfa81e73cfc,,19563,0.0,21:08:50,20260825,69408,3307,1230171,19.398426055908203,-99.11355590820312,268.0,0.0,0.0,,,,1787694329,2026-08-25 15:45:29-06:00,,,2,L02c01-1 tepalcates - tacubaya,,3,8D1A96,FFFFFF,,,,,,
metrobus,metrobus_vehicle_positions_enriched,2026-08-25T21:45:44Z,2026-08-25,20260825T214540Z,0e66c0fb-9582-4e69-8f7e-2d855c5fea16,,19497,0.0,20:40:30,20260825,69520,1129,1230022,19.329702377319336,-99.18943786621094,167.0,48.0,172.8,,,,1787694332,2026-08-25 15:45:32-06:00,,,1,L01a03-1 buenavista - el caminero,,3,D40D0D,FFFFFF,,,,,,
metrobus,metrobus_vehicle_positions_enriched,2026-08-25T21:45:44Z,2026-08-25,20260825T214540Z,1ef8e867-b06e-40c4-93f4-775e375c009b,,19563,0.0,20:38:48,20260825,69407,3306,1230185,19.40699005126953,-99.1814193725586,289.0,20.0,72.0,,,,1787694335,2026-08-25 15:45:35-06:00,,,2,L02c01-1 tepalcates - tacubaya,,3,8D1A96,FFFFFF,,,,,,
metrobus,metrobus_vehicle_positions_enriched,2026-08-25T21:45:44Z,2026-08-25,20260825T214540Z,803db05e-ac5e-4697-a253-f731cfd6bbfb,,19494,0.0,21:44:59,20260825,69519,1128,003A008,19.493350982666016,-99.12019348144531,189.0,47.0,169.20000000000002,,,,1787694329,2026-08-25 15:45:29-06:00,,,1,L01a02-1 indios verdes - insurgentes,,3,D40D0D,FFFFFF,,,,,,
metrobus,metrobus_vehicle_positions_enriched,2026-08-25T21:45:44Z,2026-08-25,20260825T214540Z,3a5132f1-11dd-4274-b0fd-6269a38eaa03,,19566,0.0,21:18:31,20260825,69406,3305,1230183,19.39173698425293,-99.08705139160156,306.0,9.0,32.4,,,,1787694323,2026-08-25 15:45:23-06:00,,,2,L02c03-1 tepalcates - col. del valle,,3,8D1A96,FFFFFF,,,,,,
metrobus,metrobus_vehicle_positions_enriched,2026-08-25T21:45:44Z,2026-08-25,20260825T214540Z,9db877e0-2d71-46c3-9978-f188d2490014,,19491,1.0,21:31:31,20260825,69518,1127,003A007,19.369096755981445,-99.18045806884766,163.0,0.0,0.0,,,,1787694320,2026-08-25 15:45:20-06:00,,,1,L01a01-2 dr. gálvez - indios verdes,,3,D40D0D,FFFFFF,,,,,,
metrobus,metrobus_vehicle_positions_enriched,2026-08-25T21:45:44Z,2026-08-25,20260825T214540Z,5edcbc51-ea21-484d-a401-7fd4477b707a,,19562,1.0,21:27:08,20260825,69405,3304,1230189,19.395587921142578,-99.15164184570312,942.0,0.0,0.0,,,,1787694328,2026-08-25 15:45:28-06:00,,,2,L02c01-2 tacubaya - tepalcates,,3,8D1A96,FFFFFF,,,,,,
metrobus,metrobus_vehicle_positions_enriched,2026-08-25T21:45:44Z,2026-08-25,20260825T214540Z,6b36a903-f56b-48ed-939c-8f5e383649f7,,19492,0.0,21:39:40,20260825,69517,1126,003A006,19.47498893737793,-99.13398742675781,217.0,31.0,111.60000000000001,,,,1787694327,2026-08-25 15:45:27-06:00,,,1,L01a01-1 indios verdes - dr. gálvez,,3,D40D0D,FFFFFF,,,,,,
metrobus,metrobus_vehicle_positions_enriched,2026-08-25T21:45:44Z,2026-08-25,20260825T214540Z,4c8a9322-a94c-4d48-9d65-dfbe4a813936,,,,,,69404,3303,1230179,19.407081604003906,-99.18212890625,109.0,27.0,97.2,,,,1787694318,2026-08-25 15:45:18-06:00,,,,,,,,,,,,,,
metrobus,metrobus_vehicle_positions_enriched,2026-08-25T21:45:44Z,2026-08-25,20260825T214540Z,0cefe1d7-e74e-4d05-a9f5-34cba093e306,,,,,,69516,1125,003A005,19.49373435974121,-99.11974334716797,171.0,0.0,0.0,,,,1787694322,2026-08-25 15:45:22-06:00,,,,,,,,,,,,,,
metrobus,metrobus_vehicle_positions_enriched,2026-08-25T21:45:44Z,2026-08-25,20260825T214540Z,7dbf9177-849d-4c31-b6ef-d2aab81f2410,,19497,0.0,20:44:30,20260825,69515,1124,003A004,19.34630012512207,-99.18802642822266,198.0,20.0,72.0,,,,1787694327,2026-08-25 15:45:27-06:00,,,1,L01a03-1 buenavista - el caminero,,3,D40D0D,FFFFFF,,,,,,
metrobus,metrobus_vehicle_positions_enriched,2026-08-25T21:45:44Z,2026-08-25,20260825T214540Z,f0f126c1-a357-42a3-95a3-8c8c0363b195,,19565,1.0,21:10:07,20260825,69403,3302,1230188,19.383981704711914,-99.07349395751953,715.0,22.0,79.2,,,,1787694332,2026-08-25 15:45:32-06:00,,,2,L02c02-2 etiopía l3 - tepalcates,,3,8D1A96,FFFFFF,,,,,,
metrobus,metrobus_vehicle_positions_enriched,2026-08-25T21:45:44Z,2026-08-25,20260825T214540Z,5e6970ce-f617-4296-a9a2-1b446b4883bc,,19577,1.0,20:44:49,20260825,70074,940,1290142,19.4825496673584,-99.11436462402344,103.0,18.0,64.8,,,,1787694336,2026-08-25 15:45:36-06:00,,,7,L07h01-2 campo marte - indios verdes,,3,116633,FFFFFF,,,,,,
metrobus,metrobus_vehicle_positions_enriched,2026-08-25T21:45:44Z,2026-08-25,20260825T214540Z,53f410e4-106f-4218-8f17-e3a9cc9c96d0,,,,,,70075,941,1290143,19.4335994720459,-99.15392303466797,244.0,18.0,64.8,,,,1787694324,2026-08-25 15:45:24-06:00,,,,,,,,,,,,,,
metrobus,metrobus_vehicle_positions_enriched,2026-08-25T21:45:44Z,2026-08-25,20260825T214540Z,90046cac-5922-4a30-af0e-23163d06e9b2,,19493,1.0,21:45:17,20260825,69514,1123,003A003,19.424551010131836,-99.1624526977539,254.0,27.0,97.2,,,,1787694332,2026-08-25 15:45:32-06:00,,,1,L01a02-2 insurgentes - indios verdes,,3,D40D0D,FFFFFF,,,,,,
metrobus,metrobus_vehicle_positions_enriched,2026-08-25T21:45:44Z,2026-08-25,20260825T214540Z,59a27050-ce1c-4c36-a33e-f15ebdcf5c09,,19567,1.0,21:33:18,20260825,69402,3301,1230186,19.401208877563477,-99.16812896728516,166.0,0.0,0.0,,,,1787694321,2026-08-25 15:45:21-06:00,,,2,L02c03-2 col. del valle - tepalcates,,3,8D1A96,FFFFFF,,,,,,
metrobus,metrobus_vehicle_positions_enriched,2026-08-25T21:45:44Z,2026-08-25,20260825T214540Z,af6bb58e-3b54-4451-a2a6-c48e88316b67,,19494,0.0,21:33:28,20260825,69513,1122,003A002,19.46271514892578,-99.14408111572266,212.0,12.0,43.2,,,,1787694323,2026-08-25 15:45:23-06:00,,,1,L01a02-1 indios verdes - insurgentes,,3,D40D0D,FFFFFF,,,,,,
metrobus,metrobus_vehicle_positions_enriched,2026-08-25T21:45:44Z,2026-08-25,20260825T214540Z,f2a83d82-2de3-488a-8f08-f875a0fef205,,19577,1.0,20:39:00,20260825,70076,942,1290144,19.491790771484375,-99.11992645263672,332.0,0.0,0.0,,,,1787694333,2026-08-25 15:45:33-06:00,,,7,L07h01-2 campo marte - indios verdes,,3,116633,FFFFFF,,,,,,
metrobus,metrobus_vehicle_positions_enriched,2026-08-25T21:45:44Z,2026-08-25,20260825T214540Z,21a82556-071f-4ab9-9702-0b7defc1a5dc,,19471,1.0,21:44:46,20260825,69324,701,1240014,19.509693145751953,-99.1988525390625,191.0,20.0,72.0,,,,1787694331,2026-08-25 15:45:31-06:00,,,6,L06g01-2 el rosario - villa de aragón,,3,E44599,FFFFFF,,,,,,
metrobus,metrobus_vehicle_positions_enriched,2026-08-25T21:45:44Z,2026-08-25,20260825T214540Z,15c12137-9d7c-4fc0-9bcc-e7096e7a24d8,,19470,0.0,20:54:55,20260825,69325,702,1240015,19.49642562866211,-99.15936279296875,287.0,50.0,180.0,,,,1787694324,2026-08-25 15:45:24-06:00,,,6,L06g01-1 villa de aragón - el rosario,,3,E44599,FFFFFF,,,,,,
metrobus,metrobus_vehicle_positions_enriched,2026-08-25T21:45:44Z,2026-08-25,20260825T214540Z,ac19f122-c40e-4939-9ca0-c72ee777a1df,,19473,0.0,21:09:04,20260825,69326,703,1240016,19.48709487915039,-99.12348937988281,290.0,44.0,158.4,,,,1787694328,2026-08-25 15:45:28-06:00,,,6,L06g02-1 villa de aragón - ipn,,3,E44599,FFFFFF,,,,,,
metrobus,metrobus_vehicle_positions_enriched,2026-08-25T21:45:44Z,2026-08-25,20260825T214540Z,fd998250-a7c6-454d-a544-c74489138903,,19475,1.0,21:30:27,20260825,69327,704,1240017,19.49488639831543,-99.15311431884766,102.0,16.0,57.6,,,,1787694331,2026-08-25 15:45:31-06:00,,,6,L06g03-2 el rosario- dep. 18 de marzo,,3,E44599,FFFFFF,,,,,,
metrobus,metrobus_vehicle_positions_enriched,2026-08-25T21:45:44Z,2026-08-25,20260825T214540Z,167e562f-dd9a-463c-9dec-4b193d8962c6,,19471,1.0,20:52:11,20260825,69328,705,1240018,19.466489791870117,-99.07383728027344,103.0,0.0,0.0,,,,1787694325,2026-08-25 15:45:25-06:00,,,6,L06g01-2 el rosario - villa de aragón,,3,E44599,FFFFFF,,,,,,
metrobus,metrobus_vehicle_positions_enriched,2026-08-25T21:45:44Z,2026-08-25,20260825T214540Z,ec02c72e-26a0-4cd0-9307-25ce1ef4a149,,19470,0.0,21:24:23,20260825,69329,706,1240019,19.47475814819336,-99.08855438232422,330.0,0.0,0.0,,,,1787694328,2026-08-25 15:45:28-06:00,,,6,L06g01-1 villa de aragón - el rosario,,3,E44599,FFFFFF,,,,,,
metrobus,metrobus_vehicle_positions_enriched,2026-08-25T21:45:44Z,2026-08-25,20260825T214540Z,f1bd48e6-71a6-4531-bc45-43d2415877f7,,19563,0.0,21:05:13,20260825,69410,3309,1230181,19.39797019958496,-99.12757110595703,265.0,45.0,162.0,,,,1787694324,2026-08-25 15:45:24-06:00,,,2,L02c01-1 tepalcates - tacubaya,,3,8D1A96,FFFFFF,,,,,,
metrobus,metrobus_vehicle_positions_enriched,2026-08-25T21:45:44Z,2026-08-25,20260825T214540Z,e0f8e8a4-3e2e-45ae-ab47-dd7d5d97f30e,,19470,0.0,21:24:19,20260825,69330,707,1240020,19.477739334106445,-99.09434509277344,292.0,34.0,122.4,,,,1787694325,2026-08-25 15:45:25-06:00,,,6,L06g01-1 villa de aragón - el rosario,,3,E44599,FFFFFF,,,,,,
metrobus,metrobus_vehicle_positions_enriched,2026-08-25T21:45:44Z,2026-08-25,20260825T214540Z,2622170d-43e1-481a-a369-5fcb01f25528,,19470,0.0,21:28:50,20260825,69331,708,1240021,19.46855926513672,-99.0843276977539,297.0,0.0,0.0,,,,1787694324,2026-08-25 15:45:24-06:00,,,6,L06g01-1 villa de aragón - el rosario,,3,E44599,FFFFFF,,,,,,
metrobus,metrobus_vehicle_positions_enriched,2026-08-25T21:45:44Z,2026-08-25,20260825T214540Z,0be7a6de-7b61-4b8f-9266-e5d8feae19b4,,19563,0.0,20:50:52,20260825,69409,3308,1230178,19.39598274230957,-99.15576934814453,272.0,27.0,97.2,,,,1787694321,2026-08-25 15:45:21-06:00,,,2,L02c01-1 tepalcates - tacubaya,,3,8D1A96,FFFFFF,,,,,,
metrobus,metrobus_vehicle_positions_enriched,2026-08-25T21:45:44Z,2026-08-25,20260825T214540Z,246f41fd-0ea1-4f7d-af08-a4fc3e97ecf8,,19472,1.0,21:26:58,20260825,69332,709,1240022,19.480281829833984,-99.1011962890625,113.0,0.0,0.0,,,,1787694326,2026-08-25 15:45:26-06:00,,,6,L06g02-2 ipn - villa de aragón,,3,E44599,FFFFFF,,,,,,
metrobus,metrobus_vehicle_positions_enriched,2026-08-25T21:45:44Z,2026-08-25,20260825T214540Z,b9ad59a3-0a5e-46c6-98f3-ea823e173a85,,19498,1.0,21:27:34,20260825,69534,1143,1230001,19.312328338623047,-99.18714904785156,353.0,49.0,176.4,,,,1787694324,2026-08-25 15:45:24-06:00,,,1,L01a03-2 el caminero - buenavista,,3,D40D0D,FFFFFF,,,,,,
metrobus,metrobus_vehicle_positions_enriched,2026-08-25T21:45:44Z,2026-08-25,20260825T214540Z,3d2612f0-e9f2-49d2-8fe0-b03d740a2ed1,,,,,,69533,1142,1230004,19.4986572265625,-99.11934661865234,248.0,18.0,64.8,,,,1787694321,2026-08-25 15:45:21-06:00,,,,,,,,,,,,,,
metrobus,metrobus_vehicle_positions_enriched,2026-08-25T21:45:44Z,2026-08-25,20260825T214540Z,d0209cc3-d37a-44ac-b6fd-e4dd63f25b91,,19566,0.0,21:27:06,20260825,69421,3320,1230192,19.384538650512695,-99.07572937011719,192.0,9.0,32.4,,,,1787694326,2026-08-25 15:45:26-06:00,,,2,L02c03-1 tepalcates - col. del valle,,3,8D1A96,FFFFFF,,,,,,
metrobus,metrobus_vehicle_positions_enriched,2026-08-25T21:45:44Z,2026-08-25,20260825T214540Z,b8287c2b-0e3d-45e9-b153-e2c2edf57662,,19494,0.0,21:32:31,20260825,69532,1141,1230045,19.461936950683594,-99.14464569091797,217.0,31.0,111.60000000000001,,,,1787694323,2026-08-25 15:45:23-06:00,,,1,L01a02-1 indios verdes - insurgentes,,3,D40D0D,FFFFFF,,,,,,
metrobus,metrobus_vehicle_positions_enriched,2026-08-25T21:45:44Z,2026-08-25,20260825T214540Z,825e84c0-e7f1-4fe6-a8ed-6f51fad1cfe4,,19492,0.0,20:13:53,20260825,69531,1140,1230044,19.49933624267578,-99.11968231201172,124.0,0.0,0.0,,,,1787694334,2026-08-25 15:45:34-06:00,,,1,L01a01-1 indios verdes - dr. gálvez,,3,D40D0D,FFFFFF,,,,,,
metrobus,metrobus_vehicle_positions_enriched,2026-08-25T21:45:44Z,2026-08-25,20260825T214540Z,4b52f0c2-5430-4149-b9b3-ea92ae08555d,,19563,0.0,21:29:04,20260825,69419,3318,1230190,19.385717391967773,-99.07051086425781,298.0,44.0,158.4,,,,1787694323,2026-08-25 15:45:23-06:00,,,2,L02c01-1 tepalcates - tacubaya,,3,8D1A96,FFFFFF,,,,,,
metrobus,metrobus_vehicle_positions_enriched,2026-08-25T21:45:44Z,2026-08-25,20260825T214540Z,8fa44110-3bba-4eae-b9ac-b198623e30ce,,19499,0.0,21:22:00,20260825,69530,1139,1230040,19.42908477783203,-99.16062927246094,204.0,6.0,21.6,,,,1787694331,2026-08-25 15:45:31-06:00,,,1,L01a07-1 indios verdes - el caminero,,3,D40D0D,FFFFFF,,,,,,
metrobus,metrobus_vehicle_positions_enriched,2026-08-25T21:45:44Z,2026-08-25,20260825T214540Z,e64a95d9-919f-4799-b737-49afc6e0cd87,,20211,0.0,20:46:24,20260825,69418,3317,TienepermisodeSEMOVI,19.31891441345215,-99.1129150390625,154.0,48.0,172.8,,,,1787694324,2026-08-25 15:45:24-06:00,,,5,L05f03-1 río de los remedios - las bombas,,3,141982,FFFFFF,,,,,,
metrobus,metrobus_vehicle_positions_enriched,2026-08-25T21:45:44Z,2026-08-25,20260825T214540Z,e0984bf7-6815-4d6c-8afe-c05b9be39122,,19470,0.0,21:36:56,20260825,69417,3316,TienepermisodeSEMOVI,19.477535247802734,-99.07843780517578,199.0,46.0,165.6,,,,1787694328,2026-08-25 15:45:28-06:00,,,6,L06g01-1 villa de aragón - el rosario,,3,E44599,FFFFFF,,,,,,
metrobus,metrobus_vehicle_positions_enriched,2026-08-25T21:45:44Z,2026-08-25,20260825T214540Z,d27b807f-74bb-40cc-99b1-fb79ba789480,,,,,,69529,1138,1230038,19.4996337890625,-99.1195068359375,0.0,0.0,0.0,,,,1787694329,2026-08-25 15:45:29-06:00,,,,,,,,,,,,,,
metrobus,metrobus_vehicle_positions_enriched,2026-08-25T21:45:44Z,2026-08-25,20260825T214540Z,45e31257-b2dd-4578-8beb-01451713e6e4,,20212,1.0,21:14:30,20260825,69416,3315,TienepermisodeSEMOVI,19.41859245300293,-99.11215209960938,590.0,28.0,100.8,,,,1787694322,2026-08-25 15:45:22-06:00,,,5,L05f03-2 las bombas - río de los remedios,,3,141982,FFFFFF,,,,,,
metrobus,metrobus_vehicle_positions_enriched,2026-08-25T21:45:44Z,2026-08-25,20260825T214540Z,71bb0c11-ee71-4f32-9027-115b2b2d58e8,,19498,1.0,20:59:24,20260825,69528,1137,1230037,19.387245178222656,-99.17457580566406,163.0,40.0,144.0,,,,1787694321,2026-08-25 15:45:21-06:00,,,1,L01a03-2 el caminero - buenavista,,3,D40D0D,FFFFFF,,,,,,
metrobus,metrobus_vehicle_positions_enriched,2026-08-25T21:45:44Z,2026-08-25,20260825T214540Z,c4e8e5a2-dbfe-48bd-aa57-85c890ee0483,,,,,,69527,1136,1230031,19.423086166381836,-99.1630630493164,100.0,0.0,0.0,,,,1787694321,2026-08-25 15:45:21-06:00,,,,,,,,,,,,,,
metrobus,metrobus_vehicle_positions_enriched,2026-08-25T21:45:44Z,2026-08-25,20260825T214540Z,2327b8d9-8c46-4a12-bf48-b3ac116b530c,,19559,0.0,21:14:09,20260825,69415,3314,TienepermisodeSEMOVI,19.42047119140625,-99.11209106445312,185.0,48.0,172.8,,,,1787694321,2026-08-25 15:45:21-06:00,,,5,L05f05-1 río de los remedios - preparatoria 1,,3,141982,FFFFFF,,,,,,
metrobus,metrobus_vehicle_positions_enriched,2026-08-25T21:45:44Z,2026-08-25,20260825T214540Z,a3afbe0b-b91b-4793-bec8-ac3b70421780,,19499,0.0,21:38:53,20260825,69526,1135,1230029,19.499370574951172,-99.11939239501953,193.0,0.0,0.0,,,,1787694326,2026-08-25 15:45:26-06:00,,,1,L01a07-1 indios verdes - el caminero,,3,D40D0D,FFFFFF,,,,,,
metrobus,metrobus_vehicle_positions_enriched,2026-08-25T21:45:44Z,2026-08-25,20260825T214540Z,9d18c3d2-e0c1-47dc-8ef4-cdd01ec5d447,,,,,,69414,3313,TienepermisodeSEMOVI,19.2735652923584,-99.12017822265625,534.0,0.0,0.0,,,,1787694324,2026-08-25 15:45:24-06:00,,,,,,,,,,,,,,
metrobus,metrobus_vehicle_positions_enriched,2026-08-25T21:45:44Z,2026-08-25,20260825T214540Z,c3c025c0-59f4-4f8c-aa68-4f9bf58c401f,,19499,0.0,21:10:57,20260825,69525,1134,1230028,19.42462158203125,-99.16259002685547,203.0,8.0,28.8,,,,1787694322,2026-08-25 15:45:22-06:00,,,1,L01a07-1 indios verdes - el caminero,,3,D40D0D,FFFFFF,,,,,,
metrobus,metrobus_vehicle_positions_enriched,2026-08-25T21:45:44Z,2026-08-25,20260825T214540Z,82da6482-7c32-4ed2-b952-3a84adbbee61,,19471,1.0,20:44:11,20260825,69413,3312,TienepermisodeSEMOVI,19.472829818725586,-99.06831359863281,136.0,29.0,104.4,,,,1787694328,2026-08-25 15:45:28-06:00,,,6,L06g01-2 el rosario - villa de aragón,,3,E44599,FFFFFF,,,,,,
metrobus,metrobus_vehicle_positions_enriched,2026-08-25T21:45:44Z,2026-08-25,20260825T214540Z,77cc004d-ac01-43a8-b018-01bc0055d290,,19473,0.0,21:31:55,20260825,69333,710,1240023,19.46776580810547,-99.08032989501953,189.0,0.0,0.0,,,,1787694328,2026-08-25 15:45:28-06:00,,,6,L06g02-1 villa de aragón - ipn,,3,E44599,FFFFFF,,,,,,
metrobus,metrobus_vehicle_positions_enriched,2026-08-25T21:45:44Z,2026-08-25,20260825T214540Z,02ebdd64-539b-4545-9967-e7006e6ddb80,,19472,1.0,21:44:17,20260825,69334,711,1240024,19.49126625061035,-99.13529205322266,283.0,16.0,57.6,,,,1787694325,2026-08-25 15:45:25-06:00,,,6,L06g02-2 ipn - villa de aragón,,3,E44599,FFFFFF,,,,,,
metrobus,metrobus_vehicle_positions_enriched,2026-08-25T21:45:44Z,2026-08-25,20260825T214540Z,828efd6a-95d1-4f24-9140-d2a28dba0a31,,20211,0.0,21:08:00,20260825,69412,3311,TienepermisodeSEMOVI,19.397493362426758,-99.11356353759766,176.0,48.0,172.8,,,,1787694325,2026-08-25 15:45:25-06:00,,,5,L05f03-1 río de los remedios - las bombas,,3,141982,FFFFFF,,,,,,
metrobus,metrobus_vehicle_positions_enriched,2026-08-25T21:45:44Z,2026-08-25,20260825T214540Z,ca45b5da-bf47-4439-9a48-53999324f163,,,,,,69524,1133,1230027,19.42597770690918,-99.16220092773438,198.0,26.0,93.60000000000001,,,,1787694311,2026-08-25 15:45:11-06:00,,,,,,,,,,,,,,
metrobus,metrobus_vehicle_positions_enriched,2026-08-25T21:45:44Z,2026-08-25,20260825T214540Z,894ffe4b-058d-4b04-9b6f-bad9615637b1,,19472,1.0,21:31:25,20260825,69335,712,1240109,19.482784271240234,-99.10710906982422,104.0,9.0,32.4,,,,1787694329,2026-08-25 15:45:29-06:00,,,6,L06g02-2 ipn - villa de aragón,,3,E44599,FFFFFF,,,,,,
metrobus,metrobus_vehicle_positions_enriched,2026-08-25T21:45:44Z,2026-08-25,20260825T214540Z,4e2804e4-cdaf-4e16-8f3b-fa98d1b2fc11,,19471,1.0,21:33:45,20260825,69336,713,1240110,19.500080108642578,-99.17414093017578,119.0,54.0,194.4,,,,1787694333,2026-08-25 15:45:33-06:00,,,6,L06g01-2 el rosario - villa de aragón,,3,E44599,FFFFFF,,,,,,
metrobus,metrobus_vehicle_positions_enriched,2026-08-25T21:45:44Z,2026-08-25,20260825T214540Z,477ab467-23a8-4266-a27c-2fadf427d978,,19470,0.0,21:14:43,20260825,69337,714,1240111,19.487220764160156,-99.1129379272461,345.0,26.0,93.60000000000001,,,,1787694321,2026-08-25 15:45:21-06:00,,,6,L06g01-1 villa de aragón - el rosario,,3,E44599,FFFFFF,,,,,,
metrobus,metrobus_vehicle_positions_enriched,2026-08-25T21:45:44Z,2026-08-25,20260825T214540Z,ffcbbf84-995d-4f15-98e6-e5b74e5aaf2a,,19471,1.0,21:07:14,20260825,69338,715,1240112,19.48046112060547,-99.1016616821289,102.0,0.0,0.0,,,,1787694323,2026-08-25 15:45:23-06:00,,,6,L06g01-2 el rosario - villa de aragón,,3,E44599,FFFFFF,,,,,,
metrobus,metrobus_vehicle_positions_enriched,2026-08-25T21:45:44Z,2026-08-25,20260825T214540Z,021702a9-7d3a-4216-b4a0-9e6911e15064,,19470,0.0,20:39:00,20260825,69339,716,ConPermisovencido,19.511768341064453,-99.1964111328125,272.0,0.0,0.0,,,,1787694329,2026-08-25 15:45:29-06:00,,,6,L06g01-1 villa de aragón - el rosario,,3,E44599,FFFFFF,,,,,,
metrobus,metrobus_vehicle_positions_enriched,2026-08-25T21:45:44Z,2026-08-25,20260825T214540Z,76220306-c830-4b0b-84c6-a7537894f66a,,19472,1.0,21:10:54,20260825,69340,717,1240114,19.469646453857422,-99.0649642944336,133.0,0.0,0.0,,,,1787694333,2026-08-25 15:45:33-06:00,,,6,L06g02-2 ipn - villa de aragón,,3,E44599,FFFFFF,,,,,,
metrobus,metrobus_vehicle_positions_enriched,2026-08-25T21:45:44Z,2026-08-25,20260825T214540Z,0def243d-2e31-40d7-9afe-35582595bcdd,,,,,,69341,718,1240115,19.478145599365234,-99.0635757446289,140.0,0.0,0.0,,,,1787691047,2026-08-25 14:50:47-06:00,,,,,,,,,,,,,,
metrobus,metrobus_vehicle_positions_enriched,2026-08-25T21:45:44Z,2026-08-25,20260825T214540Z,9985d22f-a984-4c31-a16a-fd73b7d9612f,,19471,1.0,21:01:38,20260825,69342,719,1240116,19.478790283203125,-99.09752655029297,113.0,7.0,25.2,,,,1787694328,2026-08-25 15:45:28-06:00,,,6,L06g01-2 el rosario - villa de aragón,,3,E44599,FFFFFF,,,,,,
metrobus,metrobus_vehicle_positions_enriched,2026-08-25T21:45:44Z,2026-08-25,20260825T214540Z,db45bf08-ccb7-47a3-b4fc-451a196514ec,,19563,0.0,21:16:51,20260825,69420,3319,1230191,19.3920841217041,-99.0875473022461,304.0,30.0,108.0,,,,1787694329,2026-08-25 15:45:29-06:00,,,2,L02c01-1 tepalcates - tacubaya,,3,8D1A96,FFFFFF,,,,,,
metrobus,metrobus_vehicle_positions_enriched,2026-08-25T21:45:44Z,2026-08-25,20260825T214540Z,d9042d06-4a72-4cef-aeea-eac02bcc9063,,19499,0.0,20:39:11,20260825,69538,1147,1230030,19.372804641723633,-99.17945861816406,196.0,0.0,0.0,,,,1787694335,2026-08-25 15:45:35-06:00,,,1,L01a07-1 indios verdes - el caminero,,3,D40D0D,FFFFFF,,,,,,
metrobus,metrobus_vehicle_positions_enriched,2026-08-25T21:45:44Z,2026-08-25,20260825T214540Z,ad85dc8f-ae7c-438a-a98d-8c907a2642ec,,,,,,69343,720,1240117,19.478479385375977,-99.06359100341797,0.0,0.0,0.0,,,,1787692831,2026-08-25 15:20:31-06:00,,,,,,,,,,,,,,
metrobus,metrobus_vehicle_positions_enriched,2026-08-25T21:45:44Z,2026-08-25,20260825T214540Z,4b9aff5c-4813-41d4-a197-97a17093c1f7,,19499,0.0,20:26:33,20260825,69537,1146,1230023,19.34027862548828,-99.1902847290039,199.0,0.0,0.0,,,,1787694325,2026-08-25 15:45:25-06:00,,,1,L01a07-1 indios verdes - el caminero,,3,D40D0D,FFFFFF,,,,,,
metrobus,metrobus_vehicle_positions_enriched,2026-08-25T21:45:44Z,2026-08-25,20260825T214540Z,ea36f6c1-f09a-4767-ac0f-e591fbdcf776,,19497,0.0,20:54:12,20260825,69536,1145,1230041,19.37067413330078,-99.17998504638672,196.0,39.0,140.4,,,,1787694326,2026-08-25 15:45:26-06:00,,,1,L01a03-1 buenavista - el caminero,,3,D40D0D,FFFFFF,,,,,,
metrobus,metrobus_vehicle_positions_enriched,2026-08-25T21:45:44Z,2026-08-25,20260825T214540Z,5aae9d23-d459-41e3-afa7-9ac739f82cdf,,19472,1.0,21:08:50,20260825,69344,721,1240118,19.46896743774414,-99.0641860961914,133.0,0.0,0.0,,,,1787694330,2026-08-25 15:45:30-06:00,,,6,L06g02-2 ipn - villa de aragón,,3,E44599,FFFFFF,,,,,,
metrobus,metrobus_vehicle_positions_enriched,2026-08-25T21:45:44Z,2026-08-25,20260825T214540Z,01514818-0fba-4047-9ac9-6f80388ee43a,,19475,1.0,21:19:36,20260825,69345,722,1240159,19.490163803100586,-99.13199615478516,111.0,34.0,122.4,,,,1787694328,2026-08-25 15:45:28-06:00,,,6,L06g03-2 el rosario- dep. 18 de marzo,,3,E44599,FFFFFF,,,,,,
metrobus,metrobus_vehicle_positions_enriched,2026-08-25T21:45:44Z,2026-08-25,20260825T214540Z,92c1045c-8c55-4a2d-a930-2e7d441a323c,,19491,1.0,21:02:29,20260825,69535,1144,1230047,19.42636489868164,-99.16181182861328,229.0,16.0,57.6,,,,1787694326,2026-08-25 15:45:26-06:00,,,1,L01a01-2 dr. gálvez - indios verdes,,3,D40D0D,FFFFFF,,,,,,
metrobus,metrobus_vehicle_positions_enriched,2026-08-25T21:45:44Z,2026-08-25,20260825T214540Z,13b17ae8-b712-41cc-92ae-86607df3606f,,19472,1.0,21:41:35,20260825,69346,723,1240160,19.486793518066406,-99.12287902832031,113.0,28.0,100.8,,,,1787694318,2026-08-25 15:45:18-06:00,,,6,L06g02-2 ipn - villa de aragón,,3,E44599,FFFFFF,,,,,,
metrobus,metrobus_vehicle_positions_enriched,2026-08-25T21:45:44Z,2026-08-25,20260825T214540Z,6c55a65f-b6e9-4593-b6f8-518413610e84,,19470,0.0,20:47:50,20260825,69347,724,1240161,19.50409698486328,-99.18403625488281,280.0,21.0,75.60000000000001,,,,1787694335,2026-08-25 15:45:35-06:00,,,6,L06g01-1 villa de aragón - el rosario,,3,E44599,FFFFFF,,,,,,
metrobus,metrobus_vehicle_positions_enriched,2026-08-25T21:45:44Z,2026-08-25,20260825T214540Z,3bbe6566-3cb7-4497-9327-17b3d7b7fe29,,19473,0.0,21:20:54,20260825,69348,725,1240162,19.480850219726562,-99.10201263427734,291.0,42.0,151.20000000000002,,,,1787694321,2026-08-25 15:45:21-06:00,,,6,L06g02-1 villa de aragón - ipn,,3,E44599,FFFFFF,,,,,,
metrobus,metrobus_vehicle_positions_enriched,2026-08-25T21:45:44Z,2026-08-25,20260825T214540Z,425fc1bd-15c2-4d84-8c13-f5adc320e9b5,,19470,0.0,21:31:24,20260825,69349,726,1240163,19.467580795288086,-99.08028411865234,187.0,0.0,0.0,,,,1787694328,2026-08-25 15:45:28-06:00,,,6,L06g01-1 villa de aragón - el rosario,,3,E44599,FFFFFF,,,,,,
metrobus,metrobus_vehicle_positions_enriched,2026-08-25T21:45:44Z,2026-08-25,20260825T214540Z,c12134d4-973a-4eef-8373-06a28ec5040e,,19471,1.0,21:27:00,20260825,69350,727,1240164,19.494691848754883,-99.15234375,102.0,36.0,129.6,,,,1787694335,2026-08-25 15:45:35-06:00,,,6,L06g01-2 el rosario - villa de aragón,,3,E44599,FFFFFF,,,,,,
metrobus,metrobus_vehicle_positions_enriched,2026-08-25T21:45:44Z,2026-08-25,20260825T214540Z,58d19c17-a6bd-4354-ada7-49b26e3a2d05,,19472,1.0,21:43:21,20260825,69351,728,1240165,19.48855972290039,-99.1277084350586,111.0,0.0,0.0,,,,1787694322,2026-08-25 15:45:22-06:00,,,6,L06g02-2 ipn - villa de aragón,,3,E44599,FFFFFF,,,,,,
metrobus,metrobus_vehicle_positions_enriched,2026-08-25T21:45:44Z,2026-08-25,20260825T214540Z,79f41c12-2870-4ae3-837b-85491e7ae76c,,19473,0.0,21:38:35,20260825,69352,729,1240166,19.480989456176758,-99.07640838623047,295.0,2.0,7.2,,,,1787694335,2026-08-25 15:45:35-06:00,,,6,L06g02-1 villa de aragón - ipn,,3,E44599,FFFFFF,,,,,,
metrobus,metrobus_vehicle_positions_enriched,2026-08-25T21:45:44Z,2026-08-25,20260825T214540Z,5da5379c-c92b-4d78-9829-de145dff8283,,19563,0.0,21:27:31,20260825,70117,3343,1250008,19.384700775146484,-99.07568359375,192.0,12.0,43.2,,,,1787694330,2026-08-25 15:45:30-06:00,,,2,L02c01-1 tepalcates - tacubaya,,3,8D1A96,FFFFFF,,,,,,
metrobus,metrobus_vehicle_positions_enriched,2026-08-25T21:45:44Z,2026-08-25,20260825T214540Z,ffadd390-001e-42d6-82b8-43fa86c00cf2,,19564,0.0,21:15:49,20260825,70116,3342,1250009,19.392230987548828,-99.08782196044922,305.0,26.0,93.60000000000001,,,,1787694327,2026-08-25 15:45:27-06:00,,,2,L02c02-1 tepalcates - etiopía l3,,3,8D1A96,FFFFFF,,,,,,
metrobus,metrobus_vehicle_positions_enriched,2026-08-25T21:45:44Z,2026-08-25,20260825T214540Z,98de1e88-896b-4e58-9fad-ef150a44ee58,,19564,0.0,21:00:42,20260825,70115,3341,1250013,19.39361000061035,-99.13494873046875,274.0,29.0,104.4,,,,1787694323,2026-08-25 15:45:23-06:00,,,2,L02c02-1 tepalcates - etiopía l3,,3,8D1A96,FFFFFF,,,,,,
metrobus,metrobus_vehicle_positions_enriched,2026-08-25T21:45:44Z,2026-08-25,20260825T214540Z,139ad758-c903-44b0-8b0b-975430bfd08c,,19563,0.0,21:20:21,20260825,70114,3340,1250014,19.389223098754883,-99.08325958251953,305.0,0.0,0.0,,,,1787694328,2026-08-25 15:45:28-06:00,,,2,L02c01-1 tepalcates - tacubaya,,3,8D1A96,FFFFFF,,,,,,
metrobus,metrobus_vehicle_positions_enriched,2026-08-25T21:45:44Z,2026-08-25,20260825T214540Z,3373f57e-f1f2-4bab-96ab-7f8c65009657,,19565,1.0,21:07:55,20260825,70113,3339,1250012,19.383134841918945,-99.0611801147461,880.0,0.0,0.0,,,,1787694334,2026-08-25 15:45:34-06:00,,,2,L02c02-2 etiopía l3 - tepalcates,,3,8D1A96,FFFFFF,,,,,,
metrobus,metrobus_vehicle_positions_enriched,2026-08-25T21:45:44Z,2026-08-25,20260825T214540Z,875ace8e-7597-4842-8de5-236c6a924dc2,,19562,1.0,20:47:21,20260825,70112,3338,1250011,19.38652229309082,-99.0602035522461,910.0,29.0,104.4,,,,1787694322,2026-08-25 15:45:22-06:00,,,2,L02c01-2 tacubaya - tepalcates,,3,8D1A96,FFFFFF,,,,,,
metrobus,metrobus_vehicle_positions_enriched,2026-08-25T21:45:44Z,2026-08-25,20260825T214540Z,aa74d3be-85ea-4122-952d-f65bd6f87390,,19472,1.0,21:15:23,20260825,69353,730,1240167,19.47112464904785,-99.07090759277344,132.0,4.0,14.4,,,,1787694331,2026-08-25 15:45:31-06:00,,,6,L06g02-2 ipn - villa de aragón,,3,E44599,FFFFFF,,,,,,
metrobus,metrobus_vehicle_positions_enriched,2026-08-25T21:45:44Z,2026-08-25,20260825T214540Z,dd0ff0ab-2341-4596-93fb-3247d2ae19a7,,19470,0.0,20:58:33,20260825,69354,731,1240168,19.495019912719727,-99.15327453613281,283.0,3.0,10.8,,,,1787694330,2026-08-25 15:45:30-06:00,,,6,L06g01-1 villa de aragón - el rosario,,3,E44599,FFFFFF,,,,,,
metrobus,metrobus_vehicle_positions_enriched,2026-08-25T21:45:44Z,2026-08-25,20260825T214540Z,7430dfee-0521-4a75-bb45-93854d645c93,,19470,0.0,20:48:13,20260825,69355,732,1240169,19.50304412841797,-99.1803970336914,288.0,48.0,172.8,,,,1787694331,2026-08-25 15:45:31-06:00,,,6,L06g01-1 villa de aragón - el rosario,,3,E44599,FFFFFF,,,,,,
metrobus,metrobus_vehicle_positions_enriched,2026-08-25T21:45:44Z,2026-08-25,20260825T214540Z,6b7735b9-aa5c-47b5-9222-b4f370602566,,19470,0.0,20:40:46,20260825,69356,733,1240170,19.511335372924805,-99.19366455078125,285.0,34.0,122.4,,,,1787694333,2026-08-25 15:45:33-06:00,,,6,L06g01-1 villa de aragón - el rosario,,3,E44599,FFFFFF,,,,,,
metrobus,metrobus_vehicle_positions_enriched,2026-08-25T21:45:44Z,2026-08-25,20260825T214540Z,fd4d71a7-0d2f-45d5-8cfb-5f8f76fffc66,,,,,,69357,734,1240171,19.4647216796875,-99.0591812133789,0.0,0.0,0.0,,,,1787694246,2026-08-25 15:44:06-06:00,,,,,,,,,,,,,,
metrobus,metrobus_vehicle_positions_enriched,2026-08-25T21:45:44Z,2026-08-25,20260825T214540Z,caf525d0-7138-4e60-b47f-b9f7e717da41,,,,,,69358,735,1240172,19.490495681762695,-99.13262939453125,290.0,19.0,68.4,,,,1787694333,2026-08-25 15:45:33-06:00,,,,,,,,,,,,,,
metrobus,metrobus_vehicle_positions_enriched,2026-08-25T21:45:44Z,2026-08-25,20260825T214540Z,dfc223d6-7b76-4815-80a1-6c5317cc9188,,19473,0.0,21:23:44,20260825,69359,736,1240173,19.47885513305664,-99.09715270996094,293.0,0.0,0.0,,,,1787694335,2026-08-25 15:45:35-06:00,,,6,L06g02-1 villa de aragón - ipn,,3,E44599,FFFFFF,,,,,,
metrobus,metrobus_vehicle_positions_enriched,2026-08-25T21:45:44Z,2026-08-25,20260825T214540Z,500b2acc-a391-4c2f-a7e4-cceebb07d43f,,19563,0.0,20:53:33,20260825,69725,3353,1250030,19.39539337158203,-99.14806365966797,274.0,0.0,0.0,,,,1787694331,2026-08-25 15:45:31-06:00,,,2,L02c01-1 tepalcates - tacubaya,,3,8D1A96,FFFFFF,,,,,,
metrobus,metrobus_vehicle_positions_enriched,2026-08-25T21:45:44Z,2026-08-25,20260825T214540Z,ceec5b88-8be1-4a14-a457-7697b6e5659e,,19567,1.0,21:25:29,20260825,69724,3352,1250029,19.39554786682129,-99.15125274658203,94.0,0.0,0.0,,,,1787694336,2026-08-25 15:45:36-06:00,,,2,L02c03-2 col. del valle - tepalcates,,3,8D1A96,FFFFFF,,,,,,
metrobus,metrobus_vehicle_positions_enriched,2026-08-25T21:45:44Z,2026-08-25,20260825T214540Z,e0b8e59a-d811-49e2-ae1d-208b378b8444,,19563,0.0,20:00:04,20260825,69723,3351,1250028,19.39476203918457,-99.14321899414062,945.0,0.0,0.0,,,,1787694182,2026-08-25 15:43:02-06:00,,,2,L02c01-1 tepalcates - tacubaya,,3,8D1A96,FFFFFF,,,,,,
metrobus,metrobus_vehicle_positions_enriched,2026-08-25T21:45:44Z,2026-08-25,20260825T214540Z,5cb7cbc8-adcc-441d-be54-d57745f22f71,,,,,,70120,3346,003A018,19.38705062866211,-99.05996704101562,357.0,0.0,0.0,,,,1786672044,2026-08-13 19:47:24-06:00,,,,,,,,,,,,,,
metrobus,metrobus_vehicle_positions_enriched,2026-08-25T21:45:44Z,2026-08-25,20260825T214540Z,cbd7cb2a-7e65-453d-a907-ac1409ad9aca,,19563,0.0,21:08:12,20260825,70119,3345,1250007,19.398344039916992,-99.116943359375,269.0,14.0,50.4,,,,1787694332,2026-08-25 15:45:32-06:00,,,2,L02c01-1 tepalcates - tacubaya,,3,8D1A96,FFFFFF,,,,,,
metrobus,metrobus_vehicle_positions_enriched,2026-08-25T21:45:44Z,2026-08-25,20260825T214540Z,1874bf43-3d2a-41c3-8a64-0bc2bd0023a5,,19565,1.0,21:26:04,20260825,70118,3344,1250006,19.397897720336914,-99.10974884033203,101.0,45.0,162.0,,,,1787694331,2026-08-25 15:45:31-06:00,,,2,L02c02-2 etiopía l3 - tepalcates,,3,8D1A96,FFFFFF,,,,,,
metrobus,metrobus_vehicle_positions_enriched,2026-08-25T21:45:44Z,2026-08-25,20260825T214540Z,c1355d43-c88a-41cd-ad3d-ae763e8b821a,,20440,0.0,21:32:39,20260825,69211,509,1260137,19.438358306884766,-99.1379165649414,986.0,18.0,64.8,,,,1787694335,2026-08-25 15:45:35-06:00,,,2,L72h73-2 glorieta cuitláhuac sur - alameda tacubaya,,3,42A76B,FFFFFF,,,,,,
metrobus,metrobus_vehicle_positions_enriched,2026-08-25T21:45:44Z,2026-08-25,20260825T214540Z,57dd6c8b-c5fc-4ddd-92f5-b325438c8396,,19472,1.0,21:12:55,20260825,69726,751,1280022,19.47386932373047,-99.07022094726562,172.0,22.0,79.2,,,,1787694333,2026-08-25 15:45:33-06:00,,,6,L06g02-2 ipn - villa de aragón,,3,E44599,FFFFFF,,,,,,
metrobus,metrobus_vehicle_positions_enriched,2026-08-25T21:45:44Z,2026-08-25,20260825T214540Z,9a889892-f2a1-4093-b3d2-958881f8a0ef,,19474,0.0,21:21:21,20260825,69727,752,1280023,19.51032257080078,-99.19154357910156,351.0,0.0,0.0,,,,1787694335,2026-08-25 15:45:35-06:00,,,6,L06g03-1 dep. 18 de marzo - el rosario,,3,E44599,FFFFFF,,,,,,
metrobus,metrobus_vehicle_positions_enriched,2026-08-25T21:45:44Z,2026-08-25,20260825T214540Z,41603726-c157-46b7-9430-fcb2a993996c,,,,,,69212,510,1260138,19.40152359008789,-99.1860122680664,275.0,0.0,0.0,,,,1787694322,2026-08-25 15:45:22-06:00,,,,,,,,,,,,,,
metrobus,metrobus_vehicle_positions_enriched,2026-08-25T21:45:44Z,2026-08-25,20260825T214540Z,958fb3a8-1edc-41b2-a8ad-4597b1f3d9be,,19470,0.0,21:19:19,20260825,69728,753,1280024,19.48232078552246,-99.10588836669922,292.0,19.0,68.4,,,,1787694333,2026-08-25 15:45:33-06:00,,,6,L06g01-1 villa de aragón - el rosario,,3,E44599,FFFFFF,,,,,,
metrobus,metrobus_vehicle_positions_enriched,2026-08-25T21:45:44Z,2026-08-25,20260825T214540Z,1c33f2e3-97ef-4153-a5ff-4c46acfc1142,,,,,,69213,511,1260139,19.398710250854492,-99.0761489868164,0.0,0.0,0.0,,,,1785603127,2026-08-01 10:52:07-06:00,,,,,,,,,,,,,,
metrobus,metrobus_vehicle_positions_enriched,2026-08-25T21:45:44Z,2026-08-25,20260825T214540Z,1a07ed77-c0f8-4e58-9f2d-b1b174fa64a5,,19472,1.0,21:34:57,20260825,69729,754,1280025,19.483112335205078,-99.11399841308594,169.0,24.0,86.4,,,,1787694329,2026-08-25 15:45:29-06:00,,,6,L06g02-2 ipn - villa de aragón,,3,E44599,FFFFFF,,,,,,
metrobus,metrobus_vehicle_positions_enriched,2026-08-25T21:45:44Z,2026-08-25,20260825T214540Z,c94af0fc-33ae-42bd-aece-0f32a0870a5b,,,,,,69214,512,1260140,19.42326545715332,-99.09176635742188,358.0,0.0,0.0,,,,1783049743,2026-07-02 21:35:43-06:00,,,,,,,,,,,,,,
metrobus,metrobus_vehicle_positions_enriched,2026-08-25T21:45:44Z,2026-08-25,20260825T214540Z,c177d178-133a-4f62-b73d-36b62c276b53,,19470,0.0,21:21:19,20260825,69730,755,1280026,19.479677200317383,-99.09928894042969,297.0,52.0,187.20000000000002,,,,1787694325,2026-08-25 15:45:25-06:00,,,6,L06g01-1 villa de aragón - el rosario,,3,E44599,FFFFFF,,,,,,
metrobus,metrobus_vehicle_positions_enriched,2026-08-25T21:45:44Z,2026-08-25,20260825T214540Z,d36b5137-685f-40e7-a655-c13527163b62,,19475,1.0,21:17:18,20260825,69731,756,1280027,19.489683151245117,-99.13067626953125,110.0,35.0,126.0,,,,1787694325,2026-08-25 15:45:25-06:00,,,6,L06g03-2 el rosario- dep. 18 de marzo,,3,E44599,FFFFFF,,,,,,
metrobus,metrobus_vehicle_positions_enriched,2026-08-25T21:45:44Z,2026-08-25,20260825T214540Z,c8d23231-a74c-4759-b16a-fcf37b074d07,,,,,,69216,514,1260142,19.398664474487305,-99.076171875,0.0,0.0,0.0,,,,1786803560,2026-08-15 08:19:20-06:00,,,,,,,,,,,,,,
metrobus,metrobus_vehicle_positions_enriched,2026-08-25T21:45:44Z,2026-08-25,20260825T214540Z,822cc460-9fbb-43bd-935c-9cbba27f6d66,,20295,0.0,21:41:38,20260825,69732,757,1280028,19.4810791015625,-99.12896728515625,218.0,34.0,122.4,,,,1787694324,2026-08-25 15:45:24-06:00,,,1,L31a31-1 indios verdes - pueblo sta cruz atoyac,,3,42A76B,FFFFFF,,,,,,
metrobus,metrobus_vehicle_positions_enriched,2026-08-25T21:45:44Z,2026-08-25,20260825T214540Z,a52d3be9-9512-4b50-91ba-9267e09b41c4,,20440,0.0,21:25:07,20260825,69217,515,1260143,19.42563247680664,-99.17082977294922,244.0,0.0,0.0,,,,1787694328,2026-08-25 15:45:28-06:00,,,2,L72h73-2 glorieta cuitláhuac sur - alameda tacubaya,,3,42A76B,FFFFFF,,,,,,
metrobus,metrobus_vehicle_positions_enriched,2026-08-25T21:45:44Z,2026-08-25,20260825T214540Z,f038371a-afd2-491b-b673-56e56a1269d6,,20295,0.0,21:14:10,20260825,69733,758,1280029,19.42765235900879,-99.14885711669922,190.0,0.0,0.0,,,,1787694318,2026-08-25 15:45:18-06:00,,,1,L31a31-1 indios verdes - pueblo sta cruz atoyac,,3,42A76B,FFFFFF,,,,,,
metrobus,metrobus_vehicle_positions_enriched,2026-08-25T21:45:44Z,2026-08-25,20260825T214540Z,3b393465-5078-4cac-a7e3-06e2b489a314,,,,,,69218,516,1260144,19.398731231689453,-99.07625579833984,0.0,0.0,0.0,,,,1785603366,2026-08-01 10:56:06-06:00,,,,,,,,,,,,,,
metrobus,metrobus_vehicle_positions_enriched,2026-08-25T21:45:44Z,2026-08-25,20260825T214540Z,bedbb596-5e08-4cd6-a6a4-e05f3a7a9df5,,20295,0.0,21:08:14,20260825,69734,759,1280030,19.41092872619629,-99.15489196777344,183.0,0.0,0.0,,,,1787694331,2026-08-25 15:45:31-06:00,,,1,L31a31-1 indios verdes - pueblo sta cruz atoyac,,3,42A76B,FFFFFF,,,,,,
metrobus,metrobus_vehicle_positions_enriched,2026-08-25T21:45:44Z,2026-08-25,20260825T214540Z,16963b29-b852-414c-a6d8-dbd4cf43c653,,,,,,69220,518,1260146,19.398725509643555,-99.07621002197266,0.0,0.0,0.0,,,,1786803417,2026-08-15 08:16:57-06:00,,,,,,,,,,,,,,
metrobus,metrobus_vehicle_positions_enriched,2026-08-25T21:45:44Z,2026-08-25,20260825T214540Z,2ba5e246-b4af-4bae-a5f3-06a1a2a8b05a,,19473,0.0,21:16:41,20260825,69735,760,1280031,19.48904037475586,-99.11247253417969,308.0,18.0,64.8,,,,1787694334,2026-08-25 15:45:34-06:00,,,6,L06g02-1 villa de aragón - ipn,,3,E44599,FFFFFF,,,,,,
metrobus,metrobus_vehicle_positions_enriched,2026-08-25T21:45:44Z,2026-08-25,20260825T214540Z,ffaa2016-6c85-4530-85ba-472387fe9866,,19474,0.0,21:43:21,20260825,69736,761,1280032,19.488540649414062,-99.12744903564453,294.0,35.0,126.0,,,,1787694328,2026-08-25 15:45:28-06:00,,,6,L06g03-1 dep. 18 de marzo - el rosario,,3,E44599,FFFFFF,,,,,,
metrobus,metrobus_vehicle_positions_enriched,2026-08-25T21:45:44Z,2026-08-25,20260825T214540Z,92c74d08-1066-4453-a903-1eb7ce50c058,,19475,1.0,21:25:04,20260825,69737,762,1280033,19.493751525878906,-99.14791107177734,102.0,0.0,0.0,,,,1787694324,2026-08-25 15:45:24-06:00,,,6,L06g03-2 el rosario- dep. 18 de marzo,,3,E44599,FFFFFF,,,,,,
metrobus,metrobus_vehicle_positions_enriched,2026-08-25T21:45:44Z,2026-08-25,20260825T214540Z,a3ae787f-f401-467e-96b0-16de37d6fa5f,,,,,,69222,520,1260148,19.423049926757812,-99.0922622680664,323.0,0.0,0.0,,,,1787693300,2026-08-25 15:28:20-06:00,,,,,,,,,,,,,,
metrobus,metrobus_vehicle_positions_enriched,2026-08-25T21:45:44Z,2026-08-25,20260825T214540Z,e60faf65-7b43-4c99-8265-69b6d35e157c,,,,,,69738,763,1280034,19.506851196289062,-99.19615173339844,101.0,0.0,0.0,,,,1787693465,2026-08-25 15:31:05-06:00,,,,,,,,,,,,,,
metrobus,metrobus_vehicle_positions_enriched,2026-08-25T21:45:44Z,2026-08-25,20260825T214540Z,a3abea9c-8049-40b4-9dc4-4c309ffde61b,,19516,1.0,21:19:06,20260825,69223,521,1260149,19.437156677246094,-99.14553833007812,283.0,20.0,72.0,,,,1787694328,2026-08-25 15:45:28-06:00,,,4,L04e02-2 san lázaro ote - buenavista,,3,FF9A03,FFFFFF,,,,,,
metrobus,metrobus_vehicle_positions_enriched,2026-08-25T21:45:44Z,2026-08-25,20260825T214540Z,ef0602c3-b952-4396-aa14-d0d48baa9151,,,,,,69739,764,1280035,19.497982025146484,-99.11939239501953,191.0,0.0,0.0,,,,1787694328,2026-08-25 15:45:28-06:00,,,,,,,,,,,,,,
metrobus,metrobus_vehicle_positions_enriched,2026-08-25T21:45:44Z,2026-08-25,20260825T214540Z,f3c26193-6f36-4441-b1e1-856a3fd100e4,,19515,0.0,21:26:29,20260825,69224,522,1260150,19.43040657043457,-99.1417236328125,983.0,0.0,0.0,,,,1787694335,2026-08-25 15:45:35-06:00,,,4,L04e02-1 buenavista - san lázaro ote,,3,FF9A03,FFFFFF,,,,,,
metrobus,metrobus_vehicle_positions_enriched,2026-08-25T21:45:44Z,2026-08-25,20260825T214540Z,03da6953-9e78-4ad0-bb70-a71a7df478bd,,19473,0.0,21:18:54,20260825,69740,765,1280036,19.48230743408203,-99.1058578491211,292.0,16.0,57.6,,,,1787694323,2026-08-25 15:45:23-06:00,,,6,L06g02-1 villa de aragón - ipn,,3,E44599,FFFFFF,,,,,,
metrobus,metrobus_vehicle_positions_enriched,2026-08-25T21:45:44Z,2026-08-25,20260825T214540Z,38b12fd9-7f51-49e1-a97f-73a23f3b26a6,,,,,,69225,523,1260151,19.401517868041992,-99.1858901977539,274.0,0.0,0.0,,,,1787694325,2026-08-25 15:45:25-06:00,,,,,,,,,,,,,,
metrobus,metrobus_vehicle_positions_enriched,2026-08-25T21:45:44Z,2026-08-25,20260825T214540Z,1e0e0547-ba9a-4bde-8e8b-5481ddd20edc,,19473,0.0,21:22:39,20260825,69741,766,1280037,19.47954559326172,-99.09901428222656,295.0,40.0,144.0,,,,1787694327,2026-08-25 15:45:27-06:00,,,6,L06g02-1 villa de aragón - ipn,,3,E44599,FFFFFF,,,,,,
metrobus,metrobus_vehicle_positions_enriched,2026-08-25T21:45:44Z,2026-08-25,20260825T214540Z,7f624b29-5508-4914-93c0-9ec4202147d1,,,,,,69226,524,1260152,19.398704528808594,-99.07632446289062,532.0,0.0,0.0,,,,1786803401,2026-08-15 08:16:41-06:00,,,,,,,,,,,,,,
metrobus,metrobus_vehicle_positions_enriched,2026-08-25T21:45:44Z,2026-08-25,20260825T214540Z,bb64f542-ca1d-4bb5-bfd0-88bdcfd92fc4,,19582,0.0,21:15:24,20260825,69227,525,1260153,19.475576400756836,-99.1222152709961,200.0,0.0,0.0,,,,1787694332,2026-08-25 15:45:32-06:00,,,7,L07h04-1 indios verdes - la diana,,3,116633,FFFFFF,,,,,,
metrobus,metrobus_vehicle_positions_enriched,2026-08-25T21:45:44Z,2026-08-25,20260825T214540Z,a7b955bb-dc38-4cbf-b145-3029b8dc4357,,19475,1.0,21:38:18,20260825,69742,767,1280038,19.505643844604492,-99.19070434570312,153.0,0.0,0.0,,,,1787694318,2026-08-25 15:45:18-06:00,,,6,L06g03-2 el rosario- dep. 18 de marzo,,3,E44599,FFFFFF,,,,,,
metrobus,metrobus_vehicle_positions_enriched,2026-08-25T21:45:44Z,2026-08-25,20260825T214540Z,21989643-dad4-420d-819a-e5385d207ba7,,19470,0.0,21:26:42,20260825,69743,768,1280039,19.47118377685547,-99.0864028930664,330.0,20.0,72.0,,,,1787694332,2026-08-25 15:45:32-06:00,,,6,L06g01-1 villa de aragón - el rosario,,3,E44599,FFFFFF,,,,,,
metrobus,metrobus_vehicle_positions_enriched,2026-08-25T21:45:44Z,2026-08-25,20260825T214540Z,9baf3d48-7f26-4b7b-be94-3d89c9952031,,20440,0.0,21:10:47,20260825,69228,526,1260154,19.4138240814209,-99.18168640136719,202.0,41.0,147.6,,,,1787694326,2026-08-25 15:45:26-06:00,,,2,L72h73-2 glorieta cuitláhuac sur - alameda tacubaya,,3,42A76B,FFFFFF,,,,,,
metrobus,metrobus_vehicle_positions_enriched,2026-08-25T21:45:44Z,2026-08-25,20260825T214540Z,d4c58b3c-d6bf-442c-b4ff-7bdd606c6f7e,,19471,1.0,21:11:05,20260825,69744,769,1280040,19.484071731567383,-99.11302947998047,102.0,30.0,108.0,,,,1787694328,2026-08-25 15:45:28-06:00,,,6,L06g01-2 el rosario - villa de aragón,,3,E44599,FFFFFF,,,,,,
metrobus,metrobus_vehicle_positions_enriched,2026-08-25T21:45:44Z,2026-08-25,20260825T214540Z,d0f4f820-85f0-4c87-aeca-a3ccd21d5677,,20439,1.0,21:13:05,20260825,69229,527,1260155,19.43477439880371,-99.1510238647461,645.0,34.0,122.4,,,,1787694283,2026-08-25 15:44:43-06:00,,,2,L72h73-1 alameda tacubaya - glorieta cuitláhuac sur.,,3,42A76B,FFFFFF,,,,,,
metrobus,metrobus_vehicle_positions_enriched,2026-08-25T21:45:44Z,2026-08-25,20260825T214540Z,3f725686-a8e4-467d-a053-7e8cd3230d18,,19471,1.0,20:50:23,20260825,69745,770,1280041,19.47353172302246,-99.07032012939453,136.0,4.0,14.4,,,,1787694322,2026-08-25 15:45:22-06:00,,,6,L06g01-2 el rosario - villa de aragón,,3,E44599,FFFFFF,,,,,,
metrobus,metrobus_vehicle_positions_enriched,2026-08-25T21:45:44Z,2026-08-25,20260825T214540Z,a671ed41-4d70-4e9a-bde5-970fe32d0b5e,,20296,1.0,21:01:22,20260825,69746,771,1280042,19.457441329956055,-99.14852905273438,492.0,16.0,57.6,,,,1787694318,2026-08-25 15:45:18-06:00,,,1,L31a31-2 pueblo sta cruz atoyac - indios verdes,,3,42A76B,FFFFFF,,,,,,
metrobus,metrobus_vehicle_positions_enriched,2026-08-25T21:45:44Z,2026-08-25,20260825T214540Z,720354a7-cd69-458d-a6c1-9acdf2d32113,,19474,0.0,21:32:38,20260825,69747,772,1280043,19.495080947875977,-99.1536636352539,283.0,0.0,0.0,,,,1787694327,2026-08-25 15:45:27-06:00,,,6,L06g03-1 dep. 18 de marzo - el rosario,,3,E44599,FFFFFF,,,,,,
metrobus,metrobus_vehicle_positions_enriched,2026-08-25T21:45:44Z,2026-08-25,20260825T214540Z,452814fd-e695-41ac-8258-ad9698a1f775,,,,,,69232,530,1260158,19.42343521118164,-99.09175109863281,0.0,0.0,0.0,,,,1783893582,2026-07-12 15:59:42-06:00,,,,,,,,,,,,,,
metrobus,metrobus_vehicle_positions_enriched,2026-08-25T21:45:44Z,2026-08-25,20260825T214540Z,3e6aa9bb-d528-40b9-b135-454f332c609e,,19472,1.0,21:29:07,20260825,69748,773,TienepermisodeSEMOVI,19.482715606689453,-99.1068344116211,110.0,8.0,28.8,,,,1787694320,2026-08-25 15:45:20-06:00,,,6,L06g02-2 ipn - villa de aragón,,3,E44599,FFFFFF,,,,,,
metrobus,metrobus_vehicle_positions_enriched,2026-08-25T21:45:44Z,2026-08-25,20260825T214540Z,276c6e12-23c3-43f3-be4e-aa35c9b454c5,,19471,1.0,21:24:17,20260825,69749,774,1280045,19.492765426635742,-99.14340209960938,103.0,33.0,118.8,,,,1787694323,2026-08-25 15:45:23-06:00,,,6,L06g01-2 el rosario - villa de aragón,,3,E44599,FFFFFF,,,,,,
metrobus,metrobus_vehicle_positions_enriched,2026-08-25T21:45:44Z,2026-08-25,20260825T214540Z,ac0a6e51-7046-4e36-b62a-af8380a472fc,,19582,0.0,21:17:47,20260825,69234,532,1260160,19.44448471069336,-99.13932037353516,247.0,9.0,32.4,,,,1787694328,2026-08-25 15:45:28-06:00,,,7,L07h04-1 indios verdes - la diana,,3,116633,FFFFFF,,,,,,
metrobus,metrobus_vehicle_positions_enriched,2026-08-25T21:45:44Z,2026-08-25,20260825T214540Z,fc149b24-eb80-4b6a-bc2f-7237422c6d2d,,19471,1.0,21:30:59,20260825,69750,775,1280046,19.49632453918457,-99.15965270996094,103.0,0.0,0.0,,,,1787694332,2026-08-25 15:45:32-06:00,,,6,L06g01-2 el rosario - villa de aragón,,3,E44599,FFFFFF,,,,,,
metrobus,metrobus_vehicle_positions_enriched,2026-08-25T21:45:44Z,2026-08-25,20260825T214540Z,a639cff8-5a16-4f0f-aae3-e6246ab796e6,,20439,1.0,21:09:18,20260825,69236,534,1260162,19.435523986816406,-99.14923858642578,547.0,0.0,0.0,,,,1787694327,2026-08-25 15:45:27-06:00,,,2,L72h73-1 alameda tacubaya - glorieta cuitláhuac sur.,,3,42A76B,FFFFFF,,,,,,
metrobus,metrobus_vehicle_positions_enriched,2026-08-25T21:45:44Z,2026-08-25,20260825T214540Z,4765f367-e864-4afa-a435-ad17ea4014ce,,19473,0.0,21:29:21,20260825,69751,776,1320053,19.46826171875,-99.08380126953125,297.0,23.0,82.8,,,,1787694324,2026-08-25 15:45:24-06:00,,,6,L06g02-1 villa de aragón - ipn,,3,E44599,FFFFFF,,,,,,
metrobus,metrobus_vehicle_positions_enriched,2026-08-25T21:45:44Z,2026-08-25,20260825T214540Z,4694a64b-04cd-471e-a9b1-89dc4fb8075e,,19471,1.0,21:04:46,20260825,69752,777,1320051,19.480371475219727,-99.1013412475586,113.0,0.0,0.0,,,,1787694327,2026-08-25 15:45:27-06:00,,,6,L06g01-2 el rosario - villa de aragón,,3,E44599,FFFFFF,,,,,,
metrobus,metrobus_vehicle_positions_enriched,2026-08-25T21:45:44Z,2026-08-25,20260825T214540Z,ccca51f6-0ff3-4347-9d77-3a8a67a5eb4c,,19471,1.0,21:16:36,20260825,69753,778,1320052,19.48710823059082,-99.12372589111328,111.0,28.0,100.8,,,,1787694329,2026-08-25 15:45:29-06:00,,,6,L06g01-2 el rosario - villa de aragón,,3,E44599,FFFFFF,,,,,,
metrobus,metrobus_vehicle_positions_enriched,2026-08-25T21:45:44Z,2026-08-25,20260825T214540Z,7e3bb30b-2c22-4a63-82ca-d2f8bbaa0a0a,,20440,0.0,21:28:46,20260825,69238,536,1260164,19.431133270263672,-99.15929412841797,230.0,0.0,0.0,,,,1787694321,2026-08-25 15:45:21-06:00,,,2,L72h73-2 glorieta cuitláhuac sur - alameda tacubaya,,3,42A76B,FFFFFF,,,,,,
metrobus,metrobus_vehicle_positions_enriched,2026-08-25T21:45:44Z,2026-08-25,20260825T214540Z,426f64e3-c665-40d3-a9f7-22e21a17728f,,20439,1.0,21:44:03,20260825,69239,537,1260165,19.403881072998047,-99.1863784790039,142.0,10.0,36.0,,,,1787694333,2026-08-25 15:45:33-06:00,,,2,L72h73-1 alameda tacubaya - glorieta cuitláhuac sur.,,3,42A76B,FFFFFF,,,,,,
metrobus,metrobus_vehicle_positions_enriched,2026-08-25T21:45:44Z,2026-08-25,20260825T214540Z,0034e0fa-e357-45a8-b628-e8dccfdffe35,,19518,1.0,21:39:18,20260825,69240,538,1260166,19.425582885742188,-99.11954498291016,279.0,15.0,54.0,,,,1787694334,2026-08-25 15:45:34-06:00,,,4,L04e08-2 san lázaro pte - buenavista,,3,FF9A03,FFFFFF,,,,,,
metrobus,metrobus_vehicle_positions_enriched,2026-08-25T21:45:44Z,2026-08-25,20260825T214540Z,7fac5ad9-e76d-4b63-a659-4873838bd47c,,,,,,69241,539,1260167,19.422544479370117,-99.09249114990234,296.0,3.0,10.8,,,,1787694062,2026-08-25 15:41:02-06:00,,,,,,,,,,,,,,
metrobus,metrobus_vehicle_positions_enriched,2026-08-25T21:45:44Z,2026-08-25,20260825T214540Z,b35eb12c-86ad-4faa-b581-24695e7e9fd3,,19470,0.0,20:51:09,20260825,69179,781,1280047,19.498218536376953,-99.16810607910156,283.0,47.0,169.20000000000002,,,,1787694323,2026-08-25 15:45:23-06:00,,,6,L06g01-1 villa de aragón - el rosario,,3,E44599,FFFFFF,,,,,,
metrobus,metrobus_vehicle_positions_enriched,2026-08-25T21:45:44Z,2026-08-25,20260825T214540Z,23cd4089-9ff2-4d43-9ca3-10ff65879156,,20295,0.0,20:55:43,20260825,69180,782,1280048,19.379831314086914,-99.15899658203125,196.0,0.0,0.0,,,,1787694326,2026-08-25 15:45:26-06:00,,,1,L31a31-1 indios verdes - pueblo sta cruz atoyac,,3,42A76B,FFFFFF,,,,,,
metrobus,metrobus_vehicle_positions_enriched,2026-08-25T21:45:44Z,2026-08-25,20260825T214540Z,77adb697-4017-463f-9416-303e7f63b2af,,19471,1.0,20:57:39,20260825,69181,783,1280049,19.47538948059082,-99.08905792236328,135.0,0.0,0.0,,,,1787694320,2026-08-25 15:45:20-06:00,,,6,L06g01-2 el rosario - villa de aragón,,3,E44599,FFFFFF,,,,,,
metrobus,metrobus_vehicle_positions_enriched,2026-08-25T21:45:44Z,2026-08-25,20260825T214540Z,f27fb3be-a18a-4cb3-9893-6fc7d1ca103c,,,,,,69243,541,1260169,19.401466369628906,-99.18573760986328,274.0,0.0,0.0,,,,1787694330,2026-08-25 15:45:30-06:00,,,,,,,,,,,,,,
metrobus,metrobus_vehicle_positions_enriched,2026-08-25T21:45:44Z,2026-08-25,20260825T214540Z,8230654f-3694-4480-945b-d763b9bd2128,,19471,1.0,20:55:31,20260825,69182,784,1280050,19.47220230102539,-99.08710479736328,149.0,34.0,122.4,,,,1787694326,2026-08-25 15:45:26-06:00,,,6,L06g01-2 el rosario - villa de aragón,,3,E44599,FFFFFF,,,,,,
metrobus,metrobus_vehicle_positions_enriched,2026-08-25T21:45:44Z,2026-08-25,20260825T214540Z,e8565c4f-81b8-4e8f-b2fb-a90eaf336137,,19472,1.0,21:25:03,20260825,69183,785,1280051,19.47700309753418,-99.0926513671875,112.0,0.0,0.0,,,,1787694323,2026-08-25 15:45:23-06:00,,,6,L06g02-2 ipn - villa de aragón,,3,E44599,FFFFFF,,,,,,
metrobus,metrobus_vehicle_positions_enriched,2026-08-25T21:45:44Z,2026-08-25,20260825T214540Z,aaf28c8d-f097-4776-9156-9266c4319c7d,,,,,,69230,543,,19.422706604003906,-99.09210205078125,167.0,0.0,0.0,,,,1787675252,2026-08-25 10:27:32-06:00,,,,,,,,,,,,,,
metrobus,metrobus_vehicle_positions_enriched,2026-08-25T21:45:44Z,2026-08-25,20260825T214540Z,1d15cce2-8519-47f4-8eed-d03f4a45ade9,,19470,0.0,21:01:12,20260825,69184,786,1280052,19.49333381652832,-99.14569854736328,282.0,0.0,0.0,,,,1787694324,2026-08-25 15:45:24-06:00,,,6,L06g01-1 villa de aragón - el rosario,,3,E44599,FFFFFF,,,,,,
metrobus,metrobus_vehicle_positions_enriched,2026-08-25T21:45:44Z,2026-08-25,20260825T214540Z,6c3d4700-3930-4961-a51f-20fb312e01b7,,,,,,69246,544,1260172,19.49198341369629,-99.12034606933594,144.0,0.0,0.0,,,,1787694331,2026-08-25 15:45:31-06:00,,,,,,,,,,,,,,
metrobus,metrobus_vehicle_positions_enriched,2026-08-25T21:45:44Z,2026-08-25,20260825T214540Z,7f36d013-709f-4e2a-8159-9f7a45d25d61,,19470,0.0,20:42:37,20260825,69185,787,1280053,19.510419845581055,-99.19155883789062,340.0,0.0,0.0,,,,1787694324,2026-08-25 15:45:24-06:00,,,6,L06g01-1 villa de aragón - el rosario,,3,E44599,FFFFFF,,,,,,
metrobus,metrobus_vehicle_positions_enriched,2026-08-25T21:45:44Z,2026-08-25,20260825T214540Z,80c587cc-8952-4008-8f80-d3bb1b10538a,,19471,1.0,20:41:34,20260825,69186,788,1280054,19.466794967651367,-99.06156921386719,133.0,21.0,75.60000000000001,,,,1787694335,2026-08-25 15:45:35-06:00,,,6,L06g01-2 el rosario - villa de aragón,,3,E44599,FFFFFF,,,,,,
metrobus,metrobus_vehicle_positions_enriched,2026-08-25T21:45:44Z,2026-08-25,20260825T214540Z,18338162-834c-4f98-91e2-df3adb465439,,19582,0.0,21:26:58,20260825,69248,546,1260174,19.453826904296875,-99.13056182861328,208.0,0.0,0.0,,,,1787694333,2026-08-25 15:45:33-06:00,,,7,L07h04-1 indios verdes - la diana,,3,116633,FFFFFF,,,,,,
metrobus,metrobus_vehicle_positions_enriched,2026-08-25T21:45:44Z,2026-08-25,20260825T214540Z,73472abf-1ac3-4906-a0e5-6767f4b9aba9,,19470,0.0,21:11:18,20260825,69187,789,TienepermisodeSEMOVI,19.486730575561523,-99.12252807617188,295.0,0.0,0.0,,,,1787694332,2026-08-25 15:45:32-06:00,,,6,L06g01-1 villa de aragón - el rosario,,3,E44599,FFFFFF,,,,,,
metrobus,metrobus_vehicle_positions_enriched,2026-08-25T21:45:44Z,2026-08-25,20260825T214540Z,af62ddd2-8d43-4c47-b6e1-3fb66a0c5e9b,,19984,0.0,20:48:26,20260825,69304,305,TienepermisodeSEMOVI,19.38823127746582,-99.1742935180664,196.0,45.0,162.0,,,,1787694337,2026-08-25 15:45:37-06:00,,,1,L21c21-1 rojo gómez - dr. gálvez,,3,42A76B,FFFFFF,,,,,,
metrobus,metrobus_vehicle_positions_enriched,2026-08-25T21:45:44Z,2026-08-25,20260825T214540Z,c69c52d5-1c76-487e-9b81-7064b5943e55,,,,,,69249,547,1260175,19.423095703125,-99.09239959716797,215.0,0.0,0.0,,,,1787694319,2026-08-25 15:45:19-06:00,,,,,,,,,,,,,,
metrobus,metrobus_vehicle_positions_enriched,2026-08-25T21:45:44Z,2026-08-25,20260825T214540Z,440d50c0-8676-41f7-bca4-918276abccc6,,,,,,69250,548,1260176,19.422834396362305,-99.09199523925781,246.0,0.0,0.0,,,,1787688493,2026-08-25 14:08:13-06:00,,,,,,,,,,,,,,
metrobus,metrobus_vehicle_positions_enriched,2026-08-25T21:45:44Z,2026-08-25,20260825T214540Z,c395cae6-f4a2-4237-9ef2-514d77672dbe,,19983,1.0,21:25:37,20260825,69305,306,TienepermisodeSEMOVI,19.382081985473633,-99.1762466430664,184.0,12.0,43.2,,,,1787694325,2026-08-25 15:45:25-06:00,,,1,L21c21-2 dr. gálvez - rojo gómez,,3,42A76B,FFFFFF,,,,,,
metrobus,metrobus_vehicle_positions_enriched,2026-08-25T21:45:44Z,2026-08-25,20260825T214540Z,62988710-509a-43cf-8d53-25cd865b3645,,19984,0.0,20:39:03,20260825,69306,307,TienepermisodeSEMOVI,19.374189376831055,-99.17889404296875,195.0,0.0,0.0,,,,1787694330,2026-08-25 15:45:30-06:00,,,1,L21c21-1 rojo gómez - dr. gálvez,,3,42A76B,FFFFFF,,,,,,
metrobus,metrobus_vehicle_positions_enriched,2026-08-25T21:45:44Z,2026-08-25,20260825T214540Z,6d3d0b20-7d30-4e34-9c2d-60d28016a47e,,,,,,69251,549,1260177,19.42318344116211,-99.09192657470703,506.0,0.0,0.0,,,,1787665318,2026-08-25 07:41:58-06:00,,,,,,,,,,,,,,
metrobus,metrobus_vehicle_positions_enriched,2026-08-25T21:45:44Z,2026-08-25,20260825T214540Z,d266afb0-a0c8-4647-bc3f-f110e734c072,,19984,0.0,20:29:51,20260825,69307,308,TienepermisodeSEMOVI,19.35086441040039,-99.18646240234375,197.0,0.0,0.0,,,,1787694326,2026-08-25 15:45:26-06:00,,,1,L21c21-1 rojo gómez - dr. gálvez,,3,42A76B,FFFFFF,,,,,,
metrobus,metrobus_vehicle_positions_enriched,2026-08-25T21:45:44Z,2026-08-25,20260825T214540Z,4a4e4d0d-3d2a-458b-9f63-520432f5a83c,,19472,1.0,00:20:52,20260823,74819,9701,,19.485275268554688,-99.11859130859375,203.0,19.0,68.4,,,,1787444536,2026-08-22 18:22:16-06:00,,,6,L06g02-2 ipn - villa de aragón,,3,E44599,FFFFFF,,,,,,
metrobus,metrobus_vehicle_positions_enriched,2026-08-25T21:45:44Z,2026-08-25,20260825T214540Z,9e42bc5d-36bf-4515-a58e-5ce88506d104,,,,,,69188,790,1280056,19.36452865600586,-99.16267395019531,350.0,0.0,0.0,,,,1787694328,2026-08-25 15:45:28-06:00,,,,,,,,,,,,,,
metrobus,metrobus_vehicle_positions_enriched,2026-08-25T21:45:44Z,2026-08-25,20260825T214540Z,f68252d9-f503-4be1-8edf-0d2e8bb0882b,,,,,,69189,791,1280057,19.506689071655273,-99.19576263427734,110.0,0.0,0.0,,,,1787674013,2026-08-25 10:06:53-06:00,,,,,,,,,,,,,,
metrobus,metrobus_vehicle_positions_enriched,2026-08-25T21:45:44Z,2026-08-25,20260825T214540Z,50d888ba-d28e-4460-80d7-43c9eb7991f4,,19471,1.0,21:36:29,20260825,69190,792,1280058,19.503984451293945,-99.18380737304688,101.0,0.0,0.0,,,,1787694331,2026-08-25 15:45:31-06:00,,,6,L06g01-2 el rosario - villa de aragón,,3,E44599,FFFFFF,,,,,,
metrobus,metrobus_vehicle_positions_enriched,2026-08-25T21:45:44Z,2026-08-25,20260825T214540Z,2c5efe89-d128-4bd0-a0aa-95f14930afd5,,19515,0.0,20:50:52,20260825,69253,551,1260179,19.425037384033203,-99.1198959350586,770.0,22.0,79.2,,,,1787694336,2026-08-25 15:45:36-06:00,,,4,L04e02-1 buenavista - san lázaro ote,,3,FF9A03,FFFFFF,,,,,,
metrobus,metrobus_vehicle_positions_enriched,2026-08-25T21:45:44Z,2026-08-25,20260825T214540Z,b6396d0d-ffb4-4330-8a57-fdc733e48f02,,19470,0.0,21:32:23,20260825,69192,794,1280060,19.468040466308594,-99.08025360107422,189.0,0.0,0.0,,,,1787694328,2026-08-25 15:45:28-06:00,,,6,L06g01-1 villa de aragón - el rosario,,3,E44599,FFFFFF,,,,,,
metrobus,metrobus_vehicle_positions_enriched,2026-08-25T21:45:44Z,2026-08-25,20260825T214540Z,efec8e50-9a60-4e33-b03f-409f088ef7eb,,19474,0.0,21:41:30,20260825,69193,795,1280061,19.490007400512695,-99.1313247680664,291.0,32.0,115.2,,,,1787694328,2026-08-25 15:45:28-06:00,,,6,L06g03-1 dep. 18 de marzo - el rosario,,3,E44599,FFFFFF,,,,,,
metrobus,metrobus_vehicle_positions_enriched,2026-08-25T21:45:44Z,2026-08-25,20260825T214540Z,b16f875b-7686-474d-9959-37f110980021,,19473,0.0,21:40:56,20260825,69194,796,1280062,19.47555160522461,-99.07112884521484,318.0,40.0,144.0,,,,1787694327,2026-08-25 15:45:27-06:00,,,6,L06g02-1 villa de aragón - ipn,,3,E44599,FFFFFF,,,,,,
metrobus,metrobus_vehicle_positions_enriched,2026-08-25T21:45:44Z,2026-08-25,20260825T214540Z,6a9c645b-8aa4-4d2e-a303-d40c8a41e953,,20440,0.0,21:01:17,20260825,69256,554,1260182,19.408519744873047,-99.18412017822266,203.0,0.0,0.0,,,,1787694328,2026-08-25 15:45:28-06:00,,,2,L72h73-2 glorieta cuitláhuac sur - alameda tacubaya,,3,42A76B,FFFFFF,,,,,,
metrobus,metrobus_vehicle_positions_enriched,2026-08-25T21:45:44Z,2026-08-25,20260825T214540Z,97a4f84e-a97e-41bb-a086-29141d2792c4,,,,,,69195,797,1280063,19.506845474243164,-99.19647216796875,0.0,0.0,0.0,,,,1787692952,2026-08-25 15:22:32-06:00,,,,,,,,,,,,,,
metrobus,metrobus_vehicle_positions_enriched,2026-08-25T21:45:44Z,2026-08-25,20260825T214540Z,83964273-ae57-4503-a2a5-818f7a2ecd78,,20440,0.0,21:19:06,20260825,69258,556,1260184,19.420312881469727,-99.17853546142578,178.0,0.0,0.0,,,,1787694327,2026-08-25 15:45:27-06:00,,,2,L72h73-2 glorieta cuitláhuac sur - alameda tacubaya,,3,42A76B,FFFFFF,,,,,,
metrobus,metrobus_vehicle_positions_enriched,2026-08-25T21:45:44Z,2026-08-25,20260825T214540Z,43e4ad2d-ae06-47c6-a2ef-cfbb1cf16818,,19984,0.0,21:26:13,20260825,69312,314,TienepermisodeSEMOVI,19.397010803222656,-99.10028839111328,273.0,14.0,50.4,,,,1787694334,2026-08-25 15:45:34-06:00,,,1,L21c21-1 rojo gómez - dr. gálvez,,3,42A76B,FFFFFF,,,,,,
metrobus,metrobus_vehicle_positions_enriched,2026-08-25T21:45:44Z,2026-08-25,20260825T214540Z,1d813465-4735-42e7-91db-3e5f52e3b98e,,20295,0.0,21:37:16,20260825,69196,798,1280064,19.46535873413086,-99.14199829101562,217.0,30.0,108.0,,,,1787694333,2026-08-25 15:45:33-06:00,,,1,L31a31-1 indios verdes - pueblo sta cruz atoyac,,3,42A76B,FFFFFF,,,,,,
metrobus,metrobus_vehicle_positions_enriched,2026-08-25T21:45:44Z,2026-08-25,20260825T214540Z,b363f380-33a8-4872-bebf-bb2dfa1b7da8,,19473,0.0,21:07:20,20260825,69197,799,1320054,19.48891258239746,-99.12841796875,292.0,3.0,10.8,,,,1787694329,2026-08-25 15:45:29-06:00,,,6,L06g02-1 villa de aragón - ipn,,3,E44599,FFFFFF,,,,,,
metrobus,metrobus_vehicle_positions_enriched,2026-08-25T21:45:44Z,2026-08-25,20260825T214540Z,6d40876d-e090-46ca-9565-635758437559,,,,,,69259,557,1260185,19.445510864257812,-99.15128326416016,210.0,6.0,21.6,,,,1787694243,2026-08-25 15:44:03-06:00,,,,,,,,,,,,,,
metrobus,metrobus_vehicle_positions_enriched,2026-08-25T21:45:44Z,2026-08-25,20260825T214540Z,9599fa9e-72a2-4f51-9715-1e583f93d90e,,19516,1.0,21:28:44,20260825,69260,558,1260186,19.4373779296875,-99.13130950927734,235.0,0.0,0.0,,,,1787694334,2026-08-25 15:45:34-06:00,,,4,L04e02-2 san lázaro ote - buenavista,,3,FF9A03,FFFFFF,,,,,,
metrobus,metrobus_vehicle_positions_enriched,2026-08-25T21:45:44Z,2026-08-25,20260825T214540Z,e896c8e4-8be5-4d7a-95ab-664924e867ac,,,,,,69261,559,1260187,19.43732261657715,-99.14615631103516,234.0,3.0,10.8,,,,1787694331,2026-08-25 15:45:31-06:00,,,,,,,,,,,,,,
metrobus,metrobus_vehicle_positions_enriched,2026-08-25T21:45:44Z,2026-08-25,20260825T214540Z,28459e74-e767-4b7b-aa0d-872e65ebc35d,,19518,1.0,21:45:18,20260825,69262,560,1260188,19.429773330688477,-99.11558532714844,189.0,30.0,108.0,,,,1787694333,2026-08-25 15:45:33-06:00,,,4,L04e08-2 san lázaro pte - buenavista,,3,FF9A03,FFFFFF,,,,,,
metrobus,metrobus_vehicle_positions_enriched,2026-08-25T21:45:44Z,2026-08-25,20260825T214540Z,4dc0db66-fa58-4309-8337-50be99d2c9f0,,20439,1.0,21:39:27,20260825,69263,561,1260189,19.40943145751953,-99.18323516845703,237.0,19.0,68.4,,,,1787694328,2026-08-25 15:45:28-06:00,,,2,L72h73-1 alameda tacubaya - glorieta cuitláhuac sur.,,3,42A76B,FFFFFF,,,,,,
metrobus,metrobus_vehicle_positions_enriched,2026-08-25T21:45:44Z,2026-08-25,20260825T214540Z,560e42b8-da34-41aa-8bb3-5c86fa16af45,,20439,1.0,21:18:26,20260825,69264,562,1260190,19.43252944946289,-99.15576171875,655.0,9.0,32.4,,,,1787694333,2026-08-25 15:45:33-06:00,,,2,L72h73-1 alameda tacubaya - glorieta cuitláhuac sur.,,3,42A76B,FFFFFF,,,,,,
metrobus,metrobus_vehicle_positions_enriched,2026-08-25T21:45:44Z,2026-08-25,20260825T214540Z,c7da3a93-f339-4568-8928-3896620abf8b,,,,,,69316,320,TienepermisodeSEMOVI,19.390031814575195,-99.05886840820312,301.0,0.0,0.0,,,,1787678797,2026-08-25 11:26:37-06:00,,,,,,,,,,,,,,
metrobus,metrobus_vehicle_positions_enriched,2026-08-25T21:45:44Z,2026-08-25,20260825T214540Z,f0c920db-ac70-42a5-8e88-e42671504530,,20439,1.0,21:21:43,20260825,69265,563,1260191,19.42947769165039,-99.16221618652344,648.0,25.0,90.0,,,,1787694334,2026-08-25 15:45:34-06:00,,,2,L72h73-1 alameda tacubaya - glorieta cuitláhuac sur.,,3,42A76B,FFFFFF,,,,,,
metrobus,metrobus_vehicle_positions_enriched,2026-08-25T21:45:44Z,2026-08-25,20260825T214540Z,581f40f3-e69d-4cdb-89f9-0a774dcaac54,,19517,0.0,21:28:32,20260825,69266,564,1260192,19.438011169433594,-99.13587188720703,102.0,0.0,0.0,,,,1787694322,2026-08-25 15:45:22-06:00,,,4,L04e08-1 buenavista - san lázaro pte,,3,FF9A03,FFFFFF,,,,,,
metrobus,metrobus_vehicle_positions_enriched,2026-08-25T21:45:44Z,2026-08-25,20260825T214540Z,337d92b3-07b2-4b01-b01d-3d36b048eade,,19516,1.0,21:38:26,20260825,69267,565,1260193,19.4360408782959,-99.12046813964844,274.0,0.0,0.0,,,,1787694328,2026-08-25 15:45:28-06:00,,,4,L04e02-2 san lázaro ote - buenavista,,3,FF9A03,FFFFFF,,,,,,
metrobus,metrobus_vehicle_positions_enriched,2026-08-25T21:45:44Z,2026-08-25,20260825T214540Z,05c1c77e-d7bc-4e47-b55d-b01118febb32,,,,,,69268,566,1260194,19.437353134155273,-99.13151550292969,260.0,9.0,32.4,,,,1787694247,2026-08-25 15:44:07-06:00,,,,,,,,,,,,,,
metrobus,metrobus_vehicle_positions_enriched,2026-08-25T21:45:44Z,2026-08-25,20260825T214540Z,a5eb8e97-6df8-42ca-80e8-6151fd72a84d,,19515,0.0,21:44:36,20260825,69269,567,1260195,19.44255256652832,-99.15247344970703,187.0,20.0,72.0,,,,1787694321,2026-08-25 15:45:21-06:00,,,4,L04e02-1 buenavista - san lázaro ote,,3,FF9A03,FFFFFF,,,,,,
metrobus,metrobus_vehicle_positions_enriched,2026-08-25T21:45:44Z,2026-08-25,20260825T214540Z,0ac228ee-7274-4bdb-be2d-7c52ab5bcd91,,20440,0.0,21:14:28,20260825,69270,568,1260196,19.419153213500977,-99.17935943603516,201.0,32.0,115.2,,,,1787694336,2026-08-25 15:45:36-06:00,,,2,L72h73-2 glorieta cuitláhuac sur - alameda tacubaya,,3,42A76B,FFFFFF,,,,,,
metrobus,metrobus_vehicle_positions_enriched,2026-08-25T21:45:44Z,2026-08-25,20260825T214540Z,3318f94d-a62c-4c8c-acd0-d70c1d32c7cd,,,,,,69271,569,1260197,19.421459197998047,-99.09161376953125,0.0,0.0,0.0,,,,1787646532,2026-08-25 02:28:52-06:00,,,,,,,,,,,,,,
metrobus,metrobus_vehicle_positions_enriched,2026-08-25T21:45:44Z,2026-08-25,20260825T214540Z,cb3f6cb8-4ea1-44a7-a18f-072049443f9f,,19471,1.0,21:09:29,20260825,74821,9704,,19.48309326171875,-99.10857391357422,102.0,28.0,100.8,,,,1787694319,2026-08-25 15:45:19-06:00,,,6,L06g01-2 el rosario - villa de aragón,,3,E44599,FFFFFF,,,,,,
metrobus,metrobus_vehicle_positions_enriched,2026-08-25T21:45:44Z,2026-08-25,20260825T214540Z,99bd576e-b92f-4f23-b756-1e59d1e4f342,,19473,0.0,21:42:57,20260825,74820,9702,,19.468624114990234,-99.06350708007812,312.0,0.0,0.0,,,,1787694327,2026-08-25 15:45:27-06:00,,,6,L06g02-1 villa de aragón - ipn,,3,E44599,FFFFFF,,,,,,
metrobus,metrobus_vehicle_positions_enriched,2026-08-25T21:45:44Z,2026-08-25,20260825T214540Z,ff5927ba-f6c5-4d41-952c-340c82fb8243,,19471,1.0,21:25:29,20260825,74830,9703,,19.494495391845703,-99.15180206298828,103.0,46.0,165.6,,,,1787694319,2026-08-25 15:45:19-06:00,,,6,L06g01-2 el rosario - villa de aragón,,3,E44599,FFFFFF,,,,,,
metrobus,metrobus_vehicle_positions_enriched,2026-08-25T21:45:44Z,2026-08-25,20260825T214540Z,2cdd3373-7ae5-4ad3-b504-69c0a2d9618d,,,,,,69274,572,002A981,19.437841415405273,-99.14830017089844,281.0,4.0,14.4,,,,1787694323,2026-08-25 15:45:23-06:00,,,,,,,,,,,,,,
metrobus,metrobus_vehicle_positions_enriched,2026-08-25T21:45:44Z,2026-08-25,20260825T214540Z,26e3d5b2-dafa-427d-90c9-e2f18d5fc6cd,,,,,,69275,573,002A982,19.430835723876953,-99.05366516113281,286.0,0.0,0.0,,,,1787694324,2026-08-25 15:45:24-06:00,,,,,,,,,,,,,,
metrobus,metrobus_vehicle_positions_enriched,2026-08-25T21:45:44Z,2026-08-25,20260825T214540Z,0f4ecf11-c60d-4fff-a148-a67f8b9a17cd,,,,,,69277,575,002A983,19.422880172729492,-99.09195709228516,215.0,0.0,0.0,,,,1787694326,2026-08-25 15:45:26-06:00,,,,,,,,,,,,,,
metrobus,metrobus_vehicle_positions_enriched,2026-08-25T21:45:44Z,2026-08-25,20260825T214540Z,a768c250-11e3-4fd6-bd54-143ff4974107,,19519,0.0,21:43:50,20260825,69278,576,002A984,19.417644500732422,-99.07823181152344,211.0,0.0,0.0,,,,1787694320,2026-08-25 15:45:20-06:00,,,4,L04e04-1 pantitlán - hidalgo,,3,FF9A03,FFFFFF,,,,,,
metrobus,metrobus_vehicle_positions_enriched,2026-08-25T21:45:44Z,2026-08-25,20260825T214540Z,5a0cf62d-e57a-412e-9caf-c7f0e1762a34,,,,,,69279,577,002A985,19.437591552734375,-99.14794921875,987.0,0.0,0.0,,,,1787694328,2026-08-25 15:45:28-06:00,,,,,,,,,,,,,,
metrobus,metrobus_vehicle_positions_enriched,2026-08-25T21:45:44Z,2026-08-25,20260825T214540Z,0139f985-2669-4436-aae4-199e44c81497,,,,,,69280,578,002A986,19.437702178955078,-99.14898681640625,106.0,0.0,0.0,,,,1787694321,2026-08-25 15:45:21-06:00,,,,,,,,,,,,,,
metrobus,metrobus_vehicle_positions_enriched,2026-08-25T21:45:44Z,2026-08-25,20260825T214540Z,75b668f7-ddb4-4e00-b4b4-6770d165d3a0,,19565,1.0,21:08:13,20260825,70089,338,1250003,19.383390426635742,-99.06535339355469,104.0,21.0,75.60000000000001,,,,1787694323,2026-08-25 15:45:23-06:00,,,2,L02c02-2 etiopía l3 - tepalcates,,3,8D1A96,FFFFFF,,,,,,
metrobus,metrobus_vehicle_positions_enriched,2026-08-25T21:45:44Z,2026-08-25,20260825T214540Z,c0b61982-e08f-4dde-b163-0f17dba68c9b,,19563,0.0,21:21:43,20260825,70090,339,1250004,19.387256622314453,-99.08033752441406,305.0,0.0,0.0,,,,1787694334,2026-08-25 15:45:34-06:00,,,2,L02c01-1 tepalcates - tacubaya,,3,8D1A96,FFFFFF,,,,,,
metrobus,metrobus_vehicle_positions_enriched,2026-08-25T21:45:44Z,2026-08-25,20260825T214540Z,1a7c5540-ff07-4c30-9620-156c589cb5f3,,19518,1.0,21:04:04,20260825,69282,580,TienepermisodeSEMOVI,19.430330276489258,-99.141357421875,281.0,0.0,0.0,,,,1787694331,2026-08-25 15:45:31-06:00,,,4,L04e08-2 san lázaro pte - buenavista,,3,FF9A03,FFFFFF,,,,,,
metrobus,metrobus_vehicle_positions_enriched,2026-08-25T21:45:44Z,2026-08-25,20260825T214540Z,31a497ba-a65f-4d51-980b-08bc158adc26,,19519,0.0,21:20:29,20260825,69283,581,002A989,19.427629470825195,-99.09368133544922,296.0,49.0,176.4,,,,1787694336,2026-08-25 15:45:36-06:00,,,4,L04e04-1 pantitlán - hidalgo,,3,FF9A03,FFFFFF,,,,,,
metrobus,metrobus_vehicle_positions_enriched,2026-08-25T21:45:44Z,2026-08-25,20260825T214540Z,ab9cdaa8-9429-44e4-bb4e-4544e594ebb7,,,,,,70091,340,1250005,19.39136505126953,-99.04814147949219,117.0,0.0,0.0,,,,1787694323,2026-08-25 15:45:23-06:00,,,,,,,,,,,,,,
metrobus,metrobus_vehicle_positions_enriched,2026-08-25T21:45:44Z,2026-08-25,20260825T214540Z,f8cd7709-b194-4e55-9fcb-81b1e03e1e92,,,,,,69284,582,002A990,0.0,0.0,0.0,0.0,0.0,,,,1787084675,2026-08-18 14:24:35-06:00,,,,,,,,,,,,,,
metrobus,metrobus_vehicle_positions_enriched,2026-08-25T21:45:44Z,2026-08-25,20260825T214540Z,cb5612ab-0653-4c05-b6e9-cfe689946c08,,19522,0.0,19:20:15,20260825,69285,583,002A991,19.42322540283203,-99.09204864501953,361.0,0.0,0.0,,,,1787691216,2026-08-25 14:53:36-06:00,,,4,L04e05-1 alameda ote - hidalgo,,3,FF9A03,FFFFFF,,,,,,
metrobus,metrobus_vehicle_positions_enriched,2026-08-25T21:45:44Z,2026-08-25,20260825T214540Z,befe8525-0d4b-4925-81aa-7a7d7ecd2831,,19984,0.0,20:34:32,20260825,70093,342,TienepermisodeSEMOVI,19.36491584777832,-99.18192291259766,194.0,7.0,25.2,,,,1787694327,2026-08-25 15:45:27-06:00,,,1,L21c21-1 rojo gómez - dr. gálvez,,3,42A76B,FFFFFF,,,,,,
metrobus,metrobus_vehicle_positions_enriched,2026-08-25T21:45:44Z,2026-08-25,20260825T214540Z,f9697b33-c8c1-475a-8570-daf7b319a3ed,,19523,1.0,21:01:38,20260825,69286,584,002A992,19.422910690307617,-99.0856704711914,121.0,42.0,151.20000000000002,,,,1787694229,2026-08-25 15:43:49-06:00,,,4,L04e05-2 hidalgo - alameda ote,,3,FF9A03,FFFFFF,,,,,,
metrobus,metrobus_vehicle_positions_enriched,2026-08-25T21:45:44Z,2026-08-25,20260825T214540Z,960b31f4-96ae-4336-a105-8269ff27d3b2,,,,,,69287,585,002A993,19.422740936279297,-99.0918960571289,199.0,0.0,0.0,,,,1787693053,2026-08-25 15:24:13-06:00,,,,,,,,,,,,,,
metrobus,metrobus_vehicle_positions_enriched,2026-08-25T21:45:44Z,2026-08-25,20260825T214540Z,86f130d4-8a9c-4d95-b474-580070d0cc72,,19984,0.0,21:32:46,20260825,70095,344,TienepermisodeSEMOVI,19.388866424560547,-99.08279418945312,305.0,31.0,111.60000000000001,,,,1787694322,2026-08-25 15:45:22-06:00,,,1,L21c21-1 rojo gómez - dr. gálvez,,3,42A76B,FFFFFF,,,,,,
metrobus,metrobus_vehicle_positions_enriched,2026-08-25T21:45:44Z,2026-08-25,20260825T214540Z,31a724b3-ddfe-42da-94e5-f1e0d7253da5,,19523,1.0,21:01:02,20260825,69288,586,002A994,19.41741943359375,-99.07178497314453,258.0,0.0,0.0,,,,1787694330,2026-08-25 15:45:30-06:00,,,4,L04e05-2 hidalgo - alameda ote,,3,FF9A03,FFFFFF,,,,,,
metrobus,metrobus_vehicle_positions_enriched,2026-08-25T21:45:44Z,2026-08-25,20260825T214540Z,43fb2e1c-5d37-43a1-8141-1d926c765b94,,19984,0.0,20:57:49,20260825,70096,345,TienepermisodeSEMOVI,19.397014617919922,-99.16407012939453,283.0,0.0,0.0,,,,1787694333,2026-08-25 15:45:33-06:00,,,1,L21c21-1 rojo gómez - dr. gálvez,,3,42A76B,FFFFFF,,,,,,
metrobus,metrobus_vehicle_positions_enriched,2026-08-25T21:45:44Z,2026-08-25,20260825T214540Z,ebc3bd1a-86ad-4a34-8352-2076ff76d556,,19522,0.0,21:32:21,20260825,69289,587,002A995,19.41700553894043,-99.07331085205078,273.0,17.0,61.2,,,,1787694324,2026-08-25 15:45:24-06:00,,,4,L04e05-1 alameda ote - hidalgo,,3,FF9A03,FFFFFF,,,,,,
metrobus,metrobus_vehicle_positions_enriched,2026-08-25T21:45:44Z,2026-08-25,20260825T214540Z,67842f0e-1d34-4d9c-aab3-0332cd56ff20,,19523,1.0,21:10:10,20260825,69290,588,002A996,19.43750762939453,-99.1107177734375,931.0,0.0,0.0,,,,1787694320,2026-08-25 15:45:20-06:00,,,4,L04e05-2 hidalgo - alameda ote,,3,FF9A03,FFFFFF,,,,,,
metrobus,metrobus_vehicle_positions_enriched,2026-08-25T21:45:44Z,2026-08-25,20260825T214540Z,cef616cf-79c3-4326-90f8-78c4e3e21062,,,,,,69291,589,002A997,19.43073272705078,-99.05313110351562,284.0,0.0,0.0,,,,1787694322,2026-08-25 15:45:22-06:00,,,,,,,,,,,,,,
metrobus,metrobus_vehicle_positions_enriched,2026-08-25T21:45:44Z,2026-08-25,20260825T214540Z,bfdf376b-20c5-4152-a8f7-fad7a7c17a90,,19983,1.0,20:58:35,20260825,70100,349,TienepermisodeSEMOVI,19.39472198486328,-99.14286041259766,984.0,6.0,21.6,,,,1787694319,2026-08-25 15:45:19-06:00,,,1,L21c21-2 dr. gálvez - rojo gómez,,3,42A76B,FFFFFF,,,,,,
metrobus,metrobus_vehicle_positions_enriched,2026-08-25T21:45:44Z,2026-08-25,20260825T214540Z,d763a70a-941a-468a-8778-b00e503e4491,,19523,1.0,21:22:57,20260825,69294,592,002A998,19.436447143554688,-99.124267578125,987.0,0.0,0.0,,,,1787694332,2026-08-25 15:45:32-06:00,,,4,L04e05-2 hidalgo - alameda ote,,3,FF9A03,FFFFFF,,,,,,
metrobus,metrobus_vehicle_positions_enriched,2026-08-25T21:45:44Z,2026-08-25,20260825T214540Z,d3726b3b-2c14-48bb-be34-944cffffbfa9,,19565,1.0,21:18:00,20260825,70101,350,1250015,19.395034790039062,-99.09198760986328,125.0,26.0,93.60000000000001,,,,1787694322,2026-08-25 15:45:22-06:00,,,2,L02c02-2 etiopía l3 - tepalcates,,3,8D1A96,FFFFFF,,,,,,
metrobus,metrobus_vehicle_positions_enriched,2026-08-25T21:45:44Z,2026-08-25,20260825T214540Z,3f79ef48-882e-46ea-86fd-bf137f11efc8,,,,,,69298,597,002A999,19.43079376220703,-99.0533447265625,285.0,0.0,0.0,,,,1787694321,2026-08-25 15:45:21-06:00,,,,,,,,,,,,,,
metrobus,metrobus_vehicle_positions_enriched,2026-08-25T21:45:44Z,2026-08-25,20260825T214540Z,a62039ad-e54d-45a5-a0ce-299c35ce8521,,19519,0.0,21:17:24,20260825,69299,598,003A001,19.43636131286621,-99.12342071533203,275.0,0.0,0.0,,,,1787694332,2026-08-25 15:45:32-06:00,,,4,L04e04-1 pantitlán - hidalgo,,3,FF9A03,FFFFFF,,,,,,
metrobus,metrobus_vehicle_positions_enriched,2026-08-25T21:45:44Z,2026-08-25,20260825T214540Z,5b0e25b6-90e9-40f2-879a-033d18de2f8a,,,,,,75093,9756,,19.506956100463867,-99.19571685791016,0.0,0.0,0.0,,,,1787648281,2026-08-25 02:58:01-06:00,,,,,,,,,,,,,,
metrobus,metrobus_vehicle_positions_enriched,2026-08-25T21:45:44Z,2026-08-25,20260825T214540Z,d8a6c4df-d34c-457e-8b30-5c803f4c0bd8,,,,,,69439,120,1230033,19.49925422668457,-99.1192398071289,0.0,0.0,0.0,,,,1787691657,2026-08-25 15:00:57-06:00,,,,,,,,,,,,,,
metrobus,metrobus_vehicle_positions_enriched,2026-08-25T21:45:44Z,2026-08-25,20260825T214540Z,3fa231da-671a-4cd6-985b-a046ffb8bea5,,20296,1.0,21:45:07,20260825,69440,121,1230034,19.372539520263672,-99.16075134277344,153.0,41.0,147.6,,,,1787694322,2026-08-25 15:45:22-06:00,,,1,L31a31-2 pueblo sta cruz atoyac - indios verdes,,3,42A76B,FFFFFF,,,,,,
metrobus,metrobus_vehicle_positions_enriched,2026-08-25T21:45:44Z,2026-08-25,20260825T214540Z,c263ed77-4464-4f7c-9b9b-08fbe8ff324b,,,,,,69687,364,ConPermisovencido,19.388704299926758,-99.0596694946289,0.0,0.0,0.0,,,,1787694333,2026-08-25 15:45:33-06:00,,,,,,,,,,,,,,
metrobus,metrobus_vehicle_positions_enriched,2026-08-25T21:45:44Z,2026-08-25,20260825T214540Z,ae05f3c2-b582-40cb-8585-e273cbbe2fcd,,19499,0.0,20:34:42,20260825,69442,123,1230036,19.350614547729492,-99.18653869628906,196.0,0.0,0.0,,,,1787694334,2026-08-25 15:45:34-06:00,,,1,L01a07-1 indios verdes - el caminero,,3,D40D0D,FFFFFF,,,,,,
metrobus,metrobus_vehicle_positions_enriched,2026-08-25T21:45:44Z,2026-08-25,20260825T214540Z,fee2703e-9426-4079-bee8-ae86cbff4e10,,19984,0.0,21:44:26,20260825,69688,366,1250117,19.38398551940918,-99.07347869873047,724.0,2.0,7.2,,,,1787694326,2026-08-25 15:45:26-06:00,,,1,L21c21-1 rojo gómez - dr. gálvez,,3,42A76B,FFFFFF,,,,,,
metrobus,metrobus_vehicle_positions_enriched,2026-08-25T21:45:44Z,2026-08-25,20260825T214540Z,975c4610-0dcb-485d-b3af-cf00c5b28b87,,19983,1.0,21:14:21,20260825,70324,367,,19.403423309326172,-99.16930389404297,169.0,0.0,0.0,,,,1787694314,2026-08-25 15:45:14-06:00,,,1,L21c21-2 dr. gálvez - rojo gómez,,3,42A76B,FFFFFF,,,,,,
metrobus,metrobus_vehicle_positions_enriched,2026-08-25T21:45:44Z,2026-08-25,20260825T214540Z,29652f1f-5344-45ce-b696-f9210489ace4,,19515,0.0,21:10:35,20260825,74672,9521,,19.427757263183594,-99.1326675415039,189.0,8.0,28.8,,,,1787694329,2026-08-25 15:45:29-06:00,,,4,L04e02-1 buenavista - san lázaro ote,,3,FF9A03,FFFFFF,,,,,,
metrobus,metrobus_vehicle_positions_enriched,2026-08-25T21:45:44Z,2026-08-25,20260825T214540Z,112a28fd-168f-4e35-8a37-bafa4ee60a94,,,,,,74993,9525,,19.39385414123535,-99.05903625488281,940.0,42.0,151.20000000000002,,,,1787694333,2026-08-25 15:45:33-06:00,,,,,,,,,,,,,,
metrobus,metrobus_vehicle_positions_enriched,2026-08-25T21:45:44Z,2026-08-25,20260825T214540Z,946ddb0c-6166-403e-909d-a352f3732eb8,,19515,0.0,20:58:38,20260825,74671,9522,,19.423887252807617,-99.12005615234375,960.0,7.0,25.2,,,,1787694321,2026-08-25 15:45:21-06:00,,,4,L04e02-1 buenavista - san lázaro ote,,3,FF9A03,FFFFFF,,,,,,
metrobus,metrobus_vehicle_positions_enriched,2026-08-25T21:45:44Z,2026-08-25,20260825T214540Z,25ed5d08-f99a-419f-afda-131348c4ee2f,,,,,,74805,9523,,19.48729705810547,-99.12356567382812,381.0,30.0,108.0,,,,1787694309,2026-08-25 15:45:09-06:00,,,,,,,,,,,,,,
metrobus,metrobus_vehicle_positions_enriched,2026-08-25T21:45:44Z,2026-08-25,20260825T214540Z,4cf557f6-d354-417a-bab4-f46f40cad9f6,,19984,0.0,20:20:18,20260825,69690,372,1250123,19.34663963317871,-99.18789672851562,199.0,12.0,43.2,,,,1787694326,2026-08-25 15:45:26-06:00,,,1,L21c21-1 rojo gómez - dr. gálvez,,3,42A76B,FFFFFF,,,,,,
metrobus,metrobus_vehicle_positions_enriched,2026-08-25T21:45:44Z,2026-08-25,20260825T214540Z,55f7c569-7c48-42d1-a2c3-0d76b97c9dac,,19564,0.0,21:28:29,20260825,69691,373,1250124,19.38783073425293,-99.07460021972656,297.0,0.0,0.0,,,,1787694318,2026-08-25 15:45:18-06:00,,,2,L02c02-1 tepalcates - etiopía l3,,3,8D1A96,FFFFFF,,,,,,
metrobus,metrobus_vehicle_positions_enriched,2026-08-25T21:45:44Z,2026-08-25,20260825T214540Z,0d407383-4822-494e-8734-8166efd8b74e,,19499,0.0,21:39:07,20260825,73164,139,12300139,19.473731994628906,-99.13496398925781,213.0,39.0,140.4,,,,1787694324,2026-08-25 15:45:24-06:00,,,1,L01a07-1 indios verdes - el caminero,,3,D40D0D,FFFFFF,,,,,,
metrobus,metrobus_vehicle_positions_enriched,2026-08-25T21:45:44Z,2026-08-25,20260825T214540Z,79d4bca1-8675-412d-a41d-0cdc58de4457,,,,,,75094,9759,,19.507015228271484,-99.19567108154297,0.0,0.0,0.0,,,,1787636389,2026-08-24 23:39:49-06:00,,,,,,,,,,,,,,
metrobus,metrobus_vehicle_positions_enriched,2026-08-25T21:45:44Z,2026-08-25,20260825T214540Z,03c8c239-b0f1-4b4c-a028-a2cc9c6acdc7,,27055,1.0,21:11:01,20260825,72536,9515,,19.426013946533203,-99.13268280029297,278.0,8.0,28.8,,,,1787694325,2026-08-25 15:45:25-06:00,,,4,L04e10-2 aicm- amajac,,3,FF9A03,FFFFFF,,,,,,
metrobus,metrobus_vehicle_positions_enriched,2026-08-25T21:45:44Z,2026-08-25,20260825T214540Z,c66a02df-d950-49e7-b9cb-152ed631a228,,,,,,75125,9757,,19.506887435913086,-99.19586944580078,0.0,0.0,0.0,,,,1787641222,2026-08-25 01:00:22-06:00,,,,,,,,,,,,,,
metrobus,metrobus_vehicle_positions_enriched,2026-08-25T21:45:44Z,2026-08-25,20260825T214540Z,cb3c73e0-8e06-4162-9141-7174c5f5ef33,,,,,,75096,9758,,19.506988525390625,-99.19576263427734,0.0,0.0,0.0,,,,1787309029,2026-08-21 04:43:49-06:00,,,,,,,,,,,,,,
metrobus,metrobus_vehicle_positions_enriched,2026-08-25T21:45:44Z,2026-08-25,20260825T214540Z,01ed2f42-60eb-49d2-9b75-936c2b48c087,,,,,,74699,9519,,19.476839065551758,-99.13249206542969,217.0,9.0,32.4,,,,1787694332,2026-08-25 15:45:32-06:00,,,,,,,,,,,,,,
metrobus,metrobus_vehicle_positions_enriched,2026-08-25T21:45:44Z,2026-08-25,20260825T214540Z,0e338de0-bd06-4eca-9912-8f44dc9498ec,,,,,,69451,143,1230056,19.361482620239258,-99.18290710449219,196.0,0.0,0.0,,,,1787694327,2026-08-25 15:45:27-06:00,,,,,,,,,,,,,,
metrobus,metrobus_vehicle_positions_enriched,2026-08-25T21:45:44Z,2026-08-25,20260825T214540Z,9df05c2c-b893-4a06-b897-fe74048388cb,,,,,,69452,144,1230057,19.499187469482422,-99.11910247802734,196.0,0.0,0.0,,,,1787694324,2026-08-25 15:45:24-06:00,,,,,,,,,,,,,,
metrobus,metrobus_vehicle_positions_enriched,2026-08-25T21:45:44Z,2026-08-25,20260825T214540Z,75eca9a6-dc3b-4d51-a565-17e82ea153c7,,19492,0.0,21:45:15,20260825,69454,146,1230005,19.49437141418457,-99.11994934082031,175.0,39.0,140.4,,,,1787694330,2026-08-25 15:45:30-06:00,,,1,L01a01-1 indios verdes - dr. gálvez,,3,D40D0D,FFFFFF,,,,,,
metrobus,metrobus_vehicle_positions_enriched,2026-08-25T21:45:44Z,2026-08-25,20260825T214540Z,08ec3e6f-71d6-40b1-bf29-72e857614c9c,,,,,,75062,9529,,19.4228515625,-99.09262084960938,294.0,0.0,0.0,,,,1787694326,2026-08-25 15:45:26-06:00,,,,,,,,,,,,,,
metrobus,metrobus_vehicle_positions_enriched,2026-08-25T21:45:44Z,2026-08-25,20260825T214540Z,78f2c5b2-fce6-429b-94ea-699c3292db0a,,19517,0.0,21:22:41,20260825,75057,9527,,19.436933517456055,-99.12802124023438,987.0,2.0,7.2,,,,1787694332,2026-08-25 15:45:32-06:00,,,4,L04e08-1 buenavista - san lázaro pte,,3,FF9A03,FFFFFF,,,,,,
metrobus,metrobus_vehicle_positions_enriched,2026-08-25T21:45:44Z,2026-08-25,20260825T214540Z,0ed555a6-0cfc-4e8a-9daf-bec1a0685092,,27055,1.0,21:33:50,20260825,74680,9542,,19.43092155456543,-99.11541748046875,188.0,3.0,10.8,,,,1787694323,2026-08-25 15:45:23-06:00,,,4,L04e10-2 aicm- amajac,,3,FF9A03,FFFFFF,,,,,,
metrobus,metrobus_vehicle_positions_enriched,2026-08-25T21:45:44Z,2026-08-25,20260825T214540Z,bd44cc56-94dc-4dd9-a6b6-ae8c947dbe8e,,,,,,74681,9543,,19.40285301208496,-99.06172943115234,356.0,0.0,0.0,,,,1787642130,2026-08-25 01:15:30-06:00,,,,,,,,,,,,,,
metrobus,metrobus_vehicle_positions_enriched,2026-08-25T21:45:44Z,2026-08-25,20260825T214540Z,24264c38-4bfe-4456-afaf-09eae7d22805,,27372,1.0,21:35:33,20260825,74679,9541,,19.420757293701172,-99.08154296875,126.0,48.0,172.8,,,,1787694320,2026-08-25 15:45:20-06:00,,,4,L04e12-2 terminal 1 - terminal 2,,3,FF9A03,FFFFFF,,,,,,
metrobus,metrobus_vehicle_positions_enriched,2026-08-25T21:45:44Z,2026-08-25,20260825T214540Z,b7c3cc3d-ddd0-474b-b9c1-3abefe1beeb4,,19566,0.0,21:14:32,20260825,74915,9304,,19.396373748779297,-99.09434509277344,286.0,23.0,82.8,,,,1787694325,2026-08-25 15:45:25-06:00,,,2,L02c03-1 tepalcates - col. del valle,,3,8D1A96,FFFFFF,,,,,,
metrobus,metrobus_vehicle_positions_enriched,2026-08-25T21:45:44Z,2026-08-25,20260825T214540Z,16dc60aa-09ff-4ad8-8e9f-d9af67e9b7e7,,,,,,74546,9305,,19.390827178955078,-99.04749298095703,297.0,0.0,0.0,,,,1787694331,2026-08-25 15:45:31-06:00,,,,,,,,,,,,,,
metrobus,metrobus_vehicle_positions_enriched,2026-08-25T21:45:44Z,2026-08-25,20260825T214540Z,f5a3113e-4b2d-4d57-b4d7-22d0555b5461,,19567,1.0,21:11:04,20260825,74518,9303,,19.398271560668945,-99.1164779663086,884.0,6.0,21.6,,,,1787694328,2026-08-25 15:45:28-06:00,,,2,L02c03-2 col. del valle - tepalcates,,3,8D1A96,FFFFFF,,,,,,
metrobus,metrobus_vehicle_positions_enriched,2026-08-25T21:45:44Z,2026-08-25,20260825T214540Z,6f3b868f-fba2-4cf1-8523-d15a6c637cc0,,,,,,69598,392,1250146,19.38819694519043,-99.05945587158203,0.0,0.0,0.0,,,,1787637469,2026-08-24 23:57:49-06:00,,,,,,,,,,,,,,
metrobus,metrobus_vehicle_positions_enriched,2026-08-25T21:45:44Z,2026-08-25,20260825T214540Z,a1602981-5c3a-4eb2-849c-1b557aa7112a,,,,,,74141,9781,,19.506820678710938,-99.19976043701172,199.0,15.0,54.0,,,,1787694331,2026-08-25 15:45:31-06:00,,,,,,,,,,,,,,
metrobus,metrobus_vehicle_positions_enriched,2026-08-25T21:45:44Z,2026-08-25,20260825T214540Z,655b8bbf-f394-4038-bd16-2b7adeeb2cee,,19983,1.0,21:31:47,20260825,69599,394,1250147,19.368677139282227,-99.18058013916016,173.0,5.0,18.0,,,,1787694321,2026-08-25 15:45:21-06:00,,,1,L21c21-2 dr. gálvez - rojo gómez,,3,42A76B,FFFFFF,,,,,,
metrobus,metrobus_vehicle_positions_enriched,2026-08-25T21:45:44Z,2026-08-25,20260825T214540Z,78d1dea7-999b-47b4-b532-decb73f512f6,,,,,,70122,152,1230165,19.49995994567871,-99.11918640136719,0.0,0.0,0.0,,,,1787674427,2026-08-25 10:13:47-06:00,,,,,,,,,,,,,,
metrobus,metrobus_vehicle_positions_enriched,2026-08-25T21:45:44Z,2026-08-25,20260825T214540Z,97df5317-70e5-4a3d-9f3c-796cc1f81a63,,,,,,70123,153,1230166,19.5004825592041,-99.119384765625,0.0,0.0,0.0,,,,1785339679,2026-07-29 09:41:19-06:00,,,,,,,,,,,,,,
metrobus,metrobus_vehicle_positions_enriched,2026-08-25T21:45:44Z,2026-08-25,20260825T214540Z,3c4f01aa-7720-4d79-b93a-db5337ee7223,,19984,0.0,21:11:58,20260825,69601,398,TienepermisodeSEMOVI,19.3977108001709,-99.12980651855469,249.0,24.0,86.4,,,,1787694246,2026-08-25 15:44:06-06:00,,,1,L21c21-1 rojo gómez - dr. gálvez,,3,42A76B,FFFFFF,,,,,,
metrobus,metrobus_vehicle_positions_enriched,2026-08-25T21:45:44Z,2026-08-25,20260825T214540Z,6b422ad9-5c47-4d5f-a07f-7d53c29b6502,,,,,,70126,156,1230169,19.500524520874023,-99.1199722290039,0.0,0.0,0.0,,,,1787690898,2026-08-25 14:48:18-06:00,,,,,,,,,,,,,,
metrobus,metrobus_vehicle_positions_enriched,2026-08-25T21:45:44Z,2026-08-25,20260825T214540Z,b4d2592e-7384-45ac-99d2-c12d2b110bb4,,,,,,69602,399,1250150,19.388927459716797,-99.05966186523438,0.0,0.0,0.0,,,,1787592578,2026-08-24 11:29:38-06:00,,,,,,,,,,,,,,
metrobus,metrobus_vehicle_positions_enriched,2026-08-25T21:45:44Z,2026-08-25,20260825T214540Z,317e8713-9996-4b8b-a839-148e35578aef,,19566,0.0,21:21:59,20260825,74547,9306,,19.384170532226562,-99.07596588134766,277.0,17.0,61.2,,,,1787694332,2026-08-25 15:45:32-06:00,,,2,L02c03-1 tepalcates - col. del valle,,3,8D1A96,FFFFFF,,,,,,
metrobus,metrobus_vehicle_positions_enriched,2026-08-25T21:45:44Z,2026-08-25,20260825T214540Z,71739c37-b6b4-4a9b-9961-040ef497f3da,,19566,0.0,21:43:44,20260825,74465,9379,,19.38755989074707,-99.05045318603516,209.0,15.0,54.0,,,,1787694330,2026-08-25 15:45:30-06:00,,,2,L02c03-1 tepalcates - col. del valle,,3,8D1A96,FFFFFF,,,,,,
metrobus,metrobus_vehicle_positions_enriched,2026-08-25T21:45:44Z,2026-08-25,20260825T214540Z,fc3f1bef-d9cf-451f-82d5-cc1cd019f504,,19562,1.0,21:45:00,20260825,74191,9382,,19.40208625793457,-99.18733215332031,287.0,0.0,0.0,,,,1787694327,2026-08-25 15:45:27-06:00,,,2,L02c01-2 tacubaya - tepalcates,,3,8D1A96,FFFFFF,,,,,,
metrobus,metrobus_vehicle_positions_enriched,2026-08-25T21:45:44Z,2026-08-25,20260825T214540Z,a36b7eec-eb34-41c1-b85d-a5865da061c5,,19523,1.0,21:40:36,20260825,69580,2504,TienepermisodeSEMOVI,19.438663482666016,-99.13926696777344,103.0,0.0,0.0,,,,1787694322,2026-08-25 15:45:22-06:00,,,4,L04e05-2 hidalgo - alameda ote,,3,FF9A03,FFFFFF,,,,,,
metrobus,metrobus_vehicle_positions_enriched,2026-08-25T21:45:44Z,2026-08-25,20260825T214540Z,16037656-4529-4803-ae80-4816f1e6357e,,19519,0.0,21:28:10,20260825,69579,2503,TienepermisodeSEMOVI,19.436077117919922,-99.12065124511719,275.0,5.0,18.0,,,,1787694327,2026-08-25 15:45:27-06:00,,,4,L04e04-1 pantitlán - hidalgo,,3,FF9A03,FFFFFF,,,,,,
metrobus,metrobus_vehicle_positions_enriched,2026-08-25T21:45:44Z,2026-08-25,20260825T214540Z,507f0331-469d-420c-9e4f-2e52548238a9,,19523,1.0,21:20:34,20260825,69578,2502,TienepermisodeSEMOVI,19.436126708984375,-99.12162017822266,963.0,0.0,0.0,,,,1787694325,2026-08-25 15:45:25-06:00,,,4,L04e05-2 hidalgo - alameda ote,,3,FF9A03,FFFFFF,,,,,,
metrobus,metrobus_vehicle_positions_enriched,2026-08-25T21:45:44Z,2026-08-25,20260825T214540Z,cf2252a8-311b-4df8-86fc-51d6e6e3729a,,19523,1.0,21:42:58,20260825,69577,2501,TienepermisodeSEMOVI,19.436420440673828,-99.14160919189453,989.0,0.0,0.0,,,,1787694328,2026-08-25 15:45:28-06:00,,,4,L04e05-2 hidalgo - alameda ote,,3,FF9A03,FFFFFF,,,,,,
metrobus,metrobus_vehicle_positions_enriched,2026-08-25T21:45:44Z,2026-08-25,20260825T214540Z,b9404522-6bb1-4637-8ff1-45fffba8ed80,,19520,1.0,21:18:49,20260825,69585,2509,TienepermisodeSEMOVI,19.436004638671875,-99.11972045898438,963.0,18.0,64.8,,,,1787694326,2026-08-25 15:45:26-06:00,,,4,L04e04-2 hidalgo - pantitlán,,3,FF9A03,FFFFFF,,,,,,
metrobus,metrobus_vehicle_positions_enriched,2026-08-25T21:45:44Z,2026-08-25,20260825T214540Z,1d29331d-570b-4dfa-819d-60508174ed13,,19520,1.0,21:40:59,20260825,69584,2508,TienepermisodeSEMOVI,19.438716888427734,-99.13958740234375,987.0,15.0,54.0,,,,1787694330,2026-08-25 15:45:30-06:00,,,4,L04e04-2 hidalgo - pantitlán,,3,FF9A03,FFFFFF,,,,,,
metrobus,metrobus_vehicle_positions_enriched,2026-08-25T21:45:44Z,2026-08-25,20260825T214540Z,4364cbff-c70d-446d-923b-123398f91ecf,,,,,,69583,2507,TienepermisodeSEMOVI,19.417102813720703,-99.07373046875,278.0,0.0,0.0,,,,1787694325,2026-08-25 15:45:25-06:00,,,,,,,,,,,,,,
metrobus,metrobus_vehicle_positions_enriched,2026-08-25T21:45:44Z,2026-08-25,20260825T214540Z,1c753cfd-9f04-4e65-ac09-76ab0172aaa0,,19522,0.0,21:24:35,20260825,69582,2506,TienepermisodeSEMOVI,19.42745590209961,-99.09333801269531,298.0,43.0,154.8,,,,1787694325,2026-08-25 15:45:25-06:00,,,4,L04e05-1 alameda ote - hidalgo,,3,FF9A03,FFFFFF,,,,,,
metrobus,metrobus_vehicle_positions_enriched,2026-08-25T21:45:44Z,2026-08-25,20260825T214540Z,7c7a0879-5556-48ac-9a6e-b20791dd645a,,,,,,69581,2505,TienepermisodeSEMOVI,19.422775268554688,-99.09166717529297,0.0,0.0,0.0,,,,1787656344,2026-08-25 05:12:24-06:00,,,,,,,,,,,,,,
metrobus,metrobus_vehicle_positions_enriched,2026-08-25T21:45:44Z,2026-08-25,20260825T214540Z,0a5cdca9-6fa7-4b61-a087-48b26a7d65ed,,19523,1.0,21:12:44,20260825,69591,2515,TienepermisodeSEMOVI,19.435462951660156,-99.11532592773438,955.0,0.0,0.0,,,,1787694323,2026-08-25 15:45:23-06:00,,,4,L04e05-2 hidalgo - alameda ote,,3,FF9A03,FFFFFF,,,,,,
metrobus,metrobus_vehicle_positions_enriched,2026-08-25T21:45:44Z,2026-08-25,20260825T214540Z,471ed492-bd58-4436-97b5-e0b0cddb9abf,,,,,,69590,2514,TienepermisodeSEMOVI,0.0,0.0,0.0,0.0,0.0,,,,1787693288,2026-08-25 15:28:08-06:00,,,,,,,,,,,,,,
metrobus,metrobus_vehicle_positions_enriched,2026-08-25T21:45:44Z,2026-08-25,20260825T214540Z,3d2699a7-f8a7-4e64-80d9-2e5efd6a578a,,19522,0.0,21:14:27,20260825,69589,2513,TienepermisodeSEMOVI,19.436206817626953,-99.12185668945312,274.0,18.0,64.8,,,,1787694321,2026-08-25 15:45:21-06:00,,,4,L04e05-1 alameda ote - hidalgo,,3,FF9A03,FFFFFF,,,,,,
metrobus,metrobus_vehicle_positions_enriched,2026-08-25T21:45:44Z,2026-08-25,20260825T214540Z,a2f1910e-9bfa-40a5-b329-007ba28bb263,,19522,0.0,21:09:37,20260825,69588,2512,TienepermisodeSEMOVI,19.436777114868164,-99.12734985351562,274.0,9.0,32.4,,,,1787694332,2026-08-25 15:45:32-06:00,,,4,L04e05-1 alameda ote - hidalgo,,3,FF9A03,FFFFFF,,,,,,
metrobus,metrobus_vehicle_positions_enriched,2026-08-25T21:45:44Z,2026-08-25,20260825T214540Z,68199417-1fe8-42bf-a39c-455d575f4246,,19523,1.0,21:30:48,20260825,69587,2511,TienepermisodeSEMOVI,19.436607360839844,-99.12542724609375,975.0,0.0,0.0,,,,1787694337,2026-08-25 15:45:37-06:00,,,4,L04e05-2 hidalgo - alameda ote,,3,FF9A03,FFFFFF,,,,,,
metrobus,metrobus_vehicle_positions_enriched,2026-08-25T21:45:44Z,2026-08-25,20260825T214540Z,74cfbd72-a0b2-418b-aae9-824aabd6b393,,19519,0.0,21:44:03,20260825,69586,2510,TienepermisodeSEMOVI,19.417251586914062,-99.0744857788086,278.0,11.0,39.6,,,,1787694333,2026-08-25 15:45:33-06:00,,,4,L04e04-1 pantitlán - hidalgo,,3,FF9A03,FFFFFF,,,,,,
metrobus,metrobus_vehicle_positions_enriched,2026-08-25T21:45:44Z,2026-08-25,20260825T214540Z,3461a7c7-f85a-4e9d-8a22-3436d1c47e39,,19492,0.0,21:24:34,20260825,70010,1206,001A191,19.439071655273438,-99.15607452392578,202.0,47.0,169.20000000000002,,,,1787694325,2026-08-25 15:45:25-06:00,,,1,L01a01-1 indios verdes - dr. gálvez,,3,D40D0D,FFFFFF,,,,,,
metrobus,metrobus_vehicle_positions_enriched,2026-08-25T21:45:44Z,2026-08-25,20260825T214540Z,9062f38d-3d06-4548-9e84-17acca2407eb,,,,,,70009,1205,001A192,19.3853702545166,-99.04563903808594,119.0,0.0,0.0,,,,1787668969,2026-08-25 08:42:49-06:00,,,,,,,,,,,,,,
metrobus,metrobus_vehicle_positions_enriched,2026-08-25T21:45:44Z,2026-08-25,20260825T214540Z,c5b155ba-312d-448d-9f80-fee0cae9c523,,,,,,70008,1204,001A190,19.406383514404297,-99.16839599609375,197.0,11.0,39.6,,,,1787694329,2026-08-25 15:45:29-06:00,,,,,,,,,,,,,,
metrobus,metrobus_vehicle_positions_enriched,2026-08-25T21:45:44Z,2026-08-25,20260825T214540Z,21fdc5a4-0591-4220-a1cb-200863bd6f90,,19492,0.0,21:40:06,20260825,70007,1203,001A189,19.476491928100586,-99.1328125,217.0,26.0,93.60000000000001,,,,1787694337,2026-08-25 15:45:37-06:00,,,1,L01a01-1 indios verdes - dr. gálvez,,3,D40D0D,FFFFFF,,,,,,
metrobus,metrobus_vehicle_positions_enriched,2026-08-25T21:45:44Z,2026-08-25,20260825T214540Z,de649eae-5247-4d60-a3d3-a3864892d4d9,,,,,,70006,1202,001A188,19.385364532470703,-99.04564666748047,0.0,0.0,0.0,,,,1787645208,2026-08-25 02:06:48-06:00,,,,,,,,,,,,,,
metrobus,metrobus_vehicle_positions_enriched,2026-08-25T21:45:44Z,2026-08-25,20260825T214540Z,49768d1e-0c7c-476e-ae85-b6dedb77202f,,,,,,70013,1209,001A195,19.497774124145508,-99.119384765625,0.0,0.0,0.0,,,,1787693843,2026-08-25 15:37:23-06:00,,,,,,,,,,,,,,
metrobus,metrobus_vehicle_positions_enriched,2026-08-25T21:45:44Z,2026-08-25,20260825T214540Z,ca049449-0161-4531-89f3-328107924293,,,,,,70012,1208,001A194,19.459814071655273,-99.14636993408203,215.0,0.0,0.0,,,,1787694336,2026-08-25 15:45:36-06:00,,,,,,,,,,,,,,
metrobus,metrobus_vehicle_positions_enriched,2026-08-25T21:45:44Z,2026-08-25,20260825T214540Z,84150133-1af1-4382-8eda-787d5f182379,,,,,,70011,1207,001A193,19.499065399169922,-99.11951446533203,245.0,24.0,86.4,,,,1787694330,2026-08-25 15:45:30-06:00,,,,,,,,,,,,,,
