_source_system,_source_table,_extracted_at_utc,_snapshot_date,_snapshot_id,entity_id,trip_id,route_id,direction_id,start_time,start_date,vehicle_id,vehicle_label,license_plate,latitude,longitude,bearing,speed_mps,speed_kmh,current_stop_sequence,stop_id,current_status,timestamp_raw,timestamp_cdmx,congestion_level,occupancy_status,route_short_name,route_long_name,route_desc,route_type,route_color,route_text_color,stop_name,stop_lat,stop_lon,zone_id,location_type,parent_station
metrobus,metrobus_vehicle_positions_enriched,2026-07-28T06:39:05Z,2026-07-28,20260728T063902Z,5b87e37a-ebe4-4a39-a1c0-65ac59099804,,,,,,69379,2306,1240002,19.47835922241211,-99.06487274169922,275.0,0.0,0.0,,,,1785220393,2026-07-28 00:33:13-06:00,,,,,,,,,,,,,,
metrobus,metrobus_vehicle_positions_enriched,2026-07-28T06:39:05Z,2026-07-28,20260728T063902Z,a9f6781a-6b13-4d20-a694-e63aca1277b0,,19563,0.0,05:25:22,20260728,69378,2305,1240001,19.389692306518555,-99.0584487915039,0.0,0.0,0.0,,,,1785220740,2026-07-28 00:39:00-06:00,,,2,L02c01-1 tepalcates - tacubaya,,3,8D1A96,FFFFFF,,,,,,
metrobus,metrobus_vehicle_positions_enriched,2026-07-28T06:39:05Z,2026-07-28,20260728T063902Z,0afb5337-8bb2-46ca-b3b0-75ee3bfdc96d,,,,,,69377,2304,1230200,19.478193283081055,-99.06490325927734,0.0,0.0,0.0,,,,1785215358,2026-07-27 23:09:18-06:00,,,,,,,,,,,,,,
metrobus,metrobus_vehicle_positions_enriched,2026-07-28T06:39:05Z,2026-07-28,20260728T063902Z,abc7b442-9acf-4bd4-8c52-77674215d0e3,,,,,,69376,2303,1230199,19.389890670776367,-99.0589370727539,0.0,0.0,0.0,,,,1785220742,2026-07-28 00:39:02-06:00,,,,,,,,,,,,,,
metrobus,metrobus_vehicle_positions_enriched,2026-07-28T06:39:05Z,2026-07-28,20260728T063902Z,66c9fc45-403d-461b-b642-302d9d87fa0c,,19563,0.0,05:08:35,20260728,69375,2302,1230198,19.389793395996094,-99.05876922607422,0.0,0.0,0.0,,,,1785220501,2026-07-28 00:35:01-06:00,,,2,L02c01-1 tepalcates - tacubaya,,3,8D1A96,FFFFFF,,,,,,
metrobus,metrobus_vehicle_positions_enriched,2026-07-28T06:39:05Z,2026-07-28,20260728T063902Z,b9165a07-5164-4253-8605-6a5889828e82,,,,,,70014,1210,001A196,19.386348724365234,-99.04609680175781,0.0,0.0,0.0,,,,1785181708,2026-07-27 13:48:28-06:00,,,,,,,,,,,,,,
metrobus,metrobus_vehicle_positions_enriched,2026-07-28T06:39:05Z,2026-07-28,20260728T063902Z,4fede6dd-92bb-4077-9bda-b5128fce7c8d,,,,,,69382,2309,1240005,19.479522705078125,-99.06383514404297,0.0,0.0,0.0,,,,1785220744,2026-07-28 00:39:04-06:00,,,,,,,,,,,,,,
metrobus,metrobus_vehicle_positions_enriched,2026-07-28T06:39:05Z,2026-07-28,20260728T063902Z,22e01942-5db9-495e-a73c-9add68403d21,,,,,,69381,2308,1240004,19.47802734375,-99.06481170654297,0.0,0.0,0.0,,,,1785220740,2026-07-28 00:39:00-06:00,,,,,,,,,,,,,,
metrobus,metrobus_vehicle_positions_enriched,2026-07-28T06:39:05Z,2026-07-28,20260728T063902Z,1d0d0e55-76cb-4d07-8aed-84fc7244844b,,,,,,69380,2307,1240003,19.478273391723633,-99.06492614746094,0.0,0.0,0.0,,,,1785218815,2026-07-28 00:06:55-06:00,,,,,,,,,,,,,,
metrobus,metrobus_vehicle_positions_enriched,2026-07-28T06:39:05Z,2026-07-28,20260728T063902Z,b11cd6ea-23a8-4a06-b01f-1060a7e4d018,,19566,0.0,05:10:13,20260728,69393,2320,1230174,19.38895606994629,-99.0577163696289,0.0,0.0,0.0,,,,1785219487,2026-07-28 00:18:07-06:00,,,2,L02c03-1 tepalcates - col. del valle,,3,8D1A96,FFFFFF,,,,,,
metrobus,metrobus_vehicle_positions_enriched,2026-07-28T06:39:05Z,2026-07-28,20260728T063902Z,dde08181-c308-4112-bab9-ab6fec354cde,,,,,,69390,2317,1240013,19.38930892944336,-99.05838012695312,0.0,0.0,0.0,,,,1784858564,2026-07-23 20:02:44-06:00,,,,,,,,,,,,,,
metrobus,metrobus_vehicle_positions_enriched,2026-07-28T06:39:05Z,2026-07-28,20260728T063902Z,10772d28-82fe-4f68-8e24-078fe30f7eb1,,,,,,69389,2316,1240012,19.47774887084961,-99.06356048583984,0.0,0.0,0.0,,,,1785220742,2026-07-28 00:39:02-06:00,,,,,,,,,,,,,,
metrobus,metrobus_vehicle_positions_enriched,2026-07-28T06:39:05Z,2026-07-28,20260728T063902Z,b2939216-0e66-454c-8986-b3c89db12005,,,,,,69388,2315,1240011,19.479494094848633,-99.06393432617188,0.0,0.0,0.0,,,,1785217805,2026-07-27 23:50:05-06:00,,,,,,,,,,,,,,
metrobus,metrobus_vehicle_positions_enriched,2026-07-28T06:39:05Z,2026-07-28,20260728T063902Z,d5084e53-9045-45e9-8544-7efc994150ac,,,,,,69387,2314,1240010,19.47935676574707,-99.06370544433594,336.0,0.0,0.0,,,,1785220735,2026-07-28 00:38:55-06:00,,,,,,,,,,,,,,
metrobus,metrobus_vehicle_positions_enriched,2026-07-28T06:39:05Z,2026-07-28,20260728T063902Z,3e7c5fb3-4b65-491a-b3c5-652b30076122,,19563,0.0,05:03:26,20260728,69386,2313,1240009,19.389816284179688,-99.05875396728516,0.0,0.0,0.0,,,,1785220734,2026-07-28 00:38:54-06:00,,,2,L02c01-1 tepalcates - tacubaya,,3,8D1A96,FFFFFF,,,,,,
metrobus,metrobus_vehicle_positions_enriched,2026-07-28T06:39:05Z,2026-07-28,20260728T063902Z,a4a8be50-735a-430f-a8c6-4311ae0185f5,,,,,,69385,2312,1240008,19.47897720336914,-99.06360626220703,0.0,0.0,0.0,,,,1785148575,2026-07-27 04:36:15-06:00,,,,,,,,,,,,,,
metrobus,metrobus_vehicle_positions_enriched,2026-07-28T06:39:05Z,2026-07-28,20260728T063902Z,49e954e2-f991-4ad7-8012-7a076117c636,,,,,,69383,2310,1240006,19.479305267333984,-99.06375885009766,0.0,0.0,0.0,,,,1785220727,2026-07-28 00:38:47-06:00,,,,,,,,,,,,,,
metrobus,metrobus_vehicle_positions_enriched,2026-07-28T06:39:05Z,2026-07-28,20260728T063902Z,5d5b03d7-68bb-4913-b4ca-dc9e3ef2baab,,19470,0.0,06:05:14,20260728,69198,800,1320055,19.490703582763672,-99.13325500488281,291.0,0.0,0.0,,,,1785220732,2026-07-28 00:38:52-06:00,,,6,L06g01-1 villa de aragón - el rosario,,3,E44599,FFFFFF,,,,,,
metrobus,metrobus_vehicle_positions_enriched,2026-07-28T06:39:05Z,2026-07-28,20260728T063902Z,031562a3-95c3-4656-b8d7-90b1a15c6977,,,,,,69886,801,1280065,19.50821304321289,-99.1728515625,0.0,0.0,0.0,,,,1785220027,2026-07-28 00:27:07-06:00,,,,,,,,,,,,,,
metrobus,metrobus_vehicle_positions_enriched,2026-07-28T06:39:05Z,2026-07-28,20260728T063902Z,73be948e-f695-43b1-862d-56f6b432a8d3,,,,,,69887,802,1280066,19.507831573486328,-99.17120361328125,324.0,0.0,0.0,,,,1785220742,2026-07-28 00:39:02-06:00,,,,,,,,,,,,,,
metrobus,metrobus_vehicle_positions_enriched,2026-07-28T06:39:05Z,2026-07-28,20260728T063902Z,0b73f0a7-ae17-46bb-82bb-94e80f5abdb0,,,,,,69888,803,1280067,19.508333206176758,-99.1728744506836,0.0,0.0,0.0,,,,1783013862,2026-07-02 11:37:42-06:00,,,,,,,,,,,,,,
metrobus,metrobus_vehicle_positions_enriched,2026-07-28T06:39:05Z,2026-07-28,20260728T063902Z,2f6feb20-3e63-4220-81e4-190c1b4f615c,,,,,,69889,804,1280068,19.508241653442383,-99.172607421875,183.0,0.0,0.0,,,,1785220725,2026-07-28 00:38:45-06:00,,,,,,,,,,,,,,
metrobus,metrobus_vehicle_positions_enriched,2026-07-28T06:39:05Z,2026-07-28,20260728T063902Z,94da12ad-12c8-4ca3-9dde-6b13995aa76f,,19577,1.0,06:34:56,20260728,69890,805,1280069,19.424930572509766,-99.1874008178711,994.0,44.0,158.4,,,,1785220737,2026-07-28 00:38:57-06:00,,,7,L07h01-2 campo marte - indios verdes,,3,116633,FFFFFF,,,,,,
metrobus,metrobus_vehicle_positions_enriched,2026-07-28T06:39:05Z,2026-07-28,20260728T063902Z,a5da98c0-3846-4f3d-849b-845fc03e6a6a,,19563,0.0,05:13:48,20260728,69392,2319,1230173,19.38983154296875,-99.05859375,302.0,0.0,0.0,,,,1785216894,2026-07-27 23:34:54-06:00,,,2,L02c01-1 tepalcates - tacubaya,,3,8D1A96,FFFFFF,,,,,,
metrobus,metrobus_vehicle_positions_enriched,2026-07-28T06:39:05Z,2026-07-28,20260728T063902Z,eb3e20d8-b4ee-4cbe-8bc0-49e5cd3c9aed,,,,,,69391,2318,1230172,19.389917373657227,-99.05889892578125,0.0,0.0,0.0,,,,1785220527,2026-07-28 00:35:27-06:00,,,,,,,,,,,,,,
metrobus,metrobus_vehicle_positions_enriched,2026-07-28T06:39:05Z,2026-07-28,20260728T063902Z,a6a1ad1d-a430-43af-b2fc-baf54581992b,,,,,,69892,807,1280071,19.50786781311035,-99.17164611816406,294.0,0.0,0.0,,,,1785218548,2026-07-28 00:02:28-06:00,,,,,,,,,,,,,,
metrobus,metrobus_vehicle_positions_enriched,2026-07-28T06:39:05Z,2026-07-28,20260728T063902Z,ea21249c-2aa9-4961-9973-c140e76d714d,,,,,,69893,808,1280072,19.508073806762695,-99.17185974121094,286.0,0.0,0.0,,,,1785220737,2026-07-28 00:38:57-06:00,,,,,,,,,,,,,,
metrobus,metrobus_vehicle_positions_enriched,2026-07-28T06:39:05Z,2026-07-28,20260728T063902Z,29e42572-d80c-4f99-937e-46d5d255d63d,,,,,,69894,809,1280073,19.50823974609375,-99.1724853515625,0.0,0.0,0.0,,,,1784932568,2026-07-24 16:36:08-06:00,,,,,,,,,,,,,,
metrobus,metrobus_vehicle_positions_enriched,2026-07-28T06:39:05Z,2026-07-28,20260728T063902Z,4ef17500-d8b6-4ce6-b468-a6105af4d54d,,,,,,69398,2325,1230182,19.389402389526367,-99.05830383300781,0.0,0.0,0.0,,,,1785215688,2026-07-27 23:14:48-06:00,,,,,,,,,,,,,,
metrobus,metrobus_vehicle_positions_enriched,2026-07-28T06:39:05Z,2026-07-28,20260728T063902Z,5fb80f8c-9ade-4256-bc29-38558986d14d,,,,,,69397,2324,1230180,19.38966178894043,-99.05843353271484,301.0,0.0,0.0,,,,1785220652,2026-07-28 00:37:32-06:00,,,,,,,,,,,,,,
metrobus,metrobus_vehicle_positions_enriched,2026-07-28T06:39:05Z,2026-07-28,20260728T063902Z,7cf74175-606d-4954-b768-1a1e33dc8262,,19563,0.0,05:32:23,20260728,69395,2322,1230176,19.389732360839844,-99.05844116210938,0.0,0.0,0.0,,,,1785220735,2026-07-28 00:38:55-06:00,,,2,L02c01-1 tepalcates - tacubaya,,3,8D1A96,FFFFFF,,,,,,
metrobus,metrobus_vehicle_positions_enriched,2026-07-28T06:39:05Z,2026-07-28,20260728T063902Z,f482b8ed-3450-40d4-a024-eba42accafaf,,,,,,69895,810,1280074,19.50786590576172,-99.17171478271484,291.0,0.0,0.0,,,,1785217348,2026-07-27 23:42:28-06:00,,,,,,,,,,,,,,
metrobus,metrobus_vehicle_positions_enriched,2026-07-28T06:39:05Z,2026-07-28,20260728T063902Z,06491c9b-d579-47b2-bea8-bd7c95f020c3,,19563,0.0,05:14:54,20260728,69394,2321,1230175,19.38979721069336,-99.0586166381836,0.0,0.0,0.0,,,,1785220731,2026-07-28 00:38:51-06:00,,,2,L02c01-1 tepalcates - tacubaya,,3,8D1A96,FFFFFF,,,,,,
metrobus,metrobus_vehicle_positions_enriched,2026-07-28T06:39:05Z,2026-07-28,20260728T063902Z,8c2af394-42af-4640-88b6-3670ce0a12cf,,,,,,69896,811,1280075,19.50828742980957,-99.17227935791016,0.0,0.0,0.0,,,,1785218652,2026-07-28 00:04:12-06:00,,,,,,,,,,,,,,
metrobus,metrobus_vehicle_positions_enriched,2026-07-28T06:39:05Z,2026-07-28,20260728T063902Z,4fbaf68c-d2d7-4c55-9389-4b5e128543c6,,,,,,69897,812,1280076,19.507814407348633,-99.17139434814453,280.0,0.0,0.0,,,,1785219169,2026-07-28 00:12:49-06:00,,,,,,,,,,,,,,
metrobus,metrobus_vehicle_positions_enriched,2026-07-28T06:39:05Z,2026-07-28,20260728T063902Z,2d1ff08a-3633-4479-9683-3103c7f27b27,,,,,,69898,813,1280077,19.508092880249023,-99.17264556884766,0.0,0.0,0.0,,,,1785220673,2026-07-28 00:37:53-06:00,,,,,,,,,,,,,,
metrobus,metrobus_vehicle_positions_enriched,2026-07-28T06:39:05Z,2026-07-28,20260728T063902Z,022bfdb2-7b1d-4917-996e-0f2cadbe56d3,,,,,,69899,814,1280078,19.507909774780273,-99.1716537475586,291.0,0.0,0.0,,,,1785214485,2026-07-27 22:54:45-06:00,,,,,,,,,,,,,,
metrobus,metrobus_vehicle_positions_enriched,2026-07-28T06:39:05Z,2026-07-28,20260728T063902Z,4626e751-348e-4c19-9e6f-2ffd6c9ef3c6,,,,,,69900,815,1280079,19.50812339782715,-99.17198944091797,0.0,0.0,0.0,,,,1785214142,2026-07-27 22:49:02-06:00,,,,,,,,,,,,,,
metrobus,metrobus_vehicle_positions_enriched,2026-07-28T06:39:05Z,2026-07-28,20260728T063902Z,c425141f-6c08-4081-af6f-acb4b468f7f9,,,,,,69901,816,1280080,19.508047103881836,-99.17221069335938,305.0,2.0,7.2,,,,1785220726,2026-07-28 00:38:46-06:00,,,,,,,,,,,,,,
metrobus,metrobus_vehicle_positions_enriched,2026-07-28T06:39:05Z,2026-07-28,20260728T063902Z,f0bdb839-9c39-4faa-ae41-9b2d0d9e1a1e,,19577,1.0,06:06:00,20260728,69902,817,1280081,19.467100143432617,-99.12537384033203,20.0,0.0,0.0,,,,1785220736,2026-07-28 00:38:56-06:00,,,7,L07h01-2 campo marte - indios verdes,,3,116633,FFFFFF,,,,,,
metrobus,metrobus_vehicle_positions_enriched,2026-07-28T06:39:05Z,2026-07-28,20260728T063902Z,477fd6a8-94ec-44d5-8400-ad1e11b51cab,,19582,0.0,06:35:46,20260728,69903,818,1280082,19.490507125854492,-99.13272094726562,291.0,12.0,43.2,,,,1785220742,2026-07-28 00:39:02-06:00,,,7,L07h04-1 indios verdes - la diana,,3,116633,FFFFFF,,,,,,
metrobus,metrobus_vehicle_positions_enriched,2026-07-28T06:39:05Z,2026-07-28,20260728T063902Z,4ac135da-ee55-4784-99e2-12fb69963711,,,,,,69904,819,1280083,19.50813865661621,-99.17277526855469,0.0,0.0,0.0,,,,1785220727,2026-07-28 00:38:47-06:00,,,,,,,,,,,,,,
metrobus,metrobus_vehicle_positions_enriched,2026-07-28T06:39:05Z,2026-07-28,20260728T063902Z,99c6cb8a-b95a-41d7-a14d-896efcd3f944,,,,,,69957,1253,1230122,19.32278823852539,-99.17306518554688,0.0,0.0,0.0,,,,1785183677,2026-07-27 14:21:17-06:00,,,,,,,,,,,,,,
metrobus,metrobus_vehicle_positions_enriched,2026-07-28T06:39:05Z,2026-07-28,20260728T063902Z,6155d9e4-3ee3-4011-9c81-5554cf0a79fa,,19563,0.0,05:46:00,20260728,70106,2342,1250020,19.38657569885254,-99.05984497070312,329.0,0.0,0.0,,,,1785220316,2026-07-28 00:31:56-06:00,,,2,L02c01-1 tepalcates - tacubaya,,3,8D1A96,FFFFFF,,,,,,
metrobus,metrobus_vehicle_positions_enriched,2026-07-28T06:39:05Z,2026-07-28,20260728T063902Z,9b306d7d-be80-40f9-97bb-22b32fe5764f,,19563,0.0,04:47:52,20260728,70105,2341,1250019,19.387197494506836,-99.05989074707031,358.0,0.0,0.0,,,,1785220130,2026-07-28 00:28:50-06:00,,,2,L02c01-1 tepalcates - tacubaya,,3,8D1A96,FFFFFF,,,,,,
metrobus,metrobus_vehicle_positions_enriched,2026-07-28T06:39:05Z,2026-07-28,20260728T063902Z,c027fc46-fae9-408a-91aa-a2bb2d4cd546,,,,,,69956,1252,1230120,19.322763442993164,-99.17339324951172,0.0,0.0,0.0,,,,1785215482,2026-07-27 23:11:22-06:00,,,,,,,,,,,,,,
metrobus,metrobus_vehicle_positions_enriched,2026-07-28T06:39:05Z,2026-07-28,20260728T063902Z,cfd3cdb5-853e-4553-b6b7-8f76faf34f85,,,,,,70104,2340,1250018,19.386789321899414,-99.05998992919922,148.0,0.0,0.0,,,,1785216427,2026-07-27 23:27:07-06:00,,,,,,,,,,,,,,
metrobus,metrobus_vehicle_positions_enriched,2026-07-28T06:39:05Z,2026-07-28,20260728T063902Z,674d8fd9-887d-4b0c-b395-d763b3d30e84,,,,,,69955,1251,1230119,19.321086883544922,-99.17385864257812,354.0,0.0,0.0,,,,1785213902,2026-07-27 22:45:02-06:00,,,,,,,,,,,,,,
metrobus,metrobus_vehicle_positions_enriched,2026-07-28T06:39:05Z,2026-07-28,20260728T063902Z,82bbb7ea-4ca9-42e4-8fd7-08d4c3a1fcf0,,19566,0.0,06:28:01,20260728,70103,2339,1250017,19.386516571044922,-99.0602798461914,670.0,0.0,0.0,,,,1785220729,2026-07-28 00:38:49-06:00,,,2,L02c03-1 tepalcates - col. del valle,,3,8D1A96,FFFFFF,,,,,,
metrobus,metrobus_vehicle_positions_enriched,2026-07-28T06:39:05Z,2026-07-28,20260728T063902Z,79b9e114-ce83-4bb2-a485-0da9cd7104f3,,,,,,69401,2337,1230170,19.38926124572754,-99.0581283569336,0.0,0.0,0.0,,,,1785216877,2026-07-27 23:34:37-06:00,,,,,,,,,,,,,,
metrobus,metrobus_vehicle_positions_enriched,2026-07-28T06:39:05Z,2026-07-28,20260728T063902Z,6e2264cf-60d7-4fa3-8487-4b3453d8086d,,19563,0.0,06:11:29,20260728,69400,2336,1230187,19.38922691345215,-99.0574722290039,121.0,0.0,0.0,,,,1785220731,2026-07-28 00:38:51-06:00,,,2,L02c01-1 tepalcates - tacubaya,,3,8D1A96,FFFFFF,,,,,,
metrobus,metrobus_vehicle_positions_enriched,2026-07-28T06:39:05Z,2026-07-28,20260728T063902Z,23a7ee0e-1040-470c-ba2b-1de51a38054f,,,,,,69399,2335,1230184,19.38987159729004,-99.05876159667969,0.0,0.0,0.0,,,,1785220744,2026-07-28 00:39:04-06:00,,,,,,,,,,,,,,
metrobus,metrobus_vehicle_positions_enriched,2026-07-28T06:39:05Z,2026-07-28,20260728T063902Z,27c70df1-e31f-4db2-93ea-59e37ee4b755,,,,,,69905,820,1280084,19.508148193359375,-99.17221069335938,291.0,0.0,0.0,,,,1785217961,2026-07-27 23:52:41-06:00,,,,,,,,,,,,,,
metrobus,metrobus_vehicle_positions_enriched,2026-07-28T06:39:05Z,2026-07-28,20260728T063902Z,8384b908-ed31-45c5-9854-4ae2c1612509,,,,,,69906,821,1280085,19.50827980041504,-99.17291259765625,0.0,0.0,0.0,,,,1785217637,2026-07-27 23:47:17-06:00,,,,,,,,,,,,,,
metrobus,metrobus_vehicle_positions_enriched,2026-07-28T06:39:05Z,2026-07-28,20260728T063902Z,c7ca8a50-ff72-4242-8a5c-ba0c7b4db6d2,,,,,,69907,822,1280086,19.508235931396484,-99.1729736328125,0.0,0.0,0.0,,,,1785217762,2026-07-27 23:49:22-06:00,,,,,,,,,,,,,,
metrobus,metrobus_vehicle_positions_enriched,2026-07-28T06:39:05Z,2026-07-28,20260728T063902Z,24bcdd07-4383-463e-beef-bc09bf5d31be,,,,,,69908,823,1280087,19.507949829101562,-99.172119140625,195.0,0.0,0.0,,,,1785215253,2026-07-27 23:07:33-06:00,,,,,,,,,,,,,,
metrobus,metrobus_vehicle_positions_enriched,2026-07-28T06:39:05Z,2026-07-28,20260728T063902Z,0c3a3f8b-5b72-43dc-97b8-d1164e93487f,,,,,,69909,824,1280088,19.508087158203125,-99.17212677001953,0.0,0.0,0.0,,,,1785053376,2026-07-26 02:09:36-06:00,,,,,,,,,,,,,,
metrobus,metrobus_vehicle_positions_enriched,2026-07-28T06:39:05Z,2026-07-28,20260728T063902Z,618e2164-7ee2-41bf-a82e-d0bd13fb7e29,,,,,,69910,825,1280089,19.50824546813965,-99.1731185913086,0.0,0.0,0.0,,,,1785218195,2026-07-27 23:56:35-06:00,,,,,,,,,,,,,,
metrobus,metrobus_vehicle_positions_enriched,2026-07-28T06:39:05Z,2026-07-28,20260728T063902Z,66ff974b-983e-4719-9b08-52948b9f1eeb,,,,,,69911,826,1280090,19.508039474487305,-99.17219543457031,770.0,0.0,0.0,,,,1785219798,2026-07-28 00:23:18-06:00,,,,,,,,,,,,,,
metrobus,metrobus_vehicle_positions_enriched,2026-07-28T06:39:05Z,2026-07-28,20260728T063902Z,8cb383e0-d12d-40b6-9498-4b235bbe1903,,19576,0.0,06:33:43,20260728,69912,827,1280091,19.49066734313965,-99.1331558227539,290.0,14.0,50.4,,,,1785220739,2026-07-28 00:38:59-06:00,,,7,L07h01-1 indios verdes - campo marte,,3,116633,FFFFFF,,,,,,
metrobus,metrobus_vehicle_positions_enriched,2026-07-28T06:39:05Z,2026-07-28,20260728T063902Z,8a71058d-5f05-4d96-ba29-d7241f7d4070,,,,,,69913,828,1280092,19.507949829101562,-99.17144012451172,294.0,0.0,0.0,,,,1785220728,2026-07-28 00:38:48-06:00,,,,,,,,,,,,,,
metrobus,metrobus_vehicle_positions_enriched,2026-07-28T06:39:05Z,2026-07-28,20260728T063902Z,b7f5c1cd-0d47-4cd2-8235-155582a50817,,,,,,69914,829,1280093,19.50820541381836,-99.1727523803711,0.0,0.0,0.0,,,,1785220738,2026-07-28 00:38:58-06:00,,,,,,,,,,,,,,
metrobus,metrobus_vehicle_positions_enriched,2026-07-28T06:39:05Z,2026-07-28,20260728T063902Z,789bb455-a007-4925-aec5-2a3e86105da5,,,,,,69695,2353,1250032,19.388885498046875,-99.05931854248047,0.0,0.0,0.0,,,,1785218979,2026-07-28 00:09:39-06:00,,,,,,,,,,,,,,
metrobus,metrobus_vehicle_positions_enriched,2026-07-28T06:39:05Z,2026-07-28,20260728T063902Z,2116ad6c-b147-4753-9a6b-33de5bb08e5f,,,,,,69463,1022,1230063,19.49919891357422,-99.11920928955078,0.0,0.0,0.0,,,,1785219872,2026-07-28 00:24:32-06:00,,,,,,,,,,,,,,
metrobus,metrobus_vehicle_positions_enriched,2026-07-28T06:39:05Z,2026-07-28,20260728T063902Z,ab9b6243-97ad-4283-a2ea-44feed34f7c2,,19499,0.0,05:36:07,20260728,69968,1264,1230128,19.314653396606445,-99.18754577636719,173.0,26.0,93.60000000000001,,,,1785220733,2026-07-28 00:38:53-06:00,,,1,L01a07-1 indios verdes - el caminero,,3,D40D0D,FFFFFF,,,,,,
metrobus,metrobus_vehicle_positions_enriched,2026-07-28T06:39:05Z,2026-07-28,20260728T063902Z,08a82958-8ce2-4e0e-a85e-db7b3b3b2c19,,19499,0.0,04:33:26,20260728,69462,1021,1230062,19.499685287475586,-99.1191635131836,0.0,0.0,0.0,,,,1785217920,2026-07-27 23:52:00-06:00,,,1,L01a07-1 indios verdes - el caminero,,3,D40D0D,FFFFFF,,,,,,
metrobus,metrobus_vehicle_positions_enriched,2026-07-28T06:39:05Z,2026-07-28,20260728T063902Z,f32150df-107d-42f3-a8e9-300f67911648,,,,,,69694,2352,1250128,19.38844871520996,-99.05970764160156,0.0,0.0,0.0,,,,1783664078,2026-07-10 00:14:38-06:00,,,,,,,,,,,,,,
metrobus,metrobus_vehicle_positions_enriched,2026-07-28T06:39:05Z,2026-07-28,20260728T063902Z,5c1c192c-061f-42c2-8ede-601f0ebeb436,,,,,,69967,1263,1230127,19.31978988647461,-99.17217254638672,347.0,0.0,0.0,,,,1785214627,2026-07-27 22:57:07-06:00,,,,,,,,,,,,,,
metrobus,metrobus_vehicle_positions_enriched,2026-07-28T06:39:05Z,2026-07-28,20260728T063902Z,125e9c78-9c9f-4359-959d-da56fba83fa4,,,,,,69693,2351,EXTRAVIADA,19.388309478759766,-99.05947875976562,200.0,0.0,0.0,,,,1785220742,2026-07-28 00:39:02-06:00,,,,,,,,,,,,,,
metrobus,metrobus_vehicle_positions_enriched,2026-07-28T06:39:05Z,2026-07-28,20260728T063902Z,af271d9d-85fe-4909-aaa9-c1c825cab587,,,,,,69461,1020,1230061,19.50066375732422,-99.11907196044922,0.0,0.0,0.0,,,,1785220741,2026-07-28 00:39:01-06:00,,,,,,,,,,,,,,
metrobus,metrobus_vehicle_positions_enriched,2026-07-28T06:39:05Z,2026-07-28,20260728T063902Z,3b25765f-9c6a-48f8-be1e-36c3210c98bd,,,,,,69966,1262,1230123,19.322078704833984,-99.1727066040039,0.0,0.0,0.0,,,,1785214784,2026-07-27 22:59:44-06:00,,,,,,,,,,,,,,
metrobus,metrobus_vehicle_positions_enriched,2026-07-28T06:39:05Z,2026-07-28,20260728T063902Z,e8f23cd7-3c07-4e2d-8b0b-78b8a3683df3,,19566,0.0,06:30:10,20260728,70111,2350,1250010,19.387388229370117,-99.06011962890625,108.0,0.0,0.0,,,,1785220738,2026-07-28 00:38:58-06:00,,,2,L02c03-1 tepalcates - col. del valle,,3,8D1A96,FFFFFF,,,,,,
metrobus,metrobus_vehicle_positions_enriched,2026-07-28T06:39:05Z,2026-07-28,20260728T063902Z,1d2222b9-dafe-4431-b4b4-39a8471e112d,,19499,0.0,06:10:51,20260728,69965,1261,1230116,19.405960083007812,-99.16857147216797,196.0,19.0,68.4,,,,1785220738,2026-07-28 00:38:58-06:00,,,1,L01a07-1 indios verdes - el caminero,,3,D40D0D,FFFFFF,,,,,,
metrobus,metrobus_vehicle_positions_enriched,2026-07-28T06:39:05Z,2026-07-28,20260728T063902Z,647f39d3-8f2f-493f-8c60-85dfe5474b09,,,,,,69964,1260,1230143,19.322141647338867,-99.1732406616211,346.0,0.0,0.0,,,,1785220741,2026-07-28 00:39:01-06:00,,,,,,,,,,,,,,
metrobus,metrobus_vehicle_positions_enriched,2026-07-28T06:39:05Z,2026-07-28,20260728T063902Z,3316797a-e616-4bbb-8150-382e3da76daa,,19499,0.0,05:02:25,20260728,69460,1019,1230060,19.500356674194336,-99.11917877197266,0.0,0.0,0.0,,,,1785219386,2026-07-28 00:16:26-06:00,,,1,L01a07-1 indios verdes - el caminero,,3,D40D0D,FFFFFF,,,,,,
metrobus,metrobus_vehicle_positions_enriched,2026-07-28T06:39:05Z,2026-07-28,20260728T063902Z,d168a953-a463-4e3a-b3e1-b7f467264c09,,19499,0.0,06:13:03,20260728,69459,1018,1230059,19.49925994873047,-99.11963653564453,183.0,0.0,0.0,,,,1785219952,2026-07-28 00:25:52-06:00,,,1,L01a07-1 indios verdes - el caminero,,3,D40D0D,FFFFFF,,,,,,
metrobus,metrobus_vehicle_positions_enriched,2026-07-28T06:39:05Z,2026-07-28,20260728T063902Z,afa27fe4-cf78-4335-bfd1-e3e68f935c10,,19566,0.0,05:34:48,20260728,70110,2349,1250027,19.387287139892578,-99.05990600585938,349.0,0.0,0.0,,,,1785220730,2026-07-28 00:38:50-06:00,,,2,L02c03-1 tepalcates - col. del valle,,3,8D1A96,FFFFFF,,,,,,
metrobus,metrobus_vehicle_positions_enriched,2026-07-28T06:39:05Z,2026-07-28,20260728T063902Z,01dc9919-faf4-474d-ab0b-4b551fdba8e6,,19563,0.0,05:06:25,20260728,70109,2348,1250026,19.38655662536621,-99.05989074707031,0.0,0.0,0.0,,,,1785220742,2026-07-28 00:39:02-06:00,,,2,L02c01-1 tepalcates - tacubaya,,3,8D1A96,FFFFFF,,,,,,
metrobus,metrobus_vehicle_positions_enriched,2026-07-28T06:39:05Z,2026-07-28,20260728T063902Z,affcefa9-876c-409f-a3b0-2c4229b791e5,,,,,,69963,1259,1230142,19.322715759277344,-99.17304229736328,343.0,0.0,0.0,,,,1785220734,2026-07-28 00:38:54-06:00,,,,,,,,,,,,,,
metrobus,metrobus_vehicle_positions_enriched,2026-07-28T06:39:05Z,2026-07-28,20260728T063902Z,faef38e5-194f-4496-b176-52f9ab85cd10,,19566,0.0,05:04:27,20260728,70108,2347,1250025,19.386781692504883,-99.0598373413086,50.0,0.0,0.0,,,,1785216875,2026-07-27 23:34:35-06:00,,,2,L02c03-1 tepalcates - col. del valle,,3,8D1A96,FFFFFF,,,,,,
metrobus,metrobus_vehicle_positions_enriched,2026-07-28T06:39:05Z,2026-07-28,20260728T063902Z,413376fa-2f1c-48f3-b4f7-7ea5f477def5,,,,,,69962,1258,1230141,19.320724487304688,-99.17296600341797,355.0,0.0,0.0,,,,1785217698,2026-07-27 23:48:18-06:00,,,,,,,,,,,,,,
metrobus,metrobus_vehicle_positions_enriched,2026-07-28T06:39:05Z,2026-07-28,20260728T063902Z,21e84de9-e978-4c27-a929-218fdaa0bb36,,,,,,70107,2346,1250024,19.386432647705078,-99.05980682373047,0.0,0.0,0.0,,,,1785220731,2026-07-28 00:38:51-06:00,,,,,,,,,,,,,,
metrobus,metrobus_vehicle_positions_enriched,2026-07-28T06:39:05Z,2026-07-28,20260728T063902Z,133e0d38-bfe4-4f11-957b-d9602ddc4a6f,,,,,,69961,1257,1230132,19.32154083251953,-99.17283630371094,0.0,0.0,0.0,,,,1785220190,2026-07-28 00:29:50-06:00,,,,,,,,,,,,,,
metrobus,metrobus_vehicle_positions_enriched,2026-07-28T06:39:05Z,2026-07-28,20260728T063902Z,3507004c-4d1e-40f5-b3f2-ee333555f2c3,,,,,,70002,1015,1210367,19.38551139831543,-99.04582214355469,117.0,0.0,0.0,,,,1785163656,2026-07-27 08:47:36-06:00,,,,,,,,,,,,,,
metrobus,metrobus_vehicle_positions_enriched,2026-07-28T06:39:05Z,2026-07-28,20260728T063902Z,8bfb1edd-d5c3-4e21-bc00-10257d9d4225,,,,,,69960,1256,1230130,19.32202911376953,-99.17269134521484,349.0,0.0,0.0,,,,1785218030,2026-07-27 23:53:50-06:00,,,,,,,,,,,,,,
metrobus,metrobus_vehicle_positions_enriched,2026-07-28T06:39:05Z,2026-07-28,20260728T063902Z,c2a43384-d422-4628-93f6-55af97f33f60,,,,,,69915,830,1280094,19.508228302001953,-99.1728286743164,0.0,0.0,0.0,,,,1785220736,2026-07-28 00:38:56-06:00,,,,,,,,,,,,,,
metrobus,metrobus_vehicle_positions_enriched,2026-07-28T06:39:05Z,2026-07-28,20260728T063902Z,5893bc3c-9d9f-40ec-81c4-58b6bb68f9a2,,,,,,70079,2345,1250022,19.386577606201172,-99.06004333496094,0.0,0.0,0.0,,,,1785217065,2026-07-27 23:37:45-06:00,,,,,,,,,,,,,,
metrobus,metrobus_vehicle_positions_enriched,2026-07-28T06:39:05Z,2026-07-28,20260728T063902Z,37d36efa-4f02-4047-82d0-2bcfa023c824,,,,,,70078,2344,1250023,19.386598587036133,-99.05996704101562,0.0,0.0,0.0,,,,1784577050,2026-07-20 13:50:50-06:00,,,,,,,,,,,,,,
metrobus,metrobus_vehicle_positions_enriched,2026-07-28T06:39:05Z,2026-07-28,20260728T063902Z,e81a0d3a-a73c-48db-ad66-5b06d4bbbc2d,,19500,1.0,06:29:47,20260728,69959,1255,1230125,19.308345794677734,-99.17848205566406,676.0,51.0,183.6,,,,1785220745,2026-07-28 00:39:05-06:00,,,1,L01a07-2 el caminero - indios verdes,,3,D40D0D,FFFFFF,,,,,,
metrobus,metrobus_vehicle_positions_enriched,2026-07-28T06:39:05Z,2026-07-28,20260728T063902Z,d836b912-b49a-4406-9054-a02a32c1a2a7,,,,,,69916,831,1280095,19.508258819580078,-99.17233276367188,0.0,0.0,0.0,,,,1783982889,2026-07-13 16:48:09-06:00,,,,,,,,,,,,,,
metrobus,metrobus_vehicle_positions_enriched,2026-07-28T06:39:05Z,2026-07-28,20260728T063902Z,3e624047-4d30-4c36-8baf-07ae0ece73e4,,19563,0.0,05:37:48,20260728,70077,2343,1250021,19.38694953918457,-99.05989074707031,352.0,0.0,0.0,,,,1785219343,2026-07-28 00:15:43-06:00,,,2,L02c01-1 tepalcates - tacubaya,,3,8D1A96,FFFFFF,,,,,,
metrobus,metrobus_vehicle_positions_enriched,2026-07-28T06:39:05Z,2026-07-28,20260728T063902Z,f77ba0d1-b058-484b-9ad4-fcbf751ea1d6,,19576,0.0,06:33:07,20260728,69917,832,1280096,19.492595672607422,-99.14249420166016,282.0,12.0,43.2,,,,1785220733,2026-07-28 00:38:53-06:00,,,7,L07h01-1 indios verdes - campo marte,,3,116633,FFFFFF,,,,,,
metrobus,metrobus_vehicle_positions_enriched,2026-07-28T06:39:05Z,2026-07-28,20260728T063902Z,5b7da254-a055-4bef-99eb-3ea9cd772e62,,,,,,69958,1254,1230124,19.321300506591797,-99.17253875732422,348.0,0.0,0.0,,,,1785220735,2026-07-28 00:38:55-06:00,,,,,,,,,,,,,,
metrobus,metrobus_vehicle_positions_enriched,2026-07-28T06:39:05Z,2026-07-28,20260728T063902Z,cfe36fad-fdb1-446c-bf87-65bd13e6ca6b,,,,,,69918,833,1280097,19.50815200805664,-99.17269134521484,0.0,0.0,0.0,,,,1785220546,2026-07-28 00:35:46-06:00,,,,,,,,,,,,,,
metrobus,metrobus_vehicle_positions_enriched,2026-07-28T06:39:05Z,2026-07-28,20260728T063902Z,eb0057dc-9983-47e9-ad4c-7e683181421a,,,,,,69919,834,1280098,19.502273559570312,-99.15666961669922,341.0,30.0,108.0,,,,1785220732,2026-07-28 00:38:52-06:00,,,,,,,,,,,,,,
metrobus,metrobus_vehicle_positions_enriched,2026-07-28T06:39:05Z,2026-07-28,20260728T063902Z,c67669b8-ff45-4d87-a27e-17cc546c08f3,,,,,,69920,835,1280099,19.508216857910156,-99.17303466796875,0.0,0.0,0.0,,,,1785219401,2026-07-28 00:16:41-06:00,,,,,,,,,,,,,,
metrobus,metrobus_vehicle_positions_enriched,2026-07-28T06:39:05Z,2026-07-28,20260728T063902Z,b627bd7b-a1de-4f1f-a657-f7a012638b83,,19577,1.0,05:58:20,20260728,69921,836,1280100,19.470714569091797,-99.12401580810547,204.0,37.0,133.20000000000002,,,,1785220741,2026-07-28 00:39:01-06:00,,,7,L07h01-2 campo marte - indios verdes,,3,116633,FFFFFF,,,,,,
metrobus,metrobus_vehicle_positions_enriched,2026-07-28T06:39:05Z,2026-07-28,20260728T063902Z,23b60166-a6f5-4442-b3a4-cf47f11c7c91,,,,,,69922,837,1280101,19.508169174194336,-99.17227935791016,0.0,0.0,0.0,,,,1785220742,2026-07-28 00:39:02-06:00,,,,,,,,,,,,,,
metrobus,metrobus_vehicle_positions_enriched,2026-07-28T06:39:05Z,2026-07-28,20260728T063902Z,38a007d3-452a-420d-86f5-99e9a44dfe5b,,,,,,69923,838,1280152,19.5082950592041,-99.17259216308594,0.0,0.0,0.0,,,,1784918918,2026-07-24 12:48:38-06:00,,,,,,,,,,,,,,
metrobus,metrobus_vehicle_positions_enriched,2026-07-28T06:39:05Z,2026-07-28,20260728T063902Z,83632f4d-8d5c-463a-80dd-4c3668a459f1,,,,,,69924,839,1280153,19.50836181640625,-99.17301177978516,0.0,0.0,0.0,,,,1785217503,2026-07-27 23:45:03-06:00,,,,,,,,,,,,,,
metrobus,metrobus_vehicle_positions_enriched,2026-07-28T06:39:05Z,2026-07-28,20260728T063902Z,c9ca9ec4-2e47-4549-8858-a76453bc60f0,,,,,,69474,1033,1230074,19.498811721801758,-99.11936950683594,0.0,0.0,0.0,,,,1785217548,2026-07-27 23:45:48-06:00,,,,,,,,,,,,,,
metrobus,metrobus_vehicle_positions_enriched,2026-07-28T06:39:05Z,2026-07-28,20260728T063902Z,660088f7-52da-439b-b7b4-bc3d3cfbca37,,,,,,69706,2364,1250137,19.38855743408203,-99.05947875976562,0.0,0.0,0.0,,,,1785136483,2026-07-27 01:14:43-06:00,,,,,,,,,,,,,,
metrobus,metrobus_vehicle_positions_enriched,2026-07-28T06:39:05Z,2026-07-28,20260728T063902Z,8299fda1-7714-40ad-ba54-d6f4816ce162,,,,,,69705,2363,1250121,19.388622283935547,-99.05944061279297,0.0,0.0,0.0,,,,1785209964,2026-07-27 21:39:24-06:00,,,,,,,,,,,,,,
metrobus,metrobus_vehicle_positions_enriched,2026-07-28T06:39:05Z,2026-07-28,20260728T063902Z,15e72dbf-9e6f-4a28-923b-58c4937d2b27,,,,,,69473,1032,1230073,19.497528076171875,-99.11944580078125,522.0,0.0,0.0,,,,1785220744,2026-07-28 00:39:04-06:00,,,,,,,,,,,,,,
metrobus,metrobus_vehicle_positions_enriched,2026-07-28T06:39:05Z,2026-07-28,20260728T063902Z,c571c453-a847-4ff6-b4c6-74b55905b9b5,,19566,0.0,05:25:21,20260728,69704,2362,1250120,19.389375686645508,-99.05931854248047,112.0,0.0,0.0,,,,1785220736,2026-07-28 00:38:56-06:00,,,2,L02c03-1 tepalcates - col. del valle,,3,8D1A96,FFFFFF,,,,,,
metrobus,metrobus_vehicle_positions_enriched,2026-07-28T06:39:05Z,2026-07-28,20260728T063902Z,b31f2418-8e05-47dc-b183-1bf30c726425,,19500,1.0,05:16:43,20260728,69472,1031,1230072,19.497758865356445,-99.1196517944336,190.0,0.0,0.0,,,,1785220730,2026-07-28 00:38:50-06:00,,,1,L01a07-2 el caminero - indios verdes,,3,D40D0D,FFFFFF,,,,,,
metrobus,metrobus_vehicle_positions_enriched,2026-07-28T06:39:05Z,2026-07-28,20260728T063902Z,19da0501-13da-4d4e-b255-750c919651e2,,19566,0.0,06:11:03,20260728,69703,2361,1250033,19.389022827148438,-99.05805969238281,0.0,0.0,0.0,,,,1785220136,2026-07-28 00:28:56-06:00,,,2,L02c03-1 tepalcates - col. del valle,,3,8D1A96,FFFFFF,,,,,,
metrobus,metrobus_vehicle_positions_enriched,2026-07-28T06:39:05Z,2026-07-28,20260728T063902Z,ee9c17dd-4955-4616-b2a1-696eff025545,,19492,0.0,05:24:29,20260728,69471,1030,1230071,19.499231338500977,-99.11943054199219,198.0,0.0,0.0,,,,1785218032,2026-07-27 23:53:52-06:00,,,1,L01a01-1 indios verdes - dr. gálvez,,3,D40D0D,FFFFFF,,,,,,
metrobus,metrobus_vehicle_positions_enriched,2026-07-28T06:39:05Z,2026-07-28,20260728T063902Z,51e6a38b-774e-4243-b8e9-2c36e033976e,,19564,0.0,05:16:48,20260728,69702,2360,1250136,19.38943099975586,-99.05921936035156,348.0,0.0,0.0,,,,1785220520,2026-07-28 00:35:20-06:00,,,2,L02c02-1 tepalcates - etiopía l3,,3,8D1A96,FFFFFF,,,,,,
metrobus,metrobus_vehicle_positions_enriched,2026-07-28T06:39:05Z,2026-07-28,20260728T063902Z,d53cbb84-2215-45e5-942e-48826a4259f1,,19500,1.0,05:56:39,20260728,69470,1029,1230070,19.4169864654541,-99.16487121582031,178.0,0.0,0.0,,,,1785220733,2026-07-28 00:38:53-06:00,,,1,L01a07-2 el caminero - indios verdes,,3,D40D0D,FFFFFF,,,,,,
metrobus,metrobus_vehicle_positions_enriched,2026-07-28T06:39:05Z,2026-07-28,20260728T063902Z,53253d4e-55da-4ee4-b971-331a38168165,,19500,1.0,05:35:38,20260728,69469,1028,1230069,19.45391845703125,-99.15169525146484,108.0,49.0,176.4,,,,1785220735,2026-07-28 00:38:55-06:00,,,1,L01a07-2 el caminero - indios verdes,,3,D40D0D,FFFFFF,,,,,,
metrobus,metrobus_vehicle_positions_enriched,2026-07-28T06:39:05Z,2026-07-28,20260728T063902Z,a1a9f1b4-cb39-4584-ab4b-945386cc257c,,19562,1.0,06:06:24,20260728,69701,2359,1250135,19.394065856933594,-99.0906753540039,125.0,45.0,162.0,,,,1785220736,2026-07-28 00:38:56-06:00,,,2,L02c01-2 tacubaya - tepalcates,,3,8D1A96,FFFFFF,,,,,,
metrobus,metrobus_vehicle_positions_enriched,2026-07-28T06:39:05Z,2026-07-28,20260728T063902Z,2322c9ef-70b8-4911-9004-c8688084ca06,,19499,0.0,06:22:12,20260728,69468,1027,1230068,19.498699188232422,-99.1184310913086,0.0,0.0,0.0,,,,1785220741,2026-07-28 00:39:01-06:00,,,1,L01a07-1 indios verdes - el caminero,,3,D40D0D,FFFFFF,,,,,,
metrobus,metrobus_vehicle_positions_enriched,2026-07-28T06:39:05Z,2026-07-28,20260728T063902Z,96ed465d-b8a9-4417-b1a8-3bcc22b68e45,,19567,1.0,05:29:12,20260728,69700,2358,1250133,19.389280319213867,-99.05927276611328,210.0,0.0,0.0,,,,1785220205,2026-07-28 00:30:05-06:00,,,2,L02c03-2 col. del valle - tepalcates,,3,8D1A96,FFFFFF,,,,,,
metrobus,metrobus_vehicle_positions_enriched,2026-07-28T06:39:05Z,2026-07-28,20260728T063902Z,c5a2b0f3-4bcf-4e19-a3ec-76727ca8359a,,19494,0.0,05:36:18,20260728,69467,1026,1230067,19.500478744506836,-99.11908721923828,104.0,0.0,0.0,,,,1785217882,2026-07-27 23:51:22-06:00,,,1,L01a02-1 indios verdes - insurgentes,,3,D40D0D,FFFFFF,,,,,,
metrobus,metrobus_vehicle_positions_enriched,2026-07-28T06:39:05Z,2026-07-28,20260728T063902Z,b48d7dd5-e214-405b-8527-bf12854146c4,,,,,,69925,840,1280154,19.50813102722168,-99.17229461669922,298.0,0.0,0.0,,,,1785220726,2026-07-28 00:38:46-06:00,,,,,,,,,,,,,,
metrobus,metrobus_vehicle_positions_enriched,2026-07-28T06:39:05Z,2026-07-28,20260728T063902Z,ea43d7a4-e1c6-4a00-b0a1-a7134c371ec9,,19564,0.0,05:21:15,20260728,69699,2357,1250129,19.38918685913086,-99.05834197998047,0.0,0.0,0.0,,,,1785220063,2026-07-28 00:27:43-06:00,,,2,L02c02-1 tepalcates - etiopía l3,,3,8D1A96,FFFFFF,,,,,,
metrobus,metrobus_vehicle_positions_enriched,2026-07-28T06:39:05Z,2026-07-28,20260728T063902Z,57aef829-4e65-40ec-850b-fc56979cfaa2,,,,,,69926,841,1280155,19.50811004638672,-99.17255401611328,670.0,0.0,0.0,,,,1785220738,2026-07-28 00:38:58-06:00,,,,,,,,,,,,,,
metrobus,metrobus_vehicle_positions_enriched,2026-07-28T06:39:05Z,2026-07-28,20260728T063902Z,97c89eb3-4290-4c06-854e-de72de65fbd8,,19567,1.0,05:45:08,20260728,69698,2356,1250132,19.392549514770508,-99.04928588867188,121.0,40.0,144.0,,,,1785220729,2026-07-28 00:38:49-06:00,,,2,L02c03-2 col. del valle - tepalcates,,3,8D1A96,FFFFFF,,,,,,
metrobus,metrobus_vehicle_positions_enriched,2026-07-28T06:39:05Z,2026-07-28,20260728T063902Z,975f83e7-7114-47ea-a763-40ab45192435,,,,,,69466,1025,1230066,19.49889373779297,-99.11929321289062,995.0,0.0,0.0,,,,1785220740,2026-07-28 00:39:00-06:00,,,,,,,,,,,,,,
metrobus,metrobus_vehicle_positions_enriched,2026-07-28T06:39:05Z,2026-07-28,20260728T063902Z,90ae5490-be93-41bb-b230-0b00fe9c5277,,19499,0.0,05:36:50,20260728,69971,1267,1230131,19.31499481201172,-99.18756866455078,173.0,9.0,32.4,,,,1785220731,2026-07-28 00:38:51-06:00,,,1,L01a07-1 indios verdes - el caminero,,3,D40D0D,FFFFFF,,,,,,
metrobus,metrobus_vehicle_positions_enriched,2026-07-28T06:39:05Z,2026-07-28,20260728T063902Z,c8820ae0-741f-45dd-834e-e9bd3bfa3f1f,,,,,,69970,1266,1230113,19.321792602539062,-99.17355346679688,346.0,0.0,0.0,,,,1785219618,2026-07-28 00:20:18-06:00,,,,,,,,,,,,,,
metrobus,metrobus_vehicle_positions_enriched,2026-07-28T06:39:05Z,2026-07-28,20260728T063902Z,5d758e65-a862-40f4-b64c-42f0ad9b2ee6,,,,,,69927,842,1280156,19.508146286010742,-99.1728515625,0.0,0.0,0.0,,,,1785220440,2026-07-28 00:34:00-06:00,,,,,,,,,,,,,,
metrobus,metrobus_vehicle_positions_enriched,2026-07-28T06:39:05Z,2026-07-28,20260728T063902Z,d3fb6f10-c60a-431c-b6e8-2391c6a0cea4,,19499,0.0,06:11:01,20260728,69465,1024,1230065,19.4997501373291,-99.11955261230469,0.0,0.0,0.0,,,,1785220737,2026-07-28 00:38:57-06:00,,,1,L01a07-1 indios verdes - el caminero,,3,D40D0D,FFFFFF,,,,,,
metrobus,metrobus_vehicle_positions_enriched,2026-07-28T06:39:05Z,2026-07-28,20260728T063902Z,5e5aead5-c61e-46c7-ab9d-0e363f4ad141,,,,,,69697,2355,1250131,19.391338348388672,-99.04801177978516,0.0,0.0,0.0,,,,1785205922,2026-07-27 20:32:02-06:00,,,,,,,,,,,,,,
metrobus,metrobus_vehicle_positions_enriched,2026-07-28T06:39:05Z,2026-07-28,20260728T063902Z,159cd8d6-404b-4347-bbf4-6febc9b0661c,,19564,0.0,05:44:21,20260728,69696,2354,1250130,19.389284133911133,-99.05928802490234,192.0,0.0,0.0,,,,1785220733,2026-07-28 00:38:53-06:00,,,2,L02c02-1 tepalcates - etiopía l3,,3,8D1A96,FFFFFF,,,,,,
metrobus,metrobus_vehicle_positions_enriched,2026-07-28T06:39:05Z,2026-07-28,20260728T063902Z,a154b7db-4fc5-493c-bb76-b4352e0d79f3,,19559,0.0,05:24:55,20260728,69544,601,1280001,19.487096786499023,-99.0931396484375,246.0,0.0,0.0,,,,1785217591,2026-07-27 23:46:31-06:00,,,5,L05f05-1 río de los remedios - preparatoria 1,,3,141982,FFFFFF,,,,,,
metrobus,metrobus_vehicle_positions_enriched,2026-07-28T06:39:05Z,2026-07-28,20260728T063902Z,c1f55a15-08d8-45ec-b1ff-58615e98ae6e,,,,,,69464,1023,1230064,19.499303817749023,-99.11894989013672,0.0,0.0,0.0,,,,1785220042,2026-07-28 00:27:22-06:00,,,,,,,,,,,,,,
metrobus,metrobus_vehicle_positions_enriched,2026-07-28T06:39:05Z,2026-07-28,20260728T063902Z,34067202-7115-49f2-b336-887b48a8901b,,,,,,69928,843,1280157,19.492538452148438,-99.14228057861328,283.0,0.0,0.0,,,,1785220736,2026-07-28 00:38:56-06:00,,,,,,,,,,,,,,
metrobus,metrobus_vehicle_positions_enriched,2026-07-28T06:39:05Z,2026-07-28,20260728T063902Z,23dbfea2-3a4b-475d-8fa8-6736e9e35f5b,,19559,0.0,05:44:35,20260728,69545,602,1280002,19.48690414428711,-99.09256744384766,248.0,0.0,0.0,,,,1785219012,2026-07-28 00:10:12-06:00,,,5,L05f05-1 río de los remedios - preparatoria 1,,3,141982,FFFFFF,,,,,,
metrobus,metrobus_vehicle_positions_enriched,2026-07-28T06:39:05Z,2026-07-28,20260728T063902Z,2a009887-4951-472e-b2f9-9185b6fae395,,,,,,69929,844,1280158,19.508094787597656,-99.17215728759766,226.0,0.0,0.0,,,,1785219399,2026-07-28 00:16:39-06:00,,,,,,,,,,,,,,
metrobus,metrobus_vehicle_positions_enriched,2026-07-28T06:39:05Z,2026-07-28,20260728T063902Z,65f84e9b-d5f4-4caf-9fce-bd7322941475,,,,,,69930,845,1280159,19.50821876525879,-99.17251586914062,0.0,0.0,0.0,,,,1784540061,2026-07-20 03:34:21-06:00,,,,,,,,,,,,,,
metrobus,metrobus_vehicle_positions_enriched,2026-07-28T06:39:05Z,2026-07-28,20260728T063902Z,b82d3581-eccc-41b9-80cb-ffa576252c33,,19559,0.0,05:46:03,20260728,69546,603,1280003,19.487045288085938,-99.0926284790039,246.0,0.0,0.0,,,,1785219042,2026-07-28 00:10:42-06:00,,,5,L05f05-1 río de los remedios - preparatoria 1,,3,141982,FFFFFF,,,,,,
metrobus,metrobus_vehicle_positions_enriched,2026-07-28T06:39:05Z,2026-07-28,20260728T063902Z,b70eed95-e173-4455-82de-f6d963914673,,,,,,69931,846,1280160,19.508106231689453,-99.17221069335938,0.0,0.0,0.0,,,,1784895458,2026-07-24 06:17:38-06:00,,,,,,,,,,,,,,
metrobus,metrobus_vehicle_positions_enriched,2026-07-28T06:39:05Z,2026-07-28,20260728T063902Z,38d5e88c-cb11-43e7-8e8f-92c14c97dbc3,,19559,0.0,06:09:09,20260728,69548,605,1280005,19.48714256286621,-99.09269714355469,250.0,0.0,0.0,,,,1785220335,2026-07-28 00:32:15-06:00,,,5,L05f05-1 río de los remedios - preparatoria 1,,3,141982,FFFFFF,,,,,,
metrobus,metrobus_vehicle_positions_enriched,2026-07-28T06:39:05Z,2026-07-28,20260728T063902Z,69f78653-f161-4144-952f-e3d8d87d3864,,,,,,69933,848,1280162,19.508102416992188,-99.17259216308594,0.0,0.0,0.0,,,,1785220735,2026-07-28 00:38:55-06:00,,,,,,,,,,,,,,
metrobus,metrobus_vehicle_positions_enriched,2026-07-28T06:39:05Z,2026-07-28,20260728T063902Z,09a9b8cb-fb1b-4662-b840-4dc0cd70dde5,,,,,,69549,606,1280006,19.486745834350586,-99.091796875,113.0,0.0,0.0,,,,1785213649,2026-07-27 22:40:49-06:00,,,,,,,,,,,,,,
metrobus,metrobus_vehicle_positions_enriched,2026-07-28T06:39:05Z,2026-07-28,20260728T063902Z,f2960f5e-159e-47e2-b133-4bae1b1810b6,,19559,0.0,06:22:24,20260728,69550,607,1280007,19.487327575683594,-99.09443664550781,115.0,0.0,0.0,,,,1785220739,2026-07-28 00:38:59-06:00,,,5,L05f05-1 río de los remedios - preparatoria 1,,3,141982,FFFFFF,,,,,,
metrobus,metrobus_vehicle_positions_enriched,2026-07-28T06:39:05Z,2026-07-28,20260728T063902Z,dc7f6565-1f83-485b-b076-0c3b943efb8b,,,,,,69552,609,1280009,19.501537322998047,-99.0879898071289,212.0,0.0,0.0,,,,1785220730,2026-07-28 00:38:50-06:00,,,,,,,,,,,,,,
metrobus,metrobus_vehicle_positions_enriched,2026-07-28T06:39:05Z,2026-07-28,20260728T063902Z,d5c903af-30d9-4568-998b-d9eebb7d361f,,19562,1.0,06:13:37,20260728,69717,2375,1250118,19.391260147094727,-99.08654022216797,123.0,43.0,154.8,,,,1785220739,2026-07-28 00:38:59-06:00,,,2,L02c01-2 tacubaya - tepalcates,,3,8D1A96,FFFFFF,,,,,,
metrobus,metrobus_vehicle_positions_enriched,2026-07-28T06:39:05Z,2026-07-28,20260728T063902Z,c2b0fd6d-727f-4076-b2da-17d1984c6f07,,19500,1.0,06:06:02,20260728,69485,1044,1230085,19.374927520751953,-99.1784896850586,189.0,39.0,140.4,,,,1785220727,2026-07-28 00:38:47-06:00,,,1,L01a07-2 el caminero - indios verdes,,3,D40D0D,FFFFFF,,,,,,
metrobus,metrobus_vehicle_positions_enriched,2026-07-28T06:39:05Z,2026-07-28,20260728T063902Z,609d1b91-d721-4675-8a51-8be9faca473e,,19566,0.0,04:34:14,20260728,69716,2374,1250039,19.388809204101562,-99.05931854248047,329.0,0.0,0.0,,,,1785217517,2026-07-27 23:45:17-06:00,,,2,L02c03-1 tepalcates - col. del valle,,3,8D1A96,FFFFFF,,,,,,
metrobus,metrobus_vehicle_positions_enriched,2026-07-28T06:39:05Z,2026-07-28,20260728T063902Z,759e55aa-5260-42df-b4fc-1bdf0b6e54a6,,,,,,69484,1043,1230084,19.497514724731445,-99.11988067626953,256.0,0.0,0.0,,,,1785220739,2026-07-28 00:38:59-06:00,,,,,,,,,,,,,,
metrobus,metrobus_vehicle_positions_enriched,2026-07-28T06:39:05Z,2026-07-28,20260728T063902Z,95462917-2b54-49fc-a719-f4c1e1102ac3,,,,,,69483,1042,1230083,19.499216079711914,-99.11933898925781,0.0,0.0,0.0,,,,1785220741,2026-07-28 00:39:01-06:00,,,,,,,,,,,,,,
metrobus,metrobus_vehicle_positions_enriched,2026-07-28T06:39:05Z,2026-07-28,20260728T063902Z,9be50081-5519-4320-b2bb-a1986df97a29,,19566,0.0,04:06:12,20260728,69715,2373,1250038,19.38901138305664,-99.05941772460938,330.0,0.0,0.0,,,,1785214541,2026-07-27 22:55:41-06:00,,,2,L02c03-1 tepalcates - col. del valle,,3,8D1A96,FFFFFF,,,,,,
metrobus,metrobus_vehicle_positions_enriched,2026-07-28T06:39:05Z,2026-07-28,20260728T063902Z,531fc869-70de-4e91-af29-513ccccf0d17,,19566,0.0,05:20:44,20260728,69714,2372,1250037,19.3892879486084,-99.05846405029297,0.0,0.0,0.0,,,,1785219984,2026-07-28 00:26:24-06:00,,,2,L02c03-1 tepalcates - col. del valle,,3,8D1A96,FFFFFF,,,,,,
metrobus,metrobus_vehicle_positions_enriched,2026-07-28T06:39:05Z,2026-07-28,20260728T063902Z,0e887762-65f2-4f78-a5bd-a782e591cc98,,,,,,69482,1041,1230082,19.499778747558594,-99.118896484375,0.0,0.0,0.0,,,,1785220738,2026-07-28 00:38:58-06:00,,,,,,,,,,,,,,
metrobus,metrobus_vehicle_positions_enriched,2026-07-28T06:39:05Z,2026-07-28,20260728T063902Z,07292990-268e-47f3-8f0b-08178d8d5bc9,,19566,0.0,05:48:56,20260728,69713,2371,1250036,19.389001846313477,-99.05939483642578,184.0,0.0,0.0,,,,1785220734,2026-07-28 00:38:54-06:00,,,2,L02c03-1 tepalcates - col. del valle,,3,8D1A96,FFFFFF,,,,,,
metrobus,metrobus_vehicle_positions_enriched,2026-07-28T06:39:05Z,2026-07-28,20260728T063902Z,acfa4e61-147b-4b9f-a08f-2d73f8a6402f,,,,,,69481,1040,1230081,19.499652862548828,-99.11912536621094,143.0,0.0,0.0,,,,1785220740,2026-07-28 00:39:00-06:00,,,,,,,,,,,,,,
metrobus,metrobus_vehicle_positions_enriched,2026-07-28T06:39:05Z,2026-07-28,20260728T063902Z,bcc9f2b8-dbc7-4e85-ad36-791fe3bd5068,,19563,0.0,04:28:11,20260728,69712,2370,1250035,19.38887596130371,-99.05934143066406,329.0,0.0,0.0,,,,1785216477,2026-07-27 23:27:57-06:00,,,2,L02c01-1 tepalcates - tacubaya,,3,8D1A96,FFFFFF,,,,,,
metrobus,metrobus_vehicle_positions_enriched,2026-07-28T06:39:05Z,2026-07-28,20260728T063902Z,5f9273a3-dcf8-441c-906d-2d344bb2dfa7,,,,,,69480,1039,1230080,19.499231338500977,-99.1192398071289,0.0,0.0,0.0,,,,1785220475,2026-07-28 00:34:35-06:00,,,,,,,,,,,,,,
metrobus,metrobus_vehicle_positions_enriched,2026-07-28T06:39:05Z,2026-07-28,20260728T063902Z,e18008c3-a58c-40b3-90be-08eaeefddede,,19499,0.0,06:04:17,20260728,69479,1038,1230079,19.4992618560791,-99.11951446533203,0.0,0.0,0.0,,,,1785220715,2026-07-28 00:38:35-06:00,,,1,L01a07-1 indios verdes - el caminero,,3,D40D0D,FFFFFF,,,,,,
metrobus,metrobus_vehicle_positions_enriched,2026-07-28T06:39:05Z,2026-07-28,20260728T063902Z,1d1c4cd0-5776-4b85-b732-2e08a60e4c5e,,19566,0.0,03:14:42,20260728,69711,2369,1250034,19.389158248901367,-99.05924224853516,0.0,0.0,0.0,,,,1785214719,2026-07-27 22:58:39-06:00,,,2,L02c03-1 tepalcates - col. del valle,,3,8D1A96,FFFFFF,,,,,,
metrobus,metrobus_vehicle_positions_enriched,2026-07-28T06:39:05Z,2026-07-28,20260728T063902Z,1d3a9a39-4527-4f0c-8dd8-6be1ac1958fd,,19563,0.0,06:00:26,20260728,69710,2368,ConPermisovencido,19.395404815673828,-99.14839935302734,274.0,23.0,82.8,,,,1785220731,2026-07-28 00:38:51-06:00,,,2,L02c01-1 tepalcates - tacubaya,,3,8D1A96,FFFFFF,,,,,,
metrobus,metrobus_vehicle_positions_enriched,2026-07-28T06:39:05Z,2026-07-28,20260728T063902Z,9bcee133-0787-4806-8212-7a17e9f4726b,,,,,,69478,1037,1230078,19.499216079711914,-99.11933898925781,0.0,0.0,0.0,,,,1785219499,2026-07-28 00:18:19-06:00,,,,,,,,,,,,,,
metrobus,metrobus_vehicle_positions_enriched,2026-07-28T06:39:05Z,2026-07-28,20260728T063902Z,fbe0ad6e-36a9-4724-96de-ab0bb1a2d31a,,19564,0.0,04:35:20,20260728,69709,2367,ConPermisovencido,19.388769149780273,-99.059326171875,308.0,0.0,0.0,,,,1785218875,2026-07-28 00:07:55-06:00,,,2,L02c02-1 tepalcates - etiopía l3,,3,8D1A96,FFFFFF,,,,,,
metrobus,metrobus_vehicle_positions_enriched,2026-07-28T06:39:05Z,2026-07-28,20260728T063902Z,c05089cc-cc63-4603-b2fc-6316ca03c03a,,,,,,69477,1036,1230077,19.497379302978516,-99.1196517944336,819.0,0.0,0.0,,,,1785220741,2026-07-28 00:39:01-06:00,,,,,,,,,,,,,,
metrobus,metrobus_vehicle_positions_enriched,2026-07-28T06:39:05Z,2026-07-28,20260728T063902Z,ede34342-859f-4eaa-8601-6312f9773b6b,,,,,,69476,1035,1230076,19.497413635253906,-99.12007141113281,203.0,0.0,0.0,,,,1785220739,2026-07-28 00:38:59-06:00,,,,,,,,,,,,,,
metrobus,metrobus_vehicle_positions_enriched,2026-07-28T06:39:05Z,2026-07-28,20260728T063902Z,b553b8bf-97e4-4ba2-9782-0937de933c8a,,20211,0.0,05:36:36,20260728,69554,611,1280011,19.487281799316406,-99.09256744384766,252.0,0.0,0.0,,,,1785218490,2026-07-28 00:01:30-06:00,,,5,L05f03-1 río de los remedios - las bombas,,3,141982,FFFFFF,,,,,,
metrobus,metrobus_vehicle_positions_enriched,2026-07-28T06:39:05Z,2026-07-28,20260728T063902Z,adc1e760-7dd6-483d-b8f9-8ac1e14b608b,,19564,0.0,05:04:47,20260728,69708,2366,1250040,19.3894100189209,-99.05924224853516,336.0,0.0,0.0,,,,1785220030,2026-07-28 00:27:10-06:00,,,2,L02c02-1 tepalcates - etiopía l3,,3,8D1A96,FFFFFF,,,,,,
metrobus,metrobus_vehicle_positions_enriched,2026-07-28T06:39:05Z,2026-07-28,20260728T063902Z,d4c57d9a-20be-4d64-a458-7ab36f902e7c,,19558,1.0,05:36:39,20260728,69555,612,1280012,19.50082015991211,-99.08831024169922,218.0,0.0,0.0,,,,1785220734,2026-07-28 00:38:54-06:00,,,5,L05f05-2 preparatoria 1 - río de los remedios,,3,141982,FFFFFF,,,,,,
metrobus,metrobus_vehicle_positions_enriched,2026-07-28T06:39:05Z,2026-07-28,20260728T063902Z,34db94aa-5b6a-45a9-903f-3bee57919688,,,,,,69707,2365,1250116,19.38916778564453,-99.05933380126953,186.0,0.0,0.0,,,,1785220732,2026-07-28 00:38:52-06:00,,,,,,,,,,,,,,
metrobus,metrobus_vehicle_positions_enriched,2026-07-28T06:39:05Z,2026-07-28,20260728T063902Z,c9197e8c-c41e-4d86-a9a8-a750cd74f8ac,,19492,0.0,06:08:20,20260728,69475,1034,1230075,19.474838256835938,-99.13381958007812,377.0,62.0,223.20000000000002,,,,1785220738,2026-07-28 00:38:58-06:00,,,1,L01a01-1 indios verdes - dr. gálvez,,3,D40D0D,FFFFFF,,,,,,
metrobus,metrobus_vehicle_positions_enriched,2026-07-28T06:39:05Z,2026-07-28,20260728T063902Z,081858b5-85b4-47a3-94fe-41e606d7d692,,20211,0.0,03:35:35,20260728,69557,614,1280014,19.48734474182129,-99.09307861328125,249.0,0.0,0.0,,,,1785211513,2026-07-27 22:05:13-06:00,,,5,L05f03-1 río de los remedios - las bombas,,3,141982,FFFFFF,,,,,,
metrobus,metrobus_vehicle_positions_enriched,2026-07-28T06:39:05Z,2026-07-28,20260728T063902Z,2760b387-1dc3-4653-a733-8e5786979e90,,20211,0.0,03:50:36,20260728,69559,616,1280016,19.48721694946289,-99.09276580810547,248.0,0.0,0.0,,,,1785211721,2026-07-27 22:08:41-06:00,,,5,L05f03-1 río de los remedios - las bombas,,3,141982,FFFFFF,,,,,,
metrobus,metrobus_vehicle_positions_enriched,2026-07-28T06:39:05Z,2026-07-28,20260728T063902Z,edc5b424-9de8-49b7-b0ee-af863910dd86,,,,,,69561,618,1280018,19.486751556396484,-99.09197998046875,111.0,0.0,0.0,,,,1785220649,2026-07-28 00:37:29-06:00,,,,,,,,,,,,,,
metrobus,metrobus_vehicle_positions_enriched,2026-07-28T06:39:05Z,2026-07-28,20260728T063902Z,f32a3dda-92bd-43c0-aae6-9ff6337faf2e,,,,,,69562,619,1280019,19.486949920654297,-99.09233856201172,0.0,0.0,0.0,,,,1785215227,2026-07-27 23:07:07-06:00,,,,,,,,,,,,,,
metrobus,metrobus_vehicle_positions_enriched,2026-07-28T06:39:05Z,2026-07-28,20260728T063902Z,3ea83075-6a85-4cb5-b318-f5f637b365ea,,,,,,70131,1055,1230154,19.49971580505371,-99.1189193725586,184.0,0.0,0.0,,,,1785220730,2026-07-28 00:38:50-06:00,,,,,,,,,,,,,,
metrobus,metrobus_vehicle_positions_enriched,2026-07-28T06:39:05Z,2026-07-28,20260728T063902Z,545708ae-286f-4ab1-b2ec-2650253f0778,,19563,0.0,05:21:59,20260728,69608,2386,003A019,19.388349533081055,-99.0594711303711,343.0,0.0,0.0,,,,1785219435,2026-07-28 00:17:15-06:00,,,2,L02c01-1 tepalcates - tacubaya,,3,8D1A96,FFFFFF,,,,,,
metrobus,metrobus_vehicle_positions_enriched,2026-07-28T06:39:05Z,2026-07-28,20260728T063902Z,09667032-eb33-4ffd-a968-bbd8fd151ba8,,,,,,70130,1054,1230153,19.499452590942383,-99.11986541748047,199.0,0.0,0.0,,,,1785220735,2026-07-28 00:38:55-06:00,,,,,,,,,,,,,,
metrobus,metrobus_vehicle_positions_enriched,2026-07-28T06:39:05Z,2026-07-28,20260728T063902Z,0d0b9b07-644f-4785-8892-97b7d27b9a83,,,,,,69607,2385,003A023,19.388141632080078,-99.05946350097656,0.0,0.0,0.0,,,,1785220737,2026-07-28 00:38:57-06:00,,,,,,,,,,,,,,
metrobus,metrobus_vehicle_positions_enriched,2026-07-28T06:39:05Z,2026-07-28,20260728T063902Z,e37a9dcf-d8b2-4896-b061-209879ac4184,,19563,0.0,04:33:53,20260728,69606,2384,003A025,19.38802146911621,-99.05939483642578,119.0,0.0,0.0,,,,1785214588,2026-07-27 22:56:28-06:00,,,2,L02c01-1 tepalcates - tacubaya,,3,8D1A96,FFFFFF,,,,,,
metrobus,metrobus_vehicle_positions_enriched,2026-07-28T06:39:05Z,2026-07-28,20260728T063902Z,98b8d9b0-048e-4cac-becd-7a4ef01607ac,,,,,,70129,1053,1230152,19.499963760375977,-99.1190185546875,115.0,0.0,0.0,,,,1785220727,2026-07-28 00:38:47-06:00,,,,,,,,,,,,,,
metrobus,metrobus_vehicle_positions_enriched,2026-07-28T06:39:05Z,2026-07-28,20260728T063902Z,c77e15cd-0513-4503-bee6-232f82ab5ded,,19566,0.0,06:13:49,20260728,69722,2383,1250134,19.389549255371094,-99.05889129638672,306.0,0.0,0.0,,,,1785219862,2026-07-28 00:24:22-06:00,,,2,L02c03-1 tepalcates - col. del valle,,3,8D1A96,FFFFFF,,,,,,
metrobus,metrobus_vehicle_positions_enriched,2026-07-28T06:39:05Z,2026-07-28,20260728T063902Z,949ba6b6-e61c-45e7-9d70-855b1d5eb2ed,,,,,,70128,1052,1230151,19.500917434692383,-99.11909484863281,108.0,0.0,0.0,,,,1785220739,2026-07-28 00:38:59-06:00,,,,,,,,,,,,,,
metrobus,metrobus_vehicle_positions_enriched,2026-07-28T06:39:05Z,2026-07-28,20260728T063902Z,accae82c-ce88-4d04-987b-94f85cd37ed2,,,,,,69721,2382,1250125,19.389488220214844,-99.05929565429688,107.0,0.0,0.0,,,,1785212097,2026-07-27 22:14:57-06:00,,,,,,,,,,,,,,
metrobus,metrobus_vehicle_positions_enriched,2026-07-28T06:39:05Z,2026-07-28,20260728T063902Z,42a0187a-cb84-4a52-936b-7b8653e46d43,,,,,,70127,1051,1230150,19.49823760986328,-99.11957550048828,192.0,0.0,0.0,,,,1785220732,2026-07-28 00:38:52-06:00,,,,,,,,,,,,,,
metrobus,metrobus_vehicle_positions_enriched,2026-07-28T06:39:05Z,2026-07-28,20260728T063902Z,cb856426-4b99-44c9-839f-2bed120eccfb,,,,,,69491,1050,1230091,19.499109268188477,-99.11898803710938,186.0,0.0,0.0,,,,1785220738,2026-07-28 00:38:58-06:00,,,,,,,,,,,,,,
metrobus,metrobus_vehicle_positions_enriched,2026-07-28T06:39:05Z,2026-07-28,20260728T063902Z,9d04adc9-890b-4a61-a95d-7f645631e937,,,,,,69720,2381,1250126,19.38858985900879,-99.05937194824219,0.0,0.0,0.0,,,,1784712074,2026-07-22 03:21:14-06:00,,,,,,,,,,,,,,
metrobus,metrobus_vehicle_positions_enriched,2026-07-28T06:39:05Z,2026-07-28,20260728T063902Z,ba80a06c-0caf-441e-82aa-9e2d96974fa3,,,,,,69490,1049,1230090,19.497848510742188,-99.119384765625,195.0,0.0,0.0,,,,1785220739,2026-07-28 00:38:59-06:00,,,,,,,,,,,,,,
metrobus,metrobus_vehicle_positions_enriched,2026-07-28T06:39:05Z,2026-07-28,20260728T063902Z,43baee3b-920f-47c4-84cb-5ddbc2e99bd7,,19566,0.0,03:27:31,20260728,69718,2379,1250115,19.389070510864258,-99.05931854248047,321.0,0.0,0.0,,,,1785213297,2026-07-27 22:34:57-06:00,,,2,L02c03-1 tepalcates - col. del valle,,3,8D1A96,FFFFFF,,,,,,
metrobus,metrobus_vehicle_positions_enriched,2026-07-28T06:39:05Z,2026-07-28,20260728T063902Z,f22fe876-a82c-410b-a3a7-d489f70643e5,,19558,1.0,05:52:11,20260728,69563,620,1280020,19.441499710083008,-99.1133041381836,193.0,8.0,28.8,,,,1785220727,2026-07-28 00:38:47-06:00,,,5,L05f05-2 preparatoria 1 - río de los remedios,,3,141982,FFFFFF,,,,,,
metrobus,metrobus_vehicle_positions_enriched,2026-07-28T06:39:05Z,2026-07-28,20260728T063902Z,e6cee844-1003-469e-bf50-954ee6d7325d,,,,,,69489,1048,1230089,19.49923324584961,-99.11935424804688,0.0,0.0,0.0,,,,1785220243,2026-07-28 00:30:43-06:00,,,,,,,,,,,,,,
metrobus,metrobus_vehicle_positions_enriched,2026-07-28T06:39:05Z,2026-07-28,20260728T063902Z,1fbd78c4-8ca9-4e9b-89bf-de81c3255709,,,,,,69488,1047,1230088,19.497957229614258,-99.11939239501953,640.0,0.0,0.0,,,,1785220733,2026-07-28 00:38:53-06:00,,,,,,,,,,,,,,
metrobus,metrobus_vehicle_positions_enriched,2026-07-28T06:39:05Z,2026-07-28,20260728T063902Z,cb5c5770-6c08-4585-a208-64b8e09755c2,,,,,,69564,621,1280021,19.486671447753906,-99.09198760986328,107.0,0.0,0.0,,,,1784749178,2026-07-22 13:39:38-06:00,,,,,,,,,,,,,,
metrobus,metrobus_vehicle_positions_enriched,2026-07-28T06:39:05Z,2026-07-28,20260728T063902Z,97ac157b-b01b-46ed-861b-146a266e86d4,,,,,,69605,2378,1250153,19.388904571533203,-99.05946350097656,0.0,0.0,0.0,,,,1785192894,2026-07-27 16:54:54-06:00,,,,,,,,,,,,,,
metrobus,metrobus_vehicle_positions_enriched,2026-07-28T06:39:05Z,2026-07-28,20260728T063902Z,6895109b-b7f9-48ed-b977-ff355f8ccbd0,,19559,0.0,04:55:38,20260728,69565,622,1260200,19.464515686035156,-99.1037826538086,219.0,45.0,162.0,,,,1785220737,2026-07-28 00:38:57-06:00,,,5,L05f05-1 río de los remedios - preparatoria 1,,3,141982,FFFFFF,,,,,,
metrobus,metrobus_vehicle_positions_enriched,2026-07-28T06:39:05Z,2026-07-28,20260728T063902Z,92d5d447-2e4f-4424-a10b-f187fadb1dd5,,19499,0.0,05:34:30,20260728,69487,1046,1230087,19.499244689941406,-99.11943817138672,0.0,0.0,0.0,,,,1785220613,2026-07-28 00:36:53-06:00,,,1,L01a07-1 indios verdes - el caminero,,3,D40D0D,FFFFFF,,,,,,
metrobus,metrobus_vehicle_positions_enriched,2026-07-28T06:39:05Z,2026-07-28,20260728T063902Z,3976a6b2-490c-40d8-851e-6602b5ae027b,,,,,,69604,2377,1250152,19.38890838623047,-99.05945587158203,0.0,0.0,0.0,,,,1785190103,2026-07-27 16:08:23-06:00,,,,,,,,,,,,,,
metrobus,metrobus_vehicle_positions_enriched,2026-07-28T06:39:05Z,2026-07-28,20260728T063902Z,a50cecdd-2385-497e-b1df-f7f55fa6685e,,19558,1.0,06:10:36,20260728,69566,623,1260199,19.37603759765625,-99.10828399658203,345.0,51.0,183.6,,,,1785220739,2026-07-28 00:38:59-06:00,,,5,L05f05-2 preparatoria 1 - río de los remedios,,3,141982,FFFFFF,,,,,,
metrobus,metrobus_vehicle_positions_enriched,2026-07-28T06:39:05Z,2026-07-28,20260728T063902Z,e42a366c-1806-46a1-9f7e-46abe6bfa50c,,19499,0.0,06:25:15,20260728,69486,1045,1230086,19.499788284301758,-99.11937713623047,0.0,0.0,0.0,,,,1785220742,2026-07-28 00:39:02-06:00,,,1,L01a07-1 indios verdes - el caminero,,3,D40D0D,FFFFFF,,,,,,
metrobus,metrobus_vehicle_positions_enriched,2026-07-28T06:39:05Z,2026-07-28,20260728T063902Z,4f493417-c9b6-4c2f-96bc-48e45ba36176,,20211,0.0,04:48:37,20260728,69567,624,002A971,19.48705291748047,-99.09259796142578,249.0,0.0,0.0,,,,1785215865,2026-07-27 23:17:45-06:00,,,5,L05f03-1 río de los remedios - las bombas,,3,141982,FFFFFF,,,,,,
metrobus,metrobus_vehicle_positions_enriched,2026-07-28T06:39:05Z,2026-07-28,20260728T063902Z,f7d76882-1fb9-448e-9cfe-a2a9b1f6203e,,19559,0.0,05:17:26,20260728,69568,625,002A972,19.486730575561523,-99.0921859741211,108.0,0.0,0.0,,,,1785217021,2026-07-27 23:37:01-06:00,,,5,L05f05-1 río de los remedios - preparatoria 1,,3,141982,FFFFFF,,,,,,
metrobus,metrobus_vehicle_positions_enriched,2026-07-28T06:39:05Z,2026-07-28,20260728T063902Z,2d3369e8-26e7-471f-9087-5669a2f78631,,20211,0.0,04:52:20,20260728,69569,626,002A973,19.487262725830078,-99.09300994873047,246.0,0.0,0.0,,,,1785215914,2026-07-27 23:18:34-06:00,,,5,L05f03-1 río de los remedios - las bombas,,3,141982,FFFFFF,,,,,,
metrobus,metrobus_vehicle_positions_enriched,2026-07-28T06:39:05Z,2026-07-28,20260728T063902Z,901f19ea-68e6-4f21-bdae-b7efbd464410,,20211,0.0,04:57:01,20260728,69570,627,002A974,19.48723030090332,-99.09270477294922,249.0,0.0,0.0,,,,1785216233,2026-07-27 23:23:53-06:00,,,5,L05f03-1 río de los remedios - las bombas,,3,141982,FFFFFF,,,,,,
metrobus,metrobus_vehicle_positions_enriched,2026-07-28T06:39:05Z,2026-07-28,20260728T063902Z,6e6a3011-067d-44c9-bd5f-a330fd377daa,,,,,,69571,628,002A975,19.48716163635254,-99.0931167602539,245.0,0.0,0.0,,,,1785212936,2026-07-27 22:28:56-06:00,,,,,,,,,,,,,,
metrobus,metrobus_vehicle_positions_enriched,2026-07-28T06:39:05Z,2026-07-28,20260728T063902Z,6559a05d-1142-4ab2-9fca-f6a3ddd47a45,,19559,0.0,06:19:46,20260728,69572,629,002A976,19.486740112304688,-99.09212493896484,101.0,5.0,18.0,,,,1785220732,2026-07-28 00:38:52-06:00,,,5,L05f05-1 río de los remedios - preparatoria 1,,3,141982,FFFFFF,,,,,,
metrobus,metrobus_vehicle_positions_enriched,2026-07-28T06:39:05Z,2026-07-28,20260728T063902Z,d45c8306-6ff3-4c6c-9058-ca261eabaef7,,,,,,70142,1066,1300127,19.499340057373047,-99.1189193725586,226.0,0.0,0.0,,,,1785220736,2026-07-28 00:38:56-06:00,,,,,,,,,,,,,,
metrobus,metrobus_vehicle_positions_enriched,2026-07-28T06:39:05Z,2026-07-28,20260728T063902Z,43db5871-2a37-4c05-b232-c6049bb4b1ec,,,,,,70141,1065,1300126,19.498886108398438,-99.11927032470703,103.0,0.0,0.0,,,,1785214782,2026-07-27 22:59:42-06:00,,,,,,,,,,,,,,
metrobus,metrobus_vehicle_positions_enriched,2026-07-28T06:39:05Z,2026-07-28,20260728T063902Z,24c1c769-0e90-43fd-82b1-7862a0e30287,,,,,,70140,1064,1230163,19.49920082092285,-99.11913299560547,0.0,0.0,0.0,,,,1785220730,2026-07-28 00:38:50-06:00,,,,,,,,,,,,,,
metrobus,metrobus_vehicle_positions_enriched,2026-07-28T06:39:05Z,2026-07-28,20260728T063902Z,5d123ee5-dd3a-40cc-9d17-3f431e21e014,,19499,0.0,05:09:21,20260728,70139,1063,1230162,19.500289916992188,-99.11913299560547,188.0,0.0,0.0,,,,1785220636,2026-07-28 00:37:16-06:00,,,1,L01a07-1 indios verdes - el caminero,,3,D40D0D,FFFFFF,,,,,,
metrobus,metrobus_vehicle_positions_enriched,2026-07-28T06:39:05Z,2026-07-28,20260728T063902Z,bacde57f-f046-45cc-92f0-66acfbf3c7aa,,,,,,70138,1062,1230161,19.499225616455078,-99.11923217773438,0.0,0.0,0.0,,,,1785220727,2026-07-28 00:38:47-06:00,,,,,,,,,,,,,,
metrobus,metrobus_vehicle_positions_enriched,2026-07-28T06:39:05Z,2026-07-28,20260728T063902Z,b1a4f4a8-9508-43a6-8d2b-79ca0cf1f912,,,,,,70137,1061,1230160,19.499467849731445,-99.1192855834961,0.0,0.0,0.0,,,,1785217067,2026-07-27 23:37:47-06:00,,,,,,,,,,,,,,
metrobus,metrobus_vehicle_positions_enriched,2026-07-28T06:39:05Z,2026-07-28,20260728T063902Z,e9295dc5-7eb1-499f-8c82-829d618e3a55,,,,,,70136,1060,1230159,19.499465942382812,-99.11963653564453,155.0,0.0,0.0,,,,1785219406,2026-07-28 00:16:46-06:00,,,,,,,,,,,,,,
metrobus,metrobus_vehicle_positions_enriched,2026-07-28T06:39:05Z,2026-07-28,20260728T063902Z,62a7d89d-07bd-4502-92d5-b978a02d8713,,,,,,69612,2390,003A021,19.388385772705078,-99.0594253540039,0.0,0.0,0.0,,,,1785219781,2026-07-28 00:23:01-06:00,,,,,,,,,,,,,,
metrobus,metrobus_vehicle_positions_enriched,2026-07-28T06:39:05Z,2026-07-28,20260728T063902Z,d2e25853-d039-4951-a1bc-21fdaffd4622,,20211,0.0,03:56:51,20260728,69573,630,002A977,19.487171173095703,-99.093017578125,231.0,0.0,0.0,,,,1785212520,2026-07-27 22:22:00-06:00,,,5,L05f03-1 río de los remedios - las bombas,,3,141982,FFFFFF,,,,,,
metrobus,metrobus_vehicle_positions_enriched,2026-07-28T06:39:05Z,2026-07-28,20260728T063902Z,c3b89816-7841-4f64-92bb-d0d10a0d5f49,,,,,,70135,1059,1230158,19.499176025390625,-99.11908721923828,258.0,0.0,0.0,,,,1785211155,2026-07-27 21:59:15-06:00,,,,,,,,,,,,,,
metrobus,metrobus_vehicle_positions_enriched,2026-07-28T06:39:05Z,2026-07-28,20260728T063902Z,0eaeeda9-ec66-4f88-b199-723db9f42f0a,,,,,,69574,631,002A978,19.487125396728516,-99.09262084960938,251.0,0.0,0.0,,,,1785188247,2026-07-27 15:37:27-06:00,,,,,,,,,,,,,,
metrobus,metrobus_vehicle_positions_enriched,2026-07-28T06:39:05Z,2026-07-28,20260728T063902Z,2d1e9347-e9b3-41a8-93f8-78e8fb8865f8,,19563,0.0,03:39:17,20260728,69611,2389,003A024,19.387571334838867,-99.06005859375,121.0,0.0,0.0,,,,1785211569,2026-07-27 22:06:09-06:00,,,2,L02c01-1 tepalcates - tacubaya,,3,8D1A96,FFFFFF,,,,,,
metrobus,metrobus_vehicle_positions_enriched,2026-07-28T06:39:05Z,2026-07-28,20260728T063902Z,c47ade22-5909-4ba7-88e0-5b20388fc979,,19492,0.0,22:03:11,20260727,70134,1058,1230157,19.434568405151367,-99.15802001953125,202.0,22.0,79.2,,,,1785191057,2026-07-27 16:24:17-06:00,,,1,L01a01-1 indios verdes - dr. gálvez,,3,D40D0D,FFFFFF,,,,,,
metrobus,metrobus_vehicle_positions_enriched,2026-07-28T06:39:05Z,2026-07-28,20260728T063902Z,4a4cf128-c46a-4c6a-bb9b-7cf4130a473f,,,,,,69575,632,002A979,19.487552642822266,-99.093505859375,240.0,0.0,0.0,,,,1785220728,2026-07-28 00:38:48-06:00,,,,,,,,,,,,,,
metrobus,metrobus_vehicle_positions_enriched,2026-07-28T06:39:05Z,2026-07-28,20260728T063902Z,734914aa-f389-4cb7-8c95-f97c05010cc0,,20211,0.0,04:40:21,20260728,69576,633,002A980,19.486801147460938,-99.09258270263672,248.0,0.0,0.0,,,,1785215157,2026-07-27 23:05:57-06:00,,,5,L05f03-1 río de los remedios - las bombas,,3,141982,FFFFFF,,,,,,
metrobus,metrobus_vehicle_positions_enriched,2026-07-28T06:39:05Z,2026-07-28,20260728T063902Z,4bb36ce7-c302-4109-bb76-8875db533203,,19500,1.0,05:49:18,20260728,70133,1057,1230156,19.418277740478516,-99.16451263427734,146.0,0.0,0.0,,,,1785220740,2026-07-28 00:39:00-06:00,,,1,L01a07-2 el caminero - indios verdes,,3,D40D0D,FFFFFF,,,,,,
metrobus,metrobus_vehicle_positions_enriched,2026-07-28T06:39:05Z,2026-07-28,20260728T063902Z,85dae7a0-f344-45fb-9078-9ae48ed5d43f,,19564,0.0,05:37:05,20260728,69610,2388,003A022,19.387956619262695,-99.06002044677734,164.0,0.0,0.0,,,,1785219421,2026-07-28 00:17:01-06:00,,,2,L02c02-1 tepalcates - etiopía l3,,3,8D1A96,FFFFFF,,,,,,
metrobus,metrobus_vehicle_positions_enriched,2026-07-28T06:39:05Z,2026-07-28,20260728T063902Z,930147c9-04ad-4fa6-91ce-2a1b40ef88ab,,19563,0.0,04:57:38,20260728,69609,2387,003A020,19.38778305053711,-99.05998229980469,359.0,0.0,0.0,,,,1785215985,2026-07-27 23:19:45-06:00,,,2,L02c01-1 tepalcates - tacubaya,,3,8D1A96,FFFFFF,,,,,,
metrobus,metrobus_vehicle_positions_enriched,2026-07-28T06:39:05Z,2026-07-28,20260728T063902Z,9bff11d3-aaf6-4280-9219-c1cb9b4b5332,,,,,,70132,1056,1230155,19.498523712158203,-99.1192855834961,184.0,0.0,0.0,,,,1785220728,2026-07-28 00:38:48-06:00,,,,,,,,,,,,,,
metrobus,metrobus_vehicle_positions_enriched,2026-07-28T06:39:05Z,2026-07-28,20260728T063902Z,14c798a0-99a7-41a0-9e83-d5794def5a23,,19499,0.0,05:29:27,20260728,70153,1077,1230020,19.499414443969727,-99.11949157714844,0.0,0.0,0.0,,,,1785220744,2026-07-28 00:39:04-06:00,,,1,L01a07-1 indios verdes - el caminero,,3,D40D0D,FFFFFF,,,,,,
metrobus,metrobus_vehicle_positions_enriched,2026-07-28T06:39:05Z,2026-07-28,20260728T063902Z,6d683a80-8c13-46dd-baf1-342d83627885,,,,,,70152,1076,1230002,19.49903678894043,-99.11900329589844,0.0,0.0,0.0,,,,1785220736,2026-07-28 00:38:56-06:00,,,,,,,,,,,,,,
metrobus,metrobus_vehicle_positions_enriched,2026-07-28T06:39:05Z,2026-07-28,20260728T063902Z,09b7b503-2d09-42eb-8b3a-3b6e37274c31,,,,,,70151,1075,1230007,19.500547409057617,-99.11907958984375,992.0,0.0,0.0,,,,1785216793,2026-07-27 23:33:13-06:00,,,,,,,,,,,,,,
metrobus,metrobus_vehicle_positions_enriched,2026-07-28T06:39:05Z,2026-07-28,20260728T063902Z,e4461ea8-c624-4074-8527-76bd3a246e85,,,,,,70150,1074,1300135,19.49782371520996,-99.119384765625,0.0,0.0,0.0,,,,1785220733,2026-07-28 00:38:53-06:00,,,,,,,,,,,,,,
metrobus,metrobus_vehicle_positions_enriched,2026-07-28T06:39:05Z,2026-07-28,20260728T063902Z,7a15feb9-f84b-45df-a059-11f0232c4def,,19492,0.0,05:34:46,20260728,70149,1073,1300134,19.499202728271484,-99.1195297241211,180.0,0.0,0.0,,,,1785220668,2026-07-28 00:37:48-06:00,,,1,L01a01-1 indios verdes - dr. gálvez,,3,D40D0D,FFFFFF,,,,,,
metrobus,metrobus_vehicle_positions_enriched,2026-07-28T06:39:05Z,2026-07-28,20260728T063902Z,86879ff1-1cfe-4116-ab6d-0f33a7777e40,,,,,,70148,1072,1300133,19.499528884887695,-99.11882781982422,0.0,0.0,0.0,,,,1785220736,2026-07-28 00:38:56-06:00,,,,,,,,,,,,,,
metrobus,metrobus_vehicle_positions_enriched,2026-07-28T06:39:05Z,2026-07-28,20260728T063902Z,303fb92e-8f95-4579-838c-f9b654d7c26b,,19492,0.0,06:34:40,20260728,70147,1071,1300132,19.499238967895508,-99.1197280883789,182.0,0.0,0.0,,,,1785220736,2026-07-28 00:38:56-06:00,,,1,L01a01-1 indios verdes - dr. gálvez,,3,D40D0D,FFFFFF,,,,,,
metrobus,metrobus_vehicle_positions_enriched,2026-07-28T06:39:05Z,2026-07-28,20260728T063902Z,2617af73-9fcc-455f-9b1c-eb7f367a0d8a,,19499,0.0,06:16:33,20260728,70146,1070,1300131,19.499595642089844,-99.11984252929688,196.0,0.0,0.0,,,,1785220734,2026-07-28 00:38:54-06:00,,,1,L01a07-1 indios verdes - el caminero,,3,D40D0D,FFFFFF,,,,,,
metrobus,metrobus_vehicle_positions_enriched,2026-07-28T06:39:05Z,2026-07-28,20260728T063902Z,7206004f-6ac4-4135-818f-3d9803b9247d,,,,,,70145,1069,1300130,19.500425338745117,-99.11907196044922,102.0,0.0,0.0,,,,1785220741,2026-07-28 00:39:01-06:00,,,,,,,,,,,,,,
metrobus,metrobus_vehicle_positions_enriched,2026-07-28T06:39:05Z,2026-07-28,20260728T063902Z,81e63280-d0ca-44ea-a00d-a9041a341d32,,,,,,70144,1068,1300129,19.499723434448242,-99.11929321289062,0.0,0.0,0.0,,,,1785220743,2026-07-28 00:39:03-06:00,,,,,,,,,,,,,,
metrobus,metrobus_vehicle_positions_enriched,2026-07-28T06:39:05Z,2026-07-28,20260728T063902Z,15794a22-8e09-4043-874f-d781fe7fcd3d,,19499,0.0,05:14:53,20260728,70143,1067,1300128,19.499841690063477,-99.1195068359375,279.0,0.0,0.0,,,,1785220726,2026-07-28 00:38:46-06:00,,,1,L01a07-1 indios verdes - el caminero,,3,D40D0D,FFFFFF,,,,,,
metrobus,metrobus_vehicle_positions_enriched,2026-07-28T06:39:05Z,2026-07-28,20260728T063902Z,160d4c48-4787-42ba-b204-b7b36e91dd66,,,,,,70597,A9_TESTE,,-22.91880989074707,-43.68393325805664,165.0,31.0,111.60000000000001,,,,1785230745,2026-07-28 03:25:45-06:00,,,,,,,,,,,,,,
metrobus,metrobus_vehicle_positions_enriched,2026-07-28T06:39:05Z,2026-07-28,20260728T063902Z,ab30c9d9-fabc-4052-b88f-a81de87ec4cb,,,,,,69945,1087,1230140,19.320669174194336,-99.17304229736328,820.0,0.0,0.0,,,,1785216408,2026-07-27 23:26:48-06:00,,,,,,,,,,,,,,
metrobus,metrobus_vehicle_positions_enriched,2026-07-28T06:39:05Z,2026-07-28,20260728T063902Z,4f477f4e-4793-45aa-b626-ab9c283ec4fa,,,,,,69944,1086,1230139,19.322656631469727,-99.17276000976562,238.0,0.0,0.0,,,,1785217231,2026-07-27 23:40:31-06:00,,,,,,,,,,,,,,
metrobus,metrobus_vehicle_positions_enriched,2026-07-28T06:39:05Z,2026-07-28,20260728T063902Z,7ab0c696-ef52-4bd3-8d53-111cd6211232,,,,,,69943,1085,1230138,19.32299041748047,-99.17273712158203,0.0,0.0,0.0,,,,1785201282,2026-07-27 19:14:42-06:00,,,,,,,,,,,,,,
metrobus,metrobus_vehicle_positions_enriched,2026-07-28T06:39:05Z,2026-07-28,20260728T063902Z,e2383be0-f709-4958-b215-dcd7b87f50ed,,,,,,69942,1084,1230137,19.321800231933594,-99.17366790771484,0.0,0.0,0.0,,,,1785218300,2026-07-27 23:58:20-06:00,,,,,,,,,,,,,,
metrobus,metrobus_vehicle_positions_enriched,2026-07-28T06:39:05Z,2026-07-28,20260728T063902Z,49764768-85cd-4715-a02a-ca6ce1f79a5d,,,,,,69941,1083,1230136,19.320453643798828,-99.17261505126953,349.0,0.0,0.0,,,,1785215989,2026-07-27 23:19:49-06:00,,,,,,,,,,,,,,
metrobus,metrobus_vehicle_positions_enriched,2026-07-28T06:39:05Z,2026-07-28,20260728T063902Z,3dfc6ea1-2ad8-401b-b4e1-6c6c803bab52,,,,,,69940,1082,1230135,19.321603775024414,-99.17259979248047,345.0,0.0,0.0,,,,1785220732,2026-07-28 00:38:52-06:00,,,,,,,,,,,,,,
metrobus,metrobus_vehicle_positions_enriched,2026-07-28T06:39:05Z,2026-07-28,20260728T063902Z,54b23767-6844-4d36-968d-9d517f290934,,,,,,69939,1081,1230134,19.321725845336914,-99.17141723632812,343.0,0.0,0.0,,,,1785220335,2026-07-28 00:32:15-06:00,,,,,,,,,,,,,,
metrobus,metrobus_vehicle_positions_enriched,2026-07-28T06:39:05Z,2026-07-28,20260728T063902Z,184db966-fd4e-4031-a010-58142c05d28b,,,,,,70154,1078,1230003,19.497846603393555,-99.11930084228516,172.0,0.0,0.0,,,,1785220739,2026-07-28 00:38:59-06:00,,,,,,,,,,,,,,
metrobus,metrobus_vehicle_positions_enriched,2026-07-28T06:39:05Z,2026-07-28,20260728T063902Z,ce099451-2488-4e08-a065-01f7c1e7ace4,,,,,,69946,1091,1230144,19.32038116455078,-99.17327117919922,347.0,0.0,0.0,,,,1785220090,2026-07-28 00:28:10-06:00,,,,,,,,,,,,,,
metrobus,metrobus_vehicle_positions_enriched,2026-07-28T06:39:05Z,2026-07-28,20260728T063902Z,74fcca44-bec7-4254-bbb0-991cc6ab97ff,,,,,,69954,1099,1220118,19.322372436523438,-99.17282104492188,353.0,0.0,0.0,,,,1785216463,2026-07-27 23:27:43-06:00,,,,,,,,,,,,,,
metrobus,metrobus_vehicle_positions_enriched,2026-07-28T06:39:05Z,2026-07-28,20260728T063902Z,af5e90fd-5177-43b8-9b44-ecd79aa713fc,,19500,1.0,06:29:53,20260728,69953,1098,1210117,19.30721092224121,-99.18132781982422,656.0,49.0,176.4,,,,1785220735,2026-07-28 00:38:55-06:00,,,1,L01a07-2 el caminero - indios verdes,,3,D40D0D,FFFFFF,,,,,,
metrobus,metrobus_vehicle_positions_enriched,2026-07-28T06:39:05Z,2026-07-28,20260728T063902Z,4a32de9a-3a7f-4578-ba21-555177370d55,,,,,,69952,1097,1230115,19.322248458862305,-99.1729736328125,351.0,0.0,0.0,,,,1785220733,2026-07-28 00:38:53-06:00,,,,,,,,,,,,,,
metrobus,metrobus_vehicle_positions_enriched,2026-07-28T06:39:05Z,2026-07-28,20260728T063902Z,bc69b955-8b57-4c44-8532-bd654a133706,,,,,,69951,1096,1230149,19.32288360595703,-99.17292785644531,0.0,0.0,0.0,,,,1785212670,2026-07-27 22:24:30-06:00,,,,,,,,,,,,,,
metrobus,metrobus_vehicle_positions_enriched,2026-07-28T06:39:05Z,2026-07-28,20260728T063902Z,49e2bd51-eebb-4eb4-b48d-6497e77f5514,,19499,0.0,05:56:04,20260728,69950,1095,1230148,19.383440017700195,-99.1758804321289,197.0,20.0,72.0,,,,1785220740,2026-07-28 00:39:00-06:00,,,1,L01a07-1 indios verdes - el caminero,,3,D40D0D,FFFFFF,,,,,,
metrobus,metrobus_vehicle_positions_enriched,2026-07-28T06:39:05Z,2026-07-28,20260728T063902Z,c378bc8d-e702-4b4a-82b9-8dd58e13051c,,19500,1.0,06:23:08,20260728,69949,1094,1230147,19.310930252075195,-99.1721420288086,655.0,24.0,86.4,,,,1785220693,2026-07-28 00:38:13-06:00,,,1,L01a07-2 el caminero - indios verdes,,3,D40D0D,FFFFFF,,,,,,
metrobus,metrobus_vehicle_positions_enriched,2026-07-28T06:39:05Z,2026-07-28,20260728T063902Z,e29a8400-24b8-4f40-ab91-2169f2e520c6,,19499,0.0,05:45:30,20260728,69948,1093,1230146,19.322662353515625,-99.18850708007812,173.0,0.0,0.0,,,,1785220739,2026-07-28 00:38:59-06:00,,,1,L01a07-1 indios verdes - el caminero,,3,D40D0D,FFFFFF,,,,,,
metrobus,metrobus_vehicle_positions_enriched,2026-07-28T06:39:05Z,2026-07-28,20260728T063902Z,b03b1a65-d4cf-42a8-a0b2-f109e779747d,,,,,,69947,1092,1230145,19.320993423461914,-99.17326354980469,230.0,0.0,0.0,,,,1785219090,2026-07-28 00:11:30-06:00,,,,,,,,,,,,,,
metrobus,metrobus_vehicle_positions_enriched,2026-07-28T06:39:05Z,2026-07-28,20260728T063902Z,88d00dee-5b3b-44cc-bf1a-6858bcc30f9e,,,,,,69995,681,1210391,19.490066528320312,-99.09159851074219,165.0,0.0,0.0,,,,1784854919,2026-07-23 19:01:59-06:00,,,,,,,,,,,,,,
metrobus,metrobus_vehicle_positions_enriched,2026-07-28T06:39:05Z,2026-07-28,20260728T063902Z,e30dcbe4-7e6e-4ec0-a577-061971ee3e47,,,,,,69997,683,1210396,19.490007400512695,-99.0917739868164,209.0,0.0,0.0,,,,1785215005,2026-07-27 23:03:25-06:00,,,,,,,,,,,,,,
metrobus,metrobus_vehicle_positions_enriched,2026-07-28T06:39:05Z,2026-07-28,20260728T063902Z,d56f8362-9cdb-4f34-b217-8d333d882a16,,,,,,69999,685,1210392,19.490055084228516,-99.09171295166016,189.0,0.0,0.0,,,,1785216149,2026-07-27 23:22:29-06:00,,,,,,,,,,,,,,
metrobus,metrobus_vehicle_positions_enriched,2026-07-28T06:39:05Z,2026-07-28,20260728T063902Z,ea79588c-73c3-42ab-a7c8-cd15d124b873,,,,,,71108,9601,,19.487653732299805,-99.0923843383789,238.0,0.0,0.0,,,,1785218844,2026-07-28 00:07:24-06:00,,,,,,,,,,,,,,
metrobus,metrobus_vehicle_positions_enriched,2026-07-28T06:39:05Z,2026-07-28,20260728T063902Z,f9375d12-3bba-4272-8cbd-fed21b7e10c8,,,,,,71180,5001,,19.422748565673828,-99.09219360351562,0.0,0.0,0.0,,,,1785217148,2026-07-27 23:39:08-06:00,,,,,,,,,,,,,,
metrobus,metrobus_vehicle_positions_enriched,2026-07-28T06:39:05Z,2026-07-28,20260728T063902Z,91e02eca-097f-41b5-bb33-a3320c4a3dfb,,,,,,71181,5002,,19.421403884887695,-99.07452392578125,281.0,0.0,0.0,,,,1785219621,2026-07-28 00:20:21-06:00,,,,,,,,,,,,,,
metrobus,metrobus_vehicle_positions_enriched,2026-07-28T06:39:05Z,2026-07-28,20260728T063902Z,2b981b79-7597-4b22-92d7-79b3bda5e81c,,,,,,71148,5003,,19.41899871826172,-99.0932388305664,244.0,0.0,0.0,,,,1785220736,2026-07-28 00:38:56-06:00,,,,,,,,,,,,,,
metrobus,metrobus_vehicle_positions_enriched,2026-07-28T06:39:05Z,2026-07-28,20260728T063902Z,f95e88c0-8ac3-4bc1-9b81-1be0162413d5,,,,,,72679,5004,,19.422807693481445,-99.09259033203125,0.0,0.0,0.0,,,,1785219970,2026-07-28 00:26:10-06:00,,,,,,,,,,,,,,
metrobus,metrobus_vehicle_positions_enriched,2026-07-28T06:39:05Z,2026-07-28,20260728T063902Z,ed569cdc-07e7-4102-b083-9eaf4ddcdf24,,,,,,69973,214,1210395,19.385732650756836,-99.04591369628906,120.0,0.0,0.0,,,,1785215751,2026-07-27 23:15:51-06:00,,,,,,,,,,,,,,
metrobus,metrobus_vehicle_positions_enriched,2026-07-28T06:39:05Z,2026-07-28,20260728T063902Z,22bf4aa6-ab89-4137-80c9-f01a65da95af,,,,,,73095,457,,19.510147094726562,-99.15910339355469,290.0,0.0,0.0,,,,1785210068,2026-07-27 21:41:08-06:00,,,,,,,,,,,,,,
metrobus,metrobus_vehicle_positions_enriched,2026-07-28T06:39:05Z,2026-07-28,20260728T063902Z,590efd86-0015-40dc-b802-728e76036133,,,,,,69977,218,001A212,19.489919662475586,-99.09160614013672,139.0,0.0,0.0,,,,1785213671,2026-07-27 22:41:11-06:00,,,,,,,,,,,,,,
metrobus,metrobus_vehicle_positions_enriched,2026-07-28T06:39:05Z,2026-07-28,20260728T063902Z,1bc50679-c47e-4374-9c8f-e4ddb3d51771,,,,,,69978,219,001A213,19.3857479095459,-99.04563903808594,0.0,0.0,0.0,,,,1785195174,2026-07-27 17:32:54-06:00,,,,,,,,,,,,,,
metrobus,metrobus_vehicle_positions_enriched,2026-07-28T06:39:05Z,2026-07-28,20260728T063902Z,dd99a22c-f73e-4b3a-aa0c-498fd0637218,,,,,,71171,5010,,19.422876358032227,-99.09246063232422,210.0,0.0,0.0,,,,1785218166,2026-07-27 23:56:06-06:00,,,,,,,,,,,,,,
metrobus,metrobus_vehicle_positions_enriched,2026-07-28T06:39:05Z,2026-07-28,20260728T063902Z,9b65fc02-5f5a-48db-9e1c-3275024b7b2c,,,,,,71178,5011,,19.422893524169922,-99.0925064086914,0.0,0.0,0.0,,,,1785217950,2026-07-27 23:52:30-06:00,,,,,,,,,,,,,,
metrobus,metrobus_vehicle_positions_enriched,2026-07-28T06:39:05Z,2026-07-28,20260728T063902Z,7aaad99f-e677-46f6-9a3d-73e48a9b7cd3,,,,,,71173,5012,,19.422698974609375,-99.092529296875,0.0,0.0,0.0,,,,1785218600,2026-07-28 00:03:20-06:00,,,,,,,,,,,,,,
metrobus,metrobus_vehicle_positions_enriched,2026-07-28T06:39:05Z,2026-07-28,20260728T063902Z,ab3bb388-a661-4879-8b1c-0f8a5acdc71d,,,,,,71156,5013,,19.42219352722168,-99.09233856201172,287.0,0.0,0.0,,,,1785220735,2026-07-28 00:38:55-06:00,,,,,,,,,,,,,,
metrobus,metrobus_vehicle_positions_enriched,2026-07-28T06:39:05Z,2026-07-28,20260728T063902Z,a0b3f248-99f7-4440-b25a-4ddfcbf4b8d2,,,,,,71182,5014,,19.422868728637695,-99.09256744384766,0.0,0.0,0.0,,,,1785219772,2026-07-28 00:22:52-06:00,,,,,,,,,,,,,,
metrobus,metrobus_vehicle_positions_enriched,2026-07-28T06:39:05Z,2026-07-28,20260728T063902Z,412f9bc6-257d-45dd-9676-0332ebd38e71,,,,,,72629,5015,,19.422941207885742,-99.09237670898438,0.0,0.0,0.0,,,,1785218446,2026-07-28 00:00:46-06:00,,,,,,,,,,,,,,
metrobus,metrobus_vehicle_positions_enriched,2026-07-28T06:39:05Z,2026-07-28,20260728T063902Z,fd2fcd3a-59d2-4b53-b946-1fe0e1a3fb88,,,,,,69814,461,1260117,19.510879516601562,-99.15745544433594,0.0,0.0,0.0,,,,1785211115,2026-07-27 21:58:35-06:00,,,,,,,,,,,,,,
metrobus,metrobus_vehicle_positions_enriched,2026-07-28T06:39:05Z,2026-07-28,20260728T063902Z,0e887486-89a7-4cb2-bcb6-63b0b8c927ef,,,,,,69815,462,1260118,19.50765037536621,-99.17156982421875,110.0,0.0,0.0,,,,1785219702,2026-07-28 00:21:42-06:00,,,,,,,,,,,,,,
metrobus,metrobus_vehicle_positions_enriched,2026-07-28T06:39:05Z,2026-07-28,20260728T063902Z,d1b6de13-c76c-4be3-91e8-8ecaf944354c,,,,,,69979,220,001A214,19.490026473999023,-99.09162139892578,167.0,0.0,0.0,,,,1785213138,2026-07-27 22:32:18-06:00,,,,,,,,,,,,,,
metrobus,metrobus_vehicle_positions_enriched,2026-07-28T06:39:05Z,2026-07-28,20260728T063902Z,83a6e7cf-232b-4396-a35f-1c697c91b211,,,,,,69816,463,1260119,19.4796199798584,-99.14830017089844,160.0,6.0,21.6,,,,1785220737,2026-07-28 00:38:57-06:00,,,,,,,,,,,,,,
metrobus,metrobus_vehicle_positions_enriched,2026-07-28T06:39:05Z,2026-07-28,20260728T063902Z,e13e0014-416d-46b2-8e5e-980db1b4603f,,,,,,69980,221,001A142,19.385473251342773,-99.0455551147461,0.0,0.0,0.0,,,,1785211980,2026-07-27 22:13:00-06:00,,,,,,,,,,,,,,
metrobus,metrobus_vehicle_positions_enriched,2026-07-28T06:39:05Z,2026-07-28,20260728T063902Z,4f26aec8-9a4b-436d-956a-bb297e355099,,19455,0.0,06:06:42,20260728,69817,464,1260120,19.50995445251465,-99.15953063964844,246.0,5.0,18.0,,,,1785220731,2026-07-28 00:38:51-06:00,,,3,L03d02-1 tenayuca - buenavista,,3,7A9A01,FFFFFF,,,,,,
metrobus,metrobus_vehicle_positions_enriched,2026-07-28T06:39:05Z,2026-07-28,20260728T063902Z,6b9e3114-326e-458b-94fb-d5d47e686769,,,,,,69981,222,001A143,19.351402282714844,-99.03739166259766,354.0,0.0,0.0,,,,1785188702,2026-07-27 15:45:02-06:00,,,,,,,,,,,,,,
metrobus,metrobus_vehicle_positions_enriched,2026-07-28T06:39:05Z,2026-07-28,20260728T063902Z,4a23d34d-0a18-478b-a313-c2f4f6782235,,,,,,69818,465,1260121,19.5107364654541,-99.1569595336914,0.0,0.0,0.0,,,,1785220735,2026-07-28 00:38:55-06:00,,,,,,,,,,,,,,
metrobus,metrobus_vehicle_positions_enriched,2026-07-28T06:39:05Z,2026-07-28,20260728T063902Z,2875fbc9-6be0-48ff-8018-825697547cb4,,,,,,69982,223,001A144,19.3856201171875,-99.04570007324219,0.0,0.0,0.0,,,,1782198684,2026-06-23 01:11:24-06:00,,,,,,,,,,,,,,
metrobus,metrobus_vehicle_positions_enriched,2026-07-28T06:39:05Z,2026-07-28,20260728T063902Z,25c5a8cd-dace-4e23-a3ba-db6ee70a389e,,,,,,69819,466,1260122,19.510717391967773,-99.15760040283203,0.0,0.0,0.0,,,,1784946654,2026-07-24 20:30:54-06:00,,,,,,,,,,,,,,
metrobus,metrobus_vehicle_positions_enriched,2026-07-28T06:39:05Z,2026-07-28,20260728T063902Z,e334831b-d262-4ac7-9e78-066ad76d9b6a,,,,,,69983,224,001A145,19.490076065063477,-99.09183502197266,0.0,0.0,0.0,,,,1785214139,2026-07-27 22:48:59-06:00,,,,,,,,,,,,,,
metrobus,metrobus_vehicle_positions_enriched,2026-07-28T06:39:05Z,2026-07-28,20260728T063902Z,a785e3c9-9781-43d7-8a34-161413ff2f37,,,,,,69820,467,1260123,19.50799560546875,-99.17301177978516,288.0,23.0,82.8,,,,1785220734,2026-07-28 00:38:54-06:00,,,,,,,,,,,,,,
metrobus,metrobus_vehicle_positions_enriched,2026-07-28T06:39:05Z,2026-07-28,20260728T063902Z,530d5c18-d8bb-43da-a3f2-564a534981df,,19564,0.0,04:51:18,20260728,69984,225,001A146,19.385541915893555,-99.04551696777344,0.0,0.0,0.0,,,,1785219201,2026-07-28 00:13:21-06:00,,,2,L02c02-1 tepalcates - etiopía l3,,3,8D1A96,FFFFFF,,,,,,
metrobus,metrobus_vehicle_positions_enriched,2026-07-28T06:39:05Z,2026-07-28,20260728T063902Z,3f019a88-3c74-494e-a4a1-afa1ae45419d,,,,,,69821,468,1260124,19.507741928100586,-99.1717529296875,116.0,0.0,0.0,,,,1785220195,2026-07-28 00:29:55-06:00,,,,,,,,,,,,,,
metrobus,metrobus_vehicle_positions_enriched,2026-07-28T06:39:05Z,2026-07-28,20260728T063902Z,830def8a-f917-4642-86bf-b8b1619a7c3f,,19563,0.0,05:51:04,20260728,69985,226,001A147,19.38542938232422,-99.04558563232422,119.0,0.0,0.0,,,,1785219762,2026-07-28 00:22:42-06:00,,,2,L02c01-1 tepalcates - tacubaya,,3,8D1A96,FFFFFF,,,,,,
metrobus,metrobus_vehicle_positions_enriched,2026-07-28T06:39:05Z,2026-07-28,20260728T063902Z,2fb2bece-a857-4c83-8b9a-1582386ac4a5,,,,,,69986,227,001A148,19.489973068237305,-99.09181213378906,0.0,0.0,0.0,,,,1785213791,2026-07-27 22:43:11-06:00,,,,,,,,,,,,,,
metrobus,metrobus_vehicle_positions_enriched,2026-07-28T06:39:05Z,2026-07-28,20260728T063902Z,5c55de01-fdde-4e91-9397-4a95afb25209,,,,,,69822,469,1260125,19.511350631713867,-99.16026306152344,338.0,0.0,0.0,,,,1785214459,2026-07-27 22:54:19-06:00,,,,,,,,,,,,,,
metrobus,metrobus_vehicle_positions_enriched,2026-07-28T06:39:05Z,2026-07-28,20260728T063902Z,e01afb61-882e-4885-a97c-2b1a07248f05,,,,,,71154,5005,,19.423046112060547,-99.09159851074219,0.0,0.0,0.0,,,,1785220735,2026-07-28 00:38:55-06:00,,,,,,,,,,,,,,
metrobus,metrobus_vehicle_positions_enriched,2026-07-28T06:39:05Z,2026-07-28,20260728T063902Z,b1bc894e-08c1-4bcb-a7e1-004dc0883c51,,19564,0.0,05:38:53,20260728,69987,228,001A149,19.385440826416016,-99.0455551147461,121.0,0.0,0.0,,,,1785218263,2026-07-27 23:57:43-06:00,,,2,L02c02-1 tepalcates - etiopía l3,,3,8D1A96,FFFFFF,,,,,,
metrobus,metrobus_vehicle_positions_enriched,2026-07-28T06:39:05Z,2026-07-28,20260728T063902Z,514f78af-0bf4-4c2c-8a89-c382a54138fd,,,,,,69988,229,001A150,19.385284423828125,-99.04558563232422,218.0,26.0,93.60000000000001,,,,1785220732,2026-07-28 00:38:52-06:00,,,,,,,,,,,,,,
metrobus,metrobus_vehicle_positions_enriched,2026-07-28T06:39:05Z,2026-07-28,20260728T063902Z,bc7c8d92-9e20-4f7c-887a-2183914c70b6,,,,,,71223,5006,,19.422618865966797,-99.09268188476562,212.0,0.0,0.0,,,,1785220733,2026-07-28 00:38:53-06:00,,,,,,,,,,,,,,
metrobus,metrobus_vehicle_positions_enriched,2026-07-28T06:39:05Z,2026-07-28,20260728T063902Z,ff4c3091-4c0c-47da-83b0-059829a69262,,,,,,71172,5007,,19.41803741455078,-99.09217071533203,304.0,0.0,0.0,,,,1785220732,2026-07-28 00:38:52-06:00,,,,,,,,,,,,,,
metrobus,metrobus_vehicle_positions_enriched,2026-07-28T06:39:05Z,2026-07-28,20260728T063902Z,e82c6a4d-0f9e-40fb-91d5-2e14ed2fc8da,,,,,,71175,5008,,19.420434951782227,-99.08452606201172,210.0,0.0,0.0,,,,1785218471,2026-07-28 00:01:11-06:00,,,,,,,,,,,,,,
metrobus,metrobus_vehicle_positions_enriched,2026-07-28T06:39:05Z,2026-07-28,20260728T063902Z,1a33625e-65ae-444e-b939-b088aedbdc94,,,,,,71184,5009,,19.417720794677734,-99.0916748046875,302.0,0.0,0.0,,,,1785220741,2026-07-28 00:39:01-06:00,,,,,,,,,,,,,,
metrobus,metrobus_vehicle_positions_enriched,2026-07-28T06:39:05Z,2026-07-28,20260728T063902Z,053acde4-8100-447e-943d-91fc5e784834,,,,,,72778,5020,,19.418684005737305,-99.07679748535156,216.0,0.0,0.0,,,,1785218303,2026-07-27 23:58:23-06:00,,,,,,,,,,,,,,
metrobus,metrobus_vehicle_positions_enriched,2026-07-28T06:39:05Z,2026-07-28,20260728T063902Z,7455440c-f804-43cf-98b0-b9980b517634,,,,,,71153,5021,,19.41798973083496,-99.0921401977539,302.0,0.0,0.0,,,,1785220730,2026-07-28 00:38:50-06:00,,,,,,,,,,,,,,
metrobus,metrobus_vehicle_positions_enriched,2026-07-28T06:39:05Z,2026-07-28,20260728T063902Z,c8b59551-6310-4620-9358-db031bd7dd1a,,,,,,71152,5022,,19.423051834106445,-99.09172821044922,246.0,0.0,0.0,,,,1785220619,2026-07-28 00:36:59-06:00,,,,,,,,,,,,,,
metrobus,metrobus_vehicle_positions_enriched,2026-07-28T06:39:05Z,2026-07-28,20260728T063902Z,12e6019d-76e7-40ef-93b0-fe8b87b93c9a,,,,,,71176,5023,,19.4228572845459,-99.09188842773438,228.0,0.0,0.0,,,,1785220744,2026-07-28 00:39:04-06:00,,,,,,,,,,,,,,
metrobus,metrobus_vehicle_positions_enriched,2026-07-28T06:39:05Z,2026-07-28,20260728T063902Z,d8debfbe-151c-4d81-b70c-333119c0fe18,,,,,,71155,5024,,19.423015594482422,-99.09220886230469,545.0,0.0,0.0,,,,1785220734,2026-07-28 00:38:54-06:00,,,,,,,,,,,,,,
metrobus,metrobus_vehicle_positions_enriched,2026-07-28T06:39:05Z,2026-07-28,20260728T063902Z,7f07da4d-6625-4bd2-a059-cade0ed1f2ce,,,,,,71190,5025,,19.420032501220703,-99.09256744384766,331.0,0.0,0.0,,,,1785220728,2026-07-28 00:38:48-06:00,,,,,,,,,,,,,,
metrobus,metrobus_vehicle_positions_enriched,2026-07-28T06:39:05Z,2026-07-28,20260728T063902Z,668b0ac2-788d-40ee-b340-e120687381f6,,,,,,71191,5026,,19.41287612915039,-99.07730865478516,300.0,0.0,0.0,,,,1785220733,2026-07-28 00:38:53-06:00,,,,,,,,,,,,,,
metrobus,metrobus_vehicle_positions_enriched,2026-07-28T06:39:05Z,2026-07-28,20260728T063902Z,a560b963-d8a8-41ac-91f7-2b20e174137a,,19457,0.0,05:13:19,20260728,69823,470,1260126,19.51070213317871,-99.15719604492188,717.0,0.0,0.0,,,,1785219155,2026-07-28 00:12:35-06:00,,,3,L03d04-1 tenayuca - balderas,,3,7A9A01,FFFFFF,,,,,,
metrobus,metrobus_vehicle_positions_enriched,2026-07-28T06:39:05Z,2026-07-28,20260728T063902Z,ac5f0dd2-f42c-4556-a12e-5e5d193b1d88,,19456,1.0,06:12:16,20260728,69824,471,1260127,19.510704040527344,-99.15998840332031,340.0,42.0,151.20000000000002,,,,1785220733,2026-07-28 00:38:53-06:00,,,3,L03d02-2 buenavista - tenayuca,,3,7A9A01,FFFFFF,,,,,,
metrobus,metrobus_vehicle_positions_enriched,2026-07-28T06:39:05Z,2026-07-28,20260728T063902Z,5971b732-5e0e-4576-800e-d4e0730ff3c4,,19559,0.0,05:56:02,20260728,69989,230,001A151,19.49004554748535,-99.09172058105469,196.0,0.0,0.0,,,,1785219789,2026-07-28 00:23:09-06:00,,,5,L05f05-1 río de los remedios - preparatoria 1,,3,141982,FFFFFF,,,,,,
metrobus,metrobus_vehicle_positions_enriched,2026-07-28T06:39:05Z,2026-07-28,20260728T063902Z,50edc912-07bf-4113-8b3d-a760bacceb78,,,,,,69825,472,1260128,19.511077880859375,-99.16016387939453,340.0,0.0,0.0,,,,1785220745,2026-07-28 00:39:05-06:00,,,,,,,,,,,,,,
metrobus,metrobus_vehicle_positions_enriched,2026-07-28T06:39:05Z,2026-07-28,20260728T063902Z,0148d84a-40b9-4227-b450-8278e0cf988a,,19563,0.0,05:52:12,20260728,69990,231,001A152,19.40129280090332,-99.16805267333984,347.0,29.0,104.4,,,,1785220734,2026-07-28 00:38:54-06:00,,,2,L02c01-1 tepalcates - tacubaya,,3,8D1A96,FFFFFF,,,,,,
metrobus,metrobus_vehicle_positions_enriched,2026-07-28T06:39:05Z,2026-07-28,20260728T063902Z,c8a2eae1-071e-489b-949e-544b2761902c,,,,,,69991,232,001A153,19.38616371154785,-99.07892608642578,125.0,43.0,154.8,,,,1785220739,2026-07-28 00:38:59-06:00,,,,,,,,,,,,,,
metrobus,metrobus_vehicle_positions_enriched,2026-07-28T06:39:05Z,2026-07-28,20260728T063902Z,81336e81-05c9-44c4-b887-f5b4cdefdb90,,20211,0.0,04:42:58,20260728,69992,233,001A154,19.490079879760742,-99.09165954589844,197.0,0.0,0.0,,,,1785215104,2026-07-27 23:05:04-06:00,,,5,L05f03-1 río de los remedios - las bombas,,3,141982,FFFFFF,,,,,,
metrobus,metrobus_vehicle_positions_enriched,2026-07-28T06:39:05Z,2026-07-28,20260728T063902Z,fcf537dd-0007-4704-8ba9-b6a4750b3bc4,,19567,1.0,06:01:00,20260728,69994,235,001A156,19.38589859008789,-99.07848358154297,125.0,42.0,151.20000000000002,,,,1785220734,2026-07-28 00:38:54-06:00,,,2,L02c03-2 col. del valle - tepalcates,,3,8D1A96,FFFFFF,,,,,,
metrobus,metrobus_vehicle_positions_enriched,2026-07-28T06:39:05Z,2026-07-28,20260728T063902Z,828ddf96-7c10-459d-b388-0c17be63d032,,,,,,71179,5016,,19.423019409179688,-99.09245300292969,219.0,0.0,0.0,,,,1785218471,2026-07-28 00:01:11-06:00,,,,,,,,,,,,,,
metrobus,metrobus_vehicle_positions_enriched,2026-07-28T06:39:05Z,2026-07-28,20260728T063902Z,d05ea49c-c052-4e6b-a596-b14f3be7c1df,,,,,,72777,5017,,19.42253875732422,-99.09265899658203,209.0,0.0,0.0,,,,1785217852,2026-07-27 23:50:52-06:00,,,,,,,,,,,,,,
metrobus,metrobus_vehicle_positions_enriched,2026-07-28T06:39:05Z,2026-07-28,20260728T063902Z,90c4167d-7ed8-48b8-bad5-d4e73c1ff265,,,,,,71186,5018,,19.42281150817871,-99.09209442138672,298.0,0.0,0.0,,,,1785217694,2026-07-27 23:48:14-06:00,,,,,,,,,,,,,,
metrobus,metrobus_vehicle_positions_enriched,2026-07-28T06:39:05Z,2026-07-28,20260728T063902Z,d7791b52-88c3-48ba-9e65-79ca5bce4270,,,,,,71188,5019,,19.42170524597168,-99.09060668945312,286.0,0.0,0.0,,,,1785219282,2026-07-28 00:14:42-06:00,,,,,,,,,,,,,,
metrobus,metrobus_vehicle_positions_enriched,2026-07-28T06:39:05Z,2026-07-28,20260728T063902Z,4b07089c-1564-4ec2-bb1a-f904b75c1b94,,,,,,71195,5030,,19.423126220703125,-99.09235382080078,0.0,0.0,0.0,,,,1785220623,2026-07-28 00:37:03-06:00,,,,,,,,,,,,,,
metrobus,metrobus_vehicle_positions_enriched,2026-07-28T06:39:05Z,2026-07-28,20260728T063902Z,844b3a64-2baa-472a-9101-cb98bb714faa,,,,,,71196,5031,,19.423099517822266,-99.0921401977539,209.0,0.0,0.0,,,,1785217748,2026-07-27 23:49:08-06:00,,,,,,,,,,,,,,
metrobus,metrobus_vehicle_positions_enriched,2026-07-28T06:39:05Z,2026-07-28,20260728T063902Z,4a1fc1b6-9737-43db-a4cc-dcf8579acb1c,,,,,,71198,5032,,19.438535690307617,-99.08013916015625,302.0,0.0,0.0,,,,1785220741,2026-07-28 00:39:01-06:00,,,,,,,,,,,,,,
metrobus,metrobus_vehicle_positions_enriched,2026-07-28T06:39:05Z,2026-07-28,20260728T063902Z,35c29948-093b-435a-83ac-aee2425e7ac3,,,,,,71202,5033,,19.422819137573242,-99.09174346923828,0.0,0.0,0.0,,,,1785213890,2026-07-27 22:44:50-06:00,,,,,,,,,,,,,,
metrobus,metrobus_vehicle_positions_enriched,2026-07-28T06:39:05Z,2026-07-28,20260728T063902Z,6ed1abd4-dbea-4231-a7c9-fed1ea43c041,,,,,,71203,5034,,19.4077205657959,-99.0342788696289,0.0,0.0,0.0,,,,1785218724,2026-07-28 00:05:24-06:00,,,,,,,,,,,,,,
metrobus,metrobus_vehicle_positions_enriched,2026-07-28T06:39:05Z,2026-07-28,20260728T063902Z,77209543-361c-46fd-bb71-fd238f64ae00,,,,,,74948,5035,,19.420169830322266,-99.09246826171875,327.0,0.0,0.0,,,,1785220738,2026-07-28 00:38:58-06:00,,,,,,,,,,,,,,
metrobus,metrobus_vehicle_positions_enriched,2026-07-28T06:39:05Z,2026-07-28,20260728T063902Z,983f89d1-e17b-4dd2-8637-dcffcbcfd41c,,,,,,71205,5036,,19.42250633239746,-99.09256744384766,208.0,0.0,0.0,,,,1785212969,2026-07-27 22:29:29-06:00,,,,,,,,,,,,,,
metrobus,metrobus_vehicle_positions_enriched,2026-07-28T06:39:05Z,2026-07-28,20260728T063902Z,09acd9a5-77a1-422e-b965-89ccd9a37682,,,,,,71207,5037,,19.42270851135254,-99.09219360351562,294.0,0.0,0.0,,,,1785220097,2026-07-28 00:28:17-06:00,,,,,,,,,,,,,,
metrobus,metrobus_vehicle_positions_enriched,2026-07-28T06:39:05Z,2026-07-28,20260728T063902Z,90f9d1bb-cb59-44d1-a687-0fbdb017eea6,,,,,,71192,5027,,19.42331314086914,-99.09390258789062,0.0,0.0,0.0,,,,1785220734,2026-07-28 00:38:54-06:00,,,,,,,,,,,,,,
metrobus,metrobus_vehicle_positions_enriched,2026-07-28T06:39:05Z,2026-07-28,20260728T063902Z,04b9a287-8023-4481-bbed-2606f21bf5c6,,,,,,71193,5028,,19.423046112060547,-99.09379577636719,308.0,0.0,0.0,,,,1785218335,2026-07-27 23:58:55-06:00,,,,,,,,,,,,,,
metrobus,metrobus_vehicle_positions_enriched,2026-07-28T06:39:05Z,2026-07-28,20260728T063902Z,8064262c-d233-469f-ba35-d17ffdfea3cb,,,,,,71194,5029,,19.422828674316406,-99.09207916259766,0.0,0.0,0.0,,,,1785220739,2026-07-28 00:38:59-06:00,,,,,,,,,,,,,,
metrobus,metrobus_vehicle_positions_enriched,2026-07-28T06:39:05Z,2026-07-28,20260728T063902Z,cfb1f967-b41a-40f7-bb4f-c56cc01139aa,,,,,,71216,5042,,19.42258071899414,-99.09270477294922,215.0,0.0,0.0,,,,1785214218,2026-07-27 22:50:18-06:00,,,,,,,,,,,,,,
metrobus,metrobus_vehicle_positions_enriched,2026-07-28T06:39:05Z,2026-07-28,20260728T063902Z,beca85f1-34f4-455d-ad9a-7632916e7a47,,,,,,71218,5043,,19.42286491394043,-99.09246063232422,209.0,0.0,0.0,,,,1785216580,2026-07-27 23:29:40-06:00,,,,,,,,,,,,,,
metrobus,metrobus_vehicle_positions_enriched,2026-07-28T06:39:05Z,2026-07-28,20260728T063902Z,3d34d8e4-9e8b-4508-9623-54ab23bd06c7,,,,,,71219,5044,,19.418350219726562,-99.0927505493164,300.0,0.0,0.0,,,,1785220733,2026-07-28 00:38:53-06:00,,,,,,,,,,,,,,
metrobus,metrobus_vehicle_positions_enriched,2026-07-28T06:39:05Z,2026-07-28,20260728T063902Z,b42c5bd0-a883-4a10-8edc-a32a9b32617a,,,,,,71217,5045,,19.398956298828125,-99.01764678955078,303.0,0.0,0.0,,,,1785220739,2026-07-28 00:38:59-06:00,,,,,,,,,,,,,,
metrobus,metrobus_vehicle_positions_enriched,2026-07-28T06:39:05Z,2026-07-28,20260728T063902Z,9ba65a03-6834-420e-854c-1e8ec0c35614,,19459,0.0,05:43:49,20260728,69828,9403,003A010,19.385765075683594,-99.15731048583984,193.0,0.0,0.0,,,,1785220736,2026-07-28 00:38:56-06:00,,,3,L03d05-1 tenayuca - pueblo sta. cruz atoyac,,3,7A9A01,FFFFFF,,,,,,
metrobus,metrobus_vehicle_positions_enriched,2026-07-28T06:39:05Z,2026-07-28,20260728T063902Z,08658318-1a0a-467a-8a8b-4af601b4745e,,,,,,71215,5046,,19.423105239868164,-99.0916748046875,0.0,0.0,0.0,,,,1785220738,2026-07-28 00:38:58-06:00,,,,,,,,,,,,,,
metrobus,metrobus_vehicle_positions_enriched,2026-07-28T06:39:05Z,2026-07-28,20260728T063902Z,079dac40-ed4b-44ea-8f26-19bcb1819e4a,,19459,0.0,05:33:41,20260728,69829,9404,003A011,19.510324478149414,-99.15843963623047,220.0,0.0,0.0,,,,1785218281,2026-07-27 23:58:01-06:00,,,3,L03d05-1 tenayuca - pueblo sta. cruz atoyac,,3,7A9A01,FFFFFF,,,,,,
metrobus,metrobus_vehicle_positions_enriched,2026-07-28T06:39:05Z,2026-07-28,20260728T063902Z,d3dbdad3-e7e0-462c-befb-0ae16a54e47b,,,,,,71213,5047,,19.4228458404541,-99.09208679199219,0.0,0.0,0.0,,,,1785216395,2026-07-27 23:26:35-06:00,,,,,,,,,,,,,,
metrobus,metrobus_vehicle_positions_enriched,2026-07-28T06:39:05Z,2026-07-28,20260728T063902Z,3c3ea09c-c499-44e1-9c5c-945ed12c9d29,,19457,0.0,03:48:50,20260728,69826,9401,TienepermisodeSEMOVI,19.510671615600586,-99.15790557861328,0.0,0.0,0.0,,,,1785214133,2026-07-27 22:48:53-06:00,,,3,L03d04-1 tenayuca - balderas,,3,7A9A01,FFFFFF,,,,,,
metrobus,metrobus_vehicle_positions_enriched,2026-07-28T06:39:05Z,2026-07-28,20260728T063902Z,f37e367b-f96d-43fa-9742-34e7ab4c82bc,,,,,,74963,5048,,19.422697067260742,-99.09221649169922,300.0,0.0,0.0,,,,1785220529,2026-07-28 00:35:29-06:00,,,,,,,,,,,,,,
metrobus,metrobus_vehicle_positions_enriched,2026-07-28T06:39:05Z,2026-07-28,20260728T063902Z,894c5529-a454-4fda-a88a-5556738cbd9f,,19457,0.0,05:08:11,20260728,69827,9402,003A009,19.510496139526367,-99.15808868408203,210.0,0.0,0.0,,,,1785217039,2026-07-27 23:37:19-06:00,,,3,L03d04-1 tenayuca - balderas,,3,7A9A01,FFFFFF,,,,,,
metrobus,metrobus_vehicle_positions_enriched,2026-07-28T06:39:05Z,2026-07-28,20260728T063902Z,bd524793-803e-4e5c-bcaf-f93f585d9cca,,,,,,71212,5040,,19.422576904296875,-99.09222412109375,276.0,0.0,0.0,,,,1785215870,2026-07-27 23:17:50-06:00,,,,,,,,,,,,,,
metrobus,metrobus_vehicle_positions_enriched,2026-07-28T06:39:05Z,2026-07-28,20260728T063902Z,9588368f-4a27-4327-b4cb-4ca0009b6b82,,,,,,71209,5038,,19.422691345214844,-99.0921401977539,0.0,0.0,0.0,,,,1785220733,2026-07-28 00:38:53-06:00,,,,,,,,,,,,,,
metrobus,metrobus_vehicle_positions_enriched,2026-07-28T06:39:05Z,2026-07-28,20260728T063902Z,f056c20a-b7cd-4683-aad5-1b6522710398,,,,,,71211,5039,,19.42255973815918,-99.09217834472656,277.0,0.0,0.0,,,,1785219184,2026-07-28 00:13:04-06:00,,,,,,,,,,,,,,
metrobus,metrobus_vehicle_positions_enriched,2026-07-28T06:39:05Z,2026-07-28,20260728T063902Z,73c3e39c-285b-4a15-afdb-03d73ab85d73,,,,,,69835,9410,003A017,19.51023292541504,-99.15898132324219,283.0,0.0,0.0,,,,1785219617,2026-07-28 00:20:17-06:00,,,,,,,,,,,,,,
metrobus,metrobus_vehicle_positions_enriched,2026-07-28T06:39:05Z,2026-07-28,20260728T063902Z,542cd00e-5e5f-4355-a2d8-89146881dd78,,,,,,71200,5052,,19.43537712097168,-99.04122924804688,213.0,0.0,0.0,,,,1785214426,2026-07-27 22:53:46-06:00,,,,,,,,,,,,,,
metrobus,metrobus_vehicle_positions_enriched,2026-07-28T06:39:05Z,2026-07-28,20260728T063902Z,36c6fb0c-187a-4bdf-9f1c-d254ac5e536a,,,,,,71199,5053,,19.418928146362305,-99.09346008300781,291.0,0.0,0.0,,,,1785220740,2026-07-28 00:39:00-06:00,,,,,,,,,,,,,,
metrobus,metrobus_vehicle_positions_enriched,2026-07-28T06:39:05Z,2026-07-28,20260728T063902Z,e5e17260-cd57-4445-a670-42333a39af68,,19459,0.0,05:33:35,20260728,69836,9411,,19.510385513305664,-99.15849304199219,230.0,0.0,0.0,,,,1785218066,2026-07-27 23:54:26-06:00,,,3,L03d05-1 tenayuca - pueblo sta. cruz atoyac,,3,7A9A01,FFFFFF,,,,,,
metrobus,metrobus_vehicle_positions_enriched,2026-07-28T06:39:05Z,2026-07-28,20260728T063902Z,af933746-68ea-4a82-89bf-bbdff674bd1d,,,,,,71197,5054,,19.42453384399414,-99.05668640136719,302.0,0.0,0.0,,,,1785220727,2026-07-28 00:38:47-06:00,,,,,,,,,,,,,,
metrobus,metrobus_vehicle_positions_enriched,2026-07-28T06:39:05Z,2026-07-28,20260728T063902Z,70f66f35-a8d1-4776-bf93-87dd97954d40,,19458,1.0,06:36:51,20260728,69839,9414,,19.43358039855957,-99.14761352539062,990.0,0.0,0.0,,,,1785220729,2026-07-28 00:38:49-06:00,,,3,L03d04-2 balderas - tenayuca,,3,7A9A01,FFFFFF,,,,,,
metrobus,metrobus_vehicle_positions_enriched,2026-07-28T06:39:05Z,2026-07-28,20260728T063902Z,734e1840-f982-4275-9b77-22fc5a15e30e,,,,,,72781,5056,,19.420454025268555,-99.05718231201172,298.0,0.0,0.0,,,,1785220734,2026-07-28 00:38:54-06:00,,,,,,,,,,,,,,
metrobus,metrobus_vehicle_positions_enriched,2026-07-28T06:39:05Z,2026-07-28,20260728T063902Z,6a9af0df-1528-4f0b-b787-5b0b22769ff4,,,,,,74652,5057,,19.422380447387695,-99.09203338623047,118.0,0.0,0.0,,,,1785220732,2026-07-28 00:38:52-06:00,,,,,,,,,,,,,,
metrobus,metrobus_vehicle_positions_enriched,2026-07-28T06:39:05Z,2026-07-28,20260728T063902Z,ccef048a-e4e3-458f-bb46-13d5b2e05409,,19457,0.0,05:27:14,20260728,69840,9415,,19.510326385498047,-99.15863800048828,214.0,0.0,0.0,,,,1785217896,2026-07-27 23:51:36-06:00,,,3,L03d04-1 tenayuca - balderas,,3,7A9A01,FFFFFF,,,,,,
metrobus,metrobus_vehicle_positions_enriched,2026-07-28T06:39:05Z,2026-07-28,20260728T063902Z,c97015ad-2af9-4510-8418-0a9ef39b54d1,,19457,0.0,05:59:26,20260728,69837,9412,,19.51023292541504,-99.15873718261719,280.0,0.0,0.0,,,,1785220114,2026-07-28 00:28:34-06:00,,,3,L03d04-1 tenayuca - balderas,,3,7A9A01,FFFFFF,,,,,,
metrobus,metrobus_vehicle_positions_enriched,2026-07-28T06:39:05Z,2026-07-28,20260728T063902Z,92c276cb-8551-45aa-a641-470271a03463,,,,,,73391,5058,,19.422470092773438,-99.09201049804688,353.0,0.0,0.0,,,,1785213478,2026-07-27 22:37:58-06:00,,,,,,,,,,,,,,
metrobus,metrobus_vehicle_positions_enriched,2026-07-28T06:39:05Z,2026-07-28,20260728T063902Z,09c9492e-825e-4196-9c8a-dd1a5d506e3b,,19457,0.0,05:33:42,20260728,69838,9413,,19.510448455810547,-99.15814971923828,208.0,0.0,0.0,,,,1785218269,2026-07-27 23:57:49-06:00,,,3,L03d04-1 tenayuca - balderas,,3,7A9A01,FFFFFF,,,,,,
metrobus,metrobus_vehicle_positions_enriched,2026-07-28T06:39:05Z,2026-07-28,20260728T063902Z,dc32f81c-85f4-4848-9170-a0503880d6ec,,,,,,74648,5059,,19.44483184814453,-99.15218353271484,410.0,0.0,0.0,,,,1785220732,2026-07-28 00:38:52-06:00,,,,,,,,,,,,,,
metrobus,metrobus_vehicle_positions_enriched,2026-07-28T06:39:05Z,2026-07-28,20260728T063902Z,645d8c25-641e-4ca2-8f60-4c8c04b1faa6,,,,,,71206,5050,,19.423063278198242,-99.09375762939453,303.0,0.0,0.0,,,,1785216011,2026-07-27 23:20:11-06:00,,,,,,,,,,,,,,
metrobus,metrobus_vehicle_positions_enriched,2026-07-28T06:39:05Z,2026-07-28,20260728T063902Z,95c7a212-8652-4ff8-b1aa-ae8bf27dc6e0,,,,,,71201,5051,,19.41765785217285,-99.05455780029297,345.0,0.0,0.0,,,,1785220740,2026-07-28 00:39:00-06:00,,,,,,,,,,,,,,
metrobus,metrobus_vehicle_positions_enriched,2026-07-28T06:39:05Z,2026-07-28,20260728T063902Z,9912bcd7-1b9a-4957-aeed-46ba546bdca3,,,,,,71208,5049,,19.417463302612305,-99.05369567871094,302.0,0.0,0.0,,,,1785220501,2026-07-28 00:35:01-06:00,,,,,,,,,,,,,,
metrobus,metrobus_vehicle_positions_enriched,2026-07-28T06:39:05Z,2026-07-28,20260728T063902Z,0568506b-32cc-4b0e-a1e0-90d04254f6e6,,19459,0.0,06:10:38,20260728,69832,9407,003A014,19.51032829284668,-99.158447265625,270.0,0.0,0.0,,,,1785220515,2026-07-28 00:35:15-06:00,,,3,L03d05-1 tenayuca - pueblo sta. cruz atoyac,,3,7A9A01,FFFFFF,,,,,,
metrobus,metrobus_vehicle_positions_enriched,2026-07-28T06:39:05Z,2026-07-28,20260728T063902Z,748e5fd1-7e18-4f8b-b626-295dd2fcb834,,19459,0.0,05:57:07,20260728,74084,9405,,19.5102481842041,-99.15884399414062,233.0,0.0,0.0,,,,1785219914,2026-07-28 00:25:14-06:00,,,3,L03d05-1 tenayuca - pueblo sta. cruz atoyac,,3,7A9A01,FFFFFF,,,,,,
metrobus,metrobus_vehicle_positions_enriched,2026-07-28T06:39:05Z,2026-07-28,20260728T063902Z,f271f623-d826-4371-8c1a-6f015790a56d,,19460,1.0,05:48:00,20260728,69831,9406,003A013,19.48712921142578,-99.15103149414062,340.0,44.0,158.4,,,,1785220737,2026-07-28 00:38:57-06:00,,,3,L03d05-2 pueblo sta. cruz atoyac  - tenayuca,,3,7A9A01,FFFFFF,,,,,,
metrobus,metrobus_vehicle_positions_enriched,2026-07-28T06:39:05Z,2026-07-28,20260728T063902Z,dd03a6f0-97e0-4f51-80c8-df497b19ce41,,19457,0.0,04:17:12,20260728,69834,9409,003A016,19.51053810119629,-99.15800476074219,241.0,0.0,0.0,,,,1785213453,2026-07-27 22:37:33-06:00,,,3,L03d04-1 tenayuca - balderas,,3,7A9A01,FFFFFF,,,,,,
metrobus,metrobus_vehicle_positions_enriched,2026-07-28T06:39:05Z,2026-07-28,20260728T063902Z,3d381303-2e93-4d44-99aa-49331a6a0820,,19457,0.0,04:51:10,20260728,67988,9421,,19.510244369506836,-99.158935546875,221.0,0.0,0.0,,,,1785215716,2026-07-27 23:15:16-06:00,,,3,L03d04-1 tenayuca - balderas,,3,7A9A01,FFFFFF,,,,,,
metrobus,metrobus_vehicle_positions_enriched,2026-07-28T06:39:05Z,2026-07-28,20260728T063902Z,2ba36998-9b2d-41ed-8e2d-7ae8b54a36e3,,,,,,74650,5063,,19.42243766784668,-99.0921859741211,124.0,0.0,0.0,,,,1785212613,2026-07-27 22:23:33-06:00,,,,,,,,,,,,,,
metrobus,metrobus_vehicle_positions_enriched,2026-07-28T06:39:05Z,2026-07-28,20260728T063902Z,4f7dc7ed-d637-4f21-98bf-911a720f642c,,,,,,74659,5064,,19.437789916992188,-99.15377044677734,248.0,26.0,93.60000000000001,,,,1785220729,2026-07-28 00:38:49-06:00,,,,,,,,,,,,,,
metrobus,metrobus_vehicle_positions_enriched,2026-07-28T06:39:05Z,2026-07-28,20260728T063902Z,0d17142e-7c2d-4b65-8732-f84719f89074,,19457,0.0,05:52:48,20260728,67987,9422,,19.51039695739746,-99.1583480834961,271.0,3.0,10.8,,,,1785220728,2026-07-28 00:38:48-06:00,,,3,L03d04-1 tenayuca - balderas,,3,7A9A01,FFFFFF,,,,,,
metrobus,metrobus_vehicle_positions_enriched,2026-07-28T06:39:05Z,2026-07-28,20260728T063902Z,beb59569-7415-44f2-a389-637eae3b24ae,,,,,,74644,5065,,19.419883728027344,-99.09266662597656,276.0,0.0,0.0,,,,1785220737,2026-07-28 00:38:57-06:00,,,,,,,,,,,,,,
metrobus,metrobus_vehicle_positions_enriched,2026-07-28T06:39:05Z,2026-07-28,20260728T063902Z,3cb132b4-0738-42b7-8edf-7aadff3076e4,,,,,,69845,9420,,19.510608673095703,-99.15737915039062,0.0,0.0,0.0,,,,1785220742,2026-07-28 00:39:02-06:00,,,,,,,,,,,,,,
metrobus,metrobus_vehicle_positions_enriched,2026-07-28T06:39:05Z,2026-07-28,20260728T063902Z,c6dcd7bb-4621-4e96-893c-440e5a812b22,,,,,,74667,5066,,19.422433853149414,-99.09213256835938,146.0,0.0,0.0,,,,1785218491,2026-07-28 00:01:31-06:00,,,,,,,,,,,,,,
metrobus,metrobus_vehicle_positions_enriched,2026-07-28T06:39:05Z,2026-07-28,20260728T063902Z,a8d7fb9b-3ff0-498a-b223-e04e91411e0c,,19459,0.0,05:50:43,20260728,69850,9425,,19.510391235351562,-99.1588363647461,310.0,0.0,0.0,,,,1785219048,2026-07-28 00:10:48-06:00,,,3,L03d05-1 tenayuca - pueblo sta. cruz atoyac,,3,7A9A01,FFFFFF,,,,,,
metrobus,metrobus_vehicle_positions_enriched,2026-07-28T06:39:05Z,2026-07-28,20260728T063902Z,a7cf66de-a78f-4d01-9f97-55af752c677f,,,,,,74647,5067,,19.417417526245117,-99.09114837646484,315.0,0.0,0.0,,,,1785220727,2026-07-28 00:38:47-06:00,,,,,,,,,,,,,,
metrobus,metrobus_vehicle_positions_enriched,2026-07-28T06:39:05Z,2026-07-28,20260728T063902Z,35b223cd-bc6f-4456-abbb-389db765ed6f,,19457,0.0,06:32:37,20260728,69851,9426,,19.5098819732666,-99.15973663330078,145.0,0.0,0.0,,,,1785220733,2026-07-28 00:38:53-06:00,,,3,L03d04-1 tenayuca - balderas,,3,7A9A01,FFFFFF,,,,,,
metrobus,metrobus_vehicle_positions_enriched,2026-07-28T06:39:05Z,2026-07-28,20260728T063902Z,e533fd26-b6d1-43cc-910b-699dd7ceb6ff,,,,,,74669,5068,,19.42249870300293,-99.0925064086914,208.0,0.0,0.0,,,,1785220727,2026-07-28 00:38:47-06:00,,,,,,,,,,,,,,
metrobus,metrobus_vehicle_positions_enriched,2026-07-28T06:39:05Z,2026-07-28,20260728T063902Z,ccdb88d3-29ab-4091-aefd-e7d37bd20b96,,19459,0.0,04:51:49,20260728,69848,9423,,19.510150909423828,-99.1589584350586,220.0,0.0,0.0,,,,1785215921,2026-07-27 23:18:41-06:00,,,3,L03d05-1 tenayuca - pueblo sta. cruz atoyac,,3,7A9A01,FFFFFF,,,,,,
metrobus,metrobus_vehicle_positions_enriched,2026-07-28T06:39:05Z,2026-07-28,20260728T063902Z,5d40d125-5539-428b-910a-5fcee4007943,,19455,0.0,05:37:47,20260728,69849,9424,,19.510507583618164,-99.158203125,639.0,0.0,0.0,,,,1785218815,2026-07-28 00:06:55-06:00,,,3,L03d02-1 tenayuca - buenavista,,3,7A9A01,FFFFFF,,,,,,
metrobus,metrobus_vehicle_positions_enriched,2026-07-28T06:39:05Z,2026-07-28,20260728T063902Z,1e6239f2-621f-4def-9513-794b0c5bbd2b,,,,,,74651,5060,,19.422550201416016,-99.09223937988281,0.0,0.0,0.0,,,,1785218319,2026-07-27 23:58:39-06:00,,,,,,,,,,,,,,
metrobus,metrobus_vehicle_positions_enriched,2026-07-28T06:39:05Z,2026-07-28,20260728T063902Z,056843f5-8f13-40a4-a971-0bd15ed2813a,,,,,,74646,5061,,19.4178524017334,-99.09194946289062,301.0,0.0,0.0,,,,1785220740,2026-07-28 00:39:00-06:00,,,,,,,,,,,,,,
metrobus,metrobus_vehicle_positions_enriched,2026-07-28T06:39:05Z,2026-07-28,20260728T063902Z,00bb3f64-84dd-4132-bfde-e2a7047a5b2d,,,,,,74660,5062,,19.422439575195312,-99.09220886230469,0.0,0.0,0.0,,,,1785219736,2026-07-28 00:22:16-06:00,,,,,,,,,,,,,,
metrobus,metrobus_vehicle_positions_enriched,2026-07-28T06:39:05Z,2026-07-28,20260728T063902Z,4e646a75-68a9-4e2a-8b66-4ad7524cee5f,,,,,,69843,9418,,19.5107479095459,-99.15715026855469,0.0,0.0,0.0,,,,1785220744,2026-07-28 00:39:04-06:00,,,,,,,,,,,,,,
metrobus,metrobus_vehicle_positions_enriched,2026-07-28T06:39:05Z,2026-07-28,20260728T063902Z,6308b70d-9fc8-46c2-8886-11a690d407cb,,19459,0.0,05:25:55,20260728,69844,9419,,19.51030158996582,-99.15868377685547,207.0,0.0,0.0,,,,1785217666,2026-07-27 23:47:46-06:00,,,3,L03d05-1 tenayuca - pueblo sta. cruz atoyac,,3,7A9A01,FFFFFF,,,,,,
metrobus,metrobus_vehicle_positions_enriched,2026-07-28T06:39:05Z,2026-07-28,20260728T063902Z,65ab0810-bb09-43db-988e-f2778e32d8f3,,19457,0.0,06:06:36,20260728,69841,9416,,19.510292053222656,-99.15864562988281,282.0,0.0,0.0,,,,1785220454,2026-07-28 00:34:14-06:00,,,3,L03d04-1 tenayuca - balderas,,3,7A9A01,FFFFFF,,,,,,
metrobus,metrobus_vehicle_positions_enriched,2026-07-28T06:39:05Z,2026-07-28,20260728T063902Z,469f2efb-9ddc-4511-8164-038f9b0840d6,,19429,0.0,06:08:27,20260728,69842,9417,,19.51017189025879,-99.15907287597656,257.0,0.0,0.0,,,,1785220564,2026-07-28 00:36:04-06:00,,,3,L03d03-1 tenayuca - la raza,,3,7A9A01,FFFFFF,,,,,,
metrobus,metrobus_vehicle_positions_enriched,2026-07-28T06:39:05Z,2026-07-28,20260728T063902Z,aee557c9-f706-405a-acdc-eeda83b383e8,,,,,,69857,9432,,19.52928924560547,-99.17018127441406,179.0,43.0,154.8,,,,1785220731,2026-07-28 00:38:51-06:00,,,,,,,,,,,,,,
metrobus,metrobus_vehicle_positions_enriched,2026-07-28T06:39:05Z,2026-07-28,20260728T063902Z,eaf0a6a7-a117-4e26-a573-f113e36fb0b4,,,,,,69858,9433,,19.51018714904785,-99.15921020507812,0.0,0.0,0.0,,,,1785219883,2026-07-28 00:24:43-06:00,,,,,,,,,,,,,,
metrobus,metrobus_vehicle_positions_enriched,2026-07-28T06:39:05Z,2026-07-28,20260728T063902Z,d144b852-d489-4f41-accd-d1f094015617,,19457,0.0,04:55:37,20260728,69855,9430,,19.510221481323242,-99.15887451171875,227.0,0.0,0.0,,,,1785216044,2026-07-27 23:20:44-06:00,,,3,L03d04-1 tenayuca - balderas,,3,7A9A01,FFFFFF,,,,,,
metrobus,metrobus_vehicle_positions_enriched,2026-07-28T06:39:05Z,2026-07-28,20260728T063902Z,ad0ccb7f-2008-4bb6-9d85-d93af5857650,,19460,1.0,05:54:07,20260728,69856,9431,,19.476259231567383,-99.14693450927734,340.0,42.0,151.20000000000002,,,,1785220740,2026-07-28 00:39:00-06:00,,,3,L03d05-2 pueblo sta. cruz atoyac  - tenayuca,,3,7A9A01,FFFFFF,,,,,,
metrobus,metrobus_vehicle_positions_enriched,2026-07-28T06:39:05Z,2026-07-28,20260728T063902Z,0df5e0c8-b96e-47c1-a94b-61f30171199f,,19455,0.0,06:06:57,20260728,69861,9436,,19.510345458984375,-99.15855407714844,277.0,0.0,0.0,,,,1785220459,2026-07-28 00:34:19-06:00,,,3,L03d02-1 tenayuca - buenavista,,3,7A9A01,FFFFFF,,,,,,
metrobus,metrobus_vehicle_positions_enriched,2026-07-28T06:39:05Z,2026-07-28,20260728T063902Z,b3192a21-3076-4d25-8193-2d8959558638,,19460,1.0,06:31:55,20260728,69862,9437,,19.39542007446289,-99.15599060058594,490.0,44.0,158.4,,,,1785220737,2026-07-28 00:38:57-06:00,,,3,L03d05-2 pueblo sta. cruz atoyac  - tenayuca,,3,7A9A01,FFFFFF,,,,,,
metrobus,metrobus_vehicle_positions_enriched,2026-07-28T06:39:05Z,2026-07-28,20260728T063902Z,845e9fda-57ed-4f36-95e4-790fa4f32421,,19455,0.0,05:54:43,20260728,69859,9434,,19.510194778442383,-99.15885162353516,0.0,0.0,0.0,,,,1785220728,2026-07-28 00:38:48-06:00,,,3,L03d02-1 tenayuca - buenavista,,3,7A9A01,FFFFFF,,,,,,
metrobus,metrobus_vehicle_positions_enriched,2026-07-28T06:39:05Z,2026-07-28,20260728T063902Z,22b658f2-cb95-4cc1-bd01-4733434c2c57,,19457,0.0,05:02:15,20260728,69860,9435,,19.51007652282715,-99.1593246459961,220.0,0.0,0.0,,,,1785216773,2026-07-27 23:32:53-06:00,,,3,L03d04-1 tenayuca - balderas,,3,7A9A01,FFFFFF,,,,,,
metrobus,metrobus_vehicle_positions_enriched,2026-07-28T06:39:05Z,2026-07-28,20260728T063902Z,b76bc4da-d8b7-431e-bada-098898fb0038,,,,,,73390,5070,,19.418603897094727,-99.09327697753906,298.0,0.0,0.0,,,,1785220735,2026-07-28 00:38:55-06:00,,,,,,,,,,,,,,
metrobus,metrobus_vehicle_positions_enriched,2026-07-28T06:39:05Z,2026-07-28,20260728T063902Z,39f96a8e-a370-4f6b-872a-9b9de0276a0c,,,,,,74668,5071,,19.422882080078125,-99.0922622680664,645.0,0.0,0.0,,,,1785219546,2026-07-28 00:19:06-06:00,,,,,,,,,,,,,,
metrobus,metrobus_vehicle_positions_enriched,2026-07-28T06:39:05Z,2026-07-28,20260728T063902Z,50bad377-84ce-49bf-8b8b-63b708aa5fce,,,,,,74658,5072,,19.42283058166504,-99.09342956542969,302.0,5.0,18.0,,,,1785220169,2026-07-28 00:29:29-06:00,,,,,,,,,,,,,,
metrobus,metrobus_vehicle_positions_enriched,2026-07-28T06:39:05Z,2026-07-28,20260728T063902Z,05558bb3-b875-41bf-aea8-3c2de9057460,,19459,0.0,05:03:20,20260728,70493,9429,,19.510133743286133,-99.15933227539062,0.0,0.0,0.0,,,,1785218387,2026-07-27 23:59:47-06:00,,,3,L03d05-1 tenayuca - pueblo sta. cruz atoyac,,3,7A9A01,FFFFFF,,,,,,
metrobus,metrobus_vehicle_positions_enriched,2026-07-28T06:39:05Z,2026-07-28,20260728T063902Z,58bd095d-5fcb-4c03-af9b-1cfea3390f63,,19459,0.0,06:15:47,20260728,69852,9427,,19.510339736938477,-99.15853118896484,268.0,0.0,0.0,,,,1785220733,2026-07-28 00:38:53-06:00,,,3,L03d05-1 tenayuca - pueblo sta. cruz atoyac,,3,7A9A01,FFFFFF,,,,,,
metrobus,metrobus_vehicle_positions_enriched,2026-07-28T06:39:05Z,2026-07-28,20260728T063902Z,44bae356-7f5c-4997-b5c1-d7b53dbb09ab,,19459,0.0,04:59:04,20260728,69853,9428,,19.510330200195312,-99.15864562988281,0.0,0.0,0.0,,,,1785216353,2026-07-27 23:25:53-06:00,,,3,L03d05-1 tenayuca - pueblo sta. cruz atoyac,,3,7A9A01,FFFFFF,,,,,,
metrobus,metrobus_vehicle_positions_enriched,2026-07-28T06:39:05Z,2026-07-28,20260728T063902Z,eef41911-5eeb-43f4-9de5-9f5c239a113c,,19460,1.0,05:34:14,20260728,69868,9443,,19.526636123657227,-99.16860961914062,322.0,0.0,0.0,,,,1785220740,2026-07-28 00:39:00-06:00,,,3,L03d05-2 pueblo sta. cruz atoyac  - tenayuca,,3,7A9A01,FFFFFF,,,,,,
metrobus,metrobus_vehicle_positions_enriched,2026-07-28T06:39:05Z,2026-07-28,20260728T063902Z,cd903d01-af93-42de-856c-b568749ae0a8,,19460,1.0,06:25:52,20260728,69869,9444,,19.407583236694336,-99.15507507324219,340.0,16.0,57.6,,,,1785220735,2026-07-28 00:38:55-06:00,,,3,L03d05-2 pueblo sta. cruz atoyac  - tenayuca,,3,7A9A01,FFFFFF,,,,,,
metrobus,metrobus_vehicle_positions_enriched,2026-07-28T06:39:05Z,2026-07-28,20260728T063902Z,d8bb1285-b556-4d20-9556-f2cd5f6fff97,,19457,0.0,05:14:55,20260728,69866,9441,,19.510181427001953,-99.15892028808594,250.0,0.0,0.0,,,,1785217059,2026-07-27 23:37:39-06:00,,,3,L03d04-1 tenayuca - balderas,,3,7A9A01,FFFFFF,,,,,,
metrobus,metrobus_vehicle_positions_enriched,2026-07-28T06:39:05Z,2026-07-28,20260728T063902Z,46c4adbe-43d3-4e36-8c9b-e396311b3d2b,,,,,,69867,9442,,19.5101261138916,-99.15904998779297,0.0,0.0,0.0,,,,1785220144,2026-07-28 00:29:04-06:00,,,,,,,,,,,,,,
metrobus,metrobus_vehicle_positions_enriched,2026-07-28T06:39:05Z,2026-07-28,20260728T063902Z,e4384ef4-bb21-4355-b91e-6fc2541a10a9,,19457,0.0,18:53:26,20260727,69872,9447,,19.5102596282959,-99.158935546875,212.0,0.0,0.0,,,,1785180245,2026-07-27 13:24:05-06:00,,,3,L03d04-1 tenayuca - balderas,,3,7A9A01,FFFFFF,,,,,,
metrobus,metrobus_vehicle_positions_enriched,2026-07-28T06:39:05Z,2026-07-28,20260728T063902Z,d3a0d9c8-cf16-4acb-87e3-02b4ea0d20e1,,19460,1.0,05:53:48,20260728,69873,9448,,19.48094940185547,-99.14874267578125,339.0,42.0,151.20000000000002,,,,1785220740,2026-07-28 00:39:00-06:00,,,3,L03d05-2 pueblo sta. cruz atoyac  - tenayuca,,3,7A9A01,FFFFFF,,,,,,
metrobus,metrobus_vehicle_positions_enriched,2026-07-28T06:39:05Z,2026-07-28,20260728T063902Z,4751e9f9-a3e8-4860-a29a-7785f214f0f0,,19459,0.0,06:38:43,20260728,69870,9445,,19.52786636352539,-99.16966247558594,143.0,56.0,201.6,,,,1785220738,2026-07-28 00:38:58-06:00,,,3,L03d05-1 tenayuca - pueblo sta. cruz atoyac,,3,7A9A01,FFFFFF,,,,,,
metrobus,metrobus_vehicle_positions_enriched,2026-07-28T06:39:05Z,2026-07-28,20260728T063902Z,fe8382b4-0ae7-40a8-acb7-00d4b0a1363c,,19457,0.0,04:49:32,20260728,69871,9446,,19.510231018066406,-99.15901947021484,250.0,0.0,0.0,,,,1785215603,2026-07-27 23:13:23-06:00,,,3,L03d04-1 tenayuca - balderas,,3,7A9A01,FFFFFF,,,,,,
metrobus,metrobus_vehicle_positions_enriched,2026-07-28T06:39:05Z,2026-07-28,20260728T063902Z,07eb6a6a-fb44-44dc-b9fd-7b9548f67520,,19429,0.0,05:37:22,20260728,69865,9440,,19.5103759765625,-99.1583480834961,223.0,0.0,0.0,,,,1785218609,2026-07-28 00:03:29-06:00,,,3,L03d03-1 tenayuca - la raza,,3,7A9A01,FFFFFF,,,,,,
metrobus,metrobus_vehicle_positions_enriched,2026-07-28T06:39:05Z,2026-07-28,20260728T063902Z,e1a87af6-b224-40df-96b7-f467d42e5a9e,,19429,0.0,05:54:50,20260728,69863,9438,,19.510164260864258,-99.15898895263672,274.0,0.0,0.0,,,,1785219401,2026-07-28 00:16:41-06:00,,,3,L03d03-1 tenayuca - la raza,,3,7A9A01,FFFFFF,,,,,,
metrobus,metrobus_vehicle_positions_enriched,2026-07-28T06:39:05Z,2026-07-28,20260728T063902Z,6a8a8a5d-8325-4c5f-bdf6-f6b6f12f22df,,,,,,69864,9439,,19.520116806030273,-99.1639404296875,336.0,20.0,72.0,,,,1785220733,2026-07-28 00:38:53-06:00,,,,,,,,,,,,,,
metrobus,metrobus_vehicle_positions_enriched,2026-07-28T06:39:05Z,2026-07-28,20260728T063902Z,569f0bfa-6a02-424a-b423-21eada1c94d0,,19457,0.0,05:26:36,20260728,69879,9454,,19.510421752929688,-99.15851593017578,214.0,0.0,0.0,,,,1785217737,2026-07-27 23:48:57-06:00,,,3,L03d04-1 tenayuca - balderas,,3,7A9A01,FFFFFF,,,,,,
metrobus,metrobus_vehicle_positions_enriched,2026-07-28T06:39:05Z,2026-07-28,20260728T063902Z,34c76cce-c72b-45be-b639-fd71f61ee1a5,,19455,0.0,06:20:10,20260728,69880,9455,,19.510530471801758,-99.15815734863281,269.0,0.0,0.0,,,,1785220740,2026-07-28 00:39:00-06:00,,,3,L03d02-1 tenayuca - buenavista,,3,7A9A01,FFFFFF,,,,,,
metrobus,metrobus_vehicle_positions_enriched,2026-07-28T06:39:05Z,2026-07-28,20260728T063902Z,6aac8371-87b3-41b0-9a2d-1332d1b3b35d,,,,,,69877,9452,,19.51023292541504,-99.15909576416016,0.0,0.0,0.0,,,,1785220737,2026-07-28 00:38:57-06:00,,,,,,,,,,,,,,
metrobus,metrobus_vehicle_positions_enriched,2026-07-28T06:39:05Z,2026-07-28,20260728T063902Z,c6a6a526-279e-4fbb-89a9-f9bade72f749,,19457,0.0,04:19:28,20260728,69878,9453,,19.510053634643555,-99.15933990478516,213.0,0.0,0.0,,,,1785213725,2026-07-27 22:42:05-06:00,,,3,L03d04-1 tenayuca - balderas,,3,7A9A01,FFFFFF,,,,,,
metrobus,metrobus_vehicle_positions_enriched,2026-07-28T06:39:05Z,2026-07-28,20260728T063902Z,48dc2d1e-1898-4520-9cf2-7d5c75117478,,19457,0.0,05:36:05,20260728,69883,9458,,19.510290145874023,-99.15840911865234,201.0,0.0,0.0,,,,1785218742,2026-07-28 00:05:42-06:00,,,3,L03d04-1 tenayuca - balderas,,3,7A9A01,FFFFFF,,,,,,
metrobus,metrobus_vehicle_positions_enriched,2026-07-28T06:39:05Z,2026-07-28,20260728T063902Z,2b3d2334-912f-4a3d-a788-c59c035c785a,,19459,0.0,05:59:45,20260728,69884,9459,,19.510271072387695,-99.15874481201172,263.0,0.0,0.0,,,,1785220163,2026-07-28 00:29:23-06:00,,,3,L03d05-1 tenayuca - pueblo sta. cruz atoyac,,3,7A9A01,FFFFFF,,,,,,
metrobus,metrobus_vehicle_positions_enriched,2026-07-28T06:39:05Z,2026-07-28,20260728T063902Z,ec6440d9-aee2-44f8-9f58-8b132ab1ef1a,,19459,0.0,06:02:00,20260728,69881,9456,,19.51028823852539,-99.15857696533203,286.0,0.0,0.0,,,,1785220238,2026-07-28 00:30:38-06:00,,,3,L03d05-1 tenayuca - pueblo sta. cruz atoyac,,3,7A9A01,FFFFFF,,,,,,
metrobus,metrobus_vehicle_positions_enriched,2026-07-28T06:39:05Z,2026-07-28,20260728T063902Z,98c8df1c-0934-4bc9-9e00-18b1cc729fb3,,19457,0.0,04:47:21,20260728,69882,9457,,19.510080337524414,-99.15928649902344,246.0,0.0,0.0,,,,1785215171,2026-07-27 23:06:11-06:00,,,3,L03d04-1 tenayuca - balderas,,3,7A9A01,FFFFFF,,,,,,
metrobus,metrobus_vehicle_positions_enriched,2026-07-28T06:39:05Z,2026-07-28,20260728T063902Z,a659a857-983c-4ff1-9c92-e248767b5561,,19459,0.0,05:17:35,20260728,69875,9450,,19.510356903076172,-99.15860748291016,0.0,0.0,0.0,,,,1785218316,2026-07-27 23:58:36-06:00,,,3,L03d05-1 tenayuca - pueblo sta. cruz atoyac,,3,7A9A01,FFFFFF,,,,,,
metrobus,metrobus_vehicle_positions_enriched,2026-07-28T06:39:05Z,2026-07-28,20260728T063902Z,f7553281-14a9-4001-812c-dc6804f968f0,,,,,,69876,9451,,19.51045036315918,-99.15680694580078,0.0,0.0,0.0,,,,1785220739,2026-07-28 00:38:59-06:00,,,,,,,,,,,,,,
metrobus,metrobus_vehicle_positions_enriched,2026-07-28T06:39:05Z,2026-07-28,20260728T063902Z,6641c963-01cf-4e22-abf7-896e76559342,,19459,0.0,05:51:24,20260728,69874,9449,,19.510347366333008,-99.15834045410156,205.0,0.0,0.0,,,,1785219165,2026-07-28 00:12:45-06:00,,,3,L03d05-1 tenayuca - pueblo sta. cruz atoyac,,3,7A9A01,FFFFFF,,,,,,
metrobus,metrobus_vehicle_positions_enriched,2026-07-28T06:39:05Z,2026-07-28,20260728T063902Z,c8fb45be-4a5a-41af-8929-ca76570f743d,,19457,0.0,06:33:53,20260728,69885,9460,,19.51007652282715,-99.15985107421875,159.0,0.0,0.0,,,,1785220735,2026-07-28 00:38:55-06:00,,,3,L03d04-1 tenayuca - balderas,,3,7A9A01,FFFFFF,,,,,,
metrobus,metrobus_vehicle_positions_enriched,2026-07-28T06:39:05Z,2026-07-28,20260728T063902Z,b05f1085-0311-42ee-bc77-27132517e2ee,,20212,1.0,02:17:42,20260728,69615,2603,002A905,19.437816619873047,-99.11424255371094,640.0,15.0,54.0,,,,1785207276,2026-07-27 20:54:36-06:00,,,5,L05f03-2 las bombas - río de los remedios,,3,141982,FFFFFF,,,,,,
metrobus,metrobus_vehicle_positions_enriched,2026-07-28T06:39:05Z,2026-07-28,20260728T063902Z,fb6f8c44-de14-49f1-980e-d6e3e96f4396,,20211,0.0,16:23:20,20260727,69614,2602,002A904,19.440820693969727,-99.11363220214844,199.0,0.0,0.0,,,,1785170725,2026-07-27 10:45:25-06:00,,,5,L05f03-1 río de los remedios - las bombas,,3,141982,FFFFFF,,,,,,
metrobus,metrobus_vehicle_positions_enriched,2026-07-28T06:39:05Z,2026-07-28,20260728T063902Z,e9181ad0-b3a3-4380-88cb-97f14695b05c,,,,,,69613,2601,002A903,19.30472183227539,-99.10122680664062,187.0,0.0,0.0,,,,1785219771,2026-07-28 00:22:51-06:00,,,,,,,,,,,,,,
metrobus,metrobus_vehicle_positions_enriched,2026-07-28T06:39:05Z,2026-07-28,20260728T063902Z,53c0ddc8-8bff-444b-bab1-2b17d5679035,,,,,,74125,Maqueta_Carraci,,19.402490615844727,-99.17045593261719,272.0,0.0,0.0,,,,1784833476,2026-07-23 13:04:36-06:00,,,,,,,,,,,,,,
metrobus,metrobus_vehicle_positions_enriched,2026-07-28T06:39:05Z,2026-07-28,20260728T063902Z,bb58ec53-b851-4818-a1b3-264c6452bbe2,,,,,,69621,2609,002A911,19.304731369018555,-99.1012191772461,0.0,0.0,0.0,,,,1785219118,2026-07-28 00:11:58-06:00,,,,,,,,,,,,,,
metrobus,metrobus_vehicle_positions_enriched,2026-07-28T06:39:05Z,2026-07-28,20260728T063902Z,6423bf37-316b-4800-a039-4aa93d42ec12,,,,,,69620,2608,002A910,19.304529190063477,-99.10092163085938,186.0,0.0,0.0,,,,1785212724,2026-07-27 22:25:24-06:00,,,,,,,,,,,,,,
metrobus,metrobus_vehicle_positions_enriched,2026-07-28T06:39:05Z,2026-07-28,20260728T063902Z,c38b6e8d-19a0-45e5-a4f3-20bfbcc2c631,,,,,,69619,2607,002A909,19.304367065429688,-99.10162353515625,615.0,0.0,0.0,,,,1785220735,2026-07-28 00:38:55-06:00,,,,,,,,,,,,,,
metrobus,metrobus_vehicle_positions_enriched,2026-07-28T06:39:05Z,2026-07-28,20260728T063902Z,56d1d014-4d18-4b31-a1d6-a8d4d42a6d9f,,,,,,69618,2606,002A908,19.304317474365234,-99.10165405273438,322.0,0.0,0.0,,,,1785220732,2026-07-28 00:38:52-06:00,,,,,,,,,,,,,,
metrobus,metrobus_vehicle_positions_enriched,2026-07-28T06:39:05Z,2026-07-28,20260728T063902Z,575e5a6c-2276-4bd5-a923-67d6455528eb,,,,,,69617,2605,002A907,19.305137634277344,-99.10147094726562,108.0,0.0,0.0,,,,1785220730,2026-07-28 00:38:50-06:00,,,,,,,,,,,,,,
metrobus,metrobus_vehicle_positions_enriched,2026-07-28T06:39:05Z,2026-07-28,20260728T063902Z,cb16c2f5-ac29-4c4b-8365-b3455b234f2f,,,,,,69616,2604,002A906,19.304901123046875,-99.1009750366211,185.0,5.0,18.0,,,,1785220733,2026-07-28 00:38:53-06:00,,,,,,,,,,,,,,
metrobus,metrobus_vehicle_positions_enriched,2026-07-28T06:39:05Z,2026-07-28,20260728T063902Z,0bfd564f-5218-497d-be04-6771661b1f22,,19559,0.0,05:50:16,20260728,69626,2614,002A916,19.331037521362305,-99.11343383789062,184.0,49.0,176.4,,,,1785220740,2026-07-28 00:39:00-06:00,,,5,L05f05-1 río de los remedios - preparatoria 1,,3,141982,FFFFFF,,,,,,
metrobus,metrobus_vehicle_positions_enriched,2026-07-28T06:39:05Z,2026-07-28,20260728T063902Z,824f5ea9-0b7a-4f88-806e-6cfbada3534e,,,,,,69625,2613,002A915,19.30455780029297,-99.10143280029297,185.0,0.0,0.0,,,,1785206843,2026-07-27 20:47:23-06:00,,,,,,,,,,,,,,
metrobus,metrobus_vehicle_positions_enriched,2026-07-28T06:39:05Z,2026-07-28,20260728T063902Z,b256cc9c-d446-4595-a006-a9cad9de5f90,,,,,,69623,2611,002A913,19.30518913269043,-99.10124206542969,278.0,0.0,0.0,,,,1785220743,2026-07-28 00:39:03-06:00,,,,,,,,,,,,,,
metrobus,metrobus_vehicle_positions_enriched,2026-07-28T06:39:05Z,2026-07-28,20260728T063902Z,37f4a9b0-a1f9-4072-9e93-dca0587cb257,,,,,,69622,2610,002A912,19.304662704467773,-99.10108184814453,197.0,0.0,0.0,,,,1785213352,2026-07-27 22:35:52-06:00,,,,,,,,,,,,,,
metrobus,metrobus_vehicle_positions_enriched,2026-07-28T06:39:05Z,2026-07-28,20260728T063902Z,945afa9b-4704-44f1-a5bc-3dc04f43e81d,,,,,,69631,2619,002A921,19.3040714263916,-99.10147094726562,180.0,0.0,0.0,,,,1785213149,2026-07-27 22:32:29-06:00,,,,,,,,,,,,,,
metrobus,metrobus_vehicle_positions_enriched,2026-07-28T06:39:05Z,2026-07-28,20260728T063902Z,aa78643f-1ccc-415e-9dd2-6c42811b67dd,,,,,,69630,2618,002A920,19.304311752319336,-99.10145568847656,186.0,0.0,0.0,,,,1785212814,2026-07-27 22:26:54-06:00,,,,,,,,,,,,,,
metrobus,metrobus_vehicle_positions_enriched,2026-07-28T06:39:05Z,2026-07-28,20260728T063902Z,8f91b4a3-ab29-46db-b996-5ba778124327,,,,,,69629,2617,002A919,19.30438995361328,-99.10128784179688,188.0,0.0,0.0,,,,1785216026,2026-07-27 23:20:26-06:00,,,,,,,,,,,,,,
metrobus,metrobus_vehicle_positions_enriched,2026-07-28T06:39:05Z,2026-07-28,20260728T063902Z,31d68124-3ae0-4651-93b8-61546ec87cd1,,,,,,69628,2616,002A918,19.304344177246094,-99.1009750366211,184.0,0.0,0.0,,,,1785208046,2026-07-27 21:07:26-06:00,,,,,,,,,,,,,,
metrobus,metrobus_vehicle_positions_enriched,2026-07-28T06:39:05Z,2026-07-28,20260728T063902Z,d1eff291-f74c-4e25-95c6-c28a75f8b76a,,,,,,69627,2615,002A917,19.303754806518555,-99.10143280029297,0.0,0.0,0.0,,,,1785220737,2026-07-28 00:38:57-06:00,,,,,,,,,,,,,,
metrobus,metrobus_vehicle_positions_enriched,2026-07-28T06:39:05Z,2026-07-28,20260728T063902Z,d2f568c6-6388-4f32-adfe-8a6819d403ea,,19559,0.0,05:35:30,20260728,69637,2625,002A927,19.295120239257812,-99.11456298828125,187.0,12.0,43.2,,,,1785220735,2026-07-28 00:38:55-06:00,,,5,L05f05-1 río de los remedios - preparatoria 1,,3,141982,FFFFFF,,,,,,
metrobus,metrobus_vehicle_positions_enriched,2026-07-28T06:39:05Z,2026-07-28,20260728T063902Z,447a5fe6-910d-4399-a13d-c4790c0f891f,,,,,,69636,2624,002A926,19.304475784301758,-99.10125732421875,184.0,0.0,0.0,,,,1785219891,2026-07-28 00:24:51-06:00,,,,,,,,,,,,,,
metrobus,metrobus_vehicle_positions_enriched,2026-07-28T06:39:05Z,2026-07-28,20260728T063902Z,fb62cfa7-d256-4eef-9b82-8a7cf477732f,,,,,,71770,2623,,19.305185317993164,-99.10076904296875,130.0,10.0,36.0,,,,1785220735,2026-07-28 00:38:55-06:00,,,,,,,,,,,,,,
metrobus,metrobus_vehicle_positions_enriched,2026-07-28T06:39:05Z,2026-07-28,20260728T063902Z,b0513c26-2c10-45c5-96e1-af5a10ea0e25,,,,,,69634,2622,002A924,19.30489158630371,-99.10100555419922,224.0,0.0,0.0,,,,1785220073,2026-07-28 00:27:53-06:00,,,,,,,,,,,,,,
metrobus,metrobus_vehicle_positions_enriched,2026-07-28T06:39:05Z,2026-07-28,20260728T063902Z,4a3dd891-d643-4bd2-adac-d6b5a9050bb6,,20296,1.0,06:35:23,20260728,69633,2621,002A923,19.35944938659668,-99.14342498779297,115.0,44.0,158.4,,,,1785220734,2026-07-28 00:38:54-06:00,,,1,L31a31-2 pueblo sta cruz atoyac - indios verdes,,3,42A76B,FFFFFF,,,,,,
metrobus,metrobus_vehicle_positions_enriched,2026-07-28T06:39:05Z,2026-07-28,20260728T063902Z,d8d47f57-c57d-4d91-851d-dd410b96ba98,,,,,,69632,2620,002A922,19.273616790771484,-99.12008666992188,553.0,0.0,0.0,,,,1785220727,2026-07-28 00:38:47-06:00,,,,,,,,,,,,,,
metrobus,metrobus_vehicle_positions_enriched,2026-07-28T06:39:05Z,2026-07-28,20260728T063902Z,a0409321-15ce-42b6-a348-0c3e28071903,,,,,,69641,2629,002A931,19.304319381713867,-99.10113525390625,186.0,0.0,0.0,,,,1785214012,2026-07-27 22:46:52-06:00,,,,,,,,,,,,,,
metrobus,metrobus_vehicle_positions_enriched,2026-07-28T06:39:05Z,2026-07-28,20260728T063902Z,8f40dad4-e077-47d9-98cc-e8ef110e99bf,,,,,,69640,2628,002A930,19.304807662963867,-99.10099792480469,188.0,0.0,0.0,,,,1785214456,2026-07-27 22:54:16-06:00,,,,,,,,,,,,,,
metrobus,metrobus_vehicle_positions_enriched,2026-07-28T06:39:05Z,2026-07-28,20260728T063902Z,00e705c8-bd7b-43cc-b0b5-0941cebc038c,,,,,,69639,2627,002A929,19.304494857788086,-99.10082244873047,186.0,0.0,0.0,,,,1785216986,2026-07-27 23:36:26-06:00,,,,,,,,,,,,,,
metrobus,metrobus_vehicle_positions_enriched,2026-07-28T06:39:05Z,2026-07-28,20260728T063902Z,d0588789-d8ef-48ea-b389-6afdd194c45f,,,,,,69638,2626,002A928,19.304683685302734,-99.10125732421875,185.0,0.0,0.0,,,,1785219864,2026-07-28 00:24:24-06:00,,,,,,,,,,,,,,
metrobus,metrobus_vehicle_positions_enriched,2026-07-28T06:39:05Z,2026-07-28,20260728T063902Z,451c4c65-1192-4015-bd69-49fbf2e334f6,,,,,,69648,2636,002A938,19.304487228393555,-99.10099792480469,186.0,0.0,0.0,,,,1785209180,2026-07-27 21:26:20-06:00,,,,,,,,,,,,,,
metrobus,metrobus_vehicle_positions_enriched,2026-07-28T06:39:05Z,2026-07-28,20260728T063902Z,c563876c-d369-4ef9-91fc-7db9f02aa87d,,20016,0.0,05:38:17,20260728,69364,1305,1240178,19.390132904052734,-99.05886840820312,301.0,0.0,0.0,,,,1785219999,2026-07-28 00:26:39-06:00,,,1,L01a21-1 tepalcates - col. del valle,,3,D40D0D,FFFFFF,,,,,,
metrobus,metrobus_vehicle_positions_enriched,2026-07-28T06:39:05Z,2026-07-28,20260728T063902Z,7e446f73-4caa-4c3f-a1bd-b465cb3f709f,,19558,1.0,06:32:15,20260728,69647,2635,TienepermisodeSEMOVI,19.309783935546875,-99.11100769042969,122.0,49.0,176.4,,,,1785220742,2026-07-28 00:39:02-06:00,,,5,L05f05-2 preparatoria 1 - río de los remedios,,3,141982,FFFFFF,,,,,,
metrobus,metrobus_vehicle_positions_enriched,2026-07-28T06:39:05Z,2026-07-28,20260728T063902Z,c19efc2c-5b6e-49dc-b65b-ece3cce95b85,,20016,0.0,06:17:53,20260728,69363,1304,1240177,19.389965057373047,-99.05867767333984,300.0,0.0,0.0,,,,1785220740,2026-07-28 00:39:00-06:00,,,1,L01a21-1 tepalcates - col. del valle,,3,D40D0D,FFFFFF,,,,,,
metrobus,metrobus_vehicle_positions_enriched,2026-07-28T06:39:05Z,2026-07-28,20260728T063902Z,eb2ba440-0004-44d8-b5ab-192f28d17fe3,,20016,0.0,05:56:41,20260728,74921,1303,1240176,19.38936996459961,-99.05814361572266,126.0,0.0,0.0,,,,1785220732,2026-07-28 00:38:52-06:00,,,1,L01a21-1 tepalcates - col. del valle,,3,D40D0D,FFFFFF,,,,,,
metrobus,metrobus_vehicle_positions_enriched,2026-07-28T06:39:05Z,2026-07-28,20260728T063902Z,cbb12df1-89d7-4cf5-a592-b7faa06144d5,,,,,,69646,2634,002A936,19.30432891845703,-99.10111236572266,277.0,0.0,0.0,,,,1785216874,2026-07-27 23:34:34-06:00,,,,,,,,,,,,,,
metrobus,metrobus_vehicle_positions_enriched,2026-07-28T06:39:05Z,2026-07-28,20260728T063902Z,e0d75647-7142-43b5-82ed-0fc790a5d5b3,,20016,0.0,06:12:28,20260728,69361,1302,1240175,19.38998031616211,-99.05868530273438,0.0,0.0,0.0,,,,1785220732,2026-07-28 00:38:52-06:00,,,1,L01a21-1 tepalcates - col. del valle,,3,D40D0D,FFFFFF,,,,,,
metrobus,metrobus_vehicle_positions_enriched,2026-07-28T06:39:05Z,2026-07-28,20260728T063902Z,279b4b06-f633-47c5-a970-78ed112f1dcf,,19558,1.0,06:28:09,20260728,69645,2633,002A935,19.309314727783203,-99.10600280761719,116.0,10.0,36.0,,,,1785220737,2026-07-28 00:38:57-06:00,,,5,L05f05-2 preparatoria 1 - río de los remedios,,3,141982,FFFFFF,,,,,,
metrobus,metrobus_vehicle_positions_enriched,2026-07-28T06:39:05Z,2026-07-28,20260728T063902Z,907f81de-81d9-4087-8105-21db20da84ec,,,,,,69644,2632,002A934,19.304353713989258,-99.10107421875,186.0,0.0,0.0,,,,1785209960,2026-07-27 21:39:20-06:00,,,,,,,,,,,,,,
metrobus,metrobus_vehicle_positions_enriched,2026-07-28T06:39:05Z,2026-07-28,20260728T063902Z,f0a6c45b-0a58-45b8-b7a5-a38eabc8d8ad,,,,,,69360,1301,1240174,19.38907814025879,-99.05747985839844,0.0,0.0,0.0,,,,1785220727,2026-07-28 00:38:47-06:00,,,,,,,,,,,,,,
metrobus,metrobus_vehicle_positions_enriched,2026-07-28T06:39:05Z,2026-07-28,20260728T063902Z,21abe3b9-d426-43e0-ae70-ac7e7b1e87fe,,19559,0.0,06:02:06,20260728,69643,2631,002A933,19.380525588989258,-99.11017608642578,158.0,49.0,176.4,,,,1785220741,2026-07-28 00:39:01-06:00,,,5,L05f05-1 río de los remedios - preparatoria 1,,3,141982,FFFFFF,,,,,,
metrobus,metrobus_vehicle_positions_enriched,2026-07-28T06:39:05Z,2026-07-28,20260728T063902Z,24c750ce-0ab7-4a6a-8ab1-cda8bdb7d8d6,,,,,,69642,2630,002A932,19.30449676513672,-99.10095977783203,186.0,0.0,0.0,,,,1785211325,2026-07-27 22:02:05-06:00,,,,,,,,,,,,,,
metrobus,metrobus_vehicle_positions_enriched,2026-07-28T06:39:05Z,2026-07-28,20260728T063902Z,5783b78d-100b-480a-82ca-456c9f2638d2,,20016,0.0,06:11:53,20260728,69368,1309,1240182,19.38941764831543,-99.0580825805664,119.0,0.0,0.0,,,,1785220620,2026-07-28 00:37:00-06:00,,,1,L01a21-1 tepalcates - col. del valle,,3,D40D0D,FFFFFF,,,,,,
metrobus,metrobus_vehicle_positions_enriched,2026-07-28T06:39:05Z,2026-07-28,20260728T063902Z,ae7946b1-e6e2-4d00-a4c6-e1545b7091f6,,19558,1.0,06:33:12,20260728,69651,2639,002A941,19.29884910583496,-99.11392974853516,830.0,48.0,172.8,,,,1785220738,2026-07-28 00:38:58-06:00,,,5,L05f05-2 preparatoria 1 - río de los remedios,,3,141982,FFFFFF,,,,,,
metrobus,metrobus_vehicle_positions_enriched,2026-07-28T06:39:05Z,2026-07-28,20260728T063902Z,db481fc0-6255-4ae5-a2ea-920f6ca8e709,,20016,0.0,06:20:10,20260728,69367,1308,1240181,19.38985252380371,-99.0582504272461,300.0,0.0,0.0,,,,1785220740,2026-07-28 00:39:00-06:00,,,1,L01a21-1 tepalcates - col. del valle,,3,D40D0D,FFFFFF,,,,,,
metrobus,metrobus_vehicle_positions_enriched,2026-07-28T06:39:05Z,2026-07-28,20260728T063902Z,82aa9225-c465-4541-b91a-500595c8f9fd,,20016,0.0,06:18:24,20260728,69366,1307,1240180,19.38983154296875,-99.05847930908203,301.0,3.0,10.8,,,,1785220739,2026-07-28 00:38:59-06:00,,,1,L01a21-1 tepalcates - col. del valle,,3,D40D0D,FFFFFF,,,,,,
metrobus,metrobus_vehicle_positions_enriched,2026-07-28T06:39:05Z,2026-07-28,20260728T063902Z,64f32243-e4a2-4e30-bb30-35ecc35f3dff,,,,,,69650,2638,002A940,19.304344177246094,-99.10079956054688,187.0,0.0,0.0,,,,1785207046,2026-07-27 20:50:46-06:00,,,,,,,,,,,,,,
metrobus,metrobus_vehicle_positions_enriched,2026-07-28T06:39:05Z,2026-07-28,20260728T063902Z,c5a99515-f08d-4b06-ad37-b3b3dadc6cd3,,20016,0.0,05:57:22,20260728,69365,1306,1240179,19.3891658782959,-99.05783081054688,0.0,0.0,0.0,,,,1785220714,2026-07-28 00:38:34-06:00,,,1,L01a21-1 tepalcates - col. del valle,,3,D40D0D,FFFFFF,,,,,,
metrobus,metrobus_vehicle_positions_enriched,2026-07-28T06:39:05Z,2026-07-28,20260728T063902Z,5be087b2-4b57-416b-bce3-2ad4c6b01271,,19558,1.0,06:32:12,20260728,69649,2637,002A939,19.309738159179688,-99.11100769042969,119.0,48.0,172.8,,,,1785220738,2026-07-28 00:38:58-06:00,,,5,L05f05-2 preparatoria 1 - río de los remedios,,3,141982,FFFFFF,,,,,,
metrobus,metrobus_vehicle_positions_enriched,2026-07-28T06:39:05Z,2026-07-28,20260728T063902Z,9957e087-8d95-40dd-8691-d12b537bfce4,,,,,,69662,2650,002A952,19.304487228393555,-99.100830078125,186.0,0.0,0.0,,,,1785215701,2026-07-27 23:15:01-06:00,,,,,,,,,,,,,,
metrobus,metrobus_vehicle_positions_enriched,2026-07-28T06:39:05Z,2026-07-28,20260728T063902Z,1324fa72-560d-4611-8cc8-ff07289a8dd8,,,,,,69659,2647,002A949,19.30452537536621,-99.10101318359375,199.0,0.0,0.0,,,,1785208171,2026-07-27 21:09:31-06:00,,,,,,,,,,,,,,
metrobus,metrobus_vehicle_positions_enriched,2026-07-28T06:39:05Z,2026-07-28,20260728T063902Z,3434aaf8-a775-45b1-8f82-7d1cf56599c6,,,,,,69658,2646,002A948,19.30423927307129,-99.10140991210938,189.0,0.0,0.0,,,,1785217537,2026-07-27 23:45:37-06:00,,,,,,,,,,,,,,
metrobus,metrobus_vehicle_positions_enriched,2026-07-28T06:39:05Z,2026-07-28,20260728T063902Z,f77339be-231e-4522-b518-7c244656e1fc,,20016,0.0,05:23:38,20260728,69373,1314,TienepermisodeSEMOVI,19.390117645263672,-99.05889129638672,0.0,0.0,0.0,,,,1785220739,2026-07-28 00:38:59-06:00,,,1,L01a21-1 tepalcates - col. del valle,,3,D40D0D,FFFFFF,,,,,,
metrobus,metrobus_vehicle_positions_enriched,2026-07-28T06:39:05Z,2026-07-28,20260728T063902Z,0250a12f-b4d1-4d8a-a66c-f9daf08fc68f,,,,,,69657,2645,002A947,19.304332733154297,-99.10101318359375,0.0,0.0,0.0,,,,1785214966,2026-07-27 23:02:46-06:00,,,,,,,,,,,,,,
metrobus,metrobus_vehicle_positions_enriched,2026-07-28T06:39:05Z,2026-07-28,20260728T063902Z,68fdea14-78c5-449c-9929-05d39c8512bb,,,,,,69656,2644,002A946,19.3046875,-99.10083770751953,186.0,0.0,0.0,,,,1785217188,2026-07-27 23:39:48-06:00,,,,,,,,,,,,,,
metrobus,metrobus_vehicle_positions_enriched,2026-07-28T06:39:05Z,2026-07-28,20260728T063902Z,8c215815-aa1c-4fe4-a010-84dfd8361010,,,,,,69372,1313,1240186,19.47789192199707,-99.06377410888672,0.0,0.0,0.0,,,,1785220737,2026-07-28 00:38:57-06:00,,,,,,,,,,,,,,
metrobus,metrobus_vehicle_positions_enriched,2026-07-28T06:39:05Z,2026-07-28,20260728T063902Z,f8c5862d-7943-4a7f-82f7-598a30c1416a,,,,,,69371,1312,1240185,19.478269577026367,-99.06448364257812,163.0,12.0,43.2,,,,1785220728,2026-07-28 00:38:48-06:00,,,,,,,,,,,,,,
metrobus,metrobus_vehicle_positions_enriched,2026-07-28T06:39:05Z,2026-07-28,20260728T063902Z,f7d0010b-c8fa-48ec-b360-e788086757b9,,19559,0.0,05:39:41,20260728,69655,2643,002A945,19.30086898803711,-99.11360168457031,196.0,0.0,0.0,,,,1785220736,2026-07-28 00:38:56-06:00,,,5,L05f05-1 río de los remedios - preparatoria 1,,3,141982,FFFFFF,,,,,,
metrobus,metrobus_vehicle_positions_enriched,2026-07-28T06:39:05Z,2026-07-28,20260728T063902Z,90328356-1bd3-4a10-8252-15f51850a59a,,,,,,69370,1311,1240184,19.477951049804688,-99.06373596191406,0.0,0.0,0.0,,,,1784998564,2026-07-25 10:56:04-06:00,,,,,,,,,,,,,,
metrobus,metrobus_vehicle_positions_enriched,2026-07-28T06:39:05Z,2026-07-28,20260728T063902Z,f6f3ea99-1c65-426a-ad9e-ade92b5ae5c3,,,,,,74262,2642,002A947,19.30454444885254,-99.10139465332031,0.0,0.0,0.0,,,,1785219499,2026-07-28 00:18:19-06:00,,,,,,,,,,,,,,
metrobus,metrobus_vehicle_positions_enriched,2026-07-28T06:39:05Z,2026-07-28,20260728T063902Z,9ee07ebe-3b96-43bf-a0bb-d8da219be690,,,,,,69653,2641,002A943,19.30423927307129,-99.1017074584961,0.0,0.0,0.0,,,,1785186367,2026-07-27 15:06:07-06:00,,,,,,,,,,,,,,
metrobus,metrobus_vehicle_positions_enriched,2026-07-28T06:39:05Z,2026-07-28,20260728T063902Z,7557c736-5f0d-46a0-9dd0-ba6c4c6b6ea3,,,,,,74922,1310,1240183,19.390077590942383,-99.05889892578125,0.0,0.0,0.0,,,,1785220538,2026-07-28 00:35:38-06:00,,,,,,,,,,,,,,
metrobus,metrobus_vehicle_positions_enriched,2026-07-28T06:39:05Z,2026-07-28,20260728T063902Z,5aa3d5b0-09e2-4161-802f-fa2cbab4d8a2,,,,,,69661,2649,002A951,19.30431365966797,-99.10099029541016,0.0,0.0,0.0,,,,1785215281,2026-07-27 23:08:01-06:00,,,,,,,,,,,,,,
metrobus,metrobus_vehicle_positions_enriched,2026-07-28T06:39:05Z,2026-07-28,20260728T063902Z,e8bee6f4-22c2-4a0c-8158-3dbb6e4135cf,,,,,,69660,2648,002A950,19.304960250854492,-99.10137176513672,187.0,0.0,0.0,,,,1785212170,2026-07-27 22:16:10-06:00,,,,,,,,,,,,,,
metrobus,metrobus_vehicle_positions_enriched,2026-07-28T06:39:05Z,2026-07-28,20260728T063902Z,ed35fa29-12a0-488d-a4e7-5b7aa8a8dd88,,,,,,69673,2661,002A963,19.30430030822754,-99.10093688964844,185.0,0.0,0.0,,,,1785212608,2026-07-27 22:23:28-06:00,,,,,,,,,,,,,,
metrobus,metrobus_vehicle_positions_enriched,2026-07-28T06:39:05Z,2026-07-28,20260728T063902Z,ac66052a-15b6-43cf-8218-69c4d229bacf,,,,,,69672,2660,002A962,19.304542541503906,-99.10128784179688,0.0,0.0,0.0,,,,1785220221,2026-07-28 00:30:21-06:00,,,,,,,,,,,,,,
metrobus,metrobus_vehicle_positions_enriched,2026-07-28T06:39:05Z,2026-07-28,20260728T063902Z,9c55306c-e7d4-412f-ad48-2d4bdca58c27,,,,,,69670,2658,002A960,19.304365158081055,-99.10139465332031,0.0,0.0,0.0,,,,1785220674,2026-07-28 00:37:54-06:00,,,,,,,,,,,,,,
metrobus,metrobus_vehicle_positions_enriched,2026-07-28T06:39:05Z,2026-07-28,20260728T063902Z,c0ce1e83-5b57-4fd1-ab48-e9d766a86b11,,,,,,69669,2657,002A959,19.315509796142578,-99.11126708984375,155.0,30.0,108.0,,,,1785220739,2026-07-28 00:38:59-06:00,,,,,,,,,,,,,,
metrobus,metrobus_vehicle_positions_enriched,2026-07-28T06:39:05Z,2026-07-28,20260728T063902Z,d937fdfa-f7be-486d-94d4-cde241ca8891,,,,,,69668,2656,002A958,19.304691314697266,-99.10091400146484,187.0,0.0,0.0,,,,1785214818,2026-07-27 23:00:18-06:00,,,,,,,,,,,,,,
metrobus,metrobus_vehicle_positions_enriched,2026-07-28T06:39:05Z,2026-07-28,20260728T063902Z,55a6abac-32fe-432b-83fd-310d51e50790,,,,,,69667,2655,002A957,19.304367065429688,-99.10124969482422,184.0,0.0,0.0,,,,1785220735,2026-07-28 00:38:55-06:00,,,,,,,,,,,,,,
metrobus,metrobus_vehicle_positions_enriched,2026-07-28T06:39:05Z,2026-07-28,20260728T063902Z,04454d51-43b7-4745-b9f1-b727bddb0481,,,,,,69666,2654,002A956,19.304508209228516,-99.10077667236328,186.0,0.0,0.0,,,,1785207790,2026-07-27 21:03:10-06:00,,,,,,,,,,,,,,
metrobus,metrobus_vehicle_positions_enriched,2026-07-28T06:39:05Z,2026-07-28,20260728T063902Z,4cb3db75-0cfe-4ca1-9254-81f16eb0d632,,,,,,69665,2653,002A955,19.30428695678711,-99.1009292602539,185.0,0.0,0.0,,,,1785213327,2026-07-27 22:35:27-06:00,,,,,,,,,,,,,,
metrobus,metrobus_vehicle_positions_enriched,2026-07-28T06:39:05Z,2026-07-28,20260728T063902Z,c0b8ee92-ddea-42bb-86d6-123b3c948da4,,,,,,69664,2652,002A954,19.304445266723633,-99.10090637207031,187.0,0.0,0.0,,,,1785213591,2026-07-27 22:39:51-06:00,,,,,,,,,,,,,,
metrobus,metrobus_vehicle_positions_enriched,2026-07-28T06:39:05Z,2026-07-28,20260728T063902Z,a48b40fa-72c8-429e-bc59-a1144395064c,,,,,,69663,2651,002A953,19.304344177246094,-99.10089111328125,186.0,0.0,0.0,,,,1785216690,2026-07-27 23:31:30-06:00,,,,,,,,,,,,,,
metrobus,metrobus_vehicle_positions_enriched,2026-07-28T06:39:05Z,2026-07-28,20260728T063902Z,27960d6f-d3eb-4f4c-910d-2e752640a5d9,,,,,,70035,901,1280163,19.487403869628906,-99.09370422363281,229.0,0.0,0.0,,,,1785215669,2026-07-27 23:14:29-06:00,,,,,,,,,,,,,,
metrobus,metrobus_vehicle_positions_enriched,2026-07-28T06:39:05Z,2026-07-28,20260728T063902Z,b6b4d772-66d0-42b9-853f-f9e11b603707,,,,,,70036,902,1280164,19.487321853637695,-99.09358215332031,338.0,0.0,0.0,,,,1785219743,2026-07-28 00:22:23-06:00,,,,,,,,,,,,,,
metrobus,metrobus_vehicle_positions_enriched,2026-07-28T06:39:05Z,2026-07-28,20260728T063902Z,d79831de-bb3b-4b72-a4b1-ca8351e8c0b4,,,,,,70037,903,1280165,19.487302780151367,-99.09233856201172,295.0,0.0,0.0,,,,1785219732,2026-07-28 00:22:12-06:00,,,,,,,,,,,,,,
metrobus,metrobus_vehicle_positions_enriched,2026-07-28T06:39:05Z,2026-07-28,20260728T063902Z,a74436b1-fb8c-4a7f-88cc-8c6f17f3bd2a,,,,,,70038,904,1280166,19.486928939819336,-99.09174346923828,291.0,0.0,0.0,,,,1785220013,2026-07-28 00:26:53-06:00,,,,,,,,,,,,,,
metrobus,metrobus_vehicle_positions_enriched,2026-07-28T06:39:05Z,2026-07-28,20260728T063902Z,06b7b0f3-08eb-4a0b-8991-71bf09c58edb,,,,,,70039,905,1280167,19.487136840820312,-99.09214782714844,288.0,15.0,54.0,,,,1785220732,2026-07-28 00:38:52-06:00,,,,,,,,,,,,,,
metrobus,metrobus_vehicle_positions_enriched,2026-07-28T06:39:05Z,2026-07-28,20260728T063902Z,ea2ebb90-fc8a-47e0-aab8-385ec3cbc4c7,,,,,,70040,906,1280168,19.508283615112305,-99.17277526855469,0.0,0.0,0.0,,,,1785217837,2026-07-27 23:50:37-06:00,,,,,,,,,,,,,,
metrobus,metrobus_vehicle_positions_enriched,2026-07-28T06:39:05Z,2026-07-28,20260728T063902Z,87f8aaef-6cfd-4a06-9860-367fefd1cbc2,,,,,,69671,2659,002A961,19.304302215576172,-99.10084533691406,0.0,0.0,0.0,,,,1785220157,2026-07-28 00:29:17-06:00,,,,,,,,,,,,,,
metrobus,metrobus_vehicle_positions_enriched,2026-07-28T06:39:05Z,2026-07-28,20260728T063902Z,39a5911a-15f1-4044-ac17-4782fa567489,,,,,,70041,907,1280169,19.487323760986328,-99.09363555908203,0.0,0.0,0.0,,,,1785220173,2026-07-28 00:29:33-06:00,,,,,,,,,,,,,,
metrobus,metrobus_vehicle_positions_enriched,2026-07-28T06:39:05Z,2026-07-28,20260728T063902Z,d716b0f7-ceaa-46f7-a3e9-2d6d445f2b2a,,,,,,70042,908,1280170,19.48737144470215,-99.09375,367.0,0.0,0.0,,,,1785212967,2026-07-27 22:29:27-06:00,,,,,,,,,,,,,,
metrobus,metrobus_vehicle_positions_enriched,2026-07-28T06:39:05Z,2026-07-28,20260728T063902Z,7d87aa4f-1aff-4ba2-8052-550d771aeb06,,,,,,70043,909,1280171,19.487329483032227,-99.09363555908203,810.0,0.0,0.0,,,,1785217481,2026-07-27 23:44:41-06:00,,,,,,,,,,,,,,
metrobus,metrobus_vehicle_positions_enriched,2026-07-28T06:39:05Z,2026-07-28,20260728T063902Z,7018564a-4c56-4ba1-80f0-92bec4a91c2b,,,,,,69680,2668,002A970,19.304462432861328,-99.10132598876953,185.0,0.0,0.0,,,,1785219279,2026-07-28 00:14:39-06:00,,,,,,,,,,,,,,
metrobus,metrobus_vehicle_positions_enriched,2026-07-28T06:39:05Z,2026-07-28,20260728T063902Z,84ba1e2b-927d-4b66-b083-ab7ff167a0d8,,,,,,69679,2667,002A969,19.30424690246582,-99.10112762451172,185.0,0.0,0.0,,,,1785220705,2026-07-28 00:38:25-06:00,,,,,,,,,,,,,,
metrobus,metrobus_vehicle_positions_enriched,2026-07-28T06:39:05Z,2026-07-28,20260728T063902Z,a543e482-f9fa-4815-925c-24dbed8a2ab7,,19559,0.0,05:45:38,20260728,69678,2666,002A968,19.320669174194336,-99.11370849609375,156.0,23.0,82.8,,,,1785220735,2026-07-28 00:38:55-06:00,,,5,L05f05-1 río de los remedios - preparatoria 1,,3,141982,FFFFFF,,,,,,
metrobus,metrobus_vehicle_positions_enriched,2026-07-28T06:39:05Z,2026-07-28,20260728T063902Z,46f74ee3-9a57-4bb7-af02-9589e908b6cd,,,,,,69677,2665,002A967,19.305301666259766,-99.10111236572266,921.0,0.0,0.0,,,,1785220735,2026-07-28 00:38:55-06:00,,,,,,,,,,,,,,
metrobus,metrobus_vehicle_positions_enriched,2026-07-28T06:39:05Z,2026-07-28,20260728T063902Z,10ff0c30-59d1-415d-ba20-c3b409bae02e,,,,,,69676,2664,002A966,19.30469512939453,-99.10082244873047,187.0,0.0,0.0,,,,1785214942,2026-07-27 23:02:22-06:00,,,,,,,,,,,,,,
metrobus,metrobus_vehicle_positions_enriched,2026-07-28T06:39:05Z,2026-07-28,20260728T063902Z,91371832-90d5-4308-b7c5-aba3e7de63c0,,,,,,69675,2663,002A965,19.304378509521484,-99.101318359375,185.0,0.0,0.0,,,,1785217994,2026-07-27 23:53:14-06:00,,,,,,,,,,,,,,
metrobus,metrobus_vehicle_positions_enriched,2026-07-28T06:39:05Z,2026-07-28,20260728T063902Z,1e4df774-f79e-4741-8cf2-8c0d3d6fc039,,,,,,69674,2662,002A964,19.304487228393555,-99.10140228271484,185.0,0.0,0.0,,,,1785219106,2026-07-28 00:11:46-06:00,,,,,,,,,,,,,,
metrobus,metrobus_vehicle_positions_enriched,2026-07-28T06:39:05Z,2026-07-28,20260728T063902Z,1bdd6fd0-83f7-4445-a45c-a0ebfec69bfe,,,,,,70044,910,1280172,19.48688507080078,-99.09223937988281,110.0,7.0,25.2,,,,1785220734,2026-07-28 00:38:54-06:00,,,,,,,,,,,,,,
metrobus,metrobus_vehicle_positions_enriched,2026-07-28T06:39:05Z,2026-07-28,20260728T063902Z,2d4ded83-c3c0-45c4-bcb4-df1228b17f43,,,,,,70045,911,1280173,19.48708152770996,-99.09225463867188,294.0,0.0,0.0,,,,1785218820,2026-07-28 00:07:00-06:00,,,,,,,,,,,,,,
metrobus,metrobus_vehicle_positions_enriched,2026-07-28T06:39:05Z,2026-07-28,20260728T063902Z,9ef23b10-ee04-489e-bd0d-b6f0a4db3591,,,,,,70046,912,1290114,19.48719024658203,-99.09223175048828,299.0,0.0,0.0,,,,1785214399,2026-07-27 22:53:19-06:00,,,,,,,,,,,,,,
metrobus,metrobus_vehicle_positions_enriched,2026-07-28T06:39:05Z,2026-07-28,20260728T063902Z,de563bde-f6a2-432f-86ba-d7b460105e20,,,,,,70047,913,1290115,19.48741340637207,-99.09237670898438,291.0,0.0,0.0,,,,1785214255,2026-07-27 22:50:55-06:00,,,,,,,,,,,,,,
metrobus,metrobus_vehicle_positions_enriched,2026-07-28T06:39:05Z,2026-07-28,20260728T063902Z,cd44bbd7-ef2c-484e-8518-d78eb83905aa,,19576,0.0,05:27:31,20260728,70048,914,1290116,19.440473556518555,-99.14283752441406,409.0,47.0,169.20000000000002,,,,1785220736,2026-07-28 00:38:56-06:00,,,7,L07h01-1 indios verdes - campo marte,,3,116633,FFFFFF,,,,,,
metrobus,metrobus_vehicle_positions_enriched,2026-07-28T06:39:05Z,2026-07-28,20260728T063902Z,e79a407a-5f87-414f-9c90-78a5b6eb19d0,,,,,,70049,915,1290117,19.487422943115234,-99.09273529052734,0.0,0.0,0.0,,,,1785219988,2026-07-28 00:26:28-06:00,,,,,,,,,,,,,,
metrobus,metrobus_vehicle_positions_enriched,2026-07-28T06:39:05Z,2026-07-28,20260728T063902Z,2ae4991d-0793-4af8-8e59-968b292f529e,,,,,,70050,916,1290118,19.48740005493164,-99.09374237060547,0.0,0.0,0.0,,,,1785220735,2026-07-28 00:38:55-06:00,,,,,,,,,,,,,,
metrobus,metrobus_vehicle_positions_enriched,2026-07-28T06:39:05Z,2026-07-28,20260728T063902Z,3083a265-310c-49ec-962c-3a518e37222a,,,,,,70051,917,1290119,19.487133026123047,-99.0922622680664,276.0,0.0,0.0,,,,1785220609,2026-07-28 00:36:49-06:00,,,,,,,,,,,,,,
metrobus,metrobus_vehicle_positions_enriched,2026-07-28T06:39:05Z,2026-07-28,20260728T063902Z,ca3a558d-4042-4917-b7e5-63ec44449b23,,,,,,70052,918,1290120,19.48740577697754,-99.09265899658203,0.0,0.0,0.0,,,,1785219761,2026-07-28 00:22:41-06:00,,,,,,,,,,,,,,
metrobus,metrobus_vehicle_positions_enriched,2026-07-28T06:39:05Z,2026-07-28,20260728T063902Z,ece73116-14d5-4186-a4f3-67c1395033bc,,,,,,70053,919,1290121,19.487567901611328,-99.0931396484375,293.0,0.0,0.0,,,,1785220735,2026-07-28 00:38:55-06:00,,,,,,,,,,,,,,
metrobus,metrobus_vehicle_positions_enriched,2026-07-28T06:39:05Z,2026-07-28,20260728T063902Z,228f0306-12e8-4659-814d-97b42bacb79c,,19499,0.0,04:42:38,20260728,69501,1110,1230101,19.499361038208008,-99.11909484863281,194.0,0.0,0.0,,,,1785219485,2026-07-28 00:18:05-06:00,,,1,L01a07-1 indios verdes - el caminero,,3,D40D0D,FFFFFF,,,,,,
metrobus,metrobus_vehicle_positions_enriched,2026-07-28T06:39:05Z,2026-07-28,20260728T063902Z,a3309a03-8be0-46a2-a602-c2fe708f4516,,19494,0.0,05:46:19,20260728,69498,1107,1230098,19.498966217041016,-99.11854553222656,0.0,0.0,0.0,,,,1785220729,2026-07-28 00:38:49-06:00,,,1,L01a02-1 indios verdes - insurgentes,,3,D40D0D,FFFFFF,,,,,,
metrobus,metrobus_vehicle_positions_enriched,2026-07-28T06:39:05Z,2026-07-28,20260728T063902Z,e34e90ae-dbe6-4a0d-80af-04eb7af51ab1,,,,,,69497,1106,1230097,19.49944496154785,-99.11910247802734,0.0,0.0,0.0,,,,1785220556,2026-07-28 00:35:56-06:00,,,,,,,,,,,,,,
metrobus,metrobus_vehicle_positions_enriched,2026-07-28T06:39:05Z,2026-07-28,20260728T063902Z,c505a988-9ba6-4e6a-b8aa-e78349e980ea,,,,,,69496,1105,1230096,19.500768661499023,-99.11966705322266,953.0,0.0,0.0,,,,1785212045,2026-07-27 22:14:05-06:00,,,,,,,,,,,,,,
metrobus,metrobus_vehicle_positions_enriched,2026-07-28T06:39:05Z,2026-07-28,20260728T063902Z,0823308a-5054-4b34-97eb-a512ff1ef6c7,,,,,,69495,1104,1230095,19.497962951660156,-99.11961364746094,191.0,0.0,0.0,,,,1785220727,2026-07-28 00:38:47-06:00,,,,,,,,,,,,,,
metrobus,metrobus_vehicle_positions_enriched,2026-07-28T06:39:05Z,2026-07-28,20260728T063902Z,15131d0d-bb8d-4230-bd58-47747c0ecd95,,19492,0.0,06:27:45,20260728,69494,1103,1230094,19.499256134033203,-99.11967468261719,184.0,0.0,0.0,,,,1785220728,2026-07-28 00:38:48-06:00,,,1,L01a01-1 indios verdes - dr. gálvez,,3,D40D0D,FFFFFF,,,,,,
metrobus,metrobus_vehicle_positions_enriched,2026-07-28T06:39:05Z,2026-07-28,20260728T063902Z,aeab0f17-f16e-4dbc-b129-41a6cfb866d6,,19494,0.0,04:08:41,20260728,69493,1102,1230093,19.500659942626953,-99.1189956665039,105.0,0.0,0.0,,,,1785212263,2026-07-27 22:17:43-06:00,,,1,L01a02-1 indios verdes - insurgentes,,3,D40D0D,FFFFFF,,,,,,
metrobus,metrobus_vehicle_positions_enriched,2026-07-28T06:39:05Z,2026-07-28,20260728T063902Z,b7afc618-54a2-4f83-a67c-976a2d91e714,,,,,,69492,1101,1230092,19.4992733001709,-99.11930084228516,222.0,0.0,0.0,,,,1785220734,2026-07-28 00:38:54-06:00,,,,,,,,,,,,,,
metrobus,metrobus_vehicle_positions_enriched,2026-07-28T06:39:05Z,2026-07-28,20260728T063902Z,2f6ad57a-b22b-4feb-a509-76b4068e7d98,,,,,,70054,920,1290122,0.0,0.0,0.0,0.0,0.0,,,,1785208423,2026-07-27 21:13:43-06:00,,,,,,,,,,,,,,
metrobus,metrobus_vehicle_positions_enriched,2026-07-28T06:39:05Z,2026-07-28,20260728T063902Z,bbcef284-1c00-4f1e-8cc7-140ad0e0233c,,,,,,70055,921,1290123,19.508277893066406,-99.17267608642578,270.0,0.0,0.0,,,,1785140147,2026-07-27 02:15:47-06:00,,,,,,,,,,,,,,
metrobus,metrobus_vehicle_positions_enriched,2026-07-28T06:39:05Z,2026-07-28,20260728T063902Z,bd1c1ad4-78e8-4dd1-8966-983dbd7c4327,,,,,,70057,923,1290125,19.487247467041016,-99.09217071533203,290.0,0.0,0.0,,,,1785218371,2026-07-27 23:59:31-06:00,,,,,,,,,,,,,,
metrobus,metrobus_vehicle_positions_enriched,2026-07-28T06:39:05Z,2026-07-28,20260728T063902Z,da8ce897-c12b-4bce-9a53-9d02c6c2a2ff,,,,,,70058,924,1290126,19.487594604492188,-99.09317016601562,112.0,0.0,0.0,,,,1785220737,2026-07-28 00:38:57-06:00,,,,,,,,,,,,,,
metrobus,metrobus_vehicle_positions_enriched,2026-07-28T06:39:05Z,2026-07-28,20260728T063902Z,ac681c84-17fc-4ce5-8adc-181649e9ce87,,,,,,70059,925,1290127,19.487438201904297,-99.09292602539062,299.0,0.0,0.0,,,,1785215923,2026-07-27 23:18:43-06:00,,,,,,,,,,,,,,
metrobus,metrobus_vehicle_positions_enriched,2026-07-28T06:39:05Z,2026-07-28,20260728T063902Z,51f0c820-6906-4437-a40c-24c4de22438b,,,,,,70060,926,1290128,19.487167358398438,-99.09222412109375,293.0,0.0,0.0,,,,1785216195,2026-07-27 23:23:15-06:00,,,,,,,,,,,,,,
metrobus,metrobus_vehicle_positions_enriched,2026-07-28T06:39:05Z,2026-07-28,20260728T063902Z,96a44965-bfd0-4f4e-b6f9-f4e82c24ce5b,,19499,0.0,06:32:44,20260728,69500,1109,1230100,19.499893188476562,-99.11956787109375,283.0,9.0,32.4,,,,1785220739,2026-07-28 00:38:59-06:00,,,1,L01a07-1 indios verdes - el caminero,,3,D40D0D,FFFFFF,,,,,,
metrobus,metrobus_vehicle_positions_enriched,2026-07-28T06:39:05Z,2026-07-28,20260728T063902Z,b9fa31ba-8de7-4e23-a998-0e072d6bbf24,,,,,,70061,927,1290129,19.487546920776367,-99.09366607666016,225.0,0.0,0.0,,,,1785214703,2026-07-27 22:58:23-06:00,,,,,,,,,,,,,,
metrobus,metrobus_vehicle_positions_enriched,2026-07-28T06:39:05Z,2026-07-28,20260728T063902Z,d110fb0b-2386-4b7d-a682-8ed3ebf517fb,,19499,0.0,06:06:20,20260728,69499,1108,1230099,19.499759674072266,-99.1196060180664,116.0,0.0,0.0,,,,1785220738,2026-07-28 00:38:58-06:00,,,1,L01a07-1 indios verdes - el caminero,,3,D40D0D,FFFFFF,,,,,,
metrobus,metrobus_vehicle_positions_enriched,2026-07-28T06:39:05Z,2026-07-28,20260728T063902Z,56099688-217d-478c-aeb0-dbf5364e9f94,,,,,,70062,928,1290130,19.487335205078125,-99.092529296875,292.0,0.0,0.0,,,,1785217895,2026-07-27 23:51:35-06:00,,,,,,,,,,,,,,
metrobus,metrobus_vehicle_positions_enriched,2026-07-28T06:39:05Z,2026-07-28,20260728T063902Z,25b77e70-b187-4f39-b6eb-ac121eda0c91,,,,,,70063,929,1290131,19.50825309753418,-99.1727294921875,0.0,0.0,0.0,,,,1785215806,2026-07-27 23:16:46-06:00,,,,,,,,,,,,,,
metrobus,metrobus_vehicle_positions_enriched,2026-07-28T06:39:05Z,2026-07-28,20260728T063902Z,b1eded30-1e6a-4480-8a59-039728dfd229,,,,,,69512,1121,1230112,19.498258590698242,-99.11933898925781,770.0,0.0,0.0,,,,1785220732,2026-07-28 00:38:52-06:00,,,,,,,,,,,,,,
metrobus,metrobus_vehicle_positions_enriched,2026-07-28T06:39:05Z,2026-07-28,20260728T063902Z,cc829d8f-070c-4087-9dda-53b51bb8c5d5,,,,,,69511,1120,1230111,19.49901580810547,-99.11958312988281,853.0,0.0,0.0,,,,1785220728,2026-07-28 00:38:48-06:00,,,,,,,,,,,,,,
metrobus,metrobus_vehicle_positions_enriched,2026-07-28T06:39:05Z,2026-07-28,20260728T063902Z,937b7075-0db5-4580-a3a3-ab1090f3765d,,,,,,69509,1118,1230109,19.50072479248047,-99.1190414428711,108.0,0.0,0.0,,,,1785220742,2026-07-28 00:39:02-06:00,,,,,,,,,,,,,,
metrobus,metrobus_vehicle_positions_enriched,2026-07-28T06:39:05Z,2026-07-28,20260728T063902Z,c19ececb-f211-462a-8e27-54fa02818a0b,,19492,0.0,06:25:40,20260728,69508,1117,1230108,19.499204635620117,-99.11967468261719,171.0,0.0,0.0,,,,1785220347,2026-07-28 00:32:27-06:00,,,1,L01a01-1 indios verdes - dr. gálvez,,3,D40D0D,FFFFFF,,,,,,
metrobus,metrobus_vehicle_positions_enriched,2026-07-28T06:39:05Z,2026-07-28,20260728T063902Z,8da41bfc-aead-481f-bc7f-f4cb90c61d07,,19499,0.0,05:36:12,20260728,69507,1116,1230107,19.500490188598633,-99.11903381347656,926.0,0.0,0.0,,,,1785217620,2026-07-27 23:47:00-06:00,,,1,L01a07-1 indios verdes - el caminero,,3,D40D0D,FFFFFF,,,,,,
metrobus,metrobus_vehicle_positions_enriched,2026-07-28T06:39:05Z,2026-07-28,20260728T063902Z,1d97afbb-1fe7-4973-8ec0-08d30172b1bb,,19492,0.0,05:50:43,20260728,69506,1115,1230106,19.499473571777344,-99.11957550048828,184.0,0.0,0.0,,,,1785218431,2026-07-28 00:00:31-06:00,,,1,L01a01-1 indios verdes - dr. gálvez,,3,D40D0D,FFFFFF,,,,,,
metrobus,metrobus_vehicle_positions_enriched,2026-07-28T06:39:05Z,2026-07-28,20260728T063902Z,0031f57d-ac6f-4021-803e-5e87f7d7de1c,,,,,,69505,1114,1230105,19.4991512298584,-99.11915588378906,101.0,0.0,0.0,,,,1785219717,2026-07-28 00:21:57-06:00,,,,,,,,,,,,,,
metrobus,metrobus_vehicle_positions_enriched,2026-07-28T06:39:05Z,2026-07-28,20260728T063902Z,5108d99b-889c-4358-a3f2-fa2d205e82e0,,,,,,69504,1113,1230104,19.499237060546875,-99.11959838867188,180.0,0.0,0.0,,,,1785219974,2026-07-28 00:26:14-06:00,,,,,,,,,,,,,,
metrobus,metrobus_vehicle_positions_enriched,2026-07-28T06:39:05Z,2026-07-28,20260728T063902Z,b79eeed2-e279-4feb-af1f-1ef7c5ba9471,,19499,0.0,06:18:16,20260728,69503,1112,1230103,19.49967384338379,-99.11985778808594,188.0,0.0,0.0,,,,1785220731,2026-07-28 00:38:51-06:00,,,1,L01a07-1 indios verdes - el caminero,,3,D40D0D,FFFFFF,,,,,,
metrobus,metrobus_vehicle_positions_enriched,2026-07-28T06:39:05Z,2026-07-28,20260728T063902Z,36478f58-2014-419b-9897-3ad719ec2a6d,,,,,,70064,930,1290132,19.486858367919922,-99.09423065185547,269.0,11.0,39.6,,,,1785220737,2026-07-28 00:38:57-06:00,,,,,,,,,,,,,,
metrobus,metrobus_vehicle_positions_enriched,2026-07-28T06:39:05Z,2026-07-28,20260728T063902Z,5fad5beb-7a1e-446e-a06c-e7ba480e8c1f,,,,,,70065,931,1290133,19.487279891967773,-99.0921630859375,285.0,0.0,0.0,,,,1785217855,2026-07-27 23:50:55-06:00,,,,,,,,,,,,,,
metrobus,metrobus_vehicle_positions_enriched,2026-07-28T06:39:05Z,2026-07-28,20260728T063902Z,52b95cc7-8300-4140-ac12-d0cee52bc1e5,,,,,,69502,1111,1230102,19.497711181640625,-99.11953735351562,199.0,0.0,0.0,,,,1785213304,2026-07-27 22:35:04-06:00,,,,,,,,,,,,,,
metrobus,metrobus_vehicle_positions_enriched,2026-07-28T06:39:05Z,2026-07-28,20260728T063902Z,5ec7dd03-09bd-40e8-bad5-d0162ec3bf71,,,,,,70066,932,1290134,19.487247467041016,-99.09254455566406,294.0,0.0,0.0,,,,1785220736,2026-07-28 00:38:56-06:00,,,,,,,,,,,,,,
metrobus,metrobus_vehicle_positions_enriched,2026-07-28T06:39:05Z,2026-07-28,20260728T063902Z,d0f42dc8-e9a0-479b-b74f-9afece4764a8,,,,,,70067,933,1290135,19.487567901611328,-99.09278106689453,0.0,0.0,0.0,,,,1785220579,2026-07-28 00:36:19-06:00,,,,,,,,,,,,,,
metrobus,metrobus_vehicle_positions_enriched,2026-07-28T06:39:05Z,2026-07-28,20260728T063902Z,0be474f5-b350-4bc7-a298-a5f7c04eeef9,,,,,,70068,934,1290136,19.487253189086914,-99.09226989746094,296.0,0.0,0.0,,,,1785219387,2026-07-28 00:16:27-06:00,,,,,,,,,,,,,,
metrobus,metrobus_vehicle_positions_enriched,2026-07-28T06:39:05Z,2026-07-28,20260728T063902Z,5562c37f-18a4-48cb-8694-14b5391d2904,,,,,,70069,935,1290137,19.4873104095459,-99.09353637695312,0.0,0.0,0.0,,,,1785220732,2026-07-28 00:38:52-06:00,,,,,,,,,,,,,,
metrobus,metrobus_vehicle_positions_enriched,2026-07-28T06:39:05Z,2026-07-28,20260728T063902Z,15a0f7f5-d34a-42b1-bd46-e8eb9bfa8be4,,,,,,70070,936,1290138,19.487394332885742,-99.0932846069336,111.0,0.0,0.0,,,,1785220731,2026-07-28 00:38:51-06:00,,,,,,,,,,,,,,
metrobus,metrobus_vehicle_positions_enriched,2026-07-28T06:39:05Z,2026-07-28,20260728T063902Z,7f36507f-be22-4e9b-8843-31867aab2613,,,,,,70071,937,1290139,19.487104415893555,-99.0920181274414,135.0,0.0,0.0,,,,1785218122,2026-07-27 23:55:22-06:00,,,,,,,,,,,,,,
metrobus,metrobus_vehicle_positions_enriched,2026-07-28T06:39:05Z,2026-07-28,20260728T063902Z,98b964de-7839-4201-8818-b8dadc98b8b5,,,,,,70072,938,1290140,19.515024185180664,-99.14991760253906,0.0,0.0,0.0,,,,1782341461,2026-06-24 16:51:01-06:00,,,,,,,,,,,,,,
metrobus,metrobus_vehicle_positions_enriched,2026-07-28T06:39:05Z,2026-07-28,20260728T063902Z,56bffdc2-6a50-4074-9441-eadeb604e8d7,,,,,,70073,939,1290141,19.485069274902344,-99.09258270263672,300.0,0.0,0.0,,,,1785215265,2026-07-27 23:07:45-06:00,,,,,,,,,,,,,,
metrobus,metrobus_vehicle_positions_enriched,2026-07-28T06:39:05Z,2026-07-28,20260728T063902Z,49304fa4-b4cc-4344-95cd-4ec42d8dd2d7,,19500,1.0,05:46:23,20260728,69510,1119,1230110,19.440683364868164,-99.15519714355469,218.0,33.0,118.8,,,,1785220732,2026-07-28 00:38:52-06:00,,,1,L01a07-2 el caminero - indios verdes,,3,D40D0D,FFFFFF,,,,,,
metrobus,metrobus_vehicle_positions_enriched,2026-07-28T06:39:05Z,2026-07-28,20260728T063902Z,c57d291e-33cf-42ff-8b70-a611a5c96d5c,,,,,,69411,3310,TienepermisodeSEMOVI,19.478235244750977,-99.06356811523438,351.0,0.0,0.0,,,,1785217093,2026-07-27 23:38:13-06:00,,,,,,,,,,,,,,
metrobus,metrobus_vehicle_positions_enriched,2026-07-28T06:39:05Z,2026-07-28,20260728T063902Z,0d9799c1-ac9f-46f4-93bb-7d209c1ba576,,,,,,69523,1132,1230026,19.499744415283203,-99.11881256103516,0.0,0.0,0.0,,,,1785220728,2026-07-28 00:38:48-06:00,,,,,,,,,,,,,,
metrobus,metrobus_vehicle_positions_enriched,2026-07-28T06:39:05Z,2026-07-28,20260728T063902Z,65546925-24d8-443c-bff4-b934040c3e32,,19499,0.0,06:32:15,20260728,69522,1131,1230025,19.49997329711914,-99.11983489990234,245.0,0.0,0.0,,,,1785220742,2026-07-28 00:39:02-06:00,,,1,L01a07-1 indios verdes - el caminero,,3,D40D0D,FFFFFF,,,,,,
metrobus,metrobus_vehicle_positions_enriched,2026-07-28T06:39:05Z,2026-07-28,20260728T063902Z,12dc866d-8708-423e-b141-8d801f0eee97,,19500,1.0,06:05:10,20260728,69521,1130,1230024,19.381425857543945,-99.17646026611328,185.0,42.0,151.20000000000002,,,,1785220729,2026-07-28 00:38:49-06:00,,,1,L01a07-2 el caminero - indios verdes,,3,D40D0D,FFFFFF,,,,,,
metrobus,metrobus_vehicle_positions_enriched,2026-07-28T06:39:05Z,2026-07-28,20260728T063902Z,7506057c-c5f9-4d65-bb5a-bba2e91097bc,,19564,0.0,05:18:10,20260728,69408,3307,1230171,19.389751434326172,-99.05857849121094,0.0,0.0,0.0,,,,1785220732,2026-07-28 00:38:52-06:00,,,2,L02c02-1 tepalcates - etiopía l3,,3,8D1A96,FFFFFF,,,,,,
metrobus,metrobus_vehicle_positions_enriched,2026-07-28T06:39:05Z,2026-07-28,20260728T063902Z,1074eb9e-7ed2-4b85-8d74-6cbfd4e8e975,,,,,,69520,1129,1230022,19.498916625976562,-99.11930847167969,0.0,0.0,0.0,,,,1785220714,2026-07-28 00:38:34-06:00,,,,,,,,,,,,,,
metrobus,metrobus_vehicle_positions_enriched,2026-07-28T06:39:05Z,2026-07-28,20260728T063902Z,01c53d0e-6b73-4c32-90f0-6fb71a9ea049,,19564,0.0,04:33:03,20260728,69407,3306,1230185,19.38991928100586,-99.05874633789062,301.0,0.0,0.0,,,,1785214765,2026-07-27 22:59:25-06:00,,,2,L02c02-1 tepalcates - etiopía l3,,3,8D1A96,FFFFFF,,,,,,
metrobus,metrobus_vehicle_positions_enriched,2026-07-28T06:39:05Z,2026-07-28,20260728T063902Z,3c0980c7-3786-4691-a43e-d4ec4d5e30d7,,,,,,69519,1128,003A008,19.499025344848633,-99.1192626953125,986.0,0.0,0.0,,,,1785220744,2026-07-28 00:39:04-06:00,,,,,,,,,,,,,,
metrobus,metrobus_vehicle_positions_enriched,2026-07-28T06:39:05Z,2026-07-28,20260728T063902Z,8f296179-9507-4ead-96af-feec40773c28,,,,,,69406,3305,1230183,19.390010833740234,-99.05890655517578,0.0,0.0,0.0,,,,1785220737,2026-07-28 00:38:57-06:00,,,,,,,,,,,,,,
metrobus,metrobus_vehicle_positions_enriched,2026-07-28T06:39:05Z,2026-07-28,20260728T063902Z,7360e333-794c-4887-93f2-7047cbf62978,,,,,,69518,1127,003A007,19.498979568481445,-99.119140625,951.0,10.0,36.0,,,,1785220739,2026-07-28 00:38:59-06:00,,,,,,,,,,,,,,
metrobus,metrobus_vehicle_positions_enriched,2026-07-28T06:39:05Z,2026-07-28,20260728T063902Z,b299de75-a1b6-48f3-ada5-e1af6db100ce,,19564,0.0,05:44:59,20260728,69405,3304,1230189,19.38922882080078,-99.0574722290039,121.0,0.0,0.0,,,,1785218718,2026-07-28 00:05:18-06:00,,,2,L02c02-1 tepalcates - etiopía l3,,3,8D1A96,FFFFFF,,,,,,
metrobus,metrobus_vehicle_positions_enriched,2026-07-28T06:39:05Z,2026-07-28,20260728T063902Z,aff6c428-053a-4e4d-9bd6-36035ed0efd9,,19492,0.0,04:50:53,20260728,69517,1126,003A006,19.50065040588379,-99.11947631835938,102.0,0.0,0.0,,,,1785214780,2026-07-27 22:59:40-06:00,,,1,L01a01-1 indios verdes - dr. gálvez,,3,D40D0D,FFFFFF,,,,,,
metrobus,metrobus_vehicle_positions_enriched,2026-07-28T06:39:05Z,2026-07-28,20260728T063902Z,f1325417-51e8-40ec-aadf-f32b590255ab,,,,,,69404,3303,1230179,19.38969612121582,-99.05860900878906,303.0,0.0,0.0,,,,1785219935,2026-07-28 00:25:35-06:00,,,,,,,,,,,,,,
metrobus,metrobus_vehicle_positions_enriched,2026-07-28T06:39:05Z,2026-07-28,20260728T063902Z,1eef8973-37a2-4f46-82ea-5afa38524bee,,,,,,69516,1125,003A005,19.49911117553711,-99.11914825439453,104.0,0.0,0.0,,,,1785219378,2026-07-28 00:16:18-06:00,,,,,,,,,,,,,,
metrobus,metrobus_vehicle_positions_enriched,2026-07-28T06:39:05Z,2026-07-28,20260728T063902Z,0ca227eb-3adc-47a6-8e93-a99b9d5e3c1f,,,,,,69515,1124,003A004,19.497966766357422,-99.11942291259766,0.0,0.0,0.0,,,,1785220741,2026-07-28 00:39:01-06:00,,,,,,,,,,,,,,
metrobus,metrobus_vehicle_positions_enriched,2026-07-28T06:39:05Z,2026-07-28,20260728T063902Z,4342fefa-36a2-4698-a332-0ac105fc64ca,,,,,,69403,3302,1230188,19.38930892944336,-99.05812072753906,0.0,0.0,0.0,,,,1785220745,2026-07-28 00:39:05-06:00,,,,,,,,,,,,,,
metrobus,metrobus_vehicle_positions_enriched,2026-07-28T06:39:05Z,2026-07-28,20260728T063902Z,6b5ab9fa-0698-48d9-b87d-cd21a61e4ead,,,,,,70074,940,1290142,19.487253189086914,-99.09359741210938,224.0,0.0,0.0,,,,1785220403,2026-07-28 00:33:23-06:00,,,,,,,,,,,,,,
metrobus,metrobus_vehicle_positions_enriched,2026-07-28T06:39:05Z,2026-07-28,20260728T063902Z,1bc6656a-1804-49f3-86f1-9ebdc3a951e8,,,,,,70075,941,1290143,19.487260818481445,-99.09245300292969,293.0,0.0,0.0,,,,1785218978,2026-07-28 00:09:38-06:00,,,,,,,,,,,,,,
metrobus,metrobus_vehicle_positions_enriched,2026-07-28T06:39:05Z,2026-07-28,20260728T063902Z,42feac14-4394-4ff1-85dd-5c5c313a9f5d,,,,,,69514,1123,003A003,19.499513626098633,-99.11896514892578,0.0,0.0,0.0,,,,1785220734,2026-07-28 00:38:54-06:00,,,,,,,,,,,,,,
metrobus,metrobus_vehicle_positions_enriched,2026-07-28T06:39:05Z,2026-07-28,20260728T063902Z,47dabd3a-fbab-4563-974b-10bf9116427d,,19566,0.0,04:52:39,20260728,69402,3301,1230186,19.389846801757812,-99.05875396728516,0.0,0.0,0.0,,,,1785220739,2026-07-28 00:38:59-06:00,,,2,L02c03-1 tepalcates - col. del valle,,3,8D1A96,FFFFFF,,,,,,
metrobus,metrobus_vehicle_positions_enriched,2026-07-28T06:39:05Z,2026-07-28,20260728T063902Z,3f3f04d7-91e2-4b37-964e-723babce1e0a,,19492,0.0,06:00:50,20260728,69513,1122,003A002,19.499523162841797,-99.11959075927734,194.0,0.0,0.0,,,,1785218961,2026-07-28 00:09:21-06:00,,,1,L01a01-1 indios verdes - dr. gálvez,,3,D40D0D,FFFFFF,,,,,,
metrobus,metrobus_vehicle_positions_enriched,2026-07-28T06:39:05Z,2026-07-28,20260728T063902Z,9d98f950-078b-48f0-aef5-3c657f570677,,,,,,70076,942,1290144,19.48729705810547,-99.09264373779297,289.0,0.0,0.0,,,,1785217380,2026-07-27 23:43:00-06:00,,,,,,,,,,,,,,
metrobus,metrobus_vehicle_positions_enriched,2026-07-28T06:39:05Z,2026-07-28,20260728T063902Z,0917e927-ad6c-4e98-9c98-2d3966b9e6df,,,,,,69324,701,1240014,19.479171752929688,-99.06391143798828,338.0,0.0,0.0,,,,1785220746,2026-07-28 00:39:06-06:00,,,,,,,,,,,,,,
metrobus,metrobus_vehicle_positions_enriched,2026-07-28T06:39:05Z,2026-07-28,20260728T063902Z,b777457a-9f05-4d1b-bddc-b4f2a3e58d45,,,,,,69325,702,1240015,19.479459762573242,-99.06388854980469,0.0,0.0,0.0,,,,1785215867,2026-07-27 23:17:47-06:00,,,,,,,,,,,,,,
metrobus,metrobus_vehicle_positions_enriched,2026-07-28T06:39:05Z,2026-07-28,20260728T063902Z,f47b6c6f-520a-42f6-93e0-46cf05a717d9,,19470,0.0,06:32:20,20260728,69326,703,1240016,19.47953224182129,-99.06441497802734,158.0,0.0,0.0,,,,1785220731,2026-07-28 00:38:51-06:00,,,6,L06g01-1 villa de aragón - el rosario,,3,E44599,FFFFFF,,,,,,
metrobus,metrobus_vehicle_positions_enriched,2026-07-28T06:39:05Z,2026-07-28,20260728T063902Z,0b61ae52-e743-4372-bd90-43ea259a9a99,,19473,0.0,06:02:09,20260728,69327,704,1240017,19.477785110473633,-99.06475830078125,229.0,0.0,0.0,,,,1785219659,2026-07-28 00:20:59-06:00,,,6,L06g02-1 villa de aragón - ipn,,3,E44599,FFFFFF,,,,,,
metrobus,metrobus_vehicle_positions_enriched,2026-07-28T06:39:05Z,2026-07-28,20260728T063902Z,7aff5708-6e05-44c0-95f2-22cf8cf6de89,,19471,1.0,05:51:51,20260728,69328,705,1240018,19.473262786865234,-99.06880950927734,135.0,31.0,111.60000000000001,,,,1785220743,2026-07-28 00:39:03-06:00,,,6,L06g01-2 el rosario - villa de aragón,,3,E44599,FFFFFF,,,,,,
metrobus,metrobus_vehicle_positions_enriched,2026-07-28T06:39:05Z,2026-07-28,20260728T063902Z,c1e82574-a781-4e44-8570-8feaaabf115c,,,,,,69329,706,1240019,19.47905158996582,-99.06385040283203,0.0,0.0,0.0,,,,1785220732,2026-07-28 00:38:52-06:00,,,,,,,,,,,,,,
metrobus,metrobus_vehicle_positions_enriched,2026-07-28T06:39:05Z,2026-07-28,20260728T063902Z,306c6d71-100d-443c-83d6-598435bce4df,,,,,,69410,3309,1230181,19.38909149169922,-99.05762481689453,0.0,0.0,0.0,,,,1785220738,2026-07-28 00:38:58-06:00,,,,,,,,,,,,,,
metrobus,metrobus_vehicle_positions_enriched,2026-07-28T06:39:05Z,2026-07-28,20260728T063902Z,aec0c602-88f1-432a-9d1c-bc5d2e160409,,,,,,69330,707,1240020,19.477886199951172,-99.0637435913086,0.0,0.0,0.0,,,,1785220738,2026-07-28 00:38:58-06:00,,,,,,,,,,,,,,
metrobus,metrobus_vehicle_positions_enriched,2026-07-28T06:39:05Z,2026-07-28,20260728T063902Z,82bf498d-c927-4eca-99cb-9d3164631b31,,,,,,69331,708,1240021,19.47804069519043,-99.06385040283203,655.0,0.0,0.0,,,,1785220235,2026-07-28 00:30:35-06:00,,,,,,,,,,,,,,
metrobus,metrobus_vehicle_positions_enriched,2026-07-28T06:39:05Z,2026-07-28,20260728T063902Z,91cf6f48-c2cf-4d5d-a8a2-37ac30ed28aa,,,,,,69409,3308,1230178,19.38999366760254,-99.05890655517578,0.0,0.0,0.0,,,,1785220736,2026-07-28 00:38:56-06:00,,,,,,,,,,,,,,
metrobus,metrobus_vehicle_positions_enriched,2026-07-28T06:39:05Z,2026-07-28,20260728T063902Z,36eaa201-8fdd-42a2-aeb6-73ef1d0f1aa8,,,,,,69332,709,1240022,19.477651596069336,-99.06462097167969,227.0,5.0,18.0,,,,1785220730,2026-07-28 00:38:50-06:00,,,,,,,,,,,,,,
metrobus,metrobus_vehicle_positions_enriched,2026-07-28T06:39:05Z,2026-07-28,20260728T063902Z,d03ad2b9-f5cb-49a0-973e-8a0aa63477f7,,,,,,69534,1143,1230001,19.4986572265625,-99.1191177368164,192.0,0.0,0.0,,,,1785220149,2026-07-28 00:29:09-06:00,,,,,,,,,,,,,,
metrobus,metrobus_vehicle_positions_enriched,2026-07-28T06:39:05Z,2026-07-28,20260728T063902Z,bb096818-4e69-4f26-9a1e-9e6fbe8e3a3f,,,,,,69533,1142,1230004,19.49891471862793,-99.11931610107422,0.0,0.0,0.0,,,,1785219801,2026-07-28 00:23:21-06:00,,,,,,,,,,,,,,
metrobus,metrobus_vehicle_positions_enriched,2026-07-28T06:39:05Z,2026-07-28,20260728T063902Z,f8b6014f-5b45-42d3-85e9-bd6c488d6bc5,,,,,,69421,3320,1230192,19.38991355895996,-99.05892944335938,0.0,0.0,0.0,,,,1785219798,2026-07-28 00:23:18-06:00,,,,,,,,,,,,,,
metrobus,metrobus_vehicle_positions_enriched,2026-07-28T06:39:05Z,2026-07-28,20260728T063902Z,c07fe379-9ddd-4bcc-88f9-755301c58544,,,,,,69532,1141,1230045,19.499422073364258,-99.11917114257812,0.0,0.0,0.0,,,,1785220407,2026-07-28 00:33:27-06:00,,,,,,,,,,,,,,
metrobus,metrobus_vehicle_positions_enriched,2026-07-28T06:39:05Z,2026-07-28,20260728T063902Z,ac74a73a-fcf5-403f-9cb1-bebc3cabd6bf,,19499,0.0,06:32:49,20260728,69531,1140,1230044,19.49940299987793,-99.11892700195312,132.0,0.0,0.0,,,,1785220731,2026-07-28 00:38:51-06:00,,,1,L01a07-1 indios verdes - el caminero,,3,D40D0D,FFFFFF,,,,,,
metrobus,metrobus_vehicle_positions_enriched,2026-07-28T06:39:05Z,2026-07-28,20260728T063902Z,2c896295-9b04-4feb-90d5-34e06039d25e,,,,,,69419,3318,1230190,19.389633178710938,-99.05804443359375,0.0,0.0,0.0,,,,1785220728,2026-07-28 00:38:48-06:00,,,,,,,,,,,,,,
metrobus,metrobus_vehicle_positions_enriched,2026-07-28T06:39:05Z,2026-07-28,20260728T063902Z,0f567294-2436-4873-accc-22a5914b0ce3,,19500,1.0,05:38:52,20260728,69530,1139,1230040,19.43597412109375,-99.15729522705078,225.0,12.0,43.2,,,,1785220733,2026-07-28 00:38:53-06:00,,,1,L01a07-2 el caminero - indios verdes,,3,D40D0D,FFFFFF,,,,,,
metrobus,metrobus_vehicle_positions_enriched,2026-07-28T06:39:05Z,2026-07-28,20260728T063902Z,f97aef01-92d2-4922-9b0c-7af870274b3e,,,,,,69418,3317,TienepermisodeSEMOVI,19.478832244873047,-99.06399536132812,155.0,0.0,0.0,,,,1785220734,2026-07-28 00:38:54-06:00,,,,,,,,,,,,,,
metrobus,metrobus_vehicle_positions_enriched,2026-07-28T06:39:05Z,2026-07-28,20260728T063902Z,f347e2eb-72ec-4cc4-bb52-6bda779b8e1a,,,,,,69417,3316,TienepermisodeSEMOVI,19.479358673095703,-99.06407165527344,0.0,0.0,0.0,,,,1785220733,2026-07-28 00:38:53-06:00,,,,,,,,,,,,,,
metrobus,metrobus_vehicle_positions_enriched,2026-07-28T06:39:05Z,2026-07-28,20260728T063902Z,ed0f3cb2-554a-42ae-acbd-ce2f7e95d54c,,,,,,69529,1138,1230038,19.500343322753906,-99.11913299560547,826.0,0.0,0.0,,,,1785220729,2026-07-28 00:38:49-06:00,,,,,,,,,,,,,,
metrobus,metrobus_vehicle_positions_enriched,2026-07-28T06:39:05Z,2026-07-28,20260728T063902Z,f74409f9-90c3-45f1-809b-9d6d05c93d75,,,,,,69416,3315,TienepermisodeSEMOVI,19.477859497070312,-99.0635986328125,984.0,0.0,0.0,,,,1785220738,2026-07-28 00:38:58-06:00,,,,,,,,,,,,,,
metrobus,metrobus_vehicle_positions_enriched,2026-07-28T06:39:05Z,2026-07-28,20260728T063902Z,4e9cc52d-f9af-4701-a90b-881b43336333,,19499,0.0,06:18:44,20260728,69528,1137,1230037,19.499677658081055,-99.11983489990234,197.0,0.0,0.0,,,,1785220730,2026-07-28 00:38:50-06:00,,,1,L01a07-1 indios verdes - el caminero,,3,D40D0D,FFFFFF,,,,,,
metrobus,metrobus_vehicle_positions_enriched,2026-07-28T06:39:05Z,2026-07-28,20260728T063902Z,24eec81a-8b28-4738-923a-167bae9e96a7,,,,,,69527,1136,1230031,19.499650955200195,-99.11905670166016,0.0,0.0,0.0,,,,1785218501,2026-07-28 00:01:41-06:00,,,,,,,,,,,,,,
metrobus,metrobus_vehicle_positions_enriched,2026-07-28T06:39:05Z,2026-07-28,20260728T063902Z,ca963c00-d62a-4f23-8829-48a72790f06a,,,,,,69415,3314,TienepermisodeSEMOVI,19.47934913635254,-99.0641098022461,336.0,0.0,0.0,,,,1785215306,2026-07-27 23:08:26-06:00,,,,,,,,,,,,,,
metrobus,metrobus_vehicle_positions_enriched,2026-07-28T06:39:05Z,2026-07-28,20260728T063902Z,ccbd110b-a7e6-4e42-b70b-e740c4e287dd,,19499,0.0,05:24:29,20260728,69526,1135,1230029,19.499488830566406,-99.11953735351562,193.0,0.0,0.0,,,,1785218107,2026-07-27 23:55:07-06:00,,,1,L01a07-1 indios verdes - el caminero,,3,D40D0D,FFFFFF,,,,,,
metrobus,metrobus_vehicle_positions_enriched,2026-07-28T06:39:05Z,2026-07-28,20260728T063902Z,61f60db4-c8f1-4312-9082-3eb5edb99aa3,,,,,,69414,3313,TienepermisodeSEMOVI,19.47930145263672,-99.06401062011719,0.0,0.0,0.0,,,,1785220737,2026-07-28 00:38:57-06:00,,,,,,,,,,,,,,
metrobus,metrobus_vehicle_positions_enriched,2026-07-28T06:39:05Z,2026-07-28,20260728T063902Z,d16badc7-d791-49e6-8339-1f52ba2f4012,,,,,,69525,1134,1230028,19.499736785888672,-99.11906433105469,173.0,0.0,0.0,,,,1785220730,2026-07-28 00:38:50-06:00,,,,,,,,,,,,,,
metrobus,metrobus_vehicle_positions_enriched,2026-07-28T06:39:05Z,2026-07-28,20260728T063902Z,6f76cfd8-7aef-40c7-85de-13e15527b4b6,,19470,0.0,06:36:23,20260728,69413,3312,TienepermisodeSEMOVI,19.46857452392578,-99.06343841552734,313.0,0.0,0.0,,,,1785220733,2026-07-28 00:38:53-06:00,,,6,L06g01-1 villa de aragón - el rosario,,3,E44599,FFFFFF,,,,,,
metrobus,metrobus_vehicle_positions_enriched,2026-07-28T06:39:05Z,2026-07-28,20260728T063902Z,261a0d06-059e-4bfd-acbc-b39f28ef5c15,,,,,,69333,710,1240023,19.47836685180664,-99.06376647949219,0.0,0.0,0.0,,,,1785220734,2026-07-28 00:38:54-06:00,,,,,,,,,,,,,,
metrobus,metrobus_vehicle_positions_enriched,2026-07-28T06:39:05Z,2026-07-28,20260728T063902Z,0510db40-edd7-4cf9-9161-ab50dd181e66,,19471,1.0,05:54:46,20260728,69334,711,1240024,19.468425750732422,-99.07158660888672,143.0,14.0,50.4,,,,1785220738,2026-07-28 00:38:58-06:00,,,6,L06g01-2 el rosario - villa de aragón,,3,E44599,FFFFFF,,,,,,
metrobus,metrobus_vehicle_positions_enriched,2026-07-28T06:39:05Z,2026-07-28,20260728T063902Z,59ad8ed5-f13d-4292-8c39-87afe807dd4a,,,,,,69412,3311,TienepermisodeSEMOVI,19.478200912475586,-99.06387329101562,705.0,0.0,0.0,,,,1785214827,2026-07-27 23:00:27-06:00,,,,,,,,,,,,,,
metrobus,metrobus_vehicle_positions_enriched,2026-07-28T06:39:05Z,2026-07-28,20260728T063902Z,74012010-8e41-450f-9784-240dc686dbe7,,19494,0.0,05:38:44,20260728,69524,1133,1230027,19.50037384033203,-99.11913299560547,981.0,0.0,0.0,,,,1785218676,2026-07-28 00:04:36-06:00,,,1,L01a02-1 indios verdes - insurgentes,,3,D40D0D,FFFFFF,,,,,,
metrobus,metrobus_vehicle_positions_enriched,2026-07-28T06:39:05Z,2026-07-28,20260728T063902Z,765e99c5-b1f0-4f76-953e-69a1c8a8a39f,,,,,,69335,712,1240109,19.478168487548828,-99.0638198852539,684.0,0.0,0.0,,,,1785218144,2026-07-27 23:55:44-06:00,,,,,,,,,,,,,,
metrobus,metrobus_vehicle_positions_enriched,2026-07-28T06:39:05Z,2026-07-28,20260728T063902Z,2e2b151a-4a51-499e-9e34-5b596d42bf07,,,,,,69336,713,1240110,19.478120803833008,-99.06381225585938,683.0,0.0,0.0,,,,1785220221,2026-07-28 00:30:21-06:00,,,,,,,,,,,,,,
metrobus,metrobus_vehicle_positions_enriched,2026-07-28T06:39:05Z,2026-07-28,20260728T063902Z,31e71299-7524-4f15-9b56-d7981e4bfbfd,,,,,,69337,714,1240111,19.477981567382812,-99.06377410888672,0.0,0.0,0.0,,,,1785218502,2026-07-28 00:01:42-06:00,,,,,,,,,,,,,,
metrobus,metrobus_vehicle_positions_enriched,2026-07-28T06:39:05Z,2026-07-28,20260728T063902Z,2c945ea4-c2f6-433d-bfdd-d3fca0aa9c96,,,,,,69338,715,1240112,19.479480743408203,-99.06377410888672,0.0,0.0,0.0,,,,1785220729,2026-07-28 00:38:49-06:00,,,,,,,,,,,,,,
metrobus,metrobus_vehicle_positions_enriched,2026-07-28T06:39:05Z,2026-07-28,20260728T063902Z,787967ca-34b7-453c-b084-78515d8b986e,,,,,,69339,716,ConPermisovencido,19.479291915893555,-99.06381225585938,337.0,0.0,0.0,,,,1785218776,2026-07-28 00:06:16-06:00,,,,,,,,,,,,,,
metrobus,metrobus_vehicle_positions_enriched,2026-07-28T06:39:05Z,2026-07-28,20260728T063902Z,757d52d9-237c-4f15-a55e-5b0b91702794,,,,,,69340,717,1240114,19.479450225830078,-99.06390380859375,0.0,0.0,0.0,,,,1785219627,2026-07-28 00:20:27-06:00,,,,,,,,,,,,,,
metrobus,metrobus_vehicle_positions_enriched,2026-07-28T06:39:05Z,2026-07-28,20260728T063902Z,cf86ad71-db3c-4470-96eb-81df4bc70a95,,,,,,69341,718,1240115,19.47844123840332,-99.06390380859375,0.0,0.0,0.0,,,,1785217815,2026-07-27 23:50:15-06:00,,,,,,,,,,,,,,
metrobus,metrobus_vehicle_positions_enriched,2026-07-28T06:39:05Z,2026-07-28,20260728T063902Z,5118a712-b190-45ad-a889-2114328277bb,,19471,1.0,06:08:42,20260728,69342,719,1240116,19.48371124267578,-99.11759185791016,111.0,44.0,158.4,,,,1785220730,2026-07-28 00:38:50-06:00,,,6,L06g01-2 el rosario - villa de aragón,,3,E44599,FFFFFF,,,,,,
metrobus,metrobus_vehicle_positions_enriched,2026-07-28T06:39:05Z,2026-07-28,20260728T063902Z,8cad325a-d9da-4596-9924-f0f6d89dd1ed,,,,,,69420,3319,1230191,19.389291763305664,-99.05810546875,0.0,0.0,0.0,,,,1785220741,2026-07-28 00:39:01-06:00,,,,,,,,,,,,,,
metrobus,metrobus_vehicle_positions_enriched,2026-07-28T06:39:05Z,2026-07-28,20260728T063902Z,07c63d04-346f-4e99-a735-21c41feab522,,,,,,69538,1147,1230030,19.49919891357422,-99.11933898925781,100.0,0.0,0.0,,,,1785220737,2026-07-28 00:38:57-06:00,,,,,,,,,,,,,,
metrobus,metrobus_vehicle_positions_enriched,2026-07-28T06:39:05Z,2026-07-28,20260728T063902Z,b80c8dcc-967f-4bc0-98d9-6b03ada5c2ea,,,,,,69343,720,1240117,19.479110717773438,-99.063720703125,337.0,0.0,0.0,,,,1785220730,2026-07-28 00:38:50-06:00,,,,,,,,,,,,,,
metrobus,metrobus_vehicle_positions_enriched,2026-07-28T06:39:05Z,2026-07-28,20260728T063902Z,f815416d-3ec0-41bf-aa7a-083a7150e7e1,,,,,,69537,1146,1230023,19.49886131286621,-99.1189956665039,120.0,0.0,0.0,,,,1785220170,2026-07-28 00:29:30-06:00,,,,,,,,,,,,,,
metrobus,metrobus_vehicle_positions_enriched,2026-07-28T06:39:05Z,2026-07-28,20260728T063902Z,2a78dc2d-540d-431e-810c-2596eb9431e8,,,,,,69536,1145,1230041,19.498886108398438,-99.1192855834961,0.0,0.0,0.0,,,,1785220124,2026-07-28 00:28:44-06:00,,,,,,,,,,,,,,
metrobus,metrobus_vehicle_positions_enriched,2026-07-28T06:39:05Z,2026-07-28,20260728T063902Z,4c46c8b3-28e3-418c-8d2f-97b616447fc0,,,,,,69344,721,1240118,19.47941780090332,-99.06401824951172,0.0,0.0,0.0,,,,1785220728,2026-07-28 00:38:48-06:00,,,,,,,,,,,,,,
metrobus,metrobus_vehicle_positions_enriched,2026-07-28T06:39:05Z,2026-07-28,20260728T063902Z,9a9ff47b-cf9e-4bab-b610-18cd82bdb40e,,,,,,69345,722,1240159,19.47944450378418,-99.06398010253906,338.0,0.0,0.0,,,,1785219985,2026-07-28 00:26:25-06:00,,,,,,,,,,,,,,
metrobus,metrobus_vehicle_positions_enriched,2026-07-28T06:39:05Z,2026-07-28,20260728T063902Z,3427ce1c-6b79-406a-b0d0-7c30a44b98f3,,,,,,69535,1144,1230047,19.50009536743164,-99.11902618408203,0.0,0.0,0.0,,,,1785171640,2026-07-27 11:00:40-06:00,,,,,,,,,,,,,,
metrobus,metrobus_vehicle_positions_enriched,2026-07-28T06:39:05Z,2026-07-28,20260728T063902Z,862a008b-f23f-4d1c-8d88-ada9bbc5010d,,,,,,69346,723,1240160,19.479389190673828,-99.06425476074219,156.0,0.0,0.0,,,,1785220732,2026-07-28 00:38:52-06:00,,,,,,,,,,,,,,
metrobus,metrobus_vehicle_positions_enriched,2026-07-28T06:39:05Z,2026-07-28,20260728T063902Z,f44a9aa8-2277-4029-ad73-45ec33b5f6b5,,,,,,69347,724,1240161,19.477853775024414,-99.06481170654297,210.0,0.0,0.0,,,,1785220732,2026-07-28 00:38:52-06:00,,,,,,,,,,,,,,
metrobus,metrobus_vehicle_positions_enriched,2026-07-28T06:39:05Z,2026-07-28,20260728T063902Z,5288d9ba-e221-45c5-8a0c-86c84932eb41,,,,,,69348,725,1240162,19.479036331176758,-99.06378936767578,336.0,0.0,0.0,,,,1785220727,2026-07-28 00:38:47-06:00,,,,,,,,,,,,,,
metrobus,metrobus_vehicle_positions_enriched,2026-07-28T06:39:05Z,2026-07-28,20260728T063902Z,ff38ed33-659c-4889-9eed-6ca83c2f13f6,,,,,,69349,726,1240163,19.479036331176758,-99.06385803222656,336.0,0.0,0.0,,,,1785220744,2026-07-28 00:39:04-06:00,,,,,,,,,,,,,,
metrobus,metrobus_vehicle_positions_enriched,2026-07-28T06:39:05Z,2026-07-28,20260728T063902Z,02e73204-61a1-4295-9d8c-0d8f04673fd0,,,,,,69350,727,1240164,19.479101181030273,-99.06375122070312,0.0,0.0,0.0,,,,1785220738,2026-07-28 00:38:58-06:00,,,,,,,,,,,,,,
metrobus,metrobus_vehicle_positions_enriched,2026-07-28T06:39:05Z,2026-07-28,20260728T063902Z,9b45bef7-55be-4783-895f-8d9e205f3e54,,,,,,69351,728,1240165,19.479511260986328,-99.06372833251953,0.0,0.0,0.0,,,,1785217968,2026-07-27 23:52:48-06:00,,,,,,,,,,,,,,
metrobus,metrobus_vehicle_positions_enriched,2026-07-28T06:39:05Z,2026-07-28,20260728T063902Z,bf28b754-a170-44bf-931e-6e6b615afc67,,,,,,69352,729,1240166,19.479116439819336,-99.06377410888672,0.0,0.0,0.0,,,,1785220733,2026-07-28 00:38:53-06:00,,,,,,,,,,,,,,
metrobus,metrobus_vehicle_positions_enriched,2026-07-28T06:39:05Z,2026-07-28,20260728T063902Z,ee2a1b50-3ab4-4770-bb95-5f732b0c0538,,19563,0.0,05:52:05,20260728,70117,3343,1250008,19.387126922607422,-99.05986022949219,630.0,0.0,0.0,,,,1785220743,2026-07-28 00:39:03-06:00,,,2,L02c01-1 tepalcates - tacubaya,,3,8D1A96,FFFFFF,,,,,,
metrobus,metrobus_vehicle_positions_enriched,2026-07-28T06:39:05Z,2026-07-28,20260728T063902Z,d6881d31-5fce-4fdc-8591-7c07bbb415dd,,,,,,70116,3342,1250009,19.386913299560547,-99.05992889404297,830.0,0.0,0.0,,,,1785217092,2026-07-27 23:38:12-06:00,,,,,,,,,,,,,,
metrobus,metrobus_vehicle_positions_enriched,2026-07-28T06:39:05Z,2026-07-28,20260728T063902Z,4f42e35b-e330-41b3-99d0-c467cb645b74,,,,,,70115,3341,1250013,19.386707305908203,-99.05982208251953,0.0,0.0,0.0,,,,1785220742,2026-07-28 00:39:02-06:00,,,,,,,,,,,,,,
metrobus,metrobus_vehicle_positions_enriched,2026-07-28T06:39:05Z,2026-07-28,20260728T063902Z,c4e7cb98-df39-489c-aedc-5f781f29da1c,,,,,,70114,3340,1250014,19.386716842651367,-99.05988311767578,0.0,0.0,0.0,,,,1785220736,2026-07-28 00:38:56-06:00,,,,,,,,,,,,,,
metrobus,metrobus_vehicle_positions_enriched,2026-07-28T06:39:05Z,2026-07-28,20260728T063902Z,d289fe13-b904-4277-b9bf-7e0415888b4b,,19566,0.0,05:57:59,20260728,70113,3339,1250012,19.386943817138672,-99.05972290039062,178.0,0.0,0.0,,,,1785220735,2026-07-28 00:38:55-06:00,,,2,L02c03-1 tepalcates - col. del valle,,3,8D1A96,FFFFFF,,,,,,
metrobus,metrobus_vehicle_positions_enriched,2026-07-28T06:39:05Z,2026-07-28,20260728T063902Z,c3caf29f-1668-4ff4-a6cb-0dacc436f1b7,,19563,0.0,05:07:01,20260728,70112,3338,1250011,19.386728286743164,-99.05985260009766,357.0,0.0,0.0,,,,1785218069,2026-07-27 23:54:29-06:00,,,2,L02c01-1 tepalcates - tacubaya,,3,8D1A96,FFFFFF,,,,,,
metrobus,metrobus_vehicle_positions_enriched,2026-07-28T06:39:05Z,2026-07-28,20260728T063902Z,457542d2-fb4b-44f2-b7d1-28f5d34abf33,,,,,,69353,730,1240167,19.479278564453125,-99.06385040283203,0.0,0.0,0.0,,,,1785219648,2026-07-28 00:20:48-06:00,,,,,,,,,,,,,,
metrobus,metrobus_vehicle_positions_enriched,2026-07-28T06:39:05Z,2026-07-28,20260728T063902Z,f4847108-0531-4352-9c62-fab93f0a688e,,,,,,69354,731,1240168,19.479217529296875,-99.06396484375,336.0,0.0,0.0,,,,1785219596,2026-07-28 00:19:56-06:00,,,,,,,,,,,,,,
metrobus,metrobus_vehicle_positions_enriched,2026-07-28T06:39:05Z,2026-07-28,20260728T063902Z,5d383b1c-2b2e-471a-a008-de7accd48e4f,,,,,,69355,732,1240169,19.47922706604004,-99.06399536132812,0.0,0.0,0.0,,,,1785220682,2026-07-28 00:38:02-06:00,,,,,,,,,,,,,,
metrobus,metrobus_vehicle_positions_enriched,2026-07-28T06:39:05Z,2026-07-28,20260728T063902Z,ae2e2e12-d04b-4e1c-bfbb-289a095077ae,,,,,,69356,733,1240170,19.47922134399414,-99.06392669677734,337.0,0.0,0.0,,,,1785219513,2026-07-28 00:18:33-06:00,,,,,,,,,,,,,,
metrobus,metrobus_vehicle_positions_enriched,2026-07-28T06:39:05Z,2026-07-28,20260728T063902Z,08cf22ff-1747-4035-bb47-3d815ab95c23,,,,,,69357,734,1240171,19.479246139526367,-99.06389617919922,337.0,0.0,0.0,,,,1785217435,2026-07-27 23:43:55-06:00,,,,,,,,,,,,,,
metrobus,metrobus_vehicle_positions_enriched,2026-07-28T06:39:05Z,2026-07-28,20260728T063902Z,61eb1011-9cfa-4be7-9c90-e3c6ece7640c,,,,,,69358,735,1240172,19.479276657104492,-99.0638427734375,0.0,0.0,0.0,,,,1785219886,2026-07-28 00:24:46-06:00,,,,,,,,,,,,,,
metrobus,metrobus_vehicle_positions_enriched,2026-07-28T06:39:05Z,2026-07-28,20260728T063902Z,5d20268a-4bbb-4cb1-ac6a-d2190e47e72e,,19470,0.0,06:28:23,20260728,69359,736,1240173,19.47940444946289,-99.06432342529297,155.0,0.0,0.0,,,,1785220736,2026-07-28 00:38:56-06:00,,,6,L06g01-1 villa de aragón - el rosario,,3,E44599,FFFFFF,,,,,,
metrobus,metrobus_vehicle_positions_enriched,2026-07-28T06:39:05Z,2026-07-28,20260728T063902Z,947f307e-1e28-4d67-8f72-a88dffd247f3,,19563,0.0,04:16:30,20260728,69725,3353,1250030,19.388771057128906,-99.0594711303711,314.0,0.0,0.0,,,,1785217404,2026-07-27 23:43:24-06:00,,,2,L02c01-1 tepalcates - tacubaya,,3,8D1A96,FFFFFF,,,,,,
metrobus,metrobus_vehicle_positions_enriched,2026-07-28T06:39:05Z,2026-07-28,20260728T063902Z,57cc6b31-6349-4ce2-8c8e-0e7f8a2bdb82,,19562,1.0,06:37:44,20260728,69724,3352,1250029,19.405410766601562,-99.18556213378906,222.0,34.0,122.4,,,,1785220738,2026-07-28 00:38:58-06:00,,,2,L02c01-2 tacubaya - tepalcates,,3,8D1A96,FFFFFF,,,,,,
metrobus,metrobus_vehicle_positions_enriched,2026-07-28T06:39:05Z,2026-07-28,20260728T063902Z,72b05f9e-5dc5-44cd-b1eb-19687b67a36a,,19563,0.0,05:41:37,20260728,69723,3351,1250028,19.397144317626953,-99.16473388671875,282.0,19.0,68.4,,,,1785220262,2026-07-28 00:31:02-06:00,,,2,L02c01-1 tepalcates - tacubaya,,3,8D1A96,FFFFFF,,,,,,
metrobus,metrobus_vehicle_positions_enriched,2026-07-28T06:39:05Z,2026-07-28,20260728T063902Z,a64f1001-b7a6-4bab-b693-77baf518af0e,,19566,0.0,05:19:35,20260728,70120,3346,003A018,19.386985778808594,-99.05990600585938,344.0,0.0,0.0,,,,1785219290,2026-07-28 00:14:50-06:00,,,2,L02c03-1 tepalcates - col. del valle,,3,8D1A96,FFFFFF,,,,,,
metrobus,metrobus_vehicle_positions_enriched,2026-07-28T06:39:05Z,2026-07-28,20260728T063902Z,5600f6ea-4ab5-40ba-8eb4-bbe7eab1015e,,19566,0.0,03:54:31,20260728,70119,3345,1250007,19.386547088623047,-99.05992126464844,0.0,0.0,0.0,,,,1785215293,2026-07-27 23:08:13-06:00,,,2,L02c03-1 tepalcates - col. del valle,,3,8D1A96,FFFFFF,,,,,,
metrobus,metrobus_vehicle_positions_enriched,2026-07-28T06:39:05Z,2026-07-28,20260728T063902Z,14495446-6598-47ab-9915-f348da5aa749,,19566,0.0,06:03:32,20260728,70118,3344,1250006,19.386926651000977,-99.06017303466797,102.0,0.0,0.0,,,,1785220736,2026-07-28 00:38:56-06:00,,,2,L02c03-1 tepalcates - col. del valle,,3,8D1A96,FFFFFF,,,,,,
metrobus,metrobus_vehicle_positions_enriched,2026-07-28T06:39:05Z,2026-07-28,20260728T063902Z,6c8a49a2-5e25-4356-b43e-201a0e4c6db4,,,,,,69211,509,1260137,19.420124053955078,-99.09254455566406,211.0,0.0,0.0,,,,1785215776,2026-07-27 23:16:16-06:00,,,,,,,,,,,,,,
metrobus,metrobus_vehicle_positions_enriched,2026-07-28T06:39:05Z,2026-07-28,20260728T063902Z,a24a5015-fafc-4b15-91d6-359365214bed,,19471,1.0,05:19:20,20260728,69726,751,1280022,19.506946563720703,-99.19651794433594,356.0,0.0,0.0,,,,1785220742,2026-07-28 00:39:02-06:00,,,6,L06g01-2 el rosario - villa de aragón,,3,E44599,FFFFFF,,,,,,
metrobus,metrobus_vehicle_positions_enriched,2026-07-28T06:39:05Z,2026-07-28,20260728T063902Z,0bec7220-c86b-4536-aaee-6ee11e75f171,,19471,1.0,06:08:58,20260728,69727,752,1280023,19.506887435913086,-99.19647216796875,0.0,0.0,0.0,,,,1785220736,2026-07-28 00:38:56-06:00,,,6,L06g01-2 el rosario - villa de aragón,,3,E44599,FFFFFF,,,,,,
metrobus,metrobus_vehicle_positions_enriched,2026-07-28T06:39:05Z,2026-07-28,20260728T063902Z,0f19d49e-cf69-43fa-ba41-9fd2a23243c2,,,,,,69212,510,1260138,19.4219913482666,-99.09143829345703,220.0,0.0,0.0,,,,1785216905,2026-07-27 23:35:05-06:00,,,,,,,,,,,,,,
metrobus,metrobus_vehicle_positions_enriched,2026-07-28T06:39:05Z,2026-07-28,20260728T063902Z,4d371445-9149-459c-86d4-87e153438c17,,19471,1.0,05:44:47,20260728,69728,753,1280024,19.50722312927246,-99.19674682617188,156.0,0.0,0.0,,,,1785219325,2026-07-28 00:15:25-06:00,,,6,L06g01-2 el rosario - villa de aragón,,3,E44599,FFFFFF,,,,,,
metrobus,metrobus_vehicle_positions_enriched,2026-07-28T06:39:05Z,2026-07-28,20260728T063902Z,490571fb-2149-46fe-a1aa-5c667612e4dc,,,,,,69213,511,1260139,19.398639678955078,-99.07612609863281,194.0,0.0,0.0,,,,1781973478,2026-06-20 10:37:58-06:00,,,,,,,,,,,,,,
metrobus,metrobus_vehicle_positions_enriched,2026-07-28T06:39:05Z,2026-07-28,20260728T063902Z,16e0084b-0aa0-472f-bf21-ea5b9cce36c6,,19471,1.0,06:16:22,20260728,69729,754,1280025,19.506933212280273,-99.19660949707031,686.0,0.0,0.0,,,,1785220738,2026-07-28 00:38:58-06:00,,,6,L06g01-2 el rosario - villa de aragón,,3,E44599,FFFFFF,,,,,,
metrobus,metrobus_vehicle_positions_enriched,2026-07-28T06:39:05Z,2026-07-28,20260728T063902Z,c94af0fc-33ae-42bd-aece-0f32a0870a5b,,,,,,69214,512,1260140,19.42326545715332,-99.09176635742188,358.0,0.0,0.0,,,,1783049743,2026-07-02 21:35:43-06:00,,,,,,,,,,,,,,
metrobus,metrobus_vehicle_positions_enriched,2026-07-28T06:39:05Z,2026-07-28,20260728T063902Z,3b37b001-59c2-4a9a-b537-ab3b4aec3da0,,19471,1.0,06:18:30,20260728,69730,755,1280026,19.507068634033203,-99.19725799560547,104.0,0.0,0.0,,,,1785220730,2026-07-28 00:38:50-06:00,,,6,L06g01-2 el rosario - villa de aragón,,3,E44599,FFFFFF,,,,,,
metrobus,metrobus_vehicle_positions_enriched,2026-07-28T06:39:05Z,2026-07-28,20260728T063902Z,1005d9ea-3ddc-47d2-af9d-b825d279da1b,,19471,1.0,05:55:01,20260728,69731,756,1280027,19.50694465637207,-99.196533203125,840.0,0.0,0.0,,,,1785220738,2026-07-28 00:38:58-06:00,,,6,L06g01-2 el rosario - villa de aragón,,3,E44599,FFFFFF,,,,,,
metrobus,metrobus_vehicle_positions_enriched,2026-07-28T06:39:05Z,2026-07-28,20260728T063902Z,ca31abe3-9efe-4de5-a28b-f2ba402d7052,,,,,,69216,514,1260142,19.39864158630371,-99.076171875,175.0,0.0,0.0,,,,1781973398,2026-06-20 10:36:38-06:00,,,,,,,,,,,,,,
metrobus,metrobus_vehicle_positions_enriched,2026-07-28T06:39:05Z,2026-07-28,20260728T063902Z,d788e851-8b30-44ba-a825-86b73baa26c7,,20295,0.0,06:31:16,20260728,69732,757,1280028,19.49248695373535,-99.14201354980469,282.0,0.0,0.0,,,,1785220728,2026-07-28 00:38:48-06:00,,,1,L31a31-1 indios verdes - pueblo sta cruz atoyac,,3,42A76B,FFFFFF,,,,,,
metrobus,metrobus_vehicle_positions_enriched,2026-07-28T06:39:05Z,2026-07-28,20260728T063902Z,eab618bb-e5c5-485d-805e-52f5212d943f,,,,,,69217,515,1260143,19.420984268188477,-99.09203338623047,291.0,0.0,0.0,,,,1785220743,2026-07-28 00:39:03-06:00,,,,,,,,,,,,,,
metrobus,metrobus_vehicle_positions_enriched,2026-07-28T06:39:05Z,2026-07-28,20260728T063902Z,c04d5920-5bed-4e79-9b34-9651618ecab2,,,,,,69733,758,1280029,19.507150650024414,-99.19644927978516,194.0,0.0,0.0,,,,1785213881,2026-07-27 22:44:41-06:00,,,,,,,,,,,,,,
metrobus,metrobus_vehicle_positions_enriched,2026-07-28T06:39:05Z,2026-07-28,20260728T063902Z,2acab178-b1ce-4d1a-acbf-e9663b98823b,,,,,,69218,516,1260144,19.398656845092773,-99.07621765136719,215.0,0.0,0.0,,,,1781973302,2026-06-20 10:35:02-06:00,,,,,,,,,,,,,,
metrobus,metrobus_vehicle_positions_enriched,2026-07-28T06:39:05Z,2026-07-28,20260728T063902Z,3879e957-ac15-45c0-a558-b2b4af796ce5,,,,,,69734,759,1280030,19.506994247436523,-99.19656372070312,820.0,0.0,0.0,,,,1785220683,2026-07-28 00:38:03-06:00,,,,,,,,,,,,,,
metrobus,metrobus_vehicle_positions_enriched,2026-07-28T06:39:05Z,2026-07-28,20260728T063902Z,d867254e-e7fc-486e-8654-a3cbe51a5fc3,,,,,,69220,518,1260146,19.398685455322266,-99.07622528076172,232.0,0.0,0.0,,,,1781973061,2026-06-20 10:31:01-06:00,,,,,,,,,,,,,,
metrobus,metrobus_vehicle_positions_enriched,2026-07-28T06:39:05Z,2026-07-28,20260728T063902Z,a7fafb87-c307-4976-a2e3-9cbd36d97ac9,,,,,,69735,760,1280031,19.5075626373291,-99.19933319091797,193.0,0.0,0.0,,,,1785220735,2026-07-28 00:38:55-06:00,,,,,,,,,,,,,,
metrobus,metrobus_vehicle_positions_enriched,2026-07-28T06:39:05Z,2026-07-28,20260728T063902Z,836855a6-7813-4c80-8aad-cf9670b47fc5,,,,,,69736,761,1280032,19.507549285888672,-99.19932556152344,172.0,0.0,0.0,,,,1785220735,2026-07-28 00:38:55-06:00,,,,,,,,,,,,,,
metrobus,metrobus_vehicle_positions_enriched,2026-07-28T06:39:05Z,2026-07-28,20260728T063902Z,f104214b-45ae-4dcf-9f67-5ee6a0e05688,,,,,,69737,762,1280033,19.50714874267578,-99.19638061523438,0.0,0.0,0.0,,,,1785213640,2026-07-27 22:40:40-06:00,,,,,,,,,,,,,,
metrobus,metrobus_vehicle_positions_enriched,2026-07-28T06:39:05Z,2026-07-28,20260728T063902Z,36f77112-a0af-446a-93b7-f41040cd3a68,,,,,,69222,520,1260148,19.42250633239746,-99.09099578857422,283.0,0.0,0.0,,,,1785220526,2026-07-28 00:35:26-06:00,,,,,,,,,,,,,,
metrobus,metrobus_vehicle_positions_enriched,2026-07-28T06:39:05Z,2026-07-28,20260728T063902Z,401c4e58-4ab3-43c0-aafb-bba436357638,,,,,,69738,763,1280034,19.507118225097656,-99.1963119506836,0.0,0.0,0.0,,,,1785215530,2026-07-27 23:12:10-06:00,,,,,,,,,,,,,,
metrobus,metrobus_vehicle_positions_enriched,2026-07-28T06:39:05Z,2026-07-28,20260728T063902Z,0062b2f8-04ab-4533-a349-c1c803d62127,,,,,,69223,521,1260149,19.422882080078125,-99.09236145019531,0.0,0.0,0.0,,,,1785210904,2026-07-27 21:55:04-06:00,,,,,,,,,,,,,,
metrobus,metrobus_vehicle_positions_enriched,2026-07-28T06:39:05Z,2026-07-28,20260728T063902Z,a7fda79a-0b6e-4958-9e7a-36833510e3b3,,,,,,69739,764,1280035,19.50719451904297,-99.19658660888672,188.0,0.0,0.0,,,,1785215940,2026-07-27 23:19:00-06:00,,,,,,,,,,,,,,
metrobus,metrobus_vehicle_positions_enriched,2026-07-28T06:39:05Z,2026-07-28,20260728T063902Z,28937f0f-e7d1-42bd-adfd-54292fc62f60,,,,,,69224,522,1260150,19.419788360595703,-99.0927505493164,313.0,0.0,0.0,,,,1785220733,2026-07-28 00:38:53-06:00,,,,,,,,,,,,,,
metrobus,metrobus_vehicle_positions_enriched,2026-07-28T06:39:05Z,2026-07-28,20260728T063902Z,25abee8a-4e62-4d2b-968f-59ed5ac67e3d,,,,,,69740,765,1280036,19.507158279418945,-99.19652557373047,196.0,0.0,0.0,,,,1785214563,2026-07-27 22:56:03-06:00,,,,,,,,,,,,,,
metrobus,metrobus_vehicle_positions_enriched,2026-07-28T06:39:05Z,2026-07-28,20260728T063902Z,40195ae2-b2b7-4966-ac62-988e5910737a,,,,,,69225,523,1260151,19.421979904174805,-99.0913314819336,374.0,0.0,0.0,,,,1785218006,2026-07-27 23:53:26-06:00,,,,,,,,,,,,,,
metrobus,metrobus_vehicle_positions_enriched,2026-07-28T06:39:05Z,2026-07-28,20260728T063902Z,5e821654-7530-4388-91df-62e3ed394585,,19471,1.0,05:28:22,20260726,69741,766,1280037,19.50722885131836,-99.19673919677734,188.0,0.0,0.0,,,,1785046535,2026-07-26 00:15:35-06:00,,,6,L06g01-2 el rosario - villa de aragón,,3,E44599,FFFFFF,,,,,,
metrobus,metrobus_vehicle_positions_enriched,2026-07-28T06:39:05Z,2026-07-28,20260728T063902Z,95169526-fa52-4cb2-bcc3-a980f4c16a75,,,,,,69226,524,1260152,19.398670196533203,-99.07628631591797,233.0,0.0,0.0,,,,1781972942,2026-06-20 10:29:02-06:00,,,,,,,,,,,,,,
metrobus,metrobus_vehicle_positions_enriched,2026-07-28T06:39:05Z,2026-07-28,20260728T063902Z,f8d59e65-087a-4a2d-8a4d-2ec27d4deaaf,,,,,,69227,525,1260153,19.41908836364746,-99.09320068359375,332.0,0.0,0.0,,,,1785220732,2026-07-28 00:38:52-06:00,,,,,,,,,,,,,,
metrobus,metrobus_vehicle_positions_enriched,2026-07-28T06:39:05Z,2026-07-28,20260728T063902Z,f97335dd-cb40-4164-afbc-80fbc93d035d,,19471,1.0,05:31:55,20260728,69742,767,1280038,19.50682830810547,-99.19613647460938,111.0,0.0,0.0,,,,1785220737,2026-07-28 00:38:57-06:00,,,6,L06g01-2 el rosario - villa de aragón,,3,E44599,FFFFFF,,,,,,
metrobus,metrobus_vehicle_positions_enriched,2026-07-28T06:39:05Z,2026-07-28,20260728T063902Z,299e7e25-6766-4b2f-973e-f657f69772b1,,,,,,69743,768,1280039,19.506776809692383,-99.19636535644531,288.0,0.0,0.0,,,,1785213442,2026-07-27 22:37:22-06:00,,,,,,,,,,,,,,
metrobus,metrobus_vehicle_positions_enriched,2026-07-28T06:39:05Z,2026-07-28,20260728T063902Z,e9d94375-c86a-4334-a569-d5b755400ce6,,,,,,69228,526,1260154,19.422088623046875,-99.09126281738281,319.0,0.0,0.0,,,,1785220187,2026-07-28 00:29:47-06:00,,,,,,,,,,,,,,
metrobus,metrobus_vehicle_positions_enriched,2026-07-28T06:39:05Z,2026-07-28,20260728T063902Z,6c0078b3-616c-42fd-9d27-c4350ba28d91,,,,,,69744,769,1280040,19.507131576538086,-99.19637298583984,0.0,0.0,0.0,,,,1785220742,2026-07-28 00:39:02-06:00,,,,,,,,,,,,,,
metrobus,metrobus_vehicle_positions_enriched,2026-07-28T06:39:05Z,2026-07-28,20260728T063902Z,50300377-381f-437a-8483-35467b0af8b9,,,,,,69229,527,1260155,19.422447204589844,-99.09184265136719,121.0,0.0,0.0,,,,1785206117,2026-07-27 20:35:17-06:00,,,,,,,,,,,,,,
metrobus,metrobus_vehicle_positions_enriched,2026-07-28T06:39:05Z,2026-07-28,20260728T063902Z,0ab96d6c-f8c3-480d-82a2-148c79c78279,,19475,1.0,05:32:06,20260728,69745,770,1280041,19.5072078704834,-99.19671630859375,187.0,0.0,0.0,,,,1785219031,2026-07-28 00:10:31-06:00,,,6,L06g03-2 el rosario- dep. 18 de marzo,,3,E44599,FFFFFF,,,,,,
metrobus,metrobus_vehicle_positions_enriched,2026-07-28T06:39:05Z,2026-07-28,20260728T063902Z,2cabdcbc-059f-4908-89d5-5eff5a1b6c02,,,,,,69746,771,1280042,19.50716781616211,-99.19761657714844,105.0,0.0,0.0,,,,1785220730,2026-07-28 00:38:50-06:00,,,,,,,,,,,,,,
metrobus,metrobus_vehicle_positions_enriched,2026-07-28T06:39:05Z,2026-07-28,20260728T063902Z,6f995829-2eb6-4b27-98bd-9eebb53cabce,,19471,1.0,05:00:51,20260728,69747,772,1280043,19.5072021484375,-99.19664001464844,192.0,0.0,0.0,,,,1785217413,2026-07-27 23:43:33-06:00,,,6,L06g01-2 el rosario - villa de aragón,,3,E44599,FFFFFF,,,,,,
metrobus,metrobus_vehicle_positions_enriched,2026-07-28T06:39:05Z,2026-07-28,20260728T063902Z,452814fd-e695-41ac-8258-ad9698a1f775,,,,,,69232,530,1260158,19.42343521118164,-99.09175109863281,0.0,0.0,0.0,,,,1783893582,2026-07-12 15:59:42-06:00,,,,,,,,,,,,,,
metrobus,metrobus_vehicle_positions_enriched,2026-07-28T06:39:05Z,2026-07-28,20260728T063902Z,ed93173a-59b2-41a0-9a6a-8ba44f3f97ad,,,,,,69748,773,TienepermisodeSEMOVI,19.507217407226562,-99.19660949707031,0.0,0.0,0.0,,,,1785220740,2026-07-28 00:39:00-06:00,,,,,,,,,,,,,,
metrobus,metrobus_vehicle_positions_enriched,2026-07-28T06:39:05Z,2026-07-28,20260728T063902Z,9beecb9d-b6f9-4852-8b5b-2c0673f82983,,19470,0.0,06:19:30,20260728,69749,774,1280045,19.480243682861328,-99.10066986083984,293.0,43.0,154.8,,,,1785220730,2026-07-28 00:38:50-06:00,,,6,L06g01-1 villa de aragón - el rosario,,3,E44599,FFFFFF,,,,,,
metrobus,metrobus_vehicle_positions_enriched,2026-07-28T06:39:05Z,2026-07-28,20260728T063902Z,89479964-e141-42db-a39d-4f633a6c1188,,,,,,69234,532,1260160,19.422033309936523,-99.0913314819336,211.0,0.0,0.0,,,,1785220740,2026-07-28 00:39:00-06:00,,,,,,,,,,,,,,
metrobus,metrobus_vehicle_positions_enriched,2026-07-28T06:39:05Z,2026-07-28,20260728T063902Z,41b6fcf3-bc0b-4a57-8e71-0d18b8bfe340,,19471,1.0,05:19:41,20260728,69750,775,1280046,19.507204055786133,-99.19668579101562,189.0,0.0,0.0,,,,1785218316,2026-07-27 23:58:36-06:00,,,6,L06g01-2 el rosario - villa de aragón,,3,E44599,FFFFFF,,,,,,
metrobus,metrobus_vehicle_positions_enriched,2026-07-28T06:39:05Z,2026-07-28,20260728T063902Z,6551ceb9-b1b5-4f71-a4be-b4d9b472cc57,,,,,,69236,534,1260162,19.422199249267578,-99.0911865234375,269.0,0.0,0.0,,,,1785216890,2026-07-27 23:34:50-06:00,,,,,,,,,,,,,,
metrobus,metrobus_vehicle_positions_enriched,2026-07-28T06:39:05Z,2026-07-28,20260728T063902Z,70b9fc10-15ef-4238-9441-017aec49ffc0,,,,,,69751,776,1320053,19.507211685180664,-99.19654083251953,0.0,0.0,0.0,,,,1785220742,2026-07-28 00:39:02-06:00,,,,,,,,,,,,,,
metrobus,metrobus_vehicle_positions_enriched,2026-07-28T06:39:05Z,2026-07-28,20260728T063902Z,84f16eff-c5f9-40d3-8166-77d483f312a9,,19475,1.0,03:57:44,20260728,69752,777,1320051,19.507156372070312,-99.19642639160156,194.0,0.0,0.0,,,,1785213670,2026-07-27 22:41:10-06:00,,,6,L06g03-2 el rosario- dep. 18 de marzo,,3,E44599,FFFFFF,,,,,,
metrobus,metrobus_vehicle_positions_enriched,2026-07-28T06:39:05Z,2026-07-28,20260728T063902Z,650cec20-fa7e-49b5-a2d2-c3584a5f3c52,,,,,,69753,778,1320052,19.50716209411621,-99.19647216796875,0.0,0.0,0.0,,,,1785220740,2026-07-28 00:39:00-06:00,,,,,,,,,,,,,,
metrobus,metrobus_vehicle_positions_enriched,2026-07-28T06:39:05Z,2026-07-28,20260728T063902Z,1a1a3380-0ff6-4603-9633-a698855655dc,,,,,,69238,536,1260164,19.422189712524414,-99.09129333496094,218.0,0.0,0.0,,,,1785220429,2026-07-28 00:33:49-06:00,,,,,,,,,,,,,,
metrobus,metrobus_vehicle_positions_enriched,2026-07-28T06:39:05Z,2026-07-28,20260728T063902Z,383bafb2-7fa1-411e-a1af-8049e5f11dea,,,,,,69239,537,1260165,19.422496795654297,-99.09098815917969,325.0,0.0,0.0,,,,1785215114,2026-07-27 23:05:14-06:00,,,,,,,,,,,,,,
metrobus,metrobus_vehicle_positions_enriched,2026-07-28T06:39:05Z,2026-07-28,20260728T063902Z,8b70ecc1-d0ba-441c-a0fc-66245daf2914,,,,,,69240,538,1260166,19.42142677307129,-99.09159851074219,371.0,0.0,0.0,,,,1785220732,2026-07-28 00:38:52-06:00,,,,,,,,,,,,,,
metrobus,metrobus_vehicle_positions_enriched,2026-07-28T06:39:05Z,2026-07-28,20260728T063902Z,c2d98ecc-70ea-4d75-8882-cbb69f1231b5,,,,,,69241,539,1260167,19.418228149414062,-99.09256744384766,301.0,0.0,0.0,,,,1785220745,2026-07-28 00:39:05-06:00,,,,,,,,,,,,,,
metrobus,metrobus_vehicle_positions_enriched,2026-07-28T06:39:05Z,2026-07-28,20260728T063902Z,08432a0e-aba2-4f5b-84f3-5b53df9a9eb4,,19471,1.0,06:22:34,20260728,69179,781,1280047,19.506872177124023,-99.19606018066406,106.0,0.0,0.0,,,,1785220733,2026-07-28 00:38:53-06:00,,,6,L06g01-2 el rosario - villa de aragón,,3,E44599,FFFFFF,,,,,,
metrobus,metrobus_vehicle_positions_enriched,2026-07-28T06:39:05Z,2026-07-28,20260728T063902Z,bd4efb10-8e4b-4b76-a9f6-7824847a6149,,,,,,69180,782,1280048,19.507396697998047,-99.1973648071289,0.0,0.0,0.0,,,,1785220737,2026-07-28 00:38:57-06:00,,,,,,,,,,,,,,
metrobus,metrobus_vehicle_positions_enriched,2026-07-28T06:39:05Z,2026-07-28,20260728T063902Z,0e8aef02-de6b-4b18-aeff-7dfc8793a73d,,,,,,69181,783,1280049,19.50739288330078,-99.19739532470703,0.0,0.0,0.0,,,,1785220738,2026-07-28 00:38:58-06:00,,,,,,,,,,,,,,
metrobus,metrobus_vehicle_positions_enriched,2026-07-28T06:39:05Z,2026-07-28,20260728T063902Z,5cbfede0-3206-487f-83a6-ad5d9b4261bf,,,,,,69243,541,1260169,19.42209243774414,-99.09123992919922,211.0,0.0,0.0,,,,1785220739,2026-07-28 00:38:59-06:00,,,,,,,,,,,,,,
metrobus,metrobus_vehicle_positions_enriched,2026-07-28T06:39:05Z,2026-07-28,20260728T063902Z,29a9dc62-6b25-42c6-b523-d1fd7f62b837,,,,,,69182,784,1280050,19.50682258605957,-99.19623565673828,285.0,0.0,0.0,,,,1785195908,2026-07-27 17:45:08-06:00,,,,,,,,,,,,,,
metrobus,metrobus_vehicle_positions_enriched,2026-07-28T06:39:05Z,2026-07-28,20260728T063902Z,70014750-1892-44c5-b04c-70f2fe2cc4f8,,19475,1.0,05:11:37,20260728,69183,785,1280051,19.507389068603516,-99.19730377197266,191.0,0.0,0.0,,,,1785218013,2026-07-27 23:53:33-06:00,,,6,L06g03-2 el rosario- dep. 18 de marzo,,3,E44599,FFFFFF,,,,,,
metrobus,metrobus_vehicle_positions_enriched,2026-07-28T06:39:05Z,2026-07-28,20260728T063902Z,6fc977cd-2a5a-4481-baff-9f05f7e64afb,,,,,,69230,543,,19.422609329223633,-99.0932846069336,0.0,0.0,0.0,,,,1785220746,2026-07-28 00:39:06-06:00,,,,,,,,,,,,,,
metrobus,metrobus_vehicle_positions_enriched,2026-07-28T06:39:05Z,2026-07-28,20260728T063902Z,09901b17-26a4-4cfe-9295-40d6fabab981,,19470,0.0,05:59:53,20260728,69184,786,1280052,19.49332618713379,-99.14574432373047,284.0,2.0,7.2,,,,1785220729,2026-07-28 00:38:49-06:00,,,6,L06g01-1 villa de aragón - el rosario,,3,E44599,FFFFFF,,,,,,
metrobus,metrobus_vehicle_positions_enriched,2026-07-28T06:39:05Z,2026-07-28,20260728T063902Z,687ec7fe-6067-418a-bd3d-3d4afbdd8818,,,,,,69246,544,1260172,19.422822952270508,-99.09228515625,210.0,0.0,0.0,,,,1785220741,2026-07-28 00:39:01-06:00,,,,,,,,,,,,,,
metrobus,metrobus_vehicle_positions_enriched,2026-07-28T06:39:05Z,2026-07-28,20260728T063902Z,941bd16a-051f-4e2c-a363-37f0547c4413,,19475,1.0,04:08:07,20260728,69185,787,1280053,19.507387161254883,-99.1972427368164,0.0,0.0,0.0,,,,1785214012,2026-07-27 22:46:52-06:00,,,6,L06g03-2 el rosario- dep. 18 de marzo,,3,E44599,FFFFFF,,,,,,
metrobus,metrobus_vehicle_positions_enriched,2026-07-28T06:39:05Z,2026-07-28,20260728T063902Z,29a4bdde-7317-4485-a47e-221c56d8c0fd,,,,,,69186,788,1280054,19.506811141967773,-99.1957015991211,484.0,0.0,0.0,,,,1785220741,2026-07-28 00:39:01-06:00,,,,,,,,,,,,,,
metrobus,metrobus_vehicle_positions_enriched,2026-07-28T06:39:05Z,2026-07-28,20260728T063902Z,ef076e9b-6f8a-451b-b894-3d47d2f68ec6,,,,,,69248,546,1260174,19.423248291015625,-99.09204864501953,0.0,0.0,0.0,,,,1785217380,2026-07-27 23:43:00-06:00,,,,,,,,,,,,,,
metrobus,metrobus_vehicle_positions_enriched,2026-07-28T06:39:05Z,2026-07-28,20260728T063902Z,3c3d4bd1-315b-495d-879a-2ac02186d5b1,,,,,,69187,789,TienepermisodeSEMOVI,19.50737953186035,-99.19721984863281,0.0,0.0,0.0,,,,1785220735,2026-07-28 00:38:55-06:00,,,,,,,,,,,,,,
metrobus,metrobus_vehicle_positions_enriched,2026-07-28T06:39:05Z,2026-07-28,20260728T063902Z,2df54bc7-6937-414c-98bf-9315b26f15ca,,,,,,69304,305,TienepermisodeSEMOVI,19.389249801635742,-99.05744171142578,0.0,0.0,0.0,,,,1785215085,2026-07-27 23:04:45-06:00,,,,,,,,,,,,,,
metrobus,metrobus_vehicle_positions_enriched,2026-07-28T06:39:05Z,2026-07-28,20260728T063902Z,f9e2c024-1382-4b92-8016-3d2d0f701b6a,,,,,,69249,547,1260175,19.4215087890625,-99.09165954589844,210.0,0.0,0.0,,,,1785217176,2026-07-27 23:39:36-06:00,,,,,,,,,,,,,,
metrobus,metrobus_vehicle_positions_enriched,2026-07-28T06:39:05Z,2026-07-28,20260728T063902Z,7b4f3089-fff1-410d-94c8-158ef9dd8824,,,,,,69250,548,1260176,19.419845581054688,-99.09270477294922,0.0,0.0,0.0,,,,1785215580,2026-07-27 23:13:00-06:00,,,,,,,,,,,,,,
metrobus,metrobus_vehicle_positions_enriched,2026-07-28T06:39:05Z,2026-07-28,20260728T063902Z,1950cf51-e652-465b-9e72-36068ada6599,,,,,,69305,306,TienepermisodeSEMOVI,19.38980484008789,-99.05854797363281,0.0,0.0,0.0,,,,1785220381,2026-07-28 00:33:01-06:00,,,,,,,,,,,,,,
metrobus,metrobus_vehicle_positions_enriched,2026-07-28T06:39:05Z,2026-07-28,20260728T063902Z,8a00505a-ee50-4e39-9d42-8ffe74875ada,,,,,,69306,307,TienepermisodeSEMOVI,19.38972282409668,-99.05819702148438,0.0,0.0,0.0,,,,1785220742,2026-07-28 00:39:02-06:00,,,,,,,,,,,,,,
metrobus,metrobus_vehicle_positions_enriched,2026-07-28T06:39:05Z,2026-07-28,20260728T063902Z,8a98b157-a2b5-469e-a127-577407034a9a,,,,,,69251,549,1260177,19.419349670410156,-99.09300994873047,315.0,0.0,0.0,,,,1785220741,2026-07-28 00:39:01-06:00,,,,,,,,,,,,,,
metrobus,metrobus_vehicle_positions_enriched,2026-07-28T06:39:05Z,2026-07-28,20260728T063902Z,38010517-c3f7-4412-9f90-6aea03c93fd9,,,,,,69307,308,TienepermisodeSEMOVI,19.389846801757812,-99.05842590332031,0.0,0.0,0.0,,,,1785220442,2026-07-28 00:34:02-06:00,,,,,,,,,,,,,,
metrobus,metrobus_vehicle_positions_enriched,2026-07-28T06:39:05Z,2026-07-28,20260728T063902Z,7db46e7f-1d01-451d-9c10-daa705e629e7,,,,,,74819,9701,,19.479509353637695,-99.06452178955078,0.0,0.0,0.0,,,,1785219199,2026-07-28 00:13:19-06:00,,,,,,,,,,,,,,
metrobus,metrobus_vehicle_positions_enriched,2026-07-28T06:39:05Z,2026-07-28,20260728T063902Z,ea45160a-9c25-4a6a-ab31-cae9aa4f92ab,,,,,,69188,790,1280056,19.50732421875,-99.19715118408203,191.0,0.0,0.0,,,,1785220145,2026-07-28 00:29:05-06:00,,,,,,,,,,,,,,
metrobus,metrobus_vehicle_positions_enriched,2026-07-28T06:39:05Z,2026-07-28,20260728T063902Z,d94534ce-3531-4083-96e7-9828963c2313,,,,,,69189,791,1280057,19.506685256958008,-99.19577026367188,851.0,0.0,0.0,,,,1785202255,2026-07-27 19:30:55-06:00,,,,,,,,,,,,,,
metrobus,metrobus_vehicle_positions_enriched,2026-07-28T06:39:05Z,2026-07-28,20260728T063902Z,b56ca4dc-e7ff-441f-8174-571ef9e7fe29,,,,,,69190,792,1280058,19.50692367553711,-99.1958236694336,0.0,0.0,0.0,,,,1785220734,2026-07-28 00:38:54-06:00,,,,,,,,,,,,,,
metrobus,metrobus_vehicle_positions_enriched,2026-07-28T06:39:05Z,2026-07-28,20260728T063902Z,46cb9e3e-bb5c-4bc3-81dd-31a123ed5cd3,,,,,,69253,551,1260179,19.421985626220703,-99.0914306640625,206.0,0.0,0.0,,,,1785220736,2026-07-28 00:38:56-06:00,,,,,,,,,,,,,,
metrobus,metrobus_vehicle_positions_enriched,2026-07-28T06:39:05Z,2026-07-28,20260728T063902Z,1497fd9f-89b5-4124-b38e-d2d6c9b8fabf,,19471,1.0,03:55:27,20260728,69192,794,1280060,19.507343292236328,-99.19718933105469,195.0,0.0,0.0,,,,1785212961,2026-07-27 22:29:21-06:00,,,6,L06g01-2 el rosario - villa de aragón,,3,E44599,FFFFFF,,,,,,
metrobus,metrobus_vehicle_positions_enriched,2026-07-28T06:39:05Z,2026-07-28,20260728T063902Z,dbc37392-6fa6-45dc-9644-910ddf8601a1,,19471,1.0,05:40:10,20260728,69193,795,1280061,19.5073184967041,-99.19705200195312,196.0,0.0,0.0,,,,1785218898,2026-07-28 00:08:18-06:00,,,6,L06g01-2 el rosario - villa de aragón,,3,E44599,FFFFFF,,,,,,
metrobus,metrobus_vehicle_positions_enriched,2026-07-28T06:39:05Z,2026-07-28,20260728T063902Z,0723bbbc-2e68-4d9f-930c-0aa20df1978e,,19470,0.0,04:37:19,20260728,69194,796,1280062,19.507049560546875,-99.19697570800781,286.0,0.0,0.0,,,,1785218379,2026-07-27 23:59:39-06:00,,,6,L06g01-1 villa de aragón - el rosario,,3,E44599,FFFFFF,,,,,,
metrobus,metrobus_vehicle_positions_enriched,2026-07-28T06:39:05Z,2026-07-28,20260728T063902Z,91278b73-1f9d-4b33-9055-75a14f9e44c8,,,,,,69256,554,1260182,19.417816162109375,-99.09188842773438,301.0,0.0,0.0,,,,1785220736,2026-07-28 00:38:56-06:00,,,,,,,,,,,,,,
metrobus,metrobus_vehicle_positions_enriched,2026-07-28T06:39:05Z,2026-07-28,20260728T063902Z,36576dd4-2b86-4d5c-87f9-5da7a79aa15f,,,,,,69195,797,1280063,19.507001876831055,-99.19693756103516,0.0,0.0,0.0,,,,1785220728,2026-07-28 00:38:48-06:00,,,,,,,,,,,,,,
metrobus,metrobus_vehicle_positions_enriched,2026-07-28T06:39:05Z,2026-07-28,20260728T063902Z,ab3f201a-a265-48de-a78b-b6b709a19044,,,,,,69258,556,1260184,19.421730041503906,-99.09152221679688,211.0,0.0,0.0,,,,1785220734,2026-07-28 00:38:54-06:00,,,,,,,,,,,,,,
metrobus,metrobus_vehicle_positions_enriched,2026-07-28T06:39:05Z,2026-07-28,20260728T063902Z,cce9cbff-0890-4d20-be92-3f4e8cdabb95,,,,,,69312,314,TienepermisodeSEMOVI,19.390050888061523,-99.0588607788086,0.0,0.0,0.0,,,,1785220735,2026-07-28 00:38:55-06:00,,,,,,,,,,,,,,
metrobus,metrobus_vehicle_positions_enriched,2026-07-28T06:39:05Z,2026-07-28,20260728T063902Z,c5cf85c7-954b-4573-a2b5-4e751fb4aa0d,,19471,1.0,06:22:37,20260728,69196,798,1280064,19.506999969482422,-99.1972427368164,932.0,0.0,0.0,,,,1785220737,2026-07-28 00:38:57-06:00,,,6,L06g01-2 el rosario - villa de aragón,,3,E44599,FFFFFF,,,,,,
metrobus,metrobus_vehicle_positions_enriched,2026-07-28T06:39:05Z,2026-07-28,20260728T063902Z,1cbc4d3b-b4be-4ff0-bfce-4ef8715fecca,,,,,,69197,799,1320054,19.506961822509766,-99.19715881347656,289.0,0.0,0.0,,,,1785220739,2026-07-28 00:38:59-06:00,,,,,,,,,,,,,,
metrobus,metrobus_vehicle_positions_enriched,2026-07-28T06:39:05Z,2026-07-28,20260728T063902Z,65b307c7-5d2d-49f6-9aa8-5183850182e7,,,,,,69259,557,1260185,19.419437408447266,-99.09297180175781,0.0,0.0,0.0,,,,1785220738,2026-07-28 00:38:58-06:00,,,,,,,,,,,,,,
metrobus,metrobus_vehicle_positions_enriched,2026-07-28T06:39:05Z,2026-07-28,20260728T063902Z,8570c1e0-6063-4496-acec-2c2d136b0391,,,,,,69260,558,1260186,19.419824600219727,-99.09264373779297,0.0,0.0,0.0,,,,1785220741,2026-07-28 00:39:01-06:00,,,,,,,,,,,,,,
metrobus,metrobus_vehicle_positions_enriched,2026-07-28T06:39:05Z,2026-07-28,20260728T063902Z,622bf739-85ca-499d-8d47-15f9e719418c,,,,,,69261,559,1260187,19.421239852905273,-99.0918960571289,0.0,0.0,0.0,,,,1785220740,2026-07-28 00:39:00-06:00,,,,,,,,,,,,,,
metrobus,metrobus_vehicle_positions_enriched,2026-07-28T06:39:05Z,2026-07-28,20260728T063902Z,09c142a3-302f-473b-b2cb-346b6719f210,,,,,,69262,560,1260188,19.423444747924805,-99.09149169921875,0.0,0.0,0.0,,,,1785190465,2026-07-27 16:14:25-06:00,,,,,,,,,,,,,,
metrobus,metrobus_vehicle_positions_enriched,2026-07-28T06:39:05Z,2026-07-28,20260728T063902Z,6f6ac6e5-c9e2-4e99-9e4d-70204d2c5998,,,,,,69263,561,1260189,19.422258377075195,-99.0910873413086,273.0,0.0,0.0,,,,1785216594,2026-07-27 23:29:54-06:00,,,,,,,,,,,,,,
metrobus,metrobus_vehicle_positions_enriched,2026-07-28T06:39:05Z,2026-07-28,20260728T063902Z,1a0a5e67-10ad-4684-8f6d-c2490bcb9c5e,,,,,,69264,562,1260190,19.42215347290039,-99.09121704101562,211.0,0.0,0.0,,,,1785220732,2026-07-28 00:38:52-06:00,,,,,,,,,,,,,,
metrobus,metrobus_vehicle_positions_enriched,2026-07-28T06:39:05Z,2026-07-28,20260728T063902Z,a89a84b7-649e-474d-8d20-3c1db1353c4c,,,,,,69316,320,TienepermisodeSEMOVI,19.38995361328125,-99.05874633789062,0.0,0.0,0.0,,,,1785220279,2026-07-28 00:31:19-06:00,,,,,,,,,,,,,,
metrobus,metrobus_vehicle_positions_enriched,2026-07-28T06:39:05Z,2026-07-28,20260728T063902Z,6689d446-fe92-454d-80f0-751104c7eddf,,,,,,69265,563,1260191,19.42253875732422,-99.09247589111328,356.0,0.0,0.0,,,,1785220736,2026-07-28 00:38:56-06:00,,,,,,,,,,,,,,
metrobus,metrobus_vehicle_positions_enriched,2026-07-28T06:39:05Z,2026-07-28,20260728T063902Z,01486fc3-d69f-4b0f-9269-8c123b691fc0,,,,,,69266,564,1260192,19.419973373413086,-99.0926742553711,0.0,0.0,0.0,,,,1785218818,2026-07-28 00:06:58-06:00,,,,,,,,,,,,,,
metrobus,metrobus_vehicle_positions_enriched,2026-07-28T06:39:05Z,2026-07-28,20260728T063902Z,3bfe4e09-3185-42bf-b78b-ca92fce3a4af,,,,,,69267,565,1260193,19.4198055267334,-99.09294891357422,215.0,0.0,0.0,,,,1785212900,2026-07-27 22:28:20-06:00,,,,,,,,,,,,,,
metrobus,metrobus_vehicle_positions_enriched,2026-07-28T06:39:05Z,2026-07-28,20260728T063902Z,c000b00d-8fe1-41c6-b251-c0bd04389ea0,,,,,,69268,566,1260194,19.42264747619629,-99.09241485595703,200.0,0.0,0.0,,,,1785220728,2026-07-28 00:38:48-06:00,,,,,,,,,,,,,,
metrobus,metrobus_vehicle_positions_enriched,2026-07-28T06:39:05Z,2026-07-28,20260728T063902Z,036a42c3-e166-4705-9118-b0feef662106,,,,,,69269,567,1260195,19.42000961303711,-99.09278106689453,0.0,0.0,0.0,,,,1785218828,2026-07-28 00:07:08-06:00,,,,,,,,,,,,,,
metrobus,metrobus_vehicle_positions_enriched,2026-07-28T06:39:05Z,2026-07-28,20260728T063902Z,8d5b4bd1-d94e-4d73-970c-838ec06068db,,,,,,69270,568,1260196,19.4217472076416,-99.09154510498047,201.0,0.0,0.0,,,,1785220739,2026-07-28 00:38:59-06:00,,,,,,,,,,,,,,
metrobus,metrobus_vehicle_positions_enriched,2026-07-28T06:39:05Z,2026-07-28,20260728T063902Z,720bc09a-2719-4e52-bde8-75502c12f18e,,,,,,69271,569,1260197,19.422420501708984,-99.0925064086914,192.0,0.0,0.0,,,,1785220728,2026-07-28 00:38:48-06:00,,,,,,,,,,,,,,
metrobus,metrobus_vehicle_positions_enriched,2026-07-28T06:39:05Z,2026-07-28,20260728T063902Z,753acee3-7255-49ba-a6ee-b9737dbc5389,,,,,,74821,9704,,19.47924041748047,-99.0645523071289,88.0,0.0,0.0,,,,1785218218,2026-07-27 23:56:58-06:00,,,,,,,,,,,,,,
metrobus,metrobus_vehicle_positions_enriched,2026-07-28T06:39:05Z,2026-07-28,20260728T063902Z,5d55d79d-a870-4e71-a153-44731f66bf0f,,,,,,74820,9702,,19.47937774658203,-99.0644760131836,194.0,0.0,0.0,,,,1785219062,2026-07-28 00:11:02-06:00,,,,,,,,,,,,,,
metrobus,metrobus_vehicle_positions_enriched,2026-07-28T06:39:05Z,2026-07-28,20260728T063902Z,f794db15-933b-4a81-b329-2301551a8a95,,,,,,74830,9703,,19.479257583618164,-99.06449890136719,901.0,0.0,0.0,,,,1785218868,2026-07-28 00:07:48-06:00,,,,,,,,,,,,,,
metrobus,metrobus_vehicle_positions_enriched,2026-07-28T06:39:05Z,2026-07-28,20260728T063902Z,4c8e8b3d-4b15-40c0-9e8a-8711fb5c10ca,,,,,,69274,572,002A981,19.422544479370117,-99.09195709228516,205.0,0.0,0.0,,,,1785220303,2026-07-28 00:31:43-06:00,,,,,,,,,,,,,,
metrobus,metrobus_vehicle_positions_enriched,2026-07-28T06:39:05Z,2026-07-28,20260728T063902Z,8c1b1944-19c7-41b1-a04c-15658c6af88d,,,,,,69275,573,002A982,19.42032241821289,-99.09239959716797,319.0,0.0,0.0,,,,1785220738,2026-07-28 00:38:58-06:00,,,,,,,,,,,,,,
metrobus,metrobus_vehicle_positions_enriched,2026-07-28T06:39:05Z,2026-07-28,20260728T063902Z,86eb7be2-45b0-4bbe-b653-878b43b89406,,,,,,69277,575,002A983,19.422836303710938,-99.09175109863281,210.0,0.0,0.0,,,,1785215106,2026-07-27 23:05:06-06:00,,,,,,,,,,,,,,
metrobus,metrobus_vehicle_positions_enriched,2026-07-28T06:39:05Z,2026-07-28,20260728T063902Z,ce1b9a06-756f-4e08-b35c-ee33ad04dfce,,,,,,69278,576,002A984,19.42261505126953,-99.09224700927734,387.0,0.0,0.0,,,,1785220731,2026-07-28 00:38:51-06:00,,,,,,,,,,,,,,
metrobus,metrobus_vehicle_positions_enriched,2026-07-28T06:39:05Z,2026-07-28,20260728T063902Z,05d0f563-e522-4fa1-9d0d-2f0f10bc3003,,,,,,69279,577,002A985,19.423128128051758,-99.09163665771484,0.0,0.0,0.0,,,,1785220040,2026-07-28 00:27:20-06:00,,,,,,,,,,,,,,
metrobus,metrobus_vehicle_positions_enriched,2026-07-28T06:39:05Z,2026-07-28,20260728T063902Z,06b56122-9ad9-4ebf-b840-f8edcfcb0c8f,,,,,,69280,578,002A986,19.42295265197754,-99.09175109863281,211.0,0.0,0.0,,,,1785220736,2026-07-28 00:38:56-06:00,,,,,,,,,,,,,,
metrobus,metrobus_vehicle_positions_enriched,2026-07-28T06:39:05Z,2026-07-28,20260728T063902Z,c3150273-816b-419d-982c-26877cfbcc57,,,,,,70089,338,1250003,19.386560440063477,-99.05986022949219,353.0,0.0,0.0,,,,1785211186,2026-07-27 21:59:46-06:00,,,,,,,,,,,,,,
metrobus,metrobus_vehicle_positions_enriched,2026-07-28T06:39:05Z,2026-07-28,20260728T063902Z,2d9e2729-4583-4b99-b1a8-d1400428eb00,,19563,0.0,06:02:37,20260728,70090,339,1250004,19.387325286865234,-99.05970001220703,101.0,0.0,0.0,,,,1785220727,2026-07-28 00:38:47-06:00,,,2,L02c01-1 tepalcates - tacubaya,,3,8D1A96,FFFFFF,,,,,,
metrobus,metrobus_vehicle_positions_enriched,2026-07-28T06:39:05Z,2026-07-28,20260728T063902Z,789a4f5a-13e8-491a-9102-509e1375de0e,,,,,,69282,580,TienepermisodeSEMOVI,19.420427322387695,-99.0923080444336,335.0,0.0,0.0,,,,1785220742,2026-07-28 00:39:02-06:00,,,,,,,,,,,,,,
metrobus,metrobus_vehicle_positions_enriched,2026-07-28T06:39:05Z,2026-07-28,20260728T063902Z,a44aceb3-707b-4c9d-bdff-e867485b75dd,,,,,,69283,581,002A989,19.416942596435547,-99.09038543701172,303.0,0.0,0.0,,,,1785220743,2026-07-28 00:39:03-06:00,,,,,,,,,,,,,,
metrobus,metrobus_vehicle_positions_enriched,2026-07-28T06:39:05Z,2026-07-28,20260728T063902Z,53c59698-31b7-4aa5-8aec-9466ea732640,,,,,,70091,340,1250005,19.386943817138672,-99.05992126464844,0.0,0.0,0.0,,,,1785220180,2026-07-28 00:29:40-06:00,,,,,,,,,,,,,,
metrobus,metrobus_vehicle_positions_enriched,2026-07-28T06:39:05Z,2026-07-28,20260728T063902Z,8e567eac-a21c-479d-af0d-6fe660a1799c,,,,,,69284,582,002A990,19.420583724975586,-99.09220123291016,314.0,0.0,0.0,,,,1785220734,2026-07-28 00:38:54-06:00,,,,,,,,,,,,,,
metrobus,metrobus_vehicle_positions_enriched,2026-07-28T06:39:05Z,2026-07-28,20260728T063902Z,caaadc5a-35f6-424e-853e-16836f7f207d,,,,,,69285,583,002A991,19.42336082458496,-99.0917739868164,0.0,0.0,0.0,,,,1785220732,2026-07-28 00:38:52-06:00,,,,,,,,,,,,,,
metrobus,metrobus_vehicle_positions_enriched,2026-07-28T06:39:05Z,2026-07-28,20260728T063902Z,cb4fbf5c-139d-42a5-81bd-0015c757cf29,,,,,,70093,342,TienepermisodeSEMOVI,19.386966705322266,-99.05988311767578,311.0,0.0,0.0,,,,1785217875,2026-07-27 23:51:15-06:00,,,,,,,,,,,,,,
metrobus,metrobus_vehicle_positions_enriched,2026-07-28T06:39:05Z,2026-07-28,20260728T063902Z,a08b778f-6cab-4c8b-9bfe-6be06d1eb660,,,,,,69286,584,002A992,19.423072814941406,-99.09159851074219,0.0,0.0,0.0,,,,1785212556,2026-07-27 22:22:36-06:00,,,,,,,,,,,,,,
metrobus,metrobus_vehicle_positions_enriched,2026-07-28T06:39:05Z,2026-07-28,20260728T063902Z,e1c5017c-8833-45e5-ad75-02cb41422d50,,,,,,69287,585,002A993,19.4227352142334,-99.09186553955078,198.0,0.0,0.0,,,,1785220733,2026-07-28 00:38:53-06:00,,,,,,,,,,,,,,
metrobus,metrobus_vehicle_positions_enriched,2026-07-28T06:39:05Z,2026-07-28,20260728T063902Z,650d5dbc-a2e6-4f85-a9bc-77e168e500f8,,,,,,70095,344,TienepermisodeSEMOVI,19.38676643371582,-99.05992889404297,128.0,0.0,0.0,,,,1785205099,2026-07-27 20:18:19-06:00,,,,,,,,,,,,,,
metrobus,metrobus_vehicle_positions_enriched,2026-07-28T06:39:05Z,2026-07-28,20260728T063902Z,35edda46-155f-4351-b9bc-fb67e21944f7,,,,,,69288,586,002A994,19.422515869140625,-99.09202575683594,215.0,0.0,0.0,,,,1785220736,2026-07-28 00:38:56-06:00,,,,,,,,,,,,,,
metrobus,metrobus_vehicle_positions_enriched,2026-07-28T06:39:05Z,2026-07-28,20260728T063902Z,21561294-e816-459e-8eac-6636e7831d93,,,,,,70096,345,TienepermisodeSEMOVI,19.386598587036133,-99.06002807617188,0.0,0.0,0.0,,,,1785220731,2026-07-28 00:38:51-06:00,,,,,,,,,,,,,,
metrobus,metrobus_vehicle_positions_enriched,2026-07-28T06:39:05Z,2026-07-28,20260728T063902Z,819ec0a9-245c-46f8-90ad-6317cf957746,,,,,,69289,587,002A995,19.42259407043457,-99.09197235107422,214.0,0.0,0.0,,,,1785220738,2026-07-28 00:38:58-06:00,,,,,,,,,,,,,,
metrobus,metrobus_vehicle_positions_enriched,2026-07-28T06:39:05Z,2026-07-28,20260728T063902Z,a5a6c546-2fea-4f38-ba24-909d120d893a,,,,,,69290,588,002A996,19.42266845703125,-99.09188079833984,212.0,0.0,0.0,,,,1785220744,2026-07-28 00:39:04-06:00,,,,,,,,,,,,,,
metrobus,metrobus_vehicle_positions_enriched,2026-07-28T06:39:05Z,2026-07-28,20260728T063902Z,7e4f39e1-6904-4b4f-81a1-24cb8bcf25a5,,,,,,69291,589,002A997,19.419570922851562,-99.09284973144531,336.0,0.0,0.0,,,,1785220727,2026-07-28 00:38:47-06:00,,,,,,,,,,,,,,
metrobus,metrobus_vehicle_positions_enriched,2026-07-28T06:39:05Z,2026-07-28,20260728T063902Z,2665bfd1-3451-4da0-b7fd-e4e096cdf71d,,,,,,70100,349,TienepermisodeSEMOVI,19.38675880432129,-99.05998992919922,0.0,0.0,0.0,,,,1785220738,2026-07-28 00:38:58-06:00,,,,,,,,,,,,,,
metrobus,metrobus_vehicle_positions_enriched,2026-07-28T06:39:05Z,2026-07-28,20260728T063902Z,970959d9-1be5-473a-9524-69eba7632bd8,,,,,,69294,592,002A998,19.422943115234375,-99.09171295166016,0.0,0.0,0.0,,,,1785218230,2026-07-27 23:57:10-06:00,,,,,,,,,,,,,,
metrobus,metrobus_vehicle_positions_enriched,2026-07-28T06:39:05Z,2026-07-28,20260728T063902Z,50d64f88-6b2b-4eed-8921-0ef640e9a226,,19566,0.0,06:17:16,20260728,70101,350,1250015,19.38673973083496,-99.06021881103516,970.0,0.0,0.0,,,,1785220732,2026-07-28 00:38:52-06:00,,,2,L02c03-1 tepalcates - col. del valle,,3,8D1A96,FFFFFF,,,,,,
metrobus,metrobus_vehicle_positions_enriched,2026-07-28T06:39:05Z,2026-07-28,20260728T063902Z,fcea61aa-19f0-4728-90d8-76333ae4d19b,,,,,,69298,597,002A999,19.423152923583984,-99.0923843383789,279.0,0.0,0.0,,,,1785219687,2026-07-28 00:21:27-06:00,,,,,,,,,,,,,,
metrobus,metrobus_vehicle_positions_enriched,2026-07-28T06:39:05Z,2026-07-28,20260728T063902Z,77cdb502-fde8-4a12-9c67-4051034edcd6,,,,,,69299,598,003A001,19.418212890625,-99.09262084960938,300.0,0.0,0.0,,,,1785220737,2026-07-28 00:38:57-06:00,,,,,,,,,,,,,,
metrobus,metrobus_vehicle_positions_enriched,2026-07-28T06:39:05Z,2026-07-28,20260728T063902Z,e7f507c4-e419-4d49-8f53-0eb7da946b81,,,,,,75093,9756,,19.506961822509766,-99.19586944580078,319.0,0.0,0.0,,,,1784233487,2026-07-16 14:24:47-06:00,,,,,,,,,,,,,,
metrobus,metrobus_vehicle_positions_enriched,2026-07-28T06:39:05Z,2026-07-28,20260728T063902Z,eb81692e-32bd-4088-bc10-8899722c2fd3,,20295,0.0,05:03:16,20260728,69439,120,1230033,19.500064849853516,-99.11943054199219,960.0,0.0,0.0,,,,1785220737,2026-07-28 00:38:57-06:00,,,1,L31a31-1 indios verdes - pueblo sta cruz atoyac,,3,42A76B,FFFFFF,,,,,,
metrobus,metrobus_vehicle_positions_enriched,2026-07-28T06:39:05Z,2026-07-28,20260728T063902Z,74e2881b-3a3a-4089-91e2-166fd119fd79,,,,,,69440,121,1230034,19.500017166137695,-99.11929321289062,0.0,0.0,0.0,,,,1785112670,2026-07-26 18:37:50-06:00,,,,,,,,,,,,,,
metrobus,metrobus_vehicle_positions_enriched,2026-07-28T06:39:05Z,2026-07-28,20260728T063902Z,5a1d8d40-73c6-4804-a564-15b6041d521f,,,,,,69687,364,ConPermisovencido,19.38924217224121,-99.05927276611328,134.0,0.0,0.0,,,,1785172531,2026-07-27 11:15:31-06:00,,,,,,,,,,,,,,
metrobus,metrobus_vehicle_positions_enriched,2026-07-28T06:39:05Z,2026-07-28,20260728T063902Z,e71625cc-0c31-4393-8438-8d13a74dbca6,,,,,,69442,123,1230036,19.500242233276367,-99.11966705322266,0.0,0.0,0.0,,,,1785144077,2026-07-27 03:21:17-06:00,,,,,,,,,,,,,,
metrobus,metrobus_vehicle_positions_enriched,2026-07-28T06:39:05Z,2026-07-28,20260728T063902Z,bf798ae3-c687-4cfb-978e-d37c810eba78,,,,,,69688,366,1250117,19.389057159423828,-99.05931854248047,0.0,0.0,0.0,,,,1785217110,2026-07-27 23:38:30-06:00,,,,,,,,,,,,,,
metrobus,metrobus_vehicle_positions_enriched,2026-07-28T06:39:05Z,2026-07-28,20260728T063902Z,3a6180bc-f5cb-43b7-9cb8-784597f14eb7,,,,,,70324,367,,19.389074325561523,-99.05936431884766,328.0,0.0,0.0,,,,1785213512,2026-07-27 22:38:32-06:00,,,,,,,,,,,,,,
metrobus,metrobus_vehicle_positions_enriched,2026-07-28T06:39:05Z,2026-07-28,20260728T063902Z,5750eda8-4cea-45b3-a0ba-8d992c40f3a5,,,,,,74672,9521,,19.42312240600586,-99.09385681152344,308.0,0.0,0.0,,,,1785215841,2026-07-27 23:17:21-06:00,,,,,,,,,,,,,,
metrobus,metrobus_vehicle_positions_enriched,2026-07-28T06:39:05Z,2026-07-28,20260728T063902Z,272f35b4-d1f8-407e-a7e9-6b6d4f8b1469,,,,,,74993,9525,,19.389358520507812,-99.05763244628906,202.0,0.0,0.0,,,,1785215052,2026-07-27 23:04:12-06:00,,,,,,,,,,,,,,
metrobus,metrobus_vehicle_positions_enriched,2026-07-28T06:39:05Z,2026-07-28,20260728T063902Z,cc2498f6-d3b4-458e-b232-1e830106a511,,,,,,74671,9522,,19.42258644104004,-99.09273529052734,304.0,0.0,0.0,,,,1785219695,2026-07-28 00:21:35-06:00,,,,,,,,,,,,,,
metrobus,metrobus_vehicle_positions_enriched,2026-07-28T06:39:05Z,2026-07-28,20260728T063902Z,4151b0ba-56f6-4856-9a57-973ae26faf6a,,,,,,74805,9523,,19.47926139831543,-99.0643539428711,105.0,0.0,0.0,,,,1785217982,2026-07-27 23:53:02-06:00,,,,,,,,,,,,,,
metrobus,metrobus_vehicle_positions_enriched,2026-07-28T06:39:05Z,2026-07-28,20260728T063902Z,a83ea2b1-6e17-47e0-b4f7-a42186c39b04,,,,,,69690,372,1250123,19.389150619506836,-99.05823516845703,0.0,0.0,0.0,,,,1785220104,2026-07-28 00:28:24-06:00,,,,,,,,,,,,,,
metrobus,metrobus_vehicle_positions_enriched,2026-07-28T06:39:05Z,2026-07-28,20260728T063902Z,2b93f0c4-98d5-45d4-8935-7ecc328d6075,,,,,,69691,373,1250124,19.388784408569336,-99.05939483642578,341.0,0.0,0.0,,,,1785219727,2026-07-28 00:22:07-06:00,,,,,,,,,,,,,,
metrobus,metrobus_vehicle_positions_enriched,2026-07-28T06:39:05Z,2026-07-28,20260728T063902Z,8f932332-855f-4e80-bac5-a1d3cb62043b,,,,,,73164,139,12300139,19.50005531311035,-99.11917114257812,0.0,0.0,0.0,,,,1785144051,2026-07-27 03:20:51-06:00,,,,,,,,,,,,,,
metrobus,metrobus_vehicle_positions_enriched,2026-07-28T06:39:05Z,2026-07-28,20260728T063902Z,d7611b8e-d7b9-4547-9ace-13a5faf9ca15,,,,,,75094,9759,,19.506881713867188,-99.19590759277344,282.0,0.0,0.0,,,,1785040078,2026-07-25 22:27:58-06:00,,,,,,,,,,,,,,
metrobus,metrobus_vehicle_positions_enriched,2026-07-28T06:39:05Z,2026-07-28,20260728T063902Z,b14c86ff-9b35-41bd-a347-578551e41cc6,,,,,,72536,9515,,19.386079788208008,-99.05992126464844,208.0,0.0,0.0,,,,1785191034,2026-07-27 16:23:54-06:00,,,,,,,,,,,,,,
metrobus,metrobus_vehicle_positions_enriched,2026-07-28T06:39:05Z,2026-07-28,20260728T063902Z,745d320a-8fb0-4539-afcf-8ebb8d3cc74e,,,,,,75125,9757,,19.506921768188477,-99.19576263427734,0.0,0.0,0.0,,,,1784876747,2026-07-24 01:05:47-06:00,,,,,,,,,,,,,,
metrobus,metrobus_vehicle_positions_enriched,2026-07-28T06:39:05Z,2026-07-28,20260728T063902Z,f52fd564-3b21-4dcb-9880-0b7741af9c53,,,,,,75096,9758,,19.50687026977539,-99.19587707519531,343.0,0.0,0.0,,,,1784234649,2026-07-16 14:44:09-06:00,,,,,,,,,,,,,,
metrobus,metrobus_vehicle_positions_enriched,2026-07-28T06:39:05Z,2026-07-28,20260728T063902Z,9867fd98-aa30-4dc6-94b0-d402aa238893,,,,,,74699,9519,,19.479337692260742,-99.06436157226562,134.0,0.0,0.0,,,,1785214876,2026-07-27 23:01:16-06:00,,,,,,,,,,,,,,
metrobus,metrobus_vehicle_positions_enriched,2026-07-28T06:39:05Z,2026-07-28,20260728T063902Z,716d55db-d6f1-482a-bc65-adade28b25cc,,,,,,69451,143,1230056,19.500051498413086,-99.11957550048828,349.0,0.0,0.0,,,,1785203635,2026-07-27 19:53:55-06:00,,,,,,,,,,,,,,
metrobus,metrobus_vehicle_positions_enriched,2026-07-28T06:39:05Z,2026-07-28,20260728T063902Z,1d32d01c-c741-4030-a185-aae81f07b928,,,,,,69452,144,1230057,19.49988555908203,-99.11917114257812,0.0,0.0,0.0,,,,1785037965,2026-07-25 21:52:45-06:00,,,,,,,,,,,,,,
metrobus,metrobus_vehicle_positions_enriched,2026-07-28T06:39:05Z,2026-07-28,20260728T063902Z,47b02723-620e-486a-9228-d231ec702547,,,,,,69454,146,1230005,19.499757766723633,-99.11925506591797,0.0,0.0,0.0,,,,1785091705,2026-07-26 12:48:25-06:00,,,,,,,,,,,,,,
metrobus,metrobus_vehicle_positions_enriched,2026-07-28T06:39:05Z,2026-07-28,20260728T063902Z,22de5334-b180-47cd-8c67-850cd6bcf603,,,,,,75062,9529,,19.650882720947266,-99.13174438476562,277.0,0.0,0.0,,,,1784921512,2026-07-24 13:31:52-06:00,,,,,,,,,,,,,,
metrobus,metrobus_vehicle_positions_enriched,2026-07-28T06:39:05Z,2026-07-28,20260728T063902Z,2bd08b54-35e8-4b4d-8638-5ad8d83069d6,,,,,,75057,9527,,19.42325210571289,-99.09410095214844,292.0,0.0,0.0,,,,1785220733,2026-07-28 00:38:53-06:00,,,,,,,,,,,,,,
metrobus,metrobus_vehicle_positions_enriched,2026-07-28T06:39:05Z,2026-07-28,20260728T063902Z,5fb35d83-d2fc-4a76-b1ce-272e88a57b08,,,,,,74680,9542,,19.40286636352539,-99.0616455078125,338.0,0.0,0.0,,,,1785213042,2026-07-27 22:30:42-06:00,,,,,,,,,,,,,,
metrobus,metrobus_vehicle_positions_enriched,2026-07-28T06:39:05Z,2026-07-28,20260728T063902Z,54966259-4ce5-420a-a839-c69400a27096,,,,,,74681,9543,,19.40288734436035,-99.06163024902344,344.0,0.0,0.0,,,,1785220054,2026-07-28 00:27:34-06:00,,,,,,,,,,,,,,
metrobus,metrobus_vehicle_positions_enriched,2026-07-28T06:39:05Z,2026-07-28,20260728T063902Z,6d3b994f-13b3-4397-b7fc-88c172c984d5,,,,,,74679,9541,,19.40586280822754,-99.05423736572266,293.0,0.0,0.0,,,,1785220099,2026-07-28 00:28:19-06:00,,,,,,,,,,,,,,
metrobus,metrobus_vehicle_positions_enriched,2026-07-28T06:39:05Z,2026-07-28,20260728T063902Z,1e67f4b8-53b1-4930-8700-5f4a73cdf36b,,19564,0.0,04:57:20,20260728,74915,9304,,19.38939094543457,-99.05770874023438,222.0,0.0,0.0,,,,1785215846,2026-07-27 23:17:26-06:00,,,2,L02c02-1 tepalcates - etiopía l3,,3,8D1A96,FFFFFF,,,,,,
metrobus,metrobus_vehicle_positions_enriched,2026-07-28T06:39:05Z,2026-07-28,20260728T063902Z,eea47b37-d83d-47fb-90f6-bfc32dc7698a,,19564,0.0,04:32:59,20260728,74546,9305,,19.38941764831543,-99.05762481689453,0.0,0.0,0.0,,,,1785216027,2026-07-27 23:20:27-06:00,,,2,L02c02-1 tepalcates - etiopía l3,,3,8D1A96,FFFFFF,,,,,,
metrobus,metrobus_vehicle_positions_enriched,2026-07-28T06:39:05Z,2026-07-28,20260728T063902Z,0afbc213-a249-4004-bfa4-76731e97f63f,,19564,0.0,05:15:59,20260728,74518,9303,,19.389381408691406,-99.05778503417969,208.0,0.0,0.0,,,,1785216844,2026-07-27 23:34:04-06:00,,,2,L02c02-1 tepalcates - etiopía l3,,3,8D1A96,FFFFFF,,,,,,
metrobus,metrobus_vehicle_positions_enriched,2026-07-28T06:39:05Z,2026-07-28,20260728T063902Z,3ab218a0-1268-45ca-9518-13f579283c70,,,,,,69598,392,1250146,19.38901138305664,-99.0595932006836,0.0,0.0,0.0,,,,1780357248,2026-06-01 17:40:48-06:00,,,,,,,,,,,,,,
metrobus,metrobus_vehicle_positions_enriched,2026-07-28T06:39:05Z,2026-07-28,20260728T063902Z,31b95ff8-04d9-44ee-93a4-96a4cc867e4a,,,,,,74141,9781,,19.506685256958008,-99.19609069824219,292.0,0.0,0.0,,,,1785164276,2026-07-27 08:57:56-06:00,,,,,,,,,,,,,,
metrobus,metrobus_vehicle_positions_enriched,2026-07-28T06:39:05Z,2026-07-28,20260728T063902Z,c7349c39-d9e7-4578-9ad3-047907b02e57,,,,,,69599,394,1250147,19.38857650756836,-99.0594711303711,351.0,0.0,0.0,,,,1785157243,2026-07-27 07:00:43-06:00,,,,,,,,,,,,,,
metrobus,metrobus_vehicle_positions_enriched,2026-07-28T06:39:05Z,2026-07-28,20260728T063902Z,54a7f332-18dc-401b-bc21-0ff0c12f4605,,,,,,70122,152,1230165,19.499956130981445,-99.11915588378906,0.0,0.0,0.0,,,,1785081908,2026-07-26 10:05:08-06:00,,,,,,,,,,,,,,
metrobus,metrobus_vehicle_positions_enriched,2026-07-28T06:39:05Z,2026-07-28,20260728T063902Z,2590e29c-d9bb-4b63-98e6-a2ab7f33409f,,,,,,70123,153,1230166,19.500396728515625,-99.119384765625,0.0,0.0,0.0,,,,1785194230,2026-07-27 17:17:10-06:00,,,,,,,,,,,,,,
metrobus,metrobus_vehicle_positions_enriched,2026-07-28T06:39:05Z,2026-07-28,20260728T063902Z,0cdae6f1-8627-4902-ac03-23752326437c,,,,,,69601,398,TienepermisodeSEMOVI,19.38827133178711,-99.05941772460938,0.0,0.0,0.0,,,,1785214807,2026-07-27 23:00:07-06:00,,,,,,,,,,,,,,
metrobus,metrobus_vehicle_positions_enriched,2026-07-28T06:39:05Z,2026-07-28,20260728T063902Z,51100926-0c15-429a-be4e-e15c58eccec9,,,,,,70126,156,1230169,19.500080108642578,-99.11932373046875,0.0,0.0,0.0,,,,1785112859,2026-07-26 18:40:59-06:00,,,,,,,,,,,,,,
metrobus,metrobus_vehicle_positions_enriched,2026-07-28T06:39:05Z,2026-07-28,20260728T063902Z,1b25f3c3-ab5b-46c2-9d34-2a1941e4b3ff,,,,,,69602,399,1250150,19.388256072998047,-99.0594482421875,321.0,0.0,0.0,,,,1785211973,2026-07-27 22:12:53-06:00,,,,,,,,,,,,,,
metrobus,metrobus_vehicle_positions_enriched,2026-07-28T06:39:05Z,2026-07-28,20260728T063902Z,074af261-11c0-4062-8fd1-6d03022b60b1,,19564,0.0,05:03:21,20260728,74547,9306,,19.389408111572266,-99.0577392578125,210.0,0.0,0.0,,,,1785215922,2026-07-27 23:18:42-06:00,,,2,L02c02-1 tepalcates - etiopía l3,,3,8D1A96,FFFFFF,,,,,,
metrobus,metrobus_vehicle_positions_enriched,2026-07-28T06:39:05Z,2026-07-28,20260728T063902Z,fefbb8aa-afc6-4887-b013-2e5701e5367a,,19563,0.0,06:26:17,20260728,74465,9379,,19.388261795043945,-99.0595703125,502.0,0.0,0.0,,,,1785220729,2026-07-28 00:38:49-06:00,,,2,L02c01-1 tepalcates - tacubaya,,3,8D1A96,FFFFFF,,,,,,
metrobus,metrobus_vehicle_positions_enriched,2026-07-28T06:39:05Z,2026-07-28,20260728T063902Z,d75051ff-109f-4fe8-b5b1-c39870648fb7,,19562,1.0,06:00:00,20260728,74191,9382,,19.384262084960938,-99.07601928710938,125.0,2.0,7.2,,,,1785220736,2026-07-28 00:38:56-06:00,,,2,L02c01-2 tacubaya - tepalcates,,3,8D1A96,FFFFFF,,,,,,
metrobus,metrobus_vehicle_positions_enriched,2026-07-28T06:39:05Z,2026-07-28,20260728T063902Z,cb8ee5bc-2e16-4327-b0e8-ce2835451c01,,,,,,69580,2504,TienepermisodeSEMOVI,19.42296028137207,-99.09163665771484,0.0,0.0,0.0,,,,1785220306,2026-07-28 00:31:46-06:00,,,,,,,,,,,,,,
metrobus,metrobus_vehicle_positions_enriched,2026-07-28T06:39:05Z,2026-07-28,20260728T063902Z,9c458664-edeb-4b8b-8c7e-71ea79892ff2,,,,,,69579,2503,TienepermisodeSEMOVI,19.422761917114258,-99.0917739868164,207.0,0.0,0.0,,,,1785220732,2026-07-28 00:38:52-06:00,,,,,,,,,,,,,,
metrobus,metrobus_vehicle_positions_enriched,2026-07-28T06:39:05Z,2026-07-28,20260728T063902Z,cb1646f5-08c0-45d6-a1ba-70716a7463af,,,,,,69578,2502,TienepermisodeSEMOVI,19.430408477783203,-99.0532455444336,0.0,0.0,0.0,,,,1784034716,2026-07-14 07:11:56-06:00,,,,,,,,,,,,,,
metrobus,metrobus_vehicle_positions_enriched,2026-07-28T06:39:05Z,2026-07-28,20260728T063902Z,f90085d0-c900-4af5-982f-3c7d9121cd45,,,,,,69577,2501,TienepermisodeSEMOVI,19.423280715942383,-99.09425354003906,336.0,0.0,0.0,,,,1785217003,2026-07-27 23:36:43-06:00,,,,,,,,,,,,,,
metrobus,metrobus_vehicle_positions_enriched,2026-07-28T06:39:05Z,2026-07-28,20260728T063902Z,53dec5f1-d48d-4bcb-830e-ba56b7ddcf83,,19522,0.0,06:35:08,20260728,69585,2509,TienepermisodeSEMOVI,19.42068862915039,-99.06906127929688,246.0,23.0,82.8,,,,1785220734,2026-07-28 00:38:54-06:00,,,4,L04e05-1 alameda ote - hidalgo,,3,FF9A03,FFFFFF,,,,,,
metrobus,metrobus_vehicle_positions_enriched,2026-07-28T06:39:05Z,2026-07-28,20260728T063902Z,a6807bee-062a-4cd5-8409-3ca819e11dee,,,,,,69584,2508,TienepermisodeSEMOVI,19.423065185546875,-99.09154510498047,0.0,0.0,0.0,,,,1785219821,2026-07-28 00:23:41-06:00,,,,,,,,,,,,,,
metrobus,metrobus_vehicle_positions_enriched,2026-07-28T06:39:05Z,2026-07-28,20260728T063902Z,f0b3f055-dcda-4463-9530-c00f59a43fe9,,,,,,69583,2507,TienepermisodeSEMOVI,19.422725677490234,-99.09175109863281,210.0,0.0,0.0,,,,1785220733,2026-07-28 00:38:53-06:00,,,,,,,,,,,,,,
metrobus,metrobus_vehicle_positions_enriched,2026-07-28T06:39:05Z,2026-07-28,20260728T063902Z,5fef4ddf-fbd7-46e7-81a3-3a79263db36f,,,,,,69582,2506,TienepermisodeSEMOVI,19.423065185546875,-99.09153747558594,0.0,0.0,0.0,,,,1785219705,2026-07-28 00:21:45-06:00,,,,,,,,,,,,,,
metrobus,metrobus_vehicle_positions_enriched,2026-07-28T06:39:05Z,2026-07-28,20260728T063902Z,43dc4488-88e6-421c-80b6-f64d476271b5,,,,,,69581,2505,TienepermisodeSEMOVI,19.422626495361328,-99.09185791015625,223.0,0.0,0.0,,,,1785220737,2026-07-28 00:38:57-06:00,,,,,,,,,,,,,,
metrobus,metrobus_vehicle_positions_enriched,2026-07-28T06:39:05Z,2026-07-28,20260728T063902Z,ac64ad46-cbc2-45b3-9bca-2fd9e978d041,,,,,,69591,2515,TienepermisodeSEMOVI,19.423105239868164,-99.09396362304688,301.0,0.0,0.0,,,,1785214758,2026-07-27 22:59:18-06:00,,,,,,,,,,,,,,
metrobus,metrobus_vehicle_positions_enriched,2026-07-28T06:39:05Z,2026-07-28,20260728T063902Z,ed3baa52-d178-44f1-b025-a1ac4aba4816,,,,,,69590,2514,TienepermisodeSEMOVI,19.422651290893555,-99.09178924560547,249.0,0.0,0.0,,,,1785219973,2026-07-28 00:26:13-06:00,,,,,,,,,,,,,,
metrobus,metrobus_vehicle_positions_enriched,2026-07-28T06:39:05Z,2026-07-28,20260728T063902Z,03bb3871-a921-4272-97ff-51f929c6a21b,,,,,,69589,2513,TienepermisodeSEMOVI,19.423053741455078,-99.09190368652344,314.0,0.0,0.0,,,,1785220567,2026-07-28 00:36:07-06:00,,,,,,,,,,,,,,
metrobus,metrobus_vehicle_positions_enriched,2026-07-28T06:39:05Z,2026-07-28,20260728T063902Z,7c3c60e1-516b-419b-868e-2d176316561d,,,,,,69588,2512,TienepermisodeSEMOVI,19.42264175415039,-99.091796875,271.0,0.0,0.0,,,,1785220478,2026-07-28 00:34:38-06:00,,,,,,,,,,,,,,
metrobus,metrobus_vehicle_positions_enriched,2026-07-28T06:39:05Z,2026-07-28,20260728T063902Z,3b9b28f6-faa9-4a84-8728-b34bfb6e9b5c,,,,,,69587,2511,TienepermisodeSEMOVI,19.423059463500977,-99.09151458740234,0.0,0.0,0.0,,,,1785219864,2026-07-28 00:24:24-06:00,,,,,,,,,,,,,,
metrobus,metrobus_vehicle_positions_enriched,2026-07-28T06:39:05Z,2026-07-28,20260728T063902Z,678b6b53-44cb-4a82-9564-95a808ac9f84,,,,,,69586,2510,TienepermisodeSEMOVI,19.42280387878418,-99.0916976928711,0.0,0.0,0.0,,,,1785220742,2026-07-28 00:39:02-06:00,,,,,,,,,,,,,,
metrobus,metrobus_vehicle_positions_enriched,2026-07-28T06:39:05Z,2026-07-28,20260728T063902Z,6b20af91-cb56-48c5-9229-f8bb9fa86de2,,20016,0.0,04:42:14,20260728,70010,1206,001A191,19.38532257080078,-99.045654296875,119.0,0.0,0.0,,,,1785215377,2026-07-27 23:09:37-06:00,,,1,L01a21-1 tepalcates - col. del valle,,3,D40D0D,FFFFFF,,,,,,
metrobus,metrobus_vehicle_positions_enriched,2026-07-28T06:39:05Z,2026-07-28,20260728T063902Z,0c7ca287-bf6b-4f79-b0b1-bc8ab8b51158,,,,,,70009,1205,001A192,19.38546371459961,-99.04586791992188,117.0,0.0,0.0,,,,1785216971,2026-07-27 23:36:11-06:00,,,,,,,,,,,,,,
metrobus,metrobus_vehicle_positions_enriched,2026-07-28T06:39:05Z,2026-07-28,20260728T063902Z,030cd79e-1adc-46d5-9827-33996ab888e4,,20016,0.0,04:42:20,20260728,70008,1204,001A190,19.385469436645508,-99.04579162597656,120.0,0.0,0.0,,,,1785216095,2026-07-27 23:21:35-06:00,,,1,L01a21-1 tepalcates - col. del valle,,3,D40D0D,FFFFFF,,,,,,
metrobus,metrobus_vehicle_positions_enriched,2026-07-28T06:39:05Z,2026-07-28,20260728T063902Z,472b5d7c-5759-4028-bddd-162f351808c9,,,,,,70007,1203,001A189,19.3853702545166,-99.04562377929688,119.0,0.0,0.0,,,,1785220737,2026-07-28 00:38:57-06:00,,,,,,,,,,,,,,
metrobus,metrobus_vehicle_positions_enriched,2026-07-28T06:39:05Z,2026-07-28,20260728T063902Z,07827170-201d-47d1-bf64-30551856303e,,,,,,70006,1202,001A188,19.38534164428711,-99.04563903808594,0.0,0.0,0.0,,,,1785220359,2026-07-28 00:32:39-06:00,,,,,,,,,,,,,,
metrobus,metrobus_vehicle_positions_enriched,2026-07-28T06:39:05Z,2026-07-28,20260728T063902Z,e517d38d-2b6a-46e0-b2c4-7f2f05404245,,,,,,70013,1209,001A195,19.385398864746094,-99.0456314086914,0.0,0.0,0.0,,,,1785212782,2026-07-27 22:26:22-06:00,,,,,,,,,,,,,,
metrobus,metrobus_vehicle_positions_enriched,2026-07-28T06:39:05Z,2026-07-28,20260728T063902Z,d381e423-c192-4597-aede-6736bd479440,,,,,,70012,1208,001A194,19.386390686035156,-99.0446548461914,290.0,24.0,86.4,,,,1785145429,2026-07-27 03:43:49-06:00,,,,,,,,,,,,,,
metrobus,metrobus_vehicle_positions_enriched,2026-07-28T06:39:05Z,2026-07-28,20260728T063902Z,0d7355a3-0e46-4550-bca5-47ce23c2f2a1,,20016,0.0,05:47:48,20260728,70011,1207,001A193,19.38558578491211,-99.04609680175781,112.0,0.0,0.0,,,,1785220742,2026-07-28 00:39:02-06:00,,,1,L01a21-1 tepalcates - col. del valle,,3,D40D0D,FFFFFF,,,,,,
